Date,Open,High,Low,Close,Volume,Dividends,Stock Splits
2020-06-09 00:00:00+05:30,1582.896088620643,1635.9810184219452,1579.759251859657,1584.874755859375,3671930,0.0,0.0
2020-06-10 00:00:00+05:30,1590.6177791447683,1616.7741523130824,1571.2176708150548,1578.9873046875,2069280,0.0,0.0
2020-06-11 00:00:00+05:30,1578.9870788498051,1588.6871905372388,1551.0451489631487,1554.519775390625,1888420,0.0,0.0
2020-06-12 00:00:00+05:30,1524.9854147091692,1585.7434890090196,1522.5724631036167,1580.3385009765625,2391556,0.0,0.0
2020-06-15 00:00:00+05:30,1572.2792223829676,1593.1754062689802,1546.3158402664392,1561.855224609375,1681166,0.0,0.0
2020-06-16 00:00:00+05:30,1581.9311940278958,1583.13766992328,1551.67280213564,1565.2335205078125,1497691,0.0,0.0
2020-06-17 00:00:00+05:30,1551.575842706318,1566.1500435914943,1535.0229748176444,1539.848876953125,1812788,0.0,0.0
2020-06-18 00:00:00+05:30,1539.8491923505915,1556.0641561550879,1532.0312528537897,1542.1656494140625,1417273,0.0,0.0
2020-06-19 00:00:00+05:30,1542.165700145826,1573.2444701584168,1535.6507307141883,1566.005615234375,2714342,0.0,0.0
2020-06-22 00:00:00+05:30,1576.1399366932278,1615.2297514121965,1567.4533112001236,1594.6231689453125,2034739,0.0,0.0
2020-06-23 00:00:00+05:30,1602.0551790459838,1630.1902203260731,1583.8615462137868,1625.267822265625,2334863,0.0,0.0
2020-06-24 00:00:00+05:30,1625.364072392778,1750.5962507733973,1625.364072392778,1686.4117431640625,11545923,0.0,0.0
2020-06-25 00:00:00+05:30,1679.4141492284637,1686.1704130471987,1624.5436587788565,1630.18994140625,4054785,0.0,0.0
2020-06-26 00:00:00+05:30,1650.4588823331203,1650.7966719906701,1612.5272363304862,1628.0184326171875,2129986,0.0,0.0
2020-06-29 00:00:00+05:30,1628.2598781396337,1648.9629575001663,1615.7608349167342,1633.0374755859375,2753482,0.0,0.0
2020-06-30 00:00:00+05:30,1649.3971644586386,1658.1802844268384,1623.095992892497,1628.6939697265625,1960731,0.0,0.0
2020-07-01 00:00:00+05:30,1638.8767823133423,1638.8767823133423,1621.551836365613,1629.2249755859375,1661296,0.0,0.0
2020-07-02 00:00:00+05:30,1640.806880844113,1644.6676029166874,1602.296154606206,1627.7286376953125,2038399,0.0,0.0
2020-07-03 00:00:00+05:30,1636.3672253559616,1660.1106447341094,1631.1552265120029,1636.6085205078125,1988941,0.0,0.0
2020-07-06 00:00:00+05:30,1649.4453714510298,1652.3892194664738,1633.2304077463361,1649.348876953125,1236670,0.0,0.0
2020-07-07 00:00:00+05:30,1649.4454164574315,1688.969634569615,1646.453380021345,1684.964111328125,2983260,0.0,0.0
2020-07-08 00:00:00+05:30,1689.0660290898352,1700.4552071567991,1621.5516940836026,1627.5357666015625,2725937,0.0,0.0
2020-07-09 00:00:00+05:30,1635.015971467144,1662.0410288467663,1633.1821047238327,1657.4564208984375,1904661,0.0,0.0
2020-07-10 00:00:00+05:30,1648.4801872807197,1651.4240352898214,1636.1741344169293,1644.1851806640625,1156043,0.0,0.0
2020-07-13 00:00:00+05:30,1648.5285269080352,1672.561548317455,1640.8070818171311,1646.2603759765625,1289791,0.0,0.0
2020-07-14 00:00:00+05:30,1646.2603274000487,1658.180284343427,1623.5302769564387,1629.6109619140625,1347120,0.0,0.0
2020-07-15 00:00:00+05:30,1640.8071851374275,1653.933619054545,1605.3851006803657,1613.4443359375,1611341,0.0,0.0
2020-07-16 00:00:00+05:30,1621.3103272912992,1638.0078800347892,1587.818491673976,1634.24365234375,1442725,0.0,0.0
2020-07-17 00:00:00+05:30,1635.981081411212,1681.8271589138863,1630.9138833714428,1658.083740234375,2308792,0.0,0.0
2020-07-20 00:00:00+05:30,1666.8669318585469,1696.1601401312241,1660.351962669175,1690.6103515625,1848600,0.0,0.0
2020-07-21 00:00:00+05:30,1699.6831581411075,1710.0588503330534,1659.1455700423417,1664.2127685546875,2088461,0.0,0.0
2020-07-22 00:00:00+05:30,1664.2128506187632,1675.9398198895851,1632.1205917914042,1636.7052001953125,1300409,0.0,0.0
2020-07-23 00:00:00+05:30,1632.5991854820124,1680.900936531776,1629.7010804190265,1669.1153564453125,2375218,1.5,0.0
2020-07-24 00:00:00+05:30,1665.4445854771661,1668.3426909043308,1624.871109496864,1653.9005126953125,3971563,0.0,0.0
2020-07-27 00:00:00+05:30,1658.8755776996634,1727.2709161812243,1658.8755776996634,1717.7554931640625,6470525,0.0,0.0
2020-07-28 00:00:00+05:30,1718.576545781691,1731.7629492709293,1691.5759102899945,1699.8837890625,2534092,0.0,0.0
2020-07-29 00:00:00+05:30,1709.8820207966028,1719.4457912774237,1671.2406191966797,1681.0458984375,1530981,0.0,0.0
2020-07-30 00:00:00+05:30,1692.4935566045722,1717.6104701158272,1669.4052932920763,1684.1373291015625,2113975,0.0,0.0
2020-07-31 00:00:00+05:30,1694.4256291157371,1710.751646504488,1652.3065207567672,1657.2332763671875,1678643,0.0,0.0
2020-08-03 00:00:00+05:30,1670.274701004677,1676.070911650153,1639.8445951159276,1647.5728759765625,1437425,0.0,0.0
2020-08-04 00:00:00+05:30,1660.6144867790572,1676.071049774092,1650.519466242612,1655.7359619140625,1815396,0.0,0.0
2020-08-05 00:00:00+05:30,1659.648438221243,1682.7849335983544,1654.3352447345044,1658.0062255859375,1416803,0.0,0.0
2020-08-06 00:00:00+05:30,1673.2211814897737,1692.5901149459335,1661.676991018655,1668.8740234375,1914507,0.0,0.0
2020-08-07 00:00:00+05:30,1668.874081349373,1755.1892989754676,1667.0868219709396,1744.9010009765625,5166075,0.0,0.0
2020-08-10 00:00:00+05:30,1748.5236399041135,1762.3379898642017,1716.6444796185688,1721.812744140625,1892614,0.0,0.0
2020-08-11 00:00:00+05:30,1738.8633310491123,1775.3795081708304,1719.5426273707888,1728.768310546875,3039662,0.0,0.0
2020-08-12 00:00:00+05:30,1729.1545613080839,1744.6594725611612,1711.8142776181492,1736.2066650390625,1679096,0.0,0.0
2020-08-13 00:00:00+05:30,1745.0458717992788,1753.353750281888,1727.2708019305874,1741.32666015625,1192375,0.0,0.0
2020-08-14 00:00:00+05:30,1756.9280330714566,1767.844277143722,1734.5160653615044,1741.32666015625,1868376,0.0,0.0
2020-08-17 00:00:00+05:30,1758.1840320834845,1779.9198236889122,1740.6504699369295,1774.3167724609375,1634180,0.0,0.0
2020-08-18 00:00:00+05:30,1768.8104399331787,1820.0103052070501,1768.8104399331787,1810.446533203125,2586298,0.0,0.0
2020-08-19 00:00:00+05:30,1825.806341856181,1837.7852006997614,1808.9490765044932,1821.65234375,1947114,0.0,0.0
2020-08-20 00:00:00+05:30,1804.5053451783826,1816.1461161242908,1793.9756561849063,1811.2193603515625,1538879,0.0,0.0
2020-08-21 00:00:00+05:30,1823.7779033531922,1906.2289852496917,1816.8707279910593,1891.4969482421875,5688228,0.0,0.0
2020-08-24 00:00:00+05:30,1891.4967899891085,1928.2061250348622,1874.1081575990145,1895.505859375,3996329,0.0,0.0
2020-08-25 00:00:00+05:30,1897.5344282858262,1948.3478505087155,1897.2929195129757,1932.6497802734375,3544399,0.0,0.0
2020-08-26 00:00:00+05:30,1932.9881651008845,1940.7647959477165,1889.0819106399997,1904.44189453125,2245810,0.0,0.0
2020-08-27 00:00:00+05:30,1913.6191621779042,1940.7647278678671,1903.1377037829739,1915.164794921875,3116305,0.0,0.0
2020-08-28 00:00:00+05:30,1926.2739445867728,1929.1720498193506,1886.9563641011475,1891.59326171875,1842536,0.0,0.0
2020-08-31 00:00:00+05:30,1909.8515772563162,1916.5172436752866,1817.3537074928909,1834.597412109375,2738522,0.0,0.0
2020-09-01 00:00:00+05:30,1859.6178474032938,1920.4780678637653,1842.9537394200695,1912.0736083984375,3068285,0.0,0.0
2020-09-02 00:00:00+05:30,1910.7691447272757,1929.1721611861924,1859.6176315890937,1877.9239501953125,2569603,0.0,0.0
2020-09-03 00:00:00+05:30,1883.9618012044198,1920.3330500950194,1878.9384653305501,1910.817626953125,1931667,0.0,0.0
2020-09-04 00:00:00+05:30,1891.4969357783546,1925.9843455071791,1884.7346893276658,1889.9029541015625,1930422,0.0,0.0
2020-09-07 00:00:00+05:30,1898.2592632190338,1935.596549156762,1881.9332439352568,1914.7784423828125,2855392,0.0,0.0
2020-09-08 00:00:00+05:30,1919.9948454738087,1933.9540061114683,1885.700597919434,1893.7669677734375,2401034,0.0,0.0
2020-09-09 00:00:00+05:30,1893.7669811352546,1926.177507560358,1891.496822119494,1911.8319091796875,2776804,0.0,0.0
2020-09-10 00:00:00+05:30,1917.6281912985414,1999.4029753755844,1913.7157016293097,1986.69970703125,5081252,0.0,0.0
2020-09-11 00:00:00+05:30,1992.9307394033349,1999.6446372839853,1953.323293782619,1966.7994384765625,2599475,0.0,0.0
2020-09-14 00:00:00+05:30,1980.3720794803237,1984.2362201232122,1936.9004972478288,1962.2105712890625,2142458,0.0,0.0
2020-09-15 00:00:00+05:30,1975.5419100701424,1979.937417235339,1940.8129930994753,1949.0242919921875,1997383,0.0,0.0
2020-09-16 00:00:00+05:30,1958.1534704315438,1958.1534704315438,1926.4192357511317,1943.759521484375,1717740,0.0,0.0
2020-09-17 00:00:00+05:30,1932.0701902338155,1975.5417695140763,1932.0701902338155,1939.7501220703125,2416918,0.0,0.0
2020-09-18 00:00:00+05:30,1957.4772090024592,1974.914073929258,1946.560963871605,1959.505859375,3021436,0.0,0.0
2020-09-21 00:00:00+05:30,1967.2341828248532,1987.1344851486433,1895.650995252909,1905.5528564453125,2518361,0.0,0.0
2020-09-22 00:00:00+05:30,1922.6031207990648,1927.9163141584397,1860.9217996573448,1871.693115234375,1974860,0.0,0.0
2020-09-23 00:00:00+05:30,1874.1080918777952,1922.409846823099,1862.8055283902765,1880.4356689453125,2732912,0.0,0.0
2020-09-24 00:00:00+05:30,1875.6053202846263,1878.9380938984698,1842.9532897865324,1853.1932373046875,1906183,0.0,0.0
2020-09-25 00:00:00+05:30,1859.8590548584218,1888.5985987524814,1843.1949495753117,1860.1971435546875,1939316,0.0,0.0
2020-09-28 00:00:00+05:30,1872.176100858589,1891.4968036538273,1864.4478197404937,1879.5179443359375,1137313,0.0,0.0
2020-09-29 00:00:00+05:30,1893.428842089922,1922.3615468695205,1887.6326313488305,1893.3804931640625,1965383,0.0,0.0
2020-09-30 00:00:00+05:30,1899.321690206368,1935.9344460798463,1891.6417579118142,1918.9322509765625,2518982,0.0,0.0
2020-10-01 00:00:00+05:30,1938.8326539783814,1979.7443391976692,1924.3904748516181,1971.146484375,2014003,0.0,0.0
2020-10-05 00:00:00+05:30,1971.1464758308155,1973.3200550298895,1942.6967863726193,1959.119384765625,1554873,0.0,0.0
2020-10-06 00:00:00+05:30,1980.371902684846,2026.644888413095,1975.6383072350513,2019.0133056640625,3152378,0.0,0.0
2020-10-07 00:00:00+05:30,2009.3529078830165,2046.8351150651301,2003.508348649542,2033.5037841796875,2429595,0.0,0.0
2020-10-08 00:00:00+05:30,2033.020980034155,2036.3537541432142,2001.6731864805765,2017.709228515625,1427493,0.0,0.0
2020-10-09 00:00:00+05:30,2022.8778629016992,2037.2716941388383,1975.6870633715744,1980.9520263671875,1636939,0.0,0.0
2020-10-12 00:00:00+05:30,1997.6641281129826,2015.5841285330655,1971.9193839551613,2007.2763671875,2182836,0.0,0.0
2020-10-13 00:00:00+05:30,2006.455042719438,2042.198343913766,1984.2845827969666,1994.5244140625,2619233,0.0,0.0
2020-10-14 00:00:00+05:30,1999.6925844947991,2014.6661280018857,1985.2020585201992,2000.996826171875,1530471,0.0,0.0
2020-10-15 00:00:00+05:30,1999.6926277109105,2051.858522346847,1995.8768362914823,2019.447998046875,4001883,0.0,0.0
2020-10-16 00:00:00+05:30,2018.9650378270742,2019.0133867524214,1985.7335242696545,1991.1915283203125,2017706,0.0,0.0
2020-10-19 00:00:00+05:30,2009.3047332883343,2009.3047332883343,1986.651256526318,1999.7894287109375,1338404,0.0,0.0
2020-10-20 00:00:00+05:30,2007.3240503214258,2059.3934788015445,1997.1325696579318,2046.545166015625,2377713,0.0,0.0
2020-10-21 00:00:00+05:30,2057.654986799917,2071.0346687295173,2010.560770552736,2042.48828125,2895432,0.0,0.0
2020-10-22 00:00:00+05:30,2042.3913755636831,2044.9515101056727,2006.2617569098468,2028.5770263671875,2755686,0.0,0.0
2020-10-23 00:00:00+05:30,2041.7153465397837,2057.075211514337,2024.8097309426953,2048.236083984375,3070714,0.0,0.0
2020-10-26 00:00:00+05:30,2044.4687704228675,2044.4687704228675,1999.7412917306674,2009.7879638671875,1278139,0.0,0.0
2020-10-27 00:00:00+05:30,2014.1832875315104,2132.377782460559,2014.1832875315104,2123.152099609375,4964874,0.0,0.0
2020-10-28 00:00:00+05:30,2128.328258583099,2146.4690686397635,2080.291251827972,2089.385986328125,3166047,3.35,0.0
2020-10-29 00:00:00+05:30,2091.756321881449,2160.6913995567743,2090.885657488935,2153.144775390625,4795796,0.0,0.0
2020-10-30 00:00:00+05:30,2138.2935299653423,2169.979476308057,2124.167792226889,2139.64794921875,3006197,0.0,0.0
2020-11-02 00:00:00+05:30,2126.5866848899,2153.5801156605767,2095.7232146562756,2102.25390625,1772571,0.0,0.0
2020-11-03 00:00:00+05:30,2122.6202786059534,2122.6202786059534,2077.0022726330203,2084.6455078125,1781465,0.0,0.0
2020-11-04 00:00:00+05:30,2089.821190859803,2141.921688643091,2085.9511516174703,2098.964111328125,2189957,0.0,0.0
2020-11-05 00:00:00+05:30,2118.8463796715496,2172.7366261959373,2112.702598196889,2165.5771484375,2671841,0.0,0.0
2020-11-06 00:00:00+05:30,2161.368734510925,2174.9622961032655,2130.940594825375,2137.27783203125,2395965,0.0,0.0
2020-11-09 00:00:00+05:30,2175.929613286376,2175.929613286376,2142.211801140464,2152.90283203125,1691773,0.0,0.0
2020-11-10 00:00:00+05:30,2152.9028635116606,2165.8192144477484,2117.8790543048217,2128.27978515625,1879561,0.0,0.0
2020-11-11 00:00:00+05:30,2133.359682027447,2150.7748631052223,2087.2094994130453,2110.816650390625,2387398,0.0,0.0
2020-11-12 00:00:00+05:30,2101.431491846672,2130.214911221644,2091.756392897102,2101.238037109375,1626054,0.0,0.0
2020-11-13 00:00:00+05:30,2109.65571293779,2134.8593975663443,2101.4318773221194,2109.12353515625,1560060,0.0,0.0
2020-11-14 00:00:00+05:30,2120.7820385104274,2122.1364581027146,2109.510640863974,2113.62255859375,146991,0.0,0.0
2020-11-17 00:00:00+05:30,2134.7133167181396,2149.7097171322184,2111.1061744206368,2116.572509765625,1699293,0.0,0.0
2020-11-18 00:00:00+05:30,2114.008937498221,2138.196682778521,2095.723096549694,2124.40966796875,1817170,0.0,0.0
2020-11-19 00:00:00+05:30,2104.33448440948,2123.6846865649695,2086.629002195503,2091.466552734375,2669522,0.0,0.0
2020-11-20 00:00:00+05:30,2093.0624630840493,2118.8949280302336,2090.3533883470013,2096.158447265625,2196113,0.0,0.0
2020-11-23 00:00:00+05:30,2090.3535488240714,2125.5708144839796,2069.310208628558,2115.218505859375,4002609,0.0,0.0
2020-11-24 00:00:00+05:30,2121.6523903903735,2158.5146125009646,2119.81421604196,2136.1650390625,2954306,0.0,0.0
2020-11-25 00:00:00+05:30,2125.861143903573,2136.9390851009252,2080.146300781742,2084.306640625,1682365,0.0,0.0
2020-11-26 00:00:00+05:30,2089.821174613952,2106.7041734356944,2048.3632850693652,2085.27392578125,2247478,0.0,0.0
2020-11-27 00:00:00+05:30,2099.4962226146313,2171.672546686511,2094.6586737145976,2143.324462890625,10036402,0.0,0.0
2020-12-01 00:00:00+05:30,2201.0849809262577,2201.0849809262577,2134.5202538218273,2157.595458984375,2235498,0.0,0.0
2020-12-02 00:00:00+05:30,2168.189935463004,2250.3798636865354,2163.3523854061928,2240.608154296875,3305952,0.0,0.0
2020-12-03 00:00:00+05:30,2263.97311192948,2343.163889836554,2240.994752353273,2333.05322265625,4334658,0.0,0.0
2020-12-04 00:00:00+05:30,2322.023401460789,2365.561340238179,2297.8356576955725,2359.514404296875,2789953,0.0,0.0
2020-12-07 00:00:00+05:30,2360.723818607928,2398.2632446045286,2357.821289322754,2392.21630859375,1762501,0.0,0.0
2020-12-08 00:00:00+05:30,2390.2817436161945,2403.488159891747,2349.065725445544,2359.659912109375,2090950,0.0,0.0
2020-12-09 00:00:00+05:30,2370.3993266701777,2449.8319863452516,2367.496796882418,2440.350341796875,2022370,0.0,0.0
2020-12-10 00:00:00+05:30,2434.2063276453378,2469.0851045178556,2419.742102820986,2443.978271484375,2372909,0.0,0.0
2020-12-11 00:00:00+05:30,2434.254818725619,2454.475680407323,2413.9371115740933,2439.0439453125,2171653,0.0,0.0
2020-12-14 00:00:00+05:30,2447.7998982871113,2470.923289008891,2439.0923097161294,2465.360107421875,1280339,0.0,0.0
2020-12-15 00:00:00+05:30,2452.6380001419957,2456.121130838619,2421.193923217098,2445.333251953125,1283286,0.0,0.0
2020-12-16 00:00:00+05:30,2457.47515035147,2503.8187801601425,2455.1532210707473,2498.5458984375,1920875,0.0,0.0
2020-12-17 00:00:00+05:30,2485.532992333185,2518.7670526735806,2473.9228732565025,2491.386474609375,1750663,0.0,0.0
2020-12-18 00:00:00+05:30,2493.273057798686,2550.356142940371,2491.87021565978,2516.97705078125,4402604,0.0,0.0
2020-12-21 00:00:00+05:30,2511.1236226546307,2517.7511602167915,2456.604579344886,2471.649169921875,1383048,0.0,0.0
2020-12-22 00:00:00+05:30,2458.442665206779,2528.6839786960763,2415.098174280998,2516.2998046875,1993090,0.0,0.0
2020-12-23 00:00:00+05:30,2519.3960456896943,2563.901505790204,2519.3960456896943,2556.693603515625,1339307,0.0,0.0
2020-12-24 00:00:00+05:30,2571.6417191040073,2571.6417191040073,2528.1037667489736,2562.20849609375,1143202,0.0,0.0
2020-12-28 00:00:00+05:30,2568.0133746341166,2602.118101564832,2544.1159252747175,2596.699951171875,1226254,0.0,0.0
2020-12-29 00:00:00+05:30,2597.764243429781,2624.3223445985673,2586.1541239060725,2609.180908203125,1562853,0.0,0.0
2020-12-30 00:00:00+05:30,2606.471774989192,2653.734729980462,2593.2653588086637,2645.55908203125,1614643,0.0,0.0
2020-12-31 00:00:00+05:30,2645.5585265376076,2681.93698707949,2636.512452234819,2674.6806640625,1526325,0.0,0.0
2021-01-01 00:00:00+05:30,2669.359977386943,2701.2878060399944,2660.6523877542927,2685.372314453125,1246698,0.0,0.0
2021-01-04 00:00:00+05:30,2690.7418462724177,2700.416945160588,2655.8146448027355,2664.23193359375,1360486,0.0,0.0
2021-01-05 00:00:00+05:30,2664.232213024074,2713.478613255009,2643.2372934764467,2703.077880859375,1299589,0.0,0.0
2021-01-06 00:00:00+05:30,2710.285395280117,2730.7481341637454,2689.677388193632,2714.203857421875,1697884,0.0,0.0
2021-01-07 00:00:00+05:30,2709.9952527118867,2739.8430278615247,2691.128809503075,2701.529541015625,1142806,0.0,0.0
2021-01-08 00:00:00+05:30,2726.4431651480436,2757.210030222144,2698.43379804232,2752.275634765625,1660967,0.0,0.0
2021-01-11 00:00:00+05:30,2752.565734303064,2780.091344404399,2732.8286263331042,2756.72607421875,1517995,0.0,0.0
2021-01-12 00:00:00+05:30,2757.016383034443,2757.403292521932,2624.0319545739276,2632.1591796875,6674890,0.0,0.0
2021-01-13 00:00:00+05:30,2670.3272994228555,2673.229829096141,2590.991488353046,2615.8564453125,2862676,0.0,0.0
2021-01-14 00:00:00+05:30,2624.8546900864735,2647.7362076268637,2561.9665386468787,2577.349853515625,2124950,0.0,0.0
2021-01-15 00:00:00+05:30,2574.4471320624175,2575.366455481915,2496.7078492871674,2506.721435546875,2570436,0.0,0.0
2021-01-18 00:00:00+05:30,2507.7857158017055,2534.7309615910676,2472.3747582016704,2504.109130859375,2395168,0.0,0.0
2021-01-19 00:00:00+05:30,2530.0380999850013,2589.636797512003,2505.8503552432708,2559.11181640625,2558693,0.0,0.0
2021-01-20 00:00:00+05:30,2567.771645853126,2619.194709989578,2559.112478237862,2609.616455078125,2065439,0.0,0.0
2021-01-21 00:00:00+05:30,2638.3511666980517,2725.427060738858,2607.4392715552613,2628.095703125,5015712,0.0,0.0
2021-01-22 00:00:00+05:30,2660.6524162838273,2678.8900736933865,2505.8508211545864,2512.28466796875,4945564,0.0,0.0
2021-01-25 00:00:00+05:30,2527.958355938343,2546.002321227285,2419.7422783163365,2432.271484375,3520087,0.0,0.0
2021-01-27 00:00:00+05:30,2442.962598671745,2442.962598671745,2351.581332074017,2357.434814453125,2700415,0.0,0.0
2021-01-28 00:00:00+05:30,2341.373978710361,2374.2208928642103,2323.0397131848817,2362.368896484375,3035457,0.0,0.0
2021-01-29 00:00:00+05:30,2376.2040219842675,2403.2942958505373,2322.023474251727,2329.134765625,2768673,0.0,0.0
2021-02-01 00:00:00+05:30,2347.7603156402292,2387.5732653753084,2299.674870351178,2368.271484375,1797359,0.0,0.0
2021-02-02 00:00:00+05:30,2380.0743961764365,2438.12499120513,2346.30839455147,2383.605712890625,2679428,0.0,0.0
2021-02-03 00:00:00+05:30,2422.499851899948,2422.499851899948,2359.1279509830465,2373.9306640625,2409356,0.0,0.0
2021-02-04 00:00:00+05:30,2376.2043714568326,2376.2043714568326,2320.0887959093993,2323.765380859375,3478562,0.0,0.0
2021-02-05 00:00:00+05:30,2341.3738540516197,2345.1470480107155,2293.772416326643,2299.529052734375,3303319,0.0,0.0
2021-02-08 00:00:00+05:30,2316.2187201308197,2355.7897808911025,2296.287921539371,2338.326416015625,3666313,0.0,0.0
2021-02-09 00:00:00+05:30,2353.467886527326,2450.1704560413987,2344.905329229642,2425.40234375,7178572,0.0,0.0
2021-02-10 00:00:00+05:30,2446.832359824331,2471.987615401805,2394.5868290095764,2429.0302734375,4473123,0.0,0.0
2021-02-11 00:00:00+05:30,2442.913966746869,2457.475037339728,2414.033939233918,2424.095947265625,1446286,0.0,0.0
2021-02-12 00:00:00+05:30,2436.189639544711,2441.027188471527,2384.1375658504785,2405.326171875,1376085,0.0,0.0
2021-02-15 00:00:00+05:30,2413.937185079214,2435.7061576901488,2368.9963977530006,2376.929931640625,1634576,0.0,0.0
2021-02-16 00:00:00+05:30,2391.684453435874,2394.683828584978,2343.308958827543,2370.64111328125,1615849,0.0,0.0
2021-02-17 00:00:00+05:30,2356.8540353564586,2375.285145559375,2304.60850255299,2310.55859375,3178784,0.0,0.0
2021-02-18 00:00:00+05:30,2345.2440095998177,2399.03765479845,2317.4280998324934,2390.47509765625,4253843,0.0,0.0
2021-02-19 00:00:00+05:30,2390.6203245015085,2390.6203245015085,2322.0239611330985,2337.939453125,2244567,0.0,0.0
2021-02-22 00:00:00+05:30,2349.83974580247,2368.464311981244,2302.6736366484315,2309.49462890625,2002642,0.0,0.0
2021-02-23 00:00:00+05:30,2297.8360281050923,2322.0237757693562,2239.7854337108583,2295.126953125,3267268,0.0,0.0
2021-02-24 00:00:00+05:30,2295.9012800749374,2331.0703638253935,2270.9394742888067,2284.6298828125,1708526,0.0,0.0
2021-02-25 00:00:00+05:30,2297.836096403535,2308.7205831759725,2260.29666367112,2296.626708984375,2839515,0.0,0.0
2021-02-26 00:00:00+05:30,2262.087199641232,2283.324000625683,2186.572983650018,2203.214111328125,3933813,0.0,0.0
2021-03-01 00:00:00+05:30,2225.2726726106634,2292.90151717749,2225.2726726106634,2285.548583984375,2545806,0.0,0.0
2021-03-02 00:00:00+05:30,2308.4784028888344,2324.490737459866,2282.3556380615087,2312.7353515625,2033586,0.0,0.0
2021-03-03 00:00:00+05:30,2327.828858252087,2339.148677029323,2298.6101060261126,2324.0556640625,1591567,0.0,0.0
2021-03-04 00:00:00+05:30,2302.673646287711,2355.8866927355366,2273.648348225261,2338.568359375,2149984,0.0,0.0
2021-03-05 00:00:00+05:30,2321.056242036614,2345.147143979533,2299.8678697836112,2309.54296875,1953642,0.0,0.0
2021-03-08 00:00:00+05:30,2305.5761888958073,2335.085242089816,2283.371882996438,2305.285888671875,1593838,0.0,0.0
2021-03-09 00:00:00+05:30,2322.023899318972,2364.5943374731532,2318.2988914970865,2343.986328125,1800442,0.0,0.0
2021-03-10 00:00:00+05:30,2366.528862041345,2366.528862041345,2337.068237226957,2352.935302734375,1056102,0.0,0.0
2021-03-12 00:00:00+05:30,2363.4330693555125,2384.573017499928,2319.121071723772,2323.329833984375,1279203,0.0,0.0
2021-03-15 00:00:00+05:30,2324.491232412256,2348.6789827730245,2266.9243865536278,2278.486083984375,1524449,0.0,0.0
2021-03-16 00:00:00+05:30,2301.8994932565124,2399.4245378427845,2298.1747218885725,2388.39501953125,4230564,0.0,0.0
2021-03-17 00:00:00+05:30,2380.0743158051923,2380.0743158051923,2332.763176937818,2344.22802734375,1623187,0.0,0.0
2021-03-18 00:00:00+05:30,2388.636960488666,2388.636960488666,2312.3487088128513,2326.426025390625,1851739,0.0,0.0
2021-03-19 00:00:00+05:30,2315.2511477773455,2354.919052941939,2278.8244952010514,2332.908203125,3738079,0.0,0.0
2021-03-22 00:00:00+05:30,2312.348856901102,2358.886181517111,2312.348856901102,2346.888916015625,1489853,0.0,0.0
2021-03-23 00:00:00+05:30,2351.0494025427374,2354.8710199677207,2320.282535959119,2331.989501953125,1745466,0.0,0.0
2021-03-24 00:00:00+05:30,2331.9892303899733,2389.749525941271,2331.698930169418,2364.158935546875,4132092,0.0,0.0
2021-03-25 00:00:00+05:30,2371.3182044961413,2388.781804418984,2314.2835464439895,2324.152099609375,2272545,0.0,0.0
2021-03-26 00:00:00+05:30,2346.2112641205704,2432.271213556623,2330.8279527897153,2423.757080078125,3084607,0.0,0.0
2021-03-30 00:00:00+05:30,2456.604597360513,2499.513521722856,2439.5763278345307,2494.2890625,2332884,0.0,0.0
2021-03-31 00:00:00+05:30,2494.289139017178,2499.029843412663,2448.767747438467,2454.959716796875,1616044,0.0,0.0
2021-04-01 00:00:00+05:30,2449.7346999148867,2481.2271896851007,2449.7346999148867,2468.843017578125,1219588,0.0,0.0
2021-04-05 00:00:00+05:30,2474.8903011020825,2474.8903011020825,2403.778324115764,2429.07861328125,1268939,0.0,0.0
2021-04-06 00:00:00+05:30,2443.930079084882,2534.8760123524908,2423.128615624738,2526.7490234375,3372846,0.0,0.0
2021-04-07 00:00:00+05:30,2520.3636897350416,2581.365245858814,2515.622984955604,2543.197021484375,1937977,0.0,0.0
2021-04-08 00:00:00+05:30,2544.5510442880404,2572.0282310433513,2542.6160244824982,2564.530029296875,897483,0.0,0.0
2021-04-09 00:00:00+05:30,2549.388445285097,2568.738642213257,2525.3457311184743,2545.324951171875,1185017,0.0,0.0
2021-04-12 00:00:00+05:30,2494.4340585156115,2525.200921583497,2471.9878753432317,2517.654296875,1427691,0.0,0.0
2021-04-13 00:00:00+05:30,2515.5258226177343,2540.6810808439113,2480.985765295025,2487.177734375,1200230,0.0,0.0
2021-04-15 00:00:00+05:30,2505.8505640840144,2509.285271365282,2454.572540957971,2503.625244140625,1209829,0.0,0.0
2021-04-16 00:00:00+05:30,2503.5286461237074,2605.9878473655917,2497.8201961382024,2577.156005859375,2760777,0.0,0.0
2021-04-19 00:00:00+05:30,2563.9012408939693,2563.9012408939693,2483.452887007421,2488.338623046875,1552036,0.0,0.0
2021-04-20 00:00:00+05:30,2515.526068978704,2520.073318861696,2446.639402331449,2470.681884765625,1489287,0.0,0.0
2021-04-22 00:00:00+05:30,2472.6165237618534,2473.922756579766,2407.164575037332,2429.6591796875,1690758,0.0,0.0
2021-04-23 00:00:00+05:30,2444.9942141939805,2481.6627426922887,2415.0980183756537,2436.141357421875,1614593,0.0,0.0
2021-04-26 00:00:00+05:30,2447.8000255412776,2491.3379706596006,2447.8000255412776,2474.79345703125,1103980,0.0,0.0
2021-04-27 00:00:00+05:30,2462.312476848203,2496.0784748764154,2451.66986889326,2490.708984375,866331,0.0,0.0
2021-04-28 00:00:00+05:30,2503.9155925509635,2535.1177864689575,2491.337963994873,2529.60302734375,1065561,0.0,0.0
2021-04-29 00:00:00+05:30,2544.5511551898135,2556.1612745290827,2486.500558493468,2528.538818359375,1295346,0.0,0.0
2021-04-30 00:00:00+05:30,2510.688116307351,2521.137270160265,2442.043338172548,2453.991943359375,1384907,0.0,0.0
2021-05-03 00:00:00+05:30,2428.449869833894,2510.7850575136436,2424.192920720762,2498.255615234375,1034774,0.0,0.0
2021-05-04 00:00:00+05:30,2520.3634087341607,2532.892615290202,2488.000248289808,2503.09326171875,1058140,0.0,0.0
2021-05-05 00:00:00+05:30,2531.973516733805,2531.973516733805,2463.377156369499,2484.226806640625,1220186,0.0,0.0
2021-05-06 00:00:00+05:30,2496.030553857186,2497.9655736911873,2445.865070177319,2466.231201171875,1518119,0.0,0.0
2021-05-07 00:00:00+05:30,2471.987834732391,2505.8506817835196,2458.926450869813,2468.74658203125,1416102,0.0,0.0
2021-05-10 00:00:00+05:30,2504.883005560729,2504.883005560729,2459.5550745340774,2473.874267578125,1526814,0.0,0.0
2021-05-11 00:00:00+05:30,2450.702659688264,2478.760447738386,2439.3828407166347,2473.197265625,1168363,0.0,0.0
2021-05-12 00:00:00+05:30,2493.272934171713,2504.8346298727256,2447.799970296637,2473.148681640625,2085630,0.0,0.0
2021-05-14 00:00:00+05:30,2534.8759225339027,2743.132427238262,2517.0254122295087,2684.356201171875,10543708,0.0,0.0
2021-05-17 00:00:00+05:30,2691.612258276435,2732.441124513993,2658.2815929740473,2692.337890625,2134352,0.0,0.0
2021-05-18 00:00:00+05:30,2706.1253348627665,2752.5658125436435,2698.385255249287,2730.11962890625,1328605,0.0,0.0
2021-05-19 00:00:00+05:30,2714.0104914878984,2756.4358980561524,2707.7216766976685,2724.363037109375,1219067,0.0,0.0
2021-05-20 00:00:00+05:30,2722.573179011229,2752.5659894409905,2688.226573519083,2703.31982421875,1211975,0.0,0.0
2021-05-21 00:00:00+05:30,2715.8001782463593,2761.2731416868933,2704.1900599211167,2740.4716796875,1328308,0.0,0.0
2021-05-24 00:00:00+05:30,2753.5330713474837,2756.4356009378007,2716.9611512677957,2727.603759765625,813091,0.0,0.0
2021-05-25 00:00:00+05:30,2744.728915478756,2827.6928946829066,2731.038744006014,2819.7109375,2730112,0.0,0.0
2021-05-26 00:00:00+05:30,2844.334201349192,2852.1224674261225,2815.840844551667,2846.02734375,1250531,0.0,0.0
2021-05-27 00:00:00+05:30,2854.1544217649907,2868.6670713671856,2807.9558205313374,2853.525634765625,2415085,0.0,0.0
2021-05-28 00:00:00+05:30,2862.039495712857,2867.506068715811,2835.916726774399,2845.156494140625,711383,0.0,0.0
2021-05-31 00:00:00+05:30,2842.5443418411523,2892.8064384247255,2840.706167349227,2880.760986328125,2093635,0.0,0.0
2021-06-01 00:00:00+05:30,2868.6668205977057,2885.695089125788,2820.3881716248284,2835.771484375,1194073,0.0,0.0
2021-06-02 00:00:00+05:30,2824.016560296182,2838.432364314118,2783.671205724995,2809.358642578125,2067842,0.0,0.0
2021-06-03 00:00:00+05:30,2824.741943978621,2846.4140708367513,2809.6971180824366,2839.980224609375,1404434,0.0,0.0
2021-06-04 00:00:00+05:30,2857.0569982279376,2892.8548678298453,2813.5190487121035,2829.869873046875,1509084,0.0,0.0
2021-06-07 00:00:00+05:30,2834.804091534045,2845.446700751408,2809.600410645775,2837.803466796875,802415,0.0,0.0
2021-06-08 00:00:00+05:30,2832.86892353695,2848.590959058629,2813.034971032678,2831.17578125,762931,0.0,0.0
2021-06-09 00:00:00+05:30,2835.578067112836,2868.6668585089174,2824.74200345561,2847.913818359375,1340352,0.0,0.0
2021-06-10 00:00:00+05:30,2863.421971315091,2877.3259013678353,2839.7463840035207,2868.866943359375,1344559,14.5,0.0
2021-06-11 00:00:00+05:30,2878.006230179704,2889.2849981950353,2857.19911792614,2874.360107421875,878445,0.0,0.0
2021-06-14 00:00:00+05:30,2873.242182167729,2887.729348933483,2835.711328674917,2868.18603515625,746823,0.0,0.0
2021-06-15 00:00:00+05:30,2887.7297064221375,2965.513671578289,2878.930347888283,2957.9296875,2262031,0.0,0.0
2021-06-16 00:00:00+05:30,2945.0952991181675,2957.929605537738,2922.2462599866794,2935.08056640625,859505,0.0,0.0
2021-06-17 00:00:00+05:30,2934.351099210728,2988.799868810765,2917.384521159133,2975.528076171875,1533864,0.0,0.0
2021-06-18 00:00:00+05:30,2976.743608526863,2992.543475544251,2932.5039808781776,2962.791015625,2293860,0.0,0.0
2021-06-21 00:00:00+05:30,2940.4279844712137,2993.855792413773,2937.36533611811,2983.549560546875,720491,0.0,0.0
2021-06-22 00:00:00+05:30,2999.5439902752437,3007.176636384767,2920.9821423412573,2927.3994140625,1199238,0.0,0.0
2021-06-23 00:00:00+05:30,2946.067106204499,2946.067106204499,2900.855185267697,2904.5986328125,1009007,0.0,0.0
2021-06-24 00:00:00+05:30,2904.598992609972,2965.221723723057,2893.0284861877267,2958.950439453125,985596,0.0,0.0
2021-06-25 00:00:00+05:30,2946.2617082303623,2968.916332601158,2902.3138211280357,2920.690185546875,786964,0.0,0.0
2021-06-28 00:00:00+05:30,2940.2334959846253,2954.6722375678096,2893.8061978916144,2900.320556640625,891695,0.0,0.0
2021-06-29 00:00:00+05:30,2906.2029467850707,2940.08767629472,2890.6948186161912,2918.356689453125,1242734,0.0,0.0
2021-06-30 00:00:00+05:30,2915.926071163237,2946.067354326311,2902.9457784628585,2909.800537109375,924522,0.0,0.0
2021-07-01 00:00:00+05:30,2924.6767788628654,2943.0531437257446,2913.9814847912257,2937.900146484375,848235,0.0,0.0
2021-07-02 00:00:00+05:30,2948.935733429148,2954.6237804791494,2916.655437369196,2921.760009765625,805542,0.0,0.0
2021-07-05 00:00:00+05:30,2936.344239571366,2965.5132220836645,2923.801672042193,2931.288330078125,863343,0.0,0.0
2021-07-06 00:00:00+05:30,2919.8154954692704,2945.5814330749768,2913.0093987432347,2919.329345703125,762630,0.0,0.0
2021-07-07 00:00:00+05:30,2980.0978570137927,2983.987054869602,2927.836760826357,2955.8876953125,1234865,0.0,0.0
2021-07-08 00:00:00+05:30,2965.513401935856,2974.264097220257,2935.177705758827,2944.41455078125,907391,0.0,0.0
2021-07-09 00:00:00+05:30,2938.289197884623,2954.964039976422,2923.704704844163,2927.205078125,547082,0.0,0.0
2021-07-12 00:00:00+05:30,2950.8318196929304,2958.561791044797,2908.1966267025937,2916.315185546875,765566,0.0,0.0
2021-07-13 00:00:00+05:30,2936.344235945921,2937.4138602544995,2902.6541561369277,2910.918701171875,703484,0.0,0.0
2021-07-14 00:00:00+05:30,2919.8153955432776,2924.433818163601,2901.5361174862264,2918.79443359375,470744,0.0,0.0
2021-07-15 00:00:00+05:30,2926.6217389888375,2927.594038569897,2888.7993802367573,2900.953125,635535,0.0,0.0
2021-07-16 00:00:00+05:30,2911.0648776360804,2922.732472336025,2882.868190444549,2906.4951171875,1062548,0.0,0.0
2021-07-19 00:00:00+05:30,2906.4951295477363,2916.606950046227,2882.8682027043083,2899.3486328125,837836,0.0,0.0
2021-07-20 00:00:00+05:30,2913.0094782096544,3091.426447252202,2897.0151979427123,3071.54296875,6755922,0.0,0.0
2021-07-22 00:00:00+05:30,3043.297369135753,3077.3278508992516,3004.4053899774685,3020.69140625,1982572,0.0,0.0
2021-07-23 00:00:00+05:30,3019.962523275993,3042.908888526324,2992.786797240431,2998.328857421875,815329,0.0,0.0
2021-07-26 00:00:00+05:30,2994.6336911491353,3032.6020327506694,2966.680081517336,2976.403076171875,1136884,0.0,0.0
2021-07-27 00:00:00+05:30,2994.0988358327772,2996.140759631933,2937.6083801304217,2944.754638671875,904289,0.0,0.0
2021-07-28 00:00:00+05:30,2946.407625251906,2948.9841237488413,2901.3414524452824,2920.884765625,996594,0.0,0.0
2021-07-29 00:00:00+05:30,2920.88512377812,2955.7419196302653,2907.467342739156,2914.419189453125,762683,0.0,0.0
2021-07-30 00:00:00+05:30,2924.6770011514454,2925.3089008980414,2870.130902289217,2876.49951171875,1067423,0.0,0.0
2021-08-02 00:00:00+05:30,2902.897587577161,2904.0642995439716,2878.638524268886,2891.66748046875,832285,0.0,0.0
2021-08-03 00:00:00+05:30,2936.344294577965,2980.097769166047,2911.258921671906,2943.150390625,2433031,0.0,0.0
2021-08-04 00:00:00+05:30,2956.3739876764516,2968.7221439888303,2928.56612671469,2934.9833984375,659295,0.0,0.0
2021-08-05 00:00:00+05:30,2949.956579501827,2955.7903762971505,2897.5010707927713,2905.61962890625,693694,0.0,0.0
2021-08-06 00:00:00+05:30,2912.0372769890223,2917.871074538917,2879.4165782136297,2884.278076171875,744159,0.0,0.0
2021-08-09 00:00:00+05:30,2911.6967158995494,2931.4831064447562,2890.695188309919,2909.655029296875,825462,0.0,0.0
2021-08-10 00:00:00+05:30,2914.9539362556898,2924.9686687023773,2878.5413670158496,2894.681396484375,724335,0.0,0.0
2021-08-11 00:00:00+05:30,2904.647656312239,2918.3085128208268,2870.763158539588,2890.2578125,987941,0.0,0.0
2021-08-12 00:00:00+05:30,2891.6186991944633,2902.5570685172397,2876.0619072687364,2893.0771484375,438552,0.0,0.0
2021-08-13 00:00:00+05:30,2898.3276371190927,2918.8432525998196,2890.7438905222552,2905.91162109375,572250,0.0,0.0
2021-08-16 00:00:00+05:30,2897.4526914873845,2901.4876397139983,2878.0067002693486,2889.0908203125,461742,0.0,0.0
2021-08-17 00:00:00+05:30,2891.6186423585636,2959.6796056958533,2890.743667781062,2931.774658203125,2036757,0.0,0.0
2021-08-18 00:00:00+05:30,2963.568780420989,2963.568780420989,2909.6548223603468,2918.405517578125,1375320,0.0,0.0
2021-08-20 00:00:00+05:30,2918.3565223338146,3037.511856103559,2918.3565223338146,3026.71923828125,3931334,0.0,0.0
2021-08-23 00:00:00+05:30,3071.5428611716184,3076.209946366034,2966.4858500456357,2992.203125,1578949,0.0,0.0
2021-08-24 00:00:00+05:30,3007.127763286072,3007.127763286072,2950.491320759571,2961.575439453125,763704,0.0,0.0
2021-08-25 00:00:00+05:30,2942.178518020102,2984.959699379284,2929.149798648209,2953.894775390625,797870,0.0,0.0
2021-08-26 00:00:00+05:30,2979.1255379141853,2999.057676793833,2942.3725709434702,2955.449951171875,1319516,0.0,0.0
2021-08-27 00:00:00+05:30,2956.2277530448005,2973.242993061609,2936.8304269011965,2952.678955078125,634375,0.0,0.0
2021-08-30 00:00:00+05:30,2972.0279913419117,3027.9838780015457,2963.6176951732796,3022.63623046875,1051747,0.0,0.0
2021-08-31 00:00:00+05:30,3022.6361126744773,3121.081438419002,3017.0940529229406,3112.671142578125,2283290,0.0,0.0
2021-09-01 00:00:00+05:30,3140.57631888809,3240.6745135889364,3125.9431626727965,3211.262451171875,2423168,0.0,0.0
2021-09-02 00:00:00+05:30,3221.179499587986,3227.0619588897844,3176.161986400887,3210.14404296875,847517,0.0,0.0
2021-09-03 00:00:00+05:30,3210.1442256352398,3252.293267866037,3195.462407769972,3246.313720703125,832039,0.0,0.0
2021-09-06 00:00:00+05:30,3249.4247927523693,3254.9668521944304,3214.3246873229855,3223.70751953125,664394,0.0,0.0
2021-09-07 00:00:00+05:30,3241.160648812172,3300.568248080814,3231.778052819539,3243.83447265625,1285818,0.0,0.0
2021-09-08 00:00:00+05:30,3252.3417812796843,3268.4333852515615,3205.6714059429355,3244.174560546875,702598,0.0,0.0
2021-09-09 00:00:00+05:30,3213.4496204397137,3265.953789729803,3213.4496204397137,3253.654296875,591745,0.0,0.0
2021-09-13 00:00:00+05:30,3253.897286346035,3280.538195113388,3238.097421002054,3273.78076171875,610920,0.0,0.0
2021-09-14 00:00:00+05:30,3291.136346542259,3294.734044445775,3263.8635365969717,3269.35693359375,569412,0.0,0.0
2021-09-15 00:00:00+05:30,3268.7249602324387,3290.2126353832036,3254.237556181154,3259.439453125,587855,0.0,0.0
2021-09-16 00:00:00+05:30,3257.2032878080468,3277.621577074903,3242.618795474578,3249.522216796875,516746,0.0,0.0
2021-09-17 00:00:00+05:30,3259.148216540214,3288.317204158414,3194.05280664783,3211.55419921875,1545695,0.0,0.0
2021-09-20 00:00:00+05:30,3208.539478581717,3223.1726325792415,3174.5576607454673,3180.92626953125,689288,0.0,0.0
2021-09-21 00:00:00+05:30,3180.9267075259704,3242.6190678021435,3180.3918952865997,3217.53369140625,922057,0.0,0.0
2021-09-22 00:00:00+05:30,3236.298564924112,3237.7083515837935,3197.16351392871,3225.603271484375,825945,0.0,0.0
2021-09-23 00:00:00+05:30,3247.480350158535,3247.480350158535,3223.172862507648,3228.666259765625,694716,0.0,0.0
2021-09-24 00:00:00+05:30,3237.7569745309643,3407.909368087396,3228.8605300475547,3353.07177734375,2775975,0.0,0.0
2021-09-27 00:00:00+05:30,3365.7119996544006,3373.879220395302,3322.979247292107,3335.619140625,902449,0.0,0.0
2021-09-28 00:00:00+05:30,3330.0282088411072,3334.695293561024,3257.203076791716,3286.080322265625,961271,0.0,0.0
2021-09-29 00:00:00+05:30,3271.7879177998316,3288.025272472042,3218.3114436604583,3231.0,973387,0.0,0.0
2021-09-30 00:00:00+05:30,3237.6600169247517,3254.9669955368013,3130.804396600594,3154.771484375,2077896,0.0,0.0
2021-10-01 00:00:00+05:30,3158.028735585382,3162.8415705732286,3082.18937555593,3089.822021484375,1512332,0.0,0.0
2021-10-04 00:00:00+05:30,3114.08101861472,3141.0136684354457,3089.967942512876,3112.914306640625,921241,0.0,0.0
2021-10-05 00:00:00+05:30,3119.6716074612073,3169.6963692487902,3103.2396034884173,3164.591796875,909337,0.0,0.0
2021-10-06 00:00:00+05:30,3171.6406947707505,3189.14208425753,3111.990030652197,3123.268798828125,786378,0.0,0.0
2021-10-07 00:00:00+05:30,3130.8041413358924,3226.089484767854,3130.8041413358924,3199.691650390625,1177283,0.0,0.0
2021-10-08 00:00:00+05:30,3215.3946881896886,3236.7852787975426,3173.6831314555034,3215.29736328125,882436,0.0,0.0
2021-10-11 00:00:00+05:30,3234.256854868846,3251.7098202187976,3206.4005700663756,3214.470703125,460197,0.0,0.0
2021-10-12 00:00:00+05:30,3189.1426232321523,3242.619100146106,3189.1426232321523,3231.194580078125,564524,0.0,0.0
2021-10-13 00:00:00+05:30,3250.396849759525,3265.856315057045,3200.2261064543623,3231.43701171875,770144,0.0,0.0
2021-10-14 00:00:00+05:30,3249.425054981241,3260.0716874434524,3198.86547902103,3206.449462890625,648597,0.0,0.0
2021-10-18 00:00:00+05:30,3162.4040344323016,3192.9828053680853,3142.471895245257,3151.708740234375,1576121,0.0,0.0
2021-10-19 00:00:00+05:30,3170.571156636228,3178.544201965804,3088.120353826449,3095.558349609375,1042069,0.0,0.0
2021-10-20 00:00:00+05:30,3101.635597328811,3130.755921683967,3049.7633208361485,3081.80078125,1205540,0.0,0.0
2021-10-21 00:00:00+05:30,3105.525035881027,3106.934822876977,2839.552423106381,2918.843505859375,5103543,0.0,0.0
2021-10-22 00:00:00+05:30,2892.590967435091,2919.7666905611472,2831.481849861013,2899.785888671875,2855592,0.0,0.0
2021-10-25 00:00:00+05:30,2868.28342634028,2868.28342634028,2778.1026508172085,2837.218505859375,2161537,0.0,0.0
2021-10-26 00:00:00+05:30,2837.2184163033276,2940.2334940577352,2817.7237651386627,2887.534912109375,1988263,0.0,0.0
2021-10-27 00:00:00+05:30,2945.2893207211623,3057.881639699816,2945.2893207211623,3008.92626953125,4609951,0.0,0.0
2021-10-28 00:00:00+05:30,3020.6080304817356,3064.0238903401755,2980.6966771946745,3033.554931640625,1791065,3.65,0.0
2021-10-29 00:00:00+05:30,3042.023907683172,3061.2007788655833,3001.4311881906715,3017.78515625,1118903,0.0,0.0
2021-11-01 00:00:00+05:30,3044.944263473543,3058.815892551068,3009.5593461669246,3038.908935546875,750393,0.0,0.0
2021-11-02 00:00:00+05:30,3037.156538084709,3056.4308482618685,2998.21863375029,3020.94873046875,881916,0.0,0.0
2021-11-03 00:00:00+05:30,3019.7320242135293,3098.3864035320394,3012.820450894596,3086.461669921875,879227,0.0,0.0
2021-11-04 00:00:00+05:30,3094.5896017924792,3105.297524290031,3061.4923868000465,3075.364013671875,263595,0.0,0.0
2021-11-08 00:00:00+05:30,3080.961551119219,3096.5367121991267,3012.9661434665086,3054.678466796875,787824,0.0,0.0
2021-11-09 00:00:00+05:30,3056.6255117199767,3071.227225947938,3037.156559416028,3061.638671875,668840,0.0,0.0
2021-11-10 00:00:00+05:30,3048.8379954219413,3053.3644318653087,2998.705442176657,3025.767333984375,872975,0.0,0.0
2021-11-11 00:00:00+05:30,3007.9533460693956,3024.1611549582667,2970.962334046536,2982.156982421875,958143,0.0,0.0
2021-11-12 00:00:00+05:30,3006.979954263013,3044.9444146761753,2994.1304921163382,3039.979736328125,682344,0.0,0.0
2021-11-15 00:00:00+05:30,3042.99706918756,3095.5632373693034,3042.99706918756,3084.563232421875,696377,0.0,0.0
2021-11-16 00:00:00+05:30,3080.9615486062326,3123.793241541043,3037.2538479246314,3068.0146484375,1400107,0.0,0.0
2021-11-17 00:00:00+05:30,3085.829027570186,3153.8729227363265,3081.0105092701147,3144.479248046875,1616452,0.0,0.0
2021-11-18 00:00:00+05:30,3163.559219802288,3173.4396192591184,3128.661023404542,3141.169921875,1609821,0.0,0.0
2021-11-22 00:00:00+05:30,3154.9439344576467,3220.5057308432424,3129.683014664626,3174.65625,2146970,0.0,0.0
2021-11-23 00:00:00+05:30,3174.656000591814,3200.9878058286126,3087.3377979883385,3100.966064453125,1482618,0.0,0.0
2021-11-24 00:00:00+05:30,3101.452772568648,3123.695907627022,3066.359939067697,3073.174072265625,1056213,0.0,0.0
2021-11-25 00:00:00+05:30,3072.6874287203327,3089.0901162670048,3030.3424570272123,3060.7626953125,728825,0.0,0.0
2021-11-26 00:00:00+05:30,3018.661070667411,3083.2494153400658,3008.9265944640333,3059.643310546875,1029110,0.0,0.0
2021-11-29 00:00:00+05:30,3047.8643789259972,3094.4924230357224,2990.3335317725214,3060.811279296875,876651,0.0,0.0
2021-11-30 00:00:00+05:30,3033.4088996782884,3104.3246583863956,3033.4088996782884,3060.1787109375,2340489,0.0,0.0
2021-12-01 00:00:00+05:30,3072.10315763233,3114.7889295645155,3041.147714362406,3054.824462890625,1741820,0.0,0.0
2021-12-02 00:00:00+05:30,3076.094830890827,3109.192053754842,3068.550610973294,3096.14794921875,939320,0.0,0.0
2021-12-03 00:00:00+05:30,3100.4306751521126,3102.8155742936847,3023.52831303688,3027.860107421875,1216263,0.0,0.0
2021-12-06 00:00:00+05:30,3032.289362120654,3032.289362120654,2947.842780366572,2957.6259765625,1107363,0.0,0.0
2021-12-07 00:00:00+05:30,2959.2806369545597,2987.5106167149816,2936.3558989623216,2949.886962890625,2056459,0.0,0.0
2021-12-08 00:00:00+05:30,2951.395731620396,3040.0769044932244,2950.519723829319,3025.9619140625,1171484,0.0,0.0
2021-12-09 00:00:00+05:30,3068.696374164178,3098.5326881782325,3028.3957352387165,3094.298095703125,1287243,0.0,0.0
2021-12-10 00:00:00+05:30,3099.457368360076,3204.5897162818374,3094.298048198958,3195.974609375,2554394,0.0,0.0
2021-12-13 00:00:00+05:30,3197.8728069330236,3252.2884327286656,3184.0983807933803,3192.76220703125,1265832,0.0,0.0
2021-12-14 00:00:00+05:30,3187.067826300701,3217.2447055356806,3162.7316333692665,3209.94384765625,863179,0.0,0.0
2021-12-15 00:00:00+05:30,3191.1070468569997,3225.9565172889575,3179.766477764123,3214.275146484375,811946,0.0,0.0
2021-12-16 00:00:00+05:30,3236.71332632081,3236.71332632081,3183.757871022595,3211.014404296875,502930,0.0,0.0
2021-12-17 00:00:00+05:30,3188.0412262502546,3205.855366740775,3141.997102382251,3157.572265625,1019403,0.0,0.0
2021-12-20 00:00:00+05:30,3141.3151960311066,3188.0406777198245,3096.5366094127517,3153.4345703125,948872,0.0,0.0
2021-12-21 00:00:00+05:30,3160.784491975417,3208.483426409293,3153.970358484863,3184.488037109375,712026,0.0,0.0
2021-12-22 00:00:00+05:30,3188.7223031359113,3198.4080593681088,3154.9437184459734,3193.005615234375,619865,0.0,0.0
2021-12-23 00:00:00+05:30,3202.6426820789766,3220.0672994805386,3163.704777129688,3181.12939453125,1051596,0.0,0.0
2021-12-24 00:00:00+05:30,3192.9084581926654,3212.3774122060354,3174.4129518799637,3197.5810546875,651404,0.0,0.0
2021-12-27 00:00:00+05:30,3193.005502117236,3197.5319383008487,3140.536534962085,3185.509765625,640701,0.0,0.0
2021-12-28 00:00:00+05:30,3188.965573427623,3285.3856044009967,3186.0939505791002,3278.76611328125,1211648,0.0,0.0
2021-12-29 00:00:00+05:30,3282.6600089967446,3296.0936336531195,3257.350370935616,3278.0361328125,598421,0.0,0.0
2021-12-30 00:00:00+05:30,3273.9481083834385,3299.987835403213,3261.3420076942784,3276.3330078125,691223,0.0,0.0
2021-12-31 00:00:00+05:30,3299.987609481514,3314.5893245677157,3272.146910987241,3293.124755859375,570671,0.0,0.0
2022-01-03 00:00:00+05:30,3293.1731164240646,3349.535635443283,3293.1731164240646,3331.52685546875,696276,0.0,0.0
2022-01-04 00:00:00+05:30,3342.8189942857416,3380.2480062562436,3324.3722101511667,3367.447265625,790886,0.0,0.0
2022-01-05 00:00:00+05:30,3377.862918100679,3446.0042449787907,3360.389582525695,3433.15478515625,1024506,0.0,0.0
2022-01-06 00:00:00+05:30,3398.451617286694,3443.619730164431,3360.4871595058344,3421.32763671875,1312743,0.0,0.0
2022-01-07 00:00:00+05:30,3421.327391161484,3486.889179763833,3403.70813282007,3481.340576171875,964364,0.0,0.0
2022-01-10 00:00:00+05:30,3484.942603078391,3494.6770796233027,3433.349877390359,3459.146240234375,657511,0.0,0.0
2022-01-11 00:00:00+05:30,3456.3232914133655,3469.3673947478806,3402.24822738953,3444.787841796875,734344,0.0,0.0
2022-01-12 00:00:00+05:30,3462.4558791448435,3487.327514334545,3440.164022843317,3449.703857421875,594543,0.0,0.0
2022-01-13 00:00:00+05:30,3465.4734601039786,3465.4734601039786,3358.39422397717,3364.478271484375,1153984,0.0,0.0
2022-01-14 00:00:00+05:30,3370.075723216915,3370.075723216915,3257.1557971934712,3275.067138671875,1558978,0.0,0.0
2022-01-17 00:00:00+05:30,3275.0670920571656,3308.748474920424,3232.8195602267515,3288.938720703125,1103159,0.0,0.0
2022-01-18 00:00:00+05:30,3289.328156905349,3306.2660500645666,3262.022904222004,3284.1201171875,558543,0.0,0.0
2022-01-19 00:00:00+05:30,3280.5183619744344,3280.5183619744344,3180.9833463922723,3193.29736328125,1495218,0.0,0.0
2022-01-20 00:00:00+05:30,3194.8551504118655,3275.5538646018626,3136.4482920862374,3218.607177734375,3075678,0.0,0.0
2022-01-21 00:00:00+05:30,3212.425605897467,3236.664354610328,3155.67356671338,3187.894775390625,1441694,0.0,0.0
2022-01-24 00:00:00+05:30,3181.226954568169,3183.173849889202,3051.758415719464,3071.373291015625,1575665,0.0,0.0
2022-01-25 00:00:00+05:30,3017.687631268928,3073.1254258665845,2930.8074309170725,3063.537109375,2699779,0.0,0.0
2022-01-27 00:00:00+05:30,3056.7229549115077,3059.545857935446,2989.7009914681,3034.1875,1834684,0.0,0.0
2022-01-28 00:00:00+05:30,3046.8909378889193,3085.828841248522,3020.6078531211874,3028.24951171875,892060,0.0,0.0
2022-01-31 00:00:00+05:30,3056.625559496193,3108.656287810135,3053.121052963462,3068.55029296875,944530,0.0,0.0
2022-02-01 00:00:00+05:30,3109.1918228453756,3127.05468245127,3058.1832605770337,3111.382080078125,1008915,0.0,0.0
2022-02-02 00:00:00+05:30,3119.7050303077103,3158.0100521762215,3107.3907751216916,3112.79345703125,667265,0.0,0.0
2022-02-03 00:00:00+05:30,3127.5411905617852,3155.527808827681,3105.4924600113563,3117.95263671875,899753,0.0,0.0
2022-02-04 00:00:00+05:30,3103.3508551277114,3162.5365149528584,3091.7182041904553,3150.708984375,705765,0.0,0.0
2022-02-07 00:00:00+05:30,3148.129294329996,3164.8725442202945,3059.643009413455,3090.40380859375,860393,0.0,0.0
2022-02-08 00:00:00+05:30,3094.5898797419495,3137.9082973728136,3082.1297030940354,3130.9482421875,799206,0.0,0.0
2022-02-09 00:00:00+05:30,3144.2359764059293,3172.4659588566324,3137.178480793253,3142.6298828125,472725,0.0,0.0
2022-02-10 00:00:00+05:30,3134.5012754486684,3161.7578082786567,3091.6695810015435,3152.75341796875,728666,0.0,0.0
2022-02-11 00:00:00+05:30,3144.1873684589277,3144.1873684589277,3097.997322370296,3130.89990234375,587840,0.0,0.0
2022-02-14 00:00:00+05:30,3056.6255399469273,3098.1917059680864,3037.1565874631888,3059.98388671875,681236,0.0,0.0
2022-02-15 00:00:00+05:30,3056.625331425039,3183.1735139362668,3049.6652764501596,3177.9169921875,676844,0.0,0.0
2022-02-16 00:00:00+05:30,3192.908010207995,3197.8726878480816,3137.4214990549904,3166.47900390625,624320,0.0,0.0
2022-02-17 00:00:00+05:30,3186.0938440098553,3207.4609702869793,3150.4655684728136,3179.1337890625,636735,0.0,0.0
2022-02-18 00:00:00+05:30,3150.222005045178,3185.1201926841204,3144.2841179409506,3171.929931640625,423801,0.0,0.0
2022-02-21 00:00:00+05:30,3149.103226441985,3191.39948035979,3119.0722706258034,3165.31103515625,547472,0.0,0.0
2022-02-22 00:00:00+05:30,3037.1568432683944,3150.85558288135,3037.1568432683944,3141.461669921875,1147209,0.0,0.0
2022-02-23 00:00:00+05:30,3150.9525470848303,3209.359405044262,3144.235853482741,3151.24462890625,935896,0.0,0.0
2022-02-24 00:00:00+05:30,3046.8911572975812,3112.8909557764177,2970.4755164516196,2987.5595703125,1823450,0.0,0.0
2022-02-25 00:00:00+05:30,3022.5550202825666,3058.037140380346,3001.1878914228214,3036.3779296875,1239456,0.0,0.0
2022-02-28 00:00:00+05:30,3007.953220727618,3105.784708974584,2934.9446474089864,3090.35546875,1678348,0.0,0.0
2022-03-02 00:00:00+05:30,3024.5018054533807,3028.5902379935005,2911.679319489254,2948.524169921875,3014206,0.0,0.0
2022-03-03 00:00:00+05:30,2948.5727546568132,2969.9886016698374,2786.0070068761306,2795.64404296875,4406840,0.0,0.0
2022-03-04 00:00:00+05:30,2787.7596503727764,2787.7596503727764,2591.3665712914153,2665.44580078125,6979253,0.0,0.0
2022-03-07 00:00:00+05:30,2579.538773554582,2655.5164084274707,2530.331186101302,2636.5341796875,3233760,0.0,0.0
2022-03-08 00:00:00+05:30,2618.5738615510863,2664.2771756550906,2567.9545898779797,2651.0869140625,2611102,0.0,0.0
2022-03-09 00:00:00+05:30,2676.9808110620133,2813.263470534261,2594.286487721008,2798.613037109375,4076068,0.0,0.0
2022-03-10 00:00:00+05:30,2920.3425847441113,2959.280485874033,2814.4314461391073,2835.4580078125,3971987,0.0,0.0
2022-03-11 00:00:00+05:30,2839.546480228273,2861.887053787241,2805.8166179586647,2854.148193359375,1265493,0.0,0.0
2022-03-14 00:00:00+05:30,2871.670438343163,2893.427087405378,2839.838749151455,2884.130615234375,1214217,0.0,0.0
2022-03-15 00:00:00+05:30,2918.3962312202184,2951.493453322116,2887.24590453608,2907.834228515625,1857685,0.0,0.0
2022-03-16 00:00:00+05:30,2962.200986642731,2969.0151197043474,2930.8073021802834,2961.2275390625,1287234,0.0,0.0
2022-03-17 00:00:00+05:30,3030.829182750842,3079.306922044466,2994.811620598351,3053.31591796875,2867519,0.0,0.0
2022-03-21 00:00:00+05:30,3034.528400572554,3034.528400572554,2949.6438132005205,2964.878173828125,1259015,0.0,0.0
2022-03-22 00:00:00+05:30,2943.70575642668,2981.3781337540877,2896.0068205586554,2970.134765625,1515772,0.0,0.0
2022-03-23 00:00:00+05:30,2978.749666277219,2998.121178520812,2925.210048092498,2936.69677734375,948403,0.0,0.0
2022-03-24 00:00:00+05:30,2890.652871802511,2958.258765320452,2872.2060858872064,2945.02001953125,1243917,0.0,0.0
2022-03-25 00:00:00+05:30,2945.0198168337092,2983.1789155474485,2911.5817964253606,2966.046142578125,1083275,0.0,0.0
2022-03-28 00:00:00+05:30,2966.0461935316953,2977.3870009580783,2916.1082828364015,2947.06396484375,680332,0.0,0.0
2022-03-29 00:00:00+05:30,2987.5109354551137,3005.714359573215,2932.7057834379484,2961.81201171875,1120936,0.0,0.0
2022-03-30 00:00:00+05:30,2996.2719963644513,3012.1879611939657,2974.758707305211,2999.727783203125,849545,0.0,0.0
2022-03-31 00:00:00+05:30,3032.289061252153,3046.1606885789083,2984.687572015154,2998.169677734375,1464862,0.0,0.0
2022-04-01 00:00:00+05:30,3027.4222013650833,3038.1301255499757,3005.6655512534408,3031.4619140625,637392,0.0,0.0
2022-04-04 00:00:00+05:30,3041.975130308145,3059.545907598646,3011.3602498111395,3035.209716796875,873264,0.0,0.0
2022-04-05 00:00:00+05:30,3027.4223047424985,3073.17434600388,2998.218874150127,3057.404541015625,805874,0.0,0.0
2022-04-06 00:00:00+05:30,3053.70505327746,3080.961585471202,3030.34231139711,3070.253662109375,736379,0.0,0.0
2022-04-07 00:00:00+05:30,3070.253603221573,3123.7444990942104,3061.9792989643174,3071.22705078125,1025244,0.0,0.0
2022-04-08 00:00:00+05:30,3083.8818421052633,3134.501114766082,3067.5278757139954,3121.1162109375,678898,0.0,0.0
2022-04-11 00:00:00+05:30,3099.4571417194034,3136.448150320326,3066.3599234975254,3073.612060546875,672652,0.0,0.0
2022-04-12 00:00:00+05:30,3070.935263187497,3078.1389184140994,3031.461913329294,3045.576904296875,794265,0.0,0.0
2022-04-13 00:00:00+05:30,3034.4306293988375,3039.005785313124,2984.6876026137534,2998.85107421875,1121350,0.0,0.0
2022-04-18 00:00:00+05:30,2974.8560248650056,2976.8029201692366,2932.9977758240384,2941.32080078125,1032504,0.0,0.0
2022-04-19 00:00:00+05:30,2949.546428304707,2977.971052623412,2891.1395683382775,2911.776611328125,749782,0.0,0.0
2022-04-20 00:00:00+05:30,2911.8738196618638,3007.4663253422877,2900.873814377737,3001.138916015625,838182,0.0,0.0
2022-04-21 00:00:00+05:30,3007.758189896851,3090.1117073589935,3004.1077617028354,3074.390625,1069035,0.0,0.0
2022-04-22 00:00:00+05:30,3038.6166350933877,3089.0412675033795,3030.58569252106,3080.37744140625,681191,0.0,0.0
2022-04-25 00:00:00+05:30,3050.7847243743986,3071.3245634339055,3012.9177084682183,3047.47509765625,1096774,0.0,0.0
2022-04-26 00:00:00+05:30,3046.891330881031,3065.094755517927,3023.3339438416283,3042.65673828125,1703441,0.0,0.0
2022-04-27 00:00:00+05:30,3013.793828333634,3079.9882664236493,3004.0106322313554,3064.75390625,963536,0.0,0.0
2022-04-28 00:00:00+05:30,3105.2976997918977,3181.226609065806,3085.8287486960235,3161.465576171875,2001838,0.0,0.0
2022-04-29 00:00:00+05:30,3162.7313585032275,3190.9613398502865,3135.766906610246,3151.24462890625,1088970,0.0,0.0
2022-05-02 00:00:00+05:30,3110.165232467651,3126.227118644714,3070.3025988507457,3115.032470703125,595522,0.0,0.0
2022-05-04 00:00:00+05:30,3093.6165252692645,3109.873052933362,2999.6301103635874,3018.51513671875,1120002,0.0,0.0
2022-05-05 00:00:00+05:30,3022.311527178127,3043.9220170177437,2988.484222058733,2994.8603515625,724601,0.0,0.0
2022-05-06 00:00:00+05:30,2939.8118055195814,2971.3514132705213,2924.139203811018,2936.161376953125,923941,0.0,0.0
2022-05-09 00:00:00+05:30,2921.170294808901,2958.112583308854,2896.00657955024,2925.453369140625,998324,0.0,0.0
2022-05-10 00:00:00+05:30,2969.9884368308353,3055.4084582441114,2955.386723768737,3004.39990234375,2460016,0.0,0.0
2022-05-11 00:00:00+05:30,3008.342560970011,3026.984226300787,2899.9005864364094,2972.568359375,1883969,0.0,0.0
2022-05-12 00:00:00+05:30,2961.228037281851,2996.2721560662517,2908.66185910525,2959.232421875,1254245,0.0,0.0
2022-05-13 00:00:00+05:30,2992.767560001103,3033.506441938037,2954.7058969386135,2982.643798828125,1121729,0.0,0.0
2022-05-16 00:00:00+05:30,3007.8558968277553,3007.8558968277553,2905.935972078404,2920.24560546875,733044,0.0,0.0
2022-05-17 00:00:00+05:30,2919.2721100709086,2975.4402305172703,2872.644061939677,2969.015380859375,1179081,0.0,0.0
2022-05-18 00:00:00+05:30,2949.546380889604,3045.7230562865384,2945.6525902877693,3017.78515625,1379763,0.0,0.0
2022-05-19 00:00:00+05:30,2920.829682561889,2990.1391079175864,2920.78096264762,2965.99755859375,772390,0.0,0.0
2022-05-20 00:00:00+05:30,2998.218341379244,3042.023479483811,2988.483866244896,3027.373046875,778957,0.0,0.0
2022-05-23 00:00:00+05:30,3060.4704472673357,3103.3508603568985,3046.939621076196,3089.917236328125,813294,0.0,0.0
2022-05-24 00:00:00+05:30,3090.45316705392,3099.116756749081,2988.484517790546,3004.88720703125,691307,0.0,0.0
2022-05-25 00:00:00+05:30,2958.3073704651656,2958.3073704651656,2751.255105493353,2762.693115234375,3381427,0.0,0.0
2022-05-26 00:00:00+05:30,2774.325859299556,2784.060335998853,2646.366210618926,2764.7373046875,3212196,0.0,0.0
2022-05-27 00:00:00+05:30,2791.84781905872,2792.8212666943746,2707.157874756729,2759.578125,1879534,0.0,0.0
2022-05-30 00:00:00+05:30,2803.5289754746836,2807.4227657183983,2742.201779136175,2768.48486328125,2525482,0.0,0.0
2022-05-31 00:00:00+05:30,2768.485121734369,2801.5823418957502,2736.361349224793,2783.719482421875,2408221,0.0,0.0
2022-06-01 00:00:00+05:30,2783.7193326163565,2861.838502469761,2756.852321467245,2776.75927734375,1770795,0.0,0.0
2022-06-02 00:00:00+05:30,2793.9894755784876,2841.493769757654,2772.37898467619,2831.3212890625,1164197,0.0,0.0
2022-06-03 00:00:00+05:30,2827.865100989096,2841.931370396993,2780.166171574822,2810.24560546875,1228489,0.0,0.0
2022-06-06 00:00:00+05:30,2794.865498903272,2795.741506679867,2733.148778479891,2742.639892578125,1193698,0.0,0.0
2022-06-07 00:00:00+05:30,2725.6534811276456,2729.547271814971,2658.4855917712857,2671.82177734375,1403598,0.0,0.0
2022-06-08 00:00:00+05:30,2698.299768083699,2701.3175512221965,2628.3089687567317,2633.370849609375,1743575,0.0,0.0
2022-06-09 00:00:00+05:30,2623.873855954308,2641.105361962695,2578.5924507909176,2630.531494140625,1857501,15.5,0.0
2022-06-10 00:00:00+05:30,2609.1877271285184,2678.70079603138,2596.4599821181355,2652.021484375,1592920,0.0,0.0
2022-06-13 00:00:00+05:30,2614.034135322827,2626.810881602051,2587.159058752672,2605.02685546875,1674206,0.0,0.0
2022-06-14 00:00:00+05:30,2562.1932032114582,2610.5097812751437,2530.8633665653874,2580.207763671875,2296040,0.0,0.0
2022-06-15 00:00:00+05:30,2594.502305948494,2627.3987326840547,2572.0819854062847,2605.418701171875,928842,0.0,0.0
2022-06-16 00:00:00+05:30,2638.51054894235,2668.3717980196284,2584.7113955414443,2601.7958984375,1280628,0.0,0.0
2022-06-17 00:00:00+05:30,2594.600073025084,2601.3554733742226,2506.386906977046,2526.163818359375,2043251,0.0,0.0
2022-06-20 00:00:00+05:30,2545.549289806498,2617.363247112692,2534.1433664844026,2604.97802734375,1595360,0.0,0.0
2022-06-21 00:00:00+05:30,2618.929850097219,2653.245863779317,2584.7118377776374,2622.2587890625,1042074,0.0,0.0
2022-06-22 00:00:00+05:30,2631.706016369741,2651.238161654453,2571.3472295741108,2610.509521484375,1871760,0.0,0.0
2022-06-23 00:00:00+05:30,2618.929270972894,2709.9815996692782,2618.929270972894,2700.435791015625,1612872,0.0,0.0
2022-06-24 00:00:00+05:30,2716.884149968086,2726.4789598167517,2668.9103397524336,2703.079345703125,2215583,0.0,0.0
2022-06-27 00:00:00+05:30,2721.6814735304606,2768.4314627122685,2707.093614402077,2761.871826171875,1295734,0.0,0.0
2022-06-28 00:00:00+05:30,2721.7797202371403,2726.479243818629,2647.665118826151,2669.400146484375,1838358,0.0,0.0
2022-06-29 00:00:00+05:30,2649.819021647503,2662.0572399259413,2621.9158839726633,2641.30126953125,1066354,0.0,0.0
2022-06-30 00:00:00+05:30,2657.9939917964102,2669.840442535592,2623.8737469019316,2638.75537109375,1291447,0.0,0.0
2022-07-01 00:00:00+05:30,2648.252328900902,2721.7796370081332,2628.7691817866325,2715.072998046875,1477191,0.0,0.0
2022-07-04 00:00:00+05:30,2717.030907272893,2739.4024633152535,2687.316660138525,2731.86376953125,653147,0.0,0.0
2022-07-05 00:00:00+05:30,2726.674961617523,2753.4032774489715,2702.1985256963603,2708.660400390625,1073043,0.0,0.0
2022-07-06 00:00:00+05:30,2771.2708335042553,2808.9155408558863,2746.402633364842,2801.474609375,2085735,0.0,0.0
2022-07-07 00:00:00+05:30,2840.6367644401344,2870.596013534885,2816.552098193376,2830.84619140625,1469087,0.0,0.0
2022-07-08 00:00:00+05:30,2819.685265624368,2827.5177246955473,2781.012498960423,2819.489501953125,1274148,0.0,0.0
2022-07-11 00:00:00+05:30,2813.8111212855447,2878.9674426198085,2791.635565575428,2871.62451171875,1081885,0.0,0.0
2022-07-12 00:00:00+05:30,2858.8476734449473,2862.0296100677883,2824.972191018393,2832.60888671875,1115524,0.0,0.0
2022-07-13 00:00:00+05:30,2887.2402109875734,2906.7723578952287,2864.770891942596,2879.603515625,2153712,0.0,0.0
2022-07-14 00:00:00+05:30,2890.275419984235,2892.96782780986,2851.406650333982,2877.596435546875,882479,0.0,0.0
2022-07-15 00:00:00+05:30,2888.170171648461,2922.486179450559,2878.8691268562397,2915.779541015625,1668006,0.0,0.0
2022-07-18 00:00:00+05:30,2932.0321161992356,2961.6486022214503,2925.8150061669703,2954.6484375,823390,0.0,0.0
2022-07-19 00:00:00+05:30,2920.968774460805,2959.6905427311176,2915.7797223957655,2955.872314453125,638171,0.0,0.0
2022-07-20 00:00:00+05:30,2969.480835920883,2980.935758699021,2937.1719445310414,2943.48681640625,867436,0.0,0.0
2022-07-21 00:00:00+05:30,2918.5700604980784,3020.3430277172906,2918.5700604980784,3001.887939453125,1184060,0.0,0.0
2022-07-22 00:00:00+05:30,3001.8878170659796,3027.9795996639623,2984.1667835343164,3003.160400390625,1268141,0.0,0.0
2022-07-25 00:00:00+05:30,3005.2165370000885,3051.917524807815,2987.740267684686,3039.924072265625,985844,0.0,0.0
2022-07-26 00:00:00+05:30,3031.161441787639,3083.8347730454248,2989.061977318366,3043.399658203125,2876310,0.0,0.0
2022-07-27 00:00:00+05:30,3053.631079516396,3126.1303289693437,3031.161759627024,3119.325927734375,1976407,0.0,0.0
2022-07-28 00:00:00+05:30,3131.025177431689,3211.3078742889115,3115.360260971743,3203.866943359375,1332572,0.0,0.0
2022-07-29 00:00:00+05:30,3216.5948555424993,3284.101049650748,3206.412754924189,3263.932373046875,1836550,0.0,0.0
2022-08-01 00:00:00+05:30,3270.100682510201,3284.7375426817407,3245.0857183960147,3254.92529296875,1076122,0.0,0.0
2022-08-02 00:00:00+05:30,3261.2399024343254,3333.4453791093574,3255.9530885668123,3325.025390625,1650536,0.0,0.0
2022-08-03 00:00:00+05:30,3332.711444816545,3375.789971130272,3300.6473144353045,3367.61474609375,1169005,0.0,0.0
2022-08-04 00:00:00+05:30,3382.643260561719,3404.133522327624,3339.4667343310307,3388.028076171875,981434,0.0,0.0
2022-08-05 00:00:00+05:30,3402.2242754879544,3418.8192496880374,3379.2654285423546,3401.147216796875,792478,0.0,0.0
2022-08-08 00:00:00+05:30,3392.433625226258,3404.133312434131,3364.579492183974,3386.020751953125,724644,0.0,0.0
2022-08-10 00:00:00+05:30,3368.9363566988627,3377.601109896909,3324.878775748137,3340.200927734375,1089295,0.0,0.0
2022-08-11 00:00:00+05:30,3377.748050054708,3405.1126567416427,3319.0046057059303,3333.88623046875,1410533,0.0,0.0
2022-08-12 00:00:00+05:30,3327.81586796856,3362.8661682228358,3312.1509506730326,3356.061767578125,548472,0.0,0.0
2022-08-16 00:00:00+05:30,3397.3286685110056,3435.9524293431587,3382.9365746948897,3427.679443359375,911189,0.0,0.0
2022-08-17 00:00:00+05:30,3444.27471717698,3471.3945576558203,3431.204445120788,3449.904296875,817912,0.0,0.0
2022-08-18 00:00:00+05:30,3451.176964122271,3468.506230434459,3441.924920492071,3461.310302734375,599877,0.0,0.0
2022-08-19 00:00:00+05:30,3446.281860769987,3464.3944216859654,3391.4546493486464,3409.6162109375,581829,0.0,0.0
2022-08-22 00:00:00+05:30,3389.5943504732504,3412.5531961937627,3263.393721960402,3279.59716796875,2336567,0.0,0.0
2022-08-23 00:00:00+05:30,3263.198106299142,3313.081029845526,3247.386425907591,3286.303955078125,831446,0.0,0.0
2022-08-24 00:00:00+05:30,3269.6598911712517,3314.108997476114,3232.847240669462,3308.087890625,1182154,0.0,0.0
2022-08-25 00:00:00+05:30,3304.3182940288107,3333.8367751777396,3281.0166831424244,3292.080078125,615392,0.0,0.0
2022-08-26 00:00:00+05:30,3308.5774918756365,3313.619541526457,3236.4207752552147,3253.946044921875,1384783,0.0,0.0
2022-08-29 00:00:00+05:30,3178.9993681152087,3278.226930913987,3168.9150291203937,3273.233642578125,1031166,0.0,0.0
2022-08-30 00:00:00+05:30,3261.2400731673224,3338.340840432986,3261.2400731673224,3320.571044921875,1426459,0.0,0.0
2022-09-01 00:00:00+05:30,3245.575311348269,3401.636966756474,3245.575311348269,3374.370361328125,1417762,0.0,0.0
2022-09-02 00:00:00+05:30,3415.9306542581567,3415.9306542581567,3353.270991927253,3359.1943359375,740821,0.0,0.0
2022-09-05 00:00:00+05:30,3353.3202037745195,3377.7476352441595,3334.2285867057485,3353.075439453125,518438,0.0,0.0
2022-09-06 00:00:00+05:30,3348.376201126574,3362.621533647429,3313.1301358515575,3324.14453125,540937,0.0,0.0
2022-09-07 00:00:00+05:30,3320.9624709771815,3363.0619362637435,3315.0391263115616,3329.1376953125,682921,0.0,0.0
2022-09-08 00:00:00+05:30,3377.7480123924643,3411.6722555145498,3355.6212196567326,3377.894775390625,1143090,0.0,0.0
2022-09-09 00:00:00+05:30,3410.74220749241,3410.74220749241,3361.544573273413,3369.768798828125,702805,0.0,0.0
2022-09-12 00:00:00+05:30,3369.768603394127,3381.3212887912036,3351.313276912535,3360.320556640625,641280,0.0,0.0
2022-09-13 00:00:00+05:30,3360.1253288518333,3386.559881264129,3343.1385856721076,3350.530517578125,776044,0.0,0.0
2022-09-14 00:00:00+05:30,3309.214056656074,3376.279489461086,3309.214056656074,3366.929443359375,816678,0.0,0.0
2022-09-15 00:00:00+05:30,3367.9573135700743,3386.3146390437487,3318.1233896286108,3324.291259765625,590182,0.0,0.0
2022-09-16 00:00:00+05:30,3340.935451103215,3348.3763831212277,3240.2395386707017,3252.96728515625,1598265,0.0,0.0
2022-09-19 00:00:00+05:30,3251.1065847095615,3272.1075553853784,3163.627956835405,3246.798828125,1013563,0.0,0.0
2022-09-20 00:00:00+05:30,3265.743649552351,3338.585417597969,3264.1770622497443,3322.13720703125,708184,0.0,0.0
2022-09-21 00:00:00+05:30,3333.690189075947,3353.1733342174825,3277.883921593618,3285.765380859375,605378,0.0,0.0
2022-09-22 00:00:00+05:30,3285.765429204918,3367.957244979628,3246.211369306578,3364.041015625,829396,0.0,0.0
2022-09-23 00:00:00+05:30,3363.062061657831,3365.950233090109,3311.8573134666462,3324.14453125,513370,0.0,0.0
2022-09-26 00:00:00+05:30,3299.4231967001306,3395.3708148831015,3283.7582794457676,3366.048095703125,1429914,0.0,0.0
2022-09-27 00:00:00+05:30,3382.4964169601176,3426.7007611681156,3359.194803978639,3397.96533203125,1455383,0.0,0.0
2022-09-28 00:00:00+05:30,3378.726975336439,3507.8645465022087,3348.3761969430952,3495.87109375,1843428,0.0,0.0
2022-09-29 00:00:00+05:30,3488.8220851704614,3488.8220851704614,3301.773118899654,3313.91357421875,2624894,0.0,0.0
2022-09-30 00:00:00+05:30,3330.7531083748613,3340.4456805394857,3216.448162636247,3272.4501953125,2159720,0.0,0.0
2022-10-03 00:00:00+05:30,3277.8840989489145,3282.2898571464266,3216.9377772166654,3233.728515625,934543,0.0,0.0
2022-10-04 00:00:00+05:30,3260.2609384362595,3297.8078829929823,3242.6869070090816,3267.8486328125,994382,0.0,0.0
2022-10-06 00:00:00+05:30,3267.8486626224326,3296.2413257086587,3242.3441709066847,3259.23291015625,922770,0.0,0.0
2022-10-07 00:00:00+05:30,3248.5123457236327,3289.2412278272004,3218.4063316696843,3273.674072265625,774544,0.0,0.0
2022-10-10 00:00:00+05:30,3211.3083850774624,3229.910476332484,3191.923000069322,3209.30126953125,734377,0.0,0.0
2022-10-11 00:00:00+05:30,3221.5882325578814,3289.6327188556393,3205.4337861706435,3229.616455078125,1411316,0.0,0.0
2022-10-12 00:00:00+05:30,3265.1565496725316,3269.562308135358,3138.858140404838,3180.17431640625,1812549,0.0,0.0
2022-10-13 00:00:00+05:30,3162.4533725655983,3189.9647418211725,3127.0113038084673,3141.795166015625,779890,0.0,0.0
2022-10-14 00:00:00+05:30,3167.250694905995,3178.020326326077,3113.4025378055835,3118.787353515625,845765,0.0,0.0
2022-10-17 00:00:00+05:30,3118.787343069639,3150.606708522398,3103.709954743098,3130.634033203125,1067773,0.0,0.0
2022-10-18 00:00:00+05:30,3150.6065405482236,3181.936375631363,3144.7321964701346,3158.292236328125,1015424,0.0,0.0
2022-10-19 00:00:00+05:30,3174.104227054315,3177.7266917842785,3129.4103504368213,3145.466796875,943543,0.0,0.0
2022-10-20 00:00:00+05:30,3131.025363296092,3173.9571231287155,3036.8400952951583,3075.12109375,2284352,0.0,0.0
2022-10-21 00:00:00+05:30,3074.240190045056,3098.4718603328315,3008.3005795296726,3027.636962890625,1738731,0.0,0.0
2022-10-24 00:00:00+05:30,3084.0305403965094,3092.8420562262136,3050.742591706515,3056.274169921875,178709,0.0,0.0
2022-10-25 00:00:00+05:30,3068.366005183705,3069.3450626199474,3015.398902271913,3020.294189453125,1016316,0.0,0.0
2022-10-27 00:00:00+05:30,3057.595970662855,3057.595970662855,2969.480813006865,2979.7119140625,2005709,0.0,0.0
2022-10-28 00:00:00+05:30,2994.6429095999406,3007.2728938478017,2976.334583487317,2989.453857421875,715736,0.0,0.0
2022-10-31 00:00:00+05:30,3021.8092868653566,3052.20386437763,3001.2684831630377,3047.00732421875,814364,4.4,0.0
2022-11-01 00:00:00+05:30,3049.7523715116613,3102.5996163266745,3049.7523715116613,3097.697265625,939335,0.0,0.0
2022-11-02 00:00:00+05:30,3096.32498790561,3098.236856980554,3061.1262023798586,3070.734619140625,787012,0.0,0.0
2022-11-03 00:00:00+05:30,3044.3598134418403,3087.255382471818,3044.3598134418403,3079.950927734375,563798,0.0,0.0
2022-11-04 00:00:00+05:30,3086.5204585133233,3122.7978590739945,3064.8519694564116,3119.21923828125,609757,0.0,0.0
2022-11-07 00:00:00+05:30,3123.7782003833972,3135.5438433226946,3036.95751231931,3042.9384765625,1669943,0.0,0.0
2022-11-09 00:00:00+05:30,3084.559166746821,3084.559166746821,3019.848135276608,3026.22119140625,1391333,0.0,0.0
2022-11-10 00:00:00+05:30,3025.7312614658267,3025.7312614658267,2974.256572150546,2985.678955078125,1375007,0.0,0.0
2022-11-11 00:00:00+05:30,3030.339161123892,3037.4966413683255,2988.4731319853636,2995.728515625,810288,0.0,0.0
2022-11-14 00:00:00+05:30,2996.316897606867,3017.83817038106,2981.658916155726,2993.571533203125,811702,0.0,0.0
2022-11-15 00:00:00+05:30,3008.5729827279606,3034.555444530891,2982.5905209250304,3019.162109375,873840,0.0,0.0
2022-11-16 00:00:00+05:30,3019.162103731694,3032.5944983490485,2991.414747644018,3022.8388671875,770953,0.0,0.0
2022-11-17 00:00:00+05:30,3031.61380063736,3036.0749878368806,3000.238754835162,3011.6123046875,706271,0.0,0.0
2022-11-18 00:00:00+05:30,3034.5551750714244,3054.0176036880466,2996.0717209126024,3035.04541015625,1258576,0.0,0.0
2022-11-21 00:00:00+05:30,3044.360367820763,3049.6059798235515,3006.318071227573,3034.849853515625,612194,0.0,0.0
2022-11-22 00:00:00+05:30,3043.3798849557593,3058.5771749740625,3012.2990235670463,3043.23291015625,764079,0.0,0.0
2022-11-23 00:00:00+05:30,3050.242691193687,3053.9685257048304,3029.6528176755037,3040.241943359375,488341,0.0,0.0
2022-11-24 00:00:00+05:30,3057.0573791083993,3059.3125087135704,3031.6142222393587,3054.459228515625,571872,0.0,0.0
2022-11-25 00:00:00+05:30,3054.4589921806264,3058.8711082687646,3015.1911111216714,3047.448486328125,898769,0.0,0.0
2022-11-28 00:00:00+05:30,3047.448423923714,3097.3054304477732,3036.2220877594186,3089.65771484375,914689,0.0,0.0
2022-11-29 00:00:00+05:30,3095.3442700097694,3107.1099118343236,3066.0771402221526,3073.822998046875,877720,0.0,0.0
2022-11-30 00:00:00+05:30,3078.578317664016,3137.4556016688143,3072.1073578994087,3113.139892578125,2547283,0.0,0.0
2022-12-01 00:00:00+05:30,3128.6806838686352,3134.563505586972,3099.51169284855,3117.25830078125,761717,0.0,0.0
2022-12-02 00:00:00+05:30,3111.1789998498994,3112.3066842326307,3072.793686276127,3082.05908203125,932259,0.0,0.0
2022-12-05 00:00:00+05:30,3068.8717847547173,3106.815934346651,3051.7135559262165,3095.246337890625,926122,0.0,0.0
2022-12-06 00:00:00+05:30,3063.969427635125,3107.110117176228,3063.969427635125,3099.95263671875,958365,0.0,0.0
2022-12-07 00:00:00+05:30,3117.8954374418877,3171.527112972417,3114.365648744791,3163.4873046875,1832282,0.0,0.0
2022-12-08 00:00:00+05:30,3166.9192021043636,3177.6062330744826,3140.1032425232465,3158.5361328125,851312,0.0,0.0
2022-12-09 00:00:00+05:30,3171.8213002872612,3179.027852468184,3143.3876626649026,3163.928466796875,847879,0.0,0.0
2022-12-12 00:00:00+05:30,3163.977385717271,3166.918796364049,3080.5392746212974,3104.511962890625,1323816,0.0,0.0
2022-12-13 00:00:00+05:30,3122.7976169079116,3122.7976169079116,3081.274607791191,3116.424560546875,886601,0.0,0.0
2022-12-14 00:00:00+05:30,3116.9148426901497,3132.6023662771404,3063.969450584057,3084.51025390625,1103870,0.0,0.0
2022-12-15 00:00:00+05:30,3080.63722494798,3099.4622040368604,3055.8312821685645,3069.4599609375,799124,0.0,0.0
2022-12-16 00:00:00+05:30,3054.164633825801,3056.1255742006488,2990.7282605739883,2996.21875,1192821,0.0,0.0
2022-12-19 00:00:00+05:30,3002.199679054066,3027.6919036312725,2981.609805357092,3020.779541015625,655594,0.0,0.0
2022-12-20 00:00:00+05:30,3014.9951036455077,3028.329355481679,2959.0592277578667,3021.956298828125,739257,0.0,0.0
2022-12-21 00:00:00+05:30,3024.7507537011406,3051.664614477863,2990.483365970526,3009.700439453125,616324,0.0,0.0
2022-12-22 00:00:00+05:30,3013.9653122779523,3033.0844806544715,2978.717457427556,3028.231201171875,663202,0.0,0.0
2022-12-23 00:00:00+05:30,3018.818878621253,3026.5647373487805,2976.707728557197,2998.179931640625,1230858,0.0,0.0
2022-12-26 00:00:00+05:30,2998.1799373100534,3011.9065210645344,2969.6483961296713,2996.3662109375,536884,0.0,0.0
2022-12-27 00:00:00+05:30,3000.238937157675,3067.8913837798577,2996.611245140864,3051.811767578125,729041,0.0,0.0
2022-12-28 00:00:00+05:30,3049.213358491797,3082.4023716850147,3044.3600787046175,3062.69482421875,972274,0.0,0.0
2022-12-29 00:00:00+05:30,3040.4384524846832,3063.9697400885634,3032.153526182011,3054.31201171875,596265,0.0,0.0
2022-12-30 00:00:00+05:30,3069.6072401703727,3069.6072401703727,3011.318331587777,3027.593994140625,836220,0.0,0.0
2023-01-02 00:00:00+05:30,3027.5938105298005,3027.5938105298005,2962.0004504253325,2987.73779296875,1015990,0.0,0.0
2023-01-03 00:00:00+05:30,2987.4929486431156,3000.189990917894,2965.9226024435266,2969.109130859375,860367,0.0,0.0
2023-01-04 00:00:00+05:30,2975.727324747767,2990.4343790710673,2942.9306414813327,2957.931884765625,836382,0.0,0.0
2023-01-05 00:00:00+05:30,2980.1882848856662,2987.1006477643596,2936.900381342361,2945.67578125,1113920,0.0,0.0
2023-01-06 00:00:00+05:30,2951.2153767285713,2964.4517247637327,2894.3481036886187,2920.232421875,1045526,0.0,0.0
2023-01-09 00:00:00+05:30,2934.8415633422305,2958.7158696239976,2893.367625077742,2925.8701171875,808263,0.0,0.0
2023-01-10 00:00:00+05:30,2925.8701563474697,2926.7036517963575,2894.544180210303,2902.53515625,864325,0.0,0.0
2023-01-11 00:00:00+05:30,2916.8005857839357,2916.8005857839357,2877.679922114787,2882.974365234375,890426,0.0,0.0
2023-01-12 00:00:00+05:30,2881.6020845579997,2882.435580025277,2839.441863518192,2859.002197265625,1558620,0.0,0.0
2023-01-13 00:00:00+05:30,2867.8755103065005,2867.8755103065005,2815.665468965023,2852.3349609375,1507864,0.0,0.0
2023-01-16 00:00:00+05:30,2867.87525783562,2872.3855163833077,2839.4416228006685,2859.10009765625,644073,0.0,0.0
2023-01-17 00:00:00+05:30,2867.8754626252894,2887.337892710443,2854.295854001931,2883.46484375,716489,0.0,0.0
2023-01-18 00:00:00+05:30,2890.3769578833944,2902.1916711760464,2872.1403565461846,2887.729736328125,893808,0.0,0.0
2023-01-19 00:00:00+05:30,2897.191542267091,2915.5265280495687,2788.065391313267,2810.1748046875,2379947,0.0,0.0
2023-01-20 00:00:00+05:30,2792.3792409887214,2792.3792409887214,2726.6877349682704,2733.35498046875,3171005,0.0,0.0
2023-01-23 00:00:00+05:30,2745.3166726099107,2745.3166726099107,2713.7946501359547,2730.0703125,1402260,0.0,0.0
2023-01-24 00:00:00+05:30,2740.414285500848,2771.8874755484903,2730.070276727565,2755.709716796875,1061471,0.0,0.0
2023-01-25 00:00:00+05:30,2756.0037177099193,2756.1018604835303,2713.059312449146,2720.804931640625,857953,0.0,0.0
2023-01-27 00:00:00+05:30,2712.5694030304426,2718.6973428014644,2633.396421188842,2669.4775390625,1801498,0.0,0.0
2023-01-30 00:00:00+05:30,2670.8007207188125,2721.785169131947,2643.592673729111,2712.176513671875,1171912,0.0,0.0
2023-01-31 00:00:00+05:30,2706.0977071193925,2725.658039410463,2664.9670307860656,2672.61474609375,1961805,0.0,0.0
2023-02-01 00:00:00+05:30,2696.097176166808,2723.7463896996014,2651.97601434662,2690.165283203125,1176872,0.0,0.0
2023-02-02 00:00:00+05:30,2687.469046434409,2687.469046434409,2641.3869431208673,2652.809326171875,1308570,0.0,0.0
2023-02-03 00:00:00+05:30,2652.809004592195,2709.921391669192,2647.2694439123065,2706.48974609375,1278409,0.0,0.0
2023-02-06 00:00:00+05:30,2706.489755838597,2711.0000143601706,2664.9179164668876,2700.410888671875,1120284,0.0,0.0
2023-02-07 00:00:00+05:30,2708.05860029939,2720.3144773825697,2694.478992742187,2704.185791015625,732250,0.0,0.0
2023-02-08 00:00:00+05:30,2713.9416559012093,2729.6291799237597,2690.704558817331,2711.588623046875,811956,0.0,0.0
2023-02-09 00:00:00+05:30,2727.6193366267335,2765.269540231568,2712.12785782242,2759.6318359375,946372,0.0,0.0
2023-02-10 00:00:00+05:30,2774.7305060516337,2775.661904813422,2738.453110742831,2749.82666015625,700072,0.0,0.0
2023-02-13 00:00:00+05:30,2759.533236368192,2773.750053539035,2725.7070162030814,2736.2470703125,467228,0.0,0.0
2023-02-14 00:00:00+05:30,2749.9739184271402,2749.9739184271402,2711.000226205916,2722.765869140625,524746,0.0,0.0
2023-02-15 00:00:00+05:30,2722.765610270529,2743.6496723685855,2700.2147967897145,2731.73681640625,817717,0.0,0.0
2023-02-16 00:00:00+05:30,2742.3752299517687,2778.99588874647,2735.610081122099,2751.150390625,788964,0.0,0.0
2023-02-17 00:00:00+05:30,2748.208942321943,2790.2712581852675,2731.0997849381024,2778.260498046875,840526,0.0,0.0
2023-02-20 00:00:00+05:30,2789.4377736704855,2796.3010652049998,2757.180399207313,2770.36767578125,646218,0.0,0.0
2023-02-21 00:00:00+05:30,2781.594271244896,2783.2610228984327,2750.219221304876,2762.0830078125,631934,0.0,0.0
2023-02-22 00:00:00+05:30,2755.0720410391414,2758.993921626218,2725.707008017928,2741.345458984375,580270,0.0,0.0
2023-02-23 00:00:00+05:30,2750.2191450751748,2750.758451605597,2647.3679080903985,2653.103515625,1790570,0.0,0.0
2023-02-24 00:00:00+05:30,2659.133261216564,2708.05862727086,2657.0741780970425,2685.017578125,1429040,0.0,0.0
2023-02-27 00:00:00+05:30,2686.880600902729,2704.7741831220746,2671.83052605688,2696.195068359375,561317,0.0,0.0
2023-02-28 00:00:00+05:30,2696.293335542751,2783.5551925839527,2674.1836823167737,2773.554443359375,1815923,0.0,0.0
2023-03-01 00:00:00+05:30,2772.7697546459253,2797.5756988402995,2761.053183507711,2785.417724609375,816598,0.0,0.0
2023-03-02 00:00:00+05:30,2775.7111754881735,2793.359639337975,2756.101771210617,2778.554443359375,604523,0.0,0.0
2023-03-03 00:00:00+05:30,2781.6428345478244,2796.300815139765,2755.758279451728,2773.60302734375,679295,0.0,0.0
2023-03-06 00:00:00+05:30,2787.47677636368,2827.676054531429,2774.9757813237093,2808.60595703125,1050267,0.0,0.0
2023-03-08 00:00:00+05:30,2813.9494790149884,2813.9494790149884,2771.789260339851,2803.70361328125,580250,0.0,0.0
2023-03-09 00:00:00+05:30,2806.1057261372875,2816.3515919029246,2781.4469962356134,2797.82080078125,774224,0.0,0.0
2023-03-10 00:00:00+05:30,2788.457294669596,2788.457294669596,2752.1798966728397,2774.9267578125,489978,0.0,0.0
2023-03-13 00:00:00+05:30,2768.357723632843,2793.800878495444,2718.0595524282803,2729.8251953125,813217,0.0,0.0
2023-03-14 00:00:00+05:30,2728.5996687219335,2732.5215497713184,2686.5375902163287,2691.979248046875,1060450,0.0,0.0
2023-03-15 00:00:00+05:30,2718.059248992859,2810.370655440186,2711.1959580765933,2772.18115234375,2170346,0.0,0.0
2023-03-16 00:00:00+05:30,2794.340266339216,2843.363779783764,2773.456201737314,2836.74560546875,1755487,0.0,0.0
2023-03-17 00:00:00+05:30,2866.8457910058796,2866.8457910058796,2799.2914900317023,2806.742919921875,1848073,0.0,0.0
2023-03-20 00:00:00+05:30,2858.070890952769,2858.070890952769,2775.760458108432,2799.3896484375,1074367,0.0,0.0
2023-03-21 00:00:00+05:30,2802.3308422226773,2830.6175036035056,2779.6330525514163,2783.653076171875,691891,0.0,0.0
2023-03-22 00:00:00+05:30,2769.8283493348454,2797.428490057934,2759.876672430527,2784.388427734375,731807,0.0,0.0
2023-03-23 00:00:00+05:30,2762.0827913553962,2767.867469985704,2713.6964895688743,2743.15966796875,1016581,0.0,0.0
2023-03-24 00:00:00+05:30,2743.159421897433,2760.660670377068,2718.6967396333175,2743.845703125,784111,0.0,0.0
2023-03-27 00:00:00+05:30,2743.845939494051,2764.926049445497,2732.080296730453,2748.993408203125,791560,0.0,0.0
2023-03-28 00:00:00+05:30,2736.4924404479502,2755.7097529052667,2711.0002142022868,2730.0703125,558581,0.0,0.0
2023-03-29 00:00:00+05:30,2730.0703343516157,2739.188755533149,2701.1955334206086,2716.392822265625,1087648,0.0,0.0
2023-03-31 00:00:00+05:30,2702.2248427376876,2720.8047044666428,2693.8417749629193,2707.71533203125,1967803,0.0,0.0
2023-04-03 00:00:00+05:30,2693.3026904171006,2727.3249600287777,2655.7506321759633,2722.765869140625,1035295,0.0,0.0
2023-04-05 00:00:00+05:30,2706.098068642069,2756.6413612406895,2698.4994237029473,2753.65087890625,668643,0.0,0.0
2023-04-06 00:00:00+05:30,2752.6210930641705,2769.8283934359683,2732.37447860987,2754.974365234375,627554,0.0,0.0
2023-04-10 00:00:00+05:30,2755.1211430249746,2755.1211430249746,2701.293427118472,2722.12841796875,1215461,0.0,0.0
2023-04-11 00:00:00+05:30,2735.512018415604,2735.512018415604,2696.3422795031374,2700.01904296875,1246379,0.0,0.0
2023-04-12 00:00:00+05:30,2701.734574453279,2751.3952918889822,2697.273387388423,2732.3251953125,2235399,0.0,0.0
2023-04-13 00:00:00+05:30,2732.2763340930537,2758.35693788399,2727.6681719000244,2754.876220703125,602597,0.0,0.0
2023-04-17 00:00:00+05:30,2769.8283446130977,2790.026126698081,2751.1994106139296,2787.574951171875,754555,0.0,0.0
2023-04-18 00:00:00+05:30,2792.379386273629,2802.6252529309004,2774.829063829458,2798.8505859375,717724,0.0,0.0
2023-04-19 00:00:00+05:30,2780.9568236059717,2796.987368191003,2745.953845010205,2754.8271484375,799624,0.0,0.0
2023-04-20 00:00:00+05:30,2764.9257503813824,2795.320324233093,2758.209434281243,2788.31005859375,761101,0.0,0.0
2023-04-21 00:00:00+05:30,2791.4967757466907,2830.6174406073587,2791.4967757466907,2825.813232421875,894930,0.0,0.0
2023-04-24 00:00:00+05:30,2825.8134628763783,2841.4028444311434,2796.3012119798555,2834.6376953125,782967,0.0,0.0
2023-04-25 00:00:00+05:30,2834.5886115542853,2845.0795955302556,2808.2138177645134,2841.40283203125,636120,0.0,0.0
2023-04-26 00:00:00+05:30,2840.373029216028,2859.492197652924,2831.6469403964343,2853.168212890625,569221,0.0,0.0
2023-04-27 00:00:00+05:30,2858.560812311972,2862.972928125864,2837.333728645285,2843.314453125,599461,0.0,0.0
2023-04-28 00:00:00+05:30,2862.9241017866552,2862.9241017866552,2791.006751488194,2845.66796875,1080665,0.0,0.0
2023-05-02 00:00:00+05:30,2854.0998727043097,2876.405571253982,2836.5004793055764,2842.922607421875,663800,0.0,0.0
2023-05-03 00:00:00+05:30,2861.011945365899,2904.544725002139,2840.422071872861,2872.4833984375,1237193,0.0,0.0
2023-05-04 00:00:00+05:30,2890.4262200728544,2927.831063365797,2865.080969035857,2924.595703125,1008540,0.0,0.0
2023-05-05 00:00:00+05:30,2912.976988654849,2965.9223798993326,2893.4166558751585,2954.107666015625,1326561,0.0,0.0
2023-05-08 00:00:00+05:30,2956.1176683524873,2976.4133537233706,2934.5473238404625,2960.480712890625,941879,0.0,0.0
2023-05-09 00:00:00+05:30,2957.147432272356,3014.750061152306,2951.9508919201503,2975.53125,1025850,0.0,0.0
2023-05-10 00:00:00+05:30,2983.5217298006505,2997.2973839047636,2959.941373753768,2982.001953125,751851,0.0,0.0
2023-05-11 00:00:00+05:30,2992.4442054157716,3094.5110124647167,2972.295494368145,3078.431396484375,3229605,0.0,0.0
2023-05-12 00:00:00+05:30,3077.6960585376078,3117.650220495367,3025.7311362367177,3069.950439453125,1998170,0.0,0.0
2023-05-15 00:00:00+05:30,3072.989750305678,3106.1296919899423,3060.096662516319,3070.832763671875,810281,0.0,0.0
2023-05-16 00:00:00+05:30,3070.8330002245275,3103.8748016819186,3061.3715575150345,3076.81396484375,822404,0.0,0.0
2023-05-17 00:00:00+05:30,3074.7547030298006,3086.4712746390796,3015.4853243105263,3032.05517578125,835371,0.0,0.0
2023-05-18 00:00:00+05:30,3044.99731224012,3063.969507177611,3032.8395769846866,3048.3310546875,498067,0.0,0.0
2023-05-19 00:00:00+05:30,3062.989072184875,3066.861881811993,3008.131809371581,3024.21142578125,633262,0.0,0.0
2023-05-22 00:00:00+05:30,3010.0436768692007,3044.948513626895,2986.512390795956,3024.652587890625,659425,0.0,0.0
2023-05-23 00:00:00+05:30,3026.711380351304,3066.8615854814448,3024.750440033616,3059.6552734375,581204,0.0,0.0
2023-05-24 00:00:00+05:30,3054.1648151127733,3071.9602543217666,3037.4968209371978,3040.928466796875,439465,0.0,0.0
2023-05-25 00:00:00+05:30,3040.928434998082,3067.8913664707397,3025.731146349857,3062.5478515625,500313,0.0,0.0
2023-05-26 00:00:00+05:30,3062.00853501105,3075.6860468750488,3050.9782448993383,3067.302978515625,568249,0.0,0.0
2023-05-29 00:00:00+05:30,3085.7360982767996,3093.383814535916,3055.1945440027803,3076.12744140625,535712,0.0,0.0
2023-05-30 00:00:00+05:30,3085.441654077151,3093.38355864554,3066.4696988545093,3082.990478515625,506026,0.0,0.0
2023-05-31 00:00:00+05:30,3090.393006854284,3156.4768421254707,3075.1957187157363,3130.59228515625,2349066,0.0,0.0
2023-06-01 00:00:00+05:30,3172.164539861095,3186.430190593925,3144.3681123425076,3177.409912109375,1104861,0.0,0.0
2023-06-02 00:00:00+05:30,3176.1350147535795,3186.4790230577487,3156.133518771358,3174.027099609375,781973,0.0,0.0
2023-06-05 00:00:00+05:30,3176.6746228455995,3176.6746228455995,3132.602531814009,3137.259765625,492565,0.0,0.0
2023-06-06 00:00:00+05:30,3145.103264265214,3175.6448150540446,3132.6022692938536,3150.005615234375,577698,0.0,0.0
2023-06-07 00:00:00+05:30,3154.1725971533633,3166.18335696534,3143.6325426244857,3161.8203125,470038,0.0,0.0
2023-06-08 00:00:00+05:30,3157.1142695929643,3183.5869668845826,3130.6415723013465,3149.515625,561161,0.0,0.0
2023-06-09 00:00:00+05:30,3168.0709059988744,3196.7924456241662,3127.357178388282,3139.201171875,1239045,21.25,0.0
2023-06-12 00:00:00+05:30,3143.790903025459,3160.718089804831,3110.1835203196893,3153.216796875,1029156,0.0,0.0
2023-06-13 00:00:00+05:30,3168.26813663584,3229.462100645629,3163.4810930645417,3220.43115234375,1598821,0.0,0.0
2023-06-14 00:00:00+05:30,3222.5534416908013,3247.1296334199333,3210.7094474181245,3227.685791015625,741615,0.0,0.0
2023-06-15 00:00:00+05:30,3233.410435035481,3261.046421659716,3230.794982688074,3251.52197265625,806994,0.0,0.0
2023-06-16 00:00:00+05:30,3248.955465269003,3278.8121988679663,3243.823116281688,3273.729248046875,984671,0.0,0.0
2023-06-19 00:00:00+05:30,3275.7035537460833,3301.464097427692,3260.3062643754515,3266.67236328125,516915,0.0,0.0
2023-06-20 00:00:00+05:30,3271.903325843176,3283.599366245303,3234.496141370281,3275.55517578125,866290,0.0,0.0
2023-06-21 00:00:00+05:30,3275.555312026165,3289.669453584717,3257.0984688957597,3272.9892578125,742456,0.0,0.0
2023-06-22 00:00:00+05:30,3281.7732927651227,3283.5993382019014,3200.2964369574242,3205.82373046875,871640,0.0,0.0
2023-06-23 00:00:00+05:30,3222.553290316352,3261.19422342919,3210.7586947671803,3254.828125,1260659,0.0,0.0
2023-06-26 00:00:00+05:30,3252.1633868091217,3272.2489232326866,3228.8701019767163,3265.142333984375,592801,0.0,0.0
2023-06-27 00:00:00+05:30,3232.423521077425,3301.019989692656,3230.7950682092055,3282.760498046875,914141,0.0,0.0
2023-06-28 00:00:00+05:30,3287.6954494360393,3311.630188147785,3280.292952927252,3304.72119140625,713110,0.0,0.0
2023-06-30 00:00:00+05:30,3309.4091595086675,3404.7534028707387,3300.2794145860744,3318.341552734375,1436363,0.0,0.0
2023-07-03 00:00:00+05:30,3321.253545861505,3336.0091412077295,3293.8149096815546,3315.035400390625,474224,0.0,0.0
2023-07-04 00:00:00+05:30,3315.035462245957,3342.9675987310256,3287.6956218993346,3304.178466796875,473663,0.0,0.0
2023-07-05 00:00:00+05:30,3307.780860229807,3355.798289365977,3297.31856917629,3330.531005859375,632406,0.0,0.0
2023-07-06 00:00:00+05:30,3365.6683459324954,3365.6683459324954,3324.0170145955226,3355.2060546875,693995,0.0,0.0
2023-07-07 00:00:00+05:30,3340.9933527042426,3369.6163385915165,3293.7653296035687,3300.230224609375,620761,0.0,0.0
2023-07-10 00:00:00+05:30,3301.51354558229,3328.2119320141933,3251.1271695856703,3299.6875,548838,0.0,0.0
2023-07-11 00:00:00+05:30,3306.398794949799,3355.7487679813835,3301.513195813005,3348.445068359375,772158,0.0,0.0
2023-07-12 00:00:00+05:30,3363.6944427882145,3370.011143477199,3318.539213692686,3362.460693359375,1025127,0.0,0.0
2023-07-13 00:00:00+05:30,3380.4732759927992,3380.4732759927992,3340.3518428410434,3354.3671875,750126,0.0,0.0
2023-07-14 00:00:00+05:30,3354.3672841050393,3394.2913667006064,3342.967391397195,3385.16162109375,832843,0.0,0.0
2023-07-17 00:00:00+05:30,3385.1614046743152,3427.8491314042994,3380.4731572299816,3415.412841796875,817694,0.0,0.0
2023-07-18 00:00:00+05:30,3415.018361012379,3477.199331169541,3410.675659483313,3467.7734375,962485,0.0,0.0
2023-07-19 00:00:00+05:30,3474.238307486118,3484.10830267784,3437.225825517161,3468.957763671875,620289,0.0,0.0
2023-07-20 00:00:00+05:30,3464.41756278361,3489.043151543888,3449.513774292752,3480.16015625,589848,0.0,0.0
2023-07-21 00:00:00+05:30,3489.9807580620577,3491.9547570192008,3459.4331723935993,3471.968017578125,857975,0.0,0.0
2023-07-24 00:00:00+05:30,3460.42005195317,3521.6140175039677,3453.0175561204123,3497.6298828125,680246,0.0,0.0
2023-07-25 00:00:00+05:30,3501.7755463348644,3501.7755463348644,3306.4484351636606,3356.193115234375,2555630,0.0,0.0
2023-07-26 00:00:00+05:30,3355.6502017406197,3368.629148219199,3321.25317426241,3329.149169921875,959076,0.0,0.0
2023-07-27 00:00:00+05:30,3345.9282329142497,3369.6162204039083,3307.4352532435546,3325.595947265625,874078,0.0,0.0
2023-07-28 00:00:00+05:30,3331.1232967416404,3354.8112846295808,3320.7598020406663,3346.619140625,553750,0.0,0.0
2023-07-31 00:00:00+05:30,3279.996703374186,3343.9543194242783,3279.947305205653,3333.44287109375,933890,0.0,0.0
2023-08-01 00:00:00+05:30,3328.162374423261,3340.9933681562097,3294.604390814011,3299.489990234375,698667,0.0,0.0
2023-08-02 00:00:00+05:30,3297.762579624948,3328.1128133150632,3287.349687027364,3319.180419921875,857218,0.0,0.0
2023-08-03 00:00:00+05:30,3326.188266380988,3336.008863069105,3274.8148949635793,3292.975830078125,711067,0.0,0.0
2023-08-04 00:00:00+05:30,3294.7521668185223,3329.445342583958,3279.7992213144535,3296.232666015625,519248,0.0,0.0
2023-08-07 00:00:00+05:30,3272.9399606576408,3306.448547746691,3272.890562485978,3299.53955078125,360358,0.0,0.0
2023-08-08 00:00:00+05:30,3299.539286036437,3316.2688791528,3289.323744956236,3304.523681640625,500258,0.0,0.0
2023-08-09 00:00:00+05:30,3289.2252099080974,3313.3079011602754,3260.059326684929,3287.6953125,643222,0.0,0.0
2023-08-10 00:00:00+05:30,3266.968176590156,3276.838171081365,3188.0082206604848,3195.805419921875,1253219,0.0,0.0
2023-08-11 00:00:00+05:30,3195.80559597906,3206.7119886860123,3138.6584211133827,3143.93896484375,919023,0.0,0.0
2023-08-14 00:00:00+05:30,3143.939101574262,3168.169747665514,3111.2693202011,3160.96484375,815534,0.0,0.0
2023-08-16 00:00:00+05:30,3153.364683921929,3167.133520059794,3135.598692483839,3152.52587890625,597686,0.0,0.0
2023-08-17 00:00:00+05:30,3181.9873976387644,3182.08619396941,3120.8922287007676,3141.865966796875,873392,0.0,0.0
2023-08-18 00:00:00+05:30,3133.624418177848,3144.0867086035,3113.9832257554676,3122.422119140625,592652,0.0,0.0
2023-08-21 00:00:00+05:30,3118.819776474237,3146.0610603956316,3111.1705299744517,3140.9287109375,353330,0.0,0.0
2023-08-22 00:00:00+05:30,3157.0164944796993,3157.0164944796993,3129.7752136412855,3138.362060546875,377068,0.0,0.0
2023-08-23 00:00:00+05:30,3144.580592253651,3154.4505878351124,3124.1003514221184,3127.604248046875,370811,0.0,0.0
2023-08-24 00:00:00+05:30,3143.593253223684,3190.8704305668193,3129.67646457,3183.66552734375,1167742,0.0,0.0
2023-08-25 00:00:00+05:30,3182.9743215893027,3222.553094573948,3174.387474859879,3216.92724609375,1363431,0.0,0.0
2023-08-28 00:00:00+05:30,3222.5040130703314,3229.4624078331117,3189.0448259528634,3217.322265625,707315,0.0,0.0
2023-08-29 00:00:00+05:30,3218.6052919897993,3246.2412773242713,3212.7326932995575,3242.984130859375,533163,0.0,0.0
2023-08-30 00:00:00+05:30,3258.3814805527013,3259.911377963059,3233.805048550849,3251.8671875,599080,0.0,0.0
2023-08-31 00:00:00+05:30,3257.1478685442016,3259.072469446995,3178.1385074558825,3213.769287109375,1601967,0.0,0.0
2023-09-01 00:00:00+05:30,3198.964466311682,3221.76401225194,3175.2764761607455,3217.174560546875,650131,0.0,0.0
2023-09-04 00:00:00+05:30,3217.1743164788686,3223.7871650343213,3174.2892357565547,3193.486328125,696213,0.0,0.0
2023-09-05 00:00:00+05:30,3202.813594359975,3206.613639078943,3178.138605189251,3181.395751953125,597022,0.0,0.0
2023-09-06 00:00:00+05:30,3167.281488391077,3188.008478498965,3153.463494985818,3183.36962890625,754106,0.0,0.0
2023-09-07 00:00:00+05:30,3183.3696079528313,3211.449696173211,3159.6322212445616,3204.14599609375,923108,0.0,0.0
2023-09-08 00:00:00+05:30,3208.291106390868,3220.6285995004864,3189.9822184228624,3195.95361328125,395918,0.0,0.0
2023-09-11 00:00:00+05:30,3199.8524278712516,3222.553416717963,3199.8524278712516,3217.026123046875,359345,0.0,0.0
2023-09-12 00:00:00+05:30,3217.61822924608,3237.160866684527,3200.8392384800727,3214.50927734375,554905,0.0,0.0
2023-09-13 00:00:00+05:30,3202.813219145064,3241.947650998492,3183.3693781497504,3235.137451171875,880907,0.0,0.0
2023-09-14 00:00:00+05:30,3239.3324747379156,3251.373820874805,3181.3462520411294,3198.125244140625,1102554,0.0,0.0
2023-09-15 00:00:00+05:30,3192.943323385887,3197.8783207945207,3143.593349299552,3155.091796875,1568607,0.0,0.0
2023-09-18 00:00:00+05:30,3158.398553872476,3187.9097439735474,3148.5285583916248,3164.61669921875,673602,0.0,0.0
2023-09-20 00:00:00+05:30,3164.6166173688275,3186.034458814985,3153.463474570594,3172.56201171875,901084,0.0,0.0
2023-09-21 00:00:00+05:30,3168.2683474406663,3218.802672888753,3139.2012607953316,3202.023681640625,845739,0.0,0.0
2023-09-22 00:00:00+05:30,3192.8939662184057,3240.911636201007,3179.2733250023402,3232.275390625,896521,0.0,0.0
2023-09-25 00:00:00+05:30,3229.7585654154523,3291.4460351848443,3228.623371391688,3280.046142578125,1422084,0.0,0.0
2023-09-26 00:00:00+05:30,3279.799279530112,3281.6744821597267,3217.963858353566,3249.991943359375,834560,0.0,0.0
2023-09-27 00:00:00+05:30,3245.2543586953525,3265.9813482125674,3229.1662186386557,3258.875,516326,0.0,0.0
2023-09-28 00:00:00+05:30,3239.135081815565,3246.2414301857248,3113.983494142889,3129.134033203125,2104381,0.0,0.0
2023-09-29 00:00:00+05:30,3153.463418991276,3153.463418991276,3093.2564491764188,3119.954833984375,1550585,0.0,0.0
2023-10-03 00:00:00+05:30,3124.9391937390174,3185.8370143137695,3120.8923994277266,3125.679443359375,1219145,0.0,0.0
2023-10-04 00:00:00+05:30,3123.803854051831,3147.5412389642256,3110.380806142047,3128.689453125,892584,0.0,0.0
2023-10-05 00:00:00+05:30,3168.2683867872806,3190.0811720674083,3133.0325529219535,3164.567138671875,1002610,0.0,0.0
2023-10-06 00:00:00+05:30,3172.956849142446,3175.1775981619876,3148.5286099274917,3154.203857421875,814257,0.0,0.0
2023-10-09 00:00:00+05:30,3099.2280114900072,3121.879603161531,3091.9734683492256,3111.812255859375,700012,0.0,0.0
2023-10-10 00:00:00+05:30,3109.048309398798,3123.75450501532,3099.2277129322842,3110.52880859375,847367,0.0,0.0
2023-10-11 00:00:00+05:30,3127.8016164256587,3143.5936094401145,3111.072022019308,3122.767822265625,1025317,0.0,0.0
2023-10-12 00:00:00+05:30,3144.580710302284,3147.0482092902803,3109.0981230482394,3118.030517578125,992531,0.0,0.0
2023-10-13 00:00:00+05:30,3109.0483648556287,3130.762353435573,3087.5811261459116,3107.864013671875,854688,0.0,0.0
2023-10-16 00:00:00+05:30,3083.3863925327432,3087.3343904745266,3055.8492032754734,3071.591796875,853011,0.0,0.0
2023-10-17 00:00:00+05:30,3096.2173551358214,3096.2173551358214,3051.605027029462,3073.072265625,792640,0.0,0.0
2023-10-18 00:00:00+05:30,3069.5687168213917,3074.701066482545,3049.828725073344,3056.19482421875,481985,0.0,0.0
2023-10-19 00:00:00+05:30,3047.5583083179304,3070.45664852731,3036.109258696578,3061.47509765625,568124,0.0,0.0
2023-10-20 00:00:00+05:30,3052.2958727473874,3074.6021572420873,3024.7092856478225,3065.472412109375,711434,0.0,0.0
2023-10-23 00:00:00+05:30,3055.7998864501715,3068.482685595751,3024.16650390625,3032.0625,374476,0.0,0.0
2023-10-25 00:00:00+05:30,3053.183848368388,3067.594135998801,3012.322169584408,3021.0078125,669290,0.0,0.0
2023-10-26 00:00:00+05:30,3011.434300955283,3015.2835026571106,2901.7785590219,2921.814697265625,1834111,0.0,0.0
2023-10-27 00:00:00+05:30,2894.6721512998847,2935.977935359751,2892.895504025266,2916.7314453125,1708185,0.0,0.0
2023-10-30 00:00:00+05:30,2935.3365674772213,2953.0531606376903,2900.8903806746007,2928.5263671875,878885,0.0,0.0
2023-10-31 00:00:00+05:30,2930.4015557129533,2973.5827844305154,2927.4405571723205,2956.75439453125,1152306,0.0,0.0
2023-11-01 00:00:00+05:30,2958.97483619647,2969.7824315542553,2891.9082744082175,2896.399169921875,1029990,0.0,0.0
2023-11-02 00:00:00+05:30,2922.5547187191287,2923.4923199869677,2895.8563358682522,2916.97802734375,900125,0.0,0.0
2023-11-03 00:00:00+05:30,2923.6523737189145,2949.2601893991286,2908.821536517094,2944.267333984375,715997,5.15,0.0
2023-11-06 00:00:00+05:30,2964.1899019609345,2999.8333945231516,2950.199575863177,2995.136962890625,620959,0.0,0.0
2023-11-07 00:00:00+05:30,2995.136983199001,3004.678058341163,2968.342508095771,2999.141357421875,757998,0.0,0.0
2023-11-08 00:00:00+05:30,3023.513349272575,3064.0014866238585,3011.846375710147,3060.34326171875,783400,0.0,0.0
2023-11-09 00:00:00+05:30,3065.039643723667,3076.310983277916,3039.3823440157666,3045.462890625,849702,0.0,0.0
2023-11-10 00:00:00+05:30,3035.3779154408185,3050.2087521612134,3005.815210799758,3041.755126953125,364232,0.0,0.0
2023-11-13 00:00:00+05:30,3063.0623085530397,3063.0623085530397,3030.434466015193,3050.80224609375,405941,0.0,0.0
2023-11-15 00:00:00+05:30,3050.900849704392,3083.6771441197307,3043.979792477224,3081.056884765625,700017,0.0,0.0
2023-11-16 00:00:00+05:30,3083.8251912440064,3105.4781154291427,3062.6666282629812,3094.997802734375,675454,0.0,0.0
2023-11-17 00:00:00+05:30,3114.475839176124,3191.8433739112133,3110.1747997956645,3133.16259765625,1430175,0.0,0.0
2023-11-20 00:00:00+05:30,3133.162402494666,3136.128569775788,3096.6786414917847,3104.9345703125,406431,0.0,0.0
2023-11-21 00:00:00+05:30,3121.297985656467,3121.297985656467,3091.7352792533957,3097.914794921875,409069,0.0,0.0
2023-11-22 00:00:00+05:30,3104.5882930323373,3121.3965735997094,3086.0002638921355,3097.667236328125,489889,0.0,0.0
2023-11-23 00:00:00+05:30,3112.4982584278137,3135.6342670975414,3080.0186295382773,3087.730712890625,792460,0.0,0.0
2023-11-24 00:00:00+05:30,3082.8365228127454,3104.390719966833,3075.9154658340126,3100.78173828125,756329,0.0,0.0
2023-11-28 00:00:00+05:30,3105.7254875338667,3124.3630026329824,3100.7818751879286,3112.844482421875,647883,0.0,0.0
2023-11-29 00:00:00+05:30,3112.844482421875,3134.250227324859,3106.5659981876047,3112.844482421875,620725,0.0,0.0
2023-11-30 00:00:00+05:30,3112.844434818703,3118.381135729091,3073.2955366559986,3084.715087890625,1793116,0.0,0.0
2023-12-01 00:00:00+05:30,3111.4599130242404,3154.6177906807293,3104.8355212118618,3137.611572265625,960196,0.0,0.0
2023-12-04 00:00:00+05:30,3154.0247019517265,3168.311693468369,3130.7897237398565,3158.5234375,1018189,0.0,0.0
2023-12-05 00:00:00+05:30,3160.945591734066,3211.0242859896925,3144.1373105143352,3189.86572265625,1005550,0.0,0.0
2023-12-06 00:00:00+05:30,3228.178931494932,3251.9082712670233,3196.49032739682,3215.869384765625,1229158,0.0,0.0
2023-12-07 00:00:00+05:30,3246.9644999055135,3262.7345745797843,3210.233557735869,3215.127685546875,1071725,0.0,0.0
2023-12-08 00:00:00+05:30,3218.291642217353,3232.9247830615814,3191.3984392910347,3195.551025390625,895852,0.0,0.0
2023-12-11 00:00:00+05:30,3193.5736274660244,3208.4044647452783,3149.575476870904,3196.539794921875,910426,0.0,0.0
2023-12-12 00:00:00+05:30,3191.5959161684045,3220.318350246576,3173.7989129183948,3188.382568359375,1019030,0.0,0.0
2023-12-13 00:00:00+05:30,3203.460839576125,3218.2421923948523,3154.321380530462,3207.069580078125,1052079,0.0,0.0
2023-12-14 00:00:00+05:30,3218.2916193715696,3221.8511167958486,3181.7088882143503,3204.795654296875,923107,0.0,0.0
2023-12-15 00:00:00+05:30,3213.348073566198,3288.837131787829,3205.438293692804,3276.52734375,1631687,0.0,0.0
2023-12-18 00:00:00+05:30,3275.6374454804145,3298.1803654019927,3258.8291639913814,3294.47265625,911936,0.0,0.0
2023-12-19 00:00:00+05:30,3298.3285214370694,3316.076040667027,3262.9322103871496,3298.427490234375,780448,0.0,0.0
2023-12-20 00:00:00+05:30,3298.4275118235264,3322.0578813523684,3245.6295892140197,3259.966064453125,979762,0.0,0.0
2023-12-21 00:00:00+05:30,3243.009552229848,3282.5584492082608,3234.9515610254202,3265.70068359375,1585879,0.0,0.0
2023-12-22 00:00:00+05:30,3272.572378086064,3313.0112715854293,3249.930730277332,3303.618408203125,930563,0.0,0.0
2023-12-26 00:00:00+05:30,3312.170859911057,3353.647720124318,3307.4744280795685,3345.1943359375,600190,0.0,0.0
2023-12-27 00:00:00+05:30,3342.9201431857036,3371.4941259087655,3316.1751521930273,3366.05615234375,837182,0.0,0.0
2023-12-28 00:00:00+05:30,3366.599854647486,3381.381206612896,3335.0102214694452,3358.937255859375,779250,0.0,0.0
2023-12-29 00:00:00+05:30,3371.543439653335,3384.347346667226,3345.7376880324437,3364.029052734375,615676,0.0,0.0
2024-01-01 00:00:00+05:30,3364.622381083081,3373.323186619882,3350.928479068857,3357.80029296875,283951,0.0,0.0
2024-01-02 00:00:00+05:30,3357.7014667802177,3360.5686653529883,3307.276621431045,3353.10400390625,552394,0.0,0.0
2024-01-03 00:00:00+05:30,3353.104022944824,3360.667653235218,3327.0510894782315,3335.55419921875,379131,0.0,0.0
2024-01-04 00:00:00+05:30,3333.972224042068,3362.8923567684114,3325.864747931293,3341.83251953125,777127,0.0,0.0
2024-01-05 00:00:00+05:30,3341.832495611715,3342.2773724499325,3310.242860675742,3317.707763671875,416956,0.0,0.0
2024-01-08 00:00:00+05:30,3317.163689321423,3338.421221160592,3257.6921328472304,3261.201904296875,545884,0.0,0.0
2024-01-09 00:00:00+05:30,3272.6713392729052,3277.6149515678794,3225.459841855902,3230.650634765625,670704,0.0,0.0
2024-01-10 00:00:00+05:30,3254.874294749036,3255.8630171958007,3221.4554277709294,3249.782470703125,691087,0.0,0.0
2024-01-11 00:00:00+05:30,3249.782556993819,3271.880359433376,3233.8145442221867,3251.1171875,537469,0.0,0.0
2024-01-12 00:00:00+05:30,3257.7909660025066,3257.7909660025066,3207.415605798031,3240.83447265625,673004,0.0,0.0
2024-01-15 00:00:00+05:30,3245.18471594215,3250.128328098965,3221.851011394371,3236.978271484375,728116,0.0,0.0
2024-01-16 00:00:00+05:30,3238.016584339055,3282.558579607885,3236.9783774746666,3259.718994140625,748215,0.0,0.0
2024-01-17 00:00:00+05:30,3256.95073471425,3267.085139875336,3157.0402823853005,3205.73486328125,2239241,0.0,0.0
2024-01-18 00:00:00+05:30,3221.2083171645063,3221.2083171645063,3014.219413268319,3128.169677734375,1979174,0.0,0.0
2024-01-19 00:00:00+05:30,3141.9621573081467,3165.4443148037344,3113.0915108962968,3130.14697265625,936201,0.0,0.0
2024-01-23 00:00:00+05:30,3052.729871289691,3073.937918331695,2987.4741933836467,3020.250244140625,2365225,0.0,0.0
2024-01-24 00:00:00+05:30,3020.5468674391554,3020.5468674391554,2942.536768301457,2965.623291015625,2665932,0.0,0.0
2024-01-25 00:00:00+05:30,2976.1040428600445,2981.986893128375,2909.1180972335696,2915.940185546875,2001961,0.0,0.0
2024-01-29 00:00:00+05:30,2906.893298796886,2954.7473657171245,2906.893298796886,2942.4873046875,1862723,0.0,0.0
2024-01-30 00:00:00+05:30,2956.279949395016,2971.1107852615464,2917.7692605390534,2920.784912109375,1273188,0.0,0.0
2024-01-31 00:00:00+05:30,2932.550666864542,2938.3840325262413,2914.8031478897383,2924.49267578125,1771244,0.0,0.0
2024-02-01 00:00:00+05:30,2927.607178010001,2939.323635611675,2887.0200731106834,2896.314208984375,3006472,0.0,0.0
2024-02-02 00:00:00+05:30,2916.7312403628976,2928.9420592291744,2891.0739409497114,2903.185791015625,1881911,0.0,0.0
2024-02-05 00:00:00+05:30,2916.7311535092867,2931.561989883063,2879.1597013623873,2884.449462890625,923435,0.0,0.0
2024-02-06 00:00:00+05:30,2897.9454804933644,2913.7650395816936,2869.915102678804,2897.89599609375,1471312,0.0,0.0
2024-02-07 00:00:00+05:30,2923.6522349495817,2969.0839824773043,2902.938548251666,2947.52978515625,1134012,0.0,0.0
2024-02-08 00:00:00+05:30,2965.920060052625,2965.920060052625,2886.871751366604,2896.561279296875,1633654,0.0,0.0
2024-02-09 00:00:00+05:30,2896.956804151015,2925.629755454899,2877.7262006057017,2918.362548828125,1144765,0.0,0.0
2024-02-12 00:00:00+05:30,2918.362383251901,2931.5124394847194,2887.118900160277,2920.48828125,614469,0.0,0.0
2024-02-13 00:00:00+05:30,2931.512741138353,2947.6289662375116,2912.479832928685,2938.087890625,717118,0.0,0.0
2024-02-14 00:00:00+05:30,2936.4067999668127,2947.184019842841,2902.93868881508,2942.83349609375,750339,0.0,0.0
2024-02-15 00:00:00+05:30,2946.3929078102583,2990.391056936955,2933.984392756614,2982.53076171875,1068730,0.0,0.0
2024-02-16 00:00:00+05:30,3000.772501091283,3000.772501091283,2966.1672168941845,2973.97802734375,1179473,0.0,0.0
2024-02-19 00:00:00+05:30,2973.9781050779775,2984.6563556153674,2953.8082640308176,2964.288818359375,560700,0.0,0.0
2024-02-20 00:00:00+05:30,2964.288795283284,2983.074521335063,2938.58201226506,2977.685791015625,729371,0.0,0.0
2024-02-21 00:00:00+05:30,2978.081426333256,2992.6155976927253,2949.853352842569,2967.947021484375,927130,0.0,0.0
2024-02-22 00:00:00+05:30,2949.359137230597,2993.0606222637566,2899.0332599051917,2983.37109375,2615821,0.0,0.0
2024-02-23 00:00:00+05:30,2965.1785105062763,2971.110844972111,2932.74836714892,2952.275634765625,1650523,0.0,0.0
2024-02-26 00:00:00+05:30,2887.069520053798,2896.956744437544,2815.6838082806153,2836.100830078125,3524491,0.0,0.0
2024-02-27 00:00:00+05:30,2822.8025342027813,2837.63337063467,2817.9578908566223,2827.30126953125,1296180,0.0,0.0
2024-02-28 00:00:00+05:30,2818.00718942636,2827.152872073002,2754.0863796996205,2762.836669921875,2472196,0.0,0.0
2024-02-29 00:00:00+05:30,2753.592164019178,2805.994456548089,2745.435203389678,2790.075927734375,2284424,0.0,0.0
2024-03-01 00:00:00+05:30,2800.951875727143,2813.85475263897,2783.3033239217366,2799.81494140625,978174,0.0,0.0
2024-03-04 00:00:00+05:30,2827.746352051514,2828.6855901497297,2796.1072320285602,2799.81494140625,971299,0.0,0.0
2024-03-05 00:00:00+05:30,2802.0392503417916,2802.8797609273374,2773.3663010616533,2788.592529296875,736381,0.0,0.0
2024-03-06 00:00:00+05:30,2796.057612101889,2806.9830434827286,2746.4237932490837,2795.4150390625,1723066,0.0,0.0
2024-03-07 00:00:00+05:30,2793.140890711192,2861.3627390152883,2793.140890711192,2838.17724609375,1564364,0.0,0.0
2024-03-11 00:00:00+05:30,2862.8953113630896,2863.8840338037608,2820.924092034058,2844.40625,866546,0.0,0.0
2024-03-12 00:00:00+05:30,2847.5207894940118,2867.1962706164873,2833.1348288946233,2843.714111328125,663186,0.0,0.0
2024-03-13 00:00:00+05:30,2846.1366542876626,2854.689007265278,2803.028257198741,2827.89453125,955841,0.0,0.0
2024-03-14 00:00:00+05:30,2827.746268651677,2865.3672069718673,2808.9605416921027,2859.632568359375,1381741,0.0,0.0
2024-03-15 00:00:00+05:30,2862.3515653036043,2864.27952585251,2817.859053925828,2835.211181640625,1356226,0.0,0.0
2024-03-18 00:00:00+05:30,2833.67852516248,2833.67852516248,2785.4783060062796,2814.3984375,940424,0.0,0.0
2024-03-19 00:00:00+05:30,2807.971876693855,2807.971876693855,2769.4116995139043,2783.352783203125,1199135,0.0,0.0
2024-03-20 00:00:00+05:30,2783.352705149501,2805.0551149583043,2766.000577627664,2793.0419921875,818910,0.0,0.0
2024-03-21 00:00:00+05:30,2812.9153553783804,2813.3107478013635,2774.3551800322443,2789.334228515625,1167680,0.0,0.0
2024-03-22 00:00:00+05:30,2789.3342356270264,2822.950798835004,2776.3326320000438,2809.454833984375,1652689,0.0,0.0
2024-03-26 00:00:00+05:30,2788.197476824573,2812.075028874362,2778.3102517294506,2782.90771484375,1372390,0.0,0.0
2024-03-27 00:00:00+05:30,2786.1705856204476,2810.7899212774046,2785.9234049896786,2798.5791015625,1156231,0.0,0.0
2024-03-28 00:00:00+05:30,2803.077747083018,2835.656104892092,2787.2087028210626,2814.645751953125,1864623,0.0,0.0
2024-04-01 00:00:00+05:30,2828.685604991314,2853.8980288918906,2820.1827362729296,2838.622314453125,558086,0.0,0.0
2024-04-02 00:00:00+05:30,2841.6376768660216,2859.7805881685695,2823.7911891751805,2841.785888671875,562473,0.0,0.0
2024-04-03 00:00:00+05:30,2812.915235596312,2852.0192548993737,2812.915235596312,2836.99072265625,816676,0.0,0.0
2024-04-04 00:00:00+05:30,2837.633330954643,2910.0572478509594,2819.0947856740163,2885.388671875,1831347,0.0,0.0
2024-04-05 00:00:00+05:30,2891.024630986492,2894.7323404140566,2847.520840369732,2850.931884765625,1155672,0.0,0.0
2024-04-08 00:00:00+05:30,2875.2050582020443,2876.144296308791,2841.390796647836,2859.385498046875,570695,0.0,0.0
2024-04-09 00:00:00+05:30,2860.3740186822292,2883.559511620839,2812.9153415661744,2824.92822265625,1017670,0.0,0.0
2024-04-10 00:00:00+05:30,2850.783518294711,2866.4053814461986,2825.7687917696016,2864.081787109375,740495,0.0,0.0
2024-04-12 00:00:00+05:30,2857.407750851178,2860.3739180665943,2812.915242619931,2822.30810546875,1766311,0.0,0.0
2024-04-15 00:00:00+05:30,2798.2822110653965,2821.3194922743446,2780.633660282893,2812.322021484375,884519,0.0,0.0
2024-04-16 00:00:00+05:30,2795.760878394349,2809.4052961851175,2788.1972483712457,2798.08447265625,911249,0.0,0.0
2024-04-18 00:00:00+05:30,2822.802507386956,2826.955093270974,2768.5217431168207,2776.035888671875,1732434,0.0,0.0
2024-04-19 00:00:00+05:30,2758.5356152534014,2790.273702220383,2734.954488439051,2776.87646484375,1337807,0.0,0.0
2024-04-22 00:00:00+05:30,2814.497457085461,2814.497457085461,2782.314492667595,2809.801025390625,676040,0.0,0.0
2024-04-23 00:00:00+05:30,2819.836380172883,2845.4936790432066,2811.9266007053575,2842.47802734375,929062,0.0,0.0
2024-04-24 00:00:00+05:30,2850.4374691961157,2850.585922402789,2827.746336209245,2835.408935546875,718441,0.0,0.0
2024-04-25 00:00:00+05:30,2832.689944771123,2837.5345884358703,2797.1454193960503,2829.179931640625,1594152,0.0,0.0
2024-04-26 00:00:00+05:30,2837.633523891472,2845.7409999679826,2805.0551663807055,2812.074951171875,625507,0.0,0.0
2024-04-29 00:00:00+05:30,2812.0746938269153,2841.538669377332,2806.9828700645303,2835.853515625,566219,0.0,0.0
2024-04-30 00:00:00+05:30,2822.8025942287427,2879.159773868336,2822.8025942287427,2843.466796875,1290649,0.0,0.0
2024-05-02 00:00:00+05:30,2842.6760564073575,2954.3027261796315,2842.6760564073575,2941.8447265625,2493406,0.0,0.0
2024-05-03 00:00:00+05:30,2949.40867382262,2963.2013042888416,2876.4409057398443,2896.709716796875,1594445,0.0,0.0
2024-05-06 00:00:00+05:30,2916.731066705101,2925.6295682645405,2878.368589482502,2899.082275390625,768806,0.0,0.0
2024-05-07 00:00:00+05:30,2913.765000107278,2934.4786867304765,2871.249935633368,2880.1484375,629534,0.0,0.0
2024-05-08 00:00:00+05:30,2867.295134352044,2872.238746652651,2789.186060002454,2811.234619140625,1652877,0.0,0.0
2024-05-09 00:00:00+05:30,2796.106893249626,2821.764190757112,2673.3076218164765,2679.53662109375,3547959,0.0,0.0
2024-05-10 00:00:00+05:30,2668.561873801872,2761.106391026622,2639.987891752547,2739.9970703125,2478584,0.0,0.0
2024-05-13 00:00:00+05:30,2739.9970304385297,2862.3514309858524,2723.0405373418457,2846.779052734375,2748823,0.0,0.0
2024-05-14 00:00:00+05:30,2846.532085010328,2855.430587533806,2809.9493524138074,2833.826904296875,999330,0.0,0.0
2024-05-15 00:00:00+05:30,2833.8267050570607,2841.8354533200463,2774.503359071429,2781.96826171875,1230520,0.0,0.0
2024-05-16 00:00:00+05:30,2789.2355102611323,2805.598915053308,2755.124585804481,2782.314453125,1534319,0.0,0.0
2024-05-17 00:00:00+05:30,2782.858370375779,2806.192075917212,2754.6797798819634,2778.211181640625,1325150,0.0,0.0
2024-05-21 00:00:00+05:30,2783.2536382029134,2834.617720122482,2769.411524194089,2819.638671875,921822,0.0,0.0
2024-05-22 00:00:00+05:30,2819.638731641434,2862.3514932108474,2804.6101986764775,2853.205810546875,933846,0.0,0.0
2024-05-23 00:00:00+05:30,2852.464140440029,2888.305327646598,2844.851026193612,2871.002685546875,1181894,0.0,0.0
2024-05-24 00:00:00+05:30,2877.3799961999102,2877.3799961999102,2834.6672350754684,2842.329833984375,755822,0.0,0.0
2024-05-27 00:00:00+05:30,2855.331641173289,2865.6145001136465,2823.3466127948745,2839.90771484375,817091,0.0,0.0
2024-05-28 00:00:00+05:30,2843.41745973214,2888.058180308656,2831.7010025347454,2878.36865234375,1084544,0.0,0.0
2024-05-29 00:00:00+05:30,2863.3400139102455,2888.750130811478,2848.6081469958067,2867.443115234375,1758297,0.0,0.0
2024-05-30 00:00:00+05:30,2842.8242984353988,2878.022915127464,2842.5771178164578,2851.178955078125,1344426,0.0,0.0
2024-05-31 00:00:00+05:30,2851.178837337331,2873.2273959137883,2823.3958817481166,2848.70703125,2520363,0.0,0.0
2024-06-03 00:00:00+05:30,2916.7313475307296,2916.7313475307296,2827.795807770775,2834.12353515625,952701,0.0,0.0
2024-06-04 00:00:00+05:30,2847.520650693118,2864.328932311793,2744.4463354727163,2825.422607421875,2683847,0.0,0.0
2024-06-05 00:00:00+05:30,2832.1956134151183,2993.1596853839724,2832.1956134151183,2928.348876953125,2410576,0.0,0.0
2024-06-06 00:00:00+05:30,2926.6184464846833,2928.348710768923,2849.7452761420536,2872.041015625,1689408,0.0,0.0
2024-06-07 00:00:00+05:30,2872.0409700394675,2909.909087479518,2856.2708955194557,2894.6826171875,1600180,0.0,0.0
2024-06-10 00:00:00+05:30,2894.979283348314,2918.609652938206,2882.125891721426,2904.421630859375,876867,0.0,0.0
2024-06-11 00:00:00+05:30,2910.0119721393103,2915.3529149289507,2890.0461953150266,2897.4833984375,855430,28.15,0.0
2024-06-12 00:00:00+05:30,2904.0223565358783,2913.0069564701594,2860.7464360299437,2900.827880859375,1701770,0.0,0.0
2024-06-13 00:00:00+05:30,2923.9879956641967,2923.9879956641967,2900.029063641001,2905.0205078125,726380,0.0,0.0
2024-06-14 00:00:00+05:30,2905.0205818161035,2926.3341464604987,2900.12906389257,2916.600830078125,982815,0.0,0.0
2024-06-18 00:00:00+05:30,2916.6008965404594,2922.9898478991777,2900.029203602155,2913.506103515625,741098,0.0,0.0
2024-06-19 00:00:00+05:30,2913.0069998462563,2915.00357763916,2877.7173898675364,2886.751953125,1018294,0.0,0.0
2024-06-20 00:00:00+05:30,2880.0634196200804,2919.495830391308,2867.48488223935,2910.51123046875,1129752,0.0,0.0
2024-06-21 00:00:00+05:30,2919.9950329036874,2922.9898996041015,2875.171958776641,2885.903564453125,1722379,0.0,0.0
2024-06-24 00:00:00+05:30,2878.0667641413866,2894.987711460704,2866.486515953649,2891.094482421875,892125,0.0,0.0
2024-06-25 00:00:00+05:30,2871.0788567100476,2889.9963824907354,2851.1130788469736,2853.558837890625,1217792,0.0,0.0
2024-06-26 00:00:00+05:30,2855.3056833822648,2868.9324722436054,2839.183416150813,2858.450439453125,960622,0.0,0.0
2024-06-27 00:00:00+05:30,2855.8549500625513,2898.032655783129,2840.131900001034,2875.920654296875,1628022,0.0,0.0
2024-06-28 00:00:00+05:30,2860.097609379526,2926.9829635953824,2857.302351802051,2912.05859375,1206712,0.0,0.0
2024-07-01 00:00:00+05:30,2884.3561606446665,2933.9710701119193,2883.0583363331825,2922.790283203125,1104110,0.0,0.0
2024-07-02 00:00:00+05:30,2922.7901808939437,2930.9761008233318,2907.017168119054,2920.593994140625,1064295,0.0,0.0
2024-07-03 00:00:00+05:30,2924.686746481987,2943.9038065250325,2911.010238208911,2920.5439453125,925189,0.0,0.0
2024-07-04 00:00:00+05:30,2934.969300452944,2963.3705702790794,2917.998389531958,2929.8779296875,968666,0.0,0.0
2024-07-05 00:00:00+05:30,2932.1240818011665,2941.857398365891,2908.115429253143,2930.876220703125,817429,0.0,0.0
2024-07-08 00:00:00+05:30,2930.8760771430766,2930.8760771430766,2885.7534707926598,2893.190673828125,828260,0.0,0.0
2024-07-09 00:00:00+05:30,2903.9722448704574,2908.214972400275,2885.054720276194,2900.029052734375,685431,0.0,0.0
2024-07-10 00:00:00+05:30,2895.087800526693,3009.3419174659725,2889.3976024875383,2991.32275390625,2299950,0.0,0.0
2024-07-11 00:00:00+05:30,2993.868299220322,3024.8152539638468,2967.912788790269,3016.87890625,1968980,0.0,0.0
2024-07-12 00:00:00+05:30,3019.8239320419407,3046.7777324271087,2965.816404892139,2994.01806640625,1879930,0.0,0.0
2024-07-15 00:00:00+05:30,2993.8684407799815,2993.8684407799815,2927.5321914619267,2951.441162109375,2425341,0.0,0.0
2024-07-16 00:00:00+05:30,2953.9368368971186,3010.7893406572043,2936.4667812547737,2969.3603515625,2085611,0.0,0.0
2024-07-18 00:00:00+05:30,2870.0804088800546,2952.838456050443,2837.136877230301,2926.53369140625,5384611,0.0,0.0
2024-07-19 00:00:00+05:30,2919.9950033235214,2974.9008922749035,2912.2582644258264,2941.009033203125,2164746,0.0,0.0
2024-07-22 00:00:00+05:30,2931.9743839137263,2968.262281489786,2912.158252539429,2929.279052734375,1616347,0.0,0.0
2024-07-23 00:00:00+05:30,2929.279119992241,2942.2568754794843,2881.0617181681373,2892.142822265625,1906312,0.0,0.0
2024-07-24 00:00:00+05:30,2896.0360603609356,2921.9915714155322,2881.2613360929754,2907.81591796875,1476148,0.0,0.0
2024-07-25 00:00:00+05:30,2887.1014477989784,2903.7228604131305,2880.313034567769,2896.435302734375,1239922,0.0,0.0
2024-07-26 00:00:00+05:30,2897.233904161355,2959.377386198566,2895.7364708592536,2945.101806640625,1359780,0.0,0.0
2024-07-29 00:00:00+05:30,2947.996963840532,2960.026393336161,2930.9760900498586,2949.64404296875,854408,0.0,0.0
2024-07-30 00:00:00+05:30,2968.411897006057,3027.6104745861635,2964.917886029255,2999.907958984375,2144591,0.0,0.0
2024-07-31 00:00:00+05:30,2999.9080787348225,3092.6989823496406,2999.9080787348225,3079.172119140625,3549501,0.0,0.0
2024-08-01 00:00:00+05:30,3082.7159549735493,3123.595834453124,3057.559124810954,3094.046630859375,1675122,0.0,0.0
2024-08-02 00:00:00+05:30,3064.7468798337263,3123.6958872930177,3054.763990974333,3101.384033203125,1348780,0.0,0.0
2024-08-05 00:00:00+05:30,3064.69686422285,3139.6184925756274,3050.0720297831476,3088.106689453125,2019141,0.0,0.0
2024-08-06 00:00:00+05:30,3096.392419626358,3129.635486456738,3080.7692969040027,3096.4423828125,885743,0.0,0.0
2024-08-07 00:00:00+05:30,3096.4426018214294,3113.163940930161,3054.8140033520276,3096.14306640625,1907105,0.0,0.0
2024-08-08 00:00:00+05:30,3074.7297726959237,3084.4131261575667,2985.282990910166,3000.25732421875,1280109,0.0,0.0
2024-08-09 00:00:00+05:30,3033.7998571256285,3047.526329003048,2960.9247700673295,3035.397216796875,1665414,0.0,0.0
2024-08-12 00:00:00+05:30,3014.8324435804616,3078.722932451041,2998.560285951661,3047.9755859375,1736881,0.0,0.0
2024-08-13 00:00:00+05:30,3049.672675754675,3054.564437618665,3007.8444681605442,3018.37646484375,502260,0.0,0.0
2024-08-14 00:00:00+05:30,3029.606999593386,3029.606999593386,2988.9267296424537,3020.67236328125,454671,0.0,0.0
2024-08-16 00:00:00+05:30,3048.7741693339535,3048.7741693339535,2997.861437626019,3042.93408203125,514229,0.0,0.0
2024-08-19 00:00:00+05:30,3048.7242788370145,3082.56641813055,3033.1511185299382,3071.0361328125,542858,0.0,0.0
2024-08-20 00:00:00+05:30,3090.7022616444547,3101.0346486710737,3072.7330624488472,3097.889892578125,668282,0.0,0.0
2024-08-21 00:00:00+05:30,3095.693677210704,3165.1746776130585,3078.7727302027056,3146.1572265625,1186536,0.0,0.0
2024-08-22 00:00:00+05:30,3161.5809012869286,3193.1766470329335,3150.6496867321375,3181.1474609375,1540888,0.0,0.0
2024-08-23 00:00:00+05:30,3184.5415629179583,3193.126944871401,3143.3621461560883,3149.251953125,779284,0.0,0.0
2024-08-26 00:00:00+05:30,3149.6014630653935,3172.013000008875,3136.124562985716,3165.923583984375,472874,0.0,0.0
2024-08-27 00:00:00+05:30,3148.6031508807127,3198.168096651306,3144.609995331086,3160.7822265625,1003501,0.0,0.0
2024-08-28 00:00:00+05:30,3147.554836137908,3160.083410169998,3113.463368800865,3120.15185546875,538366,0.0,0.0
2024-08-29 00:00:00+05:30,3120.151945046598,3138.5703264367567,3087.4080205069413,3110.5185546875,849866,0.0,0.0
2024-08-30 00:00:00+05:30,3124.6941458790916,3161.3312988932234,3105.377158634332,3121.44970703125,1567031,0.0,0.0
2024-09-02 00:00:00+05:30,3142.613446109343,3178.5518463825124,3134.227916868087,3145.558349609375,702358,0.0,0.0
2024-09-03 00:00:00+05:30,3159.534231257093,3169.117901658295,3142.114139656311,3149.45166015625,577471,0.0,0.0
2024-09-04 00:00:00+05:30,3150.1005175102996,3246.4353931052115,3150.1005175102996,3226.1201171875,2379110,0.0,0.0
2024-09-05 00:00:00+05:30,3234.455989925114,3251.426900983363,3211.4953455521886,3232.708984375,1482119,0.0,0.0
2024-09-06 00:00:00+05:30,3232.459281494063,3280.2772197008926,3219.831025088551,3268.09814453125,2131256,0.0,0.0
2024-09-09 00:00:00+05:30,3268.0982451472332,3308.329335601139,3252.4251585360626,3275.13623046875,1272289,0.0,0.0
2024-09-10 00:00:00+05:30,3284.370457580748,3304.336235438381,3265.3030422375577,3289.411865234375,928920,0.0,0.0
2024-09-11 00:00:00+05:30,3309.327542625557,3377.161221338422,3309.327542625557,3361.687744140625,2561892,0.0,0.0
2024-09-12 00:00:00+05:30,3364.2336095100864,3387.1942543227665,3334.5844777791576,3377.4609375,1643536,0.0,0.0
2024-09-13 00:00:00+05:30,3349.808232928117,3363.9339228080153,3315.2173776952886,3352.303955078125,1029400,0.0,0.0
2024-09-16 00:00:00+05:30,3354.2505827779646,3389.0907666396956,3324.900987667804,3330.092041015625,1019280,0.0,0.0
2024-09-17 00:00:00+05:30,3330.0919911828646,3344.1677177198103,3296.1501703174345,3307.13134765625,586834,0.0,0.0
2024-09-18 00:00:00+05:30,3307.131498417973,3319.1609283411776,3245.9863036303323,3269.046630859375,410510,0.0,0.0
2024-09-19 00:00:00+05:30,3288.363513027726,3314.319023452353,3269.396024640499,3288.2138671875,963456,0.0,0.0
2024-09-20 00:00:00+05:30,3298.3463564062636,3319.1108132056943,3260.4613433392087,3301.291259765625,1504277,0.0,0.0
2024-09-23 00:00:00+05:30,3311.2742071030652,3319.2105548474315,3267.5990691922334,3271.841796875,522775,0.0,0.0
2024-09-24 00:00:00+05:30,3271.841893911838,3292.1072072480697,3235.554238770848,3242.841552734375,1057933,0.0,0.0
2024-09-25 00:00:00+05:30,3246.435348086332,3246.435348086332,3201.2627775140973,3239.19775390625,740636,0.0,0.0
2024-09-26 00:00:00+05:30,3244.4388639714957,3280.227617852453,3221.5781460806606,3271.442626953125,951080,0.0,0.0
2024-09-27 00:00:00+05:30,3285.3187920610626,3332.2383701518465,3271.4426739020873,3305.0849609375,1315996,0.0,0.0
2024-09-30 00:00:00+05:30,3305.0848662554413,3352.254015218839,3299.494351111373,3323.403564453125,1088162,0.0,0.0
2024-10-01 00:00:00+05:30,3311.324244455426,3323.2537479331136,3238.499118755315,3271.7421875,968660,0.0,0.0
2024-10-03 00:00:00+05:30,3186.8375534821475,3220.3799127019206,3121.150098224486,3143.9111328125,1741363,0.0,0.0
2024-10-04 00:00:00+05:30,3129.635483545438,3151.3482656083133,3049.3231958781344,3067.242431640625,1551818,0.0,0.0
2024-10-07 00:00:00+05:30,3069.7381925150776,3093.2479435145215,3032.8015053205872,3057.010009765625,909812,0.0,0.0
2024-10-08 00:00:00+05:30,3052.76748282999,3093.69732808703,3040.438517318291,3082.76611328125,817718,0.0,0.0
2024-10-09 00:00:00+05:30,3090.2531625058464,3141.3155407540926,3066.4938386381064,3073.581787109375,1225598,0.0,0.0
2024-10-10 00:00:00+05:30,3084.7624692737722,3089.7039502719617,3037.792930752045,3053.865478515625,1161933,0.0,0.0
2024-10-11 00:00:00+05:30,3053.965284990248,3058.757120346331,3020.822143005221,3032.0029296875,976017,0.0,0.0
2024-10-14 00:00:00+05:30,3031.8032393509247,3049.7724386621912,3012.0370713639586,3033.949462890625,716011,0.0,0.0
2024-10-15 00:00:00+05:30,3069.7381910080535,3091.5009365213987,3042.434893673683,3061.851806640625,1242322,0.0,0.0
2024-10-16 00:00:00+05:30,3082.7159786196157,3098.2394190311365,3060.853550224121,3076.826171875,764001,0.0,0.0
2024-10-17 00:00:00+05:30,3077.624612288031,3079.7211163717902,3031.803251352067,3050.62109375,674481,0.0,0.0
2024-10-18 00:00:00+05:30,3051.769161835095,3063.7486286136427,2975.499987500823,2987.030029296875,899318,0.0,0.0
2024-10-21 00:00:00+05:30,3001.904642827151,3051.769123928912,2995.415765069369,3043.982421875,806970,0.0,0.0
2024-10-22 00:00:00+05:30,3048.77430229705,3052.7174947096696,2990.1248293894037,3001.705078125,541838,0.0,0.0
2024-10-23 00:00:00+05:30,2994.816689579249,3021.3213082008206,2966.964527197655,2984.584228515625,624689,0.0,0.0
2024-10-24 00:00:00+05:30,2984.584215209229,2997.162752583924,2945.9504843053396,2966.91455078125,571259,0.0,0.0
2024-10-25 00:00:00+05:30,2970.40853178219,3010.390049758112,2946.9487433443205,2952.9384765625,1047769,0.0,0.0
2024-10-28 00:00:00+05:30,2982.7872979549684,3016.52951141925,2957.9799650974296,2996.713623046875,504961,0.0,0.0
2024-10-29 00:00:00+05:30,3014.8324497985677,3022.818760923862,2936.067553814503,2987.72900390625,613459,0.0,0.0
2024-10-30 00:00:00+05:30,3000.856315133159,3000.856315133159,2958.4790017428677,2991.522216796875,812725,0.0,0.0
2024-10-31 00:00:00+05:30,2989.0765727678768,2991.372685980249,2914.005296304471,2930.626708984375,1031171,0.0,0.0
2024-11-01 00:00:00+05:30,2952.93842525918,2960.675163864913,2924.9863373933053,2934.819580078125,112249,0.0,0.0
2024-11-04 00:00:00+05:30,2957.081209670205,2957.081209670205,2880.5624670622037,2910.3115234375,1146008,0.0,0.0
2024-11-05 00:00:00+05:30,2890.046395004524,2913.805719811659,2867.784503562677,2882.359619140625,935417,0.0,0.0
2024-11-06 00:00:00+05:30,2885.553872345962,2902.874281091014,2855.106062933559,2892.34228515625,1817087,0.0,0.0
2024-11-07 00:00:00+05:30,2895.0377068155326,2899.979187949834,2820.1660419840964,2837.985595703125,1112489,0.0,0.0
2024-11-08 00:00:00+05:30,2837.9857340959034,2842.128535596117,2757.673196058693,2764.711181640625,2060410,0.0,0.0
2024-11-11 00:00:00+05:30,2560.660927214945,2594.3032135532935,2501.7119204096407,2538.74853515625,8854840,0.0,0.0
2024-11-12 00:00:00+05:30,2530.6622106413092,2530.6622106413092,2465.7734360094805,2470.615234375,3445898,0.0,0.0
2024-11-13 00:00:00+05:30,2465.773560632653,2493.7256495790957,2446.9059980829534,2466.272705078125,1803766,0.0,0.0
2024-11-14 00:00:00+05:30,2478.5516240398592,2497.469149144104,2461.97993151692,2478.90087890625,1206967,0.0,0.0
2024-11-18 00:00:00+05:30,2515.687884925493,2515.687884925493,2466.572122583425,2479.449951171875,945471,0.0,0.0
2024-11-19 00:00:00+05:30,2488.0,2503.199951171875,2472.35009765625,2483.699951171875,941508,4.25,0.0
2024-11-21 00:00:00+05:30,2454.699951171875,2465.949951171875,2425.0,2428.14990234375,1377572,0.0,0.0
2024-11-22 00:00:00+05:30,2430.0,2493.949951171875,2422.949951171875,2472.199951171875,3805843,0.0,0.0
2024-11-25 00:00:00+05:30,2505.0,2507.949951171875,2450.050048828125,2459.699951171875,1857124,0.0,0.0
2024-11-26 00:00:00+05:30,2459.89990234375,2518.0,2457.60009765625,2505.0,1152258,0.0,0.0
2024-11-27 00:00:00+05:30,2517.5,2517.64990234375,2480.0,2491.89990234375,864653,0.0,0.0
2024-11-28 00:00:00+05:30,2500.0,2506.0,2453.300048828125,2458.050048828125,1506133,0.0,0.0
2024-11-29 00:00:00+05:30,2458.050048828125,2491.5,2455.050048828125,2479.60009765625,1030854,0.0,0.0
2024-12-02 00:00:00+05:30,2479.60009765625,2486.0,2461.35009765625,2479.050048828125,914624,0.0,0.0
2024-12-03 00:00:00+05:30,2494.0,2494.0,2463.5,2469.39990234375,1341985,0.0,0.0
2024-12-04 00:00:00+05:30,2478.89990234375,2479.10009765625,2453.199951171875,2459.449951171875,1005012,0.0,0.0
2024-12-05 00:00:00+05:30,2465.0,2466.89990234375,2423.89990234375,2452.199951171875,3190834,0.0,0.0
2024-12-06 00:00:00+05:30,2468.0,2468.0,2427.0,2429.699951171875,1735948,0.0,0.0
2024-12-09 00:00:00+05:30,2438.14990234375,2439.0,2387.0,2391.85009765625,2301281,0.0,0.0
2024-12-10 00:00:00+05:30,2399.89990234375,2404.64990234375,2385.050048828125,2388.89990234375,1657888,0.0,0.0
2024-12-11 00:00:00+05:30,2399.75,2428.0,2392.64990234375,2417.300048828125,1337700,0.0,0.0
2024-12-12 00:00:00+05:30,2413.0,2415.0,2380.699951171875,2389.550048828125,1089028,0.0,0.0
2024-12-13 00:00:00+05:30,2389.550048828125,2412.0,2354.0,2407.64990234375,1150861,0.0,0.0
2024-12-16 00:00:00+05:30,2419.949951171875,2419.949951171875,2386.14990234375,2402.25,987775,0.0,0.0
2024-12-17 00:00:00+05:30,2388.0,2399.89990234375,2350.5,2356.0,1258218,0.0,0.0
2024-12-18 00:00:00+05:30,2356.800048828125,2372.699951171875,2341.0,2345.449951171875,855682,0.0,0.0
2024-12-19 00:00:00+05:30,2325.0,2325.0,2265.35009765625,2291.85009765625,2784409,0.0,0.0
2024-12-20 00:00:00+05:30,2297.0,2318.0,2276.0,2282.35009765625,1719502,0.0,0.0
2024-12-23 00:00:00+05:30,2300.0,2302.550048828125,2266.050048828125,2279.199951171875,855647,0.0,0.0
2024-12-24 00:00:00+05:30,2282.10009765625,2295.0,2277.14990234375,2284.0,601558,0.0,0.0
2024-12-26 00:00:00+05:30,2284.0,2287.449951171875,2256.5,2262.39990234375,1267334,0.0,0.0
2024-12-27 00:00:00+05:30,2270.25,2290.800048828125,2260.050048828125,2271.39990234375,821790,0.0,0.0
2024-12-30 00:00:00+05:30,2280.25,2298.800048828125,2256.800048828125,2288.25,1076940,0.0,0.0
2024-12-31 00:00:00+05:30,2280.0,2297.64990234375,2273.0,2281.35009765625,685486,0.0,0.0
2025-01-01 00:00:00+05:30,2280.0,2323.199951171875,2280.0,2304.64990234375,1067328,0.0,0.0
2025-01-02 00:00:00+05:30,2314.0,2347.949951171875,2294.0,2343.25,1342922,0.0,0.0
2025-01-03 00:00:00+05:30,2344.0,2348.949951171875,2322.14990234375,2335.949951171875,1355319,0.0,0.0
2025-01-06 00:00:00+05:30,2335.949951171875,2340.0,2256.699951171875,2267.14990234375,1190987,0.0,0.0
2025-01-07 00:00:00+05:30,2272.0,2316.0,2272.0,2292.60009765625,740798,0.0,0.0
2025-01-08 00:00:00+05:30,2287.050048828125,2338.0,2272.699951171875,2334.35009765625,1439632,0.0,0.0
2025-01-09 00:00:00+05:30,2341.89990234375,2361.39990234375,2321.300048828125,2350.199951171875,1362304,0.0,0.0
2025-01-10 00:00:00+05:30,2335.60009765625,2348.89990234375,2316.0,2320.75,1214334,0.0,0.0
2025-01-13 00:00:00+05:30,2291.75,2301.89990234375,2246.39990234375,2252.64990234375,1181928,0.0,0.0
2025-01-14 00:00:00+05:30,2269.0,2286.35009765625,2237.0,2239.949951171875,1316807,0.0,0.0
2025-01-15 00:00:00+05:30,2249.0,2253.75,2220.0,2229.699951171875,1308999,0.0,0.0
2025-01-16 00:00:00+05:30,2239.0,2239.85009765625,2207.800048828125,2215.60009765625,1936087,0.0,0.0
2025-01-17 00:00:00+05:30,2225.64990234375,2269.050048828125,2212.5,2261.0,878848,0.0,0.0
2025-01-20 00:00:00+05:30,2272.25,2286.89990234375,2251.0,2280.550048828125,555716,0.0,0.0
2025-01-21 00:00:00+05:30,2280.550048828125,2315.0,2255.0,2260.35009765625,1410294,0.0,0.0
2025-01-22 00:00:00+05:30,2270.0,2270.0,2244.89990234375,2262.10009765625,835523,0.0,0.0
2025-01-23 00:00:00+05:30,2262.10009765625,2301.800048828125,2246.199951171875,2276.35009765625,1142465,0.0,0.0
2025-01-24 00:00:00+05:30,2283.0,2296.550048828125,2255.050048828125,2262.39990234375,543202,0.0,0.0
2025-01-27 00:00:00+05:30,2255.300048828125,2277.75,2246.199951171875,2251.5,1097939,0.0,0.0
2025-01-28 00:00:00+05:30,2260.0,2267.050048828125,2234.10009765625,2241.800048828125,897501,0.0,0.0
2025-01-29 00:00:00+05:30,2241.800048828125,2246.800048828125,2212.050048828125,2223.14990234375,1281088,0.0,0.0
2025-01-30 00:00:00+05:30,2223.14990234375,2259.25,2215.0,2249.85009765625,1155718,0.0,0.0
2025-01-31 00:00:00+05:30,2255.0,2305.0,2234.85009765625,2300.800048828125,1292909,0.0,0.0
2025-02-01 00:00:00+05:30,2312.0,2389.0,2285.300048828125,2351.14990234375,1318619,0.0,0.0
2025-02-03 00:00:00+05:30,2351.14990234375,2364.449951171875,2277.699951171875,2292.25,1070382,0.0,0.0
2025-02-04 00:00:00+05:30,2304.64990234375,2418.60009765625,2263.75,2354.35009765625,5373733,0.0,0.0
2025-02-05 00:00:00+05:30,2269.0,2295.550048828125,2237.25,2275.199951171875,3474642,0.0,0.0
2025-02-06 00:00:00+05:30,2287.199951171875,2298.89990234375,2260.25,2263.39990234375,1285954,0.0,0.0
2025-02-07 00:00:00+05:30,2266.0,2276.300048828125,2243.199951171875,2271.0,1336756,0.0,0.0
2025-02-10 00:00:00+05:30,2271.050048828125,2278.0,2254.0,2270.14990234375,1181565,0.0,0.0
2025-02-11 00:00:00+05:30,2279.0,2282.89990234375,2226.0,2240.85009765625,1607942,0.0,0.0
2025-02-12 00:00:00+05:30,2241.85009765625,2247.949951171875,2185.699951171875,2228.25,1181706,0.0,0.0
2025-02-13 00:00:00+05:30,2228.25,2249.949951171875,2220.0,2236.39990234375,921923,0.0,0.0
2025-02-14 00:00:00+05:30,2236.39990234375,2250.550048828125,2203.0,2231.300048828125,1380052,0.0,0.0
2025-02-17 00:00:00+05:30,2231.300048828125,2260.0,2226.050048828125,2250.85009765625,923900,0.0,0.0
2025-02-18 00:00:00+05:30,2248.0,2251.949951171875,2218.75,2237.60009765625,735853,0.0,0.0
2025-02-19 00:00:00+05:30,2237.60009765625,2249.800048828125,2226.10009765625,2239.10009765625,645234,0.0,0.0
2025-02-20 00:00:00+05:30,2239.10009765625,2257.10009765625,2231.050048828125,2249.050048828125,637442,0.0,0.0
2025-02-21 00:00:00+05:30,2249.050048828125,2265.800048828125,2237.0,2257.60009765625,755585,0.0,0.0
2025-02-24 00:00:00+05:30,2245.89990234375,2259.0,2241.0,2246.199951171875,765042,0.0,0.0
2025-02-25 00:00:00+05:30,2246.199951171875,2257.10009765625,2217.699951171875,2224.75,947702,0.0,0.0
2025-02-27 00:00:00+05:30,2214.0,2228.39990234375,2198.0,2213.64990234375,1027196,0.0,0.0
2025-02-28 00:00:00+05:30,2210.0,2211.35009765625,2175.800048828125,2179.75,1701193,0.0,0.0
2025-03-03 00:00:00+05:30,2179.75,2193.35009765625,2129.0,2166.39990234375,959068,0.0,0.0
2025-03-04 00:00:00+05:30,2154.050048828125,2159.85009765625,2124.75,2132.10009765625,2180989,0.0,0.0
2025-03-05 00:00:00+05:30,2132.0,2182.800048828125,2124.75,2164.14990234375,1535212,0.0,0.0
2025-03-06 00:00:00+05:30,2189.85009765625,2275.0,2183.10009765625,2267.699951171875,1985096,0.0,0.0
2025-03-07 00:00:00+05:30,2267.699951171875,2277.949951171875,2248.0,2270.0,921429,0.0,0.0
2025-03-10 00:00:00+05:30,2270.0,2293.0,2261.85009765625,2278.60009765625,1072395,0.0,0.0
2025-03-11 00:00:00+05:30,2274.0,2290.89990234375,2257.89990234375,2287.39990234375,601228,0.0,0.0
2025-03-12 00:00:00+05:30,2287.39990234375,2295.949951171875,2247.0,2251.300048828125,749216,0.0,0.0
2025-03-13 00:00:00+05:30,2255.25,2257.199951171875,2222.5,2231.300048828125,747470,0.0,0.0
2025-03-17 00:00:00+05:30,2205.0,2239.25,2196.050048828125,2219.550048828125,838015,0.0,0.0
2025-03-18 00:00:00+05:30,2219.550048828125,2219.550048828125,2219.550048828125,2219.550048828125,0,0.0,0.0
2025-03-19 00:00:00+05:30,2274.0,2287.949951171875,2267.85009765625,2280.699951171875,663292,0.0,0.0
2025-03-20 00:00:00+05:30,2290.0,2307.0,2268.75,2287.199951171875,1166849,0.0,0.0
2025-03-21 00:00:00+05:30,2291.64990234375,2314.5,2277.85009765625,2300.39990234375,1624115,0.0,0.0
2025-03-24 00:00:00+05:30,2302.39990234375,2330.25,2302.10009765625,2322.5,1100353,0.0,0.0
2025-03-25 00:00:00+05:30,2325.0,2344.5,2308.0,2330.75,1828005,0.0,0.0
2025-03-26 00:00:00+05:30,2340.0,2340.949951171875,2304.0,2323.14990234375,1934287,0.0,0.0
2025-03-27 00:00:00+05:30,2315.0,2350.10009765625,2290.5,2338.10009765625,1497861,0.0,0.0
2025-03-28 00:00:00+05:30,2343.949951171875,2364.0,2325.0,2340.64990234375,1281871,0.0,0.0
2025-04-01 00:00:00+05:30,2342.0,2361.699951171875,2305.75,2316.0,970583,0.0,0.0
2025-04-02 00:00:00+05:30,2328.0,2328.39990234375,2292.14990234375,2306.64990234375,792693,0.0,0.0
2025-04-03 00:00:00+05:30,2295.0,2354.89990234375,2289.800048828125,2349.39990234375,608846,0.0,0.0
2025-04-04 00:00:00+05:30,2349.39990234375,2363.949951171875,2302.800048828125,2356.050048828125,1163188,0.0,0.0
2025-04-07 00:00:00+05:30,2190.0,2354.0,2190.0,2341.35009765625,1745817,0.0,0.0
2025-04-08 00:00:00+05:30,2356.0,2420.0,2356.0,2394.199951171875,1876867,0.0,0.0
2025-04-09 00:00:00+05:30,2400.0,2429.449951171875,2390.89990234375,2411.14990234375,1186937,0.0,0.0
2025-04-11 00:00:00+05:30,2439.5,2448.0,2380.25,2393.60009765625,968152,0.0,0.0
2025-04-15 00:00:00+05:30,2414.89990234375,2425.0,2385.0,2415.699951171875,1141122,0.0,0.0
2025-04-16 00:00:00+05:30,2405.10009765625,2468.5,2403.699951171875,2459.89990234375,1166695,0.0,0.0
2025-04-17 00:00:00+05:30,2459.89990234375,2476.39990234375,2431.0,2467.89990234375,885840,0.0,0.0
2025-04-21 00:00:00+05:30,2465.89990234375,2470.89990234375,2441.0,2445.0,541913,0.0,0.0
2025-04-22 00:00:00+05:30,2445.0,2450.0,2413.5,2432.0,543647,0.0,0.0
2025-04-23 00:00:00+05:30,2437.0,2456.60009765625,2425.60009765625,2453.10009765625,744684,0.0,0.0
2025-04-24 00:00:00+05:30,2450.0,2491.0,2435.89990234375,2464.39990234375,1203452,0.0,0.0
2025-04-25 00:00:00+05:30,2464.300048828125,2468.699951171875,2413.699951171875,2431.60009765625,702217,0.0,0.0
2025-04-28 00:00:00+05:30,2419.89990234375,2459.800048828125,2405.0,2452.199951171875,554920,0.0,0.0
2025-04-29 00:00:00+05:30,2460.0,2472.0,2441.60009765625,2451.10009765625,1235066,0.0,0.0
2025-04-30 00:00:00+05:30,2450.0,2462.199951171875,2401.5,2425.699951171875,1479669,0.0,0.0
2025-05-02 00:00:00+05:30,2425.0,2444.89990234375,2398.0,2410.0,744673,0.0,0.0
2025-05-05 00:00:00+05:30,2423.10009765625,2475.0,2423.10009765625,2436.89990234375,1229588,0.0,0.0
2025-05-06 00:00:00+05:30,2442.0,2449.89990234375,2391.10009765625,2418.0,702802,0.0,0.0
2025-05-07 00:00:00+05:30,2388.0,2405.699951171875,2318.5,2334.10009765625,1711738,0.0,0.0
2025-05-08 00:00:00+05:30,2322.0,2349.10009765625,2293.5,2302.60009765625,2292261,0.0,0.0
2025-05-09 00:00:00+05:30,2246.60009765625,2331.800048828125,2245.0,2299.60009765625,1503010,0.0,0.0
2025-05-12 00:00:00+05:30,2330.0,2378.5,2321.0,2356.39990234375,940135,0.0,0.0
2025-05-13 00:00:00+05:30,2354.0,2358.0,2315.10009765625,2324.60009765625,1220489,0.0,0.0
2025-05-14 00:00:00+05:30,2319.0,2319.0,2277.10009765625,2282.300048828125,1549845,0.0,0.0
2025-05-15 00:00:00+05:30,2285.0,2335.5,2268.0,2329.89990234375,1675015,0.0,0.0
2025-05-16 00:00:00+05:30,2333.89990234375,2355.0,2315.0,2353.60009765625,785113,0.0,0.0
2025-05-19 00:00:00+05:30,2353.60009765625,2378.89990234375,2326.60009765625,2331.39990234375,552961,0.0,0.0
2025-05-20 00:00:00+05:30,2347.5,2347.699951171875,2291.39990234375,2295.60009765625,1095824,0.0,0.0
2025-05-21 00:00:00+05:30,2296.0,2316.199951171875,2290.0,2312.39990234375,469330,0.0,0.0
2025-05-22 00:00:00+05:30,2309.199951171875,2310.0,2283.10009765625,2299.199951171875,916504,0.0,0.0
2025-05-23 00:00:00+05:30,2301.800048828125,2329.0,2295.0,2315.5,458035,0.0,0.0
2025-05-26 00:00:00+05:30,2316.0,2338.0,2302.800048828125,2327.199951171875,1258062,0.0,0.0
2025-05-27 00:00:00+05:30,2313.10009765625,2351.60009765625,2301.10009765625,2327.60009765625,2485428,0.0,0.0
2025-05-28 00:00:00+05:30,2327.60009765625,2333.0,2300.300048828125,2303.199951171875,774808,0.0,0.0
2025-05-29 00:00:00+05:30,2303.199951171875,2309.0,2286.5,2294.300048828125,1414643,0.0,0.0
2025-05-30 00:00:00+05:30,2296.5,2304.0,2255.0,2259.10009765625,3610431,0.0,0.0
2025-06-02 00:00:00+05:30,2259.10009765625,2272.300048828125,2257.89990234375,2266.699951171875,702789,0.0,0.0
2025-06-03 00:00:00+05:30,2272.60009765625,2287.300048828125,2246.699951171875,2255.699951171875,792587,0.0,0.0
2025-06-04 00:00:00+05:30,2249.5,2261.0,2240.89990234375,2249.0,768079,0.0,0.0
2025-06-05 00:00:00+05:30,2251.10009765625,2261.0,2233.0,2243.5,996614,0.0,0.0
2025-06-06 00:00:00+05:30,2249.10009765625,2252.60009765625,2239.0,2245.199951171875,822087,0.0,0.0
2025-06-09 00:00:00+05:30,2240.0,2255.800048828125,2236.0,2244.89990234375,675122,0.0,0.0
