Date,Open,High,Low,Close,Volume,Dividends,Stock Splits
2020-06-09 00:00:00+05:30,559.065930180309,570.2954451457827,545.282089549879,547.3062744140625,15219451,0.0,0.0
2020-06-10 00:00:00+05:30,550.3908266852034,555.2103432249114,542.7277893933896,546.631591796875,19489440,0.0,0.0
2020-06-11 00:00:00+05:30,549.4268917245579,553.0897480584297,526.967862031899,531.9319458007812,27803048,0.0,0.0
2020-06-12 00:00:00+05:30,520.5096527518356,541.7155833646306,520.5096527518356,539.8841552734375,19224358,0.0,0.0
2020-06-15 00:00:00+05:30,535.9321976492364,543.4024779826445,529.1848747388968,530.823486328125,13838935,0.0,0.0
2020-06-16 00:00:00+05:30,537.8599680621429,539.1130662074497,517.617940754185,525.2327880859375,19430678,0.0,0.0
2020-06-17 00:00:00+05:30,527.1124390226685,545.0893368960953,521.4735869135767,543.11328125,20916747,0.0,0.0
2020-06-18 00:00:00+05:30,543.8844898104418,552.2222959995603,538.05288035766,540.6553955078125,19692591,0.0,0.0
2020-06-19 00:00:00+05:30,541.6192471253657,557.3309546224699,540.751722179295,551.836669921875,41924711,0.0,0.0
2020-06-22 00:00:00+05:30,555.0176025192036,566.777259176767,549.8125125190875,560.078125,12954502,0.0,0.0
2020-06-23 00:00:00+05:30,560.0780529172351,563.4999033248819,553.619865437178,557.9092407226562,9944839,0.0,0.0
2020-06-24 00:00:00+05:30,560.0298127473555,560.9937759111484,534.9682689081332,537.2334594726562,12619809,0.0,0.0
2020-06-25 00:00:00+05:30,533.9080188140458,543.3542949702834,530.1487840197562,538.8239135742188,15881470,0.0,0.0
2020-06-26 00:00:00+05:30,539.7877665787772,545.9567590080205,537.0406244947167,540.17333984375,11317405,0.0,0.0
2020-06-29 00:00:00+05:30,538.7275487096854,548.4148308976012,531.3054572764665,546.631591796875,13162970,0.0,0.0
2020-06-30 00:00:00+05:30,551.354716369574,556.1742327901953,537.2816804719364,539.6432495117188,13182057,0.0,0.0
2020-07-01 00:00:00+05:30,554.2464155568739,554.2464155568739,538.1491950596816,539.9324340820312,13894655,0.0,0.0
2020-07-02 00:00:00+05:30,544.4145659203647,546.5351890652756,537.4744264508081,538.2937622070312,13795692,0.0,0.0
2020-07-03 00:00:00+05:30,541.5228810630399,562.3914896022908,540.3661611297905,560.463623046875,21005887,0.0,0.0
2020-07-06 00:00:00+05:30,566.3916308537065,568.0303023273307,554.2945912223397,555.7886352539062,16114629,0.0,0.0
2020-07-07 00:00:00+05:30,558.1019577272189,561.5720569919329,545.619406029902,546.6796875,12759442,0.0,0.0
2020-07-08 00:00:00+05:30,551.3547564416406,553.2825631500008,538.8239529005161,541.0409545898438,9581306,0.0,0.0
2020-07-09 00:00:00+05:30,543.6434182230545,549.6678435849427,540.0770001248139,548.1256103515625,8611659,0.0,0.0
2020-07-10 00:00:00+05:30,548.5594285568887,558.1020838172494,545.2339559680726,553.957275390625,13532330,0.0,0.0
2020-07-13 00:00:00+05:30,553.7644495645724,567.7411064897831,549.4268849819548,565.6204833984375,16660491,0.0,0.0
2020-07-14 00:00:00+05:30,563.4036030409702,575.2596381613102,557.6683122067301,568.0785522460938,32935464,0.0,0.0
2020-07-15 00:00:00+05:30,567.6928977597227,567.6928977597227,539.4503899356037,543.2578735351562,20062926,0.0,0.0
2020-07-16 00:00:00+05:30,545.4748760953402,545.7640710646776,533.3296463716671,542.4385986328125,11528871,0.0,0.0
2020-07-17 00:00:00+05:30,542.775899835336,553.1860780258188,541.4746125773327,546.2941284179688,12189475,0.0,0.0
2020-07-20 00:00:00+05:30,550.3907899758261,561.4757372146033,547.1135069600532,554.9693603515625,9789671,0.0,0.0
2020-07-21 00:00:00+05:30,559.065963311229,562.7288199010287,545.9086410407613,547.2581176757812,12005925,0.0,0.0
2020-07-22 00:00:00+05:30,547.4990732103876,554.7283474448947,542.4867404457303,548.6075439453125,11034525,0.0,0.0
2020-07-23 00:00:00+05:30,549.4269195266271,554.9693934768375,543.64343978273,546.7279663085938,9718786,0.0,0.0
2020-07-24 00:00:00+05:30,544.6074077407382,546.9207277342099,535.353888019728,539.2576904296875,9960443,0.0,0.0
2020-07-27 00:00:00+05:30,538.0528089029921,543.4024659555367,524.5099142753113,539.3058471679688,10895560,0.0,0.0
2020-07-28 00:00:00+05:30,538.3419439731836,553.5235100922039,535.25747754254,544.2218017578125,14210206,0.0,0.0
2020-07-29 00:00:00+05:30,544.8482630651993,548.6074973351101,540.0287473183317,545.7639770507812,9979767,0.0,0.0
2020-07-30 00:00:00+05:30,555.2103114390306,559.4996869074814,523.4495733934225,532.7512817382812,45326361,0.0,0.0
2020-07-31 00:00:00+05:30,531.0163071853093,539.1131675804176,526.5823635814236,534.8237915039062,13917435,0.0,0.0
2020-08-03 00:00:00+05:30,534.486310290159,536.4141167189293,526.678646304219,527.5943603515625,9392745,0.0,0.0
2020-08-04 00:00:00+05:30,528.2209722140105,533.3778727123921,526.1485382185837,529.1848754882812,12035116,0.0,0.0
2020-08-05 00:00:00+05:30,532.0765020638937,540.2696786133127,526.823224047354,538.775634765625,12920232,0.0,0.0
2020-08-06 00:00:00+05:30,543.3707108306218,543.3707108306218,534.6160071620459,537.1795654296875,10620956,1.963142,0.0
2020-08-07 00:00:00+05:30,537.8566870289202,545.0151968918647,534.0355909544567,542.5000610351562,7346008,0.0,0.0
2020-08-10 00:00:00+05:30,545.8858515688529,546.5630428784599,536.6958878905402,540.6137084960938,9594610,0.0,0.0
2020-08-11 00:00:00+05:30,539.7914045820727,542.2098159600562,532.2459370219624,533.1165771484375,8290695,0.0,0.0
2020-08-12 00:00:00+05:30,532.0525384222775,542.9354207270403,527.5542507279833,529.8275756835938,12613101,0.0,0.0
2020-08-13 00:00:00+05:30,516.5746540128363,530.4079927306127,507.1428184888951,517.8805541992188,37464752,0.0,0.0
2020-08-14 00:00:00+05:30,525.1358054260378,525.1358054260378,507.8682694667737,511.350830078125,18550546,0.0,0.0
2020-08-17 00:00:00+05:30,513.2372313916165,515.1235984650739,501.19347539092274,504.3857727050781,19369462,0.0,0.0
2020-08-18 00:00:00+05:30,505.01452505402114,511.83449930923865,503.176520367594,509.1258544921875,13771669,0.0,0.0
2020-08-19 00:00:00+05:30,511.7377313098256,522.2820774920717,509.8997265638562,518.3641967773438,17395288,0.0,0.0
2020-08-20 00:00:00+05:30,513.6725020486151,516.1876378537687,505.6432920530752,508.4002990722656,13690809,0.0,0.0
2020-08-21 00:00:00+05:30,512.5116406651928,512.5116406651928,499.16195539189727,503.2732849121094,22244899,0.0,0.0
2020-08-24 00:00:00+05:30,500.9999871070854,515.0268042778683,491.6165141317866,509.706298828125,29714401,0.0,0.0
2020-08-25 00:00:00+05:30,517.0583013710514,518.1707526107301,508.8356421539211,511.3992004394531,19881871,0.0,0.0
2020-08-26 00:00:00+05:30,511.1573166410373,511.1573166410373,495.29249555216813,497.7109069824219,26386996,0.0,0.0
2020-08-27 00:00:00+05:30,497.61417976142934,501.58039253037657,491.42300442833954,494.47021484375,22268191,0.0,0.0
2020-08-28 00:00:00+05:30,495.3892297355972,512.2698380944402,495.3892297355972,506.3688659667969,22217757,0.0,0.0
2020-08-31 00:00:00+05:30,501.5803779978811,505.25638730552157,491.9550647471931,496.3565673828125,190329697,0.0,0.0
2020-09-01 00:00:00+05:30,500.61301327219826,537.3246561007224,497.4207161192858,528.4248657226562,75732733,0.0,0.0
2020-09-02 00:00:00+05:30,532.0524892024206,540.7587701800136,527.3123908619966,532.5845336914062,35680638,0.0,0.0
2020-09-03 00:00:00+05:30,532.584509487769,534.8578341297628,518.170706119725,520.4440307617188,25084656,0.0,0.0
2020-09-04 00:00:00+05:30,514.1562165124554,520.4440864949823,502.5477810080889,506.0786437988281,28610361,0.0,0.0
2020-09-07 00:00:00+05:30,507.8683002113474,510.77039412848455,493.64800392616854,498.62994384765625,16450037,0.0,0.0
2020-09-08 00:00:00+05:30,499.1619366879359,499.9842145915684,477.8798566810098,481.8460693359375,33745174,0.0,0.0
2020-09-09 00:00:00+05:30,477.15436934835503,490.1170972554279,475.07452340217463,487.79541015625,32068518,0.0,0.0
2020-09-10 00:00:00+05:30,491.42305066187384,491.42305066187384,475.1712702760366,481.1205749511719,21400064,0.0,0.0
2020-09-11 00:00:00+05:30,483.006918686524,486.0541292412298,472.60771904345023,475.6065673828125,15888599,0.0,0.0
2020-09-14 00:00:00+05:30,479.8145980704002,481.02380377500253,453.0185034132019,458.6292419433594,53032505,0.0,0.0
2020-09-15 00:00:00+05:30,459.64499333396435,471.73708110352106,454.7114157493923,469.70562744140625,31436333,0.0,0.0
2020-09-16 00:00:00+05:30,471.1083270361433,474.6875822417406,464.8687889778946,466.0296325683594,13379581,0.0,0.0
2020-09-17 00:00:00+05:30,464.336718840773,466.61004367928183,458.5325012084122,463.3693542480469,13750507,0.0,0.0
2020-09-18 00:00:00+05:30,467.23881112252144,481.4107745429802,459.79009776718544,478.41192626953125,55830089,0.0,0.0
2020-09-21 00:00:00+05:30,479.8146207129608,479.8146207129608,446.1985802346542,452.4864501953125,23162880,0.0,0.0
2020-09-22 00:00:00+05:30,453.2120124140919,462.8856887688122,445.9567476290504,455.5820617675781,18950065,0.0,0.0
2020-09-23 00:00:00+05:30,451.76095115327905,451.76095115327905,410.06739588816095,419.64434814453125,86810146,0.0,0.0
2020-09-24 00:00:00+05:30,411.37328736734787,419.3540751492401,402.57025173100783,405.6174621582031,36458719,0.0,0.0
2020-09-25 00:00:00+05:30,411.1314722434884,430.430492887746,408.3744950737418,425.3034362792969,34232784,0.0,0.0
2020-09-28 00:00:00+05:30,431.4462069426063,433.0423705678706,419.88616384618405,429.1728820800781,21445626,0.0,0.0
2020-09-29 00:00:00+05:30,429.51149469153796,430.04353922896024,415.48464724309207,421.3855895996094,18187111,0.0,0.0
2020-09-30 00:00:00+05:30,423.7072430005173,426.0289299846081,404.50497820676793,407.213623046875,27686374,0.0,0.0
2020-10-01 00:00:00+05:30,412.09885490666875,420.41820854114894,409.8255300431752,418.24163818359375,13593932,0.0,0.0
2020-10-05 00:00:00+05:30,418.2416178534077,423.22355734893677,409.1967111300661,410.5993957519531,15282146,0.0,0.0
2020-10-06 00:00:00+05:30,413.0661819491609,415.9682754953418,409.2934483087251,412.8243408203125,11078299,0.0,0.0
2020-10-07 00:00:00+05:30,413.8400913522329,417.6611874230448,407.3587126350554,408.6646728515625,10393534,0.0,0.0
2020-10-08 00:00:00+05:30,412.09883487507545,421.2888282362657,405.4239773299564,410.5993957519531,17018635,0.0,0.0
2020-10-09 00:00:00+05:30,414.0335962011598,420.80517869836655,409.4869463414325,411.324951171875,20948615,0.0,0.0
2020-10-12 00:00:00+05:30,414.03357143013926,416.54870729142084,398.41056138208495,401.5061340332031,14326607,0.0,0.0
2020-10-13 00:00:00+05:30,407.4071168679407,413.54990011973354,399.6197777059628,401.74798583984375,28303313,0.0,0.0
2020-10-14 00:00:00+05:30,402.8121030825493,405.810951372428,397.87852560281493,399.764892578125,14374547,0.0,0.0
2020-10-15 00:00:00+05:30,399.91001393582656,401.9414675783337,382.11043300030946,386.1733703613281,28378188,0.0,0.0
2020-10-16 00:00:00+05:30,391.2520407891304,394.0090477943278,385.35109900544643,388.54339599609375,23786283,0.0,0.0
2020-10-19 00:00:00+05:30,390.3814215056127,391.4455406099685,381.1430655256334,384.7223205566406,17237471,0.0,0.0
2020-10-20 00:00:00+05:30,384.72230282766117,399.7165135711304,383.99677941194517,391.7840881347656,26395238,0.0,0.0
2020-10-21 00:00:00+05:30,392.46126721298316,406.4881140410303,390.38142129613436,405.3272705078125,23929199,0.0,0.0
2020-10-22 00:00:00+05:30,405.3272673443961,418.2416327531505,404.3599027535985,416.59710693359375,27014551,0.0,0.0
2020-10-23 00:00:00+05:30,420.7084137491093,423.32030420481306,413.3564246857949,420.2247314453125,18512271,0.0,0.0
2020-10-26 00:00:00+05:30,420.1763422644684,425.10991949217646,414.03355935487156,419.8861389160156,11956996,0.0,0.0
2020-10-27 00:00:00+05:30,419.88614558280995,424.57788174863384,413.5498836483056,419.208984375,13021129,0.0,0.0
2020-10-28 00:00:00+05:30,431.446215082499,472.07567955283304,427.57672652170277,437.1053161621094,125905730,0.0,0.0
2020-10-29 00:00:00+05:30,433.0907208596182,442.18398998338427,430.47883048836695,436.0895690917969,25537340,0.0,0.0
2020-10-30 00:00:00+05:30,440.0558116985328,440.0558116985328,416.4520121797106,419.595947265625,23483928,0.0,0.0
2020-11-02 00:00:00+05:30,420.8051730091869,444.98937870024366,420.8051730091869,442.4742126464844,28703578,0.0,0.0
2020-11-03 00:00:00+05:30,443.054584924807,445.6664752068543,432.8488649324371,439.7655334472656,16337850,0.0,0.0
2020-11-04 00:00:00+05:30,438.21778158472637,440.6845552639524,432.55868071073326,438.2661437988281,10191499,0.0,0.0
2020-11-05 00:00:00+05:30,442.0872380468713,446.82733652873685,437.83082185597146,442.37744140625,9407770,0.0,0.0
2020-11-06 00:00:00+05:30,442.08727070778525,445.32796034227636,434.10648224123537,435.2189636230469,12195207,0.0,0.0
2020-11-09 00:00:00+05:30,441.4100854113628,459.2580284624141,437.7824681585494,456.404296875,24953555,0.0,0.0
2020-11-10 00:00:00+05:30,458.53250041216353,458.67761713122206,449.82618901674294,451.1805114746094,9800899,0.0,0.0
2020-11-11 00:00:00+05:30,452.67994628874817,465.6426746514855,448.90721213896643,462.982421875,16032885,0.0,0.0
2020-11-12 00:00:00+05:30,461.2895259838868,467.4323094282121,459.5482756655918,464.1916198730469,14785276,0.0,0.0
2020-11-13 00:00:00+05:30,461.43463868464084,462.40200330592467,454.6630562596495,460.22540283203125,8428163,0.0,0.0
2020-11-14 00:00:00+05:30,471.10828540325025,471.10828540325025,463.36933884272855,465.7877502441406,4014491,0.0,0.0
2020-11-17 00:00:00+05:30,474.8810030103557,478.79885340771455,465.5458932131437,468.73822021484375,19050384,0.0,0.0
2020-11-18 00:00:00+05:30,468.1578382467493,469.17359518035914,455.72715449128333,462.7889404296875,10504589,0.0,0.0
2020-11-19 00:00:00+05:30,460.46721748800246,465.73939046179754,451.7609063214816,453.2603454589844,11541941,0.0,0.0
2020-11-20 00:00:00+05:30,455.1467360849957,470.0925554934254,450.1647962821858,467.9159851074219,12090462,0.0,0.0
2020-11-23 00:00:00+05:30,470.86647719847184,470.86647719847184,459.59663717320376,461.6764831542969,10193531,0.0,0.0
2020-11-24 00:00:00+05:30,462.788897426308,465.54590444191024,455.8238666447901,458.7743225097656,9346208,0.0,0.0
2020-11-25 00:00:00+05:30,460.9509599865916,462.3052524213999,443.6834231637333,448.95556640625,14497115,0.0,0.0
2020-11-26 00:00:00+05:30,453.4054377330899,454.3244400970442,445.08608431982367,453.115234375,11535113,0.0,0.0
2020-11-27 00:00:00+05:30,453.01851602464404,457.22657003940884,446.92409504298496,448.13330078125,18491882,0.0,0.0
2020-12-01 00:00:00+05:30,452.4864552765071,466.75514357639395,445.4730617800929,463.8046875,18534936,0.0,0.0
2020-12-02 00:00:00+05:30,465.30407883935686,471.9789064936654,458.5808588950866,469.0768127441406,20948620,0.0,0.0
2020-12-03 00:00:00+05:30,471.20502125452816,473.1881427125746,458.53249708224484,464.239990234375,20094168,0.0,0.0
2020-12-04 00:00:00+05:30,470.96320345638213,481.55588226774734,467.62578946085705,477.6380615234375,31622330,0.0,0.0
2020-12-07 00:00:00+05:30,481.7493621828543,493.8414802590251,478.46031039708066,492.342041015625,22541162,0.0,0.0
2020-12-08 00:00:00+05:30,497.22726035430657,499.40383079762455,483.3455296275365,487.1666259765625,19661141,0.0,0.0
2020-12-09 00:00:00+05:30,488.4242251558366,490.358954443082,482.81348616202047,486.63458251953125,11826802,0.0,0.0
2020-12-10 00:00:00+05:30,485.1351535297879,492.14857742050856,477.9766429850561,488.66607666015625,13441906,0.0,0.0
2020-12-11 00:00:00+05:30,491.9067036279987,491.9067036279987,481.07218401750407,487.94049072265625,14019094,0.0,0.0
2020-12-14 00:00:00+05:30,490.45567887704203,495.2925321711611,484.7965776662459,486.63458251953125,14147649,0.0,0.0
2020-12-15 00:00:00+05:30,489.3431733324455,490.2621757136885,481.84609771473237,487.7470397949219,13320211,0.0,0.0
2020-12-16 00:00:00+05:30,487.74706297236423,501.87063486428985,485.7155791789756,499.35546875,17707777,0.0,0.0
2020-12-17 00:00:00+05:30,500.129325987588,505.4498612907339,495.2925030538225,498.2913513183594,20023766,0.0,0.0
2020-12-18 00:00:00+05:30,497.1305067242007,498.09787130886224,488.56928202833996,493.9865417480469,11000487,0.0,0.0
2020-12-21 00:00:00+05:30,490.93937464356,494.5186299381854,464.4818727183082,474.8810729980469,15539470,0.0,0.0
2020-12-22 00:00:00+05:30,477.87988320533276,488.52092379941786,469.7056163070566,483.97430419921875,21632475,0.0,0.0
2020-12-23 00:00:00+05:30,483.9742814810251,492.8740413299491,482.1362768110507,490.64910888671875,13326963,0.0,0.0
2020-12-24 00:00:00+05:30,503.0314767207314,505.93357063616446,493.7930902864598,500.4195861816406,21241048,0.0,0.0
2020-12-28 00:00:00+05:30,503.1281767454918,509.8030044575684,499.74240067507696,504.5792236328125,13124256,0.0,0.0
2020-12-29 00:00:00+05:30,505.93353749365616,507.81990443031725,498.2913453199022,503.2732849121094,11457626,0.0,0.0
2020-12-30 00:00:00+05:30,506.3205220033463,506.3205220033463,496.5500911589022,499.3070983886719,10691466,0.0,0.0
2020-12-31 00:00:00+05:30,500.2260753755514,501.53200552390945,489.77848380866897,493.0675354003906,15816475,0.0,0.0
2021-01-01 00:00:00+05:30,495.53435230183794,499.5489274328978,491.61650160063317,498.3397216796875,10377082,0.0,0.0
2021-01-04 00:00:00+05:30,500.1293197156857,503.5151258028655,494.90553898232656,500.22607421875,13489114,0.0,0.0
2021-01-05 00:00:00+05:30,497.22723388671875,500.03260322806665,494.4218645453709,497.22723388671875,10689423,0.0,0.0
2021-01-06 00:00:00+05:30,498.19459887911665,514.3980159264025,496.35659412626563,508.15850830078125,30837593,0.0,0.0
2021-01-07 00:00:00+05:30,514.6398485537615,536.3572481548613,509.8996902321106,527.4574584960938,39444841,0.0,0.0
2021-01-08 00:00:00+05:30,531.3753098911143,531.8106299649983,519.7668748408859,522.6206665039062,14538362,0.0,0.0
2021-01-11 00:00:00+05:30,523.8298798785477,536.2605937584011,523.8298798785477,529.2955322265625,19892197,0.0,0.0
2021-01-12 00:00:00+05:30,531.085186006878,550.4325394554467,527.2156671955543,547.28857421875,25857074,0.0,0.0
2021-01-13 00:00:00+05:30,568.8124494866066,582.0653796510753,548.4977341858004,559.380615234375,85239439,0.0,0.0
2021-01-14 00:00:00+05:30,563.6854065646651,565.7168600965449,551.4482028569025,561.6055908203125,16974338,0.0,0.0
2021-01-15 00:00:00+05:30,589.6592639477419,590.7234131520166,574.4232410971872,582.9844360351562,57451072,0.0,0.0
2021-01-18 00:00:00+05:30,582.9844129633561,583.3230086127712,564.9430213966352,567.7967529296875,21359539,0.0,0.0
2021-01-19 00:00:00+05:30,571.8113552973898,577.9541390573341,567.3614898024437,572.9722290039062,11034273,0.0,0.0
2021-01-20 00:00:00+05:30,572.9721615800015,582.8393162402236,569.7798344527519,576.696533203125,13333007,0.0,0.0
2021-01-21 00:00:00+05:30,580.6627811277023,584.3387909507378,555.6563261001769,562.3795166015625,17380638,0.0,0.0
2021-01-22 00:00:00+05:30,564.846220242399,566.4424138627988,554.0600633595976,558.0263061523438,12662954,0.0,0.0
2021-01-25 00:00:00+05:30,560.1060932715985,568.6673473339964,550.9644926889057,561.7990112304688,12503932,0.0,0.0
2021-01-27 00:00:00+05:30,561.0734961966878,562.7664142714839,543.9994694167445,552.1737060546875,15567653,0.0,0.0
2021-01-28 00:00:00+05:30,548.0140915384466,557.058968601809,544.3864442093301,552.2705078125,15201598,0.0,0.0
2021-01-29 00:00:00+05:30,559.6224219598013,559.6224219598013,532.6328795743065,535.5349731445312,25521965,0.0,0.0
2021-02-01 00:00:00+05:30,540.7587832639628,562.137648677602,531.2785863537364,560.2512817382812,14212955,0.0,0.0
2021-02-02 00:00:00+05:30,565.8136291894796,585.8865354865796,560.3480370765127,579.7921142578125,21711996,0.0,0.0
2021-02-03 00:00:00+05:30,589.5141612108304,602.1866855165139,579.888817331288,588.9821166992188,30641248,0.0,0.0
2021-02-04 00:00:00+05:30,594.8346183775722,602.6703190785989,576.2128213689883,581.0012817382812,51976676,0.0,0.0
2021-02-05 00:00:00+05:30,584.0968456919294,586.1283593720844,557.4458981560415,562.1376342773438,35465208,0.0,0.0
2021-02-08 00:00:00+05:30,569.7798705324705,583.951804422167,565.6201785762298,577.8090209960938,21646080,0.0,0.0
2021-02-09 00:00:00+05:30,579.356728121253,587.9179823170558,575.5839944645277,579.4050903320312,20927436,0.0,0.0
2021-02-10 00:00:00+05:30,585.2093294867839,587.9179741648236,561.3153299415094,570.9406127929688,31642664,0.0,0.0
2021-02-11 00:00:00+05:30,572.6819139171351,583.8550285088297,569.7798202924885,578.5828857421875,19253595,0.0,0.0
2021-02-12 00:00:00+05:30,578.3410452711157,578.3410452711157,565.5234343383008,567.1195678710938,15905053,0.0,0.0
2021-02-15 00:00:00+05:30,572.7787065136307,583.3230534539194,570.7472527649932,574.3265380859375,17972742,0.0,0.0
2021-02-16 00:00:00+05:30,575.5840251242973,581.9686794151578,573.6492959820988,574.5682983398438,15064854,0.0,0.0
2021-02-17 00:00:00+05:30,577.4704370258947,579.2600796674058,570.7956089350803,574.4716186523438,16436661,0.0,0.0
2021-02-18 00:00:00+05:30,577.5188020622263,578.4861667133852,566.1038751177475,569.8282470703125,22193564,0.0,0.0
2021-02-19 00:00:00+05:30,570.7472631404169,576.5514511860436,556.7204152114725,562.3795166015625,19465126,0.0,0.0
2021-02-22 00:00:00+05:30,563.0083260120349,565.8136353474807,549.4651608949326,551.6900634765625,20227667,0.0,0.0
2021-02-23 00:00:00+05:30,556.2366943269855,558.1714235414504,545.5956234954191,547.0950927734375,23764401,0.0,0.0
2021-02-24 00:00:00+05:30,549.5618646989714,555.3660523232742,546.7564953168232,554.2536010742188,8888950,0.0,0.0
2021-02-25 00:00:00+05:30,560.9767750946316,565.3783380543846,558.2197680060849,560.2512817382812,16230241,0.0,0.0
2021-02-26 00:00:00+05:30,555.7529826328484,566.8293729671049,533.7453487541508,538.1469116210938,198547005,0.0,0.0
2021-03-01 00:00:00+05:30,539.7914025268511,540.8554914987112,503.9987939649641,514.8333129882812,55091122,0.0,0.0
2021-03-02 00:00:00+05:30,522.8624815528058,526.2482575905672,511.59264206356653,523.5396728515625,30622757,0.0,0.0
2021-03-03 00:00:00+05:30,530.8433160513365,532.7780453856815,522.3788451375705,528.4732666015625,24669015,0.0,0.0
2021-03-04 00:00:00+05:30,522.3787791374438,528.1829664071469,520.4440500475426,521.9918212890625,17678275,0.0,0.0
2021-03-05 00:00:00+05:30,517.5419342881761,520.9277100507637,507.2878224284519,515.4136962890625,16658703,0.0,0.0
2021-03-08 00:00:00+05:30,513.6725584591532,517.9773372041034,507.62649926833114,508.5455017089844,15293359,0.0,0.0
2021-03-09 00:00:00+05:30,512.8019076449752,514.6399124883202,497.5174621455834,504.7243347167969,20181762,0.0,0.0
2021-03-10 00:00:00+05:30,503.2249298009113,513.1887790499488,499.5005580885791,508.6905517578125,19013738,0.0,0.0
2021-03-12 00:00:00+05:30,513.2372037153227,515.3653817593274,504.5308622254646,507.0943603515625,11624491,0.0,0.0
2021-03-15 00:00:00+05:30,510.57691282268684,510.57691282268684,499.54891453180636,505.7884521484375,10875944,0.0,0.0
2021-03-16 00:00:00+05:30,506.90089783550513,516.3327324400432,506.90089783550513,512.0279541015625,13252045,0.0,0.0
2021-03-17 00:00:00+05:30,511.54428563985357,513.6725238360261,502.06408856601206,505.8368225097656,8482758,0.0,0.0
2021-03-18 00:00:00+05:30,512.5600191559358,514.8333440252346,498.5332022954228,509.99652099609375,12465338,0.0,0.0
2021-03-19 00:00:00+05:30,510.77037130420393,517.3001124019801,508.3519598146587,512.65673828125,49597558,0.0,0.0
2021-03-22 00:00:00+05:30,515.6556312259678,516.5746336331733,505.9335626263742,510.7703857421875,13581706,0.0,0.0
2021-03-23 00:00:00+05:30,512.4149343471962,515.0751569467537,505.11127741020874,511.9796142578125,15239339,0.0,0.0
2021-03-24 00:00:00+05:30,510.77037092884996,516.0425741393931,504.4825010606532,506.56231689453125,10801499,0.0,0.0
2021-03-25 00:00:00+05:30,506.3205111154505,506.5623221907514,483.248757007309,491.1811828613281,17572322,0.0,0.0
2021-03-26 00:00:00+05:30,495.3892557539215,507.7715773078262,493.9382087909807,505.44989013671875,11148490,0.0,0.0
2021-03-30 00:00:00+05:30,510.57690370086704,510.6736281264961,499.40378889256294,504.48248291015625,10691124,0.0,0.0
2021-03-31 00:00:00+05:30,505.3048016667572,508.7389401181519,499.4038292504347,500.4195861816406,7712521,0.0,0.0
2021-04-01 00:00:00+05:30,502.9830504364009,506.8041765913625,497.7592697112424,503.8053283691406,7111516,0.0,0.0
2021-04-05 00:00:00+05:30,503.8053352890171,511.73773091261694,497.8076387621937,511.0122375488281,9376649,0.0,0.0
2021-04-06 00:00:00+05:30,511.25402807129046,520.2989647881174,507.4329320934247,514.8333129882812,13115141,0.0,0.0
2021-04-07 00:00:00+05:30,519.4767701408007,529.0536927265773,517.783851835308,523.9266357421875,21391503,0.0,0.0
2021-04-08 00:00:00+05:30,528.956954660065,530.6498729219458,522.8625331301129,525.2809448242188,11367448,0.0,0.0
2021-04-09 00:00:00+05:30,521.8950824403637,531.8105988280552,518.9929888857228,527.4574584960938,11641539,0.0,0.0
2021-04-12 00:00:00+05:30,520.0087737552108,521.266371830298,501.5804234860215,505.4015197753906,9869735,0.0,0.0
2021-04-13 00:00:00+05:30,509.22258434961253,522.378790570487,506.03025722060494,518.6544189453125,6657701,0.0,0.0
2021-04-15 00:00:00+05:30,522.378830005,528.3281646421761,512.9469946972883,521.7500610351562,9989813,0.0,0.0
2021-04-16 00:00:00+05:30,522.4271787959794,526.3934218361727,520.4440873518876,523.1043701171875,6273393,0.0,0.0
2021-04-19 00:00:00+05:30,514.8817043299613,517.5419870621228,506.1754229098106,509.2709655761719,7368743,0.0,0.0
2021-04-20 00:00:00+05:30,511.73774697416053,519.4767240601868,508.73892869263085,512.8986206054688,7369109,0.0,0.0
2021-04-22 00:00:00+05:30,512.7050658535117,515.9941172874609,508.88396994301223,513.52734375,6675147,0.0,0.0
2021-04-23 00:00:00+05:30,511.7377459064954,515.0751598425281,502.1608241902284,505.5466003417969,7123670,0.0,0.0
2021-04-26 00:00:00+05:30,505.6917385099632,511.2540548737482,505.6917385099632,510.3350524902344,5929161,0.0,0.0
2021-04-27 00:00:00+05:30,510.2382811594202,520.9760753342913,509.0774678090571,516.86474609375,9875033,0.0,0.0
2021-04-28 00:00:00+05:30,518.461000536561,530.1177983796249,518.122404872934,526.5385131835938,12195400,0.0,0.0
2021-04-29 00:00:00+05:30,531.7622439546067,532.0524773748767,521.5081317984531,523.2010498046875,8846896,0.0,0.0
2021-04-30 00:00:00+05:30,516.0909582895293,529.1503808785453,516.0909582895293,519.23486328125,8331737,0.0,0.0
2021-05-03 00:00:00+05:30,512.7051015023354,544.1445712321588,511.78609911930334,540.6137084960938,14556346,0.0,0.0
2021-05-04 00:00:00+05:30,547.4820305755869,547.4820305755869,528.8602304470651,534.422607421875,14196229,0.0,0.0
2021-05-05 00:00:00+05:30,538.7273394138292,546.514618379874,535.9219700609914,541.6777954101562,12095639,0.0,0.0
2021-05-06 00:00:00+05:30,541.6777811949033,545.9825595401826,534.5676335704075,540.5169677734375,9169742,0.0,0.0
2021-05-07 00:00:00+05:30,542.8870062324607,554.2052075516815,538.7273146092248,549.9487915039062,12894499,0.0,0.0
2021-05-10 00:00:00+05:30,553.3345326948619,558.171355138278,550.5291636472801,553.8665771484375,8365615,0.0,0.0
2021-05-11 00:00:00+05:30,547.0467423644856,556.091619682916,545.6440576385252,549.8521118164062,8033470,0.0,0.0
2021-05-12 00:00:00+05:30,549.4651877922123,550.5776391374836,539.9849897917718,543.4191284179688,6815070,0.0,0.0
2021-05-14 00:00:00+05:30,545.5955985408833,550.7710169984657,538.0017686758333,542.1130981445312,7697716,0.0,0.0
2021-05-17 00:00:00+05:30,545.5472662940174,545.5472662940174,527.9895564049802,531.7139282226562,13677009,0.0,0.0
2021-05-18 00:00:00+05:30,529.6340589883664,534.8579001648787,517.1066810336105,518.8479614257812,34968901,0.0,0.0
2021-05-19 00:00:00+05:30,520.3473706950822,522.9108689156456,509.029168447594,510.9638977050781,19583966,0.0,0.0
2021-05-20 00:00:00+05:30,513.6725500505889,513.6725500505889,503.03147883068976,503.6602478027344,14036583,0.0,0.0
2021-05-21 00:00:00+05:30,506.1754014125649,515.8974092369724,504.96616563511805,513.6240844726562,10492773,0.0,0.0
2021-05-24 00:00:00+05:30,513.6725255011462,515.6072546937522,508.8356423676231,509.60955810546875,6386039,0.0,0.0
2021-05-25 00:00:00+05:30,512.6083518807674,513.4789920063267,507.38457127941655,508.9323425292969,9412913,0.0,0.0
2021-05-26 00:00:00+05:30,511.7377157719021,513.4789960366884,507.86825754082673,508.59381103515625,6908901,0.0,0.0
2021-05-27 00:00:00+05:30,508.9323731958696,509.8030133738909,501.77386306281903,502.8379821777344,22783169,0.0,0.0
2021-05-28 00:00:00+05:30,505.207986305211,511.2540450033902,503.4183738634485,506.5139465332031,10248988,0.0,0.0
2021-05-31 00:00:00+05:30,508.35201218019574,518.5094016346105,507.9650542716062,517.4453125,12803471,0.0,0.0
2021-06-01 00:00:00+05:30,519.9119997790815,520.8310021017612,512.9953012532288,515.5104370117188,8435896,0.0,0.0
2021-06-02 00:00:00+05:30,512.6083934287101,517.1550432742551,510.7703886040009,512.221435546875,10567595,0.0,0.0
2021-06-03 00:00:00+05:30,512.7051417392665,515.9941936600302,511.25409472881313,514.6882934570312,6290021,0.0,0.0
2021-06-04 00:00:00+05:30,516.5263135904083,518.3158961829677,513.8660305835001,515.3170776367188,4878809,0.0,0.0
2021-06-07 00:00:00+05:30,516.5746527189224,523.3462053312478,515.6072880600188,518.9447021484375,9674473,0.0,0.0
2021-06-08 00:00:00+05:30,520.5408011166187,530.1177827842529,516.5746183097051,528.9569091796875,12822963,0.0,0.0
2021-06-09 00:00:00+05:30,531.9557052975396,533.5035367060049,517.8804968958444,522.3787841796875,12674395,0.0,0.0
2021-06-10 00:00:00+05:30,526.1514820870474,529.9725778310778,522.717344168742,527.3607177734375,7018193,0.0,0.0
2021-06-11 00:00:00+05:30,527.6992768308465,531.8106061659843,522.4271341186368,523.2010498046875,7777365,0.0,0.0
2021-06-14 00:00:00+05:30,523.2011079938802,523.2011079938802,512.0279922748954,521.7500610351562,5714387,0.0,0.0
2021-06-15 00:00:00+05:30,523.3461333869011,525.9096914869921,520.8309976499096,524.7971801757812,7264778,0.0,0.0
2021-06-16 00:00:00+05:30,526.0548381034347,526.0548381034347,517.4452808106442,519.23486328125,10045600,0.0,0.0
2021-06-17 00:00:00+05:30,521.8951243505348,523.5880424693582,509.85136896441185,511.3992004394531,10214732,0.0,0.0
2021-06-18 00:00:00+05:30,514.0594080454906,524.2167961588827,502.06407537497677,521.1695556640625,15000348,0.0,0.0
2021-06-21 00:00:00+05:30,517.5419564126911,524.2167838032507,515.6072273227901,521.9918212890625,5742834,0.0,0.0
2021-06-22 00:00:00+05:30,530.1661408124903,531.0851431851783,518.025661110984,518.8963012695312,9114558,0.0,0.0
2021-06-23 00:00:00+05:30,520.4440820425056,521.6048955070066,515.3170255782734,516.6229858398438,4767421,0.0,0.0
2021-06-24 00:00:00+05:30,517.5419692767558,517.9772893480044,510.1899504307855,511.49591064453125,6419922,0.0,0.0
2021-06-25 00:00:00+05:30,513.9627232087433,518.412648684773,512.0763561411247,517.6387329101562,5504204,0.0,0.0
2021-06-28 00:00:00+05:30,519.4767671352403,519.4767671352403,513.1404742332994,513.8660278320312,5265796,0.0,0.0
2021-06-29 00:00:00+05:30,513.914367675398,514.8817323302442,506.90094385175746,507.8199462890625,8713975,0.0,0.0
2021-06-30 00:00:00+05:30,509.80300002776505,513.0920516408474,507.2395019280425,508.4970397949219,5760552,0.0,0.0
2021-07-01 00:00:00+05:30,511.73775415125596,513.672543563905,504.9662017390205,505.594970703125,6575188,0.0,0.0
2021-07-02 00:00:00+05:30,508.4486928697484,515.6072631826584,503.03146307166463,507.8682861328125,13309063,0.0,0.0
2021-07-05 00:00:00+05:30,510.770359570359,511.2540418571565,506.22377013526534,506.8525390625,6373586,0.0,0.0
2021-07-06 00:00:00+05:30,506.41720672924066,510.4801739311826,504.0955197784175,508.9323425292969,10494366,0.0,0.0
2021-07-07 00:00:00+05:30,506.12697099424577,513.2855408152936,506.12697099424577,512.3181762695312,6669192,0.0,0.0
2021-07-08 00:00:00+05:30,512.7050978165636,515.4137427315028,506.4655901909423,508.15850830078125,5400962,0.0,0.0
2021-07-09 00:00:00+05:30,508.35190036784905,519.9603343121809,505.9334891611135,518.7510986328125,7303645,0.0,0.0
2021-07-12 00:00:00+05:30,521.3630921637708,521.3630921637708,511.39921252967093,512.3665771484375,8932790,0.0,0.0
2021-07-13 00:00:00+05:30,516.1393162378453,518.0256832780824,510.96389743124575,512.7535400390625,8138019,0.0,0.0
2021-07-14 00:00:00+05:30,511.7377530426185,514.0594401807573,509.4644882727001,512.7535400390625,6666859,0.0,0.0
2021-07-15 00:00:00+05:30,515.1235632873422,515.1235632873422,507.86826879134753,508.3035888671875,6886797,0.0,0.0
2021-07-16 00:00:00+05:30,509.8030204660307,525.6678724479892,508.78729362821196,523.4912719726562,11251138,0.0,0.0
2021-07-19 00:00:00+05:30,521.4114390407191,526.9254532966842,512.0279664235186,520.87939453125,9130551,0.0,0.0
2021-07-20 00:00:00+05:30,518.9446478944865,519.2831833833014,505.933528425289,508.59381103515625,7646460,0.0,0.0
2021-07-22 00:00:00+05:30,513.769233126673,530.1177664518965,506.5623009527218,528.8601684570312,20220601,0.0,0.0
2021-07-23 00:00:00+05:30,529.8275522549088,542.3549899892673,515.3653853209905,530.407958984375,33200836,0.0,0.0
2021-07-26 00:00:00+05:30,527.2155721052522,535.7768260424591,524.4102030528345,526.2965698242188,5214592,0.0,0.0
2021-07-27 00:00:00+05:30,527.9895216127042,527.9895216127042,518.6544115758559,522.9108276367188,5835018,0.0,0.0
2021-07-28 00:00:00+05:30,521.8951206565487,552.076992078111,520.2989871302191,549.3683471679688,32532037,0.0,0.0
2021-07-29 00:00:00+05:30,555.3660735713595,557.8812697597282,546.5630673681023,548.6428833007812,15844335,0.0,0.0
2021-07-30 00:00:00+05:30,547.4336574188848,549.9488536531776,539.5980157136203,543.3223876953125,10125413,0.0,0.0
2021-08-02 00:00:00+05:30,547.5304078370165,551.3515040157182,541.7261600948802,546.7081298828125,6372299,0.0,0.0
2021-08-03 00:00:00+05:30,549.4651444579971,563.0083091699634,543.7576812201848,561.2670288085938,21680353,0.0,0.0
2021-08-04 00:00:00+05:30,556.2366566946702,567.7483669243202,551.6900072570767,555.65625,21816567,0.0,0.0
2021-08-05 00:00:00+05:30,558.6551630950902,598.8009788653396,558.6551630950902,579.1633911132812,72423461,0.0,0.0
2021-08-06 00:00:00+05:30,575.1004123840304,596.8178759506551,569.2962242555506,588.0631713867188,29055626,0.0,0.0
2021-08-09 00:00:00+05:30,590.0946352197336,592.7065560131024,578.0509386334624,579.6954345703125,10078649,0.0,0.0
2021-08-10 00:00:00+05:30,582.5491313007326,607.5072233832587,578.8731215846994,601.896484375,34514358,0.0,0.0
2021-08-11 00:00:00+05:30,601.8964151523747,608.7163892599318,593.6738166060768,600.5905151367188,18731287,0.0,0.0
2021-08-12 00:00:00+05:30,602.6703430499333,608.4261681641436,596.8661557232009,602.8154296875,8430316,0.0,0.0
2021-08-13 00:00:00+05:30,602.8155213565132,617.954821042349,597.9303356288328,616.261962890625,21079044,0.0,0.0
2021-08-16 00:00:00+05:30,617.9063917893901,622.9850859976333,611.3766506862215,613.3598022460938,10506327,0.0,0.0
2021-08-17 00:00:00+05:30,613.3598154225159,617.1809116764399,602.6703822634568,605.9110717773438,11311229,0.0,0.0
2021-08-18 00:00:00+05:30,605.4757408628658,613.3114422453546,600.5905556475168,602.6220092773438,7136872,0.0,0.0
2021-08-20 00:00:00+05:30,599.2846282088375,612.3441111774586,587.1925098932986,593.6738891601562,12770173,0.0,0.0
2021-08-23 00:00:00+05:30,598.2204574059629,609.9256174079536,587.7728954684535,602.331787109375,12790616,0.0,0.0
2021-08-24 00:00:00+05:30,607.4588202403513,607.4588202403513,596.9145342777107,599.864990234375,5885050,0.0,0.0
2021-08-25 00:00:00+05:30,602.0416430117011,602.0416430117011,591.0619758648962,592.4646606445312,8127668,0.0,0.0
2021-08-26 00:00:00+05:30,590.0945839396683,591.5456308703257,565.2332169511903,567.7484130859375,26316897,0.0,0.0
2021-08-27 00:00:00+05:30,569.5864037785755,585.6447042014698,565.9587564658347,575.7291870117188,16444274,0.0,0.0
2021-08-30 00:00:00+05:30,576.5513632484506,604.6050548274937,570.8439005103702,600.2035522460938,40506274,0.0,0.0
2021-08-31 00:00:00+05:30,605.6208234763582,646.2986790810155,604.6050966682052,642.3807983398438,60781970,0.0,0.0
2021-09-01 00:00:00+05:30,646.2020064001173,651.3290632179492,632.6588408521845,644.6541748046875,30796359,0.0,0.0
2021-09-02 00:00:00+05:30,648.0883294309049,651.7642788399226,642.3808060770956,644.7509155273438,18951106,0.0,0.0
2021-09-03 00:00:00+05:30,646.2019479218592,647.7497192252099,632.6587835995196,636.9635620117188,7920313,0.0,0.0
2021-09-06 00:00:00+05:30,642.7193938540627,644.0253541008371,632.078383325994,633.2391967773438,10223448,0.0,0.0
2021-09-07 00:00:00+05:30,636.4799195690007,658.2940464316288,626.854575192392,648.6687622070312,28185127,0.0,0.0
2021-09-08 00:00:00+05:30,655.8756167038791,661.4863555458279,643.2998165251654,646.0568237304688,20876941,0.0,0.0
2021-09-09 00:00:00+05:30,646.0568472338746,665.7427961125368,645.2829916029766,663.7597045898438,19784500,0.0,0.0
2021-09-13 00:00:00+05:30,669.4187325948074,674.2555553286412,663.4693985257883,670.6763305664062,19704664,0.0,0.0
2021-09-14 00:00:00+05:30,672.3208526469234,676.8675022865433,666.6133895663834,671.5469970703125,11694600,0.0,0.0
2021-09-15 00:00:00+05:30,674.2555517816111,710.967162457493,673.4333340275883,701.8255615234375,56796797,0.0,0.0
2021-09-16 00:00:00+05:30,711.0156080194766,712.9503371659561,692.0551541103664,695.1507568359375,45001991,0.0,0.0
2021-09-17 00:00:00+05:30,697.4723998689453,710.7736919883951,697.4723998689453,704.3890380859375,26649321,0.0,0.0
2021-09-20 00:00:00+05:30,701.3418802783603,709.7579878944691,696.7952308346221,701.2935180664062,14330899,0.0,0.0
2021-09-21 00:00:00+05:30,699.310462172158,716.5779381861608,698.4398220088959,702.9380493164062,14216876,0.0,0.0
2021-09-22 00:00:00+05:30,703.2766621521396,708.1619075982459,700.4712927362004,703.0348510742188,16348622,0.0,0.0
2021-09-23 00:00:00+05:30,709.4678467374557,715.9492261102864,699.6006910234786,703.083251953125,26497345,0.0,0.0
2021-09-24 00:00:00+05:30,705.2597320275167,728.4282401841623,704.2440052272979,715.2720336914062,72175065,0.0,0.0
2021-09-27 00:00:00+05:30,720.4227762714095,721.3097777585381,707.758733745225,712.0950317382812,11282248,0.0,0.0
2021-09-28 00:00:00+05:30,713.9182607493686,716.2834976676263,676.0738685372131,686.0770263671875,21944239,0.0,0.0
2021-09-29 00:00:00+05:30,686.9147641946533,691.8424167355046,679.1783737663204,684.0567016601562,16729859,0.0,0.0
2021-09-30 00:00:00+05:30,685.7321160233624,699.5295431471807,676.862341443765,678.3406372070312,13911568,0.0,0.0
2021-10-01 00:00:00+05:30,677.404331699105,677.404331699105,657.9894299284124,666.1200561523438,14952128,0.0,0.0
2021-10-04 00:00:00+05:30,665.2331078896223,676.2710618583409,660.0098081099279,671.54052734375,8917898,0.0,0.0
2021-10-05 00:00:00+05:30,674.497098283743,693.2714422789799,670.5549762836089,689.1322021484375,25598885,0.0,0.0
2021-10-06 00:00:00+05:30,695.5382139298924,697.7063932584117,678.2421641048653,681.3958740234375,10406502,0.0,0.0
2021-10-07 00:00:00+05:30,685.6828324631233,692.0395160988243,681.2972097903059,682.4798583984375,8121590,0.0,0.0
2021-10-08 00:00:00+05:30,685.0915507883219,689.4278488949177,678.9319851664461,685.4364624023438,6297352,0.0,0.0
2021-10-11 00:00:00+05:30,683.0712035140646,685.9785306813098,675.0884300804868,680.853759765625,8792050,0.0,0.0
2021-10-12 00:00:00+05:30,681.0015640509453,688.2945136891389,674.2999687940147,676.4188232421875,8579567,0.0,0.0
2021-10-13 00:00:00+05:30,679.0305399598454,686.717666117668,673.2158857310252,679.9175415039062,7062149,0.0,0.0
2021-10-14 00:00:00+05:30,682.9726012840523,683.9581317332356,671.9839127148562,675.8767700195312,9820591,0.0,0.0
2021-10-18 00:00:00+05:30,689.8713293486205,691.793125796493,669.8158083347881,670.7520141601562,8574445,0.0,0.0
2021-10-19 00:00:00+05:30,688.885832351627,688.885832351627,665.6766006740448,671.2448120117188,7328862,0.0,0.0
2021-10-20 00:00:00+05:30,673.5115696170485,703.5702499498924,671.5405086116161,698.1990966796875,21217306,0.0,0.0
2021-10-21 00:00:00+05:30,700.6628822892371,702.0425888217947,679.2275950986757,685.9784545898438,8908979,0.0,0.0
2021-10-22 00:00:00+05:30,688.393049708367,695.094645033752,674.3492401760203,684.450927734375,6587256,0.0,0.0
2021-10-25 00:00:00+05:30,682.9726296482676,693.81346503951,665.2330808262346,681.10009765625,9540441,0.0,0.0
2021-10-26 00:00:00+05:30,684.9437550787745,699.5788601732495,679.0305715816916,686.1264038085938,10953878,0.0,0.0
2021-10-27 00:00:00+05:30,689.2800500651609,704.3093900659709,683.9581613483334,692.1873168945312,11878571,0.0,0.0
2021-10-28 00:00:00+05:30,692.5816118351659,695.8338507034557,674.4971498380908,679.7697143554688,8884507,0.0,0.0
2021-10-29 00:00:00+05:30,682.1842084351023,690.8568646051652,667.2533976428185,675.4332885742188,8602343,0.0,0.0
2021-11-01 00:00:00+05:30,679.9667896782568,712.3414429791925,679.6218179073982,702.1904907226562,17121001,0.0,0.0
2021-11-02 00:00:00+05:30,702.1904755920503,712.6370747470729,699.2831486100748,703.6195068359375,7725455,0.0,0.0
2021-11-03 00:00:00+05:30,715.2487878964077,721.9011190273767,685.929254393248,688.984375,23261507,0.0,0.0
2021-11-04 00:00:00+05:30,693.8134457032588,694.6018580429751,689.082911512956,690.9553833007812,1064714,0.0,0.0
2021-11-08 00:00:00+05:30,697.2135896022118,704.5558041245355,693.8134972232017,698.7411499023438,7565546,0.0,0.0
2021-11-09 00:00:00+05:30,701.4020753301563,706.083345248203,694.9468625261989,702.88037109375,5278131,0.0,0.0
2021-11-10 00:00:00+05:30,707.1181858703678,727.3215626095212,697.1150264972503,724.8084716796875,15180490,0.0,0.0
2021-11-11 00:00:00+05:30,724.3649759218563,727.912861947199,713.7705221923869,718.0575561523438,7421118,0.0,0.0
2021-11-12 00:00:00+05:30,722.3938127016171,734.2201779845905,714.755951789697,732.7418823242188,9207508,0.0,0.0
2021-11-15 00:00:00+05:30,729.2925524198531,735.2057352773113,725.5475486405309,726.8779907226562,5454742,0.0,0.0
2021-11-16 00:00:00+05:30,730.6230720798055,731.312955516829,716.5299968035233,719.7329711914062,4639931,0.0,0.0
2021-11-17 00:00:00+05:30,714.0661128427579,721.7532387241783,705.8862217105798,709.6312255859375,8002927,0.0,0.0
2021-11-18 00:00:00+05:30,710.173298922711,712.9820971156431,697.7556379022053,704.0137329101562,4469597,0.0,0.0
2021-11-22 00:00:00+05:30,729.2925317015181,745.0117543814315,722.4923475478236,731.3621215820312,36884348,0.0,0.0
2021-11-23 00:00:00+05:30,734.2202302623377,749.9887184290457,725.0548085458405,747.9191284179688,18240414,0.0,0.0
2021-11-24 00:00:00+05:30,752.9453099603035,770.4877410153642,745.3074485045543,747.9191284179688,21653712,0.0,0.0
2021-11-25 00:00:00+05:30,748.0669022694296,757.3801773788554,741.9073367409744,754.0786743164062,8483653,0.0,0.0
2021-11-26 00:00:00+05:30,751.9597839665291,751.9597839665291,722.4923974671945,728.0606689453125,11142921,0.0,0.0
2021-11-29 00:00:00+05:30,741.1189007975393,744.0754921571039,716.5791684523506,728.6519165039062,15885643,0.0,0.0
2021-11-30 00:00:00+05:30,729.2926308251803,739.345054793984,712.1936992848815,717.712646484375,14272616,0.0,0.0
2021-12-01 00:00:00+05:30,722.3938918702946,726.7302503434173,707.8573162835459,711.7994384765625,10488561,0.0,0.0
2021-12-02 00:00:00+05:30,713.425575416446,725.0548236512693,703.8166527396709,721.9503784179688,11507427,0.0,0.0
2021-12-03 00:00:00+05:30,719.4373269565959,724.0200682370563,705.9355459134463,707.9558715820312,11024093,0.0,0.0
2021-12-06 00:00:00+05:30,707.6109512612911,711.4545445559667,683.8103638676725,687.506103515625,8804487,0.0,0.0
2021-12-07 00:00:00+05:30,692.1872715345186,695.488834557086,684.0566455095149,688.7379150390625,10238693,0.0,0.0
2021-12-08 00:00:00+05:30,694.7989659143649,708.5963921878417,692.1380216740791,704.8021240234375,8296393,0.0,0.0
2021-12-09 00:00:00+05:30,706.4282446775027,713.4748117565276,700.7121798539619,703.6195068359375,9069515,0.0,0.0
2021-12-10 00:00:00+05:30,700.7121510112968,708.497865638891,696.7700292053261,700.41650390625,4251339,0.0,0.0
2021-12-13 00:00:00+05:30,704.6542893453673,708.0051170198402,688.2451828823264,692.9264526367188,9896899,0.0,0.0
2021-12-14 00:00:00+05:30,690.8569066188552,696.0802064359281,678.4392459101906,681.5928955078125,9275631,0.0,0.0
2021-12-15 00:00:00+05:30,681.7407517648728,684.8451970299551,674.2014190651075,675.5319213867188,7674319,0.0,0.0
2021-12-16 00:00:00+05:30,679.9175368505082,679.9175368505082,667.7954632073561,671.54052734375,9633006,0.0,0.0
2021-12-17 00:00:00+05:30,671.1462287090576,675.7782338010335,651.5341489194597,656.4125366210938,13850460,0.0,0.0
2021-12-20 00:00:00+05:30,649.6124653947295,651.5835264319256,635.7657134868191,648.7254638671875,11812939,0.0,0.0
2021-12-21 00:00:00+05:30,654.3429600494946,661.1924087674968,649.6616903709183,657.3488159179688,8084499,0.0,0.0
2021-12-22 00:00:00+05:30,657.3488738334017,676.0739541974717,657.3488738334017,674.842041015625,8522226,0.0,0.0
2021-12-23 00:00:00+05:30,679.030520725426,679.030520725426,665.7258588534473,668.9288330078125,5602466,0.0,0.0
2021-12-24 00:00:00+05:30,672.2303350004497,672.9694828809597,662.9171198276292,667.25341796875,3756020,0.0,0.0
2021-12-27 00:00:00+05:30,665.1838166418503,668.53458421859,658.9749865816493,665.9722290039062,3658572,0.0,0.0
2021-12-28 00:00:00+05:30,670.0129038371141,673.6101143167272,665.2823693441505,670.2100219726562,3892590,0.0,0.0
2021-12-29 00:00:00+05:30,670.1115162763068,673.6101377337683,665.2331279740945,667.0563354492188,3847574,0.0,0.0
2021-12-30 00:00:00+05:30,667.6968733126274,675.8767639368314,664.4446348899926,669.5200805664062,5701612,0.0,0.0
2021-12-31 00:00:00+05:30,670.6535230130124,684.0567141072078,670.160757749961,673.90576171875,4598628,0.0,0.0
2022-01-03 00:00:00+05:30,677.847884366811,682.5784188654968,673.2158788600105,681.2972412109375,2939833,0.0,0.0
2022-01-04 00:00:00+05:30,682.2334450291113,693.0742798363633,680.4102377814206,687.3582153320312,6473875,0.0,0.0
2022-01-05 00:00:00+05:30,690.7584004994908,692.5816079929897,681.740771724156,689.8713989257812,4586105,0.0,0.0
2022-01-06 00:00:00+05:30,691.8424301545278,710.0747449093125,689.8713690999566,700.1209106445312,21642414,0.0,0.0
2022-01-07 00:00:00+05:30,703.5702495842726,704.8021627120277,691.3003828014306,694.5033569335938,4315015,0.0,0.0
2022-01-10 00:00:00+05:30,695.1932566261738,701.0571151302594,693.4685782068524,694.749755859375,3565324,0.0,0.0
2022-01-11 00:00:00+05:30,692.8279835926536,699.2831967294375,684.5495028288926,693.271484375,10642484,0.0,0.0
2022-01-12 00:00:00+05:30,697.7063452928813,722.0982257198132,694.0106058342553,719.6343994140625,12366953,0.0,0.0
2022-01-13 00:00:00+05:30,718.451708371383,725.0055100188379,715.6429706093343,721.211181640625,5829874,0.0,0.0
2022-01-14 00:00:00+05:30,719.3879635664864,720.3242295238128,708.0543633984406,710.1732177734375,5344096,0.0,0.0
2022-01-17 00:00:00+05:30,709.5820172295735,724.1185932769848,709.1385164384023,718.0575561523438,4340924,0.0,0.0
2022-01-18 00:00:00+05:30,716.4807185803718,720.1271936902066,702.2397899289429,704.0137329101562,4312058,0.0,0.0
2022-01-19 00:00:00+05:30,703.6687743469511,704.6543048432354,691.5467612730565,693.517822265625,5879490,0.0,0.0
2022-01-20 00:00:00+05:30,695.7845726950527,709.2370888483324,695.0454247778837,705.048583984375,4812496,0.0,0.0
2022-01-21 00:00:00+05:30,699.3324017471351,703.6687599025755,679.3754096070411,685.1900634765625,6704622,0.0,0.0
2022-01-24 00:00:00+05:30,680.3117176274808,696.7700896249793,667.5490851435519,679.9175415039062,11091633,0.0,0.0
2022-01-25 00:00:00+05:30,674.1028652270652,710.0254641544354,672.2796578541404,701.5498657226562,14128764,0.0,0.0
2022-01-27 00:00:00+05:30,696.2773315818034,705.6398717800017,691.3496788459096,697.0164794921875,8937312,0.0,0.0
2022-01-28 00:00:00+05:30,704.5557466695699,743.0899634172764,691.4974681347172,705.4426879882812,21450677,0.0,0.0
2022-01-31 00:00:00+05:30,717.466197879612,724.3649113207621,709.1384531952507,718.7473754882812,10745370,0.0,0.0
2022-02-01 00:00:00+05:30,722.3938702823318,724.3649313199371,707.9065596255313,712.5878295898438,4814511,0.0,0.0
2022-02-02 00:00:00+05:30,715.5936328285945,721.1619039096762,710.0746863914202,714.558837890625,3286577,0.0,0.0
2022-02-03 00:00:00+05:30,715.4951636205615,718.4517552057704,708.1036846575391,711.2081298828125,3651578,0.0,0.0
2022-02-04 00:00:00+05:30,710.6660551728611,712.7849699150585,706.1326387060344,709.7791137695312,3284198,0.0,0.0
2022-02-07 00:00:00+05:30,707.6109452406228,709.6805353650622,689.3786297991861,696.27734375,6833983,0.0,0.0
2022-02-08 00:00:00+05:30,700.9093474213727,704.3587043868794,690.8569236629221,698.6426391601562,7167684,0.0,0.0
2022-02-09 00:00:00+05:30,696.8685965200127,715.593676128322,691.9902686384021,708.9413452148438,10185173,0.0,0.0
2022-02-10 00:00:00+05:30,712.4893047416299,716.4314268397624,698.3469056233737,713.5733642578125,6074014,0.0,0.0
2022-02-11 00:00:00+05:30,711.2573364281275,714.9038111165187,700.6136196189892,704.8021240234375,5646980,0.0,0.0
2022-02-14 00:00:00+05:30,693.813472070244,693.813472070244,675.0883925683482,679.7203979492188,7441445,0.0,0.0
2022-02-15 00:00:00+05:30,685.9292242646382,702.781771662061,676.6652135542838,701.2542114257812,4650249,0.0,0.0
2022-02-16 00:00:00+05:30,707.0195979291983,717.6633151959513,697.7555872579089,711.3558959960938,5433910,0.0,0.0
2022-02-17 00:00:00+05:30,713.9675804425545,716.9734364274157,704.6543052173226,706.6253662109375,5107708,0.0,0.0
2022-02-18 00:00:00+05:30,701.7469808435051,709.13845959718,701.0570974627605,702.23974609375,4099366,0.0,0.0
2022-02-21 00:00:00+05:30,697.804836213051,706.1818451955653,692.82791937737,699.6773681640625,4307430,0.0,0.0
2022-02-22 00:00:00+05:30,684.1552851536699,692.3351762735464,677.5522187730437,689.1322021484375,9148804,0.0,0.0
2022-02-23 00:00:00+05:30,689.9698733994449,698.691854344989,689.3785791650383,694.2077026367188,4124469,0.0,0.0
2022-02-24 00:00:00+05:30,672.1318084582405,678.5870212744685,636.1106803139375,661.1924438476562,14139461,0.0,0.0
2022-02-25 00:00:00+05:30,667.6969186930031,685.0915562075799,667.6969186930031,678.6856079101562,6452099,0.0,0.0
2022-02-28 00:00:00+05:30,671.1462934901049,680.0160682939389,656.8068362543087,676.5667114257812,8301523,0.0,0.0
2022-03-02 00:00:00+05:30,674.1028801532954,674.1028801532954,656.363330675577,664.4939575195312,10220908,0.0,0.0
2022-03-03 00:00:00+05:30,665.2331328677387,669.9636675599513,658.9257131767805,662.3258056640625,6517030,0.0,0.0
2022-03-04 00:00:00+05:30,655.3778162000579,658.2851433549566,640.5948579399062,644.2413330078125,7094874,0.0,0.0
2022-03-07 00:00:00+05:30,630.7394579709616,669.5200552713441,629.753927567882,665.6272583007812,12615451,0.0,0.0
2022-03-08 00:00:00+05:30,665.2330658271756,676.9115778108946,657.9401163039715,673.1173095703125,8462985,0.0,0.0
2022-03-09 00:00:00+05:30,672.1317842142873,687.9002718204875,664.5431875234021,681.4943237304688,9896395,0.0,0.0
2022-03-10 00:00:00+05:30,689.8221098710477,697.2628533784654,680.607363279363,687.6539306640625,5989327,0.0,0.0
2022-03-11 00:00:00+05:30,686.6191049013439,692.2366407287375,681.4943343193005,684.7958374023438,3353880,0.0,0.0
2022-03-14 00:00:00+05:30,678.1928157298001,694.6511264265812,678.1928157298001,690.2655639648438,4016137,0.0,0.0
2022-03-15 00:00:00+05:30,688.8858017516249,699.2338717350183,685.4364450904936,692.9264526367188,6006439,0.0,0.0
2022-03-16 00:00:00+05:30,699.7266319360626,705.1470495073983,694.7989795984847,701.6976928710938,3843706,0.0,0.0
2022-03-17 00:00:00+05:30,709.5819400111145,717.4169192958051,704.6542876499262,712.4400024414062,8168953,0.0,0.0
2022-03-21 00:00:00+05:30,711.5530063433642,713.8689789098564,696.5729310215236,697.9526977539062,6317305,0.0,0.0
2022-03-22 00:00:00+05:30,698.2483812636453,710.5675129020301,695.6367012955038,708.8428344726562,3000133,0.0,0.0
2022-03-23 00:00:00+05:30,708.8428303411432,709.4341245955353,692.8279593045862,694.749755859375,7974713,0.0,0.0
2022-03-24 00:00:00+05:30,687.9002998227401,698.5932818551696,687.7524461846107,696.1294555664062,3597143,0.0,0.0
2022-03-25 00:00:00+05:30,701.9933253842759,704.1122399061778,695.6366419705748,699.0859985351562,2930336,0.0,0.0
2022-03-28 00:00:00+05:30,704.9007440577418,726.3360340727797,699.8252375336059,722.4431762695312,7960258,0.0,0.0
2022-03-29 00:00:00+05:30,729.6867887173447,751.9597534210449,726.3359610371036,744.0262451171875,15833573,0.0,0.0
2022-03-30 00:00:00+05:30,751.7133691137516,758.7599360643127,733.8259669481773,738.6550903320312,9938988,0.0,0.0
2022-03-31 00:00:00+05:30,742.1044486579906,748.0176315158232,728.9969053535297,744.0262451171875,7371181,0.0,0.0
2022-04-01 00:00:00+05:30,748.8060799943592,755.5570001739692,738.4087449980946,747.52490234375,5920139,0.0,0.0
2022-04-04 00:00:00+05:30,746.8842670891387,763.786139263977,745.258177851588,756.6903076171875,5783224,0.0,0.0
2022-04-05 00:00:00+05:30,756.6903391120445,762.6035223718187,749.9887434480358,755.5076904296875,3990794,0.0,0.0
2022-04-06 00:00:00+05:30,752.9453034052682,769.4036748163871,751.9597729034289,764.4267578125,7490027,0.0,0.0
2022-04-07 00:00:00+05:30,763.7861913887594,766.5949294511261,748.5597320590585,751.3685302734375,5818505,0.0,0.0
2022-04-08 00:00:00+05:30,757.2323193993534,757.2323193993534,746.6378667512156,751.07275390625,5583587,0.0,0.0
2022-04-11 00:00:00+05:30,746.046564901415,754.1279267761909,745.0610344325888,747.0813598632812,4927865,0.0,0.0
2022-04-12 00:00:00+05:30,748.9539593832303,748.9539593832303,729.3911417209284,730.9187622070312,3904026,0.0,0.0
2022-04-13 00:00:00+05:30,731.2636697237122,745.5538627304423,727.2722830177519,729.9332275390625,6343030,0.0,0.0
2022-04-18 00:00:00+05:30,725.9910863678675,729.4404432104315,712.9328068924469,718.9445190429688,8950327,0.0,0.0
2022-04-19 00:00:00+05:30,728.3070336627235,728.3070336627235,706.4775092018808,713.0313110351562,9957060,0.0,0.0
2022-04-20 00:00:00+05:30,719.4864953196568,733.7274223986276,713.4747836160108,728.6519165039062,6632292,0.0,0.0
2022-04-21 00:00:00+05:30,733.1361625724064,733.1361625724064,719.4372645697948,725.1040649414062,6111830,0.0,0.0
2022-04-22 00:00:00+05:30,720.4228074436866,730.1795836162446,718.4517464110089,728.0606689453125,5182247,0.0,0.0
2022-04-25 00:00:00+05:30,719.38796633514,732.2491267188453,718.5995540029905,728.6519165039062,3571031,0.0,0.0
2022-04-26 00:00:00+05:30,734.2202070676017,747.9191047904711,728.4055531790153,745.356689453125,4987848,0.0,0.0
2022-04-27 00:00:00+05:30,739.1478681089078,750.5307332473834,735.599982402788,741.6116943359375,4571399,0.0,0.0
2022-04-28 00:00:00+05:30,740.1334042272738,743.3856428412796,733.8259849773167,736.5361938476562,6101866,0.0,0.0
2022-04-29 00:00:00+05:30,741.1189648701793,749.9887397157,724.906975483242,728.3070678710938,7219115,0.0,0.0
2022-05-02 00:00:00+05:30,723.3793609861392,732.1998706743414,719.7821507296973,730.6229858398438,3938533,0.0,0.0
2022-05-04 00:00:00+05:30,726.3359870332404,728.6519596746459,706.6253768016735,711.947265625,6785271,0.0,0.0
2022-05-05 00:00:00+05:30,715.4950966854757,722.4923387217359,703.9151140600566,708.547119140625,4836692,0.0,0.0
2022-05-06 00:00:00+05:30,700.9586140606782,713.425599763476,697.5092570846327,699.9730834960938,5912312,0.0,0.0
2022-05-09 00:00:00+05:30,695.8830672536236,710.0747306217883,694.256978007527,701.2049560546875,4819274,0.0,0.0
2022-05-10 00:00:00+05:30,700.7121975148985,717.9589815606239,699.8745206363384,709.237060546875,6746893,0.0,0.0
2022-05-11 00:00:00+05:30,709.2370366091282,724.364905472131,706.5268277791304,712.3906860351562,6919703,0.0,0.0
2022-05-12 00:00:00+05:30,704.9006886485515,712.3414318775649,691.1032616774509,695.1932373046875,6754953,0.0,0.0
2022-05-13 00:00:00+05:30,702.6832728466906,702.6832728466906,674.8420351778,679.9175415039062,11938252,0.0,0.0
2022-05-16 00:00:00+05:30,675.9260536715001,687.9002730293028,669.8158128349654,683.1697387695312,5412233,0.0,0.0
2022-05-17 00:00:00+05:30,684.9437053075337,699.7266629760417,680.8537296251097,696.8193359375,4847812,0.0,0.0
2022-05-18 00:00:00+05:30,710.5674332584995,716.6284694060412,679.2275779135599,686.0770263671875,18992703,0.0,0.0
2022-05-19 00:00:00+05:30,675.0884106798352,682.9726548921545,658.186538088872,664.4939575195312,7322668,0.0,0.0
2022-05-20 00:00:00+05:30,678.5377053337396,681.4942966423833,673.1172879345594,677.9464111328125,5577407,0.0,0.0
2022-05-23 00:00:00+05:30,671.9346998304331,683.8596552726452,669.7665206453028,675.9260864257812,3788601,0.0,0.0
2022-05-24 00:00:00+05:30,679.2768794971466,679.2768794971466,666.0707470790546,668.3867797851562,4053608,0.0,0.0
2022-05-25 00:00:00+05:30,671.39261679492,679.9174792194299,669.7172030051776,678.2420654296875,4188088,0.0,0.0
2022-05-26 00:00:00+05:30,680.016010014112,685.436427485239,666.120054739843,683.6132202148438,5780597,0.0,0.0
2022-05-27 00:00:00+05:30,686.9639945297187,689.8713214146529,666.218590394722,674.4970703125,7131633,0.0,0.0
2022-05-30 00:00:00+05:30,677.5029292760527,693.5670638033708,673.1173066823478,688.93505859375,4675033,0.0,0.0
2022-05-31 00:00:00+05:30,687.4075370135678,696.3758406758085,682.5784134095863,690.0684814453125,44593174,0.0,0.0
2022-06-01 00:00:00+05:30,691.3989405750737,695.9816816619137,681.2479880101705,684.5988159179688,3749781,0.0,0.0
2022-06-02 00:00:00+05:30,678.9320264690601,686.8655354422671,673.1666366050439,685.8800048828125,3466993,0.0,0.0
2022-06-03 00:00:00+05:30,686.9640465265402,690.6597860281377,675.334798258582,676.5667114257812,6673615,0.0,0.0
2022-06-06 00:00:00+05:30,672.3289063382822,679.8189139349697,666.7113705647631,673.0680541992188,6407024,0.0,0.0
2022-06-07 00:00:00+05:30,668.337526286275,677.3058296902686,663.5576673154811,675.384033203125,8349903,0.0,0.0
2022-06-08 00:00:00+05:30,672.6245909020348,677.8478907130699,650.8936546109866,653.702392578125,13904149,0.0,0.0
2022-06-09 00:00:00+05:30,650.4501377904686,669.5694537802647,645.6210142218267,666.5635375976562,6774925,0.0,0.0
2022-06-10 00:00:00+05:30,658.3343695154696,666.6621142141431,658.3343695154696,663.60693359375,3221484,0.0,0.0
2022-06-13 00:00:00+05:30,650.5487153354385,663.6069955914606,648.4791251669875,661.586669921875,5982102,0.0,0.0
2022-06-14 00:00:00+05:30,659.4184588130645,679.4247768529802,659.4184588130645,672.1810913085938,8878530,0.0,0.0
2022-06-15 00:00:00+05:30,672.0825531922228,675.0884092614522,663.7548082300556,672.2303466796875,6005970,0.0,0.0
2022-06-16 00:00:00+05:30,673.2158653903681,674.0043379177148,640.5948296636825,644.7340698242188,9525587,0.0,0.0
2022-06-17 00:00:00+05:30,646.5079463759257,652.1747462107757,628.7683990668302,634.336669921875,11085830,0.0,0.0
2022-06-20 00:00:00+05:30,635.6179124011077,638.0817386681466,625.0234594528401,631.6265258789062,3883001,0.0,0.0
2022-06-21 00:00:00+05:30,632.8090966887161,648.6269090028612,631.2322719826612,644.8325805664062,3515991,0.0,0.0
2022-06-22 00:00:00+05:30,639.2150793709319,640.9397578029478,632.168572154187,633.5482788085938,4348884,0.0,0.0
2022-06-23 00:00:00+05:30,638.7716467953179,654.9835761387757,638.377410516518,650.6472778320312,4336533,0.0,0.0
2022-06-24 00:00:00+05:30,652.5197343065458,665.92298549184,652.5197343065458,661.4880981445312,5621332,0.0,0.0
2022-06-27 00:00:00+05:30,665.2330789748236,677.0594448232648,661.4880751532186,674.0535888671875,5284297,0.0,0.0
2022-06-28 00:00:00+05:30,673.1173357937957,674.9898678165438,666.5142693712734,671.2941284179688,3216376,0.0,0.0
2022-06-29 00:00:00+05:30,667.2041824789699,679.1290780754705,665.2331213785889,677.847900390625,5011798,0.0,0.0
2022-06-30 00:00:00+05:30,679.8189223677002,681.5928652255512,669.1752050685867,675.0391235351562,6505666,0.0,0.0
2022-07-01 00:00:00+05:30,674.9405786777792,675.8768447384095,656.3633517177437,663.70556640625,4488771,0.0,0.0
2022-07-04 00:00:00+05:30,660.7981925306004,675.5811498579069,656.4125698264313,672.0332641601562,4229588,0.0,0.0
2022-07-05 00:00:00+05:30,673.4130025426831,679.3261857527498,670.210028303897,674.54638671875,3494504,0.0,0.0
2022-07-06 00:00:00+05:30,674.595659841524,684.8944660944886,674.3000127076422,683.908935546875,4697006,0.0,0.0
2022-07-07 00:00:00+05:30,681.9870750855963,686.4219621345634,675.531862633612,676.8623046875,3485283,0.0,0.0
2022-07-08 00:00:00+05:30,678.0449855821296,686.5205238411029,676.7145434648284,685.091552734375,2732170,0.0,0.0
2022-07-11 00:00:00+05:30,665.2331158625713,671.1462991146831,649.4153626935745,650.9921875,18687521,0.0,0.0
2022-07-12 00:00:00+05:30,653.6530598544068,657.2502699965783,650.4500859463377,653.4066772460938,7416645,0.0,0.0
2022-07-13 00:00:00+05:30,660.3053996242473,660.3053996242473,631.7250166554365,634.1888427734375,12030163,0.0,0.0
2022-07-14 00:00:00+05:30,640.5948789636703,642.7630582767192,619.6523540744735,632.36572265625,11379990,0.0,0.0
2022-07-15 00:00:00+05:30,639.5600365212503,647.9863103516957,633.9425005836171,642.3687744140625,5567877,0.0,0.0
2022-07-18 00:00:00+05:30,647.4935460878725,660.305442738013,639.7571556330141,653.4559936523438,8982417,0.0,0.0
2022-07-19 00:00:00+05:30,665.2330419960682,667.2041028612417,653.5052057874841,663.1634521484375,7836419,0.0,0.0
2022-07-20 00:00:00+05:30,670.1607927971875,670.1607927971875,658.5315440114035,660.9461059570312,4458819,0.0,0.0
2022-07-21 00:00:00+05:30,661.7838073234273,670.1115530424124,661.4881601696202,668.53466796875,3550107,0.0,0.0
2022-07-22 00:00:00+05:30,669.8650807510357,672.0332598421778,665.430193581339,669.02734375,2415220,0.0,0.0
2022-07-25 00:00:00+05:30,670.1607480980946,676.6159609206965,666.7606558016068,668.5839233398438,2913348,0.0,0.0
2022-07-26 00:00:00+05:30,672.7231202107505,675.4333291863537,660.5518421447546,674.201416015625,5016687,0.0,0.0
2022-07-27 00:00:00+05:30,674.0536218360717,674.0536218360717,660.0098117041457,665.1345825195312,6237523,0.0,0.0
2022-07-28 00:00:00+05:30,668.9781523842281,669.5695068293679,654.5894298326976,657.2010498046875,7374170,0.0,0.0
2022-07-29 00:00:00+05:30,663.0648749791626,670.8013251057774,661.290932198896,668.140380859375,7669970,0.0,0.0
2022-08-01 00:00:00+05:30,671.1101936213842,690.7599033625062,670.2192495282952,687.4437255859375,8812526,3.0,0.0
2022-08-02 00:00:00+05:30,692.9376244331164,693.2345856168574,674.2778282857711,679.8707885742188,6236599,0.0,0.0
2022-08-03 00:00:00+05:30,681.0587337549982,689.8194214967442,680.0688228047729,686.1567993164062,5237250,0.0,0.0
2022-08-04 00:00:00+05:30,691.1558429193489,691.4528041228576,673.8324011553545,687.295166015625,6352142,0.0,0.0
2022-08-05 00:00:00+05:30,690.9578214253559,702.8367524527258,689.3244442413454,696.5508422851562,5811092,0.0,0.0
2022-08-08 00:00:00+05:30,700.8074901927592,702.6882848026477,691.9477748401873,697.2437744140625,5918607,0.0,0.0
2022-08-10 00:00:00+05:30,706.6974578495627,710.7560686140117,698.8771371051424,708.0338134765625,12201239,0.0,0.0
2022-08-11 00:00:00+05:30,711.5479926692667,712.141975502486,698.580183138815,702.6387939453125,7142902,0.0,0.0
2022-08-12 00:00:00+05:30,702.6882453088701,705.3115334254982,699.5205786872255,702.539794921875,4540159,0.0,0.0
2022-08-16 00:00:00+05:30,707.786392375711,708.7763034139987,693.4326823205392,696.996337890625,6679663,0.0,0.0
2022-08-17 00:00:00+05:30,699.8670363137012,717.33898861573,695.2144428003021,715.6561279296875,8812954,0.0,0.0
2022-08-18 00:00:00+05:30,717.6854523473353,728.5744730036397,713.6268415431882,725.802734375,10354897,0.0,0.0
2022-08-19 00:00:00+05:30,722.833015292825,730.1583203500848,718.6753770606658,724.9118041992188,13743828,0.0,0.0
2022-08-22 00:00:00+05:30,724.4663380403481,726.9906594148986,717.0915494578295,720.2592163085938,8118490,0.0,0.0
2022-08-23 00:00:00+05:30,717.6854708354385,735.1078801665914,715.2601768156375,730.1583251953125,8229797,0.0,0.0
2022-08-24 00:00:00+05:30,715.5570841042827,746.5908276870621,710.7560403117069,731.2966918945312,14922081,0.0,0.0
2022-08-25 00:00:00+05:30,737.2856975515423,746.4423742622399,727.8320596259937,733.5240478515625,9849958,0.0,0.0
2022-08-26 00:00:00+05:30,734.0190168967632,734.0190168967632,720.6552182074762,723.4764404296875,5928897,0.0,0.0
2022-08-29 00:00:00+05:30,710.459067580468,717.5864381700895,707.88526297955,713.3297729492188,5878942,0.0,0.0
2022-08-30 00:00:00+05:30,714.7157208121154,722.7339755066637,704.6186168275715,719.269287109375,8894800,0.0,0.0
2022-09-01 00:00:00+05:30,719.1703066471733,738.473570211688,719.1703066471733,727.634033203125,11869518,0.0,0.0
2022-09-02 00:00:00+05:30,717.6854845942283,733.425093872389,712.3894848411788,727.5845947265625,5693707,0.0,0.0
2022-09-05 00:00:00+05:30,727.5845712791514,734.4644646832844,725.8522270618201,732.9301147460938,3660135,0.0,0.0
2022-09-06 00:00:00+05:30,732.9300832425628,757.2818681688732,732.9300832425628,753.5697021484375,10166270,0.0,0.0
2022-09-07 00:00:00+05:30,747.8777024732572,754.2131565494475,679.2768875797691,745.5018920898438,126794211,0.0,0.0
2022-09-08 00:00:00+05:30,751.3424209486487,768.1709073203575,749.4120824868434,762.033447265625,10648073,0.0,0.0
2022-09-09 00:00:00+05:30,765.2012078225749,766.9830355499302,755.2031308273124,758.0243530273438,4627905,0.0,0.0
2022-09-12 00:00:00+05:30,759.2616819849046,763.6173142370503,756.7869046642237,761.3900146484375,2654087,0.0,0.0
2022-09-13 00:00:00+05:30,766.1910594566863,780.9407564744396,762.2314157385639,776.337646484375,8335652,0.0,0.0
2022-09-14 00:00:00+05:30,768.1709554770201,780.4458763560006,767.9234777207454,775.44677734375,6645392,0.0,0.0
2022-09-15 00:00:00+05:30,780.0498431246393,782.6731313587331,774.1103773140456,777.1790771484375,5485310,0.0,0.0
2022-09-16 00:00:00+05:30,780.0498511561099,780.0498511561099,768.6163914368711,771.7841186523438,20211162,0.0,0.0
2022-09-19 00:00:00+05:30,765.696107068179,778.0699937370249,764.4092349384928,774.852783203125,5760313,0.0,0.0
2022-09-20 00:00:00+05:30,778.7629930049085,788.9095807187011,777.0801322270393,784.1580200195312,7936714,0.0,0.0
2022-09-21 00:00:00+05:30,784.1580004424244,788.9590444876814,771.1406469961152,772.3285522460938,9966193,0.0,0.0
2022-09-22 00:00:00+05:30,783.2176134994609,786.781269014593,768.5173985559488,776.189208984375,7721133,0.0,0.0
2022-09-23 00:00:00+05:30,780.0498520390973,780.0498520390973,760.9445822138922,763.5678100585938,9271829,0.0,0.0
2022-09-26 00:00:00+05:30,762.1819483044991,763.3698535287908,745.6009398861661,747.4322509765625,13144297,0.0,0.0
2022-09-27 00:00:00+05:30,751.1938644162072,757.2818406361266,749.5605476782199,752.9262084960938,5965026,0.0,0.0
2022-09-28 00:00:00+05:30,747.8777179961809,763.2213376241634,747.3827625243105,753.7677001953125,5546932,0.0,0.0
2022-09-29 00:00:00+05:30,756.2425360417593,761.2415746103975,751.6394256296165,756.9354858398438,5413233,0.0,0.0
2022-09-30 00:00:00+05:30,758.2223434115963,800.8379999270538,753.7677439064396,791.829833984375,7469164,0.0,0.0
2022-10-03 00:00:00+05:30,795.2945390037718,807.3219216658364,789.9984787860375,795.2449951171875,12619046,0.0,0.0
2022-10-04 00:00:00+05:30,804.7976207233031,808.5097868705509,799.3531103740065,800.541015625,5772140,0.0,0.0
2022-10-06 00:00:00+05:30,802.3722948616735,807.6188107240232,778.7134598086267,780.6437377929688,6503205,0.0,0.0
2022-10-07 00:00:00+05:30,784.0094497908674,788.7610101299688,776.7831121481332,785.0983276367188,6025982,0.0,0.0
2022-10-10 00:00:00+05:30,777.0306518796141,786.7812510662036,771.8336191273017,784.35595703125,3519416,0.0,0.0
2022-10-11 00:00:00+05:30,789.4540327750111,789.4540327750111,768.1709459980045,772.4275512695312,3699862,0.0,0.0
2022-10-12 00:00:00+05:30,772.4275411165816,773.466935582573,761.4395531857466,767.7254638671875,5984299,0.0,0.0
2022-10-13 00:00:00+05:30,767.1810109466379,771.1406548741044,759.9051893976667,761.142578125,2842056,0.0,0.0
2022-10-14 00:00:00+05:30,772.0811052303188,772.0811052303188,755.3515849741344,758.2223510742188,3608210,0.0,0.0
2022-10-17 00:00:00+05:30,753.3222347887005,763.2213443128621,752.183813025674,758.2717895507812,4566333,0.0,0.0
2022-10-18 00:00:00+05:30,762.0829154174643,777.674012772101,760.8950706211778,775.248779296875,4391263,0.0,0.0
2022-10-19 00:00:00+05:30,780.0003596780654,780.693309439858,771.6355999107457,775.4962768554688,5219180,0.0,0.0
2022-10-20 00:00:00+05:30,774.1103976529985,785.9893295862926,770.4477148896917,784.9004516601562,4756732,0.0,0.0
2022-10-21 00:00:00+05:30,782.0296314982885,794.7499627289628,781.7821537668017,789.4044799804688,4807736,0.0,0.0
2022-10-24 00:00:00+05:30,791.9287794809858,799.35311178862,791.9287794809858,794.007568359375,522406,0.0,0.0
2022-10-25 00:00:00+05:30,798.0167599272071,798.2146937875196,790.6419110494261,794.20556640625,3184277,0.0,0.0
2022-10-27 00:00:00+05:30,798.3631694240675,813.9047831941878,796.0863863564529,808.856201171875,8159181,0.0,0.0
2022-10-28 00:00:00+05:30,810.7370974358286,816.0826409273299,803.1147707606772,808.6087646484375,3905093,0.0,0.0
2022-10-31 00:00:00+05:30,814.6966976019053,825.3877235910577,811.7269648038424,823.6058959960938,5487233,0.0,0.0
2022-11-01 00:00:00+05:30,819.6463012826258,832.9606162073835,812.7664078051353,827.1201171875,10488759,0.0,0.0
2022-11-02 00:00:00+05:30,821.62611272252,821.62611272252,799.1056379460895,801.6793823242188,11729925,0.0,0.0
2022-11-03 00:00:00+05:30,801.5804537313046,816.0826744376941,796.0864596179473,810.3906860351562,5897840,0.0,0.0
2022-11-04 00:00:00+05:30,807.4703803238232,813.5088129983747,801.035959098422,808.163330078125,3768226,0.0,0.0
2022-11-07 00:00:00+05:30,808.7572755693121,815.7361359368009,800.8379876812405,814.3997802734375,7171570,0.0,0.0
2022-11-09 00:00:00+05:30,815.8846256725706,817.1714978372592,806.232993808351,810.7865600585938,3969171,0.0,0.0
2022-11-10 00:00:00+05:30,811.5290238274893,822.3190778701271,809.3017240826728,817.4190063476562,4425290,0.0,0.0
2022-11-11 00:00:00+05:30,822.3685059636417,828.4564823573011,815.488612909022,818.557373046875,4325441,0.0,0.0
2022-11-14 00:00:00+05:30,809.747172176465,822.4180204885063,808.7572612080342,813.6078491210938,10406576,0.0,0.0
2022-11-15 00:00:00+05:30,814.3502663280642,830.2878084385405,814.3502663280642,826.8231201171875,6229710,0.0,0.0
2022-11-16 00:00:00+05:30,829.050452028015,835.5343569122402,819.6957811123021,832.713134765625,3445345,0.0,0.0
2022-11-17 00:00:00+05:30,833.3070710957558,840.8304309778918,829.9414099337292,837.6132202148438,4545534,0.0,0.0
2022-11-18 00:00:00+05:30,841.3748145360394,843.2556090681808,822.7149570876144,828.8524169921875,7405949,0.0,0.0
2022-11-21 00:00:00+05:30,828.5554955625105,844.1960770627313,826.5756735898402,842.6122436523438,5527122,0.0,0.0
2022-11-22 00:00:00+05:30,844.7900549719249,851.867882231258,836.5737454978355,839.0485229492188,7601660,0.0,0.0
2022-11-23 00:00:00+05:30,843.255641877987,843.255641877987,833.1090543602681,834.742431640625,4596816,0.0,0.0
2022-11-24 00:00:00+05:30,837.4646879577097,842.4142428510768,829.297922383654,839.7909545898438,3455310,0.0,0.0
2022-11-25 00:00:00+05:30,843.4041570358902,851.3234448953822,833.1090586508021,838.3060913085938,2991065,0.0,0.0
2022-11-28 00:00:00+05:30,831.7726991700123,843.9485921141548,827.6150609790103,828.9514770507812,3668846,0.0,0.0
2022-11-29 00:00:00+05:30,830.5352969199608,836.2767684143178,826.575653072905,827.4170532226562,2680296,0.0,0.0
2022-11-30 00:00:00+05:30,826.3776202914026,843.4041001242637,824.1998041931238,840.1868896484375,6874390,0.0,0.0
2022-12-01 00:00:00+05:30,844.394023373459,844.5920176433523,833.1090146025964,840.0383911132812,4506664,0.0,0.0
2022-12-02 00:00:00+05:30,842.8102680048639,843.3547069828994,830.6343141030076,840.0880126953125,3505272,0.0,0.0
2022-12-05 00:00:00+05:30,842.4142724653996,843.008194905734,832.3666515109007,835.5838623046875,3311316,0.0,0.0
2022-12-06 00:00:00+05:30,836.3758423581968,836.4748092921387,821.3291828172327,824.9423217773438,5567349,0.0,0.0
2022-12-07 00:00:00+05:30,829.0999262772045,833.1090536481238,823.6059324415468,825.5857543945312,3771882,0.0,0.0
2022-12-08 00:00:00+05:30,824.5958176475323,831.723188539404,817.9634022284382,824.1998291015625,4822179,0.0,0.0
2022-12-09 00:00:00+05:30,821.9230579032493,828.1594848666099,815.6371474757689,826.4766845703125,4615843,0.0,0.0
2022-12-12 00:00:00+05:30,824.1998138872148,828.5059626725122,817.0725035462791,820.042236328125,3149823,0.0,0.0
2022-12-13 00:00:00+05:30,813.7067901785289,831.5251870437521,813.7067901785289,829.5948486328125,3832999,0.0,0.0
2022-12-14 00:00:00+05:30,832.1687217598272,833.5050774668762,819.7948340302121,820.834228515625,7491333,0.0,0.0
2022-12-15 00:00:00+05:30,820.6361665681113,822.615988441617,816.0330565444631,818.0128784179688,2996482,0.0,0.0
2022-12-16 00:00:00+05:30,816.6765183454877,824.298844600586,811.627996763463,814.44921875,4309644,0.0,0.0
2022-12-19 00:00:00+05:30,814.399767354983,836.5242533735837,813.7068175918945,831.9212036132812,6397169,0.0,0.0
2022-12-20 00:00:00+05:30,831.2776957831736,831.2776957831736,813.706776938099,820.586669921875,2828863,0.0,0.0
2022-12-21 00:00:00+05:30,824.5958452154437,824.6453286805018,804.1541593385728,805.7875366210938,5079337,0.0,0.0
2022-12-22 00:00:00+05:30,810.737077565476,816.379582130575,801.3329234301011,808.3612670898438,3626834,0.0,0.0
2022-12-23 00:00:00+05:30,805.7875769817348,809.6977376271303,796.8783777276369,800.4915771484375,2804496,0.0,0.0
2022-12-26 00:00:00+05:30,796.9278276049923,806.9754482858048,793.0672110092313,802.8178100585938,6023206,0.0,0.0
2022-12-27 00:00:00+05:30,806.7774620565897,811.1825780743927,796.8783520927051,806.5794677734375,1782053,0.0,0.0
2022-12-28 00:00:00+05:30,804.7976227421339,805.6885667874567,793.3641630638043,795.6904296875,2907741,0.0,0.0
2022-12-29 00:00:00+05:30,798.9076291347083,816.4290652314302,752.4312974235343,812.4694213867188,6110313,0.0,0.0
2022-12-30 00:00:00+05:30,816.3796047694077,816.4785717005659,796.8288627352871,797.9672241210938,3113243,0.0,0.0
2023-01-02 00:00:00+05:30,798.1156872618616,807.9653130986103,797.472220989655,805.2925415039062,1626846,0.0,0.0
2023-01-03 00:00:00+05:30,802.1743416556086,810.5391015536464,800.3430305030967,809.3511962890625,1717603,0.0,0.0
2023-01-04 00:00:00+05:30,810.6876290594676,812.172495565925,798.0662637545786,803.6097412109375,2970216,0.0,0.0
2023-01-05 00:00:00+05:30,816.6765222074657,816.6765222074657,795.6409148172734,798.9570922851562,5297349,0.0,0.0
2023-01-06 00:00:00+05:30,799.4025755997224,804.0551691486609,784.0094724108826,787.9691162109375,3199618,0.0,0.0
2023-01-09 00:00:00+05:30,794.6015316908772,813.2118454679871,792.9681544555431,811.133056640625,4340729,0.0,0.0
2023-01-10 00:00:00+05:30,817.7654309797052,817.7654309797052,782.3266302149184,784.8508911132812,8392344,0.0,0.0
2023-01-11 00:00:00+05:30,767.1810260268644,771.7841363507747,744.066628313675,757.8263549804688,28389020,0.0,0.0
2023-01-12 00:00:00+05:30,757.2818652452817,761.5384701817409,745.9473729561028,749.2636108398438,12732671,0.0,0.0
2023-01-13 00:00:00+05:30,749.3625903598631,758.2223054605412,744.4130356018719,756.5889282226562,12279288,0.0,0.0
2023-01-16 00:00:00+05:30,758.6677599954753,760.3505602389306,747.0363065821457,751.4909057617188,5779293,0.0,0.0
2023-01-17 00:00:00+05:30,751.4908881328446,761.142519462173,751.094899602869,757.9747924804688,6594428,0.0,0.0
2023-01-18 00:00:00+05:30,760.449599810663,772.1305368743758,758.2717836484255,768.71533203125,5800899,0.0,0.0
2023-01-19 00:00:00+05:30,768.1708864202154,768.6658418882696,757.9253323992397,764.2112426757812,4169463,0.0,0.0
2023-01-20 00:00:00+05:30,768.0224371167043,768.0224371167043,750.6495108806174,756.7374877929688,6289718,0.0,0.0
2023-01-23 00:00:00+05:30,760.1526751606424,768.1709300305839,756.1434873062996,764.9042358398438,2685320,0.0,0.0
2023-01-24 00:00:00+05:30,765.2011746699978,769.7052574693689,753.3222431097909,767.824462890625,5012125,0.0,0.0
2023-01-25 00:00:00+05:30,767.1315435844606,772.6255375652719,760.2516500321958,768.6658935546875,6560514,0.0,0.0
2023-01-27 00:00:00+05:30,767.1315071701696,771.0416675288882,758.0737977581612,766.68603515625,6745926,0.0,0.0
2023-01-30 00:00:00+05:30,763.8152824697178,767.1315204803288,755.3020722711077,762.429443359375,5420851,0.0,0.0
2023-01-31 00:00:00+05:30,767.1810362348209,771.1406802928071,760.6476477068932,762.5284423828125,8537557,0.0,0.0
2023-02-01 00:00:00+05:30,768.1214416421911,776.7336793039473,748.966627812176,761.3405151367188,4472974,0.0,0.0
2023-02-02 00:00:00+05:30,757.3808613007128,773.1204699397049,757.3313778359353,769.9032592773438,2841909,0.0,0.0
2023-02-03 00:00:00+05:30,772.031608732421,786.9297571148862,770.5467422407592,784.9004516601562,5493687,0.0,0.0
2023-02-06 00:00:00+05:30,781.7327034647589,786.6327748399276,770.942649746483,781.2872314453125,2407975,0.0,0.0
2023-02-07 00:00:00+05:30,785.8903572368735,787.8206353272291,775.1003033040995,777.9710693359375,4126502,0.0,0.0
2023-02-08 00:00:00+05:30,770.1507342409049,773.1204671492889,757.2818916379077,767.2799682617188,9951783,0.0,0.0
2023-02-09 00:00:00+05:30,762.2314608455484,767.2799827171664,753.6192231651075,758.915283203125,5913945,0.0,0.0
2023-02-10 00:00:00+05:30,761.1920712160644,765.3991929421998,753.3222667268308,764.1618041992188,2954992,0.0,0.0
2023-02-13 00:00:00+05:30,763.221330429862,771.7345402980377,758.964725495774,760.8455200195312,3705892,0.0,0.0
2023-02-14 00:00:00+05:30,761.2415679641649,769.7547784966652,758.4698292154003,767.3790283203125,3502010,0.0,0.0
2023-02-15 00:00:00+05:30,767.1810365314127,779.208479529945,764.4092977736256,777.4761352539062,3602838,0.0,0.0
2023-02-16 00:00:00+05:30,781.6832549134706,782.5246551060504,772.7245119179976,776.5357055664062,3399428,0.0,0.0
2023-02-17 00:00:00+05:30,778.0205391351853,779.5054055905285,762.5284082833566,768.9628295898438,3093216,0.0,0.0
2023-02-20 00:00:00+05:30,773.3679123157136,785.7912823752797,769.2597577977454,771.2891235351562,3381774,0.0,0.0
2023-02-21 00:00:00+05:30,775.149768368188,780.0498397244428,770.2992408956354,771.1901245117188,2769616,0.0,0.0
2023-02-22 00:00:00+05:30,769.160846424754,773.7639567390605,758.7667809325277,764.3598022460938,3261898,0.0,0.0
2023-02-23 00:00:00+05:30,766.1910672756289,769.6557555643429,754.1636251913453,755.2525634765625,4062194,0.0,0.0
2023-02-24 00:00:00+05:30,767.8739275710998,767.9728944972658,747.382759047126,749.4615478515625,4357223,0.0,0.0
2023-02-27 00:00:00+05:30,745.4029830455383,746.788882613372,730.9997900785329,745.3040161132812,6719439,0.0,0.0
2023-02-28 00:00:00+05:30,747.3827783745842,749.4615672327786,732.1876692336571,734.7614135742188,10562614,0.0,0.0
2023-03-01 00:00:00+05:30,734.9099320642184,745.8484362549347,733.5240325313634,742.6312255859375,3744982,0.0,0.0
2023-03-02 00:00:00+05:30,743.4231719017586,744.2150886294969,728.3765123972358,732.6331176757812,4910541,0.0,0.0
2023-03-03 00:00:00+05:30,737.48363133617,758.1727936179116,736.048248426206,756.6879272460938,5759333,0.0,0.0
2023-03-06 00:00:00+05:30,758.9647500045099,768.071942979045,757.3808562066856,758.86572265625,4597345,0.0,0.0
2023-03-08 00:00:00+05:30,756.2919623175285,762.1324610633828,753.0252682814445,758.8162231445312,3546995,0.0,0.0
2023-03-09 00:00:00+05:30,786.9792207419141,786.9792207419141,762.4294407825186,765.59716796875,5240056,0.0,0.0
2023-03-10 00:00:00+05:30,765.2011702973546,771.091152579507,760.4496097842981,765.943603515625,4113931,0.0,0.0
2023-03-13 00:00:00+05:30,769.6062999412435,769.9527446148998,755.4505850762973,757.578857421875,3447889,0.0,0.0
2023-03-14 00:00:00+05:30,756.2919514492924,768.9133158223009,756.2919514492924,764.0132446289062,3753502,0.0,0.0
2023-03-15 00:00:00+05:30,750.3525299843817,757.8263458706683,744.9080195425425,749.0161743164062,8101060,0.0,0.0
2023-03-16 00:00:00+05:30,742.4332608253635,751.3424599552678,735.9988392315437,738.4241333007812,7465693,0.0,0.0
2023-03-17 00:00:00+05:30,742.4332526462941,751.787923713512,731.6927424257602,749.610107421875,9306857,0.0,0.0
2023-03-20 00:00:00+05:30,747.3333252716168,752.1343694778799,741.2453484234192,747.184814453125,3566109,0.0,0.0
2023-03-21 00:00:00+05:30,752.3323266839861,758.271792420965,747.5312827143429,749.3131103515625,5332221,0.0,0.0
2023-03-22 00:00:00+05:30,753.3222790899623,755.5000953972245,745.5515018242606,749.065673828125,2680654,0.0,0.0
2023-03-23 00:00:00+05:30,750.3525634646131,758.0738574427751,749.2141416082296,755.8465576171875,2454948,0.0,0.0
2023-03-24 00:00:00+05:30,755.8465072912354,759.2617122136193,751.1939136592466,754.7576293945312,2336818,0.0,0.0
2023-03-27 00:00:00+05:30,755.3020860041639,761.934501726607,751.6888867198815,754.064697265625,2258853,0.0,0.0
2023-03-28 00:00:00+05:30,757.8758637696011,757.8758637696011,735.3059042691349,740.89892578125,4166723,0.0,0.0
2023-03-29 00:00:00+05:30,743.42314371777,747.2838206957705,731.3957011796208,736.0977783203125,4891868,0.0,0.0
2023-03-31 00:00:00+05:30,744.561603278439,745.4030034838117,734.5634656520647,741.443359375,5796532,0.0,0.0
2023-04-03 00:00:00+05:30,747.3827762646388,754.2131860697723,744.4625268430419,752.8767700195312,2120667,0.0,0.0
2023-04-05 00:00:00+05:30,760.2516415214939,760.2516415214939,748.3727096227204,755.74755859375,3197932,0.0,0.0
2023-04-06 00:00:00+05:30,754.9061129352423,760.9446063548813,751.4414243962174,758.2223510742188,1777379,0.0,0.0
2023-04-10 00:00:00+05:30,761.1920920557482,768.4679138959228,758.7173145020325,761.9840087890625,1701065,0.0,0.0
2023-04-11 00:00:00+05:30,768.1709107313859,768.1709107313859,760.4001338047509,766.339599609375,3485481,0.0,0.0
2023-04-12 00:00:00+05:30,766.191078434492,766.7355173753455,757.3808467757016,763.3203125,3794841,0.0,0.0
2023-04-13 00:00:00+05:30,762.2314677871153,763.3698896015593,757.7273848340659,759.3112182617188,4292170,0.0,0.0
2023-04-17 00:00:00+05:30,781.0397640032955,781.0397640032955,746.7393243441475,751.9859008789062,9083437,0.0,0.0
2023-04-18 00:00:00+05:30,757.2819327743243,757.2819327743243,744.9575284511811,752.0848999023438,4051481,0.0,0.0
2023-04-19 00:00:00+05:30,753.668731137356,759.1132417490038,748.3727313465026,756.9354858398438,3429794,0.0,0.0
2023-04-20 00:00:00+05:30,756.291990674732,765.9436227546779,754.9060911314015,764.5082397460938,2355441,0.0,0.0
2023-04-21 00:00:00+05:30,761.835491640332,767.4285130330237,756.7374861736456,757.4799194335938,4524208,0.0,0.0
2023-04-24 00:00:00+05:30,757.4798440611734,759.6576601575273,748.026206909052,752.5797729492188,5271105,0.0,0.0
2023-04-25 00:00:00+05:30,757.2323932655797,769.1608081288782,754.0646661417928,764.80517578125,5773233,0.0,0.0
2023-04-26 00:00:00+05:30,772.0316054513534,772.0316054513534,759.3606964408588,765.6466674804688,5057352,0.0,0.0
2023-04-27 00:00:00+05:30,764.2112929240503,781.2377742285125,763.5678266055232,778.5650024414062,4129769,0.0,0.0
2023-04-28 00:00:00+05:30,781.8811086189605,793.9580338129153,779.2578809573254,791.2357788085938,6572656,0.0,0.0
2023-05-02 00:00:00+05:30,792.1762543044963,798.660159078722,780.5942838634055,782.2276611328125,6301210,0.0,0.0
2023-05-03 00:00:00+05:30,786.4842189696767,786.4842189696767,769.3587722893268,771.4375610351562,3908267,0.0,0.0
2023-05-04 00:00:00+05:30,771.4376173557547,784.7024487023704,765.8446565506166,781.1387329101562,2457671,0.0,0.0
2023-05-05 00:00:00+05:30,781.1387001703333,782.9700716646686,772.3780125013151,779.3568725585938,1438467,0.0,0.0
2023-05-08 00:00:00+05:30,781.9306882763848,787.2761711869184,777.2780946995236,785.7418212890625,2489174,0.0,0.0
2023-05-09 00:00:00+05:30,788.8600772951003,790.2953998681677,782.5246229102419,785.5933227539062,2486331,0.0,0.0
2023-05-10 00:00:00+05:30,788.9590432281951,789.5034821779163,780.0993279612691,788.0186157226562,2737334,0.0,0.0
2023-05-11 00:00:00+05:30,786.5337199296782,786.5337199296782,775.7932104716663,780.6437377929688,4808171,0.0,0.0
2023-05-12 00:00:00+05:30,779.5549059756496,785.6923662081576,776.5851730005043,783.9600219726562,2576010,0.0,0.0
2023-05-15 00:00:00+05:30,784.9994174839211,794.4035719178394,781.5842124740446,789.008544921875,7569060,0.0,0.0
2023-05-16 00:00:00+05:30,792.770232144255,793.1662207279692,776.0902552895199,779.4064331054688,4846217,0.0,0.0
2023-05-17 00:00:00+05:30,780.0498364280925,789.6025013592048,775.9912256601106,784.2569580078125,6529233,0.0,0.0
2023-05-18 00:00:00+05:30,789.8995001971563,794.898538699123,786.6328059576099,791.2853393554688,11383252,0.0,0.0
2023-05-19 00:00:00+05:30,791.2853340038945,800.1945330075159,785.246901069189,797.6207885742188,3432240,0.0,0.0
2023-05-22 00:00:00+05:30,792.9186706613353,795.8884035102542,791.433804236876,793.7600708007812,9996762,0.0,0.0
2023-05-23 00:00:00+05:30,800.7884709650859,800.7884709650859,789.8994505711266,791.8792724609375,6516636,0.0,0.0
2023-05-24 00:00:00+05:30,794.7995637613161,794.7995637613161,786.9792427162608,793.314697265625,9104329,0.0,0.0
2023-05-25 00:00:00+05:30,791.5328002450077,817.1715189503882,789.8004560194921,814.3997802734375,9570396,0.0,0.0
2023-05-26 00:00:00+05:30,819.5473191414499,820.9826417175509,805.1936100254712,809.6976928710938,6150206,0.0,0.0
2023-05-29 00:00:00+05:30,821.0321537577398,821.0321537577398,809.7471449296042,812.96435546875,3684829,0.0,0.0
2023-05-30 00:00:00+05:30,812.9644267658304,818.0129488099599,804.5996665465872,810.1926879882812,5148256,0.0,0.0
2023-05-31 00:00:00+05:30,810.7371045192729,879.7833963876725,809.7471935247439,841.3253784179688,47342125,0.0,0.0
2023-06-01 00:00:00+05:30,829.4959114827227,829.4959114827227,814.6967303601078,819.5968017578125,9713155,0.0,0.0
2023-06-02 00:00:00+05:30,824.3978641115829,830.8322855756444,818.6069089616763,828.060546875,6834131,0.0,0.0
2023-06-05 00:00:00+05:30,830.0403322799253,832.8615543220734,823.7544219098347,826.0806884765625,5298053,0.0,0.0
2023-06-06 00:00:00+05:30,826.0807033469223,829.792869479398,817.814970926358,821.0816650390625,2722174,0.0,0.0
2023-06-07 00:00:00+05:30,820.5371912487132,838.9495103162246,818.9038140520317,835.7322998046875,4110739,0.0,0.0
2023-06-08 00:00:00+05:30,839.1475219225074,840.8303826164151,826.1301688006745,827.5655517578125,4050621,0.0,0.0
2023-06-09 00:00:00+05:30,830.0897973846526,831.3271860458364,820.5866766345085,825.0907592773438,3332436,0.0,0.0
2023-06-12 00:00:00+05:30,826.4271209004206,834.5938861238888,823.3584211660163,827.9119873046875,1569715,0.0,0.0
2023-06-13 00:00:00+05:30,829.64435606223,835.4848549267409,824.3483565642696,825.9321899414062,3224345,0.0,0.0
2023-06-14 00:00:00+05:30,823.605929112527,825.5362675927587,810.7370864701437,819.5968017578125,5108720,0.0,0.0
2023-06-15 00:00:00+05:30,818.6563299973775,825.3877121625754,815.8845915081039,821.3291015625,3865201,0.0,0.0
2023-06-16 00:00:00+05:30,814.2017861052132,831.5252283627709,812.5189253448904,829.347412109375,4907797,0.0,0.0
2023-06-19 00:00:00+05:30,831.525220714881,831.525220714881,819.151333501862,819.7947998046875,3017364,0.0,0.0
2023-06-20 00:00:00+05:30,819.7452655623594,825.2888033506189,818.507876826503,822.8140258789062,2691557,0.0,0.0
2023-06-21 00:00:00+05:30,823.6059622690703,832.2676836270683,822.0221288170715,830.5353393554688,3022724,0.0,0.0
2023-06-22 00:00:00+05:30,828.2585640052184,834.9899468694316,826.2787419616632,834.2969970703125,4380046,0.0,0.0
2023-06-23 00:00:00+05:30,835.4848766976295,854.0457077854027,832.8615884028088,846.1759033203125,7667340,0.0,0.0
2023-06-26 00:00:00+05:30,848.7001583574197,848.7001583574197,837.8111375283803,843.3546752929688,4431992,0.0,0.0
2023-06-27 00:00:00+05:30,847.8587350204882,862.5588885702584,844.9879690762552,856.1740112304688,5533649,0.0,0.0
2023-06-28 00:00:00+05:30,860.7275579814732,864.786168647221,854.8870592972328,863.4003295898438,6272649,0.0,0.0
2023-06-30 00:00:00+05:30,871.1216660739688,874.0913990264936,858.3023067450287,869.88427734375,5217511,0.0,0.0
2023-07-03 00:00:00+05:30,871.1216125194164,875.2297670189313,865.7760693657548,870.2802124023438,3333167,0.0,0.0
2023-07-04 00:00:00+05:30,864.984140871783,864.984140871783,844.6909672215301,856.4214477539062,7397493,0.0,0.0
2023-07-05 00:00:00+05:30,859.2427277210242,862.2124606509356,854.3426563027962,857.9063720703125,4284477,0.0,0.0
2023-07-06 00:00:00+05:30,855.6295221599448,869.0428641296638,854.7386385391834,860.8760986328125,6365222,0.0,0.0
2023-07-07 00:00:00+05:30,856.2730028279727,874.6853229984903,853.798225363152,861.6680297851562,18763997,0.0,0.0
2023-07-10 00:00:00+05:30,858.2528375418453,880.6248019882206,856.2730155405955,876.4672241210938,4310681,0.0,0.0
2023-07-11 00:00:00+05:30,881.0208172373843,884.139061151536,877.3581343402753,882.9016723632812,3353977,0.0,0.0
2023-07-12 00:00:00+05:30,880.9713134765625,886.6633017714195,874.1903868215004,880.9713134765625,3033186,0.0,0.0
2023-07-13 00:00:00+05:30,882.3570933501528,884.28743176954,874.33883889346,876.1206665039062,4228714,0.0,0.0
2023-07-14 00:00:00+05:30,876.0712248258382,881.2682575154829,870.7752252050917,877.5560913085938,3860080,0.0,0.0
2023-07-17 00:00:00+05:30,877.0611659723954,887.6037425302195,867.1620557469734,869.2408447265625,5614592,0.0,0.0
2023-07-18 00:00:00+05:30,868.2013870640113,871.3196307258767,854.4416611034951,866.6175537109375,4731911,0.0,0.0
2023-07-19 00:00:00+05:30,866.6175594021543,868.1519093016527,858.4507940067853,861.9649658203125,6641825,0.0,0.0
2023-07-20 00:00:00+05:30,862.2124862268236,877.7541011049129,859.2427532088207,875.9227294921875,3779959,0.0,0.0
2023-07-21 00:00:00+05:30,869.2407755677758,882.9015949274714,865.974081537167,877.0610961914062,7001587,0.0,0.0
2023-07-24 00:00:00+05:30,876.0712093983761,883.594508610772,871.9135712360012,879.189453125,4125577,0.0,0.0
2023-07-25 00:00:00+05:30,879.0409518845576,885.6733675468402,870.2307199783264,874.73486328125,3652262,0.0,0.0
2023-07-26 00:00:00+05:30,877.5561137749083,887.4552239133732,874.3883864467249,880.4268798828125,2845581,0.0,0.0
2023-07-27 00:00:00+05:30,880.3772428060128,892.3057175956963,879.1893980506327,886.1187744140625,3445446,0.0,0.0
2023-07-28 00:00:00+05:30,890.8208958392657,890.8208958392657,881.5651921244493,886.0692749023438,2314339,0.0,0.0
2023-07-31 00:00:00+05:30,884.9804248551555,888.7420745324104,876.3187036946604,880.9218139648438,4424817,0.0,0.0
2023-08-01 00:00:00+05:30,885.4753357806263,888.3461016742139,879.1894254797244,882.6541137695312,2087412,0.0,0.0
2023-08-02 00:00:00+05:30,874.289427193152,881.6642763949664,863.7963341025803,869.2408447265625,3328903,0.0,0.0
2023-08-03 00:00:00+05:30,866.1720895903936,873.1509497712194,856.37194692328,862.9053955078125,4642067,0.0,0.0
2023-08-04 00:00:00+05:30,860.2326307595774,883.9410105151338,857.4608921344449,880.67431640625,7066276,0.0,0.0
2023-08-07 00:00:00+05:30,876.2197335824864,891.4643265179919,875.1802787115029,882.4066772460938,4086452,0.0,0.0
2023-08-08 00:00:00+05:30,883.0006125574695,885.2773957750325,871.5671525841257,876.4672241210938,3282856,0.0,0.0
2023-08-09 00:00:00+05:30,876.0711738841641,888.3955770582727,869.9337140284466,874.7843017578125,3185159,0.0,0.0
2023-08-10 00:00:00+05:30,873.1014922984278,874.9823473452776,859.4407327340956,865.97412109375,3439922,0.0,0.0
2023-08-11 00:00:00+05:30,867.167440213345,868.8580310779124,860.206233697871,865.7254638671875,2812690,4.0,0.0
2023-08-14 00:00:00+05:30,865.6757655897997,865.7751871198361,852.8472319760482,862.244873046875,2665905,0.0,0.0
2023-08-16 00:00:00+05:30,865.1785325480587,869.156364881613,848.4716488865116,852.2008666992188,3962408,0.0,0.0
2023-08-17 00:00:00+05:30,852.4494995602045,855.0847771197385,845.2893890663787,851.9522705078125,3013019,0.0,0.0
2023-08-18 00:00:00+05:30,851.9522790331997,857.2228949019161,847.5269282832459,851.5047607421875,4929835,0.0,0.0
2023-08-21 00:00:00+05:30,850.9080822177453,869.1563637453066,849.3666236329847,867.1177368164062,3220142,0.0,0.0
2023-08-22 00:00:00+05:30,866.1729624940314,875.0733741906123,861.3995759882094,872.7861328125,3333869,0.0,0.0
2023-08-23 00:00:00+05:30,872.1397358787439,872.1397358787439,861.9962513266341,863.3388061523438,1860153,0.0,0.0
2023-08-24 00:00:00+05:30,868.1619058496663,869.8524967289607,859.4106868647893,864.631591796875,2842728,0.0,0.0
2023-08-25 00:00:00+05:30,864.6315756336912,871.0955530478185,856.3278143835548,868.6591186523438,3124339,0.0,0.0
2023-08-28 00:00:00+05:30,869.2060572630674,870.8966481084535,861.0514890123658,865.5265502929688,3094455,0.0,0.0
2023-08-29 00:00:00+05:30,865.178538891748,865.178538891748,843.7976899421243,850.4605712890625,14064286,0.0,0.0
2023-08-30 00:00:00+05:30,855.0847365680276,857.8194962264896,851.7036155902524,852.9963989257812,3261665,0.0,0.0
2023-08-31 00:00:00+05:30,850.7588941062875,854.7367264574566,842.3557111250619,851.6539306640625,12528190,0.0,0.0
2023-09-01 00:00:00+05:30,848.4219494781863,862.7421096525201,848.0241419607443,861.1510009765625,4427899,0.0,0.0
2023-09-04 00:00:00+05:30,860.9520959189396,864.6316030105586,854.9356365823638,860.5045776367188,3102649,0.0,0.0
2023-09-05 00:00:00+05:30,858.316726202281,862.9906912176446,853.6428218838205,861.1012573242188,2216754,0.0,0.0
2023-09-06 00:00:00+05:30,862.3443602397572,877.5098461688412,861.0018053951051,875.4214477539062,4235096,0.0,0.0
2023-09-07 00:00:00+05:30,875.4214481858493,878.802629984895,868.3111092304545,870.4491577148438,4532834,0.0,0.0
2023-09-08 00:00:00+05:30,876.9131307072104,885.714121212666,873.2833951006423,880.940673828125,3741470,0.0,0.0
2023-09-11 00:00:00+05:30,883.078749809779,887.3549072922251,878.7031101040326,885.8632202148438,2733894,0.0,0.0
2023-09-12 00:00:00+05:30,889.940576579734,891.5316852584884,880.0954171263382,885.4655151367188,4106031,0.0,0.0
2023-09-13 00:00:00+05:30,883.1284585510067,912.9124892672434,880.6423134277298,910.0783081054688,5222561,0.0,0.0
2023-09-14 00:00:00+05:30,915.1997821508983,915.4981074431014,905.056297337649,909.8794555664062,5513106,0.0,0.0
2023-09-15 00:00:00+05:30,907.5424382724558,943.4424121200303,904.9568714898185,930.9619750976562,14003428,0.0,0.0
2023-09-18 00:00:00+05:30,924.2493683166612,930.613863641409,912.9125218708754,915.100341796875,2977375,0.0,0.0
2023-09-20 00:00:00+05:30,905.951340431069,914.2053306249236,899.7856879945717,905.6530151367188,5241903,0.0,0.0
2023-09-21 00:00:00+05:30,905.1557429644713,915.0506128512807,898.3436688006119,912.86279296875,4896202,0.0,0.0
2023-09-22 00:00:00+05:30,912.8628093977948,917.2383885447014,898.7912032450675,906.34912109375,6112928,0.0,0.0
2023-09-25 00:00:00+05:30,906.9457839685374,908.2882781199918,897.0509137694119,905.3546752929688,5278045,0.0,0.0
2023-09-26 00:00:00+05:30,904.9568577681596,915.8461859433222,902.9679415972406,907.6419067382812,5355047,0.0,0.0
2023-09-27 00:00:00+05:30,909.8794088659728,915.9455787180736,902.4209734591751,915.1500244140625,4713145,0.0,0.0
2023-09-28 00:00:00+05:30,920.8681776491261,926.8349261004164,913.5091636137732,920.5201416015625,7386917,0.0,0.0
2023-09-29 00:00:00+05:30,926.8349321899695,931.2105720284264,916.69144761675,921.2659912109375,5608557,0.0,0.0
2023-10-03 00:00:00+05:30,913.1611407136423,923.105721608972,910.9733207772889,920.1720581054688,4338272,0.0,0.0
2023-10-04 00:00:00+05:30,913.2108310128478,920.818459506043,913.2108310128478,919.1278686523438,5603669,0.0,0.0
2023-10-05 00:00:00+05:30,919.9234638938467,924.4482361617421,914.3048119820756,923.702392578125,7063132,0.0,0.0
2023-10-06 00:00:00+05:30,924.0504749961876,924.0504749961876,919.1776060467428,920.9179077148438,2420855,0.0,0.0
2023-10-09 00:00:00+05:30,912.91252019184,922.9068117865855,911.4705438321126,919.4262084960938,2248103,0.0,0.0
2023-10-10 00:00:00+05:30,919.4262090657782,948.762722532386,915.9456057731298,943.0942993164062,7897875,0.0,0.0
2023-10-11 00:00:00+05:30,943.2435099367358,951.497500045615,942.7462808856358,950.3041381835938,5645289,0.0,0.0
2023-10-12 00:00:00+05:30,950.3040957212337,951.4974575299319,941.751780703218,945.0831909179688,5544735,0.0,0.0
2023-10-13 00:00:00+05:30,941.0556830412531,950.6522279355632,941.0556830412531,948.9119262695312,4421671,0.0,0.0
2023-10-16 00:00:00+05:30,952.6411063648828,953.4366606698682,938.6192113647905,941.3042602539062,1881721,0.0,0.0
2023-10-17 00:00:00+05:30,941.3043013144912,954.928389407935,940.7573614995121,948.364990234375,3863410,0.0,0.0
2023-10-18 00:00:00+05:30,947.7185289249062,953.5858557437061,945.3815767682282,947.5693359375,2334392,0.0,0.0
2023-10-19 00:00:00+05:30,940.5584243664193,946.0279437159455,936.1330738442402,937.7242431640625,4306963,0.0,0.0
2023-10-20 00:00:00+05:30,932.6027779007821,942.2490334432229,931.8072235739313,939.9617919921875,3125104,0.0,0.0
2023-10-23 00:00:00+05:30,936.3817239155088,943.84015967534,931.8072409282413,934.094482421875,2180066,0.0,0.0
2023-10-25 00:00:00+05:30,919.4759156699465,934.442558318134,913.9069747056703,917.4869995117188,6365249,0.0,0.0
2023-10-26 00:00:00+05:30,916.5423341523968,919.4759369963016,895.0620027271787,900.4818115234375,6595332,0.0,0.0
2023-10-27 00:00:00+05:30,905.7026718096985,913.3103001942451,901.4265143209903,909.5313110351562,3508393,0.0,0.0
2023-10-30 00:00:00+05:30,909.7302638284832,926.7852446363764,905.3049131144879,921.1168212890625,3686768,0.0,0.0
2023-10-31 00:00:00+05:30,915.1997859586769,918.4317748142877,907.3436033124125,909.33251953125,5697563,0.0,0.0
2023-11-01 00:00:00+05:30,897.9956571460644,909.4816359701796,890.4875106902596,908.3877563476562,4821458,0.0,0.0
2023-11-02 00:00:00+05:30,914.9014630864307,920.8185009925123,911.3214381618116,918.7301025390625,6611573,0.0,0.0
2023-11-03 00:00:00+05:30,919.8737239504642,928.5255213853791,917.089253465995,925.5918579101562,3895154,0.0,0.0
2023-11-06 00:00:00+05:30,929.0227656710141,935.4867432967426,924.8460295273161,933.9950561523438,2760800,0.0,0.0
2023-11-07 00:00:00+05:30,930.8624805841397,933.7464333164011,927.2824557482126,931.9564208984375,3616946,0.0,0.0
2023-11-08 00:00:00+05:30,936.5805948462078,936.5805948462078,929.2216415725964,931.55859375,1808553,0.0,0.0
2023-11-09 00:00:00+05:30,931.5586233084322,932.1055631229552,925.3929709614052,927.1829833984375,3914416,0.0,0.0
2023-11-10 00:00:00+05:30,923.8515741133168,931.8072389065424,923.8515741133168,930.3155517578125,1345614,0.0,0.0
2023-11-13 00:00:00+05:30,932.801672559116,935.0889139878439,928.6249365127541,929.8182983398438,1656368,0.0,0.0
2023-11-15 00:00:00+05:30,942.7462523129112,947.4202173909741,931.0116592019835,944.7351684570312,4816316,0.0,0.0
2023-11-16 00:00:00+05:30,943.7407188862271,948.6135877619778,938.0225849203728,944.2876586914062,5310736,0.0,0.0
2023-11-17 00:00:00+05:30,943.5417969560755,948.7129910171428,940.7573265222402,942.0501098632812,3249469,0.0,0.0
2023-11-20 00:00:00+05:30,943.7407170253038,958.9559134954984,936.7297997073312,956.072021484375,4646962,0.0,0.0
2023-11-21 00:00:00+05:30,961.6409651557996,970.9391239424015,955.674216664657,965.4696044921875,5704644,0.0,0.0
2023-11-22 00:00:00+05:30,968.9005045903255,970.889420769592,960.5968038206495,964.375732421875,3309732,0.0,0.0
2023-11-23 00:00:00+05:30,964.6243174205512,975.5633560717121,958.3592437869942,971.2374877929688,2749555,0.0,0.0
2023-11-24 00:00:00+05:30,969.596620126956,971.7347292603565,965.6187878392558,967.7568969726562,2322104,0.0,0.0
2023-11-28 00:00:00+05:30,968.6518660379456,982.5245681835619,965.8176848315621,979.4417724609375,5096984,0.0,0.0
2023-11-29 00:00:00+05:30,990.3808350014749,1001.5187170394871,985.4582553221026,989.8836059570312,5647918,0.0,0.0
2023-11-30 00:00:00+05:30,989.4857633259138,1012.5572023086723,987.1985219420284,1009.0765991210938,9934052,0.0,0.0
2023-12-01 00:00:00+05:30,1009.3749243977915,1016.8830705630447,1002.6126217727335,1009.0765991210938,5544950,0.0,0.0
2023-12-04 00:00:00+05:30,1030.2585770376636,1038.214241725213,1019.518381151948,1027.17578125,5164902,0.0,0.0
2023-12-05 00:00:00+05:30,1033.0431425398292,1040.1534209753884,1016.4356191168023,1025.3857421875,4266159,0.0,0.0
2023-12-06 00:00:00+05:30,1023.3967762801799,1029.2641031760804,1007.8335438918432,1018.7725219726562,4121251,0.0,0.0
2023-12-07 00:00:00+05:30,1009.374939880371,1014.0489049433357,992.4691527099609,994.4580688476562,13805235,0.0,0.0
2023-12-08 00:00:00+05:30,993.165267200127,998.4358827285366,985.8062533474705,994.7066650390625,6630766,0.0,0.0
2023-12-11 00:00:00+05:30,990.5796688482837,999.0325625252036,986.5521257651321,995.3033447265625,6195119,0.0,0.0
2023-12-12 00:00:00+05:30,993.7122072029641,995.3033158053887,981.5300960813867,989.734375,7119331,0.0,0.0
2023-12-13 00:00:00+05:30,987.6957614092356,996.4469802339858,986.0051705608752,994.358642578125,4153219,0.0,0.0
2023-12-14 00:00:00+05:30,1000.4248267842081,1005.5960209308234,993.6128132265167,999.6292724609375,6541673,0.0,0.0
2023-12-15 00:00:00+05:30,994.110066386902,1005.2479485767502,982.7732197402781,987.0493774414062,10119597,0.0,0.0
2023-12-18 00:00:00+05:30,989.4857607029869,993.264689157246,976.7069990269406,984.7620849609375,5750263,0.0,0.0
2023-12-19 00:00:00+05:30,989.9333135333808,992.4194587475904,980.4362509544808,982.9721069335938,3912964,0.0,0.0
2023-12-20 00:00:00+05:30,987.3974263252026,988.1432698658762,963.629854550309,966.1657104492188,3990591,0.0,0.0
2023-12-21 00:00:00+05:30,962.6354314472042,976.1103264319033,954.6797667244999,972.4805908203125,4294277,0.0,0.0
2023-12-22 00:00:00+05:30,976.4584111248973,993.4139092164226,970.1435659110801,984.0659790039062,4605120,0.0,0.0
2023-12-26 00:00:00+05:30,989.4858014587394,996.9442371481268,984.1654749457383,994.3088989257812,2460643,0.0,0.0
2023-12-27 00:00:00+05:30,994.4580652560963,1018.3748302830282,992.4691491255842,1015.5405883789062,4791379,0.0,0.0
2023-12-28 00:00:00+05:30,1018.225599912079,1036.175494494668,1016.5350091238302,1030.95458984375,5288328,0.0,0.0
2023-12-29 00:00:00+05:30,1027.4244223001401,1037.468424948751,1018.7229138234551,1026.4796142578125,4631749,0.0,0.0
2024-01-01 00:00:00+05:30,1026.230950979103,1026.230950979103,1001.4192708303523,1007.4357299804688,3804406,0.0,0.0
2024-01-02 00:00:00+05:30,1011.7616841530248,1019.7669989341833,1010.36941854949,1016.037841796875,6865791,0.0,0.0
2024-01-03 00:00:00+05:30,1026.2310237568738,1031.2530858956661,1015.6897918056522,1029.4630126953125,3604276,0.0,0.0
2024-01-04 00:00:00+05:30,1029.5127323153856,1052.932268770545,1021.8554536197546,1042.0926513671875,4664043,0.0,0.0
2024-01-05 00:00:00+05:30,1047.9599757165593,1057.755363548745,1033.1921760789162,1040.7998046875,4008221,0.0,0.0
2024-01-08 00:00:00+05:30,1044.1810147713159,1053.1311377550699,1039.4573387521123,1043.236328125,4489695,0.0,0.0
2024-01-09 00:00:00+05:30,1051.14215062089,1061.9817675597906,1042.2417997005905,1058.6005859375,3371125,0.0,0.0
2024-01-10 00:00:00+05:30,1061.0369936902707,1067.3518995763686,1049.4516542411043,1056.810546875,3111573,0.0,0.0
2024-01-11 00:00:00+05:30,1059.8436694278205,1067.9485268342726,1051.4901975082491,1056.959716796875,2604325,0.0,0.0
2024-01-12 00:00:00+05:30,1052.236028454799,1072.5727682208621,1045.7720511910543,1070.3848876953125,3394013,0.0,0.0
2024-01-15 00:00:00+05:30,1072.0756186111446,1098.5778302405208,1068.5950152113137,1096.2906494140625,3312897,0.0,0.0
2024-01-16 00:00:00+05:30,1100.8651208288886,1110.8097018661865,1086.9427073766713,1089.82666015625,5025540,0.0,0.0
2024-01-17 00:00:00+05:30,1085.9481875215963,1102.8042028637917,1072.8213898563297,1079.235595703125,4568700,0.0,0.0
2024-01-18 00:00:00+05:30,1069.241330901513,1089.9261085259548,1069.241330901513,1081.0257568359375,4407330,0.0,0.0
2024-01-19 00:00:00+05:30,1084.9538049045138,1130.0524562008382,1083.7605037224557,1118.765380859375,11753391,0.0,0.0
2024-01-23 00:00:00+05:30,1138.6544430852966,1166.0518103388874,1128.7098627963421,1151.5823974609375,18194595,0.0,0.0
2024-01-24 00:00:00+05:30,1133.7816355472346,1187.3829504712214,1133.7816355472346,1183.3553466796875,9546592,0.0,0.0
2024-01-25 00:00:00+05:30,1179.4273185469663,1193.996154138303,1150.6378048178683,1154.118408203125,11424697,0.0,0.0
2024-01-29 00:00:00+05:30,1151.5824473786788,1163.267329724706,1151.5824473786788,1155.70947265625,4015858,0.0,0.0
2024-01-30 00:00:00+05:30,1155.7094851254988,1174.3058027150594,1148.151627975499,1152.2288818359375,3902023,0.0,0.0
2024-01-31 00:00:00+05:30,1152.5769250500553,1168.5380259346314,1139.8478129544462,1164.2120361328125,5981966,0.0,0.0
2024-02-01 00:00:00+05:30,1158.5934095843043,1163.7147714704079,1142.5825377278054,1144.820068359375,3606209,0.0,0.0
2024-02-02 00:00:00+05:30,1148.5990385000923,1168.6870423907976,1138.9528440502972,1144.42236328125,4969983,0.0,0.0
2024-02-05 00:00:00+05:30,1147.9525988324137,1153.223274931399,1103.8484096274124,1107.3787841796875,7809331,0.0,0.0
2024-02-06 00:00:00+05:30,1118.7653644111638,1149.6929870952345,1116.7764482077662,1127.7652587890625,9863065,0.0,0.0
2024-02-07 00:00:00+05:30,1132.4888550880835,1141.8864349303813,1125.5276488659954,1128.0137939453125,2770694,0.0,0.0
2024-02-08 00:00:00+05:30,1138.0578431645342,1140.146180839338,1110.014052666087,1135.8203125,6519392,0.0,0.0
2024-02-09 00:00:00+05:30,1139.5991491999805,1139.5991491999805,1110.0637937927588,1114.0416259765625,4203171,0.0,0.0
2024-02-12 00:00:00+05:30,1116.677041057839,1122.7432112775646,1105.1413512083288,1112.500244140625,3887976,0.0,0.0
2024-02-13 00:00:00+05:30,1104.8428938609065,1118.7653065648244,1097.6828444564137,1111.6549072265625,3211554,0.0,0.0
2024-02-14 00:00:00+05:30,1103.848460181185,1114.93669196537,1098.5777838408148,1109.666015625,4653070,0.0,0.0
2024-02-15 00:00:00+05:30,1116.0803658052855,1125.179560236898,1103.2518321328712,1114.4891357421875,5056712,0.0,0.0
2024-02-16 00:00:00+05:30,1117.770923287528,1120.8040691013048,1110.6605234736178,1113.7930908203125,3091952,0.0,0.0
2024-02-19 00:00:00+05:30,1114.837303382893,1138.6545263592586,1112.152193672222,1135.8699951171875,4711035,0.0,0.0
2024-02-20 00:00:00+05:30,1138.6544589946386,1145.2178577982925,1128.7098785667379,1137.6102294921875,5397418,0.0,0.0
2024-02-21 00:00:00+05:30,1148.5990560567125,1152.7260812728202,1126.3231712968513,1133.582763671875,4570259,0.0,0.0
2024-02-22 00:00:00+05:30,1131.2955243017905,1132.4391754097264,1091.5669712719446,1129.2569580078125,8642368,0.0,0.0
2024-02-23 00:00:00+05:30,1120.754303120836,1125.5774007321675,1109.1191916548355,1119.51123046875,6709844,0.0,0.0
2024-02-26 00:00:00+05:30,1111.903507726962,1119.6603289789157,1098.229709707931,1103.898193359375,3186134,0.0,0.0
2024-02-27 00:00:00+05:30,1106.8318229455379,1124.7320680605599,1095.196712178296,1121.25146484375,7149094,0.0,0.0
2024-02-28 00:00:00+05:30,1127.1187609767464,1146.262078147592,1117.2736021529797,1122.4945068359375,5302711,0.0,0.0
2024-02-29 00:00:00+05:30,1112.6494501511274,1131.643576081607,1092.9094806260441,1117.12451171875,13818650,0.0,0.0
2024-03-01 00:00:00+05:30,1121.7487520967825,1134.4280930446848,1111.2075203717986,1122.44482421875,5927490,0.0,0.0
2024-03-04 00:00:00+05:30,1125.7265745616453,1142.8809768683489,1125.7265745616453,1127.21826171875,5855090,0.0,0.0
2024-03-05 00:00:00+05:30,1126.7708198666476,1173.2119654489538,1126.7708198666476,1162.422119140625,5375008,0.0,0.0
2024-03-06 00:00:00+05:30,1167.4440470974591,1189.9685475179526,1150.9360667866965,1187.0845947265625,5464839,0.0,0.0
2024-03-07 00:00:00+05:30,1203.1450429794709,1206.8742606529165,1182.8580745571649,1193.05126953125,8903981,0.0,0.0
2024-03-11 00:00:00+05:30,1179.4272745644575,1211.548318879512,1179.4272745644575,1189.968505859375,6679208,0.0,0.0
2024-03-12 00:00:00+05:30,1193.3497249325308,1201.3053897654142,1191.1619656610123,1197.576171875,4249548,0.0,0.0
2024-03-13 00:00:00+05:30,1205.2831371156417,1205.2831371156417,1145.3172691125155,1162.2728271484375,7528096,0.0,0.0
2024-03-14 00:00:00+05:30,1167.4440303475585,1193.0513262560776,1157.1017632898456,1187.9796142578125,8569080,0.0,0.0
2024-03-15 00:00:00+05:30,1183.4051483654584,1216.0234228611237,1181.2670391547754,1213.2388916015625,10115416,0.0,0.0
2024-03-18 00:00:00+05:30,1218.211135505912,1223.730426350829,1208.4653978643416,1218.509521484375,4141080,0.0,0.0
2024-03-19 00:00:00+05:30,1209.4599121506108,1233.5258713946744,1207.8688034437355,1221.5426025390625,7703719,0.0,0.0
2024-03-20 00:00:00+05:30,1221.4431360028525,1232.1335603562256,1216.8686531164497,1224.9735107421875,6596032,0.0,0.0
2024-03-21 00:00:00+05:30,1231.1390535591474,1236.0119222340631,1207.371482123631,1214.034423828125,9952250,0.0,0.0
2024-03-22 00:00:00+05:30,1220.1503178904309,1238.1003351625611,1215.227798850321,1229.2496337890625,7840007,0.0,0.0
2024-03-26 00:00:00+05:30,1218.211150651835,1227.161273391318,1203.2942794193636,1206.3770751953125,10898138,0.0,0.0
2024-03-27 00:00:00+05:30,1203.8413011804714,1221.443160988092,1203.8413011804714,1218.0123291015625,5779169,0.0,0.0
2024-03-28 00:00:00+05:30,1220.150257631709,1231.636296683127,1213.537208704813,1221.7911376953125,10518377,0.0,0.0
2024-04-01 00:00:00+05:30,1221.1945184226552,1225.0729292012934,1201.3053568848268,1210.603515625,5461473,0.0,0.0
2024-04-02 00:00:00+05:30,1218.2111276397295,1220.9458873140227,1196.5318933005367,1201.553955078125,3625577,0.0,0.0
2024-04-03 00:00:00+05:30,1188.3774119021198,1233.7246763118405,1182.8581209713268,1218.9072265625,9532291,0.0,0.0
2024-04-04 00:00:00+05:30,1225.1226173920033,1226.1668469627568,1194.6425735018556,1200.1617431640625,7327626,0.0,0.0
2024-04-05 00:00:00+05:30,1199.2169853388436,1204.6367331473368,1182.36084857523,1184.3995361328125,4227519,0.0,0.0
2024-04-08 00:00:00+05:30,1181.4161587580868,1203.8412362549982,1176.5432900534718,1198.0235595703125,4827733,0.0,0.0
2024-04-09 00:00:00+05:30,1208.2168345898287,1208.2168345898287,1191.6592041404494,1197.7750244140625,3372798,0.0,0.0
2024-04-10 00:00:00+05:30,1206.5262696667592,1223.8795146643026,1202.051208291527,1222.5867919921875,6442196,0.0,0.0
2024-04-12 00:00:00+05:30,1219.305057832208,1225.0231919339435,1212.7914300830394,1218.7581787109375,7877073,0.0,0.0
2024-04-15 00:00:00+05:30,1203.8909090339969,1228.155710095206,1203.6422945177833,1217.763671875,4281602,0.0,0.0
2024-04-16 00:00:00+05:30,1217.1172817070938,1227.1115126841544,1205.332977608925,1209.70849609375,5235632,0.0,0.0
2024-04-18 00:00:00+05:30,1213.238893072289,1274.7461028398554,1209.0622175716962,1258.7353515625,19939924,0.0,0.0
2024-04-19 00:00:00+05:30,1272.906322730799,1289.3148807972507,1246.4039910295567,1281.8564453125,13103862,0.0,0.0
2024-04-22 00:00:00+05:30,1296.7733369208233,1298.1656025122302,1281.1106221535665,1290.359130859375,7894656,0.0,0.0
2024-04-23 00:00:00+05:30,1302.7400723009828,1343.5128531897922,1294.8838292655971,1334.9107666015625,12074766,0.0,0.0
2024-04-24 00:00:00+05:30,1344.507295856725,1346.4962119748564,1326.1595932244866,1328.9937744140625,6277492,0.0,0.0
2024-04-25 00:00:00+05:30,1323.623727070212,1336.3528392689825,1317.0105564465837,1331.281005859375,8512627,0.0,0.0
2024-04-26 00:00:00+05:30,1330.5848637231334,1338.24214210931,1314.6735350089555,1318.6513671875,5289771,0.0,0.0
2024-04-29 00:00:00+05:30,1317.1597803293137,1338.5406299156332,1312.684718787991,1325.065673828125,3195888,0.0,0.0
2024-04-30 00:00:00+05:30,1315.8171888891357,1327.4026494130019,1312.6348503031245,1314.971923828125,5272565,0.0,0.0
2024-05-02 00:00:00+05:30,1307.96100216161,1312.5852565563587,1286.4309602460498,1296.8231201171875,7995432,0.0,0.0
2024-05-03 00:00:00+05:30,1298.7622781526923,1303.237339601151,1251.1774823628432,1270.32080078125,11290875,0.0,0.0
2024-05-06 00:00:00+05:30,1267.934003753039,1291.2539962841518,1266.1439307196308,1276.2874755859375,5555467,0.0,0.0
2024-05-07 00:00:00+05:30,1279.221181934214,1287.2762684498114,1263.956274028603,1279.0223388671875,5767030,0.0,0.0
2024-05-08 00:00:00+05:30,1269.07766400669,1292.198813654987,1267.6356269987928,1281.4586181640625,2682816,0.0,0.0
2024-05-09 00:00:00+05:30,1275.8896765521818,1288.1215591093855,1263.0114933783314,1268.3814697265625,4809145,0.0,0.0
2024-05-10 00:00:00+05:30,1267.983876293675,1301.248451898162,1264.7021159354128,1293.939208984375,5532513,0.0,0.0
2024-05-13 00:00:00+05:30,1293.9392004401036,1295.6795021411237,1274.2986526714478,1278.8233642578125,3703942,0.0,0.0
2024-05-14 00:00:00+05:30,1283.397980462387,1292.696139642855,1273.602470826114,1277.1826171875,3262908,0.0,0.0
2024-05-15 00:00:00+05:30,1274.4477635390504,1310.9443254452808,1273.4035340282057,1302.640625,6891004,0.0,0.0
2024-05-16 00:00:00+05:30,1320.6402993213849,1349.3303899789355,1313.9774788988973,1337.6455078125,11932181,0.0,0.0
2024-05-17 00:00:00+05:30,1346.0984614119218,1352.4630175379211,1331.8280119394567,1336.9991455078125,6614017,0.0,0.0
2024-05-21 00:00:00+05:30,1348.4852090886488,1355.1978013905282,1328.3474321830108,1336.85009765625,5422220,0.0,0.0
2024-05-22 00:00:00+05:30,1334.7119198217506,1343.5128494419985,1322.181772447685,1340.4300537109375,3026723,0.0,0.0
2024-05-23 00:00:00+05:30,1343.2642587190476,1369.6671694412878,1336.850052626386,1366.4351806640625,7147341,0.0,0.0
2024-05-24 00:00:00+05:30,1367.8770985807666,1390.0037910150975,1366.435182912233,1380.8050537109375,5622368,0.0,0.0
2024-05-27 00:00:00+05:30,1388.2634390876317,1399.2024776477779,1370.363194171029,1376.677978515625,6553974,0.0,0.0
2024-05-28 00:00:00+05:30,1377.1255806569254,1379.2635683873548,1359.3247569670004,1363.4517822265625,2068963,0.0,0.0
2024-05-29 00:00:00+05:30,1347.987870309576,1382.5452871249636,1347.987870309576,1369.4681396484375,4445083,0.0,0.0
2024-05-30 00:00:00+05:30,1371.1588244169675,1378.7663314760773,1355.9435675111351,1369.5179443359375,7100303,0.0,0.0
2024-05-31 00:00:00+05:30,1372.3521550890093,1380.307819756192,1330.5849155863002,1365.142333984375,24825643,0.0,0.0
2024-06-03 00:00:00+05:30,1407.4565836191528,1412.5779456686405,1377.3244549285353,1383.390625,6017122,0.0,0.0
2024-06-04 00:00:00+05:30,1383.3905597483893,1389.2578864825884,1212.294126235832,1292.4970703125,19924421,0.0,0.0
2024-06-05 00:00:00+05:30,1318.3033411844121,1341.2752979115883,1272.7571138358978,1336.899658203125,12175520,0.0,0.0
2024-06-06 00:00:00+05:30,1351.4685825691322,1368.6229851072612,1321.6348390245598,1363.0042724609375,10279789,0.0,0.0
2024-06-07 00:00:00+05:30,1363.0041623154223,1422.7214160421986,1355.5954984914124,1417.351318359375,12280748,0.0,0.0
2024-06-10 00:00:00+05:30,1413.1746823294777,1428.6882038702458,1413.1746823294777,1418.14697265625,5318477,0.0,0.0
2024-06-11 00:00:00+05:30,1418.0972593985375,1426.6495748328377,1405.1693040183263,1419.34033203125,4416792,0.0,0.0
2024-06-12 00:00:00+05:30,1417.1027048027759,1439.8260467027824,1414.2187522124866,1430.428466796875,4876138,0.0,0.0
2024-06-13 00:00:00+05:30,1440.9697835842978,1447.88121880587,1412.5779563371036,1417.8486328125,7990376,0.0,0.0
2024-06-14 00:00:00+05:30,1426.0529010684018,1426.0529010684018,1413.0751744363013,1419.489501953125,3978442,0.0,0.0
2024-06-18 00:00:00+05:30,1435.9974976589695,1435.9974976589695,1410.141587036301,1420.4342041015625,8671131,0.0,0.0
2024-06-19 00:00:00+05:30,1426.0030983509248,1426.8484848239482,1380.6061846522248,1384.6336669921875,8640918,0.0,0.0
2024-06-20 00:00:00+05:30,1398.1583380214668,1399.1527961363206,1368.6229805678279,1373.495849609375,8742855,0.0,0.0
2024-06-21 00:00:00+05:30,1377.2746496179182,1416.05851418259,1365.2417313009737,1408.202392578125,43929578,0.0,0.0
2024-06-24 00:00:00+05:30,1394.2302381170598,1415.9094729734081,1381.6503190364572,1411.931640625,6195831,0.0,0.0
2024-06-25 00:00:00+05:30,1426.0528732399468,1426.0528732399468,1402.036686556203,1407.1083984375,6353748,0.0,0.0
2024-06-26 00:00:00+05:30,1407.1084634442573,1471.7482410195184,1401.1417147450024,1451.41162109375,9579826,0.0,0.0
2024-06-27 00:00:00+05:30,1455.8866835503848,1480.7481364798655,1432.0694602014676,1467.621337890625,19675528,0.0,0.0
2024-06-28 00:00:00+05:30,1527.7362277717582,1527.7362277717582,1428.6882271287511,1436.0472412109375,29145832,0.0,0.0
2024-07-01 00:00:00+05:30,1441.964184368821,1458.671128303858,1441.218340825182,1445.9420166015625,6011806,0.0,0.0
2024-07-02 00:00:00+05:30,1453.897774422279,1465.2346212922964,1409.1471589304854,1411.0863037109375,7792632,0.0,0.0
2024-07-03 00:00:00+05:30,1420.0364096546386,1424.4618210805434,1400.6444765091244,1411.9813232421875,8261388,0.0,0.0
2024-07-04 00:00:00+05:30,1410.141512517214,1433.1134691546363,1403.6775352031366,1415.16357421875,9570938,0.0,0.0
2024-07-05 00:00:00+05:30,1414.6165619971548,1425.6550219631522,1408.997849792008,1421.776611328125,4881198,0.0,0.0
2024-07-08 00:00:00+05:30,1423.0695079056293,1430.8759795297742,1415.2630362814846,1427.196533203125,3261797,0.0,0.0
2024-07-09 00:00:00+05:30,1428.0418179347562,1433.6605304247516,1420.2353462032202,1427.5943603515625,2897480,0.0,0.0
2024-07-10 00:00:00+05:30,1433.0141441224548,1440.721194515896,1418.2464653892682,1437.041748046875,3416762,0.0,0.0
2024-07-11 00:00:00+05:30,1441.964225531988,1442.8094906268138,1420.0861476273647,1429.98095703125,4178558,0.0,0.0
2024-07-12 00:00:00+05:30,1434.0085148141789,1439.5774556414922,1413.5723532334725,1425.3070068359375,6342135,0.0,0.0
2024-07-15 00:00:00+05:30,1425.3070661313552,1432.0196582795406,1418.1470163974818,1429.6329345703125,3324806,0.0,0.0
2024-07-16 00:00:00+05:30,1443.9531602934283,1465.1351663676537,1436.9919535977988,1458.372802734375,6967651,0.0,0.0
2024-07-18 00:00:00+05:30,1457.8755252256838,1477.7149150912528,1450.96409022228,1475.427734375,6470342,0.0,0.0
2024-07-19 00:00:00+05:30,1471.797907179964,1471.797907179964,1443.9033104492005,1453.6490478515625,3858596,0.0,0.0
2024-07-22 00:00:00+05:30,1441.9642515754642,1463.8423298752298,1441.0195649336808,1457.2789306640625,3560584,0.0,0.0
2024-07-23 00:00:00+05:30,1461.8533667071597,1461.8533667071597,1420.533585233526,1457.5771484375,2936143,0.0,0.0
2024-07-24 00:00:00+05:30,1457.8755719948952,1467.4223454590735,1428.5888295597524,1447.1353759765625,4529339,0.0,0.0
2024-07-25 00:00:00+05:30,1436.9918713294776,1445.9419937114606,1432.1190026427485,1441.118896484375,4277756,0.0,0.0
2024-07-26 00:00:00+05:30,1442.2128148032016,1511.5762651272996,1441.118935205884,1506.00732421875,9564987,0.0,0.0
2024-07-29 00:00:00+05:30,1516.548623885568,1516.548623885568,1468.864405875675,1473.1405029296875,4589313,0.0,0.0
2024-07-30 00:00:00+05:30,1476.1736006197607,1476.6708296605655,1455.9364029377712,1462.201416015625,4263689,0.0,0.0
2024-07-31 00:00:00+05:30,1469.6599085353043,1495.8142056518918,1464.9860039282826,1483.2840576171875,5634305,0.0,0.0
2024-08-01 00:00:00+05:30,1476.7702258872416,1502.6261355660756,1476.7702258872416,1497.1566162109375,4531379,0.0,0.0
2024-08-02 00:00:00+05:30,1485.8197489538632,1496.8085589692664,1475.3779394237497,1485.521484375,3335905,0.0,0.0
2024-08-05 00:00:00+05:30,1473.7868635782384,1479.753612013778,1443.4558923642464,1457.5771484375,5111901,0.0,0.0
2024-08-06 00:00:00+05:30,1474.8807941212426,1484.6265321267615,1423.1689725604576,1435.550048828125,8249573,0.0,0.0
2024-08-07 00:00:00+05:30,1452.0,1454.9000244140625,1422.5999755859375,1441.75,5700734,8.0,0.0
2024-08-08 00:00:00+05:30,1435.0,1466.5,1430.0,1451.800048828125,5986360,0.0,0.0
2024-08-09 00:00:00+05:30,1465.0,1482.0,1457.300048828125,1464.0999755859375,3615910,0.0,0.0
2024-08-12 00:00:00+05:30,1466.0,1477.5,1445.0,1458.5999755859375,4028226,0.0,0.0
2024-08-13 00:00:00+05:30,1468.0,1478.4000244140625,1450.3499755859375,1459.699951171875,4495208,0.0,0.0
2024-08-14 00:00:00+05:30,1453.0999755859375,1480.0999755859375,1453.0999755859375,1471.699951171875,5891784,0.0,0.0
2024-08-16 00:00:00+05:30,1480.0,1491.0,1468.0999755859375,1483.550048828125,7176426,0.0,0.0
2024-08-19 00:00:00+05:30,1487.0,1489.0999755859375,1464.300048828125,1469.6500244140625,4404075,0.0,0.0
2024-08-20 00:00:00+05:30,1480.0,1484.75,1446.5,1449.1500244140625,10046892,0.0,0.0
2024-08-21 00:00:00+05:30,1453.0,1466.5999755859375,1447.699951171875,1463.449951171875,6175510,0.0,0.0
2024-08-22 00:00:00+05:30,1473.699951171875,1499.9000244140625,1465.0,1486.3499755859375,6781325,0.0,0.0
2024-08-23 00:00:00+05:30,1493.0,1510.0,1479.3499755859375,1506.75,6238112,0.0,0.0
2024-08-26 00:00:00+05:30,1509.0,1520.699951171875,1505.0,1513.550048828125,4307432,0.0,0.0
2024-08-27 00:00:00+05:30,1518.0,1526.3499755859375,1502.0,1522.75,3965066,0.0,0.0
2024-08-28 00:00:00+05:30,1527.949951171875,1564.5,1521.6500244140625,1556.3499755859375,6225319,0.0,0.0
2024-08-29 00:00:00+05:30,1565.0,1571.699951171875,1545.949951171875,1565.9000244140625,8036748,0.0,0.0
2024-08-30 00:00:00+05:30,1576.0,1608.4000244140625,1561.5999755859375,1589.050048828125,37820442,0.0,0.0
2024-09-02 00:00:00+05:30,1605.0,1605.0,1565.5,1571.3499755859375,4890314,0.0,0.0
2024-09-03 00:00:00+05:30,1579.0,1579.0,1558.5999755859375,1560.5999755859375,4546295,0.0,0.0
2024-09-04 00:00:00+05:30,1558.0,1566.0,1542.0,1561.9000244140625,5213811,0.0,0.0
2024-09-05 00:00:00+05:30,1559.0,1563.0,1541.5,1547.199951171875,5652812,0.0,0.0
2024-09-06 00:00:00+05:30,1552.800048828125,1555.5999755859375,1530.199951171875,1539.25,5497805,0.0,0.0
2024-09-09 00:00:00+05:30,1523.25,1546.75,1523.25,1542.6500244140625,3912508,0.0,0.0
2024-09-10 00:00:00+05:30,1545.1500244140625,1586.0,1545.1500244140625,1577.8499755859375,6163457,0.0,0.0
2024-09-11 00:00:00+05:30,1578.449951171875,1598.9000244140625,1574.449951171875,1577.800048828125,5994914,0.0,0.0
2024-09-12 00:00:00+05:30,1596.1500244140625,1652.800048828125,1590.0999755859375,1646.75,12204496,0.0,0.0
2024-09-13 00:00:00+05:30,1651.0,1654.9000244140625,1631.050048828125,1634.449951171875,5609618,0.0,0.0
2024-09-16 00:00:00+05:30,1634.449951171875,1652.949951171875,1630.0999755859375,1635.449951171875,3762063,0.0,0.0
2024-09-17 00:00:00+05:30,1650.0,1666.050048828125,1638.5,1661.75,4223072,0.0,0.0
2024-09-18 00:00:00+05:30,1655.199951171875,1670.949951171875,1647.8499755859375,1654.9000244140625,3171195,0.0,0.0
2024-09-19 00:00:00+05:30,1647.699951171875,1711.699951171875,1647.699951171875,1664.8499755859375,8498240,0.0,0.0
2024-09-20 00:00:00+05:30,1671.0,1723.4000244140625,1666.0,1711.75,21646275,0.0,0.0
2024-09-23 00:00:00+05:30,1719.0,1754.25,1719.0,1750.449951171875,5001827,0.0,0.0
2024-09-24 00:00:00+05:30,1752.0,1767.550048828125,1746.0999755859375,1756.6500244140625,7579205,0.0,0.0
2024-09-25 00:00:00+05:30,1755.550048828125,1766.9000244140625,1745.0,1760.4000244140625,4017103,0.0,0.0
2024-09-26 00:00:00+05:30,1770.0,1779.0,1746.1500244140625,1771.0999755859375,7417423,0.0,0.0
2024-09-27 00:00:00+05:30,1755.199951171875,1763.449951171875,1722.5,1734.5999755859375,7116861,0.0,0.0
2024-09-30 00:00:00+05:30,1714.0,1733.0,1704.199951171875,1709.550048828125,6907288,0.0,0.0
2024-10-01 00:00:00+05:30,1705.0,1722.8499755859375,1696.0,1698.699951171875,3649090,0.0,0.0
2024-10-03 00:00:00+05:30,1665.0,1695.0,1665.0,1673.449951171875,7200276,0.0,0.0
2024-10-04 00:00:00+05:30,1670.050048828125,1686.699951171875,1630.1500244140625,1640.9000244140625,8576527,0.0,0.0
2024-10-07 00:00:00+05:30,1651.0,1670.0,1642.449951171875,1662.050048828125,5387707,0.0,0.0
2024-10-08 00:00:00+05:30,1662.5999755859375,1679.5,1652.0,1657.449951171875,5224335,0.0,0.0
2024-10-09 00:00:00+05:30,1666.75,1704.5999755859375,1661.050048828125,1678.0999755859375,3414614,0.0,0.0
2024-10-10 00:00:00+05:30,1686.5999755859375,1698.949951171875,1665.0,1678.0999755859375,5047657,0.0,0.0
2024-10-11 00:00:00+05:30,1678.0999755859375,1690.25,1658.6500244140625,1687.4000244140625,2367678,0.0,0.0
2024-10-14 00:00:00+05:30,1686.0,1710.050048828125,1679.3499755859375,1695.5999755859375,2069815,0.0,0.0
2024-10-15 00:00:00+05:30,1708.0,1732.75,1699.949951171875,1717.25,5891334,0.0,0.0
2024-10-16 00:00:00+05:30,1720.0,1742.25,1717.0999755859375,1733.949951171875,3299887,0.0,0.0
2024-10-17 00:00:00+05:30,1736.75,1737.949951171875,1694.4000244140625,1701.1500244140625,4373392,0.0,0.0
2024-10-18 00:00:00+05:30,1710.0,1716.0999755859375,1685.199951171875,1707.8499755859375,4154915,0.0,0.0
2024-10-21 00:00:00+05:30,1705.550048828125,1708.949951171875,1662.0,1692.550048828125,3836168,0.0,0.0
2024-10-22 00:00:00+05:30,1692.0,1712.9000244140625,1687.3499755859375,1692.25,3070057,0.0,0.0
2024-10-23 00:00:00+05:30,1690.0,1701.3499755859375,1680.0999755859375,1685.800048828125,2764757,0.0,0.0
2024-10-24 00:00:00+05:30,1687.0,1693.0,1657.4000244140625,1678.449951171875,3669575,0.0,0.0
2024-10-25 00:00:00+05:30,1681.0999755859375,1684.75,1655.8499755859375,1666.0,3434386,0.0,0.0
2024-10-28 00:00:00+05:30,1658.1500244140625,1677.8499755859375,1645.6500244140625,1663.3499755859375,2811651,0.0,0.0
2024-10-29 00:00:00+05:30,1650.5,1667.949951171875,1610.0,1637.0999755859375,6990747,0.0,0.0
2024-10-30 00:00:00+05:30,1627.800048828125,1651.0,1617.800048828125,1633.3499755859375,4622628,0.0,0.0
2024-10-31 00:00:00+05:30,1634.0,1638.800048828125,1602.1500244140625,1612.5999755859375,4921681,0.0,0.0
2024-11-01 00:00:00+05:30,1620.0,1626.3499755859375,1605.3499755859375,1616.449951171875,279441,0.0,0.0
2024-11-04 00:00:00+05:30,1619.1500244140625,1623.8499755859375,1573.050048828125,1591.25,6094029,0.0,0.0
2024-11-05 00:00:00+05:30,1583.25,1593.9000244140625,1566.0,1578.4000244140625,6473278,0.0,0.0
2024-11-06 00:00:00+05:30,1583.0,1610.75,1566.5,1598.800048828125,6631728,0.0,0.0
2024-11-07 00:00:00+05:30,1595.949951171875,1608.550048828125,1569.6500244140625,1575.800048828125,5160994,0.0,0.0
2024-11-08 00:00:00+05:30,1571.0,1579.5,1558.8499755859375,1569.9000244140625,3096384,0.0,0.0
2024-11-11 00:00:00+05:30,1561.0,1581.5999755859375,1551.800048828125,1560.550048828125,3664301,0.0,0.0
2024-11-12 00:00:00+05:30,1568.800048828125,1595.0,1550.0999755859375,1555.6500244140625,4479934,0.0,0.0
2024-11-13 00:00:00+05:30,1559.9000244140625,1572.5,1546.3499755859375,1550.449951171875,5816699,0.0,0.0
2024-11-14 00:00:00+05:30,1550.0,1568.0,1536.550048828125,1550.5,5139154,0.0,0.0
2024-11-18 00:00:00+05:30,1568.949951171875,1568.949951171875,1529.449951171875,1537.0,4816078,0.0,0.0
2024-11-19 00:00:00+05:30,1537.0,1558.0,1519.300048828125,1525.5,6238241,0.0,0.0
2024-11-21 00:00:00+05:30,1538.0,1542.050048828125,1511.0,1525.1500244140625,7356679,0.0,0.0
2024-11-22 00:00:00+05:30,1533.0,1575.0,1520.199951171875,1569.300048828125,7640321,0.0,0.0
2024-11-25 00:00:00+05:30,1581.949951171875,1609.25,1562.550048828125,1578.75,12155641,0.0,0.0
2024-11-26 00:00:00+05:30,1590.0,1604.8499755859375,1566.0,1577.25,4030593,0.0,0.0
2024-11-27 00:00:00+05:30,1569.1500244140625,1583.75,1554.1500244140625,1577.6500244140625,4982785,0.0,0.0
2024-11-28 00:00:00+05:30,1571.0,1588.5,1556.949951171875,1560.4000244140625,6714728,0.0,0.0
2024-11-29 00:00:00+05:30,1551.1500244140625,1648.9000244140625,1551.1500244140625,1627.1500244140625,10775801,0.0,0.0
2024-12-02 00:00:00+05:30,1627.1500244140625,1646.199951171875,1617.199951171875,1643.5999755859375,3790108,0.0,0.0
2024-12-03 00:00:00+05:30,1652.9000244140625,1652.9000244140625,1613.1500244140625,1620.550048828125,9131055,0.0,0.0
2024-12-04 00:00:00+05:30,1629.75,1630.5,1582.4000244140625,1584.0999755859375,8772014,0.0,0.0
2024-12-05 00:00:00+05:30,1600.0,1622.050048828125,1585.3499755859375,1615.3499755859375,10324005,0.0,0.0
2024-12-06 00:00:00+05:30,1618.0,1624.6500244140625,1594.800048828125,1597.8499755859375,4296866,0.0,0.0
2024-12-09 00:00:00+05:30,1595.9000244140625,1605.9000244140625,1589.050048828125,1602.550048828125,4264409,0.0,0.0
2024-12-10 00:00:00+05:30,1610.550048828125,1611.8499755859375,1570.050048828125,1578.6500244140625,14645786,0.0,0.0
2024-12-11 00:00:00+05:30,1588.0,1588.0,1571.199951171875,1586.0,3853182,0.0,0.0
2024-12-12 00:00:00+05:30,1578.5,1617.9000244140625,1578.5,1610.550048828125,13120939,0.0,0.0
2024-12-13 00:00:00+05:30,1618.0,1685.0,1606.800048828125,1681.75,12900707,0.0,0.0
2024-12-16 00:00:00+05:30,1681.75,1687.0,1660.1500244140625,1662.550048828125,4375126,0.0,0.0
2024-12-17 00:00:00+05:30,1650.5,1658.6500244140625,1608.5,1615.300048828125,6182486,0.0,0.0
2024-12-18 00:00:00+05:30,1621.4000244140625,1623.0,1596.0999755859375,1601.9000244140625,3905144,0.0,0.0
2024-12-19 00:00:00+05:30,1586.4000244140625,1609.75,1585.449951171875,1600.300048828125,5865855,0.0,0.0
2024-12-20 00:00:00+05:30,1610.0,1622.300048828125,1573.4000244140625,1578.0999755859375,9738879,0.0,0.0
2024-12-23 00:00:00+05:30,1586.0,1607.449951171875,1578.3499755859375,1586.9000244140625,4363599,0.0,0.0
2024-12-24 00:00:00+05:30,1590.0,1598.800048828125,1575.0,1583.9000244140625,3610076,0.0,0.0
2024-12-26 00:00:00+05:30,1583.9000244140625,1606.8499755859375,1581.0999755859375,1599.5,3400479,0.0,0.0
2024-12-27 00:00:00+05:30,1599.5,1628.449951171875,1596.300048828125,1599.8499755859375,2559578,0.0,0.0
2024-12-30 00:00:00+05:30,1605.0,1613.050048828125,1581.0999755859375,1586.9000244140625,4438130,0.0,0.0
2024-12-31 00:00:00+05:30,1583.0,1597.199951171875,1563.3499755859375,1587.75,2249626,0.0,0.0
2025-01-01 00:00:00+05:30,1593.0,1606.550048828125,1584.050048828125,1595.699951171875,1405565,0.0,0.0
2025-01-02 00:00:00+05:30,1599.9000244140625,1619.5999755859375,1588.4000244140625,1609.699951171875,3728040,0.0,0.0
2025-01-03 00:00:00+05:30,1615.0,1617.0,1593.300048828125,1598.8499755859375,3669685,0.0,0.0
2025-01-06 00:00:00+05:30,1596.1500244140625,1609.8499755859375,1567.0999755859375,1588.449951171875,4584188,0.0,0.0
2025-01-07 00:00:00+05:30,1594.0,1603.0,1584.050048828125,1590.8499755859375,2830856,0.0,0.0
2025-01-08 00:00:00+05:30,1598.75,1613.449951171875,1577.8499755859375,1599.199951171875,3674564,0.0,0.0
2025-01-09 00:00:00+05:30,1600.0,1620.199951171875,1592.4000244140625,1607.050048828125,4684859,0.0,0.0
2025-01-10 00:00:00+05:30,1608.0,1625.0,1591.800048828125,1615.9000244140625,4145892,0.0,0.0
2025-01-13 00:00:00+05:30,1580.0,1614.699951171875,1578.0999755859375,1597.199951171875,3705039,0.0,0.0
2025-01-14 00:00:00+05:30,1604.699951171875,1633.4000244140625,1578.5,1600.0999755859375,7284572,0.0,0.0
2025-01-15 00:00:00+05:30,1608.050048828125,1613.8499755859375,1593.0,1607.449951171875,2960985,0.0,0.0
2025-01-16 00:00:00+05:30,1619.050048828125,1635.0,1600.550048828125,1630.199951171875,5299325,0.0,0.0
2025-01-17 00:00:00+05:30,1630.0999755859375,1639.0,1623.0,1627.5,2678801,0.0,0.0
2025-01-20 00:00:00+05:30,1638.0,1645.0,1618.0999755859375,1641.1500244140625,3933044,0.0,0.0
2025-01-21 00:00:00+05:30,1654.0,1656.699951171875,1620.300048828125,1626.1500244140625,7958844,0.0,0.0
2025-01-22 00:00:00+05:30,1627.5,1641.0,1622.550048828125,1631.75,3262136,0.0,0.0
2025-01-23 00:00:00+05:30,1624.5,1645.4000244140625,1617.199951171875,1636.0,2457080,0.0,0.0
2025-01-24 00:00:00+05:30,1634.050048828125,1661.9000244140625,1634.050048828125,1644.800048828125,3620058,0.0,0.0
2025-01-27 00:00:00+05:30,1638.949951171875,1647.199951171875,1593.699951171875,1602.5999755859375,6622807,0.0,0.0
2025-01-28 00:00:00+05:30,1607.6500244140625,1630.300048828125,1597.0,1618.3499755859375,5216471,0.0,0.0
2025-01-29 00:00:00+05:30,1620.0,1626.9000244140625,1593.1500244140625,1600.449951171875,5009227,0.0,0.0
2025-01-30 00:00:00+05:30,1606.699951171875,1644.949951171875,1595.199951171875,1640.75,4283637,0.0,0.0
2025-01-31 00:00:00+05:30,1639.0999755859375,1639.0999755859375,1574.25,1626.300048828125,8340866,0.0,0.0
2025-02-01 00:00:00+05:30,1627.0,1644.0,1609.199951171875,1623.25,2741589,0.0,0.0
2025-02-03 00:00:00+05:30,1619.9000244140625,1661.0,1608.0999755859375,1652.3499755859375,4146970,0.0,0.0
2025-02-04 00:00:00+05:30,1662.1500244140625,1668.300048828125,1629.050048828125,1661.449951171875,6385876,0.0,0.0
2025-02-05 00:00:00+05:30,1670.0,1675.199951171875,1649.0999755859375,1660.449951171875,3920893,0.0,0.0
2025-02-06 00:00:00+05:30,1665.9000244140625,1667.300048828125,1613.25,1619.75,5229162,0.0,0.0
2025-02-07 00:00:00+05:30,1635.050048828125,1707.550048828125,1635.0,1676.75,14873255,0.0,0.0
2025-02-10 00:00:00+05:30,1698.8499755859375,1700.0,1678.050048828125,1693.050048828125,6782878,0.0,0.0
2025-02-11 00:00:00+05:30,1706.0,1706.6500244140625,1686.199951171875,1696.75,8965266,0.0,0.0
2025-02-12 00:00:00+05:30,1704.0,1713.699951171875,1684.5,1711.550048828125,7148192,0.0,0.0
2025-02-13 00:00:00+05:30,1710.0,1728.4000244140625,1703.9000244140625,1714.5999755859375,5356002,0.0,0.0
2025-02-14 00:00:00+05:30,1714.0,1724.0999755859375,1705.25,1717.050048828125,5125863,0.0,0.0
2025-02-17 00:00:00+05:30,1711.75,1716.9000244140625,1666.25,1675.550048828125,4906462,0.0,0.0
2025-02-18 00:00:00+05:30,1692.0,1695.949951171875,1655.800048828125,1668.9000244140625,7529598,0.0,0.0
2025-02-19 00:00:00+05:30,1670.0,1673.449951171875,1638.449951171875,1645.199951171875,7776555,0.0,0.0
2025-02-20 00:00:00+05:30,1639.8499755859375,1649.800048828125,1627.25,1643.5,5524503,0.0,0.0
2025-02-21 00:00:00+05:30,1643.5,1658.699951171875,1629.199951171875,1639.25,5447583,0.0,0.0
2025-02-24 00:00:00+05:30,1627.0,1637.550048828125,1598.0,1601.300048828125,4673190,0.0,0.0
2025-02-25 00:00:00+05:30,1597.0,1649.1500244140625,1597.0,1641.4000244140625,6286808,0.0,0.0
2025-02-27 00:00:00+05:30,1643.4000244140625,1656.0,1638.6500244140625,1650.4000244140625,7568745,0.0,0.0
2025-02-28 00:00:00+05:30,1641.949951171875,1648.449951171875,1559.5,1570.199951171875,13640211,0.0,0.0
2025-03-03 00:00:00+05:30,1579.0,1602.75,1572.75,1595.800048828125,6993525,0.0,0.0
2025-03-04 00:00:00+05:30,1589.0,1590.5,1568.0,1575.3499755859375,5219668,0.0,0.0
2025-03-05 00:00:00+05:30,1578.0,1626.0999755859375,1577.0999755859375,1618.25,6295425,0.0,0.0
2025-03-06 00:00:00+05:30,1618.0,1631.75,1590.449951171875,1626.9000244140625,5174009,0.0,0.0
2025-03-07 00:00:00+05:30,1629.0,1642.4000244140625,1615.5999755859375,1630.699951171875,3035558,0.0,0.0
2025-03-10 00:00:00+05:30,1640.0,1654.9000244140625,1626.5999755859375,1630.949951171875,3778450,0.0,0.0
2025-03-11 00:00:00+05:30,1630.0,1676.4000244140625,1624.050048828125,1662.949951171875,6078564,0.0,0.0
2025-03-12 00:00:00+05:30,1690.0,1716.6500244140625,1634.0,1642.8499755859375,9907628,0.0,0.0
2025-03-13 00:00:00+05:30,1650.800048828125,1656.9000244140625,1629.5999755859375,1632.5,8317331,0.0,0.0
2025-03-17 00:00:00+05:30,1612.199951171875,1648.4000244140625,1612.199951171875,1639.1500244140625,6405522,0.0,0.0
2025-03-18 00:00:00+05:30,1639.1500244140625,1639.1500244140625,1639.1500244140625,1639.1500244140625,0,0.0,0.0
2025-03-19 00:00:00+05:30,1635.0,1642.050048828125,1627.5,1637.1500244140625,6283464,0.0,0.0
2025-03-20 00:00:00+05:30,1660.0,1709.6500244140625,1646.0999755859375,1705.25,12074465,0.0,0.0
2025-03-21 00:00:00+05:30,1709.6500244140625,1731.4000244140625,1692.0,1725.800048828125,14715349,0.0,0.0
2025-03-24 00:00:00+05:30,1740.0,1740.0,1714.8499755859375,1718.800048828125,4120999,0.0,0.0
2025-03-25 00:00:00+05:30,1725.0,1740.5,1706.0999755859375,1730.5,4857399,0.0,0.0
2025-03-26 00:00:00+05:30,1739.1500244140625,1765.0,1726.1500244140625,1738.550048828125,7142394,0.0,0.0
2025-03-27 00:00:00+05:30,1739.949951171875,1746.4000244140625,1713.25,1724.699951171875,6222339,0.0,0.0
2025-03-28 00:00:00+05:30,1733.300048828125,1745.75,1660.0,1733.4000244140625,4133264,0.0,0.0
2025-04-01 00:00:00+05:30,1715.0,1765.0,1708.449951171875,1724.1500244140625,6773056,0.0,0.0
2025-04-02 00:00:00+05:30,1720.0,1760.4000244140625,1716.949951171875,1754.5999755859375,6431226,0.0,0.0
2025-04-03 00:00:00+05:30,1748.0,1754.949951171875,1735.449951171875,1746.0,2341989,0.0,0.0
2025-04-04 00:00:00+05:30,1754.5,1770.800048828125,1740.0,1743.449951171875,7817334,0.0,0.0
2025-04-07 00:00:00+05:30,1730.0,1774.75,1669.4000244140625,1686.6500244140625,14870388,0.0,0.0
2025-04-08 00:00:00+05:30,1720.699951171875,1742.300048828125,1706.800048828125,1720.4000244140625,7206935,0.0,0.0
2025-04-09 00:00:00+05:30,1719.6500244140625,1726.8499755859375,1711.5999755859375,1715.550048828125,5600666,0.0,0.0
2025-04-11 00:00:00+05:30,1760.0,1767.0,1732.3499755859375,1756.5999755859375,8340002,0.0,0.0
2025-04-15 00:00:00+05:30,1808.199951171875,1820.0,1781.0999755859375,1798.800048828125,10313411,0.0,0.0
2025-04-16 00:00:00+05:30,1802.4000244140625,1826.5,1794.0999755859375,1822.5999755859375,6180958,0.0,0.0
2025-04-17 00:00:00+05:30,1834.0,1897.699951171875,1825.699951171875,1889.0999755859375,10894325,0.0,0.0
2025-04-21 00:00:00+05:30,1898.4000244140625,1904.300048828125,1868.5999755859375,1883.4000244140625,3501123,0.0,0.0
2025-04-22 00:00:00+05:30,1888.0,1888.0,1836.800048828125,1852.199951171875,6155127,0.0,0.0
2025-04-23 00:00:00+05:30,1867.0,1885.9000244140625,1836.0999755859375,1881.5999755859375,6855027,0.0,0.0
2025-04-24 00:00:00+05:30,1874.5,1877.800048828125,1839.5,1845.5999755859375,5180688,0.0,0.0
2025-04-25 00:00:00+05:30,1846.699951171875,1861.699951171875,1806.0,1817.199951171875,4570083,0.0,0.0
2025-04-28 00:00:00+05:30,1836.0,1838.9000244140625,1813.4000244140625,1821.800048828125,3301891,0.0,0.0
2025-04-29 00:00:00+05:30,1823.699951171875,1847.800048828125,1817.5999755859375,1823.800048828125,4684155,0.0,0.0
2025-04-30 00:00:00+05:30,1837.0,1876.9000244140625,1827.0,1864.5,9139821,0.0,0.0
2025-05-02 00:00:00+05:30,1852.0,1883.5999755859375,1832.0999755859375,1848.199951171875,3866806,0.0,0.0
2025-05-05 00:00:00+05:30,1868.0,1873.5,1849.199951171875,1866.0,3548839,0.0,0.0
2025-05-06 00:00:00+05:30,1888.300048828125,1912.0,1882.5999755859375,1901.0,8597920,0.0,0.0
2025-05-07 00:00:00+05:30,1901.0,1917.0,1885.5,1896.800048828125,5554616,0.0,0.0
2025-05-08 00:00:00+05:30,1897.0,1905.800048828125,1862.4000244140625,1874.9000244140625,5500724,0.0,0.0
2025-05-09 00:00:00+05:30,1855.0,1871.0999755859375,1836.5,1848.4000244140625,3686209,0.0,0.0
2025-05-12 00:00:00+05:30,1868.9000244140625,1883.4000244140625,1854.0,1870.800048828125,3936019,0.0,0.0
2025-05-13 00:00:00+05:30,1870.0,1883.699951171875,1816.5999755859375,1820.5999755859375,8817763,0.0,0.0
2025-05-14 00:00:00+05:30,1830.0,1870.699951171875,1820.199951171875,1834.199951171875,7401614,0.0,0.0
2025-05-15 00:00:00+05:30,1849.9000244140625,1869.9000244140625,1825.0,1867.199951171875,8788351,0.0,0.0
2025-05-16 00:00:00+05:30,1834.0,1834.0,1810.0999755859375,1814.0,100662047,0.0,0.0
2025-05-19 00:00:00+05:30,1822.0,1828.699951171875,1809.0,1818.300048828125,5799804,0.0,0.0
2025-05-20 00:00:00+05:30,1809.800048828125,1824.9000244140625,1799.5,1808.9000244140625,12512596,0.0,0.0
2025-05-21 00:00:00+05:30,1813.0,1826.5,1805.300048828125,1822.5,6849562,0.0,0.0
2025-05-22 00:00:00+05:30,1819.9000244140625,1836.699951171875,1816.300048828125,1831.4000244140625,6496923,0.0,0.0
2025-05-23 00:00:00+05:30,1825.0,1841.800048828125,1821.5,1831.699951171875,3460945,0.0,0.0
2025-05-26 00:00:00+05:30,1834.0,1850.0,1830.9000244140625,1847.4000244140625,3254715,0.0,0.0
2025-05-27 00:00:00+05:30,1844.0,1857.5999755859375,1833.699951171875,1843.800048828125,5847725,0.0,0.0
2025-05-28 00:00:00+05:30,1848.0,1867.0,1845.0999755859375,1856.0999755859375,3713699,0.0,0.0
2025-05-29 00:00:00+05:30,1858.0,1867.0,1850.5,1863.5999755859375,5786774,0.0,0.0
2025-05-30 00:00:00+05:30,1854.0,1867.0,1843.0,1856.199951171875,16712960,0.0,0.0
2025-06-02 00:00:00+05:30,1844.0,1859.0,1831.5,1854.0999755859375,3199499,0.0,0.0
2025-06-03 00:00:00+05:30,1867.0,1869.5,1832.0,1841.300048828125,5596977,0.0,0.0
2025-06-04 00:00:00+05:30,1855.0,1884.5999755859375,1850.0,1875.4000244140625,5892170,0.0,0.0
2025-06-05 00:00:00+05:30,1884.0,1889.0,1868.5999755859375,1878.800048828125,8999675,0.0,0.0
2025-06-06 00:00:00+05:30,1872.0999755859375,1881.9000244140625,1867.300048828125,1870.199951171875,4644174,0.0,0.0
2025-06-09 00:00:00+05:30,1874.0,1875.0,1848.699951171875,1862.5,2514049,0.0,0.0
