Date,Open,High,Low,Close,Volume,Dividends,Stock Splits
2020-06-09 00:00:00+05:30,640.3338085615588,648.8715709630051,635.9315027713442,638.1993408203125,10078029,0.0,0.0
2020-06-10 00:00:00+05:30,635.8870164486704,639.844645799005,630.7287829757898,636.6429443359375,7263049,0.0,0.0
2020-06-11 00:00:00+05:30,633.2189072942798,634.4640223640241,622.7690166191285,626.0596313476562,8825715,0.0,0.0
2020-06-12 00:00:00+05:30,601.0243418406906,618.2333433719971,600.7575469766981,615.476318359375,9795316,0.0,0.0
2020-06-15 00:00:00+05:30,616.3212246907829,626.4598639525142,609.4287434622784,611.4742431640625,7857344,0.0,0.0
2020-06-16 00:00:00+05:30,624.325423744747,633.2189482995155,621.7907909593445,623.6139526367188,10131760,0.0,0.0
2020-06-17 00:00:00+05:30,622.4578358431633,631.707069264896,620.7680443821375,625.7929077148438,7291916,0.0,0.0
2020-06-18 00:00:00+05:30,629.8394324869248,637.3099606940532,627.8828461891886,634.9087524414062,6670195,0.0,0.0
2020-06-19 00:00:00+05:30,630.5507590963838,633.1299023907211,623.4359409401482,627.4824829101562,22438862,0.0,0.0
2020-06-22 00:00:00+05:30,628.8611071245523,630.2841036395035,622.5467263273672,625.8373413085938,7804096,0.0,0.0
2020-06-23 00:00:00+05:30,618.7225696576886,644.3359118176897,615.5208679615816,640.9119262695312,12157390,0.0,0.0
2020-06-24 00:00:00+05:30,637.5767615970568,646.3813178477159,630.9066185518167,635.1310424804688,10220838,0.0,0.0
2020-06-25 00:00:00+05:30,626.8599940910882,627.5270083662572,616.7658664395689,622.9913330078125,14945284,0.0,0.0
2020-06-26 00:00:00+05:30,631.6181201223332,668.4372789410681,631.440238776184,665.4135131835938,26030458,0.0,0.0
2020-06-29 00:00:00+05:30,654.0299110812235,662.3008792446229,649.3162989671274,650.7837524414062,8954428,0.0,0.0
2020-06-30 00:00:00+05:30,651.717499851441,657.1870394283036,644.1135468478716,654.5189819335938,10411290,0.0,0.0
2020-07-01 00:00:00+05:30,655.6751284039879,660.1663476574207,649.0049846765821,650.9171142578125,5477468,0.0,0.0
2020-07-02 00:00:00+05:30,655.764058245608,680.7548966013774,654.0298642587792,672.8840942382812,17263756,0.0,0.0
2020-07-03 00:00:00+05:30,671.4610577383606,679.4652292875596,669.237676752472,678.30908203125,7796572,0.0,0.0
2020-07-06 00:00:00+05:30,680.5325047911842,689.2481479345191,677.2418898737243,679.4652709960938,8810958,0.0,0.0
2020-07-07 00:00:00+05:30,684.2678228961965,708.7694729738242,680.8437832637665,706.279296875,19362533,0.0,0.0
2020-07-08 00:00:00+05:30,698.0527286852647,698.0527286852647,686.7579422160295,688.9813232421875,8476642,0.0,0.0
2020-07-09 00:00:00+05:30,693.6949380641917,702.5884629111684,689.2481756407033,695.2068481445312,6854166,0.0,0.0
2020-07-10 00:00:00+05:30,687.9140781337458,702.4994791371985,687.9140781337458,695.3401489257812,5206452,0.0,0.0
2020-07-13 00:00:00+05:30,700.8097088361494,716.2399516517524,699.0754607561538,708.8583374023438,10804688,0.0,0.0
2020-07-14 00:00:00+05:30,705.2120570259717,717.173858690045,694.8955357305508,696.5853271484375,8961822,0.0,0.0
2020-07-15 00:00:00+05:30,710.59268268587,754.571176844873,706.8573911445587,739.0075073242188,30060599,0.0,0.0
2020-07-16 00:00:00+05:30,800.5061099286693,849.7762568418333,795.3034198647927,810.2000732421875,90432109,0.0,0.0
2020-07-17 00:00:00+05:30,810.2001455679821,818.1154047072049,793.4358722818355,803.21875,31682878,0.0,0.0
2020-07-20 00:00:00+05:30,807.9766549833412,840.4380175666015,806.4202882841438,830.9219360351562,18421053,0.0,0.0
2020-07-21 00:00:00+05:30,840.4380486811324,844.6180159700793,826.3862911045097,833.1008911132812,12877784,0.0,0.0
2020-07-22 00:00:00+05:30,835.0574664909967,835.1019232556906,809.3107030486458,816.3366088867188,14354201,0.0,0.0
2020-07-23 00:00:00+05:30,814.3355733882971,814.4689436835986,800.9952869522857,807.487548828125,13051307,0.0,0.0
2020-07-24 00:00:00+05:30,803.3075454527898,823.3179742074954,803.3075454527898,820.7388305664062,18209580,0.0,0.0
2020-07-27 00:00:00+05:30,819.5828041838615,847.3750704418038,817.0037144441865,843.5064086914062,16827870,0.0,0.0
2020-07-28 00:00:00+05:30,841.3274211500055,860.4929556697439,837.0585402288534,856.31298828125,15818463,0.0,0.0
2020-07-29 00:00:00+05:30,847.7752446555619,853.7783738466713,839.1929715807505,848.57568359375,11152710,0.0,0.0
2020-07-30 00:00:00+05:30,855.5571261948261,865.0287522671754,852.6667304982219,855.0679931640625,12492320,0.0,0.0
2020-07-31 00:00:00+05:30,862.0047750532258,877.3016465037645,847.8195940528459,859.1143798828125,12704346,0.0,0.0
2020-08-03 00:00:00+05:30,853.7783331260346,858.5808579625743,842.6169709816252,851.0213623046875,8479792,0.0,0.0
2020-08-04 00:00:00+05:30,854.178572357572,863.2944349796632,836.4804368712447,844.7514038085938,11133170,0.0,0.0
2020-08-05 00:00:00+05:30,846.6635266328617,854.6232418624963,834.4793872945021,840.1712646484375,9614176,0.0,0.0
2020-08-06 00:00:00+05:30,847.9975522754795,866.5850400003067,838.2146754269946,863.4277954101562,10976491,0.0,0.0
2020-08-07 00:00:00+05:30,862.1827183081617,862.1827183081617,843.9954503809033,845.6852416992188,8010948,0.0,0.0
2020-08-10 00:00:00+05:30,843.906639974253,850.932492413375,840.704938287537,846.0855102539062,5716319,0.0,0.0
2020-08-11 00:00:00+05:30,844.7959807021288,855.5571244844961,841.416397699747,843.5064086914062,6802442,0.0,0.0
2020-08-12 00:00:00+05:30,843.1061597539189,852.7111557808378,837.9479261729596,849.2871704101562,6908726,0.0,0.0
2020-08-13 00:00:00+05:30,849.153673342286,861.3378122605587,843.3284258916622,845.9520263671875,5097703,0.0,0.0
2020-08-14 00:00:00+05:30,850.0875298577134,856.4464216794628,846.7080013554147,848.0864868164062,4663873,0.0,0.0
2020-08-17 00:00:00+05:30,848.5311725556618,864.8508230000228,848.5311725556618,851.5549926757812,9008210,0.0,0.0
2020-08-18 00:00:00+05:30,857.2468769748864,861.9604342613792,852.6222332236648,860.4929809570312,6141761,0.0,0.0
2020-08-19 00:00:00+05:30,863.4723440854801,864.0503906281122,851.5105423794882,853.1558227539062,6622744,0.0,0.0
2020-08-20 00:00:00+05:30,852.8000373173586,858.6697414394546,846.0409265142877,849.4649658203125,5656501,0.0,0.0
2020-08-21 00:00:00+05:30,856.4907140094734,856.8464766389988,841.8164011905272,843.8174438476562,6513773,0.0,0.0
2020-08-24 00:00:00+05:30,842.2167470826626,846.663509210871,835.2798090190104,842.572509765625,5798574,0.0,0.0
2020-08-25 00:00:00+05:30,842.6614484350185,843.6842254677251,830.2994276370913,834.301513671875,6233918,0.0,0.0
2020-08-26 00:00:00+05:30,837.1029478639203,848.664529082758,834.5683152324956,845.5962524414062,5153601,0.0,0.0
2020-08-27 00:00:00+05:30,853.7783556011816,854.6232512885985,840.6159501420166,842.26123046875,6154280,0.0,0.0
2020-08-28 00:00:00+05:30,846.174427767487,847.1082370149295,829.8103204263551,831.7669067382812,7593610,0.0,0.0
2020-08-31 00:00:00+05:30,831.7668766220885,845.3295014480568,813.4017268663498,825.8526611328125,12808355,0.0,0.0
2020-09-01 00:00:00+05:30,823.7627919942762,831.5446267364623,811.1784318127752,813.0016479492188,6907773,0.0,0.0
2020-09-02 00:00:00+05:30,813.7576066054307,823.8962476791257,812.4235777421432,821.7617797851562,5678118,0.0,0.0
2020-09-03 00:00:00+05:30,823.9849415297483,844.351131791865,821.7615606837426,832.0335693359375,8827948,0.0,0.0
2020-09-04 00:00:00+05:30,813.7575297054575,826.6531408319374,813.2683966914964,817.4483642578125,8650342,0.0,0.0
2020-09-07 00:00:00+05:30,817.2258891980902,824.9187543913033,812.0231454256508,822.6953735351562,6700385,0.0,0.0
2020-09-08 00:00:00+05:30,827.0532295755415,846.6634380565283,823.140057518879,835.36865234375,12891964,0.0,0.0
2020-09-09 00:00:00+05:30,831.544484513945,841.3273608023443,823.5403130052546,825.0966796875,5528947,0.0,0.0
2020-09-10 00:00:00+05:30,831.8113424295236,837.7700147495948,822.4731416281746,836.0357666015625,5171884,0.0,0.0
2020-09-11 00:00:00+05:30,831.4556124767968,848.575646835775,827.9871162705836,841.0606079101562,6671903,0.0,0.0
2020-09-14 00:00:00+05:30,851.1102919718684,881.3927319427276,843.3729148248619,870.1424560546875,21871587,0.0,0.0
2020-09-15 00:00:00+05:30,871.1207231515052,884.0163336524719,864.1393281447226,873.7443237304688,11608203,0.0,0.0
2020-09-16 00:00:00+05:30,876.9015124411186,894.3773097313785,873.3441026543393,890.9088134765625,10059251,0.0,0.0
2020-09-17 00:00:00+05:30,884.9057360006723,908.028900961494,884.9057360006723,899.1353759765625,15628241,0.0,0.0
2020-09-18 00:00:00+05:30,899.1353349420978,906.0722732574046,888.5520189803201,891.2645874023438,12897633,0.0,0.0
2020-09-21 00:00:00+05:30,890.2418455909096,916.922420383844,889.7971693443608,898.1571044921875,14140637,0.0,0.0
2020-09-22 00:00:00+05:30,897.3566727934049,909.3629315473305,881.5262091445827,896.0226440429688,12625762,0.0,0.0
2020-09-23 00:00:00+05:30,907.272876932227,922.2584432315289,896.556137035322,906.9171142578125,13486204,0.0,0.0
2020-09-24 00:00:00+05:30,892.0204701171157,897.3565845943865,862.6718404921259,867.474365234375,14427432,0.0,0.0
2020-09-25 00:00:00+05:30,867.8301456336937,902.6038604314498,867.1186745007135,899.5355834960938,13311078,0.0,0.0
2020-09-28 00:00:00+05:30,902.5148638530441,903.7155222408442,888.0184296386808,898.6017456054688,8554526,0.0,0.0
2020-09-29 00:00:00+05:30,905.3607389451964,914.2542629034007,892.9987189305874,897.3565673828125,8708463,0.0,0.0
2020-09-30 00:00:00+05:30,897.3565284280661,910.6523570247547,893.7991189992135,896.6895141601562,8048817,0.0,0.0
2020-10-01 00:00:00+05:30,907.672984477238,912.9201850421077,899.8022379116926,905.0494384765625,5563358,0.0,0.0
2020-10-05 00:00:00+05:30,905.4052591225199,938.1779297729327,905.4052591225199,932.6638793945312,14212509,0.0,0.0
2020-10-06 00:00:00+05:30,938.2668235610793,942.7135857580512,917.233616656696,938.933837890625,9090819,0.0,0.0
2020-10-07 00:00:00+05:30,929.2843775367488,953.3858067215754,920.9244429665964,948.5388793945312,9284008,0.0,0.0
2020-10-08 00:00:00+05:30,969.3941927030143,999.6321766955854,967.9712504631295,972.6847534179688,21482613,0.0,0.0
2020-10-09 00:00:00+05:30,973.9297780392724,990.1160566332227,968.0155629484736,984.3352661132812,10567867,0.0,0.0
2020-10-12 00:00:00+05:30,998.7427304221416,1013.8617209984341,989.0487676928728,1006.8358154296875,14633537,0.0,0.0
2020-10-13 00:00:00+05:30,1009.9042894014077,1037.029541043579,1009.9042894014077,1029.6923828125,17523825,0.0,0.0
2020-10-14 00:00:00+05:30,1033.4276613690083,1036.006805472397,1005.9466459073303,1011.19384765625,16649573,0.0,0.0
2020-10-15 00:00:00+05:30,1049.4358528631146,1054.7719673691984,971.6175163160617,985.6248168945312,44288251,0.0,0.0
2020-10-16 00:00:00+05:30,990.6053111576057,1010.2599807017394,975.5308289358067,1002.7449951171875,18365685,0.0,0.0
2020-10-19 00:00:00+05:30,1009.4149846265569,1012.9723942640073,991.8947855875242,1001.3218994140625,12902123,0.0,0.0
2020-10-20 00:00:00+05:30,995.0964335806225,1018.0416606278602,987.1811754163805,1011.6383666992188,10448776,0.0,0.0
2020-10-21 00:00:00+05:30,1014.8846083755086,1026.6240177336451,1009.4150688886472,1021.2879028320312,19811433,0.0,0.0
2020-10-22 00:00:00+05:30,1015.6406071977424,1029.8702479290591,999.4544342912867,1004.12353515625,11271335,0.0,0.0
2020-10-23 00:00:00+05:30,1018.4609783894766,1020.2587912374722,1006.9100527870629,1009.0224609375,9069862,12.0,0.0
2020-10-26 00:00:00+05:30,1008.7977301307226,1015.4046703736363,991.6286394498173,999.9884033203125,6309368,0.0,0.0
2020-10-27 00:00:00+05:30,993.9207595374468,997.5163851264107,968.2570477340875,980.572021484375,10172479,0.0,0.0
2020-10-28 00:00:00+05:30,984.7519445015805,993.0668285605852,961.8748209014216,967.7177124023438,7608392,0.0,0.0
2020-10-29 00:00:00+05:30,961.8299008616642,972.6167782545052,952.9307050666121,966.1895751953125,6935616,0.0,0.0
2020-10-30 00:00:00+05:30,963.6276203942367,974.054912251054,945.9640884289273,953.3800659179688,8800386,0.0,0.0
2020-11-02 00:00:00+05:30,957.3353391318722,970.7739462446721,944.8405179240057,963.8973999023438,7183119,0.0,0.0
2020-11-03 00:00:00+05:30,963.6276168057341,970.2795458079983,950.5934746008057,955.1329956054688,7204782,0.0,0.0
2020-11-04 00:00:00+05:30,960.0320050865702,1003.1795109331575,958.9533613323182,983.3585815429688,15702690,0.0,0.0
2020-11-05 00:00:00+05:30,997.6962700861546,1009.4719223907028,987.8981680386307,992.3927001953125,9568890,0.0,0.0
2020-11-06 00:00:00+05:30,995.9882514111997,1007.7639028348163,981.3360337846281,1000.258056640625,8807127,0.0,0.0
2020-11-09 00:00:00+05:30,1015.1349676477776,1030.1466595450484,1007.8088590741676,1021.6520385742188,10160320,0.0,0.0
2020-11-10 00:00:00+05:30,1001.2468302892827,1001.2468302892827,969.0210591278784,980.7518310546875,15622869,0.0,0.0
2020-11-11 00:00:00+05:30,985.201440701559,1012.4832287239338,977.1112828855792,1009.0224609375,12514800,0.0,0.0
2020-11-12 00:00:00+05:30,1014.0562837679056,1026.551104623022,1001.1569989263492,1004.7526245117188,9180976,0.0,0.0
2020-11-13 00:00:00+05:30,1006.7750524841559,1018.4608343433471,1004.0783335935735,1010.5504150390625,6363212,0.0,0.0
2020-11-14 00:00:00+05:30,1022.0565178732398,1024.4386416418554,1016.7529484730605,1018.8653564453125,1136144,0.0,0.0
2020-11-17 00:00:00+05:30,1029.0230355852846,1029.2477621709115,1000.1681639367545,1010.1010131835938,12813968,0.0,0.0
2020-11-18 00:00:00+05:30,1014.4159671435164,1018.1913304842103,990.1005028606083,998.2806396484375,9839468,0.0,0.0
2020-11-19 00:00:00+05:30,988.7971174154462,1002.0109986380805,983.223941191022,985.8756713867188,10092343,0.0,0.0
2020-11-20 00:00:00+05:30,994.1904123218496,996.8871313426142,980.7966859060971,991.8082885742188,8063554,0.0,0.0
2020-11-23 00:00:00+05:30,993.2915430229722,1029.0680605911875,990.5498346910413,1024.618408203125,10546363,0.0,0.0
2020-11-24 00:00:00+05:30,1029.2478828690405,1038.1470786494122,1018.7756008048077,1024.79833984375,8515426,0.0,0.0
2020-11-25 00:00:00+05:30,1022.056558550584,1027.8994500462557,998.9097191638843,1002.8649291992188,8958701,0.0,0.0
2020-11-26 00:00:00+05:30,1006.7302160810165,1006.7302160810165,987.26897958393,1000.66259765625,10962256,0.0,0.0
2020-11-27 00:00:00+05:30,1004.97737360174,1007.6740928511186,980.7069003573331,988.7970581054688,25306145,0.0,0.0
2020-12-01 00:00:00+05:30,993.3364945375155,1024.977953801774,993.3364945375155,1022.820556640625,8933802,0.0,0.0
2020-12-02 00:00:00+05:30,1019.360022888317,1031.450272036826,1007.6742377934773,1025.5625,6741637,0.0,0.0
2020-12-03 00:00:00+05:30,1031.0455671390541,1031.0455671390541,1009.202099287702,1012.572998046875,16212632,0.0,0.0
2020-12-04 00:00:00+05:30,1011.2698052932028,1022.0566832163303,1002.2807403572632,1019.9442749023438,10564055,0.0,0.0
2020-12-07 00:00:00+05:30,1031.3150571418946,1036.4387782421704,1021.1573738795365,1027.899169921875,7792141,0.0,0.0
2020-12-08 00:00:00+05:30,1029.247936891547,1049.0238797837862,1029.247936891547,1036.7537841796875,12308330,0.0,0.0
2020-12-09 00:00:00+05:30,1049.967803632564,1060.2602393853772,1040.0348427035874,1056.3948974609375,10039346,0.0,0.0
2020-12-10 00:00:00+05:30,1040.3940963378122,1053.2035101619733,1033.7421682656284,1049.69775390625,9488782,0.0,0.0
2020-12-11 00:00:00+05:30,1042.461615964271,1053.4732183901037,1038.4615267300624,1045.6077880859375,10574009,0.0,0.0
2020-12-14 00:00:00+05:30,1051.1810848900202,1054.0575412558665,1032.1242048445142,1046.8214111328125,6728187,0.0,0.0
2020-12-15 00:00:00+05:30,1039.1358102562535,1046.0573457233122,1035.5401846152286,1037.8773193359375,6905926,0.0,0.0
2020-12-16 00:00:00+05:30,1042.731380166364,1050.7316687360103,1036.9783575022489,1047.8551025390625,7788404,0.0,0.0
2020-12-17 00:00:00+05:30,1048.035068247803,1050.731787639608,1039.3156097097574,1042.0123291015625,6658153,0.0,0.0
2020-12-18 00:00:00+05:30,1063.2713339763013,1074.1930678675205,1056.7542630624607,1069.518798828125,15995676,0.0,0.0
2020-12-21 00:00:00+05:30,1067.9006014033782,1087.4518119088693,1035.58496632184,1058.2823486328125,10858352,0.0,0.0
2020-12-22 00:00:00+05:30,1062.50733882118,1100.126548795415,1057.2037692448978,1097.115234375,10901851,0.0,0.0
2020-12-23 00:00:00+05:30,1112.8462906817408,1131.5884699964545,1106.149480885795,1126.3748779296875,15878346,0.0,0.0
2020-12-24 00:00:00+05:30,1123.543092988199,1123.543092988199,1102.059208814937,1111.09326171875,7313885,0.0,0.0
2020-12-28 00:00:00+05:30,1113.2506315988899,1121.8352319532687,1111.0483547229487,1114.9136962890625,4607051,0.0,0.0
2020-12-29 00:00:00+05:30,1110.1492776440966,1127.63296124221,1110.1492776440966,1123.902587890625,6878105,0.0,0.0
2020-12-30 00:00:00+05:30,1126.329645148234,1126.5993609424154,1112.9809079318184,1120.7564697265625,5194690,0.0,0.0
2020-12-31 00:00:00+05:30,1117.3407549190213,1131.1839366604372,1113.7451289981234,1128.8468017578125,7430470,0.0,0.0
2021-01-01 00:00:00+05:30,1130.7344656773969,1137.5661328739448,1128.846784044505,1133.026611328125,4253550,0.0,0.0
2021-01-04 00:00:00+05:30,1140.7121659257957,1159.5891994044732,1133.6557729761507,1158.01611328125,7208454,0.0,0.0
2021-01-05 00:00:00+05:30,1152.397987698619,1167.6793962718457,1146.1506322032428,1163.005126953125,8145280,0.0,0.0
2021-01-06 00:00:00+05:30,1168.578238350454,1170.3760510248394,1139.8582247690597,1152.48779296875,7161715,0.0,0.0
2021-01-07 00:00:00+05:30,1164.98252058386,1166.4657378685201,1128.5768168156144,1134.5545654296875,10954918,0.0,0.0
2021-01-08 00:00:00+05:30,1149.0269991839962,1183.679881580536,1149.0269991839962,1179.4549560546875,13186251,0.0,0.0
2021-01-11 00:00:00+05:30,1206.4223837404845,1243.5022766207212,1204.5347020489044,1237.0750732421875,20528626,0.0,0.0
2021-01-12 00:00:00+05:30,1238.6929939872084,1238.6929939872084,1222.5126791165483,1233.0748291015625,8309868,0.0,0.0
2021-01-13 00:00:00+05:30,1234.9625912703718,1251.99693415483,1222.5127590160562,1246.9180908203125,14442997,0.0,0.0
2021-01-14 00:00:00+05:30,1222.5126550529003,1244.086407789128,1185.163051736394,1231.951171875,27521697,0.0,0.0
2021-01-15 00:00:00+05:30,1222.5127162063673,1226.5128058343928,1204.534588026862,1208.984130859375,15018441,0.0,0.0
2021-01-18 00:00:00+05:30,1202.7369818187299,1204.5347949455142,1173.9719717901803,1179.410400390625,8861765,0.0,0.0
2021-01-19 00:00:00+05:30,1186.556480592383,1196.4444512639861,1179.3652291948533,1183.545166015625,5585744,0.0,0.0
2021-01-20 00:00:00+05:30,1187.0507972201028,1212.0853165487604,1187.0507972201028,1204.0400390625,8225838,0.0,0.0
2021-01-21 00:00:00+05:30,1213.5236726390642,1223.456632518136,1200.040076276408,1204.264892578125,6142421,0.0,0.0
2021-01-22 00:00:00+05:30,1192.8485110899312,1218.9167905334941,1192.4440471973658,1205.29833984375,9646591,0.0,0.0
2021-01-25 00:00:00+05:30,1209.0290048501095,1211.6358551336596,1180.264002504233,1191.1407470703125,6542611,0.0,0.0
2021-01-27 00:00:00+05:30,1186.1968091800409,1193.3431805706914,1155.1845398000416,1169.4771728515625,8133665,0.0,0.0
2021-01-28 00:00:00+05:30,1161.2073540693195,1165.387181127048,1143.903405531686,1147.184326171875,4660690,0.0,0.0
2021-01-29 00:00:00+05:30,1156.2182513015873,1160.6229142048817,1106.5536772417913,1113.7899169921875,12183519,0.0,0.0
2021-02-01 00:00:00+05:30,1124.1274926340516,1148.7574413106047,1115.5428922386072,1133.43115234375,8880279,0.0,0.0
2021-02-02 00:00:00+05:30,1150.6001720747295,1163.544445956527,1135.8580854240654,1142.7347412109375,6892490,0.0,0.0
2021-02-03 00:00:00+05:30,1148.4878064437075,1172.1739686025642,1144.307869655724,1154.7801513671875,8182968,0.0,0.0
2021-02-04 00:00:00+05:30,1155.0947121946751,1162.645547823461,1143.4539183255606,1150.015869140625,5032240,0.0,0.0
2021-02-05 00:00:00+05:30,1156.3531843693338,1158.465592407593,1134.4198468425857,1143.498779296875,5477481,0.0,0.0
2021-02-08 00:00:00+05:30,1155.544105770731,1177.5673112093796,1146.5550423263844,1171.7694091796875,6921922,0.0,0.0
2021-02-09 00:00:00+05:30,1174.7808845979516,1197.3434149915486,1166.6457371732465,1173.5673828125,7965949,0.0,0.0
2021-02-10 00:00:00+05:30,1164.8029383282565,1172.4885220871072,1153.8362145862936,1165.43212890625,5951207,0.0,0.0
2021-02-11 00:00:00+05:30,1158.6904050838061,1164.9827501851146,1153.34195563961,1161.971435546875,4673317,0.0,0.0
2021-02-12 00:00:00+05:30,1173.0729005221121,1189.9273962192688,1169.971717205751,1177.3876953125,5797875,0.0,0.0
2021-02-15 00:00:00+05:30,1186.5563440256665,1194.1071790699668,1174.9604305358241,1177.252685546875,4363513,0.0,0.0
2021-02-16 00:00:00+05:30,1181.1630218531775,1186.3317337067967,1155.9936423920747,1159.9488525390625,6896421,0.0,0.0
2021-02-17 00:00:00+05:30,1159.948702075637,1163.6341959298466,1146.105523221749,1151.7686767578125,4575741,0.0,0.0
2021-02-18 00:00:00+05:30,1147.0045378857642,1173.9717292153668,1146.1056315081107,1161.79150390625,6437551,0.0,0.0
2021-02-19 00:00:00+05:30,1165.0726196619328,1168.1289235162828,1147.7237911374643,1160.7579345703125,5389696,0.0,0.0
2021-02-22 00:00:00+05:30,1164.0837176412836,1176.2639425170091,1132.6219955428705,1137.2962646484375,7371303,0.0,0.0
2021-02-23 00:00:00+05:30,1142.6447501297232,1160.488018003576,1130.4196465568173,1138.3299560546875,6612942,0.0,0.0
2021-02-24 00:00:00+05:30,1132.6670245537844,1147.5438592595076,1125.4307843249578,1145.4764404296875,4537258,0.0,0.0
2021-02-25 00:00:00+05:30,1158.19600618952,1168.353693269703,1143.4090385374589,1145.7012939453125,8788221,0.0,0.0
2021-02-26 00:00:00+05:30,1140.7122745478393,1145.4765225808928,1118.9137933360307,1126.5994873046875,15132388,0.0,0.0
2021-03-01 00:00:00+05:30,1135.588640578544,1154.6454147423171,1131.7232986847623,1138.91455078125,5756286,0.0,0.0
2021-03-02 00:00:00+05:30,1152.622865430511,1177.5675209311519,1149.8811566997827,1172.62353515625,10461434,0.0,0.0
2021-03-03 00:00:00+05:30,1185.8372499205202,1210.8268911198813,1175.7695423792168,1207.7257080078125,9056399,0.0,0.0
2021-03-04 00:00:00+05:30,1200.0399216312892,1225.9733466808868,1191.8598961713678,1195.8599853515625,12041941,0.0,0.0
2021-03-05 00:00:00+05:30,1194.1969816452302,1204.534403767112,1173.1176734712135,1183.58984375,6486176,0.0,0.0
2021-03-08 00:00:00+05:30,1190.8712521316672,1210.0178927668533,1184.0394756532264,1200.7142333984375,5119392,0.0,0.0
2021-03-09 00:00:00+05:30,1195.096067849155,1213.9281131798352,1185.4328239759857,1209.5235595703125,6518173,0.0,0.0
2021-03-10 00:00:00+05:30,1219.7261697427994,1235.0974479127865,1218.0182255617362,1229.8388671875,7925984,0.0,0.0
2021-03-12 00:00:00+05:30,1234.198373384312,1251.0078776222538,1231.546643640764,1235.861328125,9462061,0.0,0.0
2021-03-15 00:00:00+05:30,1231.5018736673553,1240.4010697368958,1221.1644491803665,1234.7379150390625,6658635,0.0,0.0
2021-03-16 00:00:00+05:30,1245.9292277460324,1263.8623660754606,1240.9402534617163,1244.08642578125,9352771,0.0,0.0
2021-03-17 00:00:00+05:30,1251.502461824644,1258.4689865717376,1242.2886710301009,1246.783203125,7626744,0.0,0.0
2021-03-18 00:00:00+05:30,1252.850677015057,1252.850677015057,1180.7134452084501,1201.9276123046875,10961755,0.0,0.0
2021-03-19 00:00:00+05:30,1195.5457558717144,1218.1981578805185,1184.758876871368,1208.534912109375,12767112,0.0,0.0
2021-03-22 00:00:00+05:30,1213.613398565953,1236.8950941592368,1201.0287101079375,1232.2208251953125,4862758,0.0,0.0
2021-03-23 00:00:00+05:30,1233.7041917444046,1243.4124259127439,1222.153265074439,1232.895263671875,7165335,0.0,0.0
2021-03-24 00:00:00+05:30,1220.5800255205713,1231.9062241424815,1210.1527332929363,1216.89453125,6134303,0.0,0.0
2021-03-25 00:00:00+05:30,1210.6022200175903,1215.7709319278194,1193.3881401445217,1198.96142578125,8749994,0.0,0.0
2021-03-26 00:00:00+05:30,1208.7593565182772,1219.5462329999625,1197.343289467073,1201.11865234375,4922071,0.0,0.0
2021-03-30 00:00:00+05:30,1210.7368605672966,1258.4687609101493,1201.0736182960222,1245.2548828125,10546381,0.0,0.0
2021-03-31 00:00:00+05:30,1242.2886013163481,1247.6820395275622,1225.479096116643,1229.7489013671875,8220987,0.0,0.0
2021-04-01 00:00:00+05:30,1240.4908915204487,1250.9181843148074,1232.400733532272,1245.1651611328125,5675155,0.0,0.0
2021-04-05 00:00:00+05:30,1250.378570171294,1280.9413820949635,1246.7829452390977,1267.367919921875,9479572,0.0,0.0
2021-04-06 00:00:00+05:30,1279.1439887218298,1281.8407083045183,1264.2670417987456,1268.402099609375,5793571,0.0,0.0
2021-04-07 00:00:00+05:30,1267.682826929009,1289.8857724539662,1264.4017964254963,1285.615966796875,5879234,0.0,0.0
2021-04-08 00:00:00+05:30,1285.4359563861763,1304.9421784058632,1277.345800017312,1294.2901611328125,5654434,0.0,0.0
2021-04-09 00:00:00+05:30,1307.9089645459471,1307.9089645459471,1285.481291142044,1295.3692626953125,6052712,0.0,0.0
2021-04-12 00:00:00+05:30,1324.9880800469598,1328.1792417707388,1271.952600587821,1281.6158447265625,20384532,0.0,0.0
2021-04-13 00:00:00+05:30,1288.1328771347014,1290.1554165440198,1235.996305694497,1255.9071044921875,14855206,0.0,0.0
2021-04-15 00:00:00+05:30,1197.6131658561962,1228.2658553558435,1186.556572088003,1223.18701171875,25342491,0.0,0.0
2021-04-16 00:00:00+05:30,1227.0072281855955,1232.2658086461483,1210.4673285849758,1216.89453125,10879878,0.0,0.0
2021-04-19 00:00:00+05:30,1204.5345488850126,1240.2210882697675,1197.6578931338543,1224.804931640625,12508028,0.0,0.0
2021-04-20 00:00:00+05:30,1239.5917182244787,1239.5917182244787,1206.69177143438,1214.7369384765625,8560766,0.0,0.0
2021-04-22 00:00:00+05:30,1218.512528136203,1226.827411747475,1209.1638802921689,1214.5123291015625,6622446,0.0,0.0
2021-04-23 00:00:00+05:30,1207.2313209457018,1212.0854375551787,1196.4444439156582,1198.96142578125,7316262,0.0,0.0
2021-04-26 00:00:00+05:30,1197.5680220448864,1214.692232437047,1187.4553252927717,1207.7257080078125,7088606,0.0,0.0
2021-04-27 00:00:00+05:30,1209.9279051014437,1216.2202493330262,1204.6693250824333,1212.1751708984375,3636115,0.0,0.0
2021-04-28 00:00:00+05:30,1220.7149271107003,1222.063286750366,1208.6695590503955,1218.9171142578125,4879234,0.0,0.0
2021-04-29 00:00:00+05:30,1229.7039710944407,1230.6028775060595,1214.7821466075268,1219.231689453125,5412357,0.0,0.0
2021-04-30 00:00:00+05:30,1210.1975860004666,1235.0073777380865,1209.8380015373589,1217.4337158203125,8354677,0.0,0.0
2021-05-03 00:00:00+05:30,1205.2536369148027,1223.4115006743411,1202.7366553286322,1215.3663330078125,4560337,0.0,0.0
2021-05-04 00:00:00+05:30,1217.1193017365222,1217.9732189499612,1190.241977632572,1195.0062255859375,4887060,0.0,0.0
2021-05-05 00:00:00+05:30,1205.5233500646625,1208.0403318744275,1193.5679607927423,1205.8829345703125,3939788,0.0,0.0
2021-05-06 00:00:00+05:30,1209.0291034959214,1226.737515618037,1202.1974368273288,1223.950927734375,4810090,0.0,0.0
2021-05-07 00:00:00+05:30,1227.2769747832704,1234.2434995136653,1212.1753030886932,1215.81591796875,4991435,0.0,0.0
2021-05-10 00:00:00+05:30,1213.3887971501383,1216.1305055960722,1200.0850481029324,1204.130126953125,7195348,0.0,0.0
2021-05-11 00:00:00+05:30,1201.7478028055968,1205.4332965313647,1191.1406650292226,1196.129638671875,6420988,0.0,0.0
2021-05-12 00:00:00+05:30,1195.5454739970917,1195.5454739970917,1181.6124252399827,1192.8487548828125,5241898,0.0,0.0
2021-05-14 00:00:00+05:30,1192.7137166993243,1192.7137166993243,1178.7357905743133,1183.3201904296875,4824609,0.0,0.0
2021-05-17 00:00:00+05:30,1186.8261990490278,1199.9950904161867,1186.8261990490278,1195.0062255859375,5017129,0.0,0.0
2021-05-18 00:00:00+05:30,1202.7366112552472,1208.6693707997897,1195.0959078205165,1204.534423828125,5620150,0.0,0.0
2021-05-19 00:00:00+05:30,1206.332300224675,1220.2203591930258,1198.4668698021967,1201.8377685546875,4435878,0.0,0.0
2021-05-20 00:00:00+05:30,1212.0854218704528,1212.7146124638152,1200.040054063484,1203.9053955078125,4490092,0.0,0.0
2021-05-21 00:00:00+05:30,1211.2765021903263,1220.265567141646,1210.242737774965,1217.56884765625,4969733,0.0,0.0
2021-05-24 00:00:00+05:30,1219.501447485017,1225.2094814504385,1209.1190341794893,1211.7708740234375,4225371,0.0,0.0
2021-05-25 00:00:00+05:30,1220.7148866523876,1229.7039506188999,1217.5237250523617,1223.950927734375,4099340,0.0,0.0
2021-05-26 00:00:00+05:30,1229.6138287382425,1258.468696183351,1224.3552493465716,1255.9967041015625,6850024,0.0,0.0
2021-05-27 00:00:00+05:30,1262.2442786045776,1273.0761442356174,1251.0079489996735,1260.491455078125,15365391,0.0,0.0
2021-05-28 00:00:00+05:30,1267.2333613230735,1271.0537137157835,1254.9632663981758,1263.008544921875,4261312,0.0,0.0
2021-05-31 00:00:00+05:30,1273.4120619920125,1273.4120619920125,1256.6028410524104,1266.370361328125,4429904,15.0,0.0
2021-06-01 00:00:00+05:30,1272.0490301692846,1272.9576366194055,1252.6503046419778,1260.4188232421875,4791325,0.0,0.0
2021-06-02 00:00:00+05:30,1254.5583198621982,1264.7346674448352,1240.2477686850627,1252.6502685546875,9272276,0.0,0.0
2021-06-03 00:00:00+05:30,1261.2367570531562,1271.140590844371,1251.1967210076145,1262.6451416015625,5115645,0.0,0.0
2021-06-04 00:00:00+05:30,1266.551987526104,1269.2324432520065,1251.741768110205,1259.0106201171875,4194328,0.0,0.0
2021-06-07 00:00:00+05:30,1263.8717382877198,1264.780344857301,1251.4238726500098,1262.6451416015625,5154576,0.0,0.0
2021-06-08 00:00:00+05:30,1268.4147154451457,1291.8113335846244,1268.005886872339,1283.8155517578125,7360630,0.0,0.0
2021-06-09 00:00:00+05:30,1284.2244311556549,1294.764244224107,1276.2286497029654,1285.9508056640625,5394317,0.0,0.0
2021-06-10 00:00:00+05:30,1293.8556695800241,1298.3987021277069,1289.3126370323416,1294.1282958984375,3496575,0.0,0.0
2021-06-11 00:00:00+05:30,1299.39796605734,1318.933003290514,1298.807349725657,1314.66259765625,6140828,0.0,0.0
2021-06-14 00:00:00+05:30,1336.5601853885398,1342.0118244859777,1320.6140966629812,1328.2010498046875,7132294,0.0,0.0
2021-06-15 00:00:00+05:30,1330.1999635751934,1341.103241965154,1329.2913570426965,1339.1951904296875,5403104,0.0,0.0
2021-06-16 00:00:00+05:30,1338.1047015610766,1353.3238599057977,1333.3799922912506,1345.28271484375,7661710,0.0,0.0
2021-06-17 00:00:00+05:30,1340.2853652102433,1365.3175175160532,1340.2853652102433,1358.6392822265625,7677951,0.0,0.0
2021-06-18 00:00:00+05:30,1371.0872158371628,1377.2657844357784,1351.461337514914,1365.908203125,13533974,0.0,0.0
2021-06-21 00:00:00+05:30,1356.5495012472277,1368.1797087848922,1348.5537197008484,1363.182373046875,5454052,0.0,0.0
2021-06-22 00:00:00+05:30,1371.7232315936153,1382.3993583025776,1364.8178441603823,1373.6767578125,6427862,0.0,0.0
2021-06-23 00:00:00+05:30,1385.6247561172197,1385.6247561172197,1361.6829997270825,1365.771728515625,5529809,0.0,0.0
2021-06-24 00:00:00+05:30,1378.3559498240268,1425.3763324234951,1373.08598818163,1416.6990966796875,10785137,0.0,0.0
2021-06-25 00:00:00+05:30,1428.3294791206408,1433.7811183539256,1401.9798894930973,1430.328369140625,9780240,0.0,0.0
2021-06-28 00:00:00+05:30,1429.1471500201644,1435.7345469791708,1417.9712459862305,1428.147705078125,5019178,0.0,0.0
2021-06-29 00:00:00+05:30,1418.3348219759514,1429.828716995369,1416.6992858233655,1420.197509765625,5913567,0.0,0.0
2021-06-30 00:00:00+05:30,1428.374767066409,1445.5928143615472,1428.374767066409,1436.3250732421875,6058722,0.0,0.0
2021-07-01 00:00:00+05:30,1432.7360827714067,1432.7360827714067,1416.562954235745,1417.78955078125,4814317,0.0,0.0
2021-07-02 00:00:00+05:30,1416.4720494610297,1426.0124176480651,1401.6163554668499,1424.5133056640625,5166064,0.0,0.0
2021-07-05 00:00:00+05:30,1425.739766722254,1440.1411561004852,1418.3800770031892,1434.64404296875,4058338,0.0,0.0
2021-07-06 00:00:00+05:30,1429.873777779364,1441.7311350882849,1414.7909344556197,1419.4248046875,4089574,0.0,0.0
2021-07-07 00:00:00+05:30,1422.9232588687473,1427.0119881336266,1403.4790575152115,1421.605712890625,4797120,0.0,0.0
2021-07-08 00:00:00+05:30,1424.6948181963799,1431.9636693096268,1407.4312968024187,1418.107421875,3326813,0.0,0.0
2021-07-09 00:00:00+05:30,1413.791506971223,1426.4211576545742,1409.2484751364827,1420.0609130859375,3436594,0.0,0.0
2021-07-12 00:00:00+05:30,1427.012031479578,1433.7811057692725,1393.575266776693,1406.3865966796875,4588982,0.0,0.0
2021-07-13 00:00:00+05:30,1414.155075053969,1414.155075053969,1395.8921079263403,1403.75146484375,4456160,0.0,0.0
2021-07-14 00:00:00+05:30,1411.9743848199,1438.1422942323034,1397.5275204758414,1432.781494140625,5657716,0.0,0.0
2021-07-15 00:00:00+05:30,1415.5179640393762,1450.9081397362936,1413.7915896584334,1436.3250732421875,10021355,0.0,0.0
2021-07-16 00:00:00+05:30,1429.919412656921,1430.737180651541,1407.9765445229693,1413.2918701171875,6265593,0.0,0.0
2021-07-19 00:00:00+05:30,1403.5245257675115,1410.975166197563,1397.0280775163915,1400.7987060546875,5669162,0.0,0.0
2021-07-20 00:00:00+05:30,1397.7094932083255,1415.3363714586578,1397.436866879141,1408.3856201171875,5069939,0.0,0.0
2021-07-22 00:00:00+05:30,1418.6980471031727,1447.2736738556912,1418.6980471031727,1444.8658447265625,7854575,0.0,0.0
2021-07-23 00:00:00+05:30,1443.3667541336133,1452.4073435297935,1440.186631704865,1445.093017578125,4179719,0.0,0.0
2021-07-26 00:00:00+05:30,1448.4095769168314,1464.3556651091174,1448.4095769168314,1457.31396484375,4586710,0.0,0.0
2021-07-27 00:00:00+05:30,1458.3131994067683,1462.2202510978263,1451.8621164706694,1456.087158203125,5892859,0.0,0.0
2021-07-28 00:00:00+05:30,1458.4042172745383,1460.6757334409099,1440.5955527129588,1458.8585205078125,4686788,0.0,0.0
2021-07-29 00:00:00+05:30,1453.8612031449802,1471.9424942384626,1453.8612031449802,1469.2166748046875,4660873,0.0,0.0
2021-07-30 00:00:00+05:30,1462.856365726143,1475.0317141826629,1459.3582531213112,1463.3106689453125,6234257,0.0,0.0
2021-08-02 00:00:00+05:30,1478.7116362565312,1485.3445082165053,1471.215632468315,1482.43701171875,5553389,0.0,0.0
2021-08-03 00:00:00+05:30,1496.4747647351307,1507.0600516472089,1486.1166294266857,1503.92529296875,5513668,0.0,0.0
2021-08-04 00:00:00+05:30,1516.5549806164975,1526.3679744938981,1489.2514237545286,1498.5191650390625,6740391,0.0,0.0
2021-08-05 00:00:00+05:30,1498.7463689702893,1513.7383756923323,1496.520327489233,1502.42626953125,5420536,0.0,0.0
2021-08-06 00:00:00+05:30,1505.5607698907224,1508.877205356598,1493.7488869646033,1499.3822021484375,3754855,0.0,0.0
2021-08-09 00:00:00+05:30,1509.1953170444733,1515.055784295382,1495.929685025653,1511.28515625,5018477,0.0,0.0
2021-08-10 00:00:00+05:30,1515.5557166096846,1526.458995146445,1509.240945489365,1523.9603271484375,6846517,0.0,0.0
2021-08-11 00:00:00+05:30,1521.7341203590554,1530.0932552979846,1515.5555521597614,1524.2327880859375,4899639,0.0,0.0
2021-08-12 00:00:00+05:30,1525.6866250055218,1541.450925580674,1521.0072793528136,1535.1815185546875,5659579,0.0,0.0
2021-08-13 00:00:00+05:30,1541.9054104769439,1565.0748789313707,1536.726397187982,1555.7161865234375,5612790,0.0,0.0
2021-08-16 00:00:00+05:30,1551.6271187781572,1562.757547277607,1535.6356681780478,1548.6287841796875,4564109,0.0,0.0
2021-08-17 00:00:00+05:30,1548.1744734936706,1589.0617616613977,1532.410174571776,1582.474365234375,9510390,0.0,0.0
2021-08-18 00:00:00+05:30,1570.9805493808562,1595.058620264947,1569.1633364839438,1575.0238037109375,6686090,0.0,0.0
2021-08-20 00:00:00+05:30,1559.2595828305214,1585.5183327010102,1559.2595828305214,1574.569580078125,6206972,0.0,0.0
2021-08-23 00:00:00+05:30,1577.11365816732,1592.923432706201,1573.706383952642,1579.8394775390625,6189051,0.0,0.0
2021-08-24 00:00:00+05:30,1590.0612163987423,1596.4214612643373,1556.1701529636675,1563.5753173828125,7602939,0.0,0.0
2021-08-25 00:00:00+05:30,1560.9859188868804,1587.2446681103022,1560.9859188868804,1576.9320068359375,6153253,0.0,0.0
2021-08-26 00:00:00+05:30,1575.5235813962493,1586.4268587761542,1562.8030911196936,1569.79931640625,5302248,0.0,0.0
2021-08-27 00:00:00+05:30,1567.3463352118695,1569.7995285883849,1549.3558807377954,1552.626953125,6698514,0.0,0.0
2021-08-30 00:00:00+05:30,1547.402285256663,1561.5765239340512,1535.90839128664,1542.8592529296875,6559667,0.0,0.0
2021-08-31 00:00:00+05:30,1544.7674225267726,1558.2602073875557,1531.7743047118652,1550.4915771484375,12255438,0.0,0.0
2021-09-01 00:00:00+05:30,1553.2628070693172,1553.2628070693172,1520.234983076621,1524.41455078125,7801974,0.0,0.0
2021-09-02 00:00:00+05:30,1524.0511680045938,1539.4521155101943,1510.6946961417193,1534.727294921875,6830050,0.0,0.0
2021-09-03 00:00:00+05:30,1541.042233674489,1550.0373500812914,1530.4569448395198,1545.2218017578125,5339139,0.0,0.0
2021-09-06 00:00:00+05:30,1549.3102514864631,1573.7063115585079,1544.0402899113085,1572.2525634765625,4876026,0.0,0.0
2021-09-07 00:00:00+05:30,1571.8892799071189,1576.341474038765,1548.2655103825032,1550.67333984375,3520341,0.0,0.0
2021-09-08 00:00:00+05:30,1545.4033118813336,1545.4033118813336,1529.1392336796573,1538.4979248046875,4584896,0.0,0.0
2021-09-09 00:00:00+05:30,1531.8196447981695,1539.9971028938683,1528.4123705916284,1536.9986572265625,3331674,0.0,0.0
2021-09-13 00:00:00+05:30,1529.1846208291531,1545.9938397746905,1522.0974463135944,1537.271240234375,4662374,0.0,0.0
2021-09-14 00:00:00+05:30,1540.9511521681914,1540.9511521681914,1525.1868515467215,1532.046875,4945167,0.0,0.0
2021-09-15 00:00:00+05:30,1538.4979520082384,1558.350981797339,1535.7266578251022,1555.0345458984375,4062344,0.0,0.0
2021-09-16 00:00:00+05:30,1558.4418248516606,1562.1217255431975,1536.8624204708835,1546.6754150390625,3246568,0.0,0.0
2021-09-17 00:00:00+05:30,1541.905208900963,1560.9859451336797,1530.5021531201455,1536.7261962890625,7454864,0.0,0.0
2021-09-20 00:00:00+05:30,1531.0019243694178,1551.627247174897,1524.5962042965646,1533.5914306640625,5660743,0.0,0.0
2021-09-21 00:00:00+05:30,1544.631030047717,1568.936253608762,1530.68394263565,1561.394775390625,4672222,0.0,0.0
2021-09-22 00:00:00+05:30,1560.0772886583536,1579.9757922748022,1556.4883375141767,1559.9864501953125,4553892,0.0,0.0
2021-09-23 00:00:00+05:30,1573.7065151100142,1585.518400038669,1563.8026817178268,1583.2923583984375,3826090,0.0,0.0
2021-09-24 00:00:00+05:30,1597.3300604541666,1624.5882526120874,1592.287250539404,1602.6453857421875,8280446,0.0,0.0
2021-09-27 00:00:00+05:30,1607.0975420969341,1607.3246936929902,1561.0766065531946,1563.847900390625,5045337,0.0,0.0
2021-09-28 00:00:00+05:30,1553.7168981680627,1553.7168981680627,1521.9156751061432,1532.9097900390625,6557197,0.0,0.0
2021-09-29 00:00:00+05:30,1507.6052211649328,1545.9030044277745,1503.7436438318298,1537.5892333984375,7792548,0.0,0.0
2021-09-30 00:00:00+05:30,1547.3569628392368,1547.3569628392368,1517.463785003253,1522.09765625,6914031,0.0,0.0
2021-10-01 00:00:00+05:30,1512.9207118313568,1525.5048900966588,1509.4225988715268,1512.9661865234375,5733906,0.0,0.0
2021-10-04 00:00:00+05:30,1519.6444512634957,1533.7278527550259,1513.1933669566042,1525.3232421875,2947154,0.0,0.0
2021-10-05 00:00:00+05:30,1518.2814454716804,1547.3113784746631,1511.0125935484168,1538.089111328125,4373310,0.0,0.0
2021-10-06 00:00:00+05:30,1546.5392849162276,1552.8086926926746,1517.373034989331,1520.5986328125,4271698,0.0,0.0
2021-10-07 00:00:00+05:30,1532.8193090112868,1548.4472979089164,1523.4152530386013,1536.4537353515625,5476108,0.0,0.0
2021-10-08 00:00:00+05:30,1549.401331818746,1573.252253947608,1543.177399084087,1566.3013916015625,4738376,0.0,0.0
2021-10-11 00:00:00+05:30,1528.2759760102717,1571.8890835301845,1511.6484344027579,1536.407958984375,8840633,0.0,0.0
2021-10-12 00:00:00+05:30,1523.7330188328667,1534.6362962484866,1510.103922063342,1531.13818359375,7439300,0.0,0.0
2021-10-13 00:00:00+05:30,1540.9511978706048,1557.0335999757492,1526.5044427964367,1552.990234375,7104171,0.0,0.0
2021-10-14 00:00:00+05:30,1593.6958500860594,1620.590581131645,1542.9955614589314,1558.941650390625,19655776,0.0,0.0
2021-10-18 00:00:00+05:30,1580.9752805832566,1634.5830630857922,1580.9752805832566,1628.359130859375,13438109,0.0,0.0
2021-10-19 00:00:00+05:30,1648.2122661452331,1666.8387002444488,1619.4094831476095,1655.617431640625,10324260,0.0,0.0
2021-10-20 00:00:00+05:30,1662.2044323593457,1679.1044878136595,1630.085220968409,1637.6265869140625,5876115,0.0,0.0
2021-10-21 00:00:00+05:30,1648.212061324939,1648.212061324939,1587.1991174674297,1593.377685546875,8779629,0.0,0.0
2021-10-22 00:00:00+05:30,1589.9703684669541,1602.0547670912604,1550.9911315544296,1562.621337890625,7369809,0.0,0.0
2021-10-25 00:00:00+05:30,1564.6658832481858,1571.6621090021983,1533.0008576772336,1551.4910888671875,5905209,0.0,0.0
2021-10-26 00:00:00+05:30,1567.5325432558725,1582.703180395499,1554.5617978837658,1561.711669921875,5871709,15.0,0.0
2021-10-27 00:00:00+05:30,1566.6618850523641,1589.6242379154667,1559.3744907121156,1584.8575439453125,5090259,0.0,0.0
2021-10-28 00:00:00+05:30,1576.0573538475787,1581.0073339619178,1551.0326346588704,1561.89501953125,5329972,0.0,0.0
2021-10-29 00:00:00+05:30,1557.4034018512966,1569.8699399576144,1522.6162429018154,1528.7578125,5875091,0.0,0.0
2021-11-01 00:00:00+05:30,1537.6952643857423,1564.9199882423623,1536.3202760718355,1558.365966796875,3636806,0.0,0.0
2021-11-02 00:00:00+05:30,1553.7368084584612,1564.2325079220566,1545.8076867320933,1556.3951416015625,3471772,0.0,0.0
2021-11-03 00:00:00+05:30,1566.5699768693787,1574.3156994041192,1557.4033883563923,1560.6116943359375,3530713,0.0,0.0
2021-11-04 00:00:00+05:30,1572.0700398709214,1573.9033577016746,1562.9034507171552,1566.2950439453125,483407,0.0,0.0
2021-11-08 00:00:00+05:30,1585.8198825314748,1595.9031303394784,1561.0700924572843,1592.69482421875,5245903,0.0,0.0
2021-11-09 00:00:00+05:30,1590.1739699507375,1604.1530176762014,1582.1532048623565,1597.278076171875,4016134,0.0,0.0
2021-11-10 00:00:00+05:30,1582.1531564135157,1605.023749692163,1578.4406433561305,1595.1239013671875,4780368,0.0,0.0
2021-11-11 00:00:00+05:30,1588.5240505596312,1594.7573760524717,1566.5701139092826,1588.844970703125,4731349,0.0,0.0
2021-11-12 00:00:00+05:30,1597.7365142197998,1634.2653501833224,1593.199097277224,1631.836181640625,5069009,0.0,0.0
2021-11-15 00:00:00+05:30,1633.577615438026,1649.9858302403368,1627.5276897731767,1638.206787109375,4354074,0.0,0.0
2021-11-16 00:00:00+05:30,1640.8193742192248,1658.190015014376,1628.902808931599,1642.927734375,6034233,0.0,0.0
2021-11-17 00:00:00+05:30,1643.1569835798214,1651.819365571725,1632.2944859147217,1638.48193359375,4732492,0.0,0.0
2021-11-18 00:00:00+05:30,1633.1193879182665,1640.3151375252248,1612.4029202478314,1631.102783203125,4326924,0.0,0.0
2021-11-22 00:00:00+05:30,1635.3195631306587,1636.6029080371482,1605.2073390700937,1612.769775390625,6621839,0.0,0.0
2021-11-23 00:00:00+05:30,1590.494866649379,1601.6322948852967,1567.4867501810602,1592.1448974609375,8436160,0.0,0.0
2021-11-24 00:00:00+05:30,1594.98643263331,1595.4447620679748,1547.3201714281765,1554.6534423828125,7333061,0.0,0.0
2021-11-25 00:00:00+05:30,1558.3202107513016,1582.3366304170838,1555.5243562026865,1578.8533935546875,4476260,0.0,0.0
2021-11-26 00:00:00+05:30,1560.657742646102,1575.1408869417976,1543.6536743369188,1550.6661376953125,4494181,0.0,0.0
2021-11-29 00:00:00+05:30,1550.0702623013178,1569.3200999762603,1530.0412869093773,1554.974365234375,3942776,0.0,0.0
2021-11-30 00:00:00+05:30,1562.490978815251,1585.7282596410298,1558.3660137492486,1569.9158935546875,14808963,0.0,0.0
2021-12-01 00:00:00+05:30,1572.0700370666937,1596.7281842257082,1570.2367192392105,1571.9783935546875,5193264,0.0,0.0
2021-12-02 00:00:00+05:30,1572.0701609812938,1604.6115549841136,1568.7243333030424,1602.549072265625,5559574,0.0,0.0
2021-12-03 00:00:00+05:30,1623.494504365112,1637.7485945706737,1588.1573720192766,1590.9073486328125,6754012,0.0,0.0
2021-12-06 00:00:00+05:30,1585.8197345631427,1589.4404920885302,1550.528370528067,1554.01171875,3991449,0.0,0.0
2021-12-07 00:00:00+05:30,1559.3283498660105,1581.144875289866,1552.8200943998993,1568.9991455078125,4202122,0.0,0.0
2021-12-08 00:00:00+05:30,1588.569769866459,1613.1362715394564,1588.203083951059,1607.2237548828125,3029169,0.0,0.0
2021-12-09 00:00:00+05:30,1612.4029684106154,1621.9362431330585,1596.819767465203,1616.4820556640625,2082171,0.0,0.0
2021-12-10 00:00:00+05:30,1613.3196963372175,1616.757167281118,1600.4864714799896,1612.6322021484375,1823469,0.0,0.0
2021-12-13 00:00:00+05:30,1619.7820821962873,1623.7236481534487,1593.88646941928,1599.2489013671875,4040584,0.0,0.0
2021-12-14 00:00:00+05:30,1586.6448998955718,1616.0696279745036,1567.8075148901687,1606.1239013671875,4768144,0.0,0.0
2021-12-15 00:00:00+05:30,1599.5698833905392,1602.273982560742,1577.75335540848,1589.669921875,3053149,0.0,0.0
2021-12-16 00:00:00+05:30,1615.7488284833244,1629.4528342458236,1611.486342229459,1623.952880859375,4481031,0.0,0.0
2021-12-17 00:00:00+05:30,1668.3191289481786,1688.4856239134863,1656.173399025891,1669.0982666015625,18887243,0.0,0.0
2021-12-20 00:00:00+05:30,1651.5443610871475,1677.165045499712,1638.3445619193908,1648.977783203125,5773891,0.0,0.0
2021-12-21 00:00:00+05:30,1650.9025792508633,1684.818956503657,1650.9025792508633,1660.619140625,5353584,0.0,0.0
2021-12-22 00:00:00+05:30,1672.9024838335604,1676.7066406282208,1661.3067264292642,1672.62744140625,4156428,0.0,0.0
2021-12-23 00:00:00+05:30,1678.6315832196426,1706.452158001076,1674.7357829582454,1702.7855224609375,4112933,0.0,0.0
2021-12-24 00:00:00+05:30,1716.856229439158,1719.4229190991205,1699.4855881699425,1708.19384765625,3780347,0.0,0.0
2021-12-27 00:00:00+05:30,1704.9855722004531,1718.2771263923382,1691.2815662579003,1710.623046875,2647733,0.0,0.0
2021-12-28 00:00:00+05:30,1723.9603229095464,1737.8936051210562,1721.852074608909,1730.6519775390625,3340933,0.0,0.0
2021-12-29 00:00:00+05:30,1726.5269325409,1735.9685633921047,1720.018677128368,1728.4061279296875,3236635,0.0,0.0
2021-12-30 00:00:00+05:30,1727.4435773447663,1750.6350906664184,1718.1394677751377,1735.09765625,4584738,0.0,0.0
2021-12-31 00:00:00+05:30,1732.4854563189065,1740.1395363523745,1715.6647865694654,1730.4229736328125,4619420,0.0,0.0
2022-01-03 00:00:00+05:30,1730.4227520498516,1754.5309246745155,1730.4227520498516,1740.23095703125,3329616,0.0,0.0
2022-01-04 00:00:00+05:30,1740.2310743550584,1747.7477446045077,1721.4854442812327,1740.872802734375,3921999,0.0,0.0
2022-01-05 00:00:00+05:30,1741.651966369965,1744.3102996453717,1686.6524305898608,1690.9149169921875,6995719,0.0,0.0
2022-01-06 00:00:00+05:30,1675.6523656780032,1675.6523656780032,1649.9859180636793,1666.302490234375,6449205,0.0,0.0
2022-01-07 00:00:00+05:30,1664.148428615564,1682.9858145998055,1656.2194182984588,1663.0943603515625,4834389,0.0,0.0
2022-01-10 00:00:00+05:30,1663.7357941354012,1714.0603868167143,1661.9024764559133,1696.50634765625,7857560,0.0,0.0
2022-01-11 00:00:00+05:30,1700.402175504035,1714.1520583248225,1695.9564024380138,1700.9521484375,5142287,0.0,0.0
2022-01-12 00:00:00+05:30,1713.1438347417302,1731.5686561894713,1704.98554818021,1720.981201171875,5362535,0.0,0.0
2022-01-13 00:00:00+05:30,1746.2351860716283,1753.1101277490757,1710.8062975811488,1738.7186279296875,14277630,0.0,0.0
2022-01-14 00:00:00+05:30,1725.1521296583062,1771.901735722373,1724.2354707158736,1768.555908203125,7688506,0.0,0.0
2022-01-17 00:00:00+05:30,1776.989082120872,1791.0597732766262,1769.6099335212443,1777.85986328125,5262464,0.0,0.0
2022-01-18 00:00:00+05:30,1761.9099524191436,1782.9014624541396,1752.1475132916348,1760.6724853515625,3690315,0.0,0.0
2022-01-19 00:00:00+05:30,1756.318405238252,1756.318405238252,1707.5979636321556,1711.447998046875,5747770,0.0,0.0
2022-01-20 00:00:00+05:30,1690.3190361284492,1693.9856717816563,1664.194257099349,1671.7108154296875,5533463,0.0,0.0
2022-01-21 00:00:00+05:30,1645.4026577244595,1657.319222933606,1627.9861393418607,1636.877685546875,8252758,0.0,0.0
2022-01-24 00:00:00+05:30,1617.9029588836443,1621.2487862488053,1583.9865795756018,1592.05322265625,7116712,0.0,0.0
2022-01-25 00:00:00+05:30,1582.7032328501843,1594.9864844778294,1558.7784579623847,1578.6241455078125,9137653,0.0,0.0
2022-01-27 00:00:00+05:30,1560.1534540059404,1567.211682805281,1526.2370745710286,1538.70361328125,11231734,0.0,0.0
2022-01-28 00:00:00+05:30,1540.9035845757908,1583.5741004005592,1539.5285962492806,1545.670166015625,10998502,0.0,0.0
2022-01-31 00:00:00+05:30,1574.8199054345266,1603.6946592303284,1572.39073710091,1591.5030517578125,8788872,0.0,0.0
2022-02-01 00:00:00+05:30,1618.9114124821829,1631.6529947644888,1590.1282979479788,1624.3656005859375,5119935,0.0,0.0
2022-02-02 00:00:00+05:30,1639.9028071390812,1643.3861557922437,1624.319605506122,1638.1611328125,4253717,0.0,0.0
2022-02-03 00:00:00+05:30,1630.736280667835,1630.736280667835,1589.486627699846,1593.657470703125,3832922,0.0,0.0
2022-02-04 00:00:00+05:30,1587.6532989938855,1607.7739181571546,1567.6243233461087,1595.994873046875,4700077,0.0,0.0
2022-02-07 00:00:00+05:30,1578.6697227453699,1587.6530236424926,1554.1033343213292,1572.06982421875,4310209,0.0,0.0
2022-02-08 00:00:00+05:30,1567.4866901211121,1581.2365733677884,1554.6534657575476,1574.1783447265625,6053401,0.0,0.0
2022-02-09 00:00:00+05:30,1590.4031144827397,1597.7363853276167,1581.2365259266433,1592.511474609375,3867244,0.0,0.0
2022-02-10 00:00:00+05:30,1609.3322815224496,1626.0613070852673,1603.0073124919334,1622.11962890625,4334630,0.0,0.0
2022-02-11 00:00:00+05:30,1594.9864576306056,1600.4405332298606,1570.2366677708203,1577.8907470703125,7551371,0.0,0.0
2022-02-14 00:00:00+05:30,1549.153524139982,1575.3241802088924,1538.382782182204,1542.0035400390625,7459637,0.0,0.0
2022-02-15 00:00:00+05:30,1557.4034625903387,1601.1739248261767,1549.5659842794273,1593.38232421875,4669915,0.0,0.0
2022-02-16 00:00:00+05:30,1593.382387655243,1609.1488765180625,1582.9324534569362,1588.844970703125,5350642,0.0,0.0
2022-02-17 00:00:00+05:30,1598.6529043150806,1603.2361981921308,1576.9281360965922,1581.0531005859375,3937950,0.0,0.0
2022-02-18 00:00:00+05:30,1567.4867724678534,1578.9450091087003,1561.528489414613,1564.69091796875,5602215,0.0,0.0
2022-02-21 00:00:00+05:30,1559.2367027148039,1592.5114637043112,1550.5284436461438,1586.46142578125,5120890,0.0,0.0
2022-02-22 00:00:00+05:30,1558.2283984151973,1605.0696431782694,1550.1159899880945,1589.8072509765625,8878515,0.0,0.0
2022-02-23 00:00:00+05:30,1604.1531327738535,1611.7155689712158,1588.9366168651957,1597.5989990234375,5478811,0.0,0.0
2022-02-24 00:00:00+05:30,1549.2451666654013,1572.0241176886507,1531.278674811719,1538.2911376953125,13592379,0.0,0.0
2022-02-25 00:00:00+05:30,1572.0701042769776,1584.1241918873916,1537.2370640655927,1553.3702392578125,9737281,0.0,0.0
2022-02-28 00:00:00+05:30,1542.0034456154942,1584.0323426669368,1526.2369584312726,1572.619873046875,15076542,0.0,0.0
2022-03-02 00:00:00+05:30,1567.4868628174327,1571.520184726859,1550.0703421194612,1560.886962890625,6771489,0.0,0.0
2022-03-03 00:00:00+05:30,1576.8364003857432,1589.3946929037236,1563.4074386758068,1577.4322509765625,7344147,0.0,0.0
2022-03-04 00:00:00+05:30,1553.9660175363883,1591.3198681275153,1540.9036280658715,1579.6783447265625,9074499,0.0,0.0
2022-03-07 00:00:00+05:30,1555.5701866945778,1605.069768357222,1554.6535277748992,1594.8489990234375,9742588,0.0,0.0
2022-03-08 00:00:00+05:30,1575.2325564318692,1649.9861399185859,1575.2325564318692,1630.0029296875,10984500,0.0,0.0
2022-03-09 00:00:00+05:30,1641.7360847011198,1678.9524135438992,1641.7360847011198,1662.223388671875,10193515,0.0,0.0
2022-03-10 00:00:00+05:30,1691.0065372699532,1691.0065372699532,1659.3359269263535,1673.7275390625,6547182,0.0,0.0
2022-03-11 00:00:00+05:30,1662.8190733054337,1678.768958901731,1660.0690968887213,1670.15234375,4758657,0.0,0.0
2022-03-14 00:00:00+05:30,1678.906668217749,1737.0686311893369,1678.906668217749,1733.126953125,10289724,0.0,0.0
2022-03-15 00:00:00+05:30,1730.972793631946,1730.972793631946,1677.4857697464472,1686.0107421875,7140443,0.0,0.0
2022-03-16 00:00:00+05:30,1709.5688037800835,1736.1060334821716,1694.9022617637397,1731.935302734375,5233979,0.0,0.0
2022-03-17 00:00:00+05:30,1763.0099275439795,1763.0099275439795,1680.2814702459145,1700.035400390625,17731459,0.0,0.0
2022-03-21 00:00:00+05:30,1705.9021392755003,1729.6436261402166,1687.6606055734132,1698.61474609375,8362085,0.0,0.0
2022-03-22 00:00:00+05:30,1695.8187458320078,1732.4850970932405,1685.7354992351688,1730.101806640625,5709382,0.0,0.0
2022-03-23 00:00:00+05:30,1738.9019597552622,1741.6519364970998,1702.2356031974286,1716.3521728515625,6192824,0.0,0.0
2022-03-24 00:00:00+05:30,1701.4563443885272,1736.7018323621985,1701.4563443885272,1729.460205078125,3784303,0.0,0.0
2022-03-25 00:00:00+05:30,1734.3187078806857,1736.1520257537095,1703.1523040392779,1720.1563720703125,3438588,0.0,0.0
2022-03-28 00:00:00+05:30,1710.48542344731,1724.143662766315,1698.2480501123027,1717.72705078125,4008555,0.0,0.0
2022-03-29 00:00:00+05:30,1717.7270537303368,1731.935266007374,1705.4896803743197,1728.818603515625,3917785,0.0,0.0
2022-03-30 00:00:00+05:30,1750.8184138418037,1759.0683435405347,1737.0685310105855,1745.2725830078125,7795839,0.0,0.0
2022-03-31 00:00:00+05:30,1741.6518174511546,1753.5683825179256,1736.335151354939,1747.930908203125,5399145,0.0,0.0
2022-04-01 00:00:00+05:30,1729.597856862632,1751.093575625521,1721.7604902526805,1744.9061279296875,6171518,0.0,0.0
2022-04-04 00:00:00+05:30,1732.2561524132768,1735.2352938316353,1716.9021158725056,1726.0228271484375,7364074,0.0,0.0
2022-04-05 00:00:00+05:30,1726.8022447004823,1732.1187996876845,1702.3732603142926,1705.9940185546875,5472024,0.0,0.0
2022-04-06 00:00:00+05:30,1700.402293721794,1702.693941017915,1670.2900706301318,1676.431640625,5407453,0.0,0.0
2022-04-07 00:00:00+05:30,1669.2816802710706,1675.7899358698687,1656.9067855238552,1660.0692138671875,5797544,0.0,0.0
2022-04-08 00:00:00+05:30,1671.0693426790067,1684.8192275611707,1657.3194577968427,1663.369384765625,5131446,0.0,0.0
2022-04-11 00:00:00+05:30,1662.8192733370197,1662.8192733370197,1615.6572168756952,1619.3238525390625,8248407,0.0,0.0
2022-04-12 00:00:00+05:30,1611.0280613906957,1611.0280613906957,1583.7574583600424,1597.2322998046875,6456184,0.0,0.0
2022-04-13 00:00:00+05:30,1608.6905020894412,1611.0280270581331,1587.65322495857,1602.823974609375,6257693,0.0,0.0
2022-04-18 00:00:00+05:30,1471.6959740437594,1512.4872981452525,1457.4877600308796,1486.2708740234375,30523965,0.0,0.0
2022-04-19 00:00:00+05:30,1500.249518784619,1500.249518784619,1420.8210181945722,1431.8209228515625,17044923,0.0,0.0
2022-04-20 00:00:00+05:30,1443.7377493361364,1463.2626284192265,1432.7378426745277,1455.3792724609375,10678747,0.0,0.0
2022-04-21 00:00:00+05:30,1462.070924900518,1491.5872963059192,1456.8001362997795,1483.887451171875,7766514,0.0,0.0
2022-04-22 00:00:00+05:30,1470.6417711492143,1476.4625331304314,1450.5211518583667,1453.31689453125,8134245,0.0,0.0
2022-04-25 00:00:00+05:30,1441.7211923088341,1441.7211923088341,1424.579603388439,1430.9962158203125,7000570,0.0,0.0
2022-04-26 00:00:00+05:30,1445.7543224398846,1459.3209184505456,1435.9919950091748,1449.2376708984375,5345435,0.0,0.0
2022-04-27 00:00:00+05:30,1441.6751155297047,1441.6751155297047,1421.141936203676,1423.3878173828125,8819356,0.0,0.0
2022-04-28 00:00:00+05:30,1439.1545870971229,1468.3043871868738,1427.6504722313339,1450.7044677734375,9245177,0.0,0.0
2022-04-29 00:00:00+05:30,1457.4876387799743,1464.179293452605,1430.7212438831275,1436.90869140625,9831395,0.0,0.0
2022-05-02 00:00:00+05:30,1421.646356919199,1423.3421535603338,1403.4048218327941,1412.5714111328125,7072627,0.0,0.0
2022-05-04 00:00:00+05:30,1418.3004254594043,1439.1544145879882,1402.6255812849784,1407.5755615234375,6220959,0.0,0.0
2022-05-05 00:00:00+05:30,1430.0337542268524,1456.9376704218184,1427.650351581843,1453.0418701171875,6144870,0.0,0.0
2022-05-06 00:00:00+05:30,1420.8213456621304,1431.683731635082,1407.117339377223,1414.2672119140625,6171472,0.0,0.0
2022-05-09 00:00:00+05:30,1411.6545259686357,1454.5542017762823,1395.2921890697276,1439.47509765625,6832202,0.0,0.0
2022-05-10 00:00:00+05:30,1428.1545836183998,1438.3753528574246,1417.200554388535,1423.5712890625,6212545,0.0,0.0
2022-05-11 00:00:00+05:30,1420.7753518748366,1420.7753518748366,1385.6215070579083,1399.5089111328125,7846080,0.0,0.0
2022-05-12 00:00:00+05:30,1387.8215129501484,1400.1964075504304,1378.9299667738644,1383.054931640625,7034979,0.0,0.0
2022-05-13 00:00:00+05:30,1392.6799690693026,1401.8006807424024,1373.2467324482875,1379.021728515625,6723761,0.0,0.0
2022-05-16 00:00:00+05:30,1384.1548969083362,1385.8506934424,1355.4176636465932,1364.9967041015625,6145331,0.0,0.0
2022-05-17 00:00:00+05:30,1370.3132650531768,1397.9046726052327,1357.4800418292598,1391.9005126953125,6516378,0.0,0.0
2022-05-18 00:00:00+05:30,1395.1549100786954,1420.5463180198133,1379.8467505021408,1383.421630859375,6594126,0.0,0.0
2022-05-19 00:00:00+05:30,1357.5719007942118,1360.9634941400918,1299.5015788688452,1308.2098388671875,16561140,0.0,0.0
2022-05-20 00:00:00+05:30,1331.9055035787242,1344.5095646070845,1326.1305072215362,1333.8763427734375,10488908,0.0,0.0
2022-05-23 00:00:00+05:30,1333.8303643326253,1363.9884650040865,1329.2013039517303,1346.02197265625,5887569,0.0,0.0
2022-05-24 00:00:00+05:30,1346.2052816561863,1347.0761747774277,1315.6347287328272,1320.905517578125,5693167,0.0,0.0
2022-05-25 00:00:00+05:30,1315.4055098115819,1322.2804515004925,1282.6349544277741,1292.9014892578125,9630092,0.0,0.0
2022-05-26 00:00:00+05:30,1299.8222916111945,1310.8221981692582,1289.7849216356956,1305.2763671875,13040065,0.0,0.0
2022-05-27 00:00:00+05:30,1323.6095611563396,1344.7385933567052,1317.6055125572325,1339.5594482421875,8284860,0.0,0.0
2022-05-30 00:00:00+05:30,1363.0718606191815,1402.4881955261249,1361.238542716533,1399.554931640625,10904213,0.0,0.0
2022-05-31 00:00:00+05:30,1399.4619457197975,1406.2244669795173,1378.5724472116078,1392.884765625,16033857,16.0,0.0
2022-06-01 00:00:00+05:30,1401.5928538486803,1403.2139956161852,1363.7044322089007,1369.6795654296875,8738508,0.0,0.0
2022-06-02 00:00:00+05:30,1374.7282575612358,1402.380282443649,1366.9467542416833,1396.9610595703125,7205840,0.0,0.0
2022-06-03 00:00:00+05:30,1412.6164184399415,1440.500029841728,1406.2244664307032,1409.6519775390625,9395707,0.0,0.0
2022-06-06 00:00:00+05:30,1404.371953468,1423.4550853644485,1383.0655188177598,1417.387451171875,6624883,0.0,0.0
2022-06-07 00:00:00+05:30,1407.9384590442346,1407.9384590442346,1391.9586328714904,1395.7567138671875,4904592,0.0,0.0
2022-06-08 00:00:00+05:30,1408.2627346337836,1408.2627346337836,1382.1392366536459,1389.5501708984375,4697608,0.0,0.0
2022-06-09 00:00:00+05:30,1375.6545555190285,1405.2519264807795,1372.4122720548423,1403.445556640625,4361061,0.0,0.0
2022-06-10 00:00:00+05:30,1376.6734918297975,1383.9454476054582,1365.093908402991,1368.058349609375,6516436,0.0,0.0
2022-06-13 00:00:00+05:30,1337.3028327920492,1337.3028327920492,1307.7517149363246,1319.6092529296875,6987685,0.0,0.0
2022-06-14 00:00:00+05:30,1306.1771118108265,1342.2128008452455,1299.8315222173412,1334.4776611328125,6090247,0.0,0.0
2022-06-15 00:00:00+05:30,1334.1532378167476,1339.8967790410302,1314.3753319557527,1317.4786376953125,4651958,0.0,0.0
2022-06-16 00:00:00+05:30,1332.115388775437,1337.4419975970354,1289.5025182026482,1294.319580078125,6641772,0.0,0.0
2022-06-17 00:00:00+05:30,1288.6225570724202,1294.0880306196052,1266.4823683707355,1285.148681640625,9692047,0.0,0.0
2022-06-20 00:00:00+05:30,1287.6961896314465,1317.6177688195298,1280.2388918089237,1310.0216064453125,4595194,0.0,0.0
2022-06-21 00:00:00+05:30,1319.1461190624589,1348.7898520750985,1317.9881607416526,1343.1390380859375,6270787,0.0,0.0
2022-06-22 00:00:00+05:30,1330.3089374254466,1352.124805240916,1329.3362071630663,1331.4205322265625,6253366,0.0,0.0
2022-06-23 00:00:00+05:30,1333.7826518199768,1350.6424784026854,1327.4833138210206,1345.5010986328125,6254281,0.0,0.0
2022-06-24 00:00:00+05:30,1350.642804267946,1359.4432889322434,1323.6855528073704,1334.9871826171875,6114340,0.0,0.0
2022-06-27 00:00:00+05:30,1359.9527513841067,1374.7282558009683,1357.2662651950743,1366.0203857421875,4511097,0.0,0.0
2022-06-28 00:00:00+05:30,1360.8326103187287,1378.6651683504751,1346.0107439027315,1371.16162109375,4412178,0.0,0.0
2022-06-29 00:00:00+05:30,1356.8492900273463,1368.2436459200944,1349.7163115135934,1355.506103515625,5060038,0.0,0.0
2022-06-30 00:00:00+05:30,1357.1735708678061,1372.8754411051875,1347.8635403563076,1354.2554931640625,9165177,0.0,0.0
2022-07-01 00:00:00+05:30,1346.937182142947,1375.654549850259,1336.1449874688246,1370.4669189453125,4651635,0.0,0.0
2022-07-04 00:00:00+05:30,1371.2542521158855,1382.3706520654823,1354.3480605258737,1378.43359375,4800224,0.0,0.0
2022-07-05 00:00:00+05:30,1388.4384434042122,1398.7673415560166,1363.6117708222541,1367.2708740234375,7379669,0.0,0.0
2022-07-06 00:00:00+05:30,1373.0605867504528,1389.5499581532845,1361.7589589902186,1381.8148193359375,5209162,0.0,0.0
2022-07-07 00:00:00+05:30,1392.3754886631302,1402.4727950463023,1385.5666030749078,1388.345703125,3323472,0.0,0.0
2022-07-08 00:00:00+05:30,1403.4454599708183,1405.2518296865494,1389.5035968023885,1402.9359130859375,3652582,0.0,0.0
2022-07-11 00:00:00+05:30,1384.918337642924,1389.4575574863575,1358.4242703217838,1364.67724609375,4702638,0.0,0.0
2022-07-12 00:00:00+05:30,1354.1627943213975,1360.4620195997948,1330.262489869547,1332.6710205078125,4710356,0.0,0.0
2022-07-13 00:00:00+05:30,1343.231834978544,1352.4955028059821,1332.6712310388878,1338.0904541015625,5264025,0.0,0.0
2022-07-14 00:00:00+05:30,1344.158083129128,1345.9644529632997,1309.8825151926858,1323.6390380859375,6157606,0.0,0.0
2022-07-15 00:00:00+05:30,1339.5262256807744,1339.5262256807744,1306.7791860026705,1325.028564453125,5620018,0.0,0.0
2022-07-18 00:00:00+05:30,1343.2317916019986,1383.6213594089656,1341.4254216667337,1380.19384765625,5835171,0.0,0.0
2022-07-19 00:00:00+05:30,1363.194868432512,1377.3682101141305,1361.8515689611993,1374.8670654296875,3418540,0.0,0.0
2022-07-20 00:00:00+05:30,1390.7078923896215,1413.4502382106534,1389.5499341111956,1403.723388671875,5079392,0.0,0.0
2022-07-21 00:00:00+05:30,1405.298334216868,1422.389755211079,1392.421814009448,1420.027587890625,5008061,0.0,0.0
2022-07-22 00:00:00+05:30,1421.046418971102,1426.6046187845484,1382.2779978886872,1395.3861083984375,7020642,0.0,0.0
2022-07-25 00:00:00+05:30,1371.1151510176096,1405.4370780037066,1371.1151510176096,1392.884765625,7859626,0.0,0.0
2022-07-26 00:00:00+05:30,1386.4468058662242,1386.4468058662242,1338.5999410657344,1344.297119140625,7268273,0.0,0.0
2022-07-27 00:00:00+05:30,1344.1581135160513,1364.538181398445,1338.5999131844894,1362.7318115234375,4517285,0.0,0.0
2022-07-28 00:00:00+05:30,1386.2151229567373,1412.199640488895,1380.1473759682892,1405.6688232421875,6636841,0.0,0.0
2022-07-29 00:00:00+05:30,1419.9349470715792,1441.1486543958167,1415.4883416034259,1435.5904541015625,7009465,0.0,0.0
2022-08-01 00:00:00+05:30,1448.837590650613,1448.837590650613,1424.6594411979472,1436.8411865234375,2983249,0.0,0.0
2022-08-02 00:00:00+05:30,1432.672547036009,1433.0893668420933,1415.8126042828571,1429.939697265625,4374635,0.0,0.0
2022-08-03 00:00:00+05:30,1434.9421100182385,1454.3958119616748,1426.512195125792,1450.782958984375,6011955,0.0,0.0
2022-08-04 00:00:00+05:30,1470.6071464350075,1485.7532194685305,1458.9811990367405,1482.0941162109375,7402209,0.0,0.0
2022-08-05 00:00:00+05:30,1489.9681926535625,1505.9942683891477,1484.317378514635,1497.6107177734375,5361971,0.0,0.0
2022-08-08 00:00:00+05:30,1497.9349005078725,1502.5667338427763,1478.4812005012768,1500.158203125,3763409,0.0,0.0
2022-08-10 00:00:00+05:30,1501.8256747532032,1501.8256747532032,1471.16295906984,1484.456298828125,4423829,0.0,0.0
2022-08-11 00:00:00+05:30,1509.9777553891563,1511.2283278462633,1497.0086212937895,1500.667724609375,3462090,0.0,0.0
2022-08-12 00:00:00+05:30,1494.5076241291474,1495.1560356652687,1473.0622097992318,1476.7213134765625,3562286,0.0,0.0
2022-08-16 00:00:00+05:30,1490.5241416234355,1490.5241416234355,1473.9421537273454,1478.898193359375,3004430,0.0,0.0
2022-08-17 00:00:00+05:30,1478.8981232983779,1493.3031712062257,1468.2912694552529,1487.9765625,4067324,0.0,0.0
2022-08-18 00:00:00+05:30,1476.7211009348725,1480.519181703832,1458.101153296319,1466.39208984375,4635706,0.0,0.0
2022-08-19 00:00:00+05:30,1468.5691848544834,1486.7259496831261,1468.3838436640838,1479.500244140625,4739884,0.0,0.0
2022-08-22 00:00:00+05:30,1469.2176337813207,1481.2604012713316,1458.101233021311,1459.6297607421875,3950555,0.0,0.0
2022-08-23 00:00:00+05:30,1434.0157562823194,1440.037140271877,1420.1202547679559,1428.828125,5551574,0.0,0.0
2022-08-24 00:00:00+05:30,1421.9729015815549,1432.1629354039635,1418.2674347370428,1424.288818359375,2888426,0.0,0.0
2022-08-25 00:00:00+05:30,1434.0156712178525,1434.6640826839741,1402.2876113088012,1406.3636474609375,4331088,0.0,0.0
2022-08-26 00:00:00+05:30,1422.1119934010137,1431.1903200499391,1405.7152334482537,1409.513427734375,3079136,0.0,0.0
2022-08-29 00:00:00+05:30,1360.4160388278945,1360.4160388278945,1343.2318890830768,1354.11669921875,8079050,0.0,0.0
2022-08-30 00:00:00+05:30,1364.6309285026764,1385.9373651843262,1358.0537467521094,1383.019287109375,6725875,0.0,0.0
2022-09-01 00:00:00+05:30,1352.5417769696817,1359.9989612286915,1344.204476476115,1356.3861083984375,8140604,0.0,0.0
2022-09-02 00:00:00+05:30,1369.1699084329834,1369.1699084329834,1341.3789089384031,1346.0107421875,5175653,0.0,0.0
2022-09-05 00:00:00+05:30,1344.1580847667315,1358.979952000548,1339.850456985529,1353.69970703125,3669352,0.0,0.0
2022-09-06 00:00:00+05:30,1353.699718207459,1361.7590633496359,1339.0167153922378,1347.9561767578125,3428442,0.0,0.0
2022-09-07 00:00:00+05:30,1333.9680861068637,1357.8220293132883,1332.161716223011,1350.3184814453125,3600574,0.0,0.0
2022-09-08 00:00:00+05:30,1366.3909787402135,1372.041793391848,1355.8303750000148,1367.2247314453125,4061475,0.0,0.0
2022-09-09 00:00:00+05:30,1378.4335692909813,1408.0773019639055,1371.02263612275,1400.3421630859375,4816910,0.0,0.0
2022-09-12 00:00:00+05:30,1413.4504707306846,1432.0704202944817,1409.1428426099399,1423.0845947265625,5494819,0.0,0.0
2022-09-13 00:00:00+05:30,1437.6287471891776,1438.6477281149284,1427.8092811268577,1431.1904296875,4947158,0.0,0.0
2022-09-14 00:00:00+05:30,1386.7709730469846,1388.5773429093863,1363.6118051604285,1366.761474609375,14332197,0.0,0.0
2022-09-15 00:00:00+05:30,1366.3908462433817,1366.5760743457176,1323.8243427406153,1327.2982177734375,12784100,0.0,0.0
2022-09-16 00:00:00+05:30,1320.0725587223737,1320.0725587223737,1267.5938621048604,1275.6533203125,20464045,0.0,0.0
2022-09-19 00:00:00+05:30,1289.5025126131125,1302.4716470790488,1278.941909074474,1287.927734375,6595241,0.0,0.0
2022-09-20 00:00:00+05:30,1304.2779419579347,1309.4656859113175,1283.1104856103493,1286.3065185546875,7219797,0.0,0.0
2022-09-21 00:00:00+05:30,1278.2933952775163,1286.5380812873855,1267.6401785331122,1275.8385009765625,7917054,0.0,0.0
2022-09-22 00:00:00+05:30,1265.741102515985,1282.0451336210801,1259.8586966589883,1267.2232666015625,9168498,0.0,0.0
2022-09-23 00:00:00+05:30,1266.8064455755646,1292.096301385434,1261.711428792628,1264.9073486328125,10426200,0.0,0.0
2022-09-26 00:00:00+05:30,1259.8587495471834,1296.4038717185774,1255.2269159091425,1278.61767578125,9414587,0.0,0.0
2022-09-27 00:00:00+05:30,1290.8455052955421,1302.9346347684059,1276.5331864279156,1290.938232421875,8561254,0.0,0.0
2022-09-28 00:00:00+05:30,1277.4597493545511,1302.3326739971817,1275.6070158529492,1292.003662109375,7022098,0.0,0.0
2022-09-29 00:00:00+05:30,1301.4525112090196,1306.0379808303796,1290.4287256100483,1295.6627197265625,6119965,0.0,0.0
2022-09-30 00:00:00+05:30,1286.676941384038,1314.7922602910317,1274.6805382372993,1309.3729248046875,8120130,0.0,0.0
2022-10-03 00:00:00+05:30,1308.02985040639,1308.02985040639,1283.9443149173205,1291.1236572265625,4943169,0.0,0.0
2022-10-04 00:00:00+05:30,1315.162856136162,1326.7888043147336,1309.8826107879445,1324.148681640625,6631341,0.0,0.0
2022-10-06 00:00:00+05:30,1338.5999185946264,1352.3101913673079,1337.7661659251473,1348.0025634765625,6180672,0.0,0.0
2022-10-07 00:00:00+05:30,1339.8504060008383,1350.5036226697623,1334.1069778990357,1344.34326171875,3994466,0.0,0.0
2022-10-10 00:00:00+05:30,1321.3231599222415,1357.1272565773293,1321.3231599222415,1354.9503173828125,5274677,0.0,0.0
2022-10-11 00:00:00+05:30,1354.9502607640743,1370.6984944826747,1315.5333129003584,1318.9609375,12824774,0.0,0.0
2022-10-12 00:00:00+05:30,1331.1890112791366,1334.9870923135923,1309.4657563626213,1323.5001220703125,5481467,0.0,0.0
2022-10-13 00:00:00+05:30,1325.6307926334148,1332.0689961838943,1310.8089249310146,1315.34814453125,4821514,0.0,0.0
2022-10-14 00:00:00+05:30,1375.6546094511775,1383.9919101145179,1359.2115998095894,1365.6961669921875,14990688,0.0,0.0
2022-10-17 00:00:00+05:30,1368.150972904232,1384.9181872031604,1366.8540369352932,1380.239990234375,4286396,0.0,0.0
2022-10-18 00:00:00+05:30,1398.8136944110029,1399.693697529043,1387.0025191767377,1392.9775390625,4692004,0.0,0.0
2022-10-19 00:00:00+05:30,1393.2555591731843,1394.1355623321988,1372.2270796763926,1376.0714111328125,3553171,0.0,0.0
2022-10-20 00:00:00+05:30,1366.3908691505333,1393.2555031880693,1365.649730565025,1390.3837890625,4583939,0.0,0.0
2022-10-21 00:00:00+05:30,1389.8279554931294,1395.1082002613712,1381.5369059757884,1390.01318359375,3594485,0.0,0.0
2022-10-24 00:00:00+05:30,1406.6878543394778,1409.7449097265378,1399.7401039887723,1406.085693359375,982837,0.0,0.0
2022-10-25 00:00:00+05:30,1415.5810886849038,1420.0276945709174,1409.0502705745596,1413.9136962890625,3914341,0.0,0.0
2022-10-27 00:00:00+05:30,1433.5798469445867,1437.4194355162388,1416.4420233482358,1427.164794921875,6760137,16.5,0.0
2022-10-28 00:00:00+05:30,1429.0846644032401,1430.910775357409,1411.2913428936322,1417.1444091796875,3053981,0.0,0.0
2022-10-31 00:00:00+05:30,1433.0646978798516,1448.189043482002,1433.0646978798516,1439.9947509765625,4542336,0.0,0.0
2022-11-01 00:00:00+05:30,1454.4167894786017,1474.9727126677476,1448.8446017512358,1473.0997314453125,4542692,0.0,0.0
2022-11-02 00:00:00+05:30,1472.163207208946,1472.8655751513168,1446.8779612836015,1454.65087890625,2938906,0.0,0.0
2022-11-03 00:00:00+05:30,1441.0247609351713,1445.847709887298,1425.0107962035886,1433.5328369140625,3174027,0.0,0.0
2022-11-04 00:00:00+05:30,1423.8869979524864,1423.8869979524864,1405.8127990939815,1417.8466796875,4509682,0.0,0.0
2022-11-07 00:00:00+05:30,1424.776758364222,1430.8639469936122,1396.4010487186013,1411.712646484375,4898592,0.0,0.0
2022-11-09 00:00:00+05:30,1431.8940649851572,1431.8940649851572,1405.7659555205155,1415.2244873046875,3334755,0.0,0.0
2022-11-10 00:00:00+05:30,1390.6886624597873,1415.9739108681472,1390.6886624597873,1406.5621337890625,3435763,0.0,0.0
2022-11-11 00:00:00+05:30,1448.4231314014712,1473.5678797946769,1448.4231314014712,1470.3837890625,7214098,0.0,0.0
2022-11-14 00:00:00+05:30,1475.1132495160641,1490.3312223650648,1468.8386936584686,1484.61865234375,4908813,0.0,0.0
2022-11-15 00:00:00+05:30,1477.641645412607,1496.3714570965585,1472.865566296739,1492.7659912109375,3497614,0.0,0.0
2022-11-16 00:00:00+05:30,1495.7157640347261,1506.8131531443157,1492.2975509853743,1501.0069580078125,4497697,0.0,0.0
2022-11-17 00:00:00+05:30,1495.7627443908077,1501.007183218284,1482.4177533069233,1486.585205078125,3469515,0.0,0.0
2022-11-18 00:00:00+05:30,1490.6119989981225,1496.5119353338391,1475.440897445847,1492.2041015625,3126064,0.0,0.0
2022-11-21 00:00:00+05:30,1481.6217342048546,1487.0065550778356,1464.7181477072463,1468.6044921875,3071764,0.0,0.0
2022-11-22 00:00:00+05:30,1469.3538011186988,1487.1471231207734,1462.7983666968817,1484.384521484375,3399329,0.0,0.0
2022-11-23 00:00:00+05:30,1487.9900459529233,1490.8931441615555,1478.9997583994104,1482.605224609375,3245067,0.0,0.0
2022-11-24 00:00:00+05:30,1488.0834978738435,1532.098554135688,1484.1034129991024,1526.2923583984375,5282215,0.0,0.0
2022-11-25 00:00:00+05:30,1527.7907889701378,1539.5905476763803,1511.3085772600134,1531.7708740234375,4563255,0.0,0.0
2022-11-28 00:00:00+05:30,1524.6066619229134,1548.48717167662,1517.1147372942996,1520.298828125,3825766,0.0,0.0
2022-11-29 00:00:00+05:30,1518.2384235986972,1534.6738783664032,1512.4790982095546,1525.5899658203125,3131710,0.0,0.0
2022-11-30 00:00:00+05:30,1517.067875616915,1541.2293784079006,1510.699808237202,1531.115234375,11868134,0.0,0.0
2022-12-01 00:00:00+05:30,1551.015656120506,1566.3741245282433,1547.3634343050076,1551.8585205078125,5407928,0.0,0.0
2022-12-02 00:00:00+05:30,1550.8283861655038,1556.2600772064472,1530.1787233400257,1533.8779296875,4283343,0.0,0.0
2022-12-05 00:00:00+05:30,1533.9714931296692,1540.3864304174972,1520.2051280209669,1535.6103515625,3824966,0.0,0.0
2022-12-06 00:00:00+05:30,1521.7972115384105,1522.7337021301264,1505.455496440047,1510.4656982421875,4822398,0.0,0.0
2022-12-07 00:00:00+05:30,1505.8768710098102,1520.673468081389,1495.294481599639,1503.53564453125,4898087,0.0,0.0
2022-12-08 00:00:00+05:30,1503.535639045592,1520.7670887284646,1496.9802049295415,1517.2552490234375,4206837,0.0,0.0
2022-12-09 00:00:00+05:30,1524.6067189153207,1524.6067189153207,1461.9554740029873,1469.634765625,8880658,0.0,0.0
2022-12-12 00:00:00+05:30,1451.5604518684602,1466.4974314364129,1432.8775098440726,1448.938232421875,8037679,0.0,0.0
2022-12-13 00:00:00+05:30,1448.9380818821512,1477.3137902685858,1443.2723828460616,1472.3035888671875,6135067,0.0,0.0
2022-12-14 00:00:00+05:30,1481.5279921196093,1487.615180456384,1473.0995774994599,1479.0931396484375,4976020,0.0,0.0
2022-12-15 00:00:00+05:30,1469.6346699311841,1470.2901675909304,1437.7471208878828,1442.6636962890625,6443866,0.0,0.0
2022-12-16 00:00:00+05:30,1428.1482204855195,1451.092241076926,1416.020712471429,1425.5260009765625,9630453,0.0,0.0
2022-12-19 00:00:00+05:30,1412.181012144378,1420.5626719468778,1400.1003743657811,1411.619140625,6222740,0.0,0.0
2022-12-20 00:00:00+05:30,1405.6723293748962,1419.719687763053,1388.300383774464,1411.572265625,7396259,0.0,0.0
2022-12-21 00:00:00+05:30,1418.783271447071,1424.4022150963663,1406.9366423896,1413.679443359375,6236361,0.0,0.0
2022-12-22 00:00:00+05:30,1424.8703825134335,1432.783681993216,1415.7395995824402,1425.385498046875,6302640,0.0,0.0
2022-12-23 00:00:00+05:30,1412.8834103737136,1414.007267754237,1398.1805527662816,1402.0201416015625,6283822,0.0,0.0
2022-12-26 00:00:00+05:30,1405.2042873946561,1414.0073227883615,1401.3178281481162,1406.983642578125,4115459,0.0,0.0
2022-12-27 00:00:00+05:30,1414.0537519180007,1424.8233924179633,1402.3944911907677,1418.642578125,4860076,0.0,0.0
2022-12-28 00:00:00+05:30,1409.511887986456,1428.101202329995,1403.3310732899588,1414.2412109375,5029860,0.0,0.0
2022-12-29 00:00:00+05:30,1408.4818930852164,1424.683226545259,1405.6724212240092,1421.17138671875,4624745,0.0,0.0
2022-12-30 00:00:00+05:30,1430.9575981689939,1433.2051984118561,1408.5286946315782,1412.4150390625,5060544,0.0,0.0
2023-01-02 00:00:00+05:30,1417.846763951259,1429.552896414529,1408.5287282375762,1427.211669921875,3801140,0.0,0.0
2023-01-03 00:00:00+05:30,1423.3250447880514,1435.3121687570185,1418.8767149717241,1425.8536376953125,4551130,0.0,0.0
2023-01-04 00:00:00+05:30,1424.4020950067627,1424.4020950067627,1396.4010053183051,1399.8660888671875,7059590,0.0,0.0
2023-01-05 00:00:00+05:30,1410.2611937869729,1410.2611937869729,1375.938791008204,1381.5108642578125,9868404,0.0,0.0
2023-01-06 00:00:00+05:30,1376.6412629511672,1381.3237162265114,1354.6337325570498,1356.5067138671875,6443714,0.0,0.0
2023-01-09 00:00:00+05:30,1356.2256767734436,1394.7622888379901,1356.2256767734436,1390.1734619140625,11498717,0.0,0.0
2023-01-10 00:00:00+05:30,1387.8789916306982,1389.6583465347892,1361.7041265507055,1376.406982421875,7158624,0.0,0.0
2023-01-11 00:00:00+05:30,1376.6411543516356,1399.1169283002337,1371.022210864486,1377.811767578125,6173092,0.0,0.0
2023-01-12 00:00:00+05:30,1387.8321104596064,1390.6884523345761,1362.5937361257968,1386.56787109375,6591385,0.0,0.0
2023-01-13 00:00:00+05:30,1389.2837450958568,1422.903779047324,1374.768141422796,1408.154052734375,11610426,0.0,0.0
2023-01-16 00:00:00+05:30,1414.1007294931478,1430.9575593811455,1406.8897979903595,1428.6163330078125,6073063,0.0,0.0
2023-01-17 00:00:00+05:30,1430.0211622901613,1444.2557738432447,1427.21169045855,1441.727294921875,5922644,0.0,0.0
2023-01-18 00:00:00+05:30,1446.6439437557135,1453.2930045630997,1441.8209940041047,1447.252685546875,5843098,0.0,0.0
2023-01-19 00:00:00+05:30,1442.1017737225477,1451.1389300985147,1429.2250290804857,1441.165283203125,6165284,0.0,0.0
2023-01-20 00:00:00+05:30,1440.3224696586608,1446.8779035257678,1427.2116019244468,1428.6632080078125,6496429,0.0,0.0
2023-01-23 00:00:00+05:30,1437.5130007248517,1454.6508235941217,1431.0511930372077,1449.6873779296875,4855020,0.0,0.0
2023-01-24 00:00:00+05:30,1460.9253950530808,1469.1665583932827,1451.326366015072,1453.33984375,5200802,0.0,0.0
2023-01-25 00:00:00+05:30,1448.7509673063582,1457.1793827593365,1441.024919807795,1445.0050048828125,4158617,0.0,0.0
2023-01-27 00:00:00+05:30,1447.814426771755,1452.450009383952,1411.6659134946801,1422.669677734375,6209955,0.0,0.0
2023-01-30 00:00:00+05:30,1431.7067500905264,1445.9413602414752,1423.4655878024885,1441.0716552734375,6964719,0.0,0.0
2023-01-31 00:00:00+05:30,1450.5302621810438,1450.5302621810438,1416.9102279600907,1436.3424072265625,9448126,0.0,0.0
2023-02-01 00:00:00+05:30,1444.2556654298946,1456.2896603261233,1431.0044157396635,1452.5904541015625,6194199,0.0,0.0
2023-02-02 00:00:00+05:30,1453.4334155485399,1486.1637163893859,1453.4334155485399,1483.1669921875,6916834,0.0,0.0
2023-02-03 00:00:00+05:30,1496.0437650760916,1502.7396958709587,1473.099744891826,1497.8231201171875,7040194,0.0,0.0
2023-02-06 00:00:00+05:30,1496.5118898904536,1496.5118898904536,1462.4236112121387,1470.149658203125,4570612,0.0,0.0
2023-02-07 00:00:00+05:30,1469.3537888869607,1475.9560935124825,1456.3365463513178,1463.1729736328125,4336238,0.0,0.0
2023-02-08 00:00:00+05:30,1466.0760165337158,1501.194413608142,1466.0760165337158,1489.48828125,7983338,0.0,0.0
2023-02-09 00:00:00+05:30,1494.8262476746913,1516.8806469975686,1485.3209595535925,1514.3052978515625,6904911,0.0,0.0
2023-02-10 00:00:00+05:30,1510.5125572743648,1513.6498924248972,1495.0604614564386,1506.39208984375,4786762,0.0,0.0
2023-02-13 00:00:00+05:30,1495.5754417061576,1495.5754417061576,1466.544234008668,1467.902099609375,4001199,0.0,0.0
2023-02-14 00:00:00+05:30,1484.0565585430722,1494.6389476968263,1477.9226139084933,1492.0635986328125,5043736,0.0,0.0
2023-02-15 00:00:00+05:30,1483.4009456827828,1497.4483031229606,1475.909021714688,1495.6221923828125,3465747,0.0,0.0
2023-02-16 00:00:00+05:30,1498.3849499152032,1511.917193267045,1496.3714722752147,1500.0706787109375,4290289,0.0,0.0
2023-02-17 00:00:00+05:30,1492.7659027830766,1493.7023933117987,1475.4408280017171,1483.2137451171875,2857734,0.0,0.0
2023-02-20 00:00:00+05:30,1484.2907734230373,1501.1944749661757,1481.9964171141442,1491.314453125,2417716,0.0,0.0
2023-02-21 00:00:00+05:30,1497.1674632827064,1499.9301791189498,1475.9091725773583,1479.1868896484375,2723288,0.0,0.0
2023-02-22 00:00:00+05:30,1463.7347048279285,1474.9725912373558,1456.5237734422892,1462.6109619140625,3656244,0.0,0.0
2023-02-23 00:00:00+05:30,1470.149760417762,1470.149760417762,1449.827959919277,1452.2159423828125,4766854,0.0,0.0
2023-02-24 00:00:00+05:30,1460.9253538063083,1469.353769309037,1446.877994635094,1452.169189453125,2790986,0.0,0.0
2023-02-27 00:00:00+05:30,1442.1954037249197,1442.1954037249197,1406.6087638927463,1413.4451904296875,4920268,0.0,0.0
2023-02-28 00:00:00+05:30,1419.3450289458724,1427.211572286581,1387.2234722547096,1393.0765380859375,9679811,0.0,0.0
2023-03-01 00:00:00+05:30,1397.6185297683587,1405.5318292458812,1387.4107598361636,1401.0367431640625,5125043,0.0,0.0
2023-03-02 00:00:00+05:30,1390.6885444623579,1394.0598877672114,1374.1127065281696,1378.6546630859375,4644499,0.0,0.0
2023-03-03 00:00:00+05:30,1392.3273951584142,1395.183737206485,1379.4506494490292,1385.3505859375,4615015,0.0,0.0
2023-03-06 00:00:00+05:30,1399.6320097355872,1423.8402678058542,1398.3209000903332,1411.712646484375,6561742,0.0,0.0
2023-03-08 00:00:00+05:30,1395.8860508113924,1400.989878639518,1387.0361464232192,1397.8994140625,4137080,0.0,0.0
2023-03-09 00:00:00+05:30,1400.0534774989967,1403.1906982137984,1380.9490459792826,1386.3807373046875,5104656,0.0,0.0
2023-03-10 00:00:00+05:30,1367.2761402837575,1380.6680002615576,1365.0754104557427,1378.0926513671875,3699580,0.0,0.0
2023-03-13 00:00:00+05:30,1371.209495287346,1384.414104244787,1337.308581183309,1343.9576416015625,8798403,0.0,0.0
2023-03-14 00:00:00+05:30,1349.4829529668243,1356.3661360049541,1321.3882350008253,1329.816650390625,7402784,0.0,0.0
2023-03-15 00:00:00+05:30,1346.673471098705,1351.2154276056997,1326.866672217267,1329.4888916015625,7556182,0.0,0.0
2023-03-16 00:00:00+05:30,1327.7563810512163,1327.7563810512163,1309.869319640301,1314.9263916015625,7323117,0.0,0.0
2023-03-17 00:00:00+05:30,1339.1815763954655,1351.262328164951,1321.7628738597364,1330.47216796875,9090018,0.0,0.0
2023-03-20 00:00:00+05:30,1329.5357333317868,1329.5357333317868,1296.8990569629539,1314.505126953125,8221829,0.0,0.0
2023-03-21 00:00:00+05:30,1310.1501135735837,1315.7690561621766,1301.7216996906943,1302.377197265625,8536755,0.0,0.0
2023-03-22 00:00:00+05:30,1313.8962766555696,1317.8763615991093,1294.370471031391,1301.01953125,8356487,0.0,0.0
2023-03-23 00:00:00+05:30,1296.0560938352812,1296.0560938352812,1282.9920959575372,1287.253173828125,7607718,0.0,0.0
2023-03-24 00:00:00+05:30,1299.848758187791,1310.1032829954124,1290.0156083600016,1292.965576171875,7559127,0.0,0.0
2023-03-27 00:00:00+05:30,1298.2102902565748,1307.1069522998118,1286.8319048851017,1300.73876953125,4170193,0.0,0.0
2023-03-28 00:00:00+05:30,1303.6886115005107,1309.213929201167,1288.4706384321853,1290.1094970703125,6633366,0.0,0.0
2023-03-29 00:00:00+05:30,1291.4204409159593,1301.6282105568607,1277.8881984840543,1295.6815185546875,8813966,0.0,0.0
2023-03-31 00:00:00+05:30,1314.8328144023399,1339.1346999670975,1305.3742821195383,1337.26171875,8711975,0.0,0.0
2023-04-03 00:00:00+05:30,1343.863950499421,1343.863950499421,1315.9097302114565,1321.2476806640625,5242764,0.0,0.0
2023-04-05 00:00:00+05:30,1311.0869561116274,1336.8404498923917,1311.0869561116274,1333.141357421875,7506334,0.0,0.0
2023-04-06 00:00:00+05:30,1326.070630109961,1337.6831358925422,1320.779435593794,1331.595947265625,6948465,0.0,0.0
2023-04-10 00:00:00+05:30,1333.5157464016077,1342.9275226746292,1325.1342012444914,1336.9339599609375,4993788,0.0,0.0
2023-04-11 00:00:00+05:30,1338.1513511220319,1342.3186882844154,1300.7853558338913,1316.84619140625,6942255,0.0,0.0
2023-04-12 00:00:00+05:30,1323.3079968731429,1340.58620152549,1311.086749658181,1337.5894775390625,5831169,0.0,0.0
2023-04-13 00:00:00+05:30,1320.2175832221326,1321.4350666922073,1295.1664604335588,1300.97265625,11267238,0.0,0.0
2023-04-17 00:00:00+05:30,1170.8943052697248,1181.0552059573615,1110.0224130276456,1178.38623046875,53171705,0.0,0.0
2023-04-18 00:00:00+05:30,1189.296038916163,1189.296038916163,1173.5161971974424,1179.3692626953125,12430884,0.0,0.0
2023-04-19 00:00:00+05:30,1174.6870162100558,1174.6870162100558,1151.3216203738693,1153.9437255859375,11307230,0.0,0.0
2023-04-20 00:00:00+05:30,1152.5389495905642,1159.2348803248456,1143.829655496165,1145.70263671875,8621249,0.0,0.0
2023-04-21 00:00:00+05:30,1150.1041013596518,1154.9270508901977,1142.518550242077,1149.4017333984375,8691352,0.0,0.0
2023-04-24 00:00:00+05:30,1150.0104453082618,1151.8834264895454,1140.6455394018426,1148.41845703125,8313774,0.0,0.0
2023-04-25 00:00:00+05:30,1148.090668468442,1157.0341999172645,1137.8361415616966,1147.107421875,6808576,0.0,0.0
2023-04-26 00:00:00+05:30,1150.0103642668273,1154.6928168900636,1143.0335555852816,1149.5889892578125,5680192,0.0,0.0
2023-04-27 00:00:00+05:30,1151.8833473075476,1168.5529244021643,1147.5755137502608,1167.101318359375,8020704,0.0,0.0
2023-04-28 00:00:00+05:30,1175.9512001745147,1179.0416648802322,1165.8839262289528,1173.1885986328125,10118277,0.0,0.0
2023-05-02 00:00:00+05:30,1174.8741618938295,1198.473675951063,1174.8741618938295,1196.3197021484375,8886401,0.0,0.0
2023-05-03 00:00:00+05:30,1185.597028992456,1191.684217529937,1181.9446930064287,1188.5469970703125,5549783,0.0,0.0
2023-05-04 00:00:00+05:30,1188.3596544940103,1194.7747063063484,1182.3193360882024,1192.6676025390625,4505401,0.0,0.0
2023-05-05 00:00:00+05:30,1197.7714391140978,1197.7714391140978,1174.5932975049705,1179.13525390625,5373791,0.0,0.0
2023-05-08 00:00:00+05:30,1182.2725657925323,1189.6241087896717,1175.4830086350073,1185.2225341796875,5260842,0.0,0.0
2023-05-09 00:00:00+05:30,1185.597075154084,1191.2160186382266,1180.6336293493457,1189.99853515625,4969897,0.0,0.0
2023-05-10 00:00:00+05:30,1195.3366025408352,1195.3366025408352,1179.1821399903547,1183.021728515625,6515734,0.0,0.0
2023-05-11 00:00:00+05:30,1189.5770469129602,1194.868241053851,1173.469456185083,1176.32568359375,6888461,0.0,0.0
2023-05-12 00:00:00+05:30,1173.7503403280073,1176.232063006008,1160.3585948254781,1166.117919921875,8292212,0.0,0.0
2023-05-15 00:00:00+05:30,1170.5195619036792,1188.312882362726,1166.5394770641556,1178.432861328125,5534710,0.0,0.0
2023-05-16 00:00:00+05:30,1184.660624654707,1193.042169908385,1182.5535207768626,1184.005126953125,5236469,0.0,0.0
2023-05-17 00:00:00+05:30,1180.5400811541865,1180.8678300155434,1163.5427531280866,1167.710205078125,10465667,0.0,0.0
2023-05-18 00:00:00+05:30,1178.6670684889439,1179.650429364539,1163.5427221506357,1166.8673095703125,6948732,0.0,0.0
2023-05-19 00:00:00+05:30,1176.2791064985481,1192.433569934166,1173.2355119382144,1188.31298828125,11094136,0.0,0.0
2023-05-22 00:00:00+05:30,1192.1055186838032,1213.3170510598163,1189.577040098132,1210.6949462890625,7625947,0.0,0.0
2023-05-23 00:00:00+05:30,1216.6883887063207,1230.688990005352,1214.6750256238067,1217.4844970703125,7436031,0.0,0.0
2023-05-24 00:00:00+05:30,1213.9727320099048,1222.1201539760011,1209.2902793126789,1216.1734619140625,4824077,0.0,0.0
2023-05-25 00:00:00+05:30,1212.2869440400702,1223.9930752107932,1207.3703689483666,1221.5113525390625,4334121,0.0,0.0
2023-05-26 00:00:00+05:30,1223.0566479654947,1239.3983621978339,1223.0566479654947,1233.7794189453125,5521606,0.0,0.0
2023-05-29 00:00:00+05:30,1248.0609264704428,1248.0609264704428,1226.6621399885078,1230.9232177734375,4419365,0.0,0.0
2023-05-30 00:00:00+05:30,1231.485030999138,1242.1610457663946,1226.006584333136,1239.77294921875,6274719,0.0,0.0
2023-05-31 00:00:00+05:30,1236.027053313222,1246.5625722032387,1230.689102802692,1234.5755615234375,17800782,0.0,0.0
2023-06-01 00:00:00+05:30,1238.5556828638016,1245.0642467757525,1234.3882311230109,1235.6993408203125,4277841,0.0,0.0
2023-06-02 00:00:00+05:30,1242.3428286933458,1246.0442552499076,1230.0523176388706,1232.85205078125,10909311,17.5,0.0
2023-06-05 00:00:00+05:30,1237.59760459587,1242.770032905285,1231.2388288894117,1238.0721435546875,5002553,0.0,0.0
2023-06-06 00:00:00+05:30,1222.9816069364476,1222.9816069364476,1208.1760167054033,1213.8704833984375,10008100,0.0,0.0
2023-06-07 00:00:00+05:30,1224.7848375587337,1228.1066096869442,1217.1922155513955,1223.313720703125,5397578,0.0,0.0
2023-06-08 00:00:00+05:30,1220.703822624761,1226.208520218204,1215.8635490052707,1217.47705078125,5034942,0.0,0.0
2023-06-09 00:00:00+05:30,1217.1923928289245,1217.1923928289245,1199.6344518797355,1201.485107421875,5339073,0.0,0.0
2023-06-12 00:00:00+05:30,1208.6504514414398,1229.719930048322,1208.175912591247,1226.160888671875,4785588,0.0,0.0
2023-06-13 00:00:00+05:30,1233.706285920123,1239.9701763842845,1231.0014372940336,1238.4041748046875,4846587,0.0,0.0
2023-06-14 00:00:00+05:30,1239.8278752926387,1240.160029382451,1227.3474778998798,1234.180908203125,3457981,0.0,0.0
2023-06-15 00:00:00+05:30,1228.059128772096,1228.059128772096,1217.3346195305912,1221.2733154296875,6161155,0.0,0.0
2023-06-16 00:00:00+05:30,1221.4633511690595,1235.2249817766365,1215.8163835717862,1225.8765869140625,8536287,0.0,0.0
2023-06-19 00:00:00+05:30,1228.1068115234375,1233.3267400113657,1221.510766412205,1228.1068115234375,4451787,0.0,0.0
2023-06-20 00:00:00+05:30,1228.1067213313888,1238.5465775405428,1225.3543724326753,1237.028076171875,4009180,0.0,0.0
2023-06-21 00:00:00+05:30,1233.7537497317826,1237.4077922708432,1229.055860544753,1233.184326171875,4041529,0.0,0.0
2023-06-22 00:00:00+05:30,1223.740886657653,1223.740886657653,1208.6505271059807,1216.2906494140625,6676607,0.0,0.0
2023-06-23 00:00:00+05:30,1211.4503912779653,1214.2027402501333,1199.017494449738,1200.58349609375,7239467,0.0,0.0
2023-06-26 00:00:00+05:30,1205.5661261290436,1209.1251680286568,1197.9735034098683,1205.6610107421875,3403244,0.0,0.0
2023-06-27 00:00:00+05:30,1214.8197545958758,1216.717910462432,1209.3150562411674,1214.0130615234375,3240024,0.0,0.0
2023-06-28 00:00:00+05:30,1224.3104803974434,1230.6692559306819,1216.148433698974,1227.4898681640625,5662358,0.0,0.0
2023-06-30 00:00:00+05:30,1241.5836573675615,1270.7204182911057,1238.024615257097,1267.4935302734375,12821692,0.0,0.0
2023-07-03 00:00:00+05:30,1262.2734926096066,1277.4587376334816,1260.8023756562286,1265.7850341796875,7732412,0.0,0.0
2023-07-04 00:00:00+05:30,1275.8454066036068,1277.4587926151432,1263.60227910532,1276.652099609375,5797775,0.0,0.0
2023-07-05 00:00:00+05:30,1288.7053287056738,1288.800213319331,1272.7133901877326,1278.692626953125,5414936,0.0,0.0
2023-07-06 00:00:00+05:30,1274.1844663632921,1278.8348549715627,1269.0594229934848,1275.4656982421875,5963897,0.0,0.0
2023-07-07 00:00:00+05:30,1266.0697988565291,1277.268963359019,1257.8602526271318,1262.4632568359375,6295647,0.0,0.0
2023-07-10 00:00:00+05:30,1268.489873104064,1273.5674157356068,1252.11828243282,1261.4666748046875,3940315,0.0,0.0
2023-07-11 00:00:00+05:30,1265.5478387081876,1282.1093170430452,1259.4263327917743,1279.9263916015625,6126128,0.0,0.0
2023-07-12 00:00:00+05:30,1282.2042725248696,1283.0584658254527,1259.426402398595,1265.4056396484375,8102770,0.0,0.0
2023-07-13 00:00:00+05:30,1266.9240762093295,1306.6904622705142,1263.0802644808616,1295.586181640625,9977644,0.0,0.0
2023-07-14 00:00:00+05:30,1310.344366986501,1357.1813360782141,1310.344366986501,1353.3375244140625,12833381,0.0,0.0
2023-07-17 00:00:00+05:30,1353.3373455004703,1384.656910654081,1342.2806826068859,1350.4901123046875,11569884,0.0,0.0
2023-07-18 00:00:00+05:30,1360.977628992627,1402.689553916086,1356.232239770198,1400.07958984375,16743977,0.0,0.0
2023-07-19 00:00:00+05:30,1410.3296414156002,1422.4778838610052,1386.3179262126616,1399.84228515625,13687062,0.0,0.0
2023-07-20 00:00:00+05:30,1396.0935284291188,1396.0935284291188,1367.3364230042164,1375.6883544921875,8347221,0.0,0.0
2023-07-21 00:00:00+05:30,1252.9724819521573,1281.2550471115694,1238.5465455411838,1263.7919921875,45548305,0.0,0.0
2023-07-24 00:00:00+05:30,1272.713318970938,1281.1601344899118,1266.3070438754467,1268.537353515625,8859789,0.0,0.0
2023-07-25 00:00:00+05:30,1268.9170922496144,1274.4691745310197,1256.8163495972713,1266.6392822265625,6801982,0.0,0.0
2023-07-26 00:00:00+05:30,1274.611613770737,1281.2551590398325,1271.1949565174777,1280.1636962890625,5528885,0.0,0.0
2023-07-27 00:00:00+05:30,1289.4171790586518,1294.352453525993,1278.4553991042765,1284.2447509765625,9191861,0.0,0.0
2023-07-28 00:00:00+05:30,1284.9090580635998,1294.3998368148239,1267.9680411635118,1272.2388916015625,6122735,0.0,0.0
2023-07-31 00:00:00+05:30,1280.0687502059716,1288.3731813935915,1265.3580435307595,1286.664794921875,7902180,0.0,0.0
2023-08-01 00:00:00+05:30,1292.644149289172,1299.2876948435216,1287.8987596074937,1295.68115234375,6064652,0.0,0.0
2023-08-02 00:00:00+05:30,1299.5723140372081,1302.0872775937983,1279.7839486732953,1287.7562255859375,7419145,0.0,0.0
2023-08-03 00:00:00+05:30,1281.2550452536098,1296.9623293722977,1280.3059674423107,1294.826904296875,6503741,0.0,0.0
2023-08-04 00:00:00+05:30,1299.1927592188438,1315.3270835031713,1292.6440985443578,1308.1614990234375,5712345,0.0,0.0
2023-08-07 00:00:00+05:30,1317.2251558795901,1323.9635853654431,1306.8801842639537,1322.0654296875,3729093,0.0,0.0
2023-08-08 00:00:00+05:30,1321.9231607192773,1322.5875847773373,1313.9034986186628,1319.4080810546875,4161877,0.0,0.0
2023-08-09 00:00:00+05:30,1313.5238534788593,1324.9127886246297,1312.100236585638,1323.394287109375,4090828,0.0,0.0
2023-08-10 00:00:00+05:30,1320.73670828861,1324.7229047572628,1315.0422412084458,1318.364013671875,3873025,0.0,0.0
2023-08-11 00:00:00+05:30,1321.116497444652,1325.7195023001016,1297.4370490943627,1301.9925537109375,5783517,0.0,0.0
2023-08-14 00:00:00+05:30,1301.9923447610038,1323.9635187993792,1296.0606085656661,1322.58740234375,4304135,0.0,0.0
2023-08-16 00:00:00+05:30,1338.9589930586214,1347.642962157537,1333.833949819538,1346.266845703125,7735313,0.0,0.0
2023-08-17 00:00:00+05:30,1347.6905600057007,1347.6905600057007,1334.4034699774754,1339.6708984375,5618346,0.0,0.0
2023-08-18 00:00:00+05:30,1332.220389403959,1336.9657781470864,1315.5641444281114,1318.0792236328125,5134103,0.0,0.0
2023-08-21 00:00:00+05:30,1318.9808933993697,1335.3524857081586,1316.513314251209,1333.833984375,3032722,0.0,0.0
2023-08-22 00:00:00+05:30,1333.1696440453838,1334.450991859419,1325.5296366677576,1332.26806640625,2890714,0.0,0.0
2023-08-23 00:00:00+05:30,1343.8943964093405,1344.4638200166314,1334.071462657282,1336.2542724609375,2559125,0.0,0.0
2023-08-24 00:00:00+05:30,1349.1141374590973,1352.4834101025679,1342.4230924054214,1351.107177734375,5171963,0.0,0.0
2023-08-25 00:00:00+05:30,1341.047092442583,1350.063332625318,1339.528590951075,1347.7855224609375,4307172,0.0,0.0
2023-08-28 00:00:00+05:30,1347.7854840441626,1352.2462196252268,1339.5285527696528,1343.5621337890625,3133464,0.0,0.0
2023-08-29 00:00:00+05:30,1351.4868261107933,1351.8664804125688,1343.2298953547568,1345.460205078125,3074444,0.0,0.0
2023-08-30 00:00:00+05:30,1354.333962815741,1363.4925863658223,1351.4867295372214,1362.0689697265625,3070887,0.0,0.0
2023-08-31 00:00:00+05:30,1362.0691059218414,1371.3226150023013,1355.9000998682013,1362.353759765625,9792735,0.0,0.0
2023-09-01 00:00:00+05:30,1358.082922196826,1372.366590381703,1355.4729580726562,1370.3260498046875,3582133,0.0,0.0
2023-09-04 00:00:00+05:30,1369.5194199781222,1395.1445234704363,1361.6420270073086,1390.4940185546875,4609014,0.0,0.0
2023-09-05 00:00:00+05:30,1390.3991028092184,1404.6827713333548,1382.3319407792674,1403.59130859375,5496840,0.0,0.0
2023-09-06 00:00:00+05:30,1406.4384315927011,1407.3875094039042,1388.7856074751687,1402.2149658203125,5075786,0.0,0.0
2023-09-07 00:00:00+05:30,1395.7138073410727,1398.3712715567144,1387.599261559934,1391.537841796875,4411743,0.0,0.0
2023-09-08 00:00:00+05:30,1388.9754188545974,1399.6525445547095,1385.843415640873,1394.7647705078125,3125838,0.0,0.0
2023-09-11 00:00:00+05:30,1394.7648308962373,1402.784608504087,1389.9245568734652,1401.2659912109375,4182226,0.0,0.0
2023-09-12 00:00:00+05:30,1407.0079414013696,1427.4131155936998,1401.8828977357055,1424.6607666015625,6793161,0.0,0.0
2023-09-13 00:00:00+05:30,1428.3621721582897,1428.3621721582897,1412.8447723957217,1422.05078125,4804686,0.0,0.0
2023-09-14 00:00:00+05:30,1428.3621131550806,1435.5276970079474,1422.8100311020337,1430.2127685546875,6444213,0.0,0.0
2023-09-15 00:00:00+05:30,1440.7002202288666,1441.0798745512886,1432.1585193184187,1434.6260986328125,8657816,0.0,0.0
2023-09-18 00:00:00+05:30,1428.267370107953,1428.267370107953,1412.2279302561053,1415.83447265625,3991916,0.0,0.0
2023-09-20 00:00:00+05:30,1401.0288118911137,1418.9664081689937,1401.0288118911137,1414.3634033203125,4169337,0.0,0.0
2023-09-21 00:00:00+05:30,1410.8517724894755,1427.9351743734753,1400.838954487993,1425.2777099609375,6779195,0.0,0.0
2023-09-22 00:00:00+05:30,1415.929309642692,1430.2128621969134,1409.5704183462783,1419.962890625,5455613,0.0,0.0
2023-09-25 00:00:00+05:30,1413.9837290940338,1413.9837290940338,1396.615672509019,1399.083251953125,4217863,0.0,0.0
2023-09-26 00:00:00+05:30,1403.8285706791507,1404.540379089813,1384.7046282085087,1386.2706298828125,3996528,0.0,0.0
2023-09-27 00:00:00+05:30,1381.8573845965407,1394.7648205125847,1376.210417587719,1392.2972412109375,3863586,0.0,0.0
2023-09-28 00:00:00+05:30,1393.1513579600842,1397.6119773813948,1361.9266744482306,1366.1500244140625,5814602,0.0,0.0
2023-09-29 00:00:00+05:30,1359.1743721242103,1373.125886096519,1343.8942418391173,1362.353759765625,6068968,0.0,0.0
2023-10-03 00:00:00+05:30,1362.9233171016476,1363.8248947335087,1347.9753406979924,1360.9776611328125,4181867,0.0,0.0
2023-10-04 00:00:00+05:30,1352.4359043163458,1376.115349773036,1345.9821287470402,1370.800537109375,4510406,0.0,0.0
2023-10-05 00:00:00+05:30,1378.0610831205893,1400.506798175597,1376.3526965932092,1388.927978515625,7384621,0.0,0.0
2023-10-06 00:00:00+05:30,1394.6698973295106,1408.906065046382,1388.7856610148956,1403.4013671875,3598672,0.0,0.0
2023-10-09 00:00:00+05:30,1390.3041925325829,1415.0751017259533,1387.7416127754695,1400.31689453125,3567552,0.0,0.0
2023-10-10 00:00:00+05:30,1408.3367891089576,1420.7696870472064,1394.290389147823,1419.013916015625,5688951,0.0,0.0
2023-10-11 00:00:00+05:30,1420.769458978731,1440.9373621205468,1406.0112529262074,1418.3018798828125,7220129,0.0,0.0
2023-10-12 00:00:00+05:30,1415.9292125939835,1427.79268525823,1378.0609846788639,1390.87353515625,11081662,0.0,0.0
2023-10-13 00:00:00+05:30,1333.454417488394,1364.77398743652,1328.7090281023143,1358.2728271484375,17973439,0.0,0.0
2023-10-16 00:00:00+05:30,1359.1743392210635,1370.0887342825165,1357.1812989459045,1361.1199951171875,4850745,0.0,0.0
2023-10-17 00:00:00+05:30,1366.9093895003193,1379.3422863103474,1364.8214645475139,1368.997314453125,3923764,0.0,0.0
2023-10-18 00:00:00+05:30,1368.570330479165,1379.9592652681733,1365.1061729766614,1367.1942138671875,4264837,0.0,0.0
2023-10-19 00:00:00+05:30,1353.4798021442552,1366.339852435891,1353.4798021442552,1360.6453857421875,6795691,0.0,0.0
2023-10-20 00:00:00+05:30,1357.1812530105972,1365.248414304716,1352.6731334638837,1354.5712890625,3928622,0.0,0.0
2023-10-23 00:00:00+05:30,1353.005279289947,1359.4115543962955,1333.691569362393,1336.91845703125,2636516,0.0,0.0
2023-10-25 00:00:00+05:30,1344.9458943551224,1348.3587775546557,1308.7025815988666,1317.114501953125,6940777,18.0,0.0
2023-10-26 00:00:00+05:30,1302.6940498987915,1320.9118187987838,1300.819322975117,1306.9239501953125,6357656,0.0,0.0
2023-10-27 00:00:00+05:30,1310.9616547992175,1331.4867153521186,1310.9616547992175,1327.016357421875,4634358,0.0,0.0
2023-10-30 00:00:00+05:30,1327.0162969362996,1327.0162969362996,1310.4327988908606,1323.8438720703125,2667696,0.0,0.0
2023-10-31 00:00:00+05:30,1326.6317393233992,1327.7854443916494,1310.3366967492134,1315.528076171875,3451595,0.0,0.0
2023-11-01 00:00:00+05:30,1319.9985056410244,1324.228405726366,1299.4253296877127,1301.8287353515625,3090672,0.0,0.0
2023-11-02 00:00:00+05:30,1317.0663434741273,1323.1229728710377,1309.0389917857558,1317.2105712890625,3758060,0.0,0.0
2023-11-03 00:00:00+05:30,1326.7281102555007,1338.2163429825457,1324.516929988651,1335.38037109375,3349045,0.0,0.0
2023-11-06 00:00:00+05:30,1340.0430044149878,1352.877168328979,1337.0628045979033,1349.079833984375,2736381,0.0,0.0
2023-11-07 00:00:00+05:30,1345.9072328244042,1351.5792939192095,1340.9561934614692,1350.0411376953125,2272209,0.0,0.0
2023-11-08 00:00:00+05:30,1350.7140775415899,1350.7140775415899,1332.8807593271897,1337.2550048828125,3550635,0.0,0.0
2023-11-09 00:00:00+05:30,1341.9656288206845,1343.5037849964333,1317.1144373775558,1321.680908203125,5498051,0.0,0.0
2023-11-10 00:00:00+05:30,1317.0182905327597,1320.0947204325528,1308.4141445326438,1315.9608154296875,2943649,0.0,0.0
2023-11-13 00:00:00+05:30,1326.535760188536,1329.0352787241643,1317.8834993971936,1320.479248046875,3462092,0.0,0.0
2023-11-15 00:00:00+05:30,1344.945798877282,1359.3662327465881,1339.1776253295595,1356.00146484375,8551860,0.0,0.0
2023-11-16 00:00:00+05:30,1361.3851069731406,1397.2439671097416,1356.097614410863,1389.0723876953125,6673907,0.0,0.0
2023-11-17 00:00:00+05:30,1385.3712378944508,1394.9367461730697,1379.6030638923567,1382.0064697265625,4901251,0.0,0.0
2023-11-20 00:00:00+05:30,1386.2843973217946,1395.8980200494077,1378.2570458149964,1381.093017578125,3584210,0.0,0.0
2023-11-21 00:00:00+05:30,1386.2843552855172,1393.9752532343966,1381.237203506565,1383.4002685546875,3793135,0.0,0.0
2023-11-22 00:00:00+05:30,1380.7083593300426,1402.5793496118126,1380.7083593300426,1401.473876953125,3108786,0.0,0.0
2023-11-23 00:00:00+05:30,1411.1837023014712,1411.1837023014712,1391.7641139980717,1393.2542724609375,3186928,0.0,0.0
2023-11-24 00:00:00+05:30,1389.6973087712938,1396.522957576825,1378.4492995375242,1381.8621826171875,2973195,0.0,0.0
2023-11-28 00:00:00+05:30,1388.2070932609774,1389.1684555139282,1371.9120500149772,1386.957275390625,3755373,0.0,0.0
2023-11-29 00:00:00+05:30,1395.032766408813,1404.2618207292774,1393.7830658701937,1403.204345703125,3875778,0.0,0.0
2023-11-30 00:00:00+05:30,1397.0997797382327,1404.2138843168973,1393.5427861257995,1398.9263916015625,10120867,0.0,0.0
2023-12-01 00:00:00+05:30,1403.492730780569,1403.492730780569,1390.274000233607,1396.1864013671875,3489187,0.0,0.0
2023-12-04 00:00:00+05:30,1404.0214158015515,1415.0290836998097,1393.3023208663506,1407.770751953125,5511948,0.0,0.0
2023-12-05 00:00:00+05:30,1409.1648194438199,1410.2222944378952,1386.2843511722765,1397.7725830078125,5123039,0.0,0.0
2023-12-06 00:00:00+05:30,1400.464591806758,1419.9321792336239,1394.9848733984943,1417.3365478515625,5269178,0.0,0.0
2023-12-07 00:00:00+05:30,1415.9424072165132,1415.9424072165132,1405.3194244603783,1409.260986328125,4424453,0.0,0.0
2023-12-08 00:00:00+05:30,1413.5871328983626,1436.9481661035304,1409.597455929151,1433.535400390625,6323433,0.0,0.0
2023-12-11 00:00:00+05:30,1432.4298364282415,1440.1207348788628,1424.73893797762,1430.98779296875,3862018,0.0,0.0
2023-12-12 00:00:00+05:30,1420.412727151834,1432.4297553003266,1410.9433324415797,1419.018798828125,6103494,0.0,0.0
2023-12-13 00:00:00+05:30,1418.9706970593943,1419.018812113955,1377.7763476514297,1393.013916015625,8549258,0.0,0.0
2023-12-14 00:00:00+05:30,1406.857612838719,1452.618434833256,1404.8867731828336,1443.4373779296875,12489858,0.0,0.0
2023-12-15 00:00:00+05:30,1464.202925794702,1527.1721576419056,1462.2320861007129,1517.414306640625,18395389,0.0,0.0
2023-12-18 00:00:00+05:30,1507.367985333549,1531.4501581135773,1500.0136575533297,1503.9071044921875,6467243,0.0,0.0
2023-12-19 00:00:00+05:30,1509.4349472873578,1513.1361687292908,1483.6223926007674,1498.0909423828125,4221721,0.0,0.0
2023-12-20 00:00:00+05:30,1504.580039292656,1522.3171258988723,1470.8842454217079,1477.0369873046875,6592367,0.0,0.0
2023-12-21 00:00:00+05:30,1462.4723721543946,1486.890997599005,1462.4723721543946,1476.6524658203125,5319038,0.0,0.0
2023-12-22 00:00:00+05:30,1475.6429166255464,1505.4932609831062,1464.154684851386,1502.5130615234375,6741060,0.0,0.0
2023-12-26 00:00:00+05:30,1475.691142373228,1488.1888523737832,1464.1547946804083,1484.2952880859375,6878067,0.0,0.0
2023-12-27 00:00:00+05:30,1484.3433364104721,1509.3387552878505,1484.3433364104721,1506.55078125,4225849,0.0,0.0
2023-12-28 00:00:00+05:30,1508.3292166862195,1508.3292166862195,1494.9182605826363,1502.272705078125,5702253,0.0,0.0
2023-12-29 00:00:00+05:30,1481.5075138445175,1499.1964874096525,1480.498036423616,1483.2860107421875,4388990,0.0,0.0
2024-01-01 00:00:00+05:30,1479.5366225500268,1496.8411444511967,1475.9315138206164,1491.409423828125,2808451,0.0,0.0
2024-01-02 00:00:00+05:30,1486.2661594193387,1489.2944742239738,1464.1548258704092,1475.1143798828125,5396313,0.0,0.0
2024-01-03 00:00:00+05:30,1461.2226876874497,1461.2226876874497,1430.5072069001678,1432.429931640625,7550363,0.0,0.0
2024-01-04 00:00:00+05:30,1446.8021278177912,1461.0303366161402,1435.2177826642023,1454.252685546875,7056038,0.0,0.0
2024-01-05 00:00:00+05:30,1448.532621558546,1480.2094618779236,1448.051940416499,1473.3358154296875,8895403,0.0,0.0
2024-01-08 00:00:00+05:30,1469.8748085428847,1476.6524595467752,1454.781467714295,1463.9625244140625,4440136,0.0,0.0
2024-01-09 00:00:00+05:30,1482.3245674013037,1492.9956655581655,1466.89465540363,1470.21142578125,4412074,0.0,0.0
2024-01-10 00:00:00+05:30,1466.029369674196,1476.1236736674186,1446.8502390285905,1461.174560546875,4096845,0.0,0.0
2024-01-11 00:00:00+05:30,1465.9814228857829,1466.077535646869,1429.1611991473617,1436.467529296875,11296088,0.0,0.0
2024-01-12 00:00:00+05:30,1501.6479944061484,1555.484286139019,1495.3030263512492,1550.4371337890625,26754401,0.0,0.0
2024-01-15 00:00:00+05:30,1581.3928377800241,1600.6200834072047,1572.7886923033784,1588.2666015625,13228305,0.0,0.0
2024-01-16 00:00:00+05:30,1581.2487929441481,1584.8057865912774,1562.2137720417506,1568.5107421875,6500917,0.0,0.0
2024-01-17 00:00:00+05:30,1557.6472848471606,1583.844407829469,1557.6472848471606,1576.826416015625,9209876,0.0,0.0
2024-01-18 00:00:00+05:30,1579.1817820479896,1585.2864090913179,1565.338141663395,1579.1336669921875,6375464,0.0,0.0
2024-01-19 00:00:00+05:30,1587.7858336178035,1601.148792068902,1580.6237319547474,1595.0921630859375,4522736,0.0,0.0
2024-01-23 00:00:00+05:30,1586.343832786963,1609.993320778504,1574.4229173595988,1578.7010498046875,9401255,0.0,0.0
2024-01-24 00:00:00+05:30,1595.765266547254,1615.0886248379493,1581.4409451538254,1610.6663818359375,8999681,0.0,0.0
2024-01-25 00:00:00+05:30,1608.3109624792746,1615.6174096135105,1593.9386434858618,1604.6097412109375,8865304,0.0,0.0
2024-01-29 00:00:00+05:30,1600.8124680993892,1614.4637659098305,1583.9405126792153,1592.5927734375,4253785,0.0,0.0
2024-01-30 00:00:00+05:30,1598.2167089344066,1624.7022872449177,1584.5654112138673,1587.6417236328125,4995943,0.0,0.0
2024-01-31 00:00:00+05:30,1584.5653067342696,1602.8311892326474,1574.8074565604313,1596.7265625,6763779,0.0,0.0
2024-02-01 00:00:00+05:30,1595.4287962912194,1612.2045208999132,1586.584193027257,1593.025390625,5760011,0.0,0.0
2024-02-02 00:00:00+05:30,1601.6777307925615,1652.1011372395883,1600.668253420957,1627.9228515625,7858483,0.0,0.0
2024-02-05 00:00:00+05:30,1629.2688306775033,1635.0370047350723,1616.8672329829697,1622.010498046875,3634135,0.0,0.0
2024-02-06 00:00:00+05:30,1621.5778077302,1666.0408126850077,1609.2723237417308,1662.6279296875,7694265,0.0,0.0
2024-02-07 00:00:00+05:30,1662.1953936519833,1662.1953936519833,1621.6739497980948,1628.307373046875,4613877,0.0,0.0
2024-02-08 00:00:00+05:30,1632.393130184841,1640.4204816475594,1617.7804706606282,1626.7210693359375,5919715,0.0,0.0
2024-02-09 00:00:00+05:30,1619.606985174379,1627.4902262777873,1595.6691583001955,1604.85009765625,4600004,0.0,0.0
2024-02-12 00:00:00+05:30,1605.811531809379,1627.5382968256615,1605.811531809379,1615.184814453125,3555808,0.0,0.0
2024-02-13 00:00:00+05:30,1617.9726101777746,1623.8368962269726,1599.2260469582461,1619.4627685546875,2696481,0.0,0.0
2024-02-14 00:00:00+05:30,1596.0537253184355,1604.9463270491935,1572.3081222329592,1601.8218994140625,3768579,0.0,0.0
2024-02-15 00:00:00+05:30,1612.2044987791512,1622.5391430020945,1597.3994966076186,1611.57958984375,4834391,0.0,0.0
2024-02-16 00:00:00+05:30,1623.7409648134922,1642.968211288489,1622.731487432035,1635.9022216796875,4880654,0.0,0.0
2024-02-19 00:00:00+05:30,1639.1225911266822,1645.3714455796578,1622.490977718017,1634.075439453125,3690993,0.0,0.0
2024-02-20 00:00:00+05:30,1619.895523675665,1628.7881252151305,1604.2733858360627,1620.1358642578125,3706389,0.0,0.0
2024-02-21 00:00:00+05:30,1609.320584627967,1609.320584627967,1581.729531940562,1591.58349609375,4300508,0.0,0.0
2024-02-22 00:00:00+05:30,1600.6682245239977,1619.510902074662,1580.8641846763217,1616.386474609375,5841277,0.0,0.0
2024-02-23 00:00:00+05:30,1631.4317759907635,1632.8257043439937,1607.3016064283056,1612.060302734375,5373072,0.0,0.0
2024-02-26 00:00:00+05:30,1610.2338297480162,1610.2338297480162,1581.441074154028,1596.0057373046875,2782438,0.0,0.0
2024-02-27 00:00:00+05:30,1596.8227471676216,1606.5324827253958,1588.9396234127066,1599.322265625,5159088,0.0,0.0
2024-02-28 00:00:00+05:30,1605.4750549270755,1622.5873509570388,1597.8322715172949,1606.6767578125,3188916,0.0,0.0
2024-02-29 00:00:00+05:30,1600.6680959372443,1617.2515942284858,1589.4202049073078,1609.2242431640625,7814722,0.0,0.0
2024-03-01 00:00:00+05:30,1604.5136407879365,1607.3496125644087,1587.2091197968145,1590.76611328125,6387291,0.0,0.0
2024-03-04 00:00:00+05:30,1593.7944150788564,1600.139382587033,1570.5294950976115,1573.9422607421875,4445156,0.0,0.0
2024-03-05 00:00:00+05:30,1570.8659288802326,1574.086468972356,1540.1023366377801,1544.428466796875,4596579,0.0,0.0
2024-03-06 00:00:00+05:30,1540.8714208560284,1557.5510319856057,1515.1068662897885,1555.051513671875,6420684,0.0,0.0
2024-03-07 00:00:00+05:30,1554.1383684498298,1565.5304889505271,1542.2174517093579,1553.994140625,6348359,0.0,0.0
2024-03-11 00:00:00+05:30,1546.0148020133513,1551.446522464346,1526.643328250248,1538.7564697265625,6752895,0.0,0.0
2024-03-12 00:00:00+05:30,1538.179677636585,1562.2137350996566,1535.9204997058155,1550.6292724609375,4614222,0.0,0.0
2024-03-13 00:00:00+05:30,1550.5812035377992,1561.7329822176875,1536.785678658404,1549.13916015625,5688997,0.0,0.0
2024-03-14 00:00:00+05:30,1552.0232723085692,1593.6983032463334,1545.8705303092167,1589.4202880859375,8803799,0.0,0.0
2024-03-15 00:00:00+05:30,1577.6916155196645,1582.2100886516137,1555.8206236318867,1570.865966796875,11809997,0.0,0.0
2024-03-18 00:00:00+05:30,1567.0205300379491,1569.5681635728802,1537.074071284563,1540.727294921875,4958904,0.0,0.0
2024-03-19 00:00:00+05:30,1530.8252596452844,1537.2183425142427,1497.8024875779802,1501.119140625,6870411,0.0,0.0
2024-03-20 00:00:00+05:30,1502.6092525994748,1514.097484972457,1492.3707207856676,1494.8702392578125,4759059,0.0,0.0
2024-03-21 00:00:00+05:30,1503.5705989163719,1516.020193442864,1483.7665595113776,1494.6298828125,11062497,0.0,0.0
2024-03-22 00:00:00+05:30,1462.2319662822674,1469.8267514450895,1440.3128602801103,1450.5513916015625,14673890,0.0,0.0
2024-03-26 00:00:00+05:30,1434.3525080454037,1449.2055081878689,1430.41094620585,1434.9774169921875,8351081,0.0,0.0
2024-03-27 00:00:00+05:30,1438.1980317215819,1441.0821186835904,1424.306393129427,1426.5174560546875,6857402,0.0,0.0
2024-03-28 00:00:00+05:30,1429.6899508266822,1453.387554709184,1429.6899508266822,1440.1688232421875,12499530,0.0,0.0
2024-04-01 00:00:00+05:30,1466.0774920604706,1470.8361884538372,1435.1216732679904,1437.669189453125,6580002,0.0,0.0
2024-04-02 00:00:00+05:30,1427.4787548291838,1435.4581086770484,1423.6333057176912,1425.5560302734375,7279400,0.0,0.0
2024-04-03 00:00:00+05:30,1421.854768854572,1437.332677620838,1418.0093198515847,1423.4410400390625,8736248,0.0,0.0
2024-04-04 00:00:00+05:30,1432.9585406732908,1437.8614646501408,1411.2797751153907,1429.2572021484375,11186915,0.0,0.0
2024-04-05 00:00:00+05:30,1422.8644144632087,1429.2573803038363,1419.0189650053617,1421.9510498046875,5072482,0.0,0.0
2024-04-08 00:00:00+05:30,1425.7001836634586,1433.3429664320747,1417.144036366265,1419.6435546875,6610887,0.0,0.0
2024-04-09 00:00:00+05:30,1432.42982355354,1455.3102931800076,1429.8341922913037,1437.0924072265625,9423230,0.0,0.0
2024-04-10 00:00:00+05:30,1442.3799530857132,1451.5128952507325,1427.190498634067,1448.580810546875,6744595,0.0,0.0
2024-04-12 00:00:00+05:30,1445.888914905708,1448.5807763164664,1422.3355382998636,1427.3826904296875,12275616,0.0,0.0
2024-04-15 00:00:00+05:30,1422.8161919534118,1434.3044243996258,1404.5984234641753,1411.424072265625,8531224,0.0,0.0
2024-04-16 00:00:00+05:30,1394.9366663519509,1398.9263432791952,1358.4530148178953,1359.798828125,16173541,0.0,0.0
2024-04-18 00:00:00+05:30,1366.192071172371,1388.8802001423792,1353.1175661179432,1364.41357421875,22107945,0.0,0.0
2024-04-19 00:00:00+05:30,1331.4867740222267,1371.719762459648,1325.4782596990215,1356.7225341796875,20603621,0.0,0.0
2024-04-22 00:00:00+05:30,1365.0383635258054,1381.333407692064,1358.453055191947,1377.391845703125,5859087,0.0,0.0
2024-04-23 00:00:00+05:30,1387.2458613180056,1390.9470828687797,1377.6322378854484,1386.6690673828125,4856174,0.0,0.0
2024-04-24 00:00:00+05:30,1388.4956223694112,1388.4956223694112,1371.9121226282693,1375.4691162109375,4268213,0.0,0.0
2024-04-25 00:00:00+05:30,1365.1344941717352,1389.0724394064925,1365.1344941717352,1382.87158203125,9089398,0.0,0.0
2024-04-26 00:00:00+05:30,1384.0733528171797,1389.553188721318,1371.8640976979002,1374.988525390625,8062444,0.0,0.0
2024-04-29 00:00:00+05:30,1374.6999891627063,1384.1695018055798,1373.065720176132,1379.3145751953125,5055957,0.0,0.0
2024-04-30 00:00:00+05:30,1379.2665134161475,1381.0451276425792,1362.7792430347897,1365.663330078125,6936588,0.0,0.0
2024-05-02 00:00:00+05:30,1358.4048997624443,1368.9798848278278,1357.2993096712137,1359.798828125,10076354,0.0,0.0
2024-05-03 00:00:00+05:30,1367.1533457490432,1369.7490944518047,1348.983574244914,1361.5775146484375,8842345,0.0,0.0
2024-05-06 00:00:00+05:30,1365.134335983826,1389.8412977992023,1362.346362108595,1370.806396484375,6445422,0.0,0.0
2024-05-07 00:00:00+05:30,1369.8931061755525,1387.582195239738,1360.9043925105204,1385.27490234375,6080661,0.0,0.0
2024-05-08 00:00:00+05:30,1379.795249208848,1384.1213795843503,1370.5180794884,1372.1524658203125,6234983,0.0,0.0
2024-05-09 00:00:00+05:30,1372.3927301216006,1393.9271506886637,1369.796981628288,1383.9290771484375,6088406,0.0,0.0
2024-05-10 00:00:00+05:30,1379.6029430765502,1380.4680752180618,1358.4048585337118,1369.8450927734375,8777481,0.0,0.0
2024-05-13 00:00:00+05:30,1369.9413304391032,1369.9413304391032,1356.6744832449094,1368.451171875,3735954,0.0,0.0
2024-05-14 00:00:00+05:30,1371.287218365655,1378.353207852325,1363.2598665718517,1369.65283203125,3463230,0.0,0.0
2024-05-15 00:00:00+05:30,1370.9025923662102,1376.4785404547986,1363.7404904205403,1365.0863037109375,4327544,0.0,0.0
2024-05-16 00:00:00+05:30,1378.5453496843256,1399.5030936490596,1371.86392899688,1397.19580078125,9249145,0.0,0.0
2024-05-17 00:00:00+05:30,1400.7048596373168,1400.7048596373168,1383.6406789519617,1388.49560546875,7542860,0.0,0.0
2024-05-21 00:00:00+05:30,1374.7479941579209,1388.8799720514555,1373.2098380547955,1378.7376708984375,6752663,0.0,0.0
2024-05-22 00:00:00+05:30,1373.5464301608981,1403.540887941002,1372.8254084127823,1398.5899658203125,7173285,0.0,0.0
2024-05-23 00:00:00+05:30,1398.493704408289,1421.0377209738313,1393.975348496062,1415.5098876953125,8641428,0.0,0.0
2024-05-24 00:00:00+05:30,1411.5201358737334,1418.4900122470244,1403.5888972420573,1408.4918212890625,5277938,0.0,0.0
2024-05-27 00:00:00+05:30,1414.9811694623938,1422.4317277701236,1403.8293895306174,1414.50048828125,5821844,0.0,0.0
2024-05-28 00:00:00+05:30,1418.490041457558,1418.970722596649,1403.8773817707088,1410.3665771484375,6186922,0.0,0.0
2024-05-29 00:00:00+05:30,1408.7803051289059,1408.8764178859115,1393.9753025824439,1394.8885498046875,7401634,0.0,0.0
2024-05-30 00:00:00+05:30,1387.0535133382937,1393.8310468476277,1366.6245653476285,1372.2965087890625,9663150,0.0,0.0
2024-05-31 00:00:00+05:30,1374.5880898199573,1400.8649238524729,1365.032812523725,1371.760498046875,37113815,20.0,0.0
2024-06-03 00:00:00+05:30,1404.033674005501,1404.033674005501,1368.9328321553635,1370.785400390625,10589244,0.0,0.0
2024-06-04 00:00:00+05:30,1373.807893135552,1379.658033205682,1324.4229369059228,1358.84130859375,13736134,0.0,0.0
2024-06-05 00:00:00+05:30,1365.1789578532776,1402.0835675909418,1365.1789578532776,1394.380859375,9233424,0.0,0.0
2024-06-06 00:00:00+05:30,1408.85996393557,1437.476994921283,1401.5960874734012,1435.4781494140625,12660930,0.0,0.0
2024-06-07 00:00:00+05:30,1444.00969016698,1501.2435175164167,1440.3533523289473,1495.2958984375,24075302,0.0,0.0
2024-06-10 00:00:00+05:30,1487.2031538065999,1491.5907588534046,1459.9025001820376,1462.291259765625,6810606,0.0,0.0
2024-06-11 00:00:00+05:30,1462.583761115188,1468.823815070724,1456.6360237178806,1458.39111328125,4853054,0.0,0.0
2024-06-12 00:00:00+05:30,1469.3601706387192,1471.0664614805357,1445.7158546878306,1448.1046142578125,9564320,0.0,0.0
2024-06-13 00:00:00+05:30,1457.6599305401555,1467.4101641892535,1452.1510247241338,1456.6361083984375,7307565,0.0,0.0
2024-06-14 00:00:00+05:30,1466.142554347695,1466.142554347695,1448.9334875481077,1451.7122802734375,4237727,0.0,0.0
2024-06-18 00:00:00+05:30,1459.6099268376586,1469.3601601498674,1458.0499133119856,1460.7799072265625,5420939,0.0,0.0
2024-06-19 00:00:00+05:30,1467.410187837327,1477.7942106452415,1459.3174461695942,1473.6015625,5493456,0.0,0.0
2024-06-20 00:00:00+05:30,1478.42795986229,1479.5979402789894,1461.6574867540273,1477.5504150390625,7927010,0.0,0.0
2024-06-21 00:00:00+05:30,1506.4111705290543,1518.8427190237114,1485.6431242588264,1494.4183349609375,17301941,0.0,0.0
2024-06-24 00:00:00+05:30,1486.4719210591036,1490.9082059639925,1477.5504334510292,1489.0069580078125,5564989,0.0,0.0
2024-06-25 00:00:00+05:30,1487.8856805292482,1505.3386228666056,1482.3767746181575,1503.437255859375,4551525,0.0,0.0
2024-06-26 00:00:00+05:30,1502.5110604881513,1510.1649703794121,1496.6609200839146,1502.218505859375,4851004,0.0,0.0
2024-06-27 00:00:00+05:30,1500.0246394725445,1538.976894088541,1493.784585190291,1534.052978515625,14757754,0.0,0.0
2024-06-28 00:00:00+05:30,1533.2729807577389,1548.8245552176206,1525.180239533625,1527.6177978515625,8197544,0.0,0.0
2024-07-01 00:00:00+05:30,1520.5488612730949,1559.939827043026,1520.5488612730949,1551.067138671875,6801771,0.0,0.0
2024-07-02 00:00:00+05:30,1556.3323402976748,1592.9933162222828,1546.8746607024498,1580.561767578125,10493173,0.0,0.0
2024-07-03 00:00:00+05:30,1584.4129718719971,1595.1382289123615,1565.887527893186,1586.7530517578125,7269965,0.0,0.0
2024-07-04 00:00:00+05:30,1587.5330170243992,1618.538808064561,1587.3380599572922,1609.42236328125,8008311,0.0,0.0
2024-07-05 00:00:00+05:30,1610.202339677658,1624.242700384009,1592.5544400147564,1606.30224609375,7065022,0.0,0.0
2024-07-08 00:00:00+05:30,1602.0608521487309,1624.388910801362,1599.0383035499601,1620.1475830078125,5880533,0.0,0.0
2024-07-09 00:00:00+05:30,1618.441324047008,1625.1202103618075,1609.7635922047962,1615.760009765625,5191182,0.0,0.0
2024-07-10 00:00:00+05:30,1615.613729908852,1632.1891272585506,1596.649572902613,1607.082275390625,9852770,0.0,0.0
2024-07-11 00:00:00+05:30,1614.6387674406476,1623.41397813326,1601.0372384756638,1611.421142578125,8857679,0.0,0.0
2024-07-12 00:00:00+05:30,1638.0393443296334,1676.7965252445756,1625.022805487011,1668.996337890625,17078316,0.0,0.0
2024-07-15 00:00:00+05:30,1683.0852986626521,1684.8403883424053,1660.1235696440942,1664.4136962890625,6942230,0.0,0.0
2024-07-16 00:00:00+05:30,1675.6750916039832,1694.4930897114273,1657.539681248719,1682.9390869140625,6886281,0.0,0.0
2024-07-18 00:00:00+05:30,1676.0651821635772,1721.3062905823963,1676.0651821635772,1714.139892578125,11248896,0.0,0.0
2024-07-19 00:00:00+05:30,1797.943081102566,1797.943081102566,1741.8304389617622,1748.1680908203125,29819116,0.0,0.0
2024-07-22 00:00:00+05:30,1755.1882696669777,1777.4675289324205,1748.1680302846828,1765.6209716796875,8462126,0.0,0.0
2024-07-23 00:00:00+05:30,1764.7923545401895,1793.9942577705635,1738.710478582206,1791.0205078125,7113056,0.0,0.0
2024-07-24 00:00:00+05:30,1791.605423504355,1796.3342629947656,1774.152481560902,1788.14404296875,6002845,0.0,0.0
2024-07-25 00:00:00+05:30,1774.5425227927356,1785.1703012664898,1766.7423358793608,1779.2713623046875,5815599,0.0,0.0
2024-07-26 00:00:00+05:30,1779.7588864220972,1835.9690075636295,1779.7588864220972,1831.971435546875,11369047,0.0,0.0
2024-07-29 00:00:00+05:30,1846.304236848296,1855.469480366421,1817.4435687877083,1824.3662109375,4635931,0.0,0.0
2024-07-30 00:00:00+05:30,1824.366197741286,1832.9951307328352,1813.543462174526,1830.26513671875,2721265,0.0,0.0
2024-07-31 00:00:00+05:30,1830.1188567906963,1838.0653210227051,1818.4673751831438,1821.58740234375,5004209,0.0,0.0
2024-08-01 00:00:00+05:30,1809.740828819239,1821.2461520384675,1799.0155718940416,1806.3282470703125,7475014,0.0,0.0
2024-08-02 00:00:00+05:30,1796.9680816152534,1813.0559673160951,1770.788727779074,1775.7125244140625,7400938,0.0,0.0
2024-08-05 00:00:00+05:30,1740.3678829585922,1752.6044736236083,1675.6264276618872,1708.1434326171875,10736703,0.0,0.0
2024-08-06 00:00:00+05:30,1716.2360922033897,1752.0682011331073,1701.2695072438298,1707.3634033203125,7690163,0.0,0.0
2024-08-07 00:00:00+05:30,1751.1419625968092,1752.9945307935927,1718.0886467368307,1746.900634765625,5094329,0.0,0.0
2024-08-08 00:00:00+05:30,1735.492850191383,1735.492850191383,1683.9628873956328,1699.612060546875,6227910,0.0,0.0
2024-08-09 00:00:00+05:30,1727.010094678858,1736.2728164287234,1712.140988711969,1726.5225830078125,4258524,0.0,0.0
2024-08-12 00:00:00+05:30,1728.7652841315069,1758.4546990040476,1723.9388468966088,1752.507080078125,4315329,0.0,0.0
2024-08-13 00:00:00+05:30,1764.7922546522138,1764.7922546522138,1744.365563180685,1752.5556640625,4176918,0.0,0.0
2024-08-14 00:00:00+05:30,1756.9921783945222,1779.4177167425098,1752.5557742866815,1777.71142578125,7450718,0.0,0.0
2024-08-16 00:00:00+05:30,1803.7932417323866,1815.3472449089315,1783.805262567244,1812.5196533203125,7335657,0.0,0.0
2024-08-19 00:00:00+05:30,1813.5434730155098,1820.9049470871198,1803.0131729829857,1818.2236328125,2585989,0.0,0.0
2024-08-20 00:00:00+05:30,1833.043950660172,1838.6015363062697,1821.538627191082,1825.438720703125,3870333,0.0,0.0
2024-08-21 00:00:00+05:30,1828.2662272635982,1832.0688420652468,1820.4660406023306,1825.9261474609375,1966902,0.0,0.0
2024-08-22 00:00:00+05:30,1836.9440574204725,1846.3530568904166,1823.001175405798,1833.2877197265625,4300287,0.0,0.0
2024-08-23 00:00:00+05:30,1831.28891751955,1835.5790443195538,1810.6184688760034,1815.591064453125,5015935,0.0,0.0
2024-08-26 00:00:00+05:30,1823.2937434663284,1841.575432070603,1817.4436031129605,1829.2901611328125,3728589,0.0,0.0
2024-08-27 00:00:00+05:30,1829.2900840518048,1855.2256813879358,1827.0962815117323,1852.641845703125,3830679,0.0,0.0
2024-08-28 00:00:00+05:30,1859.2720208389876,1902.2705260971802,1850.0092991588629,1890.667724609375,6514531,0.0,0.0
2024-08-29 00:00:00+05:30,1884.7201669932756,1901.7830759029405,1872.9224080657316,1885.0614013671875,7228284,0.0,0.0
2024-08-30 00:00:00+05:30,1889.5952465616892,1901.295526726158,1879.8450130912988,1895.15283203125,13466759,0.0,0.0
2024-09-02 00:00:00+05:30,1894.8117029397854,1926.4024849433151,1894.2755114819659,1915.4334716796875,5573739,0.0,0.0
2024-09-03 00:00:00+05:30,1917.8710125060368,1917.8710125060368,1888.0840002650073,1892.76416015625,4694322,0.0,0.0
2024-09-04 00:00:00+05:30,1873.1173360302705,1879.0649546678148,1852.5931659020603,1874.43359375,4778310,0.0,0.0
2024-09-05 00:00:00+05:30,1878.1387700081425,1891.5453413709522,1861.9046070627135,1884.866455078125,4081810,0.0,0.0
2024-09-06 00:00:00+05:30,1873.994888945443,1888.1327275977371,1849.473027754597,1854.34814453125,5848106,0.0,0.0
2024-09-09 00:00:00+05:30,1842.7942423455024,1872.8736906980234,1841.819218936854,1847.328125,4772612,0.0,0.0
2024-09-10 00:00:00+05:30,1857.3220347286262,1886.670214257235,1848.644302962128,1864.5372314453125,6909600,0.0,0.0
2024-09-11 00:00:00+05:30,1866.8772028988358,1877.895014611819,1857.4195237982947,1862.44091796875,5312946,0.0,0.0
2024-09-12 00:00:00+05:30,1876.9200766599954,1907.535835740706,1863.0747917550168,1901.734375,8555092,0.0,0.0
2024-09-13 00:00:00+05:30,1901.7342210686957,1909.680685073812,1887.3039470861556,1895.5428466796875,3843127,0.0,0.0
2024-09-16 00:00:00+05:30,1897.1517015233924,1903.2455975195487,1884.768952467765,1901.539306640625,1570181,0.0,0.0
2024-09-17 00:00:00+05:30,1899.1018225052499,1909.5345252500708,1893.6417152834613,1903.781982421875,2793127,0.0,0.0
2024-09-18 00:00:00+05:30,1890.3265684033404,1890.3265684033404,1834.3115231145357,1844.8905029296875,6385468,0.0,0.0
2024-09-19 00:00:00+05:30,1862.8795667117413,1876.8224480606875,1831.873895960651,1846.88916015625,7976570,0.0,0.0
2024-09-20 00:00:00+05:30,1857.4194893204572,1867.169722860197,1820.758635015316,1858.1507568359375,15242974,0.0,0.0
2024-09-23 00:00:00+05:30,1861.3195986178432,1870.9723537088278,1831.5325872912213,1849.0830078125,3636672,0.0,0.0
2024-09-24 00:00:00+05:30,1840.8440975119734,1863.172156185441,1824.6587335944862,1851.1793212890625,7277616,0.0,0.0
2024-09-25 00:00:00+05:30,1839.2353831420482,1854.1044901242792,1829.9239810020886,1847.9619140625,4268341,0.0,0.0
2024-09-26 00:00:00+05:30,1850.399326383558,1870.0459512988607,1845.7191667831537,1852.7880859375,8952803,0.0,0.0
2024-09-27 00:00:00+05:30,1883.8426736989857,1925.2811678990213,1855.7620713951017,1859.1258544921875,14908931,0.0,0.0
2024-09-30 00:00:00+05:30,1833.044033110499,1853.7632808251788,1823.7813106027597,1828.75390625,6986955,0.0,0.0
2024-10-01 00:00:00+05:30,1828.1688539454187,1861.2708503856265,1828.1688539454187,1856.7857666015625,4029072,0.0,0.0
2024-10-03 00:00:00+05:30,1842.3066380228454,1864.0983863063177,1834.0189394659815,1846.1092529296875,7503887,0.0,0.0
2024-10-04 00:00:00+05:30,1842.355444469921,1905.2931311832979,1838.8940639202572,1870.2410888671875,10001483,0.0,0.0
2024-10-07 00:00:00+05:30,1875.1649381106677,1893.4954254714787,1868.1936160815953,1885.98779296875,6112575,0.0,0.0
2024-10-08 00:00:00+05:30,1889.4978132388082,1909.0469604018253,1858.7357782951613,1899.8818359375,5637391,0.0,0.0
2024-10-09 00:00:00+05:30,1903.7818495832903,1927.6211223804971,1896.5178543658283,1903.976806640625,4857163,0.0,0.0
2024-10-10 00:00:00+05:30,1908.998256653625,1914.9458753338329,1866.2921859597154,1871.06982421875,4782119,0.0,0.0
2024-10-11 00:00:00+05:30,1870.094824366297,1898.3705021069761,1862.3921159361064,1886.7677001953125,4709431,0.0,0.0
2024-10-14 00:00:00+05:30,1883.8913919551653,1920.3084903207136,1882.8675698277727,1909.9732666015625,3751378,0.0,0.0
2024-10-15 00:00:00+05:30,1911.0457499807171,1941.7101864726114,1903.0018074106454,1910.36328125,5353705,0.0,0.0
2024-10-16 00:00:00+05:30,1906.1706731299532,1910.6070770365932,1868.4859963760694,1872.142333984375,3111512,0.0,0.0
2024-10-17 00:00:00+05:30,1886.8651885882837,1928.596236666682,1881.9413919550382,1918.9434814453125,8162822,0.0,0.0
2024-10-18 00:00:00+05:30,1846.4993341440768,1888.474019455993,1822.5624624334712,1832.6539306640625,10526196,0.0,0.0
2024-10-21 00:00:00+05:30,1843.86673306473,1851.3744846784607,1792.0930141849954,1806.474609375,4654601,0.0,0.0
2024-10-22 00:00:00+05:30,1811.7884020054903,1830.8989555222813,1800.8193889508361,1805.353271484375,4125240,0.0,0.0
2024-10-23 00:00:00+05:30,1799.1618335874239,1838.8940350336711,1797.9430544019563,1826.6087646484375,4311910,0.0,0.0
2024-10-24 00:00:00+05:30,1814.90844450391,1836.9439478876664,1813.5433880419637,1816.8096923828125,2906475,0.0,0.0
2024-10-25 00:00:00+05:30,1816.9071737708175,1829.4849985119592,1800.2830974337767,1815.542236328125,4689120,0.0,0.0
2024-10-28 00:00:00+05:30,1813.250859943176,1834.8964495297284,1810.6183445306106,1818.759765625,7018940,0.0,0.0
2024-10-29 00:00:00+05:30,1820.3868971098545,1825.9091734808057,1803.6227707551052,1813.7799072265625,4621252,21.0,0.0
2024-10-30 00:00:00+05:30,1806.5812347424808,1813.4841106394226,1771.4258498491638,1777.0960693359375,5919715,0.0,0.0
2024-10-31 00:00:00+05:30,1763.0931679230187,1763.0931679230187,1722.2675629117984,1732.868408203125,7395236,0.0,0.0
2024-11-01 00:00:00+05:30,1740.017715602962,1741.4969032331146,1727.7405064233335,1736.4183349609375,371966,0.0,0.0
2024-11-04 00:00:00+05:30,1700.5727434953685,1742.4830604559677,1694.1629303131592,1739.1795654296875,7336722,0.0,0.0
2024-11-05 00:00:00+05:30,1735.5801694120541,1743.9128783247852,1720.7882929682014,1729.860595703125,3160880,0.0,0.0
2024-11-06 00:00:00+05:30,1739.5247398383508,1801.8478002805573,1738.1934949801216,1798.3963623046875,10421494,0.0,0.0
2024-11-07 00:00:00+05:30,1787.7955014436675,1800.3685968171349,1762.2056025400752,1778.032958984375,4550965,0.0,0.0
2024-11-08 00:00:00+05:30,1792.775423572222,1815.0618266546207,1787.9927409344914,1804.5595703125,4210960,0.0,0.0
2024-11-11 00:00:00+05:30,1803.6227934762044,1842.081672068644,1797.2623347827093,1834.291259765625,3804234,0.0,0.0
2024-11-12 00:00:00+05:30,1845.1386209364089,1854.9012833451236,1835.1787816614965,1842.87060546875,5012450,0.0,0.0
2024-11-13 00:00:00+05:30,1835.2774347702136,1847.2095246339784,1830.544106425298,1842.4761962890625,4257495,0.0,0.0
2024-11-14 00:00:00+05:30,1839.714924537372,1849.9706494411498,1830.2481478479606,1838.6795654296875,4311431,0.0,0.0
2024-11-18 00:00:00+05:30,1823.5425071201328,1823.5425071201328,1770.0945742542924,1786.3162841796875,4839244,0.0,0.0
2024-11-19 00:00:00+05:30,1800.1713565147516,1833.8967865305349,1795.2900854570928,1799.4317626953125,4669769,0.0,0.0
2024-11-21 00:00:00+05:30,1816.442429577535,1841.095557014798,1795.339328415918,1808.602783203125,5436504,0.0,0.0
2024-11-22 00:00:00+05:30,1828.374498334409,1887.4927694808482,1808.553408176173,1875.8564453125,6301486,0.0,0.0
2024-11-25 00:00:00+05:30,1889.4157296228746,1892.6699906690035,1855.8874755481472,1863.4805908203125,12764638,0.0,0.0
2024-11-26 00:00:00+05:30,1878.518962558038,1911.702096274213,1870.9752018384395,1897.45263671875,6850495,0.0,0.0
2024-11-27 00:00:00+05:30,1903.3200059027895,1914.4632675339492,1885.224634635848,1897.7977294921875,4447143,0.0,0.0
2024-11-28 00:00:00+05:30,1888.3309462638708,1888.3309462638708,1825.9585347392867,1830.88916015625,8468790,0.0,0.0
2024-11-29 00:00:00+05:30,1825.4161652795651,1850.9568296791742,1819.4008261897052,1832.072509765625,5244346,0.0,0.0
2024-12-02 00:00:00+05:30,1833.2065672761437,1856.6763928884145,1809.7367416638726,1853.718017578125,2868263,0.0,0.0
2024-12-03 00:00:00+05:30,1860.8180760709474,1873.391171179535,1845.1880172073568,1865.8472900390625,4715792,0.0,0.0
2024-12-04 00:00:00+05:30,1857.8597084036323,1887.3941073159906,1848.9845824080737,1863.036865234375,4705573,0.0,0.0
2024-12-05 00:00:00+05:30,1873.6377142854979,1922.845381488632,1862.7409836386182,1908.004150390625,9050038,0.0,0.0
2024-12-06 00:00:00+05:30,1905.9826538933166,1911.061101890244,1885.8656776464575,1895.7269287109375,3573331,0.0,0.0
2024-12-09 00:00:00+05:30,1897.5018913119027,1903.4186419806354,1870.876513302606,1896.9595947265625,4274645,0.0,0.0
2024-12-10 00:00:00+05:30,1912.096617063394,1938.3275213087989,1905.193741189519,1921.51416015625,6174921,0.0,0.0
2024-12-11 00:00:00+05:30,1927.8745911898272,1950.5554687332371,1924.9162158580782,1946.7589111328125,5025612,0.0,0.0
2024-12-12 00:00:00+05:30,1947.7942178498488,1971.0668661345264,1943.2088325103296,1959.4305419921875,6462130,0.0,0.0
2024-12-13 00:00:00+05:30,1942.419946638723,1978.6106902340612,1926.6912991940405,1971.954345703125,5362693,0.0,0.0
2024-12-16 00:00:00+05:30,1967.7632564033934,1971.8556995891386,1950.1609476784474,1952.5770263671875,3119221,0.0,0.0
2024-12-17 00:00:00+05:30,1940.6942746330094,1954.5000265866995,1930.8330232375165,1949.1749267578125,5811050,0.0,0.0
2024-12-18 00:00:00+05:30,1939.5109539146308,1957.4090287235867,1934.3830310124576,1951.6895751953125,3064095,0.0,0.0
2024-12-19 00:00:00+05:30,1907.165976992173,1932.5586987644317,1893.360225349003,1919.1966552734375,5323592,0.0,0.0
2024-12-20 00:00:00+05:30,1947.7449759219587,1952.4783040802065,1884.7315592319012,1895.4803466796875,11056720,0.0,0.0
2024-12-23 00:00:00+05:30,1903.270805285977,1913.0827019209628,1882.5128236943906,1897.6005859375,2781793,0.0,0.0
2024-12-24 00:00:00+05:30,1900.312385244756,1915.0549070531515,1814.4701488042217,1882.5621337890625,2360544,0.0,0.0
2024-12-26 00:00:00+05:30,1882.5621891003143,1893.1136796250162,1875.9058446088604,1880.93505859375,3623321,0.0,0.0
2024-12-27 00:00:00+05:30,1882.907278073787,1897.4526232065393,1877.4835900581845,1890.1552734375,3937500,0.0,0.0
2024-12-30 00:00:00+05:30,1889.1198086927782,1889.4156943738521,1860.325003881144,1879.554443359375,7789055,0.0,0.0
2024-12-31 00:00:00+05:30,1866.0445478376714,1870.6792875898645,1819.4501375379239,1853.9151611328125,3613063,0.0,0.0
2025-01-01 00:00:00+05:30,1847.998429848315,1866.6854522663125,1847.998429848315,1856.3804931640625,1838368,0.0,0.0
2025-01-02 00:00:00+05:30,1860.818117320804,1935.4185073607873,1859.141752753138,1930.68505859375,7083645,0.0,0.0
2025-01-03 00:00:00+05:30,1925.8530263652963,1925.8530263652963,1895.3325017126049,1911.85009765625,6218003,0.0,0.0
2025-01-06 00:00:00+05:30,1924.9162188256444,1945.6248461798139,1901.2492161351652,1910.9625244140625,7164403,0.0,0.0
2025-01-07 00:00:00+05:30,1918.013387115037,1931.375430841724,1896.9596395631565,1904.0596923828125,4294832,0.0,0.0
2025-01-08 00:00:00+05:30,1903.221440652574,1911.7020924267943,1862.5437803277457,1906.3277587890625,5482050,0.0,0.0
2025-01-09 00:00:00+05:30,1907.2153497813902,1924.7683048137867,1884.04140929985,1890.69775390625,6833503,0.0,0.0
2025-01-10 00:00:00+05:30,1910.1242932060775,1950.3582448997252,1905.440199043595,1939.65869140625,8036913,0.0,0.0
2025-01-13 00:00:00+05:30,1928.8606819489098,1955.2888825925095,1921.9578062977632,1934.974609375,5804152,0.0,0.0
2025-01-14 00:00:00+05:30,1941.5324112023416,1944.4415525214629,1904.30618806105,1913.132080078125,5792162,0.0,0.0
2025-01-15 00:00:00+05:30,1919.9856212925836,1930.8823520910328,1910.2229584649278,1922.598876953125,2985439,0.0,0.0
2025-01-16 00:00:00+05:30,1938.6725617632849,1939.6586868478057,1890.2538441886265,1901.69287109375,7533579,0.0,0.0
2025-01-17 00:00:00+05:30,1825.3175372033904,1832.2204128168014,1786.858658785815,1790.2607421875,16409953,0.0,0.0
2025-01-20 00:00:00+05:30,1797.6567582772059,1802.5873839291105,1768.270301617817,1788.1407470703125,4333011,0.0,0.0
2025-01-21 00:00:00+05:30,1793.810946341272,1806.236098768633,1768.1716932405016,1775.7154541015625,7169109,0.0,0.0
2025-01-22 00:00:00+05:30,1782.3225305814187,1839.9122605214925,1780.103749105465,1830.69189453125,8373913,0.0,0.0
2025-01-23 00:00:00+05:30,1832.220432769354,1853.4714767898427,1826.9939215973595,1839.5670166015625,5907471,0.0,0.0
2025-01-24 00:00:00+05:30,1839.616447739169,1868.60855091582,1838.3837913147927,1849.4283447265625,4887027,0.0,0.0
2025-01-27 00:00:00+05:30,1823.0988176934152,1837.151100669551,1786.8587194918016,1796.719970703125,7652371,0.0,0.0
2025-01-28 00:00:00+05:30,1804.6089580362327,1837.6441493445463,1799.57974403178,1804.3624267578125,6999495,0.0,0.0
2025-01-29 00:00:00+05:30,1819.4007926053778,1862.4451768959955,1814.9632296965842,1855.1478271484375,5145155,0.0,0.0
2025-01-30 00:00:00+05:30,1847.1602339434605,1861.0152192135097,1818.414663533007,1834.143310546875,7336056,0.0,0.0
2025-01-31 00:00:00+05:30,1845.0400685173022,1871.1230293523827,1845.0400685173022,1853.718017578125,5820470,0.0,0.0
2025-02-01 00:00:00+05:30,1854.2111142217134,1864.3681307478303,1820.3869744015317,1825.6627197265625,1701402,0.0,0.0
2025-02-03 00:00:00+05:30,1810.5257570121476,1850.5131795891741,1806.975730583523,1837.447021484375,4823228,0.0,0.0
2025-02-04 00:00:00+05:30,1862.7903932312308,1884.6823232329095,1848.984641243281,1872.4544677734375,7334787,0.0,0.0
2025-02-05 00:00:00+05:30,1879.5544090414844,1893.0642745340085,1868.0167937158456,1870.7286376953125,4996744,0.0,0.0
2025-02-06 00:00:00+05:30,1890.4018014395585,1897.3046770838346,1873.6376748748885,1889.070556640625,4765255,0.0,0.0
2025-02-07 00:00:00+05:30,1892.6699423538048,1897.008796469081,1863.2340119765795,1877.237060546875,4126260,0.0,0.0
2025-02-10 00:00:00+05:30,1878.568301204317,1878.568301204317,1852.534574687111,1854.2110595703125,3828734,0.0,0.0
2025-02-11 00:00:00+05:30,1856.972194364576,1876.5961083803954,1844.0539793333367,1849.6256103515625,4411601,0.0,0.0
2025-02-12 00:00:00+05:30,1858.8458824242405,1868.3126596599398,1821.3731272347864,1837.299072265625,5633947,0.0,0.0
2025-02-13 00:00:00+05:30,1842.5748307737585,1847.5054564916438,1810.1806438825727,1817.6751708984375,5237744,0.0,0.0
2025-02-14 00:00:00+05:30,1828.2759758276586,1833.5024871238693,1802.9818423780237,1830.6427001953125,5292961,0.0,0.0
2025-02-17 00:00:00+05:30,1813.0403122036325,1827.0432401752385,1796.8678368321998,1816.73828125,4428956,0.0,0.0
2025-02-18 00:00:00+05:30,1816.7383832854173,1835.8198805610482,1812.1035229276997,1826.25439453125,4365260,0.0,0.0
2025-02-19 00:00:00+05:30,1821.7675703475043,1823.5425233371382,1780.8433778768451,1785.6754150390625,4611411,0.0,0.0
2025-02-20 00:00:00+05:30,1780.4982655923657,1805.5951018447554,1780.4982655923657,1799.8262939453125,2218020,0.0,0.0
2025-02-21 00:00:00+05:30,1796.5227152827192,1804.4609499348014,1781.1390677643708,1789.8170166015625,3379879,0.0,0.0
2025-02-24 00:00:00+05:30,1775.0745611201182,1782.9142076324636,1725.9654822503978,1739.623291015625,7594720,0.0,0.0
2025-02-25 00:00:00+05:30,1720.9362904431496,1753.7741849650602,1720.9362904431496,1743.17333984375,5092963,0.0,0.0
2025-02-27 00:00:00+05:30,1730.846721957405,1751.2102292840527,1726.8036331353665,1739.820556640625,5757079,0.0,0.0
2025-02-28 00:00:00+05:30,1730.6989486606933,1730.7481826909784,1659.106168289425,1664.2833251953125,12182167,0.0,0.0
2025-03-03 00:00:00+05:30,1668.8195437500424,1704.615812415331,1668.8195437500424,1684.893310546875,7504969,0.0,0.0
2025-03-04 00:00:00+05:30,1671.4821123578997,1675.4266129180364,1646.8289838570458,1664.8751220703125,6759673,0.0,0.0
2025-03-05 00:00:00+05:30,1668.9674417970127,1708.9055098893523,1668.9674417970127,1687.753173828125,8180782,0.0,0.0
2025-03-06 00:00:00+05:30,1691.204542351751,1698.403303714733,1667.6361284442405,1692.042724609375,10610547,0.0,0.0
2025-03-07 00:00:00+05:30,1679.4696488805018,1681.3433106627187,1652.2526199503725,1662.60693359375,8019331,0.0,0.0
2025-03-10 00:00:00+05:30,1662.606944415946,1695.14907322124,1652.9428701352483,1677.842529296875,7558981,0.0,0.0
2025-03-11 00:00:00+05:30,1656.6901357180045,1656.6901357180045,1614.336111648948,1638.54541015625,12671234,0.0,0.0
2025-03-12 00:00:00+05:30,1614.1882088567118,1614.1882088567118,1542.1024877383609,1568.777099609375,14870008,0.0,0.0
2025-03-13 00:00:00+05:30,1577.0605381756682,1583.766236887254,1548.5122651881575,1557.9296875,7822888,0.0,0.0
2025-03-17 00:00:00+05:30,1523.711239680789,1571.8834272886888,1523.711239680789,1567.98828125,7526032,0.0,0.0
2025-03-18 00:00:00+05:30,1567.98828125,1567.98828125,1567.98828125,1567.98828125,0,0.0,0.0
2025-03-19 00:00:00+05:30,1580.7585753901394,1580.7585753901394,1550.9776447654951,1564.536865234375,7387068,0.0,0.0
2025-03-20 00:00:00+05:30,1569.9112262370732,1609.2576434825316,1569.9112262370732,1593.134521484375,7186750,0.0,0.0
2025-03-21 00:00:00+05:30,1556.0560901796125,1581.6461093555213,1541.9545731422113,1570.45361328125,10074677,0.0,0.0
2025-03-24 00:00:00+05:30,1575.7785592177397,1584.8016279799526,1550.8789003823247,1570.6507568359375,8857726,0.0,0.0
2025-03-25 00:00:00+05:30,1582.7307615847424,1613.4485820609123,1582.7307615847424,1605.8553466796875,9890140,0.0,0.0
2025-03-26 00:00:00+05:30,1603.4394832085677,1615.0264536438078,1572.8696037624018,1577.2578125,6651302,0.0,0.0
2025-03-27 00:00:00+05:30,1573.4120242257595,1597.4733814773153,1563.9944809345598,1581.301025390625,9426573,0.0,0.0
2025-03-28 00:00:00+05:30,1567.938918601529,1576.271627596916,1538.355165420368,1548.857421875,6799047,0.0,0.0
2025-04-01 00:00:00+05:30,1517.8930411565277,1525.9299846961485,1496.7899402056196,1505.3199462890625,12680733,0.0,0.0
2025-04-02 00:00:00+05:30,1513.8992032527772,1534.065533745542,1513.8992032527772,1528.641845703125,6193478,0.0,0.0
2025-04-03 00:00:00+05:30,1513.3569025396205,1513.3569025396205,1464.4451218569632,1475.7362060546875,10459504,0.0,0.0
2025-04-04 00:00:00+05:30,1440.2357281000195,1451.5761669039568,1427.9091641826965,1431.508544921875,9590254,0.0,0.0
2025-04-07 00:00:00+05:30,1333.241140845937,1386.3933080363427,1288.8655111580174,1377.3702392578125,21715252,0.0,0.0
2025-04-08 00:00:00+05:30,1411.1450129990183,1436.2912029581203,1395.3670114560523,1408.9755859375,12805001,0.0,0.0
2025-04-09 00:00:00+05:30,1385.5551200692491,1389.8939742084822,1362.7262999262337,1384.2237548828125,8546854,0.0,0.0
2025-04-11 00:00:00+05:30,1391.669116387415,1418.8369123902967,1377.6661874236538,1389.89404296875,12567440,0.0,0.0
2025-04-15 00:00:00+05:30,1425.5423828430714,1427.6132214230709,1389.4502292114087,1406.21435546875,10178530,0.0,0.0
2025-04-16 00:00:00+05:30,1405.2283214187144,1407.6936342633087,1377.4196406823328,1393.493408203125,12022740,0.0,0.0
2025-04-17 00:00:00+05:30,1378.6028759920416,1409.9617020085943,1359.1762598672565,1399.8045654296875,14264227,0.0,0.0
2025-04-21 00:00:00+05:30,1390.4364236612141,1451.379004423389,1390.4364236612141,1430.8675537109375,15648970,0.0,0.0
2025-04-22 00:00:00+05:30,1420.0201414292796,1420.0201414292796,1399.6074000468734,1403.058837890625,9399738,0.0,0.0
2025-04-23 00:00:00+05:30,1425.9368740316995,1467.1569507677636,1419.6256494074153,1454.4359130859375,11136642,0.0,0.0
2025-04-24 00:00:00+05:30,1449.505309419441,1462.324935726995,1441.22183449924,1450.9844970703125,7114292,0.0,0.0
2025-04-25 00:00:00+05:30,1455.0276136053067,1480.864043581714,1443.194112173071,1459.662353515625,8329979,0.0,0.0
2025-04-28 00:00:00+05:30,1459.6623489459623,1468.9319491141807,1444.9691810148831,1461.5360107421875,5886253,0.0,0.0
2025-04-29 00:00:00+05:30,1461.4374722845366,1488.8517996048886,1453.6470595242981,1476.722412109375,8056743,0.0,0.0
2025-04-30 00:00:00+05:30,1476.0321142425894,1487.8656155741658,1462.0290654409305,1479.2862548828125,7704183,0.0,0.0
2025-05-02 00:00:00+05:30,1478.8917703842976,1502.065710329334,1475.4403325201433,1485.991943359375,7402310,0.0,0.0
2025-05-05 00:00:00+05:30,1493.979559817003,1501.8685607929344,1481.9488814793483,1487.6683349609375,4282493,0.0,0.0
2025-05-06 00:00:00+05:30,1485.1043881672801,1494.571164972708,1478.3001009589232,1490.528076171875,4270530,0.0,0.0
2025-05-07 00:00:00+05:30,1479.1876719914237,1497.72687229769,1475.8348225262564,1487.37255859375,5691799,0.0,0.0
2025-05-08 00:00:00+05:30,1487.0767158676624,1495.4587795844232,1480.371016743612,1490.4295654296875,8424409,0.0,0.0
2025-05-09 00:00:00+05:30,1479.8779633712215,1490.429574694462,1473.3695614613061,1486.6822509765625,4478653,0.0,0.0
2025-05-12 00:00:00+05:30,1515.6743515413355,1609.356240543565,1510.743725804376,1604.3270263671875,11372857,0.0,0.0
2025-05-13 00:00:00+05:30,1586.675293741908,1589.8308459268644,1542.8913150101926,1546.8358154296875,12846210,0.0,0.0
2025-05-14 00:00:00+05:30,1552.1609377918994,1572.8695652973822,1547.7233747550104,1570.3056640625,4870057,0.0,0.0
2025-05-15 00:00:00+05:30,1567.7416973152629,1596.1420273386075,1549.2024976963296,1590.6197509765625,11151167,0.0,0.0
2025-05-16 00:00:00+05:30,1590.2253238143162,1590.2253238143162,1559.5568570553514,1567.84033203125,4576751,0.0,0.0
2025-05-19 00:00:00+05:30,1554.62619978804,1563.0082630282545,1534.1147498260523,1538.157958984375,8855798,0.0,0.0
2025-05-20 00:00:00+05:30,1548.2163771805324,1561.529065774123,1536.382876208452,1538.94677734375,7143998,0.0,0.0
2025-05-21 00:00:00+05:30,1546.145531646558,1549.2024953086398,1530.564707285941,1546.7371826171875,4157309,0.0,0.0
2025-05-22 00:00:00+05:30,1533.9175651094254,1539.1440761948634,1518.6326263378432,1526.028564453125,6158990,0.0,0.0
2025-05-23 00:00:00+05:30,1528.4939232420525,1565.1777292492216,1528.4939232420525,1543.088623046875,5038421,0.0,0.0
2025-05-26 00:00:00+05:30,1544.8635161135799,1561.8249396042181,1541.0176042515016,1558.5706787109375,3170102,0.0,0.0
2025-05-27 00:00:00+05:30,1557.9791380318973,1560.9375134619054,1534.805197163501,1548.3150634765625,7775714,0.0,0.0
2025-05-28 00:00:00+05:30,1559.0637576996792,1565.6707476113982,1548.216381776405,1549.991455078125,3623370,0.0,0.0
2025-05-29 00:00:00+05:30,1566.9528250893914,1586.5767391705513,1554.7248494526432,1563.5999755859375,8609500,0.0,0.0
2025-05-30 00:00:00+05:30,1571.0,1572.0,1555.0999755859375,1562.699951171875,13148092,22.0,0.0
2025-06-02 00:00:00+05:30,1560.0,1560.0,1539.0,1553.800048828125,4374509,0.0,0.0
2025-06-03 00:00:00+05:30,1559.0,1567.300048828125,1535.5999755859375,1543.0,6853403,0.0,0.0
2025-06-04 00:00:00+05:30,1543.0,1557.300048828125,1541.4000244140625,1551.199951171875,4548307,0.0,0.0
2025-06-05 00:00:00+05:30,1547.9000244140625,1567.699951171875,1541.5999755859375,1554.300048828125,6948539,0.0,0.0
2025-06-06 00:00:00+05:30,1554.699951171875,1568.9000244140625,1543.0999755859375,1563.800048828125,3960020,0.0,0.0
2025-06-09 00:00:00+05:30,1578.0,1588.0,1572.699951171875,1576.199951171875,1966813,0.0,0.0
