Date,Open,High,Low,Close,Volume,Dividends,Stock Splits
2020-06-09 00:00:00+05:30,1337.907620360575,1355.9032973632384,1295.1867209569668,1300.2215576171875,5477333,0.0,0.0
2020-06-10 00:00:00+05:30,1300.5705282361987,1340.2506896223397,1299.6732149149088,1328.2369384765625,4876360,0.0,0.0
2020-06-11 00:00:00+05:30,1329.9816807109726,1330.380500158154,1285.3165800840134,1294.7879638671875,4376813,0.0,0.0
2020-06-12 00:00:00+05:30,1236.264667656481,1285.8149044452239,1227.889947180225,1275.94482421875,8992424,0.0,0.0
2020-06-15 00:00:00+05:30,1266.1743551869718,1267.3209153609282,1233.4731105609462,1245.137939453125,7553579,0.0,0.0
2020-06-16 00:00:00+05:30,1272.1564626227562,1291.8968702065692,1234.3705997764318,1272.9541015625,5266292,0.0,0.0
2020-06-17 00:00:00+05:30,1265.6259817619484,1281.0792910469665,1232.8749602951877,1240.0533447265625,5429264,0.0,0.0
2020-06-18 00:00:00+05:30,1236.2648010315215,1305.954268591481,1224.649869487761,1299.4239501953125,6672522,0.0,0.0
2020-06-19 00:00:00+05:30,1300.0721419145873,1311.786749021563,1272.5054038287126,1298.57666015625,8492615,0.0,0.0
2020-06-22 00:00:00+05:30,1305.8544966437428,1380.8279206202058,1292.0461200754637,1351.2672119140625,7633867,0.0,0.0
2020-06-23 00:00:00+05:30,1350.9184800608393,1391.4958351720272,1345.983439091478,1385.71337890625,4669825,0.0,0.0
2020-06-24 00:00:00+05:30,1387.8070175486403,1393.788944348419,1332.9227904796267,1339.8519287109375,5332617,0.0,0.0
2020-06-25 00:00:00+05:30,1332.9726588818016,1385.5637641592998,1321.0088055485319,1377.5379638671875,9985038,0.0,0.0
2020-06-26 00:00:00+05:30,1375.843192887949,1378.7842582786564,1322.9529403063918,1336.0633544921875,6694196,0.0,0.0
2020-06-29 00:00:00+05:30,1332.0753682515167,1362.7826410114737,1309.0449745328547,1351.5665283203125,3819681,0.0,0.0
2020-06-30 00:00:00+05:30,1360.7887196663999,1368.7646223424983,1340.9985354918533,1356.35205078125,4777664,0.0,0.0
2020-07-01 00:00:00+05:30,1315.0270369434654,1360.68913133491,1312.036073250645,1352.663330078125,8939585,0.0,0.0
2020-07-02 00:00:00+05:30,1354.058989475002,1367.7675715687317,1338.2567573656609,1347.927490234375,4992982,0.0,0.0
2020-07-03 00:00:00+05:30,1355.8037693688495,1364.5771892189982,1345.9834636200067,1349.72216796875,2768103,0.0,0.0
2020-07-06 00:00:00+05:30,1365.8733131670574,1377.0894261401447,1356.9004227885878,1363.7796630859375,3248073,0.0,0.0
2020-07-07 00:00:00+05:30,1365.873390893363,1370.260161890771,1347.4291151769198,1364.128662109375,3574288,0.0,0.0
2020-07-08 00:00:00+05:30,1363.8793574431713,1374.6966511057608,1343.9396007554055,1348.67529296875,3383105,0.0,0.0
2020-07-09 00:00:00+05:30,1351.6661362067866,1370.459330872349,1343.6902342413398,1364.02880859375,3445915,0.0,0.0
2020-07-10 00:00:00+05:30,1359.293250344979,1370.8582849905576,1341.497041676716,1345.2855224609375,3017959,0.0,0.0
2020-07-13 00:00:00+05:30,1355.9034025401738,1360.7886670810249,1320.1115163237748,1331.527099609375,3356697,0.0,0.0
2020-07-14 00:00:00+05:30,1324.7974094877027,1327.3895533727205,1289.4043433312936,1294.3892822265625,2914943,0.0,0.0
2020-07-15 00:00:00+05:30,1302.4648820197858,1307.9980912702028,1276.1443798449611,1286.1142578125,4372543,0.0,0.0
2020-07-16 00:00:00+05:30,1284.7182925003474,1323.899956773382,1263.1833830803803,1318.665771484375,4204057,0.0,0.0
2020-07-17 00:00:00+05:30,1313.0329421112017,1333.8700116226614,1297.1808116358513,1323.451416015625,4200163,0.0,0.0
2020-07-20 00:00:00+05:30,1325.993749755915,1332.673519212739,1305.0570063387163,1315.0767822265625,3481742,0.0,0.0
2020-07-21 00:00:00+05:30,1321.1085815356662,1358.8944455582573,1321.008907090749,1354.906494140625,4404245,0.0,0.0
2020-07-22 00:00:00+05:30,1360.8883160516712,1362.2342252105411,1326.9408335526352,1338.3065185546875,4172575,0.0,0.0
2020-07-23 00:00:00+05:30,1335.9636496023797,1375.693589020555,1331.2778556318342,1369.9111328125,4308719,0.0,0.0
2020-07-24 00:00:00+05:30,1355.9033492476851,1360.888288031684,1337.558750182048,1345.9334716796875,3112378,0.0,0.0
2020-07-27 00:00:00+05:30,1360.8883974962387,1375.3447211326456,1306.2036389776642,1318.6160888671875,7560839,0.0,0.0
2020-07-28 00:00:00+05:30,1326.0934178543075,1397.5775144871577,1315.425697321394,1379.8809814453125,6751771,0.0,0.0
2020-07-29 00:00:00+05:30,1380.8282230930033,1393.7391675448455,1341.8460210631767,1385.2647705078125,4067790,0.0,0.0
2020-07-30 00:00:00+05:30,1390.8976775999104,1420.408492609568,1371.8552346570395,1380.828125,6097103,0.0,0.0
2020-07-31 00:00:00+05:30,1370.858122790534,1385.7630406081971,1346.2823510123503,1361.635986328125,3223070,0.0,0.0
2020-08-03 00:00:00+05:30,1351.9155460602135,1351.9155460602135,1296.1839000200096,1304.6085205078125,5241260,0.0,0.0
2020-08-04 00:00:00+05:30,1316.0238610381641,1327.3396479270236,1298.0780811149166,1319.9619140625,4946596,0.0,0.0
2020-08-05 00:00:00+05:30,1327.9878277357448,1348.9245727676146,1318.0179491491401,1330.18115234375,3475602,0.0,0.0
2020-08-06 00:00:00+05:30,1340.9486191552837,1363.2811706847124,1326.641868265414,1336.0633544921875,3677830,0.0,0.0
2020-08-07 00:00:00+05:30,1337.459188916652,1343.7402609970095,1319.2641608154752,1338.4561767578125,2807069,0.0,0.0
2020-08-10 00:00:00+05:30,1344.9366893725953,1375.8433145546194,1342.1450745460718,1356.1029052734375,2960056,0.0,0.0
2020-08-11 00:00:00+05:30,1368.8642236561464,1380.8280770311453,1353.061991663857,1360.489501953125,2502925,0.0,0.0
2020-08-12 00:00:00+05:30,1345.933511496928,1350.7688779199318,1329.5331110934355,1331.078369140625,3840190,0.0,0.0
2020-08-13 00:00:00+05:30,1337.8578585276991,1354.4078304965212,1329.931733056783,1332.224853515625,3331328,0.0,0.0
2020-08-14 00:00:00+05:30,1333.5210255843624,1342.7431623540947,1298.3772070834898,1303.5115966796875,3331502,0.0,0.0
2020-08-17 00:00:00+05:30,1316.1233942533759,1329.5329513898398,1308.247167347224,1323.551025390625,2831340,0.0,0.0
2020-08-18 00:00:00+05:30,1314.628088871482,1370.8083270666007,1314.0299205319443,1365.2252197265625,4261949,0.0,0.0
2020-08-19 00:00:00+05:30,1368.2161467704343,1376.7404409158264,1345.883596301093,1351.5166015625,3396764,0.0,0.0
2020-08-20 00:00:00+05:30,1338.9546211460427,1345.9335357759921,1326.1433522015864,1334.318603515625,2841389,0.0,0.0
2020-08-21 00:00:00+05:30,1337.9576224451155,1347.9275004067035,1327.0406547582213,1335.365478515625,2485166,0.0,0.0
2020-08-24 00:00:00+05:30,1343.540818076184,1392.2935488534674,1338.3066318022989,1383.0714111328125,6029138,0.0,0.0
2020-08-25 00:00:00+05:30,1387.8068703066772,1400.767710331093,1376.3914098892892,1395.8824462890625,4562237,0.0,0.0
2020-08-26 00:00:00+05:30,1405.7526692420356,1437.3073545623506,1398.9731041419557,1432.3721923828125,5718648,0.0,0.0
2020-08-27 00:00:00+05:30,1436.6593997579225,1441.4947661799445,1407.2981581385707,1415.72265625,4283571,0.0,0.0
2020-08-28 00:00:00+05:30,1405.7528067394196,1469.5600263361025,1396.779916483636,1462.6807861328125,10645702,0.0,0.0
2020-08-31 00:00:00+05:30,1483.5177986071083,1496.9771334735035,1369.8611930686604,1397.1287841796875,6973753,0.0,0.0
2020-09-01 00:00:00+05:30,1415.57305958479,1437.656363010388,1381.9247223784096,1426.340576171875,4258214,0.0,0.0
2020-09-02 00:00:00+05:30,1420.7075177304234,1433.1698643771815,1402.9113110593737,1419.2120361328125,3325250,0.0,0.0
2020-09-03 00:00:00+05:30,1429.4811422290159,1432.6714544765205,1385.8130283384576,1392.4927978515625,2395149,0.0,0.0
2020-09-04 00:00:00+05:30,1375.843168335048,1390.4988403601806,1349.9214854533732,1375.89306640625,4101756,0.0,0.0
2020-09-07 00:00:00+05:30,1374.8462003246289,1374.8462003246289,1352.314299989781,1364.6270751953125,2321547,0.0,0.0
2020-09-08 00:00:00+05:30,1367.767561643501,1368.016808588851,1343.6403843120493,1346.63134765625,2823869,0.0,0.0
2020-09-09 00:00:00+05:30,1338.9546155997966,1346.1827771508754,1309.144656034826,1322.1553955078125,3443401,0.0,0.0
2020-09-10 00:00:00+05:30,1325.9937624336872,1339.0045017912425,1311.1386200027423,1315.525390625,3289948,0.0,0.0
2020-09-11 00:00:00+05:30,1313.0328890194708,1332.175005463085,1307.0509624180154,1326.3426513671875,3500314,0.0,0.0
2020-09-14 00:00:00+05:30,1332.9726511779172,1343.8896186003876,1296.084103613532,1300.7698974609375,3891113,0.0,0.0
2020-09-15 00:00:00+05:30,1304.1596821928288,1324.8471784932392,1285.1172400592377,1319.9619140625,5029913,0.0,0.0
2020-09-16 00:00:00+05:30,1320.0119075194445,1327.9878102839125,1296.632591222145,1321.40771484375,3285887,0.0,0.0
2020-09-17 00:00:00+05:30,1311.0390273322084,1322.6040620921058,1297.280546273074,1301.1688232421875,3308991,0.0,0.0
2020-09-18 00:00:00+05:30,1309.1447368490876,1310.0420502651357,1258.6971753879252,1273.253173828125,6529137,0.0,0.0
2020-09-21 00:00:00+05:30,1272.1564221345702,1315.4754930003494,1269.3150312689143,1283.970703125,6859791,0.0,0.0
2020-09-22 00:00:00+05:30,1284.1701869239512,1297.5796241785197,1257.8994609816814,1266.722900390625,4238325,0.0,0.0
2020-09-23 00:00:00+05:30,1276.1942450149718,1283.5718571586626,1261.3391028857889,1271.5582275390625,2835349,0.0,0.0
2020-09-24 00:00:00+05:30,1263.183504275204,1281.0296096942784,1232.2768834129063,1242.346435546875,5616125,0.0,0.0
2020-09-25 00:00:00+05:30,1251.269488137656,1254.6093726630609,1226.8930653334448,1249.2755126953125,3639974,0.0,0.0
2020-09-28 00:00:00+05:30,1254.210667572942,1280.0824526148836,1249.8737949309987,1274.8482666015625,1892099,0.0,0.0
2020-09-29 00:00:00+05:30,1282.9240596723537,1289.005661433047,1255.307422223939,1259.4449462890625,2349470,0.0,0.0
2020-09-30 00:00:00+05:30,1259.444720275897,1273.103403174338,1248.2286085774178,1264.3797607421875,2950616,0.0,0.0
2020-10-01 00:00:00+05:30,1276.1444246873764,1305.8547107556758,1275.047762412934,1301.1190185546875,3162391,0.0,0.0
2020-10-05 00:00:00+05:30,1306.0540171821444,1329.682579346303,1304.6582099224959,1310.64013671875,3860008,0.0,0.0
2020-10-06 00:00:00+05:30,1321.0089050897277,1337.9576985889921,1307.1009732228495,1334.218994140625,2632531,0.0,0.0
2020-10-07 00:00:00+05:30,1335.8638812151705,1335.9635556474593,1317.8682040420122,1320.7095947265625,2834670,0.0,0.0
2020-10-08 00:00:00+05:30,1322.5042812457145,1337.209850901481,1307.3002177033118,1316.12353515625,5171253,0.0,0.0
2020-10-09 00:00:00+05:30,1319.0148033552064,1334.2188666591874,1301.6671920317822,1315.874267578125,5312676,0.0,0.0
2020-10-12 00:00:00+05:30,1323.9998040031883,1354.108787009565,1303.5615540166934,1308.9453125,5175139,0.0,0.0
2020-10-13 00:00:00+05:30,1315.6749635345377,1345.6343736507577,1303.2623925074654,1340.898681640625,4872149,0.0,0.0
2020-10-14 00:00:00+05:30,1331.227861919068,1353.9093326988161,1320.1613224945247,1349.2733154296875,3358021,0.0,0.0
2020-10-15 00:00:00+05:30,1349.2733367731948,1361.8353579863242,1297.3302997371138,1305.6053466796875,3496474,0.0,0.0
2020-10-16 00:00:00+05:30,1304.558611831673,1339.2538379615112,1304.558611831673,1332.524169921875,2358029,0.0,0.0
2020-10-19 00:00:00+05:30,1345.9334544312492,1375.8430867519435,1329.4831566548671,1372.552978515625,3970716,0.0,0.0
2020-10-20 00:00:00+05:30,1367.5681693225401,1381.8251440934398,1351.4170150206764,1364.677001953125,3228111,0.0,0.0
2020-10-21 00:00:00+05:30,1370.8582240062437,1395.7829189881754,1354.5574978285827,1389.1031494140625,4280446,0.0,0.0
2020-10-22 00:00:00+05:30,1383.8190448433236,1400.7678371793008,1373.400571176664,1388.8538818359375,3610092,0.0,0.0
2020-10-23 00:00:00+05:30,1395.7829278268405,1403.4596852488428,1374.0984430552448,1378.884033203125,2385851,0.0,0.0
2020-10-26 00:00:00+05:30,1394.7858530598778,1424.6954853628058,1343.291411771149,1412.6319580078125,8022388,0.0,0.0
2020-10-27 00:00:00+05:30,1448.1247527588935,1597.1744261065387,1448.1247527588935,1582.86767578125,33166880,0.0,0.0
2020-10-28 00:00:00+05:30,1570.2556638745284,1570.2556638745284,1536.3580812893006,1546.6768798828125,7244983,0.0,0.0
2020-10-29 00:00:00+05:30,1527.3853618045425,1584.01431946111,1520.40644696601,1566.168212890625,7286029,0.0,0.0
2020-10-30 00:00:00+05:30,1569.2587418048845,1569.9068081925302,1514.025595294102,1542.7388916015625,4201984,0.0,0.0
2020-11-02 00:00:00+05:30,1550.3160603359586,1599.9661024605614,1530.1769550499394,1575.9385986328125,5712460,0.0,0.0
2020-11-03 00:00:00+05:30,1576.237661081914,1596.6759103242791,1565.470144507332,1588.7996826171875,5260618,0.0,0.0
2020-11-04 00:00:00+05:30,1584.2137400557272,1630.8728214835398,1573.2468733844792,1625.7880859375,5088061,0.0,0.0
2020-11-05 00:00:00+05:30,1638.0509920886166,1674.9395415148363,1627.1340241151463,1670.4031982421875,6074505,0.0,0.0
2020-11-06 00:00:00+05:30,1654.9998074499943,1719.8040167778554,1645.0299290918617,1712.875,5957659,0.0,0.0
2020-11-09 00:00:00+05:30,1724.7887388610798,1746.5231196271905,1695.1782525454878,1722.9443359375,5210211,0.0,0.0
2020-11-10 00:00:00+05:30,1725.7858446761688,1789.0446705443467,1720.2525138241529,1747.669677734375,8003823,0.0,0.0
2020-11-11 00:00:00+05:30,1768.6562855526372,1812.9723427863714,1754.6984569180618,1802.404296875,10534339,0.0,0.0
2020-11-12 00:00:00+05:30,1793.580940808542,1793.580940808542,1743.1831619674824,1749.4642333984375,6775199,0.0,0.0
2020-11-13 00:00:00+05:30,1744.6289865165186,1769.4540072329382,1715.1679481604629,1757.9886474609375,6264556,0.0,0.0
2020-11-14 00:00:00+05:30,1768.606335726087,1769.6532215240866,1759.5836697872028,1765.2166748046875,310853,0.0,0.0
2020-11-17 00:00:00+05:30,1766.4630366353113,1796.5720195809843,1759.184976998139,1791.2381591796875,5826745,0.0,0.0
2020-11-18 00:00:00+05:30,1786.103617364979,1844.228053929014,1778.775781483546,1825.0858154296875,6175248,0.0,0.0
2020-11-19 00:00:00+05:30,1813.520796868808,1855.0951391879994,1810.5797315582292,1820.8486328125,8717768,0.0,0.0
2020-11-20 00:00:00+05:30,1814.5178813881541,1893.2799212945629,1806.6416530569895,1883.7088623046875,9116266,0.0,0.0
2020-11-23 00:00:00+05:30,1886.6996441495583,1899.5608104767296,1865.5136544428672,1892.1331787109375,10443439,0.0,0.0
2020-11-24 00:00:00+05:30,1890.2889556269442,1942.5311430871154,1885.1544438805774,1919.1019287109375,8949886,0.0,0.0
2020-11-25 00:00:00+05:30,1933.1591799669534,1933.1591799669534,1847.5179108821517,1856.8397216796875,6837169,0.0,0.0
2020-11-26 00:00:00+05:30,1869.3521640357244,1894.3267576282876,1844.477366587335,1883.40966796875,6864571,0.0,0.0
2020-11-27 00:00:00+05:30,1889.291819035864,1919.3510245605182,1841.3865081359957,1901.3553466796875,78702124,0.0,0.0
2020-12-01 00:00:00+05:30,1924.1863743668805,1924.1863743668805,1858.933574238435,1870.199462890625,7955798,0.0,0.0
2020-12-02 00:00:00+05:30,1874.3372023249208,1877.9762324040014,1803.5510633009476,1808.7353515625,7458011,0.0,0.0
2020-12-03 00:00:00+05:30,1830.4695873983217,1838.4454897399264,1806.2427353546523,1815.5147705078125,4462528,0.0,0.0
2020-12-04 00:00:00+05:30,1822.493693403013,1851.406339523739,1796.970830133515,1840.688720703125,3989431,0.0,0.0
2020-12-07 00:00:00+05:30,1843.87901175675,1850.4093304347489,1799.562953359225,1815.066162109375,6032173,0.0,0.0
2020-12-08 00:00:00+05:30,1826.7807634427113,1833.4605329076603,1811.7760486277573,1828.2762451171875,3953436,0.0,0.0
2020-12-09 00:00:00+05:30,1830.569200571504,1883.3098773807615,1830.569200571504,1877.8763427734375,4370644,0.0,0.0
2020-12-10 00:00:00+05:30,1894.276664310305,1914.1167442401809,1854.2475830897538,1897.5667724609375,4695216,0.0,0.0
2020-12-11 00:00:00+05:30,1887.796360831296,1922.8902819951222,1887.796360831296,1914.6153564453125,5466598,0.0,0.0
2020-12-14 00:00:00+05:30,1928.1744402946908,1941.0356074892993,1893.279866659575,1933.50830078125,3456971,0.0,0.0
2020-12-15 00:00:00+05:30,1942.1322911461534,1952.102169437458,1913.5187891311552,1945.2728271484375,4141898,0.0,0.0
2020-12-16 00:00:00+05:30,1959.0810285402765,1959.0810285402765,1930.7167742890208,1946.6685791015625,2764698,0.0,0.0
2020-12-17 00:00:00+05:30,1959.0809452053995,1963.0688962388965,1936.6986187109405,1959.529541015625,3460370,0.0,0.0
2020-12-18 00:00:00+05:30,1957.884573213615,1957.884573213615,1915.562370613476,1943.47802734375,3371676,0.0,0.0
2020-12-21 00:00:00+05:30,1929.1713663594587,1953.0990732290336,1901.8538766761724,1915.06396484375,3941511,0.0,0.0
2020-12-22 00:00:00+05:30,1924.1864643235476,1924.4357112748849,1880.4186753282045,1897.2178955078125,5073744,0.0,0.0
2020-12-23 00:00:00+05:30,1895.2737252065233,1919.0020824935184,1886.799329275826,1914.9642333984375,2340819,0.0,0.0
2020-12-24 00:00:00+05:30,1912.2225588505491,1972.041825550775,1911.225571072212,1954.6942138671875,3337164,0.0,0.0
2020-12-28 00:00:00+05:30,1957.087049284576,1990.0873210883835,1956.1897359250236,1982.9090576171875,2743069,0.0,0.0
2020-12-29 00:00:00+05:30,1977.0268816002865,2010.9244680725053,1977.0268816002865,1993.27783203125,3152865,0.0,0.0
2020-12-30 00:00:00+05:30,1997.1657688963824,2020.8941255138966,1992.9784691180462,2011.871337890625,2657431,0.0,0.0
2020-12-31 00:00:00+05:30,2010.6252858271541,2012.6691595370796,1981.0147962849176,1989.5888671875,2794829,0.0,0.0
2021-01-01 00:00:00+05:30,1990.8849700022317,2001.9016122140567,1984.703572596317,1988.0435791015625,1106099,0.0,0.0
2021-01-04 00:00:00+05:30,1997.9635262821155,1999.9076037868247,1949.1111246913852,1959.62939453125,3141429,0.0,0.0
2021-01-05 00:00:00+05:30,1953.597554812825,1958.4828192751038,1929.17135420404,1953.8468017578125,3263230,0.0,0.0
2021-01-06 00:00:00+05:30,1967.9543011535388,1973.0389147438868,1942.5311114991837,1964.46484375,3452515,0.0,0.0
2021-01-07 00:00:00+05:30,1978.0237096757353,1978.0237096757353,1941.6336565491404,1946.5189208984375,3419317,0.0,0.0
2021-01-08 00:00:00+05:30,1966.059804605731,1970.0477555278521,1940.387370544576,1964.763671875,3262897,0.0,0.0
2021-01-11 00:00:00+05:30,1954.0961717417763,1960.975412197105,1929.570295151255,1932.31201171875,2995521,0.0,0.0
2021-01-12 00:00:00+05:30,1923.9870335080132,1924.2860568153158,1890.1392259363004,1897.71630859375,6035580,0.0,0.0
2021-01-13 00:00:00+05:30,1905.2436350556159,1905.2436350556159,1871.3460507584464,1876.4306640625,5583130,0.0,0.0
2021-01-14 00:00:00+05:30,1886.3010302304692,1899.261872404357,1865.4141832543667,1886.9490966796875,4803638,0.0,0.0
2021-01-15 00:00:00+05:30,1888.494178766616,1898.2647075601008,1848.4652173006887,1858.2855224609375,2715164,0.0,0.0
2021-01-18 00:00:00+05:30,1864.8654611560682,1866.610189601416,1833.3107766468293,1841.3863525390625,5004628,0.0,0.0
2021-01-19 00:00:00+05:30,1850.508971601077,1886.300856808095,1839.6916786602205,1881.31591796875,4805514,0.0,0.0
2021-01-20 00:00:00+05:30,1884.3068935574208,1884.3068935574208,1863.8187461130942,1877.9261474609375,3041448,0.0,0.0
2021-01-21 00:00:00+05:30,1894.2766910364858,1899.1619552644165,1840.1901065687337,1852.203857421875,5668862,0.0,0.0
2021-01-22 00:00:00+05:30,1844.4275069288926,1869.3522029684723,1819.0043169685214,1822.4937744140625,4298175,0.0,0.0
2021-01-25 00:00:00+05:30,1839.4424297053176,1861.7749800216654,1769.6532860308612,1788.994873046875,6610138,0.0,0.0
2021-01-27 00:00:00+05:30,1792.5840189225246,1817.9573091077648,1741.0895760184053,1759.38427734375,7892319,0.0,0.0
2021-01-28 00:00:00+05:30,1725.7858752704044,1759.1350683731812,1695.8762413835689,1717.660400390625,6035924,0.0,0.0
2021-01-29 00:00:00+05:30,1744.579034384354,1744.579034384354,1698.867169224327,1707.7901611328125,5140687,0.0,0.0
2021-02-01 00:00:00+05:30,1724.7888600320045,1804.348533586201,1690.9411735696458,1796.073486328125,4829210,0.0,0.0
2021-02-02 00:00:00+05:30,1824.4877139411205,1873.4397916522419,1794.6279773584854,1855.6934814453125,5871337,0.0,0.0
2021-02-03 00:00:00+05:30,1864.3671588012091,1877.477572520467,1814.5177695284497,1846.6207275390625,4289395,0.0,0.0
2021-02-04 00:00:00+05:30,1833.4605549125665,1909.2316273287465,1825.4846525529686,1904.6455078125,9641674,0.0,0.0
2021-02-05 00:00:00+05:30,1909.2315178942265,1992.4799940008415,1907.3871149198103,1976.7275390625,16268336,0.0,0.0
2021-02-08 00:00:00+05:30,1993.9755402818928,2023.8851733861213,1945.621633430057,1951.254638671875,4021475,0.0,0.0
2021-02-09 00:00:00+05:30,1954.0959792106898,1969.0507953781187,1932.0126763295991,1943.2786865234375,2230923,0.0,0.0
2021-02-10 00:00:00+05:30,1944.1261703159878,1956.9873370139846,1931.1653291805478,1946.1700439453125,2860941,0.0,0.0
2021-02-11 00:00:00+05:30,1943.3285132074222,1978.77147712299,1935.4025091145004,1955.093017578125,2246777,0.0,0.0
2021-02-12 00:00:00+05:30,1954.0959652010304,1969.0507812612423,1940.1381368781658,1945.1729736328125,1690753,0.0,0.0
2021-02-15 00:00:00+05:30,1954.0959900059636,1992.9785122560822,1951.1050267559544,1979.9677734375,2930435,0.0,0.0
2021-02-16 00:00:00+05:30,1993.975571915409,2042.8279734273367,1991.9815963434937,2013.56640625,5480183,0.0,0.0
2021-02-17 00:00:00+05:30,2009.0300360966942,2017.404757726518,1963.2184966297104,1983.457275390625,4395224,0.0,0.0
2021-02-18 00:00:00+05:30,1973.1884052317819,1978.8711869431181,1932.2620078477155,1939.58984375,3538208,0.0,0.0
2021-02-19 00:00:00+05:30,1936.3994913658275,1963.9163294074383,1919.3011268132198,1932.9100341796875,2735683,0.0,0.0
2021-02-22 00:00:00+05:30,1932.9100021645315,1956.139865442832,1915.8116378951274,1943.727294921875,3853276,0.0,0.0
2021-02-23 00:00:00+05:30,1959.0808739711895,1959.0808739711895,1860.3790894810381,1867.30810546875,5572402,0.0,0.0
2021-02-24 00:00:00+05:30,1883.409466945874,1918.2043625192011,1846.4711451486532,1905.44287109375,3821416,0.0,0.0
2021-02-25 00:00:00+05:30,1921.1953973792781,1959.280280810269,1881.8642792587573,1889.790283203125,5622516,0.0,0.0
2021-02-26 00:00:00+05:30,1863.3700461451635,1863.3700461451635,1767.6592251553639,1774.987060546875,8400096,0.0,0.0
2021-03-01 00:00:00+05:30,1805.544903968026,1849.3126926841398,1795.9738454382596,1839.84130859375,3260044,0.0,0.0
2021-03-02 00:00:00+05:30,1839.4425493302297,1862.7720889305508,1814.6175279824854,1839.0936279296875,3837149,0.0,0.0
2021-03-03 00:00:00+05:30,1849.412363348085,1903.0004574343166,1845.6237610386183,1893.7783203125,2875618,0.0,0.0
2021-03-04 00:00:00+05:30,1858.2855289713718,1904.6454602795613,1844.4273746268966,1891.983642578125,4022514,0.0,0.0
2021-03-05 00:00:00+05:30,1869.8505592693434,1922.491562111635,1862.3731510078023,1916.708984375,5407986,0.0,0.0
2021-03-08 00:00:00+05:30,1914.2165030450199,1941.982587876271,1887.5969784805932,1910.0789794921875,4698010,0.0,0.0
2021-03-09 00:00:00+05:30,1912.0233053476788,1985.002765681127,1912.0233053476788,1972.989013671875,7918345,0.0,0.0
2021-03-10 00:00:00+05:30,1977.2760932874658,1993.3275728430367,1951.3045119049762,1958.0341796875,2761470,0.0,0.0
2021-03-12 00:00:00+05:30,1973.0388125743996,1974.0358003523554,1906.2406314513653,1929.3209228515625,2620265,0.0,0.0
2021-03-15 00:00:00+05:30,1938.14434473091,1938.14434473091,1887.397639759315,1912.8707275390625,2643553,0.0,0.0
2021-03-16 00:00:00+05:30,1919.3012206009541,1935.8511940091346,1894.276850755185,1897.4671630859375,2769224,0.0,0.0
2021-03-17 00:00:00+05:30,1897.467044785806,1911.9233672192177,1855.3942102468502,1862.7220458984375,2694994,0.0,0.0
2021-03-18 00:00:00+05:30,1875.3341578725779,1887.1983377041618,1819.6025123597642,1824.8865966796875,2197575,0.0,0.0
2021-03-19 00:00:00+05:30,1812.9722202108076,1866.360959809474,1808.5855717271809,1828.625,4803016,0.0,0.0
2021-03-22 00:00:00+05:30,1827.4785891561326,1844.3774832389713,1799.562931493082,1817.1597900390625,2434097,0.0,0.0
2021-03-23 00:00:00+05:30,1838.4454842739647,1838.4454842739647,1793.4314612268429,1807.18994140625,4250856,0.0,0.0
2021-03-24 00:00:00+05:30,1794.5781179482299,1799.5630571647528,1768.0083675836395,1777.0809326171875,3046161,0.0,0.0
2021-03-25 00:00:00+05:30,1787.4994782058877,1793.3817306560684,1739.7437375174643,1757.58984375,4113013,0.0,0.0
2021-03-26 00:00:00+05:30,1779.6232634765333,1787.0009977048583,1757.4402844219937,1765.71533203125,3310757,0.0,0.0
2021-03-30 00:00:00+05:30,1776.7319367751572,1796.5221202951063,1769.6533477247806,1775.884521484375,5575524,0.0,0.0
2021-03-31 00:00:00+05:30,1773.4419382821302,1773.6412871600694,1737.3509070845125,1747.7196044921875,3798383,0.0,0.0
2021-04-01 00:00:00+05:30,1764.6682830415791,1807.7880023870866,1745.3765947963063,1799.1142578125,3802652,0.0,0.0
2021-04-05 00:00:00+05:30,1780.7197509743246,1794.1790852594993,1729.1755342817712,1753.9007568359375,2448241,0.0,0.0
2021-04-06 00:00:00+05:30,1770.6501452376426,1776.0836794910315,1723.4925786119293,1762.973388671875,2873045,0.0,0.0
2021-04-07 00:00:00+05:30,1760.7303876121296,1805.2457963983761,1740.341913678276,1786.6021728515625,3158142,0.0,0.0
2021-04-08 00:00:00+05:30,1790.5900118726342,1818.2065240651282,1773.3420749925954,1777.87841796875,2890290,0.0,0.0
2021-04-09 00:00:00+05:30,1764.6683086539963,1801.0084632782864,1738.8463017179167,1793.8302001953125,3139384,0.0,0.0
2021-04-12 00:00:00+05:30,1751.9567905770825,1762.6744092987803,1718.1091038533227,1737.251220703125,3328336,0.0,0.0
2021-04-13 00:00:00+05:30,1740.541322525002,1780.6700808433773,1718.258548183642,1770.500732421875,3118742,0.0,0.0
2021-04-15 00:00:00+05:30,1794.5779922767165,1804.0493761248435,1747.3207474729077,1767.9085693359375,3546886,0.0,0.0
2021-04-16 00:00:00+05:30,1768.656213500779,1782.7636140651077,1754.7482835018109,1758.7860107421875,2912279,0.0,0.0
2021-04-19 00:00:00+05:30,1714.8189677348228,1714.8189677348228,1669.9545179975746,1695.626953125,3865423,0.0,0.0
2021-04-20 00:00:00+05:30,1719.803873907986,1728.3779442431799,1679.2762974084155,1692.5860595703125,3317008,0.0,0.0
2021-04-22 00:00:00+05:30,1684.6600959609532,1734.5094848043016,1664.1719484652933,1730.8206787109375,3590444,0.0,0.0
2021-04-23 00:00:00+05:30,1728.6771729702475,1751.0595004278134,1715.0682651423292,1728.9761962890625,1893450,0.0,0.0
2021-04-26 00:00:00+05:30,1734.7586540264542,1777.629126511016,1728.0788849017617,1754.3494873046875,3253062,0.0,0.0
2021-04-27 00:00:00+05:30,1744.7285649544742,1757.290586281625,1719.3552753623217,1745.0277099609375,4533360,0.0,0.0
2021-04-28 00:00:00+05:30,1757.1910253704361,1818.5057760429365,1748.7166289360255,1805.9935302734375,4174599,0.0,0.0
2021-04-29 00:00:00+05:30,1819.6022953944275,1839.890971512296,1775.1865647097868,1799.5628662109375,3960095,0.0,0.0
2021-04-30 00:00:00+05:30,1774.6381956936152,1796.571926202188,1734.2102937342715,1743.5322265625,2621783,0.0,0.0
2021-05-03 00:00:00+05:30,1729.7737229716602,1753.7014286496544,1679.9243361425058,1720.25244140625,5593869,0.0,0.0
2021-05-04 00:00:00+05:30,1745.7256096981027,1758.686450889465,1720.1030723316076,1727.430908203125,4255151,0.0,0.0
2021-05-05 00:00:00+05:30,1735.7556307796838,1772.6441766377243,1716.7131895556486,1765.416015625,2411643,0.0,0.0
2021-05-06 00:00:00+05:30,1776.333084659261,1788.2969380577476,1757.8888106699274,1782.8634033203125,2380255,0.0,0.0
2021-05-07 00:00:00+05:30,1790.58994268417,1807.5387339011138,1768.1577190146857,1774.987060546875,1610730,0.0,0.0
2021-05-10 00:00:00+05:30,1803.5507368510534,1807.7879345468064,1785.2061389571563,1803.899658203125,1332490,0.0,0.0
2021-05-11 00:00:00+05:30,1771.2485483174785,1788.9949803112077,1747.9689069079373,1750.1622314453125,2955976,0.0,0.0
2021-05-12 00:00:00+05:30,1748.7166314686667,1748.7166314686667,1710.3824985761833,1713.6724853515625,3181830,0.0,0.0
2021-05-14 00:00:00+05:30,1723.6922562083807,1723.6922562083807,1695.9759462942236,1701.50927734375,2937892,0.0,0.0
2021-05-17 00:00:00+05:30,1711.827997987413,1749.7135331787476,1704.8490836100618,1738.896240234375,4211441,0.0,0.0
2021-05-18 00:00:00+05:30,1762.6743991544174,1765.6154644312385,1744.828293510239,1749.813232421875,4658414,0.0,0.0
2021-05-19 00:00:00+05:30,1742.6847705740608,1745.0775656266815,1722.2465207415544,1725.3372802734375,2372042,0.0,0.0
2021-05-20 00:00:00+05:30,1726.7828007341084,1731.767739535304,1699.9638056431554,1703.054443359375,2598038,0.0,0.0
2021-05-21 00:00:00+05:30,1710.3326508165442,1759.135157225832,1710.3326508165442,1752.355712890625,4293112,0.0,0.0
2021-05-24 00:00:00+05:30,1758.3375125711927,1773.5415761300155,1736.7527029160144,1751.70751953125,3613907,0.0,0.0
2021-05-25 00:00:00+05:30,1765.067254741212,1768.5567120990986,1732.7648251448247,1745.2271728515625,2201625,0.0,0.0
2021-05-26 00:00:00+05:30,1754.748324825804,1756.493053375137,1731.6680342469654,1735.40673828125,2845100,0.0,0.0
2021-05-27 00:00:00+05:30,1734.7586905682936,1778.0777597637982,1720.5017170164886,1771.896484375,5339988,0.0,0.0
2021-05-28 00:00:00+05:30,1780.6202354108098,1807.5389063828657,1772.893579854016,1795.3258056640625,3247009,0.0,0.0
2021-05-31 00:00:00+05:30,1793.581015739555,1806.3425080011805,1779.6231868232937,1802.2547607421875,2310809,0.0,0.0
2021-06-01 00:00:00+05:30,1809.5328161274651,1818.5057061247912,1782.6141461354862,1791.5870361328125,2289816,0.0,0.0
2021-06-02 00:00:00+05:30,1787.5992079224188,1787.5992079224188,1764.668487463849,1777.72900390625,3098849,0.0,0.0
2021-06-03 00:00:00+05:30,1784.608293702983,1822.443934824185,1784.608293702983,1808.7353515625,3444131,0.0,0.0
2021-06-04 00:00:00+05:30,1814.5178040553064,1815.464893788466,1791.5870845535087,1805.7442626953125,1508706,0.0,0.0
2021-06-07 00:00:00+05:30,1819.502780228847,1819.502780228847,1801.5569993827544,1809.4332275390625,1096139,0.0,0.0
2021-06-08 00:00:00+05:30,1809.5327998915386,1811.0282815443413,1782.4645576352839,1788.1474609375,1331031,0.0,0.0
2021-06-09 00:00:00+05:30,1784.5085780397867,1806.541985196416,1769.6534347260697,1777.5296630859375,2037714,0.0,0.0
2021-06-10 00:00:00+05:30,1782.3149920660398,1797.5689536650398,1770.650283809823,1794.12939453125,1854489,0.0,0.0
2021-06-11 00:00:00+05:30,1803.5508411786536,1804.5478289294433,1782.6140984120689,1788.9449462890625,1621928,0.0,0.0
2021-06-14 00:00:00+05:30,1784.5085247781824,1784.5085247781824,1754.2000706855476,1762.724365234375,2543002,0.0,0.0
2021-06-15 00:00:00+05:30,1770.451060670738,1778.7758848210997,1760.680531126137,1765.5657958984375,1735824,0.0,0.0
2021-06-16 00:00:00+05:30,1765.515755428158,1775.5853074919978,1747.7195482025552,1755.296630859375,2845543,0.0,0.0
2021-06-17 00:00:00+05:30,1741.986806653708,1766.4629040417738,1730.770694720754,1760.730224609375,2578242,0.0,0.0
2021-06-18 00:00:00+05:30,1769.6034175868597,1771.2983698403227,1728.0290756972558,1755.1470947265625,2678789,0.0,0.0
2021-06-21 00:00:00+05:30,1734.7587725914975,1771.8466700830984,1726.0850274095849,1766.7122802734375,1279321,0.0,0.0
2021-06-22 00:00:00+05:30,1774.6384197538962,1779.6233591352272,1748.716734970974,1751.807373046875,1571743,0.0,0.0
2021-06-23 00:00:00+05:30,1758.6865669795402,1758.6865669795402,1722.0472635007998,1731.46875,7602349,0.0,0.0
2021-06-24 00:00:00+05:30,1729.7738721069234,1737.6501002455125,1721.9973184100652,1732.6651611328125,3595393,0.0,0.0
2021-06-25 00:00:00+05:30,1729.7738037109375,1748.7165715901926,1715.7163003094859,1729.7738037109375,9577645,0.0,0.0
2021-06-28 00:00:00+05:30,1729.773789394009,1742.7346304672783,1717.0122971946696,1727.8297119140625,3500507,0.0,0.0
2021-06-29 00:00:00+05:30,1732.565379838767,1732.7647287099346,1696.8731693120303,1700.7115478515625,10394662,0.0,0.0
2021-06-30 00:00:00+05:30,1700.7115478515625,1738.2481613957254,1693.3338140792496,1700.7115478515625,8822099,0.0,0.0
2021-07-01 00:00:00+05:30,1704.7492670258503,1720.0031055857203,1701.0105632068726,1710.9305419921875,2988386,0.0,0.0
2021-07-02 00:00:00+05:30,1721.7979236197066,1722.7949114156647,1704.8491310884183,1709.983642578125,2242551,0.0,0.0
2021-07-05 00:00:00+05:30,1721.7977507640237,1734.5592419521738,1716.3143184367498,1725.8853759765625,1887671,0.0,0.0
2021-07-06 00:00:00+05:30,1723.7918959664814,1754.698517583,1721.7979203783188,1750.0625,3692222,0.0,0.0
2021-07-07 00:00:00+05:30,1750.710586110702,1763.1729336769797,1737.899317153091,1756.4931640625,2726182,0.0,0.0
2021-07-08 00:00:00+05:30,1752.7045692756578,1757.6895083236545,1719.8039715588793,1727.08203125,2208015,0.0,0.0
2021-07-09 00:00:00+05:30,1723.7918885218212,1724.7888763115966,1709.784161394431,1714.868896484375,1698166,0.0,0.0
2021-07-12 00:00:00+05:30,1726.7828082255214,1737.7496736357296,1719.953466378777,1726.73291015625,1737065,0.0,0.0
2021-07-13 00:00:00+05:30,1737.7495616640745,1747.2209448171488,1718.407975937276,1741.8870849609375,2066639,0.0,0.0
2021-07-14 00:00:00+05:30,1734.7588022913453,1752.6546849327879,1730.3720315542237,1742.88427734375,2158984,0.0,0.0
2021-07-15 00:00:00+05:30,1751.7074584920492,1751.7074584920492,1734.7586669187056,1744.7784423828125,1950556,0.0,0.0
2021-07-16 00:00:00+05:30,1750.2121516443315,1756.6925725988676,1734.7588401373607,1744.230224609375,1838050,0.0,0.0
2021-07-19 00:00:00+05:30,1728.6770128614614,1734.7586135454396,1706.842957695283,1717.6104736328125,2146337,0.0,0.0
2021-07-20 00:00:00+05:30,1717.6105680138073,1718.607555777525,1690.8912472651311,1697.521240234375,2143859,0.0,0.0
2021-07-22 00:00:00+05:30,1701.4095504200743,1716.7630649221453,1698.0197676160365,1702.0574951171875,1858253,0.0,0.0
2021-07-23 00:00:00+05:30,1704.8491881273642,1722.0971262555472,1689.0469553732567,1717.7601318359375,1995800,0.0,0.0
2021-07-26 00:00:00+05:30,1706.4444075426486,1744.7287659473898,1668.30962165837,1735.3570556640625,3939095,0.0,0.0
2021-07-27 00:00:00+05:30,1746.7225645356166,1747.7195523007626,1688.747701651861,1692.8353271484375,4301131,0.0,0.0
2021-07-28 00:00:00+05:30,1699.8642784306553,1700.661917388972,1641.0419954820284,1647.871337890625,5052755,0.0,0.0
2021-07-29 00:00:00+05:30,1658.987731548972,1658.987731548972,1630.174759226619,1636.705078125,2994265,0.0,0.0
2021-07-30 00:00:00+05:30,1636.7051371190898,1664.8700440334715,1621.1022528419264,1649.8155517578125,3222001,0.0,0.0
2021-08-02 00:00:00+05:30,1659.9846761471115,1672.2476746879818,1652.5072676959985,1660.0843505859375,2590976,0.0,0.0
2021-08-03 00:00:00+05:30,1659.9845667758598,1684.1615191748476,1659.9845667758598,1680.5723876953125,3230140,0.0,0.0
2021-08-04 00:00:00+05:30,1693.5832058832923,1747.9689415817556,1679.9245210695897,1744.6788330078125,7004160,0.0,0.0
2021-08-05 00:00:00+05:30,1756.3933101427713,1787.5990761032524,1747.2709693864285,1766.4130859375,6052092,0.0,0.0
2021-08-06 00:00:00+05:30,1763.671428361443,1779.3240882305813,1750.860159398153,1771.8466796875,3640469,0.0,0.0
2021-08-09 00:00:00+05:30,1771.8464729182906,1784.209144607354,1756.7919831488903,1775.535400390625,1596886,0.0,0.0
2021-08-10 00:00:00+05:30,1779.6230610797902,1819.4028950209174,1773.940279817887,1807.7879638671875,4594848,0.0,0.0
2021-08-11 00:00:00+05:30,1815.4188929279633,1815.4188929279633,1757.7145310410774,1776.1180419921875,3101903,0.9,0.0
2021-08-12 00:00:00+05:30,1770.6319346762293,1786.4919377052856,1757.564932572146,1783.2001953125,1641690,0.0,0.0
2021-08-13 00:00:00+05:30,1779.5094581279714,1794.47170132972,1769.3849825421787,1783.4993896484375,1839917,0.0,0.0
2021-08-16 00:00:00+05:30,1779.50951862169,1796.66617603771,1767.2903529248763,1777.8636474609375,1553661,0.0,0.0
2021-08-17 00:00:00+05:30,1774.5219485953842,1790.4816738216496,1772.5769057886491,1783.848388671875,1419337,0.0,0.0
2021-08-18 00:00:00+05:30,1783.848389926291,1786.04292520427,1741.2059990573766,1745.295654296875,2763653,0.0,0.0
2021-08-20 00:00:00+05:30,1727.6403013525437,1727.6403013525437,1692.7284014984218,1699.261962890625,5643242,0.0,0.0
2021-08-23 00:00:00+05:30,1720.209010928013,1720.209010928013,1695.7207594901608,1712.5283203125,3093169,0.0,0.0
2021-08-24 00:00:00+05:30,1720.6579012656032,1720.6579012656032,1687.3419500131274,1700.6085205078125,4707971,0.0,0.0
2021-08-25 00:00:00+05:30,1700.7082714362798,1712.3787721596864,1689.7359600076586,1692.9278564453125,2913810,0.0,0.0
2021-08-26 00:00:00+05:30,1689.5366567397855,1712.1794708296898,1684.6489659688434,1693.227294921875,4382577,0.0,0.0
2021-08-27 00:00:00+05:30,1690.7335812567026,1719.4611385992062,1690.7335812567026,1709.2369384765625,3661315,0.0,0.0
2021-08-30 00:00:00+05:30,1711.6307783089392,1735.1714727749682,1711.6307783089392,1731.480712890625,2561253,0.0,0.0
2021-08-31 00:00:00+05:30,1739.6601537321906,1755.1709402444224,1734.672739079437,1749.2857666015625,4492609,0.0,0.0
2021-09-01 00:00:00+05:30,1749.3356443106038,1749.4353682484748,1733.6252885598456,1742.2535400390625,7266354,0.0,0.0
2021-09-02 00:00:00+05:30,1747.5899825656054,1783.8983832683216,1739.6101196315158,1771.9285888671875,5763844,0.0,0.0
2021-09-03 00:00:00+05:30,1788.4867292261274,1806.8902388891327,1773.0756680782802,1787.339599609375,4845134,0.0,0.0
2021-09-06 00:00:00+05:30,1803.449004802466,1803.449004802466,1765.544656250202,1770.083251953125,1901931,0.0,0.0
2021-09-07 00:00:00+05:30,1770.0833722686407,1774.9709411879505,1741.6051860706832,1760.40771484375,2922837,0.0,0.0
2021-09-08 00:00:00+05:30,1755.6695885883032,1823.398700332929,1750.5824502649289,1810.780517578125,15249557,0.0,0.0
2021-09-09 00:00:00+05:30,1821.4036794813692,1837.064111481441,1802.2520575151502,1813.274169921875,3642925,0.0,0.0
2021-09-13 00:00:00+05:30,1823.897480842448,1845.1439152966116,1790.2324330008114,1835.41845703125,3271615,0.0,0.0
2021-09-14 00:00:00+05:30,1845.3432634833857,1874.2702659920442,1840.5054960371324,1863.048583984375,4168080,0.0,0.0
2021-09-15 00:00:00+05:30,1869.2829067774624,1893.6713143533052,1853.3231807857658,1866.9886474609375,4814023,0.0,0.0
2021-09-16 00:00:00+05:30,1872.2752081142569,1905.1921403826482,1863.2978629501504,1902.000244140625,4128783,0.0,0.0
2021-09-17 00:00:00+05:30,1911.1771309916405,2011.9228983351454,1908.1846824566849,2002.8956298828125,14638489,0.0,0.0
2021-09-20 00:00:00+05:30,1984.9908574581978,2032.071998939929,1976.3626065141252,1996.4119873046875,5881089,0.0,0.0
2021-09-21 00:00:00+05:30,2011.9228813899874,2022.5460979522156,1991.075465752773,2005.8880615234375,3866888,0.0,0.0
2021-09-22 00:00:00+05:30,2011.4242935377954,2017.3094670755647,1973.819236432763,1980.55224609375,1911809,0.0,0.0
2021-09-23 00:00:00+05:30,1998.9556165853508,2046.8347930305088,1985.8886156998014,2018.9052734375,2989107,0.0,0.0
2021-09-24 00:00:00+05:30,2024.890114748262,2047.183953077227,2008.8306657770042,2022.994873046875,2114888,0.0,0.0
2021-09-27 00:00:00+05:30,2026.0870770145098,2052.819665582511,2020.4014735847309,2028.231689453125,1830064,0.0,0.0
2021-09-28 00:00:00+05:30,2034.864929981029,2072.569828859422,2007.833170214771,2062.993896484375,3899267,0.0,0.0
2021-09-29 00:00:00+05:30,2054.7146864293127,2054.814532117999,2015.064867584731,2025.3388671875,3420314,0.0,0.0
2021-09-30 00:00:00+05:30,2020.351515648208,2029.8775252211692,1991.7737304554025,2000.4517822265625,4572748,0.0,0.0
2021-10-01 00:00:00+05:30,1991.9732495458682,2005.7385615679273,1966.9364543874096,1988.531982421875,3373978,0.0,0.0
2021-10-04 00:00:00+05:30,1989.97833090188,2009.8282644198764,1982.9959507934525,1985.9384765625,2043053,0.0,0.0
2021-10-05 00:00:00+05:30,1989.8785659204032,1992.9208155613499,1970.5273742378956,1977.360107421875,2719807,0.0,0.0
2021-10-06 00:00:00+05:30,1971.0759763303627,1999.953055281202,1937.211361513538,1950.8270263671875,2979275,0.0,0.0
2021-10-07 00:00:00+05:30,1963.0461848376344,1977.2603149869922,1944.343382009532,1947.5352783203125,2222130,0.0,0.0
2021-10-08 00:00:00+05:30,1945.0916178258276,1961.2009907055588,1926.1394430880375,1931.4759521484375,1937834,0.0,0.0
2021-10-11 00:00:00+05:30,1944.0940411656388,1999.9530798035432,1940.1041098343599,1970.4276123046875,2376167,0.0,0.0
2021-10-12 00:00:00+05:30,1975.0159151519845,1998.9555020023117,1960.05367337053,1990.077880859375,1890902,0.0,0.0
2021-10-13 00:00:00+05:30,1998.9556054322459,2016.9102964990027,1989.5294413274153,2004.2921142578125,1742478,0.0,0.0
2021-10-14 00:00:00+05:30,2002.9456880892458,2020.401639056159,1980.0035811041598,2012.7210693359375,1652356,0.0,0.0
2021-10-18 00:00:00+05:30,2012.7208433734922,2041.7973695950284,2002.8955403790194,2006.536376953125,2166779,0.0,0.0
2021-10-19 00:00:00+05:30,2006.8357605562219,2039.802495531365,1987.085551516579,2030.2266845703125,1695203,0.0,0.0
2021-10-20 00:00:00+05:30,2036.8599266675656,2039.8024522932355,1993.1701302698718,2010.376708984375,1794893,0.0,0.0
2021-10-21 00:00:00+05:30,2025.8878049836005,2149.575686725583,2016.910458728134,2138.35400390625,9495518,0.0,0.0
2021-10-22 00:00:00+05:30,2149.475857907572,2196.108184656431,2117.40687927575,2165.934326171875,5931826,0.0,0.0
2021-10-25 00:00:00+05:30,2146.5829531938966,2177.454996682619,2109.7260129955257,2149.07666015625,6777262,0.0,0.0
2021-10-26 00:00:00+05:30,2149.076666805432,2234.3614451817907,2118.354148228968,2205.384521484375,10669001,0.0,0.0
2021-10-27 00:00:00+05:30,2194.4621219153432,2247.3287093978493,2171.1211222108536,2182.74169921875,4550568,0.0,0.0
2021-10-28 00:00:00+05:30,2182.7418597686965,2184.487454766798,2085.1380648929958,2093.2177734375,3102289,0.0,0.0
2021-10-29 00:00:00+05:30,2072.3205829851204,2091.6716532313135,2009.9279808303063,2026.037353515625,4666345,0.0,0.0
2021-11-01 00:00:00+05:30,2049.8270698986425,2081.547070342433,2029.677966870545,2071.27294921875,1966588,0.0,0.0
2021-11-02 00:00:00+05:30,2060.949280684299,2088.230536525104,2054.814858008939,2071.4228515625,1536206,0.0,0.0
2021-11-03 00:00:00+05:30,2074.764363653356,2106.2849196654493,2022.8952545620225,2032.4212646484375,2067291,0.0,0.0
2021-11-04 00:00:00+05:30,2034.8650568181818,2056.8096799799464,2033.8675739471923,2051.822265625,205177,0.0,0.0
2021-11-08 00:00:00+05:30,2049.8272251610533,2122.2445763654973,2049.8272251610533,2113.5166015625,2121996,0.0,0.0
2021-11-09 00:00:00+05:30,2114.6635551890886,2121.5960120067807,2078.0559848021153,2091.9208984375,1777573,0.0,0.0
2021-11-10 00:00:00+05:30,2079.75164111817,2086.0857543180964,2057.856942330558,2070.82421875,1445788,0.0,0.0
2021-11-11 00:00:00+05:30,2067.7822629663374,2072.4703843701054,2042.396369272868,2048.929931640625,1547153,0.0,0.0
2021-11-12 00:00:00+05:30,2062.7944529347064,2074.764246665469,2047.8821336170138,2069.4775390625,1434428,0.0,0.0
2021-11-15 00:00:00+05:30,2074.8640962784884,2102.693769344678,2074.7642505867793,2092.020751953125,1819328,0.0,0.0
2021-11-16 00:00:00+05:30,2094.614311041018,2098.5545634424466,2064.789668791144,2077.607421875,1545107,0.0,0.0
2021-11-17 00:00:00+05:30,2064.789491596288,2076.609760733976,2040.3511618648342,2047.93212890625,1446763,0.0,0.0
2021-11-18 00:00:00+05:30,2044.8398617390646,2057.258474633189,2003.8433405709536,2019.3541259765625,2793199,0.0,0.0
2021-11-22 00:00:00+05:30,2038.854988992478,2038.854988992478,1936.1142532457925,1950.52783203125,2748329,0.0,0.0
2021-11-23 00:00:00+05:30,1933.1218081205413,1988.1330129261164,1927.8351001877486,1977.9088134765625,3229625,0.0,0.0
2021-11-24 00:00:00+05:30,1974.5672315974828,2019.8528557415975,1965.041221640152,2006.3370361328125,1947483,0.0,0.0
2021-11-25 00:00:00+05:30,2014.9154496174588,2042.844970701265,2007.9829921965193,2029.9774169921875,3164428,0.0,0.0
2021-11-26 00:00:00+05:30,1996.9607695867135,2001.9481840961707,1950.1787971353938,1959.355712890625,2647553,0.0,0.0
2021-11-29 00:00:00+05:30,1987.9833377285336,2039.8524463897897,1932.3237454983523,2014.516357421875,4171900,0.0,0.0
2021-11-30 00:00:00+05:30,2017.907849017088,2034.4660403311539,1941.9994268495782,1956.961669921875,4265816,0.0,0.0
2021-12-01 00:00:00+05:30,1974.0185649865455,1980.9012210210174,1935.116733741232,1948.43310546875,2585693,0.0,0.0
2021-12-02 00:00:00+05:30,1942.647749377189,1975.9635787478107,1940.7025847857396,1959.3056640625,1932929,0.0,0.0
2021-12-03 00:00:00+05:30,1961.749565990817,1984.8912422728026,1900.404367788851,1909.3817138671875,3491724,0.0,0.0
2021-12-06 00:00:00+05:30,1915.1671654938582,1921.650804335374,1872.2754008499853,1880.4547119140625,3081336,0.0,0.0
2021-12-07 00:00:00+05:30,1907.1872077699518,1958.8568680664262,1905.3916899360809,1932.27392578125,7344475,0.0,0.0
2021-12-08 00:00:00+05:30,1965.0412926861547,1965.0412926861547,1910.628552348433,1915.615966796875,5125595,0.0,0.0
2021-12-09 00:00:00+05:30,1921.1519790220093,1932.0245664957706,1881.3523887488511,1911.5262451171875,4654453,0.0,0.0
2021-12-10 00:00:00+05:30,1910.1797711005463,1915.1671856465007,1883.7464740069877,1891.9757080078125,3054922,0.0,0.0
2021-12-13 00:00:00+05:30,1905.1922739416602,1911.1771711372885,1857.5624670931188,1868.3851318359375,4085110,0.0,0.0
2021-12-14 00:00:00+05:30,1868.3850964478502,1869.2828553627994,1811.4787730817443,1835.7674560546875,10111252,0.0,0.0
2021-12-15 00:00:00+05:30,1840.9544091157043,1877.0134401706762,1832.1267098357855,1862.6995849609375,5305747,0.0,0.0
2021-12-16 00:00:00+05:30,1881.152879449784,1886.1900946459718,1846.2409806596038,1856.066162109375,3054462,0.0,0.0
2021-12-17 00:00:00+05:30,1850.3308181596087,1855.2683099125497,1785.4944283049592,1789.284912109375,2935126,0.0,0.0
2021-12-20 00:00:00+05:30,1775.5194990248385,1775.5194990248385,1718.0645103752954,1738.1138916015625,3269179,0.0,0.0
2021-12-21 00:00:00+05:30,1756.6171620023208,1763.5496188690167,1716.6679265122048,1732.1788330078125,2264231,0.0,0.0
2021-12-22 00:00:00+05:30,1743.5999681664123,1765.5445901913902,1728.7873726521602,1757.9637451171875,3453839,0.0,0.0
2021-12-23 00:00:00+05:30,1780.4071322122081,1784.197493918161,1762.9012597953351,1771.1304931640625,1919649,0.0,0.0
2021-12-24 00:00:00+05:30,1775.5194568583315,1775.5194568583315,1725.6453148117494,1743.9990234375,2271570,0.0,0.0
2021-12-27 00:00:00+05:30,1738.7123809085872,1774.472117745017,1716.6680336495435,1768.9859619140625,1653833,0.0,0.0
2021-12-28 00:00:00+05:30,1780.506925696808,1785.195046487822,1761.105932550596,1770.432373046875,1285671,0.0,0.0
2021-12-29 00:00:00+05:30,1769.5345356865048,1775.5194326504952,1749.684603069995,1759.7591552734375,1411908,0.0,0.0
2021-12-30 00:00:00+05:30,1754.5723478281673,1765.494736421823,1739.2610103051863,1750.831787109375,2498395,0.0,0.0
2021-12-31 00:00:00+05:30,1757.5647178256436,1796.4665475618526,1755.6196750440488,1791.578857421875,2212892,0.0,0.0
2022-01-03 00:00:00+05:30,1792.4768085468825,1823.49850302889,1787.0903764223451,1819.857666015625,1985109,0.0,0.0
2022-01-04 00:00:00+05:30,1825.3935581585713,1852.32559426255,1810.7306094293986,1847.9366455078125,2635575,0.0,0.0
2022-01-05 00:00:00+05:30,1852.3257327314632,1923.4961128109428,1835.468247483236,1917.311767578125,4208167,0.0,0.0
2022-01-06 00:00:00+05:30,1902.2996309611972,1910.1797702930844,1870.2804539423148,1887.137939453125,2258030,0.0,0.0
2022-01-07 00:00:00+05:30,1887.1378978105204,1920.5535745169213,1878.858741145208,1899.456787109375,2303351,0.0,0.0
2022-01-10 00:00:00+05:30,1899.456799205971,1950.3783496044896,1896.5640744633404,1943.0467529296875,2862087,0.0,0.0
2022-01-11 00:00:00+05:30,1943.0966865171679,1949.3309546335604,1915.366613230235,1931.9249267578125,2714019,0.0,0.0
2022-01-12 00:00:00+05:30,1949.8795306793825,1971.1757652484785,1942.2487624976852,1951.6749267578125,2149396,0.0,0.0
2022-01-13 00:00:00+05:30,1955.066421497353,1961.9490776399275,1917.7107367918184,1921.5010986328125,1487152,0.0,0.0
2022-01-14 00:00:00+05:30,1904.194837374149,1940.1042214210163,1893.2225255820508,1933.3212890625,1828762,0.0,0.0
2022-01-17 00:00:00+05:30,1917.1619375248476,1948.0339814140107,1913.7704716594492,1932.572998046875,1676473,0.0,0.0
2022-01-18 00:00:00+05:30,1925.1419114897694,1970.0286399960075,1925.1419114897694,1937.2613525390625,2081456,0.0,0.0
2022-01-19 00:00:00+05:30,1940.1041983949226,1940.1041983949226,1895.317192804302,1900.853271484375,1521702,0.0,0.0
2022-01-20 00:00:00+05:30,1920.1545289821538,1920.1545289821538,1872.275351116625,1887.8360595703125,1489821,0.0,0.0
2022-01-21 00:00:00+05:30,1863.5472210995515,1896.214782448948,1844.8943416449576,1888.9830322265625,1753896,0.0,0.0
2022-01-24 00:00:00+05:30,1879.3574209662725,1883.1479045168865,1805.4439658336473,1826.2913818359375,2547434,0.0,0.0
2022-01-25 00:00:00+05:30,1810.132055000017,1869.183111988712,1777.7138628082387,1849.9815673828125,2569065,0.0,0.0
2022-01-27 00:00:00+05:30,1835.3685945150191,1893.7712688772265,1816.566065603169,1884.49462890625,3718619,0.0,0.0
2022-01-28 00:00:00+05:30,1890.2301082884474,1951.9743245687907,1883.8961161832042,1893.5218505859375,4971964,0.0,0.0
2022-01-31 00:00:00+05:30,1915.1671237717055,1934.0195744989426,1836.3659764915155,1852.5750732421875,4516625,0.0,0.0
2022-02-01 00:00:00+05:30,1877.262718159416,1900.2048236417043,1829.4832654328245,1877.56201171875,3097086,0.0,0.0
2022-02-02 00:00:00+05:30,1905.9903227689717,1943.096636945882,1892.125286479223,1937.710205078125,2710508,0.0,0.0
2022-02-03 00:00:00+05:30,1935.016949593951,1937.560457730707,1891.277352228,1904.24462890625,2239713,0.0,0.0
2022-02-04 00:00:00+05:30,1909.1821912094601,1913.1721226435448,1875.5171447343716,1879.4571533203125,1771267,0.0,0.0
2022-02-07 00:00:00+05:30,1845.3433390779496,1885.2426545174728,1815.4188524983072,1823.8475341796875,2053959,0.0,0.0
2022-02-08 00:00:00+05:30,1830.3810214715616,1843.3982213104048,1788.5864658929813,1813.224365234375,3569370,0.0,0.0
2022-02-09 00:00:00+05:30,1830.9795688971349,1843.1489332153947,1818.0622141742738,1830.381103515625,1624058,0.0,0.0
2022-02-10 00:00:00+05:30,1830.381099707625,1884.1454517301206,1825.6430559890357,1862.5,2508081,0.0,0.0
2022-02-11 00:00:00+05:30,1849.4329793268935,1849.4329793268935,1817.4138033029794,1823.6480712890625,1859755,0.0,0.0
2022-02-14 00:00:00+05:30,1785.5443378466332,1819.2591872619066,1733.575380647769,1742.4530029296875,3026821,0.0,0.0
2022-02-15 00:00:00+05:30,1751.5800045984238,1814.4214284536065,1741.655098266199,1808.5362548828125,2055275,0.0,0.0
2022-02-16 00:00:00+05:30,1810.5311613179283,1848.1861402497022,1795.4691940978282,1825.443603515625,2269756,0.0,0.0
2022-02-17 00:00:00+05:30,1830.3811064877887,1839.6078232371142,1805.843051701652,1812.7257080078125,2810229,0.0,0.0
2022-02-18 00:00:00+05:30,1804.4963213788287,1826.391020295396,1801.3043033374202,1821.9522705078125,1229668,0.0,0.0
2022-02-21 00:00:00+05:30,1803.4490775844336,1846.6401357251652,1797.563904140149,1822.5009765625,1343911,0.0,0.0
2022-02-22 00:00:00+05:30,1785.4942768957003,1844.4454881657377,1785.4942768957003,1837.114013671875,3022075,0.0,0.0
2022-02-23 00:00:00+05:30,1848.2360344092199,1908.03508376806,1848.2360344092199,1881.3524169921875,6915921,0.0,0.0
2022-02-24 00:00:00+05:30,1829.7326029948829,1869.6818390009234,1772.2776163979909,1790.33203125,4956043,0.0,0.0
2022-02-25 00:00:00+05:30,1816.3664748601293,1861.5524998510855,1796.516662158294,1852.0264892578125,3993886,0.0,0.0
2022-02-28 00:00:00+05:30,1832.3760457207723,1847.3382888812575,1810.1321288502988,1838.111572265625,2712562,0.0,0.0
2022-03-02 00:00:00+05:30,1807.2394285745102,1814.7703508351613,1770.8313055116837,1801.4539794921875,2830955,0.0,0.0
2022-03-03 00:00:00+05:30,1808.3864938610018,1815.0197792015394,1768.138085001141,1787.7386474609375,2962143,0.0,0.0
2022-03-04 00:00:00+05:30,1765.5446687882695,1781.4544717594206,1729.3359921299364,1747.7396240234375,2549194,0.0,0.0
2022-03-07 00:00:00+05:30,1689.2372332987613,1726.5431168337582,1675.8211374584416,1707.5909423828125,2697935,0.0,0.0
2022-03-08 00:00:00+05:30,1695.7208655508591,1725.1466099824768,1668.340009691741,1718.7626953125,5436496,0.0,0.0
2022-03-09 00:00:00+05:30,1718.7626863987248,1743.7496806696793,1687.7409939012573,1734.722412109375,6919461,0.0,0.0
2022-03-10 00:00:00+05:30,1795.4692002684455,1808.4364778259398,1731.630295370012,1749.93408203125,4188469,0.0,0.0
2022-03-11 00:00:00+05:30,1740.6075646481052,1775.4197402936759,1731.6302190424703,1758.562255859375,2506340,0.0,0.0
2022-03-14 00:00:00+05:30,1741.056380689519,1792.8257646259522,1737.6151135842506,1784.2474365234375,3316649,0.0,0.0
2022-03-15 00:00:00+05:30,1779.509376689798,1785.4443508496624,1709.6855782770817,1729.3858642578125,4807455,0.0,0.0
2022-03-16 00:00:00+05:30,1755.5699841131782,1770.332780412079,1748.3382327581664,1756.0687255859375,2927241,0.0,0.0
2022-03-17 00:00:00+05:30,1785.4943371447887,1822.9996687009193,1778.063138469153,1815.4188232421875,3359007,0.0,0.0
2022-03-21 00:00:00+05:30,1811.0798454207877,1825.393700633253,1768.5371755315616,1772.6268310546875,2397699,0.0,0.0
2022-03-22 00:00:00+05:30,1772.626719272453,1809.0348426995618,1750.9314676412307,1803.29931640625,3397456,0.0,0.0
2022-03-23 00:00:00+05:30,1810.4315126055055,1822.650678461934,1753.5749857633493,1765.29541015625,3226340,0.0,0.0
2022-03-24 00:00:00+05:30,1710.6831632557505,1724.548199835331,1696.718402739377,1709.8353271484375,19710178,0.0,0.0
2022-03-25 00:00:00+05:30,1723.650443642038,1727.4409273506371,1707.6907173120192,1717.9149169921875,3039150,0.0,0.0
2022-03-28 00:00:00+05:30,1723.6503003855275,1723.6503003855275,1687.7908419733474,1720.8572998046875,3070204,0.0,0.0
2022-03-29 00:00:00+05:30,1733.6252487976426,1736.5179735078545,1714.4237033204536,1725.6453857421875,2585790,0.0,0.0
2022-03-30 00:00:00+05:30,1744.996520974056,1764.3975136883466,1731.6302264403982,1758.6619873046875,3358154,0.0,0.0
2022-03-31 00:00:00+05:30,1750.6821563186945,1774.2726504866282,1742.6025694449131,1749.435302734375,2848408,0.0,0.0
2022-04-01 00:00:00+05:30,1744.8968461708778,1775.5195218023628,1741.2060864666066,1772.177978515625,2373773,0.0,0.0
2022-04-04 00:00:00+05:30,1782.5018834616653,1835.3684754166002,1730.632774373805,1831.428466796875,3997566,0.0,0.0
2022-04-05 00:00:00+05:30,1831.4284666774474,1833.423432411466,1789.6837112826765,1797.66357421875,2132871,0.0,0.0
2022-04-06 00:00:00+05:30,1783.0006072987674,1788.486763013533,1767.2902522973936,1774.9210205078125,2349001,0.0,0.0
2022-04-07 00:00:00+05:30,1766.5421357333182,1787.4892756827253,1758.562272895449,1762.0035400390625,4388783,0.0,0.0
2022-04-08 00:00:00+05:30,1770.7813407404144,1785.4942120407502,1751.679520767371,1780.008056640625,2381671,0.0,0.0
2022-04-11 00:00:00+05:30,1770.5321336956235,1801.603750140976,1758.861632561835,1778.9608154296875,1917942,0.0,0.0
2022-04-12 00:00:00+05:30,1766.5921743146494,1808.087439437408,1765.5447685433435,1797.3145751953125,2412242,0.0,0.0
2022-04-13 00:00:00+05:30,1803.1496035734208,1813.9224664870824,1768.2876285207453,1775.120361328125,1923692,0.0,0.0
2022-04-18 00:00:00+05:30,1771.1305378647191,1771.1305378647191,1725.6453439040197,1745.9940185546875,1960141,0.0,0.0
2022-04-19 00:00:00+05:30,1758.5622004541087,1762.2528381593754,1682.753506617176,1703.201904296875,2389574,0.0,0.0
2022-04-20 00:00:00+05:30,1708.6881287635035,1722.6528887183717,1679.1626606401055,1716.96728515625,3201545,0.0,0.0
2022-04-21 00:00:00+05:30,1720.6578677275927,1768.98586174203,1719.710307752031,1756.4176025390625,2730691,0.0,0.0
2022-04-22 00:00:00+05:30,1735.620165937907,1744.4977876910027,1717.067009206352,1723.4010009765625,2256038,0.0,0.0
2022-04-25 00:00:00+05:30,1698.2145206869943,1733.5254372759134,1689.7359166189535,1724.4981689453125,2149394,0.0,0.0
2022-04-26 00:00:00+05:30,1741.7048206138168,1743.6000624255842,1726.8922242987944,1738.3133544921875,1454777,0.0,0.0
2022-04-27 00:00:00+05:30,1719.6605044815892,1747.5900254360465,1719.6605044815892,1737.116455078125,2822592,0.0,0.0
2022-04-28 00:00:00+05:30,1744.5974530919605,1768.5370407844746,1728.039262623913,1761.20556640625,2342497,0.0,0.0
2022-04-29 00:00:00+05:30,1764.497256586243,1805.7432702598867,1762.5522137143566,1786.242431640625,3688659,0.0,0.0
2022-05-02 00:00:00+05:30,1761.105890987633,1775.968288012365,1745.6449068436682,1769.8836669921875,1979466,0.0,0.0
2022-05-04 00:00:00+05:30,1763.5496479891158,1819.1093930582172,1763.5496479891158,1771.1304931640625,5746474,0.0,0.0
2022-05-05 00:00:00+05:30,1796.4666614468524,1816.4163189865176,1779.8087461064506,1793.0751953125,3568047,0.0,0.0
2022-05-06 00:00:00+05:30,1750.7321163398383,1790.4318622496712,1745.5950551107599,1770.8314208984375,2847483,0.0,0.0
2022-05-09 00:00:00+05:30,1740.6076601451998,1779.5094932372701,1738.6126943456065,1763.051025390625,2169362,0.0,0.0
2022-05-10 00:00:00+05:30,1765.5446588236189,1804.2470424228234,1763.050951678388,1792.6263427734375,1989854,0.0,0.0
2022-05-11 00:00:00+05:30,1793.4741715681614,1813.4238286490086,1791.4792058600767,1805.39404296875,2621884,0.0,0.0
2022-05-12 00:00:00+05:30,1798.2622089538881,1802.0525708910363,1752.5774437302591,1756.4676513671875,4282268,0.0,0.0
2022-05-13 00:00:00+05:30,1780.5070340567622,1790.4818633792092,1751.5800290216664,1775.07080078125,2737022,0.0,0.0
2022-05-16 00:00:00+05:30,1776.5170589703619,1820.406306917973,1761.704462140653,1808.286865234375,3039181,0.0,0.0
2022-05-17 00:00:00+05:30,1818.4113436436744,1840.2562437098316,1813.0249115808745,1835.6678466796875,3020781,0.0,0.0
2022-05-18 00:00:00+05:30,1842.301014284064,1859.3081466266146,1836.2163928778639,1842.1514892578125,5321784,0.0,0.0
2022-05-19 00:00:00+05:30,1807.4389970494085,1822.700533974747,1773.8736734414388,1778.9110107421875,3108321,0.0,0.0
2022-05-20 00:00:00+05:30,1806.441559176522,1835.268839774412,1789.9331682270324,1824.5458984375,2649672,0.0,0.0
2022-05-23 00:00:00+05:30,1847.3383090112154,1866.789225331798,1836.615367962689,1849.632568359375,2826078,0.0,0.0
2022-05-24 00:00:00+05:30,1853.2731087550512,1885.2424810139682,1838.161341833543,1877.861083984375,3421900,0.0,0.0
2022-05-25 00:00:00+05:30,1893.0728780672948,1936.613030559973,1881.5520237478547,1902.74853515625,6252602,0.0,0.0
2022-05-26 00:00:00+05:30,1910.1297721446965,1917.1620750795248,1879.3076488891822,1903.845703125,4949829,0.0,0.0
2022-05-27 00:00:00+05:30,1916.1645069047945,1945.091508830999,1908.1846443044622,1941.301025390625,2440367,0.0,0.0
2022-05-30 00:00:00+05:30,1940.353628859547,1946.8372677684724,1890.7787769842148,1898.409423828125,3987800,0.0,0.0
2022-05-31 00:00:00+05:30,1886.339787860636,1891.3771249438748,1823.7477392030394,1842.201171875,14830306,0.0,0.0
2022-06-01 00:00:00+05:30,1835.3684777941132,1869.2828953185697,1830.7301581036006,1860.4052734375,2382645,0.0,0.0
2022-06-02 00:00:00+05:30,1843.5477132448964,1874.2702330398558,1841.3532997294167,1852.9739990234375,2664301,0.0,0.0
2022-06-03 00:00:00+05:30,1874.27018622873,1874.27018622873,1848.4353572868067,1853.971435546875,1815375,0.0,0.0
2022-06-06 00:00:00+05:30,1840.355965263151,1872.2754183192055,1838.510646235958,1864.5948486328125,2588097,0.0,0.0
2022-06-07 00:00:00+05:30,1859.308151082991,1860.3056339966622,1827.3886978455148,1853.472900390625,1711639,0.0,0.0
2022-06-08 00:00:00+05:30,1855.318115697389,1875.3674967886068,1834.1216049669752,1840.8546142578125,1465616,0.0,0.0
2022-06-09 00:00:00+05:30,1834.1215112739646,1868.1356506382529,1823.0992775519842,1860.5048828125,1280868,0.0,0.0
2022-06-10 00:00:00+05:30,1835.3684189299315,1849.5326265012395,1779.559302939969,1787.289794921875,2859950,0.0,0.0
2022-06-13 00:00:00+05:30,1738.6126091007604,1748.188420116693,1714.3239260342048,1732.976806640625,2349445,0.0,0.0
2022-06-14 00:00:00+05:30,1731.2312673838678,1744.2484677122493,1717.2665070218543,1735.3209228515625,1551047,0.0,0.0
2022-06-15 00:00:00+05:30,1733.6251419080982,1745.5949357532634,1724.5480725947891,1732.278564453125,1770169,0.0,0.0
2022-06-16 00:00:00+05:30,1737.6152291123774,1749.136205427384,1665.7964595968258,1671.5819091796875,2973292,0.0,0.0
2022-06-17 00:00:00+05:30,1656.8189479735825,1679.4617590630692,1644.4501367727673,1669.38720703125,3163864,0.0,0.0
2022-06-20 00:00:00+05:30,1669.38738661537,1685.596484027075,1647.841779946883,1674.9732666015625,1767577,0.0,0.0
2022-06-21 00:00:00+05:30,1685.7459378136152,1704.6981110789752,1668.339911598802,1677.267333984375,2503603,0.0,0.0
2022-06-22 00:00:00+05:30,1660.8090713371118,1671.6317367286501,1648.8392762283759,1665.4971923828125,1771925,0.0,0.0
2022-06-23 00:00:00+05:30,1670.7838916909193,1690.733550099169,1644.6498878813327,1679.8609619140625,2490801,0.0,0.0
2022-06-24 00:00:00+05:30,1695.720826119309,1710.5833447714338,1685.8956445088145,1694.1248779296875,1617721,0.0,0.0
2022-06-27 00:00:00+05:30,1712.8775751226624,1715.5708519915418,1680.7586746738766,1687.292236328125,2128112,0.0,0.0
2022-06-28 00:00:00+05:30,1680.6589374016535,1688.090136190182,1660.5097100654757,1664.5994873046875,2799443,0.0,0.0
2022-06-29 00:00:00+05:30,1645.8467181223268,1654.7741410093483,1632.5801473861836,1638.315673828125,2932830,0.0,0.0
2022-06-30 00:00:00+05:30,1627.892095162669,1672.679101790281,1626.8946122612213,1656.9188232421875,3982064,0.0,0.0
2022-07-01 00:00:00+05:30,1640.8592674039216,1675.2724252917244,1631.8819218679732,1663.552001953125,2300514,0.0,0.0
2022-07-04 00:00:00+05:30,1662.3551875738053,1680.2100342008964,1655.871548677495,1666.6942138671875,1868781,0.0,0.0
2022-07-05 00:00:00+05:30,1670.7837628762688,1690.5339718829484,1652.7791488457283,1658.8638916015625,2642097,0.0,0.0
2022-07-06 00:00:00+05:30,1677.7662295864347,1708.0897339505948,1666.7939177401502,1700.2095947265625,5572949,0.0,0.0
2022-07-07 00:00:00+05:30,1713.6756239664223,1739.610179393155,1711.7305810146372,1734.1240234375,3170065,0.0,0.0
2022-07-08 00:00:00+05:30,1750.5824760134196,1752.0287775020574,1727.8398173634105,1740.3582763671875,1778149,0.0,0.0
2022-07-11 00:00:00+05:30,1738.6125382773241,1742.6024695183507,1723.8497439803104,1736.866943359375,1533179,0.0,0.0
2022-07-12 00:00:00+05:30,1717.1666767743923,1734.6226261461911,1707.6406671262803,1714.623046875,1828832,0.0,0.0
2022-07-13 00:00:00+05:30,1719.6604250027012,1741.5551247480696,1719.0619596482322,1737.6650390625,3613468,0.0,0.0
2022-07-14 00:00:00+05:30,1735.6201955138704,1772.5270617403148,1732.677669749683,1765.5946044921875,6570982,0.0,0.0
2022-07-15 00:00:00+05:30,1767.83905551431,1785.4944547696603,1765.54479605715,1783.2001953125,2333732,0.0,0.0
2022-07-18 00:00:00+05:30,1795.4691553626046,1845.3432985671216,1789.7336288940853,1841.0042724609375,3117038,0.0,0.0
2022-07-19 00:00:00+05:30,1830.381099607435,1847.3383087046159,1823.4486422405716,1830.3311767578125,2895175,0.0,0.0
2022-07-20 00:00:00+05:30,1841.6026015419295,1845.3431620054541,1813.5234366431312,1823.149169921875,2571469,0.0,0.0
2022-07-21 00:00:00+05:30,1820.4061058951033,1820.4061058951033,1783.2997945239904,1796.0177001953125,2186674,0.0,0.0
2022-07-22 00:00:00+05:30,1796.4666973061753,1837.363496078831,1785.195091866053,1822.5009765625,3349580,0.0,0.0
2022-07-25 00:00:00+05:30,1811.4288712614589,1844.1463577295488,1780.6066265773636,1791.0303955078125,1886515,0.0,0.0
2022-07-26 00:00:00+05:30,1786.4917917484322,1790.4318003170317,1747.5899604373271,1757.165771484375,1802447,0.0,0.0
2022-07-27 00:00:00+05:30,1756.716995379682,1756.716995379682,1727.989439780911,1749.6846923828125,3479645,0.0,0.0
2022-07-28 00:00:00+05:30,1770.3326785503791,1827.2390042601107,1760.5572975415298,1823.8974609375,2154401,0.0,0.0
2022-07-29 00:00:00+05:30,1833.0242979875436,1852.2258419526472,1799.1098826725556,1805.79296875,2387998,0.0,0.0
2022-08-01 00:00:00+05:30,1810.4314299990317,1857.3131254315135,1807.4389813544053,1851.078857421875,1655537,0.0,0.0
2022-08-02 00:00:00+05:30,1847.038990243995,1888.235081671362,1829.5830399379997,1879.856201171875,3357606,0.0,0.0
2022-08-03 00:00:00+05:30,1870.2802935147763,1875.06825977139,1835.3683947025006,1846.4404296875,2535679,0.0,0.0
2022-08-04 00:00:00+05:30,1851.9266283598722,1854.3206115439523,1809.6832541654735,1830.9296875,2361186,0.0,0.0
2022-08-05 00:00:00+05:30,1840.1064779903015,1845.343262925631,1818.062131472285,1829.2838134765625,1664571,0.0,0.0
2022-08-08 00:00:00+05:30,1825.3936759305536,1844.8445921494858,1812.2269505798802,1839.857177734375,1555925,0.0,0.0
2022-08-10 00:00:00+05:30,1843.3482423336925,1844.595095852587,1816.4661291715418,1823.7476806640625,1657327,0.0,0.0
2022-08-11 00:00:00+05:30,1845.4561346407556,1853.091496720303,1829.4868008634423,1849.947509765625,2778338,1.1,0.0
2022-08-12 00:00:00+05:30,1856.4350362756752,1856.4350362756752,1832.98007748402,1837.6710205078125,1396522,0.0,0.0
2022-08-16 00:00:00+05:30,1846.9033969097395,1858.2317410799292,1835.026301802332,1842.811279296875,1313624,0.0,0.0
2022-08-17 00:00:00+05:30,1850.4464682815576,1850.4464682815576,1827.6402888730797,1836.173828125,3383334,0.0,0.0
2022-08-18 00:00:00+05:30,1835.4752723171068,1908.3353565363286,1828.4886888988253,1900.8497314453125,3661316,0.0,0.0
2022-08-19 00:00:00+05:30,1915.321966920181,1938.726972966402,1867.4139656631885,1873.4024658203125,4563906,0.0,0.0
2022-08-22 00:00:00+05:30,1823.448373606409,1834.4772436370256,1807.8284662534431,1828.5386962890625,4162757,0.0,0.0
2022-08-23 00:00:00+05:30,1820.5039699245588,1865.417719182566,1816.5116366571804,1852.193115234375,2214300,0.0,0.0
2022-08-24 00:00:00+05:30,1847.452347967849,1870.3583129479828,1837.87077182702,1864.0205078125,1415625,0.0,0.0
2022-08-25 00:00:00+05:30,1871.506140119822,1901.7979466374024,1852.5925086148925,1865.1683349609375,2204409,0.0,0.0
2022-08-26 00:00:00+05:30,1868.761391537932,1923.306672603586,1865.3180526126473,1898.404541015625,3343088,0.0,0.0
2022-08-29 00:00:00+05:30,1854.4388905458193,1874.3506049255907,1841.4638068121833,1846.4542236328125,3639673,0.0,0.0
2022-08-30 00:00:00+05:30,1861.2756938429873,1916.3200144589068,1853.440763984474,1911.7786865234375,3885850,0.0,0.0
2022-09-01 00:00:00+05:30,1871.4062838899324,1921.8094931360347,1871.4062838899324,1899.202880859375,4207842,0.0,0.0
2022-09-02 00:00:00+05:30,1913.2758584495261,1925.3028117363847,1900.7499853163474,1915.1722412109375,3331376,0.0,0.0
2022-09-05 00:00:00+05:30,1907.3372035650148,1953.249035780604,1907.3372035650148,1934.1856689453125,3806770,0.0,0.0
2022-09-06 00:00:00+05:30,1941.2222597574162,1946.2126767565474,1906.3392936680318,1912.0283203125,2767854,0.0,0.0
2022-09-07 00:00:00+05:30,1896.3583417602845,1911.4293757933208,1882.0857012956558,1904.592529296875,1976258,0.0,0.0
2022-09-08 00:00:00+05:30,1916.419827583623,1934.2855440241806,1908.3353767668902,1926.350830078125,2412183,0.0,0.0
2022-09-09 00:00:00+05:30,1946.2625325089402,1946.9611421194047,1912.8267402837866,1922.6578369140625,2817973,0.0,0.0
2022-09-12 00:00:00+05:30,1921.3104612861998,1940.2740450599338,1914.0743569514857,1920.3123779296875,1483681,0.0,0.0
2022-09-13 00:00:00+05:30,1929.2951992553164,1936.2817830084396,1916.4698520186391,1919.713623046875,1584581,0.0,0.0
2022-09-14 00:00:00+05:30,1888.3737133968598,1974.0093142505586,1888.3737133968598,1950.9534912109375,3742429,0.0,0.0
2022-09-15 00:00:00+05:30,1963.729049508926,1983.3912433539672,1919.3143391134256,1930.4429931640625,3747498,0.0,0.0
2022-09-16 00:00:00+05:30,1922.558177303662,1976.2051608364702,1906.4391057911846,1926.6004638671875,5168822,0.0,0.0
2022-09-19 00:00:00+05:30,1919.4141218896032,1936.2817553628693,1903.8939984471385,1925.8018798828125,1675912,0.0,0.0
2022-09-20 00:00:00+05:30,1940.2740809060444,1957.9401079081492,1929.295163781576,1936.0322265625,1612730,0.0,0.0
2022-09-21 00:00:00+05:30,1923.3065843142224,1946.2625009925966,1894.7614253335998,1914.8228759765625,2238276,0.0,0.0
2022-09-22 00:00:00+05:30,1901.8977075352598,1920.9111215632354,1877.5942813727393,1889.1221923828125,1857227,0.0,0.0
2022-09-23 00:00:00+05:30,1866.5157242697192,1885.080050966375,1838.3698213912107,1859.1298828125,2613759,0.0,0.0
2022-09-26 00:00:00+05:30,1832.4810905143693,1854.4389249322974,1813.168201427689,1825.4945068359375,2285176,0.0,0.0
2022-09-27 00:00:00+05:30,1828.688285542041,1831.3332308163258,1788.6153360614387,1795.8514404296875,2740144,0.0,0.0
2022-09-28 00:00:00+05:30,1786.569314127041,1804.5348156098828,1771.69784686564,1789.164306640625,1771117,0.0,0.0
2022-09-29 00:00:00+05:30,1798.5461123998348,1806.5307788255832,1756.3770928388508,1761.91650390625,2799627,0.0,0.0
2022-09-30 00:00:00+05:30,1764.611317297871,1822.9492388665353,1754.3310103234196,1815.713134765625,2804653,0.0,0.0
2022-10-03 00:00:00+05:30,1804.5347420015,1809.5251588765043,1769.901297623511,1780.48095703125,2440064,0.0,0.0
2022-10-04 00:00:00+05:30,1804.534758068665,1824.2968578041787,1798.54625776534,1818.7574462890625,1668922,0.0,0.0
2022-10-06 00:00:00+05:30,1821.5021023891327,1836.4733525457557,1808.377282051224,1815.413818359375,1748151,0.0,0.0
2022-10-07 00:00:00+05:30,1807.0299009400833,1826.492526219471,1798.7457604199592,1821.9013671875,1063844,0.0,0.0
2022-10-10 00:00:00+05:30,1797.6478595177894,1818.2583046291736,1791.1104868145615,1804.7841796875,1037722,0.0,0.0
2022-10-11 00:00:00+05:30,1806.3811476545072,1806.3811476545072,1779.8821075053957,1784.4732666015625,1496718,0.0,0.0
2022-10-12 00:00:00+05:30,1784.57306665692,1809.5251509222574,1776.7879676315952,1806.73046875,1035118,0.0,0.0
2022-10-13 00:00:00+05:30,1801.5405331033817,1812.4196665071213,1789.5635323292872,1798.0472412109375,1172979,0.0,0.0
2022-10-14 00:00:00+05:30,1824.4963631832743,1854.438863673153,1819.0069047601298,1830.48486328125,1670238,0.0,0.0
2022-10-17 00:00:00+05:30,1824.5463382247594,1858.6307875602492,1816.7612392683861,1854.588623046875,1104283,0.0,0.0
2022-10-18 00:00:00+05:30,1863.8707663416326,1872.3046440365479,1851.5444609189803,1856.1356201171875,1609858,0.0,0.0
2022-10-19 00:00:00+05:30,1865.4177850377914,1873.85154062833,1851.4446181086694,1865.76708984375,913286,0.0,0.0
2022-10-20 00:00:00+05:30,1856.435026865228,1879.3409909621719,1851.7939149307958,1859.978271484375,1591107,0.0,0.0
2022-10-21 00:00:00+05:30,1866.415970375406,1921.3105577393885,1862.7231105054614,1899.00341796875,3941971,0.0,0.0
2022-10-24 00:00:00+05:30,1898.85361375893,1911.3296558992645,1886.377571618595,1892.16650390625,649081,0.0,0.0
2022-10-25 00:00:00+05:30,1907.3372603272735,1907.936085963247,1838.4695099543892,1843.0606689453125,3511650,0.0,0.0
2022-10-27 00:00:00+05:30,1880.0895246215384,1884.3813316856567,1845.905170484762,1861.4254150390625,4593492,0.0,0.0
2022-10-28 00:00:00+05:30,1870.4083168866923,1891.2183316907597,1867.4640195514285,1880.638671875,3048687,0.0,0.0
2022-10-31 00:00:00+05:30,1895.3602683024606,1908.3353517610872,1885.3794348727477,1898.3045654296875,1874348,0.0,0.0
2022-11-01 00:00:00+05:30,1904.3431201433539,1937.7789139194558,1899.7519608876373,1905.540771484375,2545417,0.0,0.0
2022-11-02 00:00:00+05:30,1915.0724891364162,1916.3200933638666,1893.8632172697587,1906.289306640625,1864081,0.0,0.0
2022-11-03 00:00:00+05:30,1901.1491684747102,1909.3334030149888,1889.970562119497,1896.508056640625,1591871,0.0,0.0
2022-11-04 00:00:00+05:30,1902.3469248714534,1904.3430916341727,1890.6693980440857,1896.3084716796875,2081413,0.0,0.0
2022-11-07 00:00:00+05:30,1904.3430407957744,1906.339207505204,1868.062735219162,1878.99169921875,2624601,0.0,0.0
2022-11-09 00:00:00+05:30,1894.3622773984955,1899.9515200246033,1877.0953859879835,1889.7711181640625,2322634,0.0,0.0
2022-11-10 00:00:00+05:30,1891.3679535541028,1911.3296206100829,1888.0742297553275,1908.485107421875,2510124,0.0,0.0
2022-11-11 00:00:00+05:30,1929.2951332505047,1930.1934326410155,1887.2758481972642,1895.4600830078125,3424030,0.0,0.0
2022-11-14 00:00:00+05:30,1899.2029098276407,1925.0033404877977,1897.3564799666422,1919.11474609375,2142267,0.0,0.0
2022-11-15 00:00:00+05:30,1921.310444958539,1929.5945854817298,1891.6674182565744,1908.734619140625,1990292,0.0,0.0
2022-11-16 00:00:00+05:30,1910.3315299000853,1964.8768092877515,1910.2815769980991,1962.132080078125,6437651,0.0,0.0
2022-11-17 00:00:00+05:30,1960.0361278002767,1961.2337790834993,1939.5254662615826,1946.8115234375,2408671,0.0,0.0
2022-11-18 00:00:00+05:30,1957.1915307688616,1993.7214794885203,1944.1666159247673,1955.7943115234375,4272040,0.0,0.0
2022-11-21 00:00:00+05:30,1950.8039459333909,1950.8039459333909,1929.0956321199428,1940.3739013671875,1192610,0.0,0.0
2022-11-22 00:00:00+05:30,1950.1051777820485,1950.1051777820485,1926.4006976269463,1936.0322265625,1166755,0.0,0.0
2022-11-23 00:00:00+05:30,1946.761565933374,1957.7404827368946,1941.9208860736362,1949.6060791015625,2500563,0.0,0.0
2022-11-24 00:00:00+05:30,1950.753965504223,1952.550564322113,1929.3451257455088,1941.1224365234375,1400421,0.0,0.0
2022-11-25 00:00:00+05:30,1945.2644723804526,1945.2644723804526,1916.320054884797,1924.7039794921875,2097541,0.0,0.0
2022-11-28 00:00:00+05:30,1912.3277305013705,1939.2260284980482,1912.3277305013705,1924.4544677734375,1564504,0.0,0.0
2022-11-29 00:00:00+05:30,1927.8977059510141,1935.2835468456976,1919.5637346420774,1921.859375,1363505,0.0,0.0
2022-11-30 00:00:00+05:30,1935.2836175945758,1951.2529512106219,1912.3277005215095,1943.3182373046875,2950734,0.0,0.0
2022-12-01 00:00:00+05:30,1951.253051126653,1957.990114090901,1924.1550623920737,1930.5927734375,2471005,0.0,0.0
2022-12-02 00:00:00+05:30,1913.4255503488264,1931.1914825688095,1913.4255503488264,1927.099365234375,1590968,0.0,0.0
2022-12-05 00:00:00+05:30,1938.277986057995,1940.224199976807,1916.320150994516,1934.7347412109375,1245509,0.0,0.0
2022-12-06 00:00:00+05:30,1916.8689952139675,1939.3757012864137,1916.8689952139675,1931.540771484375,1366698,0.0,0.0
2022-12-07 00:00:00+05:30,1928.796080274875,1928.796080274875,1901.847829735459,1907.786376953125,2362280,0.0,0.0
2022-12-08 00:00:00+05:30,1895.260518495282,1901.149234692219,1873.5022524918027,1893.3641357421875,12619838,0.0,0.0
2022-12-09 00:00:00+05:30,1910.3316117651455,1913.0763410923942,1875.6482139026382,1884.431396484375,2648455,0.0,0.0
2022-12-12 00:00:00+05:30,1861.425509728201,1876.0972867271753,1859.4293429617364,1862.174072265625,3281447,0.0,0.0
2022-12-13 00:00:00+05:30,1860.177927116739,1868.162594275389,1854.6385155408848,1864.9188232421875,6939565,0.0,0.0
2022-12-14 00:00:00+05:30,1867.5137904773717,1872.3544705096508,1860.1779019917167,1869.6097412109375,3747141,0.0,0.0
2022-12-15 00:00:00+05:30,1871.9552105917037,1878.1932313118164,1851.3447657651832,1859.6287841796875,2041799,0.0,0.0
2022-12-16 00:00:00+05:30,1851.1452436578563,1853.3909313204879,1831.682617248382,1837.0224609375,2487828,0.0,0.0
2022-12-19 00:00:00+05:30,1837.0223802469293,1860.427386345981,1836.9724273443014,1854.588623046875,1713647,0.0,0.0
2022-12-20 00:00:00+05:30,1841.4638636909908,1858.3813285009285,1831.2335088927077,1843.559814453125,1410586,0.0,0.0
2022-12-21 00:00:00+05:30,1856.933996495036,1857.3830852495737,1805.532706078753,1811.1219482421875,2382869,0.0,0.0
2022-12-22 00:00:00+05:30,1822.5002179958262,1831.4829682488178,1815.5136344657217,1822.5501708984375,1714093,0.0,0.0
2022-12-23 00:00:00+05:30,1812.4693857247005,1835.624992227457,1808.4770523797092,1818.4578857421875,2102126,0.0,0.0
2022-12-26 00:00:00+05:30,1818.4580219333002,1822.6000924562127,1790.761207278105,1810.07421875,4746738,0.0,0.0
2022-12-27 00:00:00+05:30,1819.156680078513,1824.4464488417188,1803.5366509588878,1817.4100341796875,1548286,0.0,0.0
2022-12-28 00:00:00+05:30,1820.9032572621502,1827.8898405938014,1811.7707703970805,1816.6114501953125,1904268,0.0,0.0
2022-12-29 00:00:00+05:30,1810.9225217899507,1816.5117643900344,1797.5481800365121,1815.26416015625,2154490,0.0,0.0
2022-12-30 00:00:00+05:30,1821.6018991629032,1834.4771987553872,1818.807338882494,1823.747802734375,2692688,0.0,0.0
2023-01-02 00:00:00+05:30,1824.2968533223852,1829.4868381713097,1812.9685094740119,1821.5521240234375,1125001,0.0,0.0
2023-01-03 00:00:00+05:30,1818.7574983980705,1832.9801870259605,1817.5098941324661,1829.337158203125,1663448,0.0,0.0
2023-01-04 00:00:00+05:30,1831.38315763245,1831.38315763245,1810.4732384126494,1817.26025390625,1664104,0.0,0.0
2023-01-05 00:00:00+05:30,1816.5116834892515,1829.287199008769,1802.6882535618358,1816.8111572265625,1732618,0.0,0.0
2023-01-06 00:00:00+05:30,1822.5003092748432,1822.5003092748432,1767.2564168193524,1783.37548828125,3799655,0.0,0.0
2023-01-09 00:00:00+05:30,1797.548234548276,1812.519485807701,1785.5712335407363,1808.4273681640625,3426868,0.0,0.0
2023-01-10 00:00:00+05:30,1805.083726379727,1812.519398746875,1785.471363804651,1792.108642578125,1474131,0.0,0.0
2023-01-11 00:00:00+05:30,1796.5500545195691,1800.6921248458698,1780.68050467071,1798.396484375,1603701,0.0,0.0
2023-01-12 00:00:00+05:30,1803.5366481214,1803.5366481214,1769.00298791479,1776.08935546875,3529605,0.0,0.0
2023-01-13 00:00:00+05:30,1776.0893019769726,1783.8744007567034,1755.6285935248636,1776.8878173828125,3983197,0.0,0.0
2023-01-16 00:00:00+05:30,1783.5750071711518,1795.5520077789045,1776.5884234832963,1781.3792724609375,2118161,0.0,0.0
2023-01-17 00:00:00+05:30,1776.5883940411843,1798.496275221928,1773.1948862246225,1794.20458984375,2132394,0.0,0.0
2023-01-18 00:00:00+05:30,1799.4943299346187,1823.4982832738292,1792.5576993759155,1795.6517333984375,2835232,0.0,0.0
2023-01-19 00:00:00+05:30,1800.0434121472979,1800.0434121472979,1761.6172012420186,1763.912841796875,4425644,0.0,0.0
2023-01-20 00:00:00+05:30,1775.49057454368,1775.49057454368,1753.6325238405484,1759.521240234375,4270294,0.0,0.0
2023-01-23 00:00:00+05:30,1786.5691976995006,1796.2007264007366,1766.6075306860985,1780.3311767578125,7764627,0.0,0.0
2023-01-24 00:00:00+05:30,1789.2639767473488,1789.2639767473488,1745.3982621528703,1756.876220703125,4159188,0.0,0.0
2023-01-25 00:00:00+05:30,1753.632440425322,1757.0259481719004,1729.6784401007872,1746.4462890625,4280333,0.0,0.0
2023-01-27 00:00:00+05:30,1748.741903041117,1748.741903041117,1700.734115806114,1709.816650390625,7516979,0.0,0.0
2023-01-30 00:00:00+05:30,1709.8165856526434,1727.283044513976,1680.6226472701308,1722.94140625,4939556,0.0,0.0
2023-01-31 00:00:00+05:30,1727.1832093096139,1735.2676599469146,1709.7667038676404,1727.6822509765625,4385384,0.0,0.0
2023-02-01 00:00:00+05:30,1741.6554307682125,1780.580681083376,1717.451909738912,1741.35595703125,3652098,0.0,0.0
2023-02-02 00:00:00+05:30,1716.7033123580957,1764.6113117727402,1716.7033123580957,1758.373291015625,4184470,0.0,0.0
2023-02-03 00:00:00+05:30,1767.2063358914709,1780.2812032667691,1741.8549947103693,1776.8878173828125,2675212,0.0,0.0
2023-02-06 00:00:00+05:30,1771.5980691369357,1774.8418402494399,1736.665149463813,1743.6517333984375,3040209,0.0,0.0
2023-02-07 00:00:00+05:30,1748.841585712254,1776.5883513955544,1743.7015539624053,1771.9971923828125,3643187,0.0,0.0
2023-02-08 00:00:00+05:30,1775.3907686527643,1776.5884199766354,1757.7246196893886,1762.1162109375,1446690,0.0,0.0
2023-02-09 00:00:00+05:30,1764.5614403398954,1771.7975447522315,1744.59977299552,1767.505859375,2163825,0.0,0.0
2023-02-10 00:00:00+05:30,1764.5116161660299,1775.2410124055436,1761.617150022519,1768.6536865234375,1445942,0.0,0.0
2023-02-13 00:00:00+05:30,1771.6977037885251,1781.0297586045453,1758.2735316658182,1770.4002685546875,2389142,0.0,0.0
2023-02-14 00:00:00+05:30,1766.6074823134743,1773.5940655768609,1760.3694615425934,1766.956787109375,1614893,0.0,0.0
2023-02-15 00:00:00+05:30,1765.0603895351453,1786.569133706201,1756.876155087341,1782.0777587890625,2409292,0.0,0.0
2023-02-16 00:00:00+05:30,1790.5615242721217,1800.442573773334,1780.1316020319423,1784.5230712890625,2291602,0.0,0.0
2023-02-17 00:00:00+05:30,1779.6824379052496,1787.9665786351131,1747.693938904634,1755.878173828125,2587909,0.0,0.0
2023-02-20 00:00:00+05:30,1764.6614014173265,1764.6614014173265,1726.7840633431942,1733.9703369140625,3224839,0.0,0.0
2023-02-21 00:00:00+05:30,1741.6554715962511,1741.6554715962511,1721.7437572027989,1726.8837890625,2936934,0.0,0.0
2023-02-22 00:00:00+05:30,1720.645701782335,1722.7916053013257,1694.74548819725,1697.2906494140625,3539149,0.0,0.0
2023-02-23 00:00:00+05:30,1704.1275726006486,1710.4653776414157,1684.515209986462,1703.8780517578125,2770110,0.0,0.0
2023-02-24 00:00:00+05:30,1709.7167344563352,1720.9451718542532,1690.7531512954067,1694.046875,2080363,0.0,0.0
2023-02-27 00:00:00+05:30,1695.0449395618962,1726.4845639280634,1687.5593147128086,1722.641845703125,2343798,0.0,0.0
2023-02-28 00:00:00+05:30,1722.641945087153,1738.062406267728,1718.3502596945489,1725.9356689453125,4395098,0.0,0.0
2023-03-01 00:00:00+05:30,1725.9356352472794,1747.2446904304102,1722.6918643555323,1741.5556640625,5613386,0.0,0.0
2023-03-02 00:00:00+05:30,1732.273530155556,1743.0029267395157,1714.7072866272276,1718.400146484375,4119935,0.0,0.0
2023-03-03 00:00:00+05:30,1728.68045826492,1761.6172106452561,1716.6036734260674,1747.64404296875,3626269,0.0,0.0
2023-03-06 00:00:00+05:30,1752.9339337522542,1761.2179529157997,1738.1122977120203,1747.64404296875,5186846,0.0,0.0
2023-03-08 00:00:00+05:30,1732.6727226225996,1740.956863291337,1723.540235460401,1736.8646240234375,5202608,0.0,0.0
2023-03-09 00:00:00+05:30,1735.9664495395905,1741.206387218097,1710.415417866746,1713.40966796875,6928316,0.0,0.0
2023-03-10 00:00:00+05:30,1703.728283905382,1710.2158257011554,1688.7570336074439,1696.0430908203125,4876144,0.0,0.0
2023-03-13 00:00:00+05:30,1695.743640606453,1719.997115160143,1663.0064574328956,1670.6917724609375,8978938,0.0,0.0
2023-03-14 00:00:00+05:30,1669.7933823041483,1674.3347101118973,1640.349924576729,1645.0908203125,14138986,0.0,0.0
2023-03-15 00:00:00+05:30,1664.8030776711448,1684.7647452691203,1658.4153196725229,1662.7569580078125,4692363,0.0,0.0
2023-03-16 00:00:00+05:30,1666.799161009237,1675.632174111987,1645.0408956818842,1660.361572265625,3632063,0.0,0.0
2023-03-17 00:00:00+05:30,1676.3807334694095,1702.929725628966,1667.9469780817037,1689.8548583984375,8928301,0.0,0.0
2023-03-20 00:00:00+05:30,1683.766555657964,1699.6859358284328,1677.828008656778,1696.392333984375,4463937,0.0,0.0
2023-03-21 00:00:00+05:30,1704.2773447574664,1708.6688142132195,1688.7570992772044,1703.57861328125,1805180,0.0,0.0
2023-03-22 00:00:00+05:30,1706.7225157816583,1709.9163337433197,1688.8567995825229,1701.8818359375,3326099,0.0,0.0
2023-03-23 00:00:00+05:30,1695.893385502965,1696.741732001696,1671.7896477075533,1676.4805908203125,5642151,0.0,0.0
2023-03-24 00:00:00+05:30,1672.8377418772723,1705.674588475727,1671.7897055661074,1688.9068603515625,5480609,0.0,0.0
2023-03-27 00:00:00+05:30,1697.3904345885317,1709.5670024445326,1689.8548567344394,1701.931640625,2837204,0.0,0.0
2023-03-28 00:00:00+05:30,1705.674463223129,1706.522931525268,1682.2195048972533,1695.643798828125,2371652,0.0,0.0
2023-03-29 00:00:00+05:30,1696.841424164462,1723.6898897796004,1691.7512236111306,1717.7513427734375,2821000,0.0,0.0
2023-03-31 00:00:00+05:30,1722.1929199147307,1737.3139079080277,1717.7015445802676,1729.52880859375,3565755,0.0,0.0
2023-04-03 00:00:00+05:30,1730.6764777906426,1748.8415454896635,1729.8779623996854,1742.35400390625,2436866,0.0,0.0
2023-04-05 00:00:00+05:30,1741.6555584704524,1756.3273359304756,1735.7170108881464,1748.5423583984375,2526350,0.0,0.0
2023-04-06 00:00:00+05:30,1746.645932104562,1758.0739381829342,1736.0163196361982,1753.7322998046875,1557355,0.0,0.0
2023-04-10 00:00:00+05:30,1753.7821969988188,1764.6113770666018,1746.2965718132987,1755.9281005859375,1253171,0.0,0.0
2023-04-11 00:00:00+05:30,1843.6595471224873,1855.4369795897644,1822.5002284727864,1842.9609375,9293763,0.0,0.0
2023-04-12 00:00:00+05:30,1838.46950542609,1847.40230255125,1827.9896303951596,1840.515625,3408713,0.0,0.0
2023-04-13 00:00:00+05:30,1834.4772437953413,1870.7077190531515,1827.4906601682644,1865.9168701171875,2924116,0.0,0.0
2023-04-17 00:00:00+05:30,1885.3295102741843,1910.131979188439,1822.5999955939944,1891.5177001953125,10354299,0.0,0.0
2023-04-18 00:00:00+05:30,1897.3064426901578,1900.9494711836264,1882.2853617921521,1884.6807861328125,2972721,0.0,0.0
2023-04-19 00:00:00+05:30,1884.6808613139012,1884.7306923801955,1872.554124097593,1881.287353515625,1876656,0.0,0.0
2023-04-20 00:00:00+05:30,1880.688511826541,1899.7518795120536,1868.461990745568,1880.3890380859375,2322777,0.0,0.0
2023-04-21 00:00:00+05:30,1878.3928127393792,1900.0013410364074,1873.5521329930527,1890.0205078125,1671341,0.0,0.0
2023-04-24 00:00:00+05:30,1886.5771110655212,1898.3545434026632,1873.951454079266,1893.6136474609375,2017406,0.0,0.0
2023-04-25 00:00:00+05:30,1898.3545651116815,1903.3449819495145,1873.4024809225164,1885.678955078125,4738419,0.0,0.0
2023-04-26 00:00:00+05:30,1873.9015223115566,1890.7691555880488,1859.7786182954408,1874.9993896484375,3159518,0.0,0.0
2023-04-27 00:00:00+05:30,1873.302700454785,1909.333485724022,1873.252747551774,1904.94189453125,5061293,0.0,0.0
2023-04-28 00:00:00+05:30,1902.3468297117765,1939.5753867087747,1892.4657803633186,1934.33544921875,4367612,0.0,0.0
2023-05-02 00:00:00+05:30,1914.3239085170655,1933.7365813782803,1886.3775740861595,1917.4678955078125,4605771,0.0,0.0
2023-05-03 00:00:00+05:30,1915.3219759694157,1930.1434895610548,1909.034002040188,1927.2490234375,3449007,0.0,0.0
2023-05-04 00:00:00+05:30,1926.2508703215499,1947.3603570780185,1918.066635765712,1943.8670654296875,3451579,0.0,0.0
2023-05-05 00:00:00+05:30,1948.4084234056181,1970.2165200941017,1911.828644498608,1925.0032958984375,3484218,0.0,0.0
2023-05-08 00:00:00+05:30,1932.1896164934492,1964.7271099232319,1917.3181499428642,1955.0955810546875,3870941,0.0,0.0
2023-05-09 00:00:00+05:30,1961.0840274306931,1966.2241810021046,1944.4160843770408,1950.5543212890625,3623075,0.0,0.0
2023-05-10 00:00:00+05:30,1956.243357865393,1960.2356912487917,1927.9477193778234,1954.94580078125,3912439,0.0,0.0
2023-05-11 00:00:00+05:30,1966.22421884537,1976.20505244357,1948.1089814973677,1954.197265625,4411824,0.0,0.0
2023-05-12 00:00:00+05:30,1950.2549590987244,1964.2281266664736,1939.9248202998372,1956.84228515625,3217081,0.0,0.0
2023-05-15 00:00:00+05:30,1953.2991247062023,1973.210839373535,1948.6580126287215,1969.218505859375,2971692,0.0,0.0
2023-05-16 00:00:00+05:30,1974.208868283688,1974.208868283688,1934.285534243573,1943.3182373046875,4569497,0.0,0.0
2023-05-17 00:00:00+05:30,1946.0629571160434,1947.1608244295721,1891.9169355857855,1905.4908447265625,5482017,0.0,0.0
2023-05-18 00:00:00+05:30,1920.3124247550281,1929.9439537474989,1907.5369087456106,1923.7059326171875,4145228,0.0,0.0
2023-05-19 00:00:00+05:30,1926.300893304582,1943.1185736275622,1919.8133514359395,1937.9285888671875,3946927,0.0,0.0
2023-05-22 00:00:00+05:30,1941.2721721960288,1948.7577975386869,1919.9631164211983,1936.4813232421875,3400880,0.0,0.0
2023-05-23 00:00:00+05:30,1936.48137166202,1936.48137166202,1911.3297186163359,1917.8172607421875,4335524,0.0,0.0
2023-05-24 00:00:00+05:30,1918.2663417043889,1936.2817958071355,1893.763467338641,1906.6885986328125,3557537,0.0,0.0
2023-05-25 00:00:00+05:30,1914.32392886848,1929.8441742108955,1903.8940062491747,1926.2509765625,5966757,0.0,0.0
2023-05-26 00:00:00+05:30,1946.2125323114747,1946.2125323114747,1919.8132770799273,1941.322021484375,3295412,0.0,0.0
2023-05-29 00:00:00+05:30,1959.3373480985629,1969.517871100604,1944.5158351110776,1949.456298828125,3775509,0.0,0.0
2023-05-30 00:00:00+05:30,1954.0974808936785,1975.306752281576,1948.6080224168109,1970.9151611328125,7429705,0.0,0.0
2023-05-31 00:00:00+05:30,1981.1455816984699,2060.4432585176723,1950.155165455489,2010.4892578125,88598126,0.0,0.0
2023-06-01 00:00:00+05:30,1964.2280447056696,1975.3566984928923,1921.3104603955355,1926.350830078125,5967432,0.0,0.0
2023-06-02 00:00:00+05:30,1941.2222479943844,1947.610006081835,1924.3047832043844,1935.0341796875,3558072,0.0,0.0
2023-06-05 00:00:00+05:30,1941.2721446255105,1947.7596864970096,1918.5657480752634,1921.210693359375,2405909,0.0,0.0
2023-06-06 00:00:00+05:30,1931.191550168561,1962.6311765382652,1926.450654128685,1955.2952880859375,4112841,0.0,0.0
2023-06-07 00:00:00+05:30,1968.220353968654,1968.220353968654,1932.2893535919445,1935.682861328125,3100414,0.0,0.0
2023-06-08 00:00:00+05:30,1933.18757822315,1933.18757822315,1875.9475250367836,1882.8841552734375,5491614,0.0,0.0
2023-06-09 00:00:00+05:30,1858.4311540391711,1894.0626800625275,1857.1335969801164,1868.4119873046875,14196924,0.0,0.0
2023-06-12 00:00:00+05:30,1871.2566190942696,1880.3891064786735,1860.8765274725524,1875.8477783203125,2815173,0.0,0.0
2023-06-13 00:00:00+05:30,1871.7555410874008,1879.390902898735,1848.4503197920644,1852.3927001953125,9561827,0.0,0.0
2023-06-14 00:00:00+05:30,1852.392651992452,1864.3696515930467,1842.8610295787828,1861.0760498046875,5578543,0.0,0.0
2023-06-15 00:00:00+05:30,1864.3697628477532,1865.417799109882,1825.194990983086,1829.98583984375,4838188,0.0,0.0
2023-06-16 00:00:00+05:30,1833.4290890129435,1858.0818198911509,1829.486708669877,1853.8399658203125,3197657,0.0,0.0
2023-06-19 00:00:00+05:30,1860.2775800680606,1864.868738993655,1814.5154840053808,1821.052978515625,7609913,0.0,0.0
2023-06-20 00:00:00+05:30,1816.5118183127713,1843.4600705624662,1811.8208749890327,1840.4658203125,4622905,0.0,0.0
2023-06-21 00:00:00+05:30,1843.509942441994,1846.2047188139811,1832.5808564081597,1842.0128173828125,2399108,0.0,0.0
2023-06-22 00:00:00+05:30,1842.0127712854883,1843.7594171441558,1826.8917841988957,1832.580810546875,3428210,0.0,0.0
2023-06-23 00:00:00+05:30,1829.4868324552212,1842.0128275876405,1820.4042980798056,1825.04541015625,2584063,0.0,0.0
2023-06-26 00:00:00+05:30,1828.4386824634068,1828.4386824634068,1816.4118516044407,1819.4559326171875,2213679,0.0,0.0
2023-06-27 00:00:00+05:30,1824.1968896940334,1843.4599470797025,1817.1604751797545,1841.164306640625,2138665,0.0,0.0
2023-06-28 00:00:00+05:30,1842.4619667635552,1844.557917548074,1825.8938065976324,1837.0224609375,5339982,0.0,0.0
2023-06-30 00:00:00+05:30,1844.3582524171231,1847.0031976699015,1829.4368331876321,1843.0108642578125,3934720,0.0,0.0
2023-07-03 00:00:00+05:30,1852.4427247627673,1855.4369748566726,1834.4772241993353,1840.415771484375,3208540,0.0,0.0
2023-07-04 00:00:00+05:30,1846.4541874701579,1864.7689924759036,1832.5309735478265,1858.1317138671875,6575587,0.0,0.0
2023-07-05 00:00:00+05:30,1859.2297590197288,1864.2201758929443,1849.5982300871528,1861.2757568359375,3119185,0.0,0.0
2023-07-06 00:00:00+05:30,1856.4350137676165,1879.2411937361485,1855.486883328456,1873.701904296875,3654241,0.0,0.0
2023-07-07 00:00:00+05:30,1868.4120519456433,1870.8074763795098,1846.9532596823788,1849.947509765625,2076544,0.0,0.0
2023-07-10 00:00:00+05:30,1849.448394807124,1870.7574493546597,1841.4637282348322,1863.32177734375,3437542,0.0,0.0
2023-07-11 00:00:00+05:30,1870.4081799535902,1890.1702788285131,1859.7287369455973,1863.0223388671875,4096757,0.0,0.0
2023-07-12 00:00:00+05:30,1871.3065481386777,1887.2758821726757,1864.3199644988038,1874.5003662109375,4355083,0.0,0.0
2023-07-13 00:00:00+05:30,1885.3793898011972,1897.9552152547308,1862.872562220701,1866.1163330078125,5265370,0.0,0.0
2023-07-14 00:00:00+05:30,1866.5155918938294,1883.7325291594857,1856.4349747316412,1865.417724609375,7131916,0.0,0.0
2023-07-17 00:00:00+05:30,1867.6135105063522,1895.8093650641522,1863.0723043784967,1893.4140625,3329856,0.0,0.0
2023-07-18 00:00:00+05:30,1891.7172050391237,1904.342983463422,1875.7478718444618,1887.225830078125,5795645,0.0,0.0
2023-07-19 00:00:00+05:30,1891.16836835721,1911.3296031651976,1887.9245974902194,1902.9456787109375,3377787,0.0,0.0
2023-07-20 00:00:00+05:30,1897.356409502259,1958.6387503047927,1889.2719589000546,1953.1492919921875,9305585,0.0,0.0
2023-07-21 00:00:00+05:30,1948.1589753581015,1983.9402401926457,1946.8614182285166,1966.423828125,3849750,0.0,0.0
2023-07-24 00:00:00+05:30,1946.2625444979988,1946.2625444979988,1884.5809443532155,1893.6136474609375,7033093,0.0,0.0
2023-07-25 00:00:00+05:30,1897.3563981896493,1898.3544815132632,1852.8917373881216,1871.9052734375,7944916,0.0,0.0
2023-07-26 00:00:00+05:30,1876.3967560071305,1894.2624728917026,1872.055117667682,1891.66748046875,2462073,0.0,0.0
2023-07-27 00:00:00+05:30,1885.3794626104902,1898.9533719073302,1858.9802065350518,1870.15869140625,6290001,0.0,0.0
2023-07-28 00:00:00+05:30,1866.0165813580065,1882.1856045094228,1857.5328729986438,1873.252685546875,2302033,0.0,0.0
2023-07-31 00:00:00+05:30,1862.423538177554,1871.4062883616903,1845.6058580334131,1852.99169921875,4025207,0.0,0.0
2023-08-01 00:00:00+05:30,1846.4542236328125,1862.1740366177946,1840.8649811609775,1846.4542236328125,4467942,0.0,0.0
2023-08-02 00:00:00+05:30,1837.0223920669246,1844.3582804558923,1814.565516282524,1820.20458984375,4180451,0.0,0.0
2023-08-03 00:00:00+05:30,1816.611506200623,1830.3351524537456,1802.3888182655685,1819.7554931640625,7015292,0.0,0.0
2023-08-04 00:00:00+05:30,1826.997583359715,1840.7825236873423,1809.1671501948501,1836.4871826171875,5443532,1.5,0.0
2023-08-07 00:00:00+05:30,1842.9800254704428,1842.9800254704428,1824.400413828643,1829.5447998046875,3708310,0.0,0.0
2023-08-08 00:00:00+05:30,1829.4948253339437,1840.6326424062204,1820.0552202186811,1825.9986572265625,4089623,0.0,0.0
2023-08-09 00:00:00+05:30,1831.992136045847,1831.992136045847,1814.7610213529404,1829.494873046875,2624324,0.0,0.0
2023-08-10 00:00:00+05:30,1823.7511820149489,1830.3939260300522,1794.033752101245,1798.87841796875,5112099,0.0,0.0
2023-08-11 00:00:00+05:30,1796.0315252067417,1798.029335579608,1780.049042223812,1789.4886474609375,4265616,0.0,0.0
2023-08-14 00:00:00+05:30,1787.0413502047693,1800.3767098449564,1783.0457295223664,1792.1357421875,3299919,0.0,0.0
2023-08-16 00:00:00+05:30,1785.0435576847508,1787.8904130620517,1775.553958469303,1784.244384765625,1883940,0.0,0.0
2023-08-17 00:00:00+05:30,1780.04904907936,1785.443161494207,1761.0698504640359,1763.766845703125,5131739,0.0,0.0
2023-08-18 00:00:00+05:30,1755.1763304794488,1766.4640081938446,1744.5879595781894,1748.88330078125,4113292,0.0,0.0
2023-08-21 00:00:00+05:30,1749.082990338877,1770.6593180882192,1746.9353197897906,1758.4227294921875,3955468,0.0,0.0
2023-08-22 00:00:00+05:30,1767.0632426143168,1770.059958119033,1756.5247443147316,1761.169677734375,3328812,0.0,0.0
2023-08-23 00:00:00+05:30,1767.8624182985438,1779.9491464658715,1752.0796678409317,1778.1011962890625,3338285,0.0,0.0
2023-08-24 00:00:00+05:30,1787.041357501147,1797.0304092479394,1774.305316523987,1779.0001220703125,4123791,0.0,0.0
2023-08-25 00:00:00+05:30,1769.260816759685,1787.3909702738529,1765.0654637529362,1776.9024658203125,2043350,0.0,0.0
2023-08-28 00:00:00+05:30,1776.9024828285774,1794.6330500507054,1772.7071297816713,1788.389892578125,1980536,0.0,0.0
2023-08-29 00:00:00+05:30,1794.982639698892,1795.5820803646657,1777.0523402401082,1781.1478271484375,2708692,0.0,0.0
2023-08-30 00:00:00+05:30,1789.0391357457759,1790.9869520267796,1763.0676016701811,1772.956787109375,2595896,0.0,0.0
2023-08-31 00:00:00+05:30,1772.956805728951,1781.847086104757,1752.379383671055,1756.824462890625,8314010,0.0,0.0
2023-09-01 00:00:00+05:30,1761.9688203588403,1777.6515824559658,1752.4292273914607,1769.160888671875,2695210,0.0,0.0
2023-09-04 00:00:00+05:30,1775.4540615260248,1787.041337032249,1755.37609213228,1760.2706298828125,4697683,0.0,0.0
2023-09-05 00:00:00+05:30,1763.0676588154677,1781.047952219818,1761.1697145687858,1769.111083984375,4257343,0.0,0.0
2023-09-06 00:00:00+05:30,1769.061123347486,1775.0545545954167,1758.2728983265429,1768.3619384765625,6220223,0.0,0.0
2023-09-07 00:00:00+05:30,1773.056709199994,1790.3876898293474,1765.3651880248924,1787.0413818359375,2208089,0.0,0.0
2023-09-08 00:00:00+05:30,1795.0325827402157,1803.0238240657147,1779.5995467050122,1791.2366943359375,2386182,0.0,0.0
2023-09-11 00:00:00+05:30,1798.0292791842337,1809.5166884679106,1793.2844796974975,1805.920654296875,2316902,0.0,0.0
2023-09-12 00:00:00+05:30,1817.0085503139037,1817.0085503139037,1794.4333172866723,1809.217041015625,3408966,0.0,0.0
2023-09-13 00:00:00+05:30,1798.6286920151467,1833.989960743616,1798.6286920151467,1822.6024169921875,5931870,0.0,0.0
2023-09-14 00:00:00+05:30,1825.9986757929728,1829.744570231826,1812.0140032212541,1819.5557861328125,2559423,0.0,0.0
2023-09-15 00:00:00+05:30,1814.2115933910106,1821.4536561625673,1809.0173350743555,1811.9141845703125,4121540,0.0,0.0
2023-09-18 00:00:00+05:30,1809.017278412021,1810.0161835906029,1792.0358903761266,1796.381103515625,3970112,0.0,0.0
2023-09-20 00:00:00+05:30,1784.993581749808,1801.475517396387,1773.7558983544136,1787.4908447265625,5368143,0.0,0.0
2023-09-21 00:00:00+05:30,1782.0468983070905,1788.8395025237367,1749.0830263092575,1753.77783203125,4784751,0.0,0.0
2023-09-22 00:00:00+05:30,1756.075329362941,1767.9623255474414,1750.2317583709953,1754.5269775390625,3710123,0.0,0.0
2023-09-25 00:00:00+05:30,1762.0687212615026,1787.3410708569832,1754.8766528065305,1782.4464111328125,2226567,0.0,0.0
2023-09-26 00:00:00+05:30,1774.1554410945714,1779.84927370325,1751.7799409869551,1762.1685791015625,3656167,0.0,0.0
2023-09-27 00:00:00+05:30,1762.0687639353202,1769.1609664323066,1748.084091205675,1763.217529296875,3004206,0.0,0.0
2023-09-28 00:00:00+05:30,1760.2706176974245,1769.9600708757548,1727.1070152821724,1731.3023681640625,8263197,0.0,0.0
2023-09-29 00:00:00+05:30,1742.0906444359018,1742.0906444359018,1731.0526933556057,1733.7996826171875,3571729,0.0,0.0
2023-10-03 00:00:00+05:30,1728.106023369815,1733.1005494489184,1713.5719037049548,1725.1593017578125,5534869,0.0,0.0
2023-10-04 00:00:00+05:30,1713.1223427263305,1725.1092045996345,1707.1289117896788,1720.1646728515625,6220979,0.0,0.0
2023-10-05 00:00:00+05:30,1728.105971320005,1745.0873594774848,1719.2656848135919,1732.351318359375,2966801,0.0,0.0
2023-10-06 00:00:00+05:30,1733.4001627181556,1745.0873042466876,1728.305648882815,1741.99072265625,1992323,0.0,0.0
2023-10-09 00:00:00+05:30,1728.105961259841,1731.9018497182003,1715.1701879545574,1717.417724609375,1839513,0.0,0.0
2023-10-10 00:00:00+05:30,1725.6087043064385,1766.7635490874445,1718.716234153713,1754.1773681640625,3368982,0.0,0.0
2023-10-11 00:00:00+05:30,1758.123143741497,1778.0012596462334,1758.123143741497,1769.460693359375,3499844,0.0,0.0
2023-10-12 00:00:00+05:30,1773.0566400444475,1774.9545842154896,1759.3216942412862,1761.9188232421875,2383827,0.0,0.0
2023-10-13 00:00:00+05:30,1753.078586608679,1768.0121702384563,1750.2317312399812,1760.0709228515625,2123927,0.0,0.0
2023-10-16 00:00:00+05:30,1759.0720339373258,1760.220799289468,1744.5379146948628,1747.8343505859375,1579957,0.0,0.0
2023-10-17 00:00:00+05:30,1753.078544566085,1772.856915382009,1748.883191695635,1769.6104736328125,3217357,0.0,0.0
2023-10-18 00:00:00+05:30,1771.0588635932156,1773.256406189054,1743.1893850072074,1751.4803466796875,3051680,0.0,0.0
2023-10-19 00:00:00+05:30,1740.0927929606833,1751.480336199768,1733.6997755337702,1736.546630859375,1993179,0.0,0.0
2023-10-20 00:00:00+05:30,1731.6021447290643,1771.2586319484806,1730.7530997059455,1767.66259765625,4072383,0.0,0.0
2023-10-23 00:00:00+05:30,1767.063310365952,1767.063310365952,1720.564224226934,1738.84423828125,7546442,0.0,0.0
2023-10-25 00:00:00+05:30,1747.0852185751162,1759.821260048434,1720.1147778080904,1726.158203125,3512668,0.0,0.0
2023-10-26 00:00:00+05:30,1725.8083948596177,1725.8083948596177,1687.1508139713521,1692.994384765625,6279280,0.0,0.0
2023-10-27 00:00:00+05:30,1706.1300617026125,1706.1300617026125,1687.1508631239535,1700.8358154296875,2974830,0.0,0.0
2023-10-30 00:00:00+05:30,1700.136598776383,1719.0159308704574,1686.5515128562197,1715.61962890625,1511563,0.0,0.0
2023-10-31 00:00:00+05:30,1725.8084635486857,1745.0873826641773,1714.9703665268003,1737.4957275390625,4839336,0.0,0.0
2023-11-01 00:00:00+05:30,1729.104834639822,1734.0493664148194,1715.9692073781312,1722.5120849609375,2528105,0.0,0.0
2023-11-02 00:00:00+05:30,1733.1004901358165,1756.7246220688055,1730.203640721743,1735.7974853515625,2550558,0.0,0.0
2023-11-03 00:00:00+05:30,1738.0950270107637,1742.3403740594968,1728.2058412628514,1731.3524169921875,1558958,0.0,0.0
2023-11-06 00:00:00+05:30,1742.0906883820232,1745.087404015708,1730.1038258472847,1738.2947998046875,1186685,0.0,0.0
2023-11-07 00:00:00+05:30,1733.2502930953706,1752.4792172071936,1724.2101527252767,1749.3326416015625,3599603,0.0,0.0
2023-11-08 00:00:00+05:30,1751.0807445922064,1759.0219918355142,1738.0949775187903,1744.338134765625,3642837,0.0,0.0
2023-11-09 00:00:00+05:30,1743.9885838673622,1754.7766866847326,1737.195979846424,1743.03955078125,1943711,0.0,0.0
2023-11-10 00:00:00+05:30,1732.7008439697504,1747.3348287637655,1732.7008439697504,1743.5389404296875,1634799,0.0,0.0
2023-11-13 00:00:00+05:30,1749.08299405904,1750.281631516737,1731.602153170386,1746.2860107421875,2855277,0.0,0.0
2023-11-15 00:00:00+05:30,1759.0720499754962,1770.3597274638057,1748.2339529873423,1767.562744140625,3432271,0.0,0.0
2023-11-16 00:00:00+05:30,1769.0611073864159,1781.4475562410516,1763.0676761925602,1770.9090576171875,2079116,0.0,0.0
2023-11-17 00:00:00+05:30,1758.0731512895034,1782.296602379714,1757.373966424454,1762.6680908203125,2710870,0.0,0.0
2023-11-20 00:00:00+05:30,1754.0774534749792,1774.0055625572757,1748.1838886687951,1768.611572265625,1923651,0.0,0.0
2023-11-21 00:00:00+05:30,1777.0022722605945,1777.0022722605945,1758.7223811318904,1765.26513671875,2705765,0.0,0.0
2023-11-22 00:00:00+05:30,1756.0753464684294,1761.0698724822757,1735.5977898116587,1743.7388916015625,4513732,0.0,0.0
2023-11-23 00:00:00+05:30,1738.1450529281328,1746.8854734829115,1735.09834327437,1737.3958740234375,2836289,0.0,0.0
2023-11-24 00:00:00+05:30,1737.595503010881,1747.5845544797564,1731.8018043842678,1742.090576171875,2561979,0.0,0.0
2023-11-28 00:00:00+05:30,1743.0895185094255,1746.0862340140263,1736.097182332024,1740.342529296875,3349292,0.0,0.0
2023-11-29 00:00:00+05:30,1746.5857414742227,1757.3239723697604,1738.294779543,1751.5302734375,3473140,0.0,0.0
2023-11-30 00:00:00+05:30,1754.5269813670936,1764.0665747560993,1744.038476817298,1753.528076171875,6254947,0.0,0.0
2023-12-01 00:00:00+05:30,1758.0730951870894,1764.0665261934091,1746.3359594663802,1748.58349609375,2002378,0.0,0.0
2023-12-04 00:00:00+05:30,1768.062186282561,1823.9508828878422,1750.7312056235655,1816.55908203125,4579173,0.0,0.0
2023-12-05 00:00:00+05:30,1825.998661562695,1834.988808145881,1806.5200106324583,1826.4481201171875,5571472,0.0,0.0
2023-12-06 00:00:00+05:30,1830.0442481361126,1837.336182646032,1811.1649162146339,1819.4058837890625,4695880,0.0,0.0
2023-12-07 00:00:00+05:30,1823.0019033707738,1834.8389050409442,1811.4146279887361,1824.849853515625,2500642,0.0,0.0
2023-12-08 00:00:00+05:30,1824.849858376162,1840.9822010198545,1818.706567284395,1836.4371337890625,2985466,0.0,0.0
2023-12-11 00:00:00+05:30,1842.9800390667356,1859.6118345383295,1838.2852335413404,1842.0311279296875,3205833,0.0,0.0
2023-12-12 00:00:00+05:30,1845.9767932914356,1850.9713192473105,1817.058536781586,1822.3526611328125,3814962,0.0,0.0
2023-12-13 00:00:00+05:30,1822.0030189375432,1833.7401546132646,1811.114928263796,1824.2005615234375,3251332,0.0,0.0
2023-12-14 00:00:00+05:30,1841.98112102934,1863.407588006344,1830.4437176191593,1851.8203125,4878863,0.0,0.0
2023-12-15 00:00:00+05:30,1862.9581111357006,1862.9581111357006,1840.7324714720173,1848.5738525390625,3877197,0.0,0.0
2023-12-18 00:00:00+05:30,1843.179772396402,1853.8681308860253,1837.9855142828778,1844.9278564453125,3758730,0.0,0.0
2023-12-19 00:00:00+05:30,1847.8247563746418,1852.819282365295,1833.6902234337592,1844.5284423828125,3088923,0.0,0.0
2023-12-20 00:00:00+05:30,1850.1223092368211,1861.9593115889338,1813.3126766327111,1824.5003662109375,3968562,0.0,0.0
2023-12-21 00:00:00+05:30,1819.0063845272266,1855.4164305993554,1803.0239011925557,1850.671630859375,2403840,0.0,0.0
2023-12-22 00:00:00+05:30,1852.669435799266,1877.5921938375932,1848.9735353137178,1858.463134765625,3309295,0.0,0.0
2023-12-26 00:00:00+05:30,1864.9559366180213,1896.9209017876926,1855.1167451640647,1884.7841796875,4350669,0.0,0.0
2023-12-27 00:00:00+05:30,1891.926378192679,1907.9088607962076,1881.0882815644945,1900.2672119140625,3407243,0.0,0.0
2023-12-28 00:00:00+05:30,1908.9078156450132,1924.390846070182,1901.016440266787,1919.2464599609375,4950014,0.0,0.0
2023-12-29 00:00:00+05:30,1910.0066071251806,1915.6504458883558,1887.9808206434134,1906.010986328125,2446170,0.0,0.0
2024-01-01 00:00:00+05:30,1906.9099542914894,1916.8990059116647,1891.0273378280774,1907.059814453125,1425902,0.0,0.0
2024-01-02 00:00:00+05:30,1905.9111079694394,1905.9111079694394,1858.0635248442984,1863.0081787109375,5120796,0.0,0.0
2024-01-03 00:00:00+05:30,1861.959233527459,1867.9526645366675,1845.627158414699,1863.857177734375,3781515,0.0,0.0
2024-01-04 00:00:00+05:30,1869.4510677910114,1869.4510677910114,1858.5131047076445,1861.5596923828125,2865766,0.0,0.0
2024-01-05 00:00:00+05:30,1863.4575751811678,1867.8527822706167,1839.383985222821,1845.5771484375,7799341,0.0,0.0
2024-01-08 00:00:00+05:30,1845.976755635633,1849.4229297002214,1816.6089192268237,1824.1007080078125,12253167,0.0,0.0
2024-01-09 00:00:00+05:30,1834.9887905686726,1855.9657990618366,1819.0063079072143,1824.650146484375,4339223,0.0,0.0
2024-01-10 00:00:00+05:30,1818.806640625,1830.493782714045,1809.6166396043516,1818.806640625,7052758,0.0,0.0
2024-01-11 00:00:00+05:30,1829.994254655879,1839.3839875550925,1813.3624593405873,1820.854248046875,4170070,0.0,0.0
2024-01-12 00:00:00+05:30,1823.0019521927843,1840.5327868638806,1812.4135816797104,1831.242919921875,2172621,0.0,0.0
2024-01-15 00:00:00+05:30,1840.9822065460016,1851.570576835493,1834.2395967282123,1849.472900390625,6172312,0.0,0.0
2024-01-16 00:00:00+05:30,1848.5240636712092,1858.912580185219,1838.9844702518346,1845.976806640625,4650898,0.0,0.0
2024-01-17 00:00:00+05:30,1821.0541701403984,1832.6414460508306,1774.1554979283865,1777.70166015625,10836883,0.0,0.0
2024-01-18 00:00:00+05:30,1768.0621367940287,1790.7372351974554,1762.668024531731,1775.30419921875,4293450,0.0,0.0
2024-01-19 00:00:00+05:30,1785.093500407964,1797.9792793176402,1752.2294965244025,1762.368408203125,4560329,0.0,0.0
2024-01-23 00:00:00+05:30,1799.028199849726,1822.9020576498344,1761.9688426632529,1782.5462646484375,6780824,0.0,0.0
2024-01-24 00:00:00+05:30,1787.041310079414,1801.5254347279056,1760.9699100994617,1786.6417236328125,3268351,0.0,0.0
2024-01-25 00:00:00+05:30,1788.0403173027348,1795.6319724748985,1750.4815059746595,1766.4639892578125,6702170,0.0,0.0
2024-01-29 00:00:00+05:30,1783.3454860845752,1828.0464933772535,1774.0556190345578,1820.904296875,5236148,0.0,0.0
2024-01-30 00:00:00+05:30,1823.0020073056098,1837.436138807964,1801.375685132979,1821.603515625,3829187,0.0,0.0
2024-01-31 00:00:00+05:30,1814.0118359214491,1839.4339243847774,1786.5419430316695,1823.251708984375,8117401,0.0,0.0
2024-02-01 00:00:00+05:30,1827.996456997497,1830.0442613660675,1811.2148014044928,1820.75439453125,2072168,0.0,0.0
2024-02-02 00:00:00+05:30,1839.78356126321,1847.9745347506823,1816.4091562741658,1820.9541015625,5049876,0.0,0.0
2024-02-05 00:00:00+05:30,1823.0019124472972,1824.9497287297668,1797.0303783521576,1806.3701171875,3460806,0.0,0.0
2024-02-06 00:00:00+05:30,1812.0140193006348,1812.0140193006348,1781.1978184975471,1785.0435791015625,4691897,0.0,0.0
2024-02-07 00:00:00+05:30,1789.0392272266783,1807.8186939085838,1782.046890771856,1790.637451171875,4592224,0.0,0.0
2024-02-08 00:00:00+05:30,1799.5777105314219,1801.8252472297943,1725.1592731853154,1727.8062744140625,4542774,0.0,0.0
2024-02-09 00:00:00+05:30,1728.1059159389526,1747.0851138596693,1717.1179592480112,1740.542236328125,4063976,0.0,0.0
2024-02-12 00:00:00+05:30,1741.0916731561854,1747.085104044847,1689.24847158193,1707.6783447265625,4506489,0.0,0.0
2024-02-13 00:00:00+05:30,1711.1245843063741,1743.18941640254,1707.1289635607668,1735.2481689453125,4492334,0.0,0.0
2024-02-14 00:00:00+05:30,1721.762928495951,1762.8679008159097,1710.275518988656,1747.03515625,3850323,0.0,0.0
2024-02-15 00:00:00+05:30,1753.078581697728,1755.5258506012149,1718.1668946146538,1737.3458251953125,2541670,0.0,0.0
2024-02-16 00:00:00+05:30,1748.0340771498384,1749.0829763672157,1730.303510142118,1733.3502197265625,1643146,0.0,0.0
2024-02-19 00:00:00+05:30,1742.0906979447925,1742.0906979447925,1724.2602642138272,1729.5045166015625,4447954,0.0,0.0
2024-02-20 00:00:00+05:30,1737.7953469824793,1766.7137260059346,1735.4479441237197,1760.5704345703125,7611124,0.0,0.0
2024-02-21 00:00:00+05:30,1767.0633080796483,1767.0633080796483,1738.6445037650763,1744.1883544921875,4184871,0.0,0.0
2024-02-22 00:00:00+05:30,1742.590071470673,1743.0895240563625,1712.3231960032226,1722.8616943359375,6200760,0.0,0.0
2024-02-23 00:00:00+05:30,1722.6120014234928,1730.8529692470613,1713.5219885751328,1722.112548828125,3453766,0.0,0.0
2024-02-26 00:00:00+05:30,1720.2146359756216,1723.5110719398829,1700.086671627592,1704.4320068359375,5958066,0.0,0.0
2024-02-27 00:00:00+05:30,1711.1246272984336,1713.072443686189,1695.1421439144435,1704.8814697265625,4431652,0.0,0.0
2024-02-28 00:00:00+05:30,1709.1267398155646,1710.9746899861852,1673.3658860815779,1681.7567138671875,3076327,0.0,0.0
2024-02-29 00:00:00+05:30,1685.1530728309172,1700.3863771348126,1665.5745552932447,1687.600341796875,6606975,0.0,0.0
2024-03-01 00:00:00+05:30,1693.643772894808,1728.355728723823,1693.1443202929518,1725.8084716796875,3444149,0.0,0.0
2024-03-04 00:00:00+05:30,1726.0581388380517,1739.5933526592487,1716.6185337610789,1725.3089599609375,2777198,0.0,0.0
2024-03-05 00:00:00+05:30,1725.0093441503727,1725.308942536193,1707.0789233771939,1713.821533203125,3122194,0.0,0.0
2024-03-06 00:00:00+05:30,1720.9637392788536,1770.0099584971797,1716.518660068893,1757.8233642578125,7451712,0.0,0.0
2024-03-07 00:00:00+05:30,1757.8233721782349,1762.9677581889339,1743.0895209268474,1746.13623046875,3139360,0.0,0.0
2024-03-11 00:00:00+05:30,1763.9666599844657,1767.912286622115,1722.362235363472,1727.75634765625,3640143,0.0,0.0
2024-03-12 00:00:00+05:30,1733.0006723069166,1741.541238685932,1705.4807850111895,1718.466552734375,10243298,0.0,0.0
2024-03-13 00:00:00+05:30,1718.466493368919,1740.8419936755363,1715.3199176804362,1727.656494140625,5816083,0.0,0.0
2024-03-14 00:00:00+05:30,1723.1114569053761,1755.9254680886752,1717.2678859171178,1740.492431640625,4809633,0.0,0.0
2024-03-15 00:00:00+05:30,1733.8997096350777,1754.0775460714822,1719.315596042094,1736.39697265625,15507454,0.0,0.0
2024-03-18 00:00:00+05:30,1735.4978618695282,1742.9396565904542,1713.4220820618823,1735.997314453125,2314143,0.0,0.0
2024-03-19 00:00:00+05:30,1732.9506514244374,1754.976559726816,1728.6554322522368,1747.7344970703125,4481075,0.0,0.0
2024-03-20 00:00:00+05:30,1749.4826121921824,1766.563866925245,1728.905189218103,1763.46728515625,4420886,0.0,0.0
2024-03-21 00:00:00+05:30,1770.1598448335278,1788.689584694503,1762.36845759266,1770.2098388671875,3783681,0.0,0.0
2024-03-22 00:00:00+05:30,1767.9623164738805,1780.5484974542458,1763.067656665775,1774.4552001953125,7061283,0.0,0.0
2024-03-26 00:00:00+05:30,1763.0677070173206,1773.456345655635,1748.0841287707144,1751.780029296875,5303630,0.0,0.0
2024-03-27 00:00:00+05:30,1756.0752991516747,1777.851480759963,1751.9798123180058,1773.656005859375,8231130,0.0,0.0
2024-03-28 00:00:00+05:30,1776.0033832709685,1801.92504537618,1772.257488915013,1783.545166015625,6630072,0.0,0.0
2024-04-01 00:00:00+05:30,1793.0348431096156,1815.6600703918984,1784.5441488664783,1788.739501953125,2885880,0.0,0.0
2024-04-02 00:00:00+05:30,1791.9359904796543,1796.0314772473346,1752.5291087651485,1755.4759521484375,6851190,0.0,0.0
2024-04-03 00:00:00+05:30,1751.5802675667826,1754.776715430959,1727.10709017563,1729.2547607421875,12683551,0.0,0.0
2024-04-04 00:00:00+05:30,1745.087314869799,1749.782120348074,1721.4133113477196,1747.2349853515625,13125292,0.0,0.0
2024-04-05 00:00:00+05:30,1747.1351050375124,1785.2432390404108,1738.1948307643092,1783.195556640625,6558023,0.0,0.0
2024-04-08 00:00:00+05:30,1791.8361288651854,1799.8772422595073,1783.145580791386,1786.4420166015625,2634811,0.0,0.0
2024-04-09 00:00:00+05:30,1788.3898380556157,1791.036961130621,1773.7558529986989,1778.6505126953125,2373231,0.0,0.0
2024-04-10 00:00:00+05:30,1786.9415626972707,1827.8966764938536,1782.0469027586373,1823.950927734375,5525818,0.0,0.0
2024-04-12 00:00:00+05:30,1809.017259107655,1816.1094614125716,1797.3799895140246,1811.0650634765625,3966227,0.0,0.0
2024-04-15 00:00:00+05:30,1787.990300742947,1807.7186782970537,1778.0512428511156,1796.181396484375,4319868,0.0,0.0
2024-04-16 00:00:00+05:30,1776.0534595248655,1802.624313665856,1773.706056673795,1790.637451171875,4096778,0.0,0.0
2024-04-18 00:00:00+05:30,1788.090259097699,1811.0150841125428,1781.1477949624045,1784.7938232421875,4250740,0.0,0.0
2024-04-19 00:00:00+05:30,1762.0687204131943,1803.023832395587,1761.069815242892,1790.6873779296875,3870380,0.0,0.0
2024-04-22 00:00:00+05:30,1811.015093366138,1820.5046925867548,1798.0293260116098,1807.9683837890625,6151139,0.0,0.0
2024-04-23 00:00:00+05:30,1808.0183539397326,1826.9975521302601,1801.125883893734,1811.0650634765625,5956005,0.0,0.0
2024-04-24 00:00:00+05:30,1810.0161431161105,1843.479465850321,1805.8207902345468,1840.782470703125,3295077,0.0,0.0
2024-04-25 00:00:00+05:30,1663.1770935603627,1695.941231625587,1600.2460683986192,1640.6517333984375,66179079,0.0,0.0
2024-04-26 00:00:00+05:30,1640.6517964260602,1653.1881054566074,1603.242845473024,1606.739013671875,22146849,0.0,0.0
2024-04-29 00:00:00+05:30,1608.3372494293062,1645.4466022572888,1607.7379306924306,1638.6041259765625,11227409,0.0,0.0
2024-04-30 00:00:00+05:30,1638.6040602284017,1645.1968099428432,1618.2263704355835,1622.1719970703125,18206448,0.0,0.0
2024-05-02 00:00:00+05:30,1588.259191298234,1592.7542644811538,1550.700381979395,1573.9249267578125,26640478,0.0,0.0
2024-05-03 00:00:00+05:30,1581.2668985742232,1586.161558339329,1542.1597364236675,1545.006591796875,16123589,0.0,0.0
2024-05-06 00:00:00+05:30,1603.2428098160672,1631.212154784821,1592.2548528640568,1622.521728515625,21608211,0.0,0.0
2024-05-07 00:00:00+05:30,1626.916788106533,1645.5463937598047,1616.228551650875,1642.1002197265625,9866785,0.0,0.0
2024-05-08 00:00:00+05:30,1638.2044544278604,1655.6353006103689,1634.3086999354855,1646.5452880859375,9853753,0.0,0.0
2024-05-09 00:00:00+05:30,1646.1956850064355,1660.0304969281678,1635.207728371077,1641.301025390625,4656044,0.0,0.0
2024-05-10 00:00:00+05:30,1641.2011739355974,1651.290091640017,1614.13086855199,1626.1676025390625,11769402,0.0,0.0
2024-05-13 00:00:00+05:30,1625.2186718791256,1641.8504669405747,1614.2307152776073,1639.403076171875,5839248,0.0,0.0
2024-05-14 00:00:00+05:30,1640.2023395264446,1648.1935811319327,1630.7127401199275,1644.4976806640625,4282026,0.0,0.0
2024-05-15 00:00:00+05:30,1647.8937825633293,1652.1891234970258,1635.2577299238835,1648.99267578125,5260900,0.0,0.0
2024-05-16 00:00:00+05:30,1653.18810004852,1673.1662039765988,1645.3965907419015,1670.219482421875,6998357,0.0,0.0
2024-05-17 00:00:00+05:30,1672.1672664352593,1703.7826396772377,1663.1771198415213,1694.692626953125,9617451,0.0,0.0
2024-05-21 00:00:00+05:30,1690.147589602808,1713.1224090832245,1688.1497792132066,1696.3907470703125,5810167,0.0,0.0
2024-05-22 00:00:00+05:30,1700.9357728583475,1703.0833214252816,1679.2594574996035,1697.6893310546875,6058697,0.0,0.0
2024-05-23 00:00:00+05:30,1698.1388143798474,1711.7239005075526,1695.1920928589732,1707.178955078125,5681295,0.0,0.0
2024-05-24 00:00:00+05:30,1709.126743736251,1715.9692197548754,1692.844540710912,1701.5849609375,4936177,0.0,0.0
2024-05-27 00:00:00+05:30,1701.5849263389719,1720.1146656172377,1700.6360152226173,1709.126708984375,3454287,0.0,0.0
2024-05-28 00:00:00+05:30,1710.4253440086966,1714.121244303917,1696.1409515314983,1701.7847900390625,3716141,0.0,0.0
2024-05-29 00:00:00+05:30,1696.1409871086487,1709.026888253168,1680.3582365693667,1686.0020751953125,4952472,0.0,0.0
2024-05-30 00:00:00+05:30,1682.5059289582748,1705.7304745784163,1681.1574313418582,1688.2496337890625,5580489,0.0,0.0
2024-05-31 00:00:00+05:30,1701.135535601649,1701.135535601649,1658.7320591348075,1678.560302734375,12804476,0.0,0.0
2024-06-03 00:00:00+05:30,1719.5652473942423,1736.946221651359,1698.238646510318,1716.1690673828125,9801071,0.0,0.0
2024-06-04 00:00:00+05:30,1701.3852972025966,1713.6218860126548,1600.6956033623055,1636.15673828125,15229468,0.0,0.0
2024-06-05 00:00:00+05:30,1660.72988362343,1722.8617380863147,1643.1990486458835,1716.218994140625,14426318,0.0,0.0
2024-06-06 00:00:00+05:30,1719.1158289459,1736.596669739946,1701.9347084829908,1732.80078125,6359901,0.0,0.0
2024-06-07 00:00:00+05:30,1728.1560184773969,1756.7246832802582,1720.114782710383,1751.780029296875,4608146,0.0,0.0
2024-06-10 00:00:00+05:30,1748.1839709792177,1771.5083830765468,1734.2492921752541,1743.7388916015625,4848044,0.0,0.0
2024-06-11 00:00:00+05:30,1744.6877972821337,1745.2871160145762,1715.2200938931212,1718.116943359375,4105647,0.0,0.0
2024-06-12 00:00:00+05:30,1718.216795226219,1732.101601773095,1711.0247266232818,1713.87158203125,5881576,0.0,0.0
2024-06-13 00:00:00+05:30,1729.5044809525828,1735.6477722960656,1717.1180321333388,1724.4599609375,6016145,0.0,0.0
2024-06-14 00:00:00+05:30,1721.113645175173,1733.0006413428807,1708.527464147993,1715.3199462890625,3153666,0.0,0.0
2024-06-18 00:00:00+05:30,1716.7184052122677,1722.761830281056,1701.3852352004658,1717.517578125,5707330,0.0,0.0
2024-06-19 00:00:00+05:30,1727.1070250638656,1761.1197946039595,1713.122352796142,1744.78759765625,9959798,0.0,0.0
2024-06-20 00:00:00+05:30,1763.067652697607,1787.890422174033,1758.3728470996518,1764.3162841796875,9243104,0.0,0.0
2024-06-21 00:00:00+05:30,1768.0622158822368,1787.0414148097861,1743.3893060510907,1773.7060546875,19031689,0.0,0.0
2024-06-24 00:00:00+05:30,1755.2262112801404,1773.2563761020451,1747.8342887719832,1770.609375,4228888,0.0,0.0
2024-06-25 00:00:00+05:30,1774.6051002618417,1796.2812945522553,1761.0698858866265,1779.94921875,5933859,0.0,0.0
2024-06-26 00:00:00+05:30,1778.0512428511156,1814.011829785183,1774.155488212591,1796.181396484375,6685932,0.0,0.0
2024-06-27 00:00:00+05:30,1789.0391503898475,1835.987693141563,1783.0457194002668,1828.5458984375,13342769,0.0,0.0
2024-06-28 00:00:00+05:30,1820.2049948658923,1845.9268035991513,1796.9305770187702,1800.526611328125,4969007,0.0,0.0
2024-07-01 00:00:00+05:30,1800.526638617252,1811.1650034768602,1788.0403235089493,1806.1204833984375,2901510,0.0,0.0
2024-07-02 00:00:00+05:30,1818.9563547121454,1818.9563547121454,1735.198179021295,1767.66259765625,9625017,0.0,0.0
2024-07-03 00:00:00+05:30,1763.866785041705,1813.8619152720296,1750.2815772798733,1808.717529296875,8981003,0.0,0.0
2024-07-04 00:00:00+05:30,1804.6221183295943,1836.5372127800977,1799.3279939069628,1831.84228515625,5068893,0.0,0.0
2024-07-05 00:00:00+05:30,1818.0074793188098,1855.9158832035637,1816.4591274710951,1850.671630859375,3465653,0.0,0.0
2024-07-08 00:00:00+05:30,1851.9701934220357,1855.2166352389836,1833.440453661404,1851.1710205078125,3861203,0.0,0.0
2024-07-09 00:00:00+05:30,1859.162264003453,1867.95267832317,1827.9964713002146,1845.826904296875,3920211,0.0,0.0
2024-07-10 00:00:00+05:30,1840.9823076262642,1842.4806654458189,1818.2072199943634,1827.8466796875,5629789,0.0,0.0
2024-07-11 00:00:00+05:30,1828.845510827288,1849.9723796146484,1819.5557658843118,1842.4805908203125,4615372,0.0,0.0
2024-07-12 00:00:00+05:30,1842.4806538349367,1848.9735376787573,1824.250633811902,1830.8433837890625,4240855,0.0,0.0
2024-07-15 00:00:00+05:30,1836.9866708267223,1855.8660035765495,1824.650215940152,1841.53173828125,5909996,0.0,0.0
2024-07-16 00:00:00+05:30,1840.0832466385043,1847.0755830465064,1798.9284011260736,1803.3236083984375,6542702,0.0,0.0
2024-07-18 00:00:00+05:30,1803.0238127822636,1829.1950791848249,1791.186811030278,1824.75,7590838,0.0,0.0
2024-07-19 00:00:00+05:30,1818.5,1831.0,1805.949951171875,1821.5999755859375,4138865,2.0,0.0
2024-07-22 00:00:00+05:30,1821.0,1821.0,1748.9000244140625,1757.550048828125,10742361,0.0,0.0
2024-07-23 00:00:00+05:30,1769.0,1780.5,1739.1500244140625,1768.9000244140625,6155196,0.0,0.0
2024-07-24 00:00:00+05:30,1767.949951171875,1780.9000244140625,1729.050048828125,1746.199951171875,7487207,0.0,0.0
2024-07-25 00:00:00+05:30,1732.0,1779.0,1732.0,1775.1500244140625,3096397,0.0,0.0
2024-07-26 00:00:00+05:30,1758.0999755859375,1829.8499755859375,1758.0999755859375,1813.8499755859375,5309351,0.0,0.0
2024-07-29 00:00:00+05:30,1824.699951171875,1827.0,1783.5,1793.9000244140625,8006367,0.0,0.0
2024-07-30 00:00:00+05:30,1793.9000244140625,1806.6500244140625,1781.300048828125,1786.0999755859375,5679537,0.0,0.0
2024-07-31 00:00:00+05:30,1793.0,1816.0,1773.1500244140625,1807.9000244140625,5806257,0.0,0.0
2024-08-01 00:00:00+05:30,1807.0999755859375,1818.25,1786.25,1792.6500244140625,3816044,0.0,0.0
2024-08-02 00:00:00+05:30,1781.0999755859375,1810.0,1775.0,1803.449951171875,3242589,0.0,0.0
2024-08-05 00:00:00+05:30,1770.199951171875,1805.5999755859375,1768.550048828125,1773.6500244140625,4911818,0.0,0.0
2024-08-06 00:00:00+05:30,1785.0,1792.199951171875,1760.0,1770.550048828125,3924022,0.0,0.0
2024-08-07 00:00:00+05:30,1785.0,1786.5999755859375,1760.050048828125,1776.550048828125,3537745,0.0,0.0
2024-08-08 00:00:00+05:30,1766.6500244140625,1781.800048828125,1762.6500244140625,1772.75,2472221,0.0,0.0
2024-08-09 00:00:00+05:30,1785.050048828125,1785.449951171875,1765.0,1769.6500244140625,2464443,0.0,0.0
2024-08-12 00:00:00+05:30,1761.0,1791.050048828125,1751.25,1772.550048828125,4544443,0.0,0.0
2024-08-13 00:00:00+05:30,1763.0,1791.5,1746.0999755859375,1752.050048828125,3530319,0.0,0.0
2024-08-14 00:00:00+05:30,1755.0,1760.0,1744.550048828125,1747.9000244140625,2585649,0.0,0.0
2024-08-16 00:00:00+05:30,1762.0,1785.75,1746.0,1777.300048828125,2961871,0.0,0.0
2024-08-19 00:00:00+05:30,1780.550048828125,1790.0,1771.0,1781.3499755859375,2172279,0.0,0.0
2024-08-20 00:00:00+05:30,1783.0,1813.050048828125,1776.25,1805.6500244140625,3115486,0.0,0.0
2024-08-21 00:00:00+05:30,1800.0,1817.0,1787.3499755859375,1812.949951171875,5717190,0.0,0.0
2024-08-22 00:00:00+05:30,1814.0,1824.300048828125,1805.800048828125,1821.5,3217988,0.0,0.0
2024-08-23 00:00:00+05:30,1821.5,1827.9000244140625,1812.699951171875,1818.0,1815186,0.0,0.0
2024-08-26 00:00:00+05:30,1820.0,1822.949951171875,1809.699951171875,1812.5,2356257,0.0,0.0
2024-08-27 00:00:00+05:30,1811.050048828125,1813.0999755859375,1791.699951171875,1803.3499755859375,4541696,0.0,0.0
2024-08-28 00:00:00+05:30,1796.0,1805.9000244140625,1785.8499755859375,1791.300048828125,4280796,0.0,0.0
2024-08-29 00:00:00+05:30,1783.25,1798.5,1773.0,1777.25,5531158,0.0,0.0
2024-08-30 00:00:00+05:30,1777.300048828125,1790.0,1774.3499755859375,1780.800048828125,7458172,0.0,0.0
2024-09-02 00:00:00+05:30,1782.0,1793.449951171875,1772.699951171875,1780.25,4048520,0.0,0.0
2024-09-03 00:00:00+05:30,1780.050048828125,1786.449951171875,1772.3499755859375,1783.800048828125,5196273,0.0,0.0
2024-09-04 00:00:00+05:30,1770.0,1788.300048828125,1763.5,1783.800048828125,3192443,0.0,0.0
2024-09-05 00:00:00+05:30,1781.25,1786.3499755859375,1760.0,1777.949951171875,3573005,0.0,0.0
2024-09-06 00:00:00+05:30,1767.550048828125,1781.949951171875,1756.5,1764.1500244140625,3254880,0.0,0.0
2024-09-09 00:00:00+05:30,1767.699951171875,1793.949951171875,1758.449951171875,1790.1500244140625,3436461,0.0,0.0
2024-09-10 00:00:00+05:30,1798.0,1799.6500244140625,1778.050048828125,1791.5999755859375,3497612,0.0,0.0
2024-09-11 00:00:00+05:30,1795.0,1805.449951171875,1785.0,1789.25,3733872,0.0,0.0
2024-09-12 00:00:00+05:30,1803.9000244140625,1834.1500244140625,1795.1500244140625,1827.449951171875,6365508,0.0,0.0
2024-09-13 00:00:00+05:30,1837.0,1837.0,1816.75,1820.3499755859375,2056720,0.0,0.0
2024-09-16 00:00:00+05:30,1833.0,1845.699951171875,1828.300048828125,1831.300048828125,2730634,0.0,0.0
2024-09-17 00:00:00+05:30,1839.4000244140625,1853.4000244140625,1830.6500244140625,1846.6500244140625,3674862,0.0,0.0
2024-09-18 00:00:00+05:30,1850.0,1859.449951171875,1835.5999755859375,1839.699951171875,6877499,0.0,0.0
2024-09-19 00:00:00+05:30,1849.9000244140625,1875.0,1845.0999755859375,1871.949951171875,2892430,0.0,0.0
2024-09-20 00:00:00+05:30,1874.0,1926.300048828125,1870.0,1904.5,18849579,0.0,0.0
2024-09-23 00:00:00+05:30,1914.949951171875,1942.0,1908.199951171875,1934.699951171875,3686272,0.0,0.0
2024-09-24 00:00:00+05:30,1935.0,1938.5999755859375,1909.5999755859375,1914.699951171875,3709386,0.0,0.0
2024-09-25 00:00:00+05:30,1910.050048828125,1922.699951171875,1894.300048828125,1897.949951171875,3307467,0.0,0.0
2024-09-26 00:00:00+05:30,1895.0,1913.300048828125,1884.300048828125,1902.300048828125,4204513,0.0,0.0
2024-09-27 00:00:00+05:30,1900.0,1910.0,1866.300048828125,1872.449951171875,6643112,0.0,0.0
2024-09-30 00:00:00+05:30,1856.699951171875,1884.449951171875,1843.0999755859375,1853.949951171875,3246840,0.0,0.0
2024-10-01 00:00:00+05:30,1847.0,1884.75,1847.0,1879.4000244140625,4871526,0.0,0.0
2024-10-03 00:00:00+05:30,1857.9000244140625,1863.6500244140625,1815.800048828125,1822.800048828125,6363232,0.0,0.0
2024-10-04 00:00:00+05:30,1815.5,1850.0,1798.3499755859375,1809.0,3734632,0.0,0.0
2024-10-07 00:00:00+05:30,1810.0,1836.4000244140625,1769.4000244140625,1790.25,7446633,0.0,0.0
2024-10-08 00:00:00+05:30,1800.0,1814.0,1781.8499755859375,1803.4000244140625,5097103,0.0,0.0
2024-10-09 00:00:00+05:30,1801.0,1820.0,1789.9000244140625,1800.800048828125,7078802,0.0,0.0
2024-10-10 00:00:00+05:30,1809.9000244140625,1884.0,1805.300048828125,1876.0999755859375,5905798,0.0,0.0
2024-10-11 00:00:00+05:30,1872.199951171875,1893.5999755859375,1861.1500244140625,1882.4000244140625,5211580,0.0,0.0
2024-10-14 00:00:00+05:30,1885.050048828125,1916.0,1882.449951171875,1910.800048828125,4391138,0.0,0.0
2024-10-15 00:00:00+05:30,1912.199951171875,1915.3499755859375,1887.449951171875,1895.199951171875,4295493,0.0,0.0
2024-10-16 00:00:00+05:30,1884.0,1892.449951171875,1868.1500244140625,1876.3499755859375,3145556,0.0,0.0
2024-10-17 00:00:00+05:30,1876.3499755859375,1878.300048828125,1851.300048828125,1864.050048828125,3541432,0.0,0.0
2024-10-18 00:00:00+05:30,1868.0,1878.5,1848.0,1871.050048828125,3834767,0.0,0.0
2024-10-21 00:00:00+05:30,1850.0,1855.0,1735.0,1789.199951171875,13178137,0.0,0.0
2024-10-22 00:00:00+05:30,1791.949951171875,1795.5,1758.8499755859375,1763.1500244140625,5494382,0.0,0.0
2024-10-23 00:00:00+05:30,1761.1500244140625,1787.050048828125,1758.0999755859375,1767.800048828125,2836137,0.0,0.0
2024-10-24 00:00:00+05:30,1766.0,1772.75,1750.300048828125,1762.199951171875,2316820,0.0,0.0
2024-10-25 00:00:00+05:30,1765.0,1786.5,1757.0,1768.8499755859375,2829227,0.0,0.0
2024-10-28 00:00:00+05:30,1768.0,1780.6500244140625,1745.050048828125,1749.8499755859375,3302148,0.0,0.0
2024-10-29 00:00:00+05:30,1743.5,1767.1500244140625,1730.699951171875,1760.199951171875,4158119,0.0,0.0
2024-10-30 00:00:00+05:30,1727.0,1760.0,1726.5999755859375,1734.5999755859375,4385949,0.0,0.0
2024-10-31 00:00:00+05:30,1727.3499755859375,1746.5999755859375,1723.949951171875,1731.0999755859375,2944670,0.0,0.0
2024-11-01 00:00:00+05:30,1739.5999755859375,1754.1500244140625,1736.3499755859375,1744.4000244140625,182489,0.0,0.0
2024-11-04 00:00:00+05:30,1744.0,1744.0,1724.25,1729.3499755859375,2884830,0.0,0.0
2024-11-05 00:00:00+05:30,1721.5,1760.5,1711.0,1757.1500244140625,4028615,0.0,0.0
2024-11-06 00:00:00+05:30,1760.0999755859375,1768.449951171875,1746.5999755859375,1762.5999755859375,3652252,0.0,0.0
2024-11-07 00:00:00+05:30,1763.0,1765.0,1733.0,1746.9000244140625,3060984,0.0,0.0
2024-11-08 00:00:00+05:30,1745.0,1764.0999755859375,1738.9000244140625,1745.800048828125,3646825,0.0,0.0
2024-11-11 00:00:00+05:30,1745.0,1763.300048828125,1737.199951171875,1744.0,3205030,0.0,0.0
2024-11-12 00:00:00+05:30,1744.800048828125,1749.4000244140625,1715.199951171875,1721.4000244140625,3228390,0.0,0.0
2024-11-13 00:00:00+05:30,1714.0,1728.1500244140625,1679.050048828125,1687.8499755859375,3593490,0.0,0.0
2024-11-14 00:00:00+05:30,1690.0,1712.5999755859375,1689.800048828125,1707.9000244140625,3327758,0.0,0.0
2024-11-18 00:00:00+05:30,1714.0,1728.25,1699.699951171875,1722.75,2082415,0.0,0.0
2024-11-19 00:00:00+05:30,1729.800048828125,1739.800048828125,1713.5,1727.75,2759663,0.0,0.0
2024-11-21 00:00:00+05:30,1715.0999755859375,1740.75,1703.75,1737.0999755859375,3294059,0.0,0.0
2024-11-22 00:00:00+05:30,1734.0,1772.199951171875,1732.9000244140625,1761.449951171875,3553726,0.0,0.0
2024-11-25 00:00:00+05:30,1782.0,1794.5999755859375,1766.9000244140625,1790.75,6871432,0.0,0.0
2024-11-26 00:00:00+05:30,1795.0,1795.949951171875,1775.0,1783.5999755859375,2312739,0.0,0.0
2024-11-27 00:00:00+05:30,1780.949951171875,1805.5,1779.0999755859375,1783.199951171875,3202444,0.0,0.0
2024-11-28 00:00:00+05:30,1783.25,1788.9000244140625,1753.5,1759.199951171875,3971395,0.0,0.0
2024-11-29 00:00:00+05:30,1757.0,1773.5999755859375,1757.0,1765.25,2987994,0.0,0.0
2024-12-02 00:00:00+05:30,1765.0,1772.5999755859375,1746.0,1753.949951171875,4265280,0.0,0.0
2024-12-03 00:00:00+05:30,1760.0,1761.199951171875,1740.0,1749.9000244140625,3971650,0.0,0.0
2024-12-04 00:00:00+05:30,1752.0,1767.0,1746.4000244140625,1757.5,3186786,0.0,0.0
2024-12-05 00:00:00+05:30,1764.0,1788.6500244140625,1748.0,1775.1500244140625,5697229,0.0,0.0
2024-12-06 00:00:00+05:30,1773.9000244140625,1785.050048828125,1761.0,1776.949951171875,2595882,0.0,0.0
2024-12-09 00:00:00+05:30,1768.0999755859375,1804.949951171875,1768.0999755859375,1786.25,2554023,0.0,0.0
2024-12-10 00:00:00+05:30,1783.25,1802.800048828125,1783.25,1794.699951171875,1979884,0.0,0.0
2024-12-11 00:00:00+05:30,1796.0,1806.800048828125,1789.949951171875,1794.699951171875,2393428,0.0,0.0
2024-12-12 00:00:00+05:30,1790.0,1796.449951171875,1765.3499755859375,1768.699951171875,3488259,0.0,0.0
2024-12-13 00:00:00+05:30,1758.3499755859375,1809.0,1748.050048828125,1805.6500244140625,3893531,0.0,0.0
2024-12-16 00:00:00+05:30,1803.0,1813.0,1793.8499755859375,1804.449951171875,2989393,0.0,0.0
2024-12-17 00:00:00+05:30,1796.0999755859375,1806.8499755859375,1775.0,1784.050048828125,3592861,0.0,0.0
2024-12-18 00:00:00+05:30,1782.0,1786.699951171875,1770.3499755859375,1780.0,3529430,0.0,0.0
2024-12-19 00:00:00+05:30,1763.449951171875,1768.0,1745.4000244140625,1762.0999755859375,4074080,0.0,0.0
2024-12-20 00:00:00+05:30,1755.0,1768.8499755859375,1733.3499755859375,1743.550048828125,14685688,0.0,0.0
2024-12-23 00:00:00+05:30,1747.5,1764.199951171875,1740.0,1745.3499755859375,2748036,0.0,0.0
2024-12-24 00:00:00+05:30,1742.550048828125,1754.6500244140625,1738.050048828125,1749.050048828125,2712625,0.0,0.0
2024-12-26 00:00:00+05:30,1756.800048828125,1769.449951171875,1742.050048828125,1752.800048828125,1132006,0.0,0.0
2024-12-27 00:00:00+05:30,1760.0,1777.199951171875,1754.0,1759.9000244140625,2448271,0.0,0.0
2024-12-30 00:00:00+05:30,1765.0,1781.0,1733.5,1740.699951171875,5502772,0.0,0.0
2024-12-31 00:00:00+05:30,1735.050048828125,1796.5999755859375,1735.050048828125,1786.050048828125,4731698,0.0,0.0
2025-01-01 00:00:00+05:30,1779.25,1796.75,1777.0,1788.4000244140625,1484828,0.0,0.0
2025-01-02 00:00:00+05:30,1800.0,1840.199951171875,1796.9000244140625,1837.1500244140625,5096987,0.0,0.0
2025-01-03 00:00:00+05:30,1851.0,1853.0,1817.0999755859375,1838.6500244140625,4277149,0.0,0.0
2025-01-06 00:00:00+05:30,1821.0,1825.0,1772.9000244140625,1779.6500244140625,3992395,0.0,0.0
2025-01-07 00:00:00+05:30,1787.0,1797.449951171875,1769.9000244140625,1772.050048828125,4399938,0.0,0.0
2025-01-08 00:00:00+05:30,1780.0999755859375,1784.699951171875,1762.449951171875,1768.6500244140625,4364679,0.0,0.0
2025-01-09 00:00:00+05:30,1774.0,1808.699951171875,1774.0,1790.199951171875,5469827,0.0,0.0
2025-01-10 00:00:00+05:30,1784.199951171875,1789.6500244140625,1753.3499755859375,1756.199951171875,3502618,0.0,0.0
2025-01-13 00:00:00+05:30,1732.9000244140625,1744.550048828125,1723.75,1738.4000244140625,3092388,0.0,0.0
2025-01-14 00:00:00+05:30,1749.5999755859375,1768.8499755859375,1729.5999755859375,1750.5999755859375,4948961,0.0,0.0
2025-01-15 00:00:00+05:30,1760.0999755859375,1795.0,1760.0999755859375,1789.5999755859375,3509861,0.0,0.0
2025-01-16 00:00:00+05:30,1795.800048828125,1814.949951171875,1785.3499755859375,1805.550048828125,4451534,0.0,0.0
2025-01-17 00:00:00+05:30,1797.0,1805.5,1748.300048828125,1758.5999755859375,3521728,0.0,0.0
2025-01-20 00:00:00+05:30,1890.0,1929.9000244140625,1866.0,1920.5,13324315,0.0,0.0
2025-01-21 00:00:00+05:30,1920.949951171875,1920.949951171875,1891.0,1893.300048828125,4415663,0.0,0.0
2025-01-22 00:00:00+05:30,1899.0,1920.5,1887.050048828125,1917.5,4176669,0.0,0.0
2025-01-23 00:00:00+05:30,1907.0999755859375,1923.949951171875,1892.0999755859375,1894.8499755859375,3161159,0.0,0.0
2025-01-24 00:00:00+05:30,1891.0,1918.5,1873.050048828125,1886.199951171875,4025366,0.0,0.0
2025-01-27 00:00:00+05:30,1875.0,1898.800048828125,1862.75,1881.4000244140625,1928503,0.0,0.0
2025-01-28 00:00:00+05:30,1895.0,1905.0,1870.800048828125,1887.75,5157384,0.0,0.0
2025-01-29 00:00:00+05:30,1887.800048828125,1924.699951171875,1885.0,1920.3499755859375,2351631,0.0,0.0
2025-01-30 00:00:00+05:30,1920.3499755859375,1938.0999755859375,1877.449951171875,1901.5,4239181,0.0,0.0
2025-01-31 00:00:00+05:30,1903.050048828125,1908.949951171875,1889.5999755859375,1901.300048828125,2333229,0.0,0.0
2025-02-01 00:00:00+05:30,1899.0,1917.1500244140625,1871.5999755859375,1903.0999755859375,1096357,0.0,0.0
2025-02-03 00:00:00+05:30,1893.5999755859375,1903.800048828125,1881.550048828125,1884.5,3319808,0.0,0.0
2025-02-04 00:00:00+05:30,1891.050048828125,1941.199951171875,1877.199951171875,1928.5,5332618,0.0,0.0
2025-02-05 00:00:00+05:30,1937.800048828125,1938.949951171875,1902.3499755859375,1911.75,3427385,0.0,0.0
2025-02-06 00:00:00+05:30,1917.0,1920.0,1896.449951171875,1915.949951171875,3193971,0.0,0.0
2025-02-07 00:00:00+05:30,1921.0,1960.5999755859375,1907.9000244140625,1929.25,4414174,0.0,0.0
2025-02-10 00:00:00+05:30,1935.300048828125,1965.0,1923.550048828125,1960.1500244140625,3569373,0.0,0.0
2025-02-11 00:00:00+05:30,1964.5999755859375,1970.5,1906.5999755859375,1918.5999755859375,3506682,0.0,0.0
2025-02-12 00:00:00+05:30,1923.449951171875,1949.0,1904.949951171875,1943.949951171875,3219004,0.0,0.0
2025-02-13 00:00:00+05:30,1963.0,1992.800048828125,1960.550048828125,1972.800048828125,12678373,0.0,0.0
2025-02-14 00:00:00+05:30,1974.0,1974.0,1933.3499755859375,1952.4000244140625,2610048,0.0,0.0
2025-02-17 00:00:00+05:30,1955.0,1963.949951171875,1932.6500244140625,1945.300048828125,2300119,0.0,0.0
2025-02-18 00:00:00+05:30,1942.050048828125,1966.0,1939.1500244140625,1963.3499755859375,4344125,0.0,0.0
2025-02-19 00:00:00+05:30,1963.949951171875,1994.9000244140625,1962.0,1985.0,3914165,0.0,0.0
2025-02-20 00:00:00+05:30,1982.300048828125,1982.3499755859375,1960.0,1970.550048828125,4724372,0.0,0.0
2025-02-21 00:00:00+05:30,1970.550048828125,1978.3499755859375,1934.5,1953.050048828125,4008552,0.0,0.0
2025-02-24 00:00:00+05:30,1938.300048828125,1970.0,1933.550048828125,1966.0999755859375,2218081,0.0,0.0
2025-02-25 00:00:00+05:30,1969.0,1979.550048828125,1958.5999755859375,1967.25,4019894,0.0,0.0
2025-02-27 00:00:00+05:30,1972.0,1975.0,1939.9000244140625,1947.550048828125,3708068,0.0,0.0
2025-02-28 00:00:00+05:30,1937.050048828125,1937.050048828125,1893.9000244140625,1902.949951171875,6970315,0.0,0.0
2025-03-03 00:00:00+05:30,1905.550048828125,1923.6500244140625,1895.199951171875,1914.5999755859375,2607790,0.0,0.0
2025-03-04 00:00:00+05:30,1901.1500244140625,1916.0,1896.75,1907.800048828125,3172050,0.0,0.0
2025-03-05 00:00:00+05:30,1903.0999755859375,1953.6500244140625,1895.4000244140625,1933.0999755859375,3811688,0.0,0.0
2025-03-06 00:00:00+05:30,1944.0,1944.949951171875,1909.8499755859375,1921.699951171875,5193093,0.0,0.0
2025-03-07 00:00:00+05:30,1917.0,1940.5999755859375,1910.050048828125,1935.4000244140625,2780338,0.0,0.0
2025-03-10 00:00:00+05:30,1932.5,1940.050048828125,1916.3499755859375,1921.75,2228534,0.0,0.0
2025-03-11 00:00:00+05:30,1923.0,1944.0,1904.449951171875,1935.199951171875,3207052,0.0,0.0
2025-03-12 00:00:00+05:30,1940.0,1997.699951171875,1938.0,1982.550048828125,6704494,0.0,0.0
2025-03-13 00:00:00+05:30,1975.699951171875,1993.3499755859375,1969.550048828125,1985.0999755859375,4925794,0.0,0.0
2025-03-17 00:00:00+05:30,1980.0999755859375,1998.8499755859375,1974.25,1993.0999755859375,3170929,0.0,0.0
2025-03-18 00:00:00+05:30,1993.0999755859375,1993.0999755859375,1993.0999755859375,1993.0999755859375,0,0.0,0.0
2025-03-19 00:00:00+05:30,2039.25,2051.0,2017.25,2021.550048828125,5338288,0.0,0.0
2025-03-20 00:00:00+05:30,2031.0,2038.9000244140625,2016.5,2035.6500244140625,2683306,0.0,0.0
2025-03-21 00:00:00+05:30,2040.0,2097.60009765625,2035.0,2079.0,18850808,0.0,0.0
2025-03-24 00:00:00+05:30,2100.0,2184.25,2090.25,2176.14990234375,8508351,0.0,0.0
2025-03-25 00:00:00+05:30,2179.89990234375,2202.5,2160.0,2170.0,7342433,0.0,0.0
2025-03-26 00:00:00+05:30,2175.0,2176.0,2129.89990234375,2144.89990234375,3016916,0.0,0.0
2025-03-27 00:00:00+05:30,2144.0,2151.39990234375,2111.85009765625,2128.64990234375,9421224,0.0,0.0
2025-03-28 00:00:00+05:30,2139.300048828125,2179.89990234375,2139.0,2171.199951171875,3672253,0.0,0.0
2025-04-01 00:00:00+05:30,2174.300048828125,2178.5,2135.89990234375,2145.89990234375,3750939,0.0,0.0
2025-04-02 00:00:00+05:30,2141.0,2160.64990234375,2139.64990234375,2154.60009765625,2132192,0.0,0.0
2025-04-03 00:00:00+05:30,2129.0,2151.699951171875,2127.14990234375,2132.60009765625,1694038,0.0,0.0
2025-04-04 00:00:00+05:30,2130.89990234375,2146.300048828125,2118.14990234375,2131.949951171875,3788403,0.0,0.0
2025-04-07 00:00:00+05:30,2018.699951171875,2083.60009765625,2000.800048828125,2037.8499755859375,7139049,0.0,0.0
2025-04-08 00:00:00+05:30,2062.449951171875,2079.89990234375,2038.0,2055.14990234375,4094339,0.0,0.0
2025-04-09 00:00:00+05:30,2054.0,2065.0,2042.0999755859375,2052.699951171875,3919578,0.0,0.0
2025-04-11 00:00:00+05:30,2065.0,2139.5,2058.5,2111.199951171875,5594689,0.0,0.0
2025-04-15 00:00:00+05:30,2145.0,2147.0,2099.60009765625,2120.199951171875,5635664,0.0,0.0
2025-04-16 00:00:00+05:30,2120.0,2151.60009765625,2113.300048828125,2123.39990234375,2899779,0.0,0.0
2025-04-17 00:00:00+05:30,2115.0,2193.89990234375,2097.699951171875,2188.10009765625,5388632,0.0,0.0
2025-04-21 00:00:00+05:30,2195.0,2261.199951171875,2175.39990234375,2241.39990234375,4886498,0.0,0.0
2025-04-22 00:00:00+05:30,2249.0,2301.89990234375,2245.39990234375,2268.800048828125,6732983,0.0,0.0
2025-04-23 00:00:00+05:30,2285.0,2290.0,2220.0,2227.0,3523879,0.0,0.0
2025-04-24 00:00:00+05:30,2218.0,2237.89990234375,2213.699951171875,2223.0,4168537,0.0,0.0
2025-04-25 00:00:00+05:30,2220.0,2233.39990234375,2178.199951171875,2204.39990234375,2136003,0.0,0.0
2025-04-28 00:00:00+05:30,2197.0,2231.800048828125,2189.39990234375,2225.60009765625,2438178,0.0,0.0
2025-04-29 00:00:00+05:30,2225.60009765625,2247.0,2198.800048828125,2205.0,3058265,0.0,0.0
2025-04-30 00:00:00+05:30,2213.89990234375,2231.0,2188.199951171875,2208.10009765625,4622917,0.0,0.0
2025-05-02 00:00:00+05:30,2204.0,2223.60009765625,2171.199951171875,2181.699951171875,1815806,0.0,0.0
2025-05-05 00:00:00+05:30,2105.10009765625,2133.800048828125,2058.0,2084.89990234375,8821617,0.0,0.0
2025-05-06 00:00:00+05:30,2086.0,2091.39990234375,2065.0,2074.0,3405097,0.0,0.0
2025-05-07 00:00:00+05:30,2063.699951171875,2101.800048828125,2054.5,2094.89990234375,3739456,0.0,0.0
2025-05-08 00:00:00+05:30,2099.0,2138.699951171875,2094.89990234375,2112.60009765625,6924871,0.0,0.0
2025-05-09 00:00:00+05:30,2075.0,2120.0,2075.0,2103.10009765625,4654300,0.0,0.0
2025-05-12 00:00:00+05:30,2134.0,2163.60009765625,2126.10009765625,2145.0,3021874,0.0,0.0
2025-05-13 00:00:00+05:30,2135.0,2146.10009765625,2101.10009765625,2115.60009765625,4307824,0.0,0.0
2025-05-14 00:00:00+05:30,2111.0,2119.89990234375,2084.0,2092.39990234375,2137594,0.0,0.0
2025-05-15 00:00:00+05:30,2085.10009765625,2112.0,2065.39990234375,2106.39990234375,4262359,0.0,0.0
2025-05-16 00:00:00+05:30,2099.89990234375,2114.89990234375,2090.10009765625,2108.199951171875,2057908,0.0,0.0
2025-05-19 00:00:00+05:30,2102.0,2124.0,2100.39990234375,2111.199951171875,1505704,0.0,0.0
2025-05-20 00:00:00+05:30,2114.800048828125,2117.89990234375,2084.699951171875,2090.10009765625,3909098,0.0,0.0
2025-05-21 00:00:00+05:30,2095.0,2096.300048828125,2060.0,2071.300048828125,2141740,0.0,0.0
2025-05-22 00:00:00+05:30,2074.0,2077.60009765625,2050.699951171875,2065.800048828125,3289328,0.0,0.0
2025-05-23 00:00:00+05:30,2065.800048828125,2109.300048828125,2065.800048828125,2100.800048828125,1650953,0.0,0.0
2025-05-26 00:00:00+05:30,2090.10009765625,2112.0,2085.10009765625,2089.300048828125,2040285,0.0,0.0
2025-05-27 00:00:00+05:30,2090.0,2099.0,2061.199951171875,2077.39990234375,3459940,0.0,0.0
2025-05-28 00:00:00+05:30,2075.0,2080.39990234375,2063.39990234375,2074.300048828125,1634636,0.0,0.0
2025-05-29 00:00:00+05:30,2077.300048828125,2096.0,2055.0,2081.60009765625,4987382,0.0,0.0
2025-05-30 00:00:00+05:30,2081.60009765625,2090.199951171875,2065.5,2074.699951171875,9807728,0.0,0.0
2025-06-02 00:00:00+05:30,2067.0,2075.800048828125,2051.199951171875,2063.60009765625,2701140,0.0,0.0
2025-06-03 00:00:00+05:30,2070.0,2075.800048828125,2034.199951171875,2044.5,6463818,0.0,0.0
2025-06-04 00:00:00+05:30,2047.0999755859375,2058.5,2040.800048828125,2046.300048828125,2331114,0.0,0.0
2025-06-05 00:00:00+05:30,2054.800048828125,2056.39990234375,2034.199951171875,2039.9000244140625,3725332,0.0,0.0
2025-06-06 00:00:00+05:30,2043.9000244140625,2084.89990234375,2033.800048828125,2073.39990234375,4424324,0.0,0.0
2025-06-09 00:00:00+05:30,2111.0,2142.39990234375,2090.0,2141.300048828125,3964510,0.0,0.0
