Date,Open,High,Low,Close,Volume,Dividends,Stock Splits
2020-06-09 00:00:00+05:30,5524.843591669476,5556.5293474089785,5396.180219878773,5436.79541015625,1336806,0.0,0.0
2020-06-10 00:00:00+05:30,5429.786231563309,5511.401055556746,5391.379255566399,5449.56591796875,1432292,0.0,0.0
2020-06-11 00:00:00+05:30,5412.503161547249,5462.432230981426,5185.229690646458,5210.05029296875,1766481,0.0,0.0
2020-06-12 00:00:00+05:30,4993.867083202229,5384.945931043722,4993.867083202229,5340.25,2064628,0.0,0.0
2020-06-15 00:00:00+05:30,5300.163012772223,5362.574352596534,5176.348328771305,5257.67529296875,1530562,0.0,0.0
2020-06-16 00:00:00+05:30,5367.3744061546395,5389.026149364564,5184.9412868041245,5283.0712890625,1184933,0.0,0.0
2020-06-17 00:00:00+05:30,5228.14964802514,5581.926095947608,5228.14964802514,5498.15087890625,3454833,0.0,0.0
2020-06-18 00:00:00+05:30,5468.193023535406,5528.684008694797,5416.343607684499,5486.8203125,1580214,0.0,0.0
2020-06-19 00:00:00+05:30,5521.9627631683425,5698.634846010104,5479.715091184443,5662.484375,1854589,0.0,0.0
2020-06-22 00:00:00+05:30,5665.028685695281,5737.041762208356,5575.108451256314,5661.18798828125,1497563,0.0,0.0
2020-06-23 00:00:00+05:30,5665.02924959388,5767.960138069726,5629.070528941624,5652.06689453125,1398070,0.0,0.0
2020-06-24 00:00:00+05:30,5701.5159069469755,5701.5159069469755,5501.799620546677,5526.14013671875,1268449,0.0,0.0
2020-06-25 00:00:00+05:30,5450.910296080311,5613.947728464232,5425.9457606393935,5532.81298828125,1266203,0.0,0.0
2020-06-26 00:00:00+05:30,5569.011970522742,5578.613715299505,5468.193650366727,5525.7080078125,1063057,0.0,0.0
2020-06-29 00:00:00+05:30,5501.7992390011395,5569.011446109356,5424.985288020322,5452.54248046875,1102655,0.0,0.0
2020-06-30 00:00:00+05:30,5521.002918999154,5640.544634375744,5455.183149994543,5605.7861328125,2015814,0.0,0.0
2020-07-01 00:00:00+05:30,5605.786139598294,5650.62647263312,5545.0072862287625,5571.98828125,1284965,0.0,0.0
2020-07-02 00:00:00+05:30,5617.020444039636,5722.639631876278,5533.293045784155,5711.5498046875,1470941,0.0,0.0
2020-07-03 00:00:00+05:30,5711.54953096243,5750.1004389082245,5648.75375086271,5695.8505859375,1059779,0.0,0.0
2020-07-06 00:00:00+05:30,5725.9522828311965,5902.8644181821255,5689.033389168268,5879.72412109375,1385081,0.0,0.0
2020-07-07 00:00:00+05:30,5895.470500260971,6001.089678604409,5850.006151088838,5978.765625,1799721,0.0,0.0
2020-07-08 00:00:00+05:30,5978.76612348433,5986.687562520544,5782.746607646141,5803.67822265625,1204072,0.0,0.0
2020-07-09 00:00:00+05:30,5837.860180578684,5853.222970527576,5695.130353976795,5763.302734375,1043427,0.0,0.0
2020-07-10 00:00:00+05:30,5741.842742058794,5842.757162279063,5685.192454135471,5718.46240234375,1168821,0.0,0.0
2020-07-13 00:00:00+05:30,5761.046671610207,5817.937007492358,5691.72188912776,5750.3408203125,1035069,0.0,0.0
2020-07-14 00:00:00+05:30,5713.997480403609,5721.438831516553,5521.00243863565,5541.88623046875,1602929,0.0,0.0
2020-07-15 00:00:00+05:30,5578.613470748659,5645.63345881842,5525.803876791486,5570.259765625,1246705,0.0,0.0
2020-07-16 00:00:00+05:30,5577.652690909294,5684.232041691,5522.922754021391,5641.3603515625,1018658,0.0,0.0
2020-07-17 00:00:00+05:30,5663.108691513483,5718.798807503273,5617.98049407348,5683.75244140625,810152,0.0,0.0
2020-07-20 00:00:00+05:30,5698.635507512916,5699.595681987644,5580.534047121326,5633.82373046875,912610,0.0,0.0
2020-07-21 00:00:00+05:30,5683.752114191635,5905.0723037889275,5665.0287142040115,5886.68505859375,1854694,0.0,0.0
2020-07-22 00:00:00+05:30,5873.38644581525,5884.908537911013,5703.1477226344,5764.310546875,1140092,0.0,0.0
2020-07-23 00:00:00+05:30,5773.528210910254,5847.461633867195,5730.27254514287,5824.36962890625,701651,0.0,0.0
2020-07-24 00:00:00+05:30,5770.648184448527,5806.510792306932,5695.850691931276,5761.71875,793324,0.0,0.0
2020-07-27 00:00:00+05:30,5768.728099737264,5821.393762124571,5691.961964870636,5802.6220703125,902597,0.0,0.0
2020-07-28 00:00:00+05:30,5809.055084667387,6068.638325895547,5790.955703570442,6032.58349609375,1774828,0.0,0.0
2020-07-29 00:00:00+05:30,6020.245331511163,6044.297511357494,5875.259005186305,5938.822265625,2057197,0.0,0.0
2020-07-30 00:00:00+05:30,5937.766185287627,6139.018829041061,5924.323743971741,6015.87646484375,2217867,0.0,0.0
2020-07-31 00:00:00+05:30,6015.492912037568,6125.769041071566,5961.723142991423,6013.33251953125,1613555,0.0,0.0
2020-08-03 00:00:00+05:30,6125.912756913529,6181.074964492215,5881.116102706251,5919.66748046875,1836582,0.0,0.0
2020-08-04 00:00:00+05:30,5952.121089476954,6122.888199821413,5938.678647913366,6105.701171875,1223516,0.0,0.0
2020-08-05 00:00:00+05:30,6134.457849066003,6334.942535892846,6125.91239106493,6266.337890625,2278663,0.0,0.0
2020-08-06 00:00:00+05:30,6274.692133435122,6323.564918580147,6178.146312357837,6294.66357421875,1233252,0.0,0.0
2020-08-07 00:00:00+05:30,6239.2128395963555,6480.69668526556,6223.706117826372,6413.00439453125,1567980,0.0,0.0
2020-08-10 00:00:00+05:30,6423.566524100765,6460.725459689036,6314.106646111603,6345.6962890625,1601750,0.0,0.0
2020-08-11 00:00:00+05:30,6399.56265849937,6446.131118955067,6347.713238610553,6384.39208984375,880808,0.0,0.0
2020-08-12 00:00:00+05:30,6346.705102239557,6508.110047357204,6329.565895056009,6462.26171875,1114981,0.0,0.0
2020-08-13 00:00:00+05:30,6520.051546872273,6560.78987124938,6447.438953509247,6521.6982421875,1087096,60.0,0.0
2020-08-14 00:00:00+05:30,6529.788019151783,6534.777302627157,6347.699750079261,6382.72265625,905793,0.0,0.0
2020-08-17 00:00:00+05:30,6452.2831967806505,6578.180413242093,6382.7227353215985,6557.30224609375,1028536,0.0,0.0
2020-08-18 00:00:00+05:30,6557.30184320679,6708.920800902612,6550.035758972166,6678.11279296875,1322527,0.0,0.0
2020-08-19 00:00:00+05:30,6708.048768193983,6795.92013350897,6670.313382623947,6772.28076171875,1326450,0.0,0.0
2020-08-20 00:00:00+05:30,6676.175254189045,6780.709892744326,6665.469606117759,6757.16796875,958157,0.0,0.0
2020-08-21 00:00:00+05:30,6828.1818414554355,6844.651633070751,6734.20714812099,6755.52099609375,971836,0.0,0.0
2020-08-24 00:00:00+05:30,6767.145893197913,6878.5591756199265,6738.081558653041,6861.60498046875,961177,0.0,0.0
2020-08-25 00:00:00+05:30,6878.559845913565,6951.899046449394,6854.969197465347,6888.19970703125,1047620,0.0,0.0
2020-08-26 00:00:00+05:30,6888.248199856274,6934.751141289903,6754.552243234591,6790.05908203125,992395,0.0,0.0
2020-08-27 00:00:00+05:30,6823.33745297421,6905.3959528961195,6743.700981113131,6876.6220703125,1158891,0.0,0.0
2020-08-28 00:00:00+05:30,6902.779797744164,6932.81294493435,6809.24126563567,6882.53173828125,1019984,0.0,0.0
2020-08-31 00:00:00+05:30,6915.374605249575,6936.68845244984,6578.6644492681535,6626.62060546875,1580774,0.0,0.0
2020-09-01 00:00:00+05:30,6646.481013505656,6799.79538653411,6589.853809412596,6690.27099609375,1117127,0.0,0.0
2020-09-02 00:00:00+05:30,6690.125532006613,6762.301964145414,6638.68156428782,6704.89990234375,776392,0.0,0.0
2020-09-03 00:00:00+05:30,6709.017533001235,6894.932306922599,6704.900085417805,6852.01416015625,947751,0.0,0.0
2020-09-04 00:00:00+05:30,6767.146334630985,7095.57333641193,6747.818361676917,6965.849609375,2185292,0.0,0.0
2020-09-07 00:00:00+05:30,6999.661417283903,7072.3222624460195,6906.897738293601,6984.3056640625,1348919,0.0,0.0
2020-09-08 00:00:00+05:30,6994.817137860777,7051.008189660766,6915.035437806698,6998.6923828125,1145062,0.0,0.0
2020-09-09 00:00:00+05:30,6975.440960552302,7030.033568791542,6899.098823704981,6990.21533203125,1273303,0.0,0.0
2020-09-10 00:00:00+05:30,7037.444652983822,7071.740475322089,6944.43877651267,7006.103515625,978701,0.0,0.0
2020-09-11 00:00:00+05:30,7052.897668944847,7120.6657322458495,6951.220738743945,6969.24072265625,1383019,0.0,0.0
2020-09-14 00:00:00+05:30,6993.848000035617,7013.805605215517,6864.027300215036,6906.509765625,1003491,0.0,0.0
2020-09-15 00:00:00+05:30,6940.563539219451,6951.220462576711,6786.522556146322,6832.83154296875,894418,0.0,0.0
2020-09-16 00:00:00+05:30,6853.370519808045,6945.407585030234,6821.399749783495,6837.8212890625,920570,0.0,0.0
2020-09-17 00:00:00+05:30,6829.635177556283,6891.057718630191,6724.519152765184,6864.8515625,1133411,0.0,0.0
2020-09-18 00:00:00+05:30,6925.06298626566,6926.031797539619,6715.412321191204,6747.5283203125,1143550,0.0,0.0
2020-09-21 00:00:00+05:30,6747.527397982198,6768.986470156659,6384.465422693232,6420.26318359375,1290480,0.0,0.0
2020-09-22 00:00:00+05:30,6466.815237941733,6477.423910586725,6115.475924905832,6239.67724609375,2665724,0.0,0.0
2020-09-23 00:00:00+05:30,6260.458134648856,6345.665271090839,6181.015614215366,6298.5322265625,1456226,0.0,0.0
2020-09-24 00:00:00+05:30,6234.300807353875,6284.485044212314,6074.592167585309,6101.283203125,1237674,0.0,0.0
2020-09-25 00:00:00+05:30,6195.547819278005,6315.244257589789,6133.5439005236985,6295.044921875,1316468,0.0,0.0
2020-09-28 00:00:00+05:30,6373.809297944367,6510.411685998806,6338.253735378751,6493.94189453125,1099583,0.0,0.0
2020-09-29 00:00:00+05:30,6538.50721883574,6600.801593871885,6462.939940265702,6532.4521484375,1199391,0.0,0.0
2020-09-30 00:00:00+05:30,6500.723931627521,6568.492472415895,6462.940290296154,6533.130859375,812841,0.0,0.0
2020-10-01 00:00:00+05:30,6624.925111761083,6693.516757308917,6564.083482965275,6584.33154296875,1255993,0.0,0.0
2020-10-05 00:00:00+05:30,6650.88974726468,6663.096864572253,6534.632388244759,6606.17919921875,833476,0.0,0.0
2020-10-06 00:00:00+05:30,6644.107557895908,6723.3561289893205,6616.980842873877,6677.4345703125,756192,0.0,0.0
2020-10-07 00:00:00+05:30,6704.1741523779265,6849.495846432361,6651.422188215211,6827.1162109375,1101957,0.0,0.0
2020-10-08 00:00:00+05:30,6868.871425031413,6917.311985151521,6802.023452065663,6859.0380859375,851205,0.0,0.0
2020-10-09 00:00:00+05:30,6839.807271881274,6935.719583484141,6782.647409410878,6842.13232421875,839682,0.0,0.0
2020-10-12 00:00:00+05:30,6888.248168650231,6931.844676046751,6786.522984725017,6914.06689453125,799712,0.0,0.0
2020-10-13 00:00:00+05:30,6912.467964982384,6960.90852535367,6802.9922985432795,6813.55224609375,819414,0.0,0.0
2020-10-14 00:00:00+05:30,6820.430724534236,6854.339115920416,6711.391215169045,6783.955078125,779630,0.0,0.0
2020-10-15 00:00:00+05:30,6809.7741759111705,6830.022236127351,6643.817000452419,6677.62841796875,681316,0.0,0.0
2020-10-16 00:00:00+05:30,6679.952932757491,6762.301881167119,6648.95097570916,6679.85595703125,657914,0.0,0.0
2020-10-19 00:00:00+05:30,6757.458122737354,6762.302178739316,6612.136442678486,6638.24609375,548457,0.0,0.0
2020-10-20 00:00:00+05:30,6604.386203525946,6732.269286827314,6597.604524866025,6631.12548828125,659864,0.0,0.0
2020-10-21 00:00:00+05:30,6688.672700888325,6730.912964930826,6553.668762003696,6647.83740234375,911967,0.0,0.0
2020-10-22 00:00:00+05:30,6615.043580476463,6646.045542189299,6563.89053287124,6599.1064453125,584523,0.0,0.0
2020-10-23 00:00:00+05:30,6644.107537565331,6902.489686580485,6618.918445121952,6881.70849609375,1758998,0.0,0.0
2020-10-26 00:00:00+05:30,6878.559498291486,6937.947435443122,6718.75390213489,6834.76904296875,1559351,0.0,0.0
2020-10-27 00:00:00+05:30,6846.588932173284,6984.886734645016,6833.025575013184,6935.13818359375,1461819,0.0,0.0
2020-10-28 00:00:00+05:30,6970.548579677443,7103.323970121689,6888.247876100001,6961.92578125,1645177,0.0,0.0
2020-10-29 00:00:00+05:30,6892.123216974628,6974.472173039127,6768.793734348391,6895.7080078125,1434852,0.0,0.0
2020-10-30 00:00:00+05:30,6858.263033192792,6888.247930352473,6666.39015594309,6747.91552734375,1360249,0.0,0.0
2020-11-02 00:00:00+05:30,6825.178200588555,6833.41309611712,6636.356984785212,6654.134765625,1059351,0.0,0.0
2020-11-03 00:00:00+05:30,6723.549680719221,6746.0745409608235,6638.730449976617,6697.73095703125,926491,0.0,0.0
2020-11-04 00:00:00+05:30,6697.731287417412,6833.994493850327,6694.001269529179,6737.16162109375,901404,0.0,0.0
2020-11-05 00:00:00+05:30,6801.054717268708,6883.306694666232,6761.963090202143,6871.583984375,843221,0.0,0.0
2020-11-06 00:00:00+05:30,6870.80884202148,6912.467722479309,6675.108984987027,6692.16015625,1378439,0.0,0.0
2020-11-09 00:00:00+05:30,6771.942163294284,6813.261867136482,6602.448451463863,6657.81591796875,1479540,0.0,0.0
2020-11-10 00:00:00+05:30,6755.617642612029,6756.489478103406,6550.568841604407,6581.57080078125,1695413,0.0,0.0
2020-11-11 00:00:00+05:30,6645.076471321652,6688.6729782774,6542.4794528962675,6643.47802734375,1481918,0.0,0.0
2020-11-12 00:00:00+05:30,6643.138149557034,6713.861364507838,6580.165423915907,6623.61669921875,1418041,0.0,0.0
2020-11-13 00:00:00+05:30,6665.421324852223,6665.421324852223,6574.353068378951,6596.8779296875,970632,0.0,0.0
2020-11-14 00:00:00+05:30,6636.356795868829,6645.947932248009,6621.824627702694,6638.53662109375,128193,0.0,0.0
2020-11-17 00:00:00+05:30,6650.889259764122,6778.6753695765,6648.951637255814,6763.70751953125,1243068,0.0,0.0
2020-11-18 00:00:00+05:30,6762.253933595456,6849.495193049785,6731.300226493621,6834.28466796875,1400300,0.0,0.0
2020-11-19 00:00:00+05:30,6811.712249378333,6907.624568065356,6699.524090074469,6746.12353515625,1305695,0.0,0.0
2020-11-20 00:00:00+05:30,6742.489955465808,6801.05478309675,6688.672681267801,6748.59375,923474,0.0,0.0
2020-11-23 00:00:00+05:30,6820.43093270366,6824.306177551787,6716.380703141918,6769.810546875,735755,0.0,0.0
2020-11-24 00:00:00+05:30,6830.119141336019,6984.160126225725,6830.119141336019,6935.13818359375,1910670,0.0,0.0
2020-11-25 00:00:00+05:30,7023.88193652157,7026.158737690784,6798.148903251291,6835.64208984375,947742,0.0,0.0
2020-11-26 00:00:00+05:30,6859.183472696322,6876.62207474555,6687.703885878914,6776.10791015625,1068945,0.0,0.0
2020-11-27 00:00:00+05:30,6820.721466911569,6889.216609627188,6713.861778191029,6816.36181640625,2123905,0.0,0.0
2020-12-01 00:00:00+05:30,6919.056474903126,6919.056474903126,6757.652887924134,6880.20751953125,1076695,0.0,0.0
2020-12-02 00:00:00+05:30,6888.247995516201,6994.81723314022,6883.403939260564,6981.73828125,1106734,0.0,0.0
2020-12-03 00:00:00+05:30,7023.881385721614,7540.112541901984,7023.493955841838,7497.72705078125,3846792,0.0,0.0
2020-12-04 00:00:00+05:30,7554.790013623179,7636.799790089034,7402.928852474753,7559.779296875,2393536,0.0,0.0
2020-12-07 00:00:00+05:30,7584.629947621256,7590.636767085477,7450.159124299594,7501.8935546875,1037296,0.0,0.0
2020-12-08 00:00:00+05:30,7506.34959394289,7763.229803260392,7459.846653763584,7520.59130859375,1885285,0.0,0.0
2020-12-09 00:00:00+05:30,7532.506952509364,7556.67898076118,7452.095624270357,7468.8076171875,822760,0.0,0.0
2020-12-10 00:00:00+05:30,7517.9751022007495,7605.168112406686,7469.53454097523,7494.7236328125,1186739,0.0,0.0
2020-12-11 00:00:00+05:30,7537.303318364778,7552.562095642783,7459.846669246908,7492.35009765625,706875,0.0,0.0
2020-12-14 00:00:00+05:30,7566.41620978585,7580.948379202852,7416.250459143493,7456.74658203125,1038032,0.0,0.0
2020-12-15 00:00:00+05:30,7456.745720491004,7547.039111923917,7402.250091473582,7523.06103515625,891801,0.0,0.0
2020-12-16 00:00:00+05:30,7576.103696860854,7652.639782801009,7527.663136139237,7553.19140625,963504,0.0,0.0
2020-12-17 00:00:00+05:30,7556.630707261064,7587.632666986175,7387.18571574898,7454.03369140625,734075,0.0,0.0
2020-12-18 00:00:00+05:30,7473.409835498032,7486.004381500297,7306.532100968017,7323.970703125,1078328,0.0,0.0
2020-12-21 00:00:00+05:30,7324.2131241943325,7361.996763327081,7051.105324663222,7146.048828125,970306,0.0,0.0
2020-12-22 00:00:00+05:30,7149.826983478368,7206.018035652046,6980.38199144787,7164.74658203125,1138240,0.0,0.0
2020-12-23 00:00:00+05:30,7169.5903358782,7319.950023884588,7163.390038786176,7217.59521484375,951805,0.0,0.0
2020-12-24 00:00:00+05:30,7273.108332874302,7297.813020008512,7182.9606343368905,7213.81689453125,589281,0.0,0.0
2020-12-28 00:00:00+05:30,7232.17614320324,7307.743422395451,7221.519219214595,7249.61474609375,521320,0.0,0.0
2020-12-29 00:00:00+05:30,7285.460887475657,7309.681169681361,7186.9325902419,7219.9208984375,538719,0.0,0.0
2020-12-30 00:00:00+05:30,7263.177764099139,7396.873713338258,7198.267411932319,7375.462890625,1029800,0.0,0.0
2020-12-31 00:00:00+05:30,7377.1584126350745,7456.940112844185,7343.58919778601,7411.0185546875,908515,0.0,0.0
2021-01-01 00:00:00+05:30,7415.2810115071425,7506.833670977671,7411.405766661829,7451.41748046875,767574,0.0,0.0
2021-01-04 00:00:00+05:30,7497.630269152819,7513.325200635076,7404.236959195993,7462.07470703125,598645,0.0,0.0
2021-01-05 00:00:00+05:30,7421.094425552874,7433.688972228094,7349.402390632389,7416.6865234375,562668,0.0,0.0
2021-01-06 00:00:00+05:30,7415.281050129188,7507.31811568475,7319.853145316316,7390.67333984375,840678,0.0,0.0
2021-01-07 00:00:00+05:30,7436.595205633719,7464.109350710582,7316.559585551903,7330.07421875,642968,0.0,0.0
2021-01-08 00:00:00+05:30,7362.965131775139,7808.618284487845,7362.965131775139,7764.9248046875,2557157,0.0,0.0
2021-01-11 00:00:00+05:30,7846.401969743555,8029.507287965746,7636.557367583208,7975.98046875,2182019,0.0,0.0
2021-01-12 00:00:00+05:30,7906.468649469269,8069.228940256039,7886.1236131209225,7932.6748046875,1514072,0.0,0.0
2021-01-13 00:00:00+05:30,7932.626192524444,7992.692487582641,7858.027729307006,7885.97802734375,877225,0.0,0.0
2021-01-14 00:00:00+05:30,7910.1491932203935,7924.875312116651,7773.208113793344,7895.2783203125,718274,0.0,0.0
2021-01-15 00:00:00+05:30,7902.738283294849,7963.143756973056,7750.537947280343,7774.4677734375,751177,0.0,0.0
2021-01-18 00:00:00+05:30,7761.1470821131725,7773.693377277622,7503.4432843548275,7586.421875,771183,0.0,0.0
2021-01-19 00:00:00+05:30,7653.609164841606,7741.092634808651,7590.636431206834,7675.50439453125,779892,0.0,0.0
2021-01-20 00:00:00+05:30,7636.1698519344745,7915.187476567452,7615.098208407505,7890.9189453125,999226,0.0,0.0
2021-01-21 00:00:00+05:30,7949.096233074973,8009.162530022035,7771.271118995381,7824.84619140625,769494,0.0,0.0
2021-01-22 00:00:00+05:30,7832.838837797398,8048.883743280245,7750.489882792725,7797.81640625,1172914,0.0,0.0
2021-01-25 00:00:00+05:30,7863.840817253668,7910.0533025178565,7702.146316274682,7732.56689453125,753043,0.0,0.0
2021-01-27 00:00:00+05:30,7743.659706977052,7837.682645161919,7576.588025523954,7625.416015625,1080785,0.0,0.0
2021-01-28 00:00:00+05:30,7595.479745255979,7735.5212138382,7326.1502338808305,7351.82373046875,2085637,0.0,0.0
2021-01-29 00:00:00+05:30,7445.314243592429,7445.314243592429,6946.376464093391,6981.88330078125,3069968,0.0,0.0
2021-02-01 00:00:00+05:30,7038.607182521402,7241.8635791060115,6928.93756759414,7169.0087890625,1611478,0.0,0.0
2021-02-02 00:00:00+05:30,7299.895604078792,7527.421014862957,7256.541301763386,7415.95947265625,1700845,0.0,0.0
2021-02-03 00:00:00+05:30,7440.470312652604,7475.78367152149,7242.687592897448,7352.50244140625,1491567,0.0,0.0
2021-02-04 00:00:00+05:30,7362.9653243619105,7522.8191767987155,7294.227978593142,7401.7177734375,1198036,0.0,0.0
2021-02-05 00:00:00+05:30,7440.470163608737,7494.72359188505,7228.300506599581,7260.41650390625,1128089,0.0,0.0
2021-02-08 00:00:00+05:30,7280.61617965212,7399.779957442834,7241.379325989325,7338.357421875,912372,0.0,0.0
2021-02-09 00:00:00+05:30,7344.557819497551,7440.4701297640395,7337.776140993859,7389.17138671875,925127,0.0,0.0
2021-02-10 00:00:00+05:30,7368.0033841742925,7435.529243335599,7271.945371905598,7383.98876953125,1015600,0.0,0.0
2021-02-11 00:00:00+05:30,7362.965313108234,7502.4741295671265,7331.624175355782,7428.21484375,818869,0.0,0.0
2021-02-12 00:00:00+05:30,7382.438999319861,7435.626644485574,7291.176786657794,7332.4482421875,756833,0.0,0.0
2021-02-15 00:00:00+05:30,7362.965338789411,7410.534064733378,7343.58911421365,7359.7197265625,470093,0.0,0.0
2021-02-16 00:00:00+05:30,7400.748978625257,7555.75877527142,7387.427824225977,7456.98828125,1321126,0.0,0.0
2021-02-17 00:00:00+05:30,7440.422454059903,7451.612035235747,7238.279600008302,7269.18505859375,1023548,0.0,0.0
2021-02-18 00:00:00+05:30,7338.599841138993,7342.668564474112,7227.3317767484195,7263.71044921875,821462,0.0,0.0
2021-02-19 00:00:00+05:30,7215.7063900766425,7252.908648497711,7057.790151947951,7094.60498046875,1013887,0.0,0.0
2021-02-22 00:00:00+05:30,7094.604727331608,7096.5423498162,6835.932125638649,6865.4326171875,1502068,0.0,0.0
2021-02-23 00:00:00+05:30,6896.773148023965,6900.212711698501,6721.612268051521,6753.0986328125,1589884,0.0,0.0
2021-02-24 00:00:00+05:30,6689.641503978822,6816.5557743656755,6662.999195309826,6736.09619140625,1225254,0.0,0.0
2021-02-25 00:00:00+05:30,6844.651512675965,6848.526757693758,6699.329824508747,6714.201171875,1740066,0.0,0.0
2021-02-26 00:00:00+05:30,6684.797283434819,6854.339243521934,6609.423961257028,6652.0029296875,2687534,0.0,0.0
2021-03-01 00:00:00+05:30,6759.396109898432,6813.504312970685,6701.315686079747,6796.2109375,1417600,0.0,0.0
2021-03-02 00:00:00+05:30,6839.807649367216,7009.349623678726,6810.743310913815,6989.1015625,1395296,0.0,0.0
2021-03-03 00:00:00+05:30,7019.618932354881,7035.797796501587,6879.7226815736285,6902.48974609375,796258,0.0,0.0
2021-03-04 00:00:00+05:30,6859.183561937589,6951.414580974418,6792.335586545824,6909.17431640625,906310,0.0,0.0
2021-03-05 00:00:00+05:30,6907.624061427654,7086.854138757824,6849.49538769895,7022.91259765625,1821165,0.0,0.0
2021-03-08 00:00:00+05:30,7038.316446847599,7109.911500472308,6990.9416734107035,7033.0849609375,977572,0.0,0.0
2021-03-09 00:00:00+05:30,7100.805218915241,7100.805218915241,7029.694566395967,7073.82373046875,678485,0.0,0.0
2021-03-10 00:00:00+05:30,7091.698445357266,7156.608799980071,7024.850468208406,7045.29248046875,659270,0.0,0.0
2021-03-12 00:00:00+05:30,7072.32195680209,7084.91650275256,6841.163503439156,6874.87841796875,946720,0.0,0.0
2021-03-15 00:00:00+05:30,6922.1563348593,6939.546685901201,6792.335628229328,6868.193359375,700250,0.0,0.0
2021-03-16 00:00:00+05:30,6878.559998098856,6975.441124832642,6878.559998098856,6927.291015625,796357,0.0,0.0
2021-03-17 00:00:00+05:30,6936.689244832342,6946.329106956393,6823.82272290176,6844.31298828125,688581,0.0,0.0
2021-03-18 00:00:00+05:30,6902.77998566816,7016.130899117027,6839.807255974346,6891.880859375,984545,0.0,0.0
2021-03-19 00:00:00+05:30,6839.759107661696,6926.952119320372,6690.126022322057,6891.68701171875,838756,0.0,0.0
2021-03-22 00:00:00+05:30,6882.435227072699,6919.734460777977,6830.313370232766,6879.77099609375,533767,0.0,0.0
2021-03-23 00:00:00+05:30,6915.374487546747,6999.661063676835,6907.6239977876585,6962.11962890625,757590,0.0,0.0
2021-03-24 00:00:00+05:30,6913.436798115589,6935.13807462028,6830.070782673153,6845.81396484375,457147,0.0,0.0
2021-03-25 00:00:00+05:30,6830.119344846915,6838.838646138209,6544.562227557039,6575.1767578125,1338767,0.0,0.0
2021-03-26 00:00:00+05:30,6674.1405877439465,6683.78044873845,6559.820862188164,6572.8515625,911299,0.0,0.0
2021-03-30 00:00:00+05:30,6598.573277037297,6660.577195658702,6529.787679816676,6638.1005859375,1088817,0.0,0.0
2021-03-31 00:00:00+05:30,6638.585819341894,6723.453788147918,6583.267069740843,6645.27099609375,735382,0.0,0.0
2021-04-01 00:00:00+05:30,6733.238216782943,6773.443883832798,6641.2011476326725,6707.9521484375,660759,0.0,0.0
2021-04-05 00:00:00+05:30,6693.0325907030665,6693.0325907030665,6514.868294573106,6557.447265625,668129,0.0,0.0
2021-04-06 00:00:00+05:30,6605.596962321781,6633.402032973971,6510.411261951727,6540.73486328125,628262,0.0,0.0
2021-04-07 00:00:00+05:30,6578.228317182949,6670.265384949131,6563.744399929325,6650.88916015625,598115,0.0,0.0
2021-04-08 00:00:00+05:30,6666.389741820358,6722.871244497132,6594.552487301922,6613.9287109375,604553,0.0,0.0
2021-04-09 00:00:00+05:30,6636.357069757539,6660.819553846791,6566.602659681255,6614.17138671875,641327,0.0,0.0
2021-04-12 00:00:00+05:30,6529.642326482431,6529.642326482431,6299.355712709616,6317.23046875,1020746,0.0,0.0
2021-04-13 00:00:00+05:30,6316.648515577102,6631.899560072284,6267.0451969087035,6603.22265625,995718,0.0,0.0
2021-04-15 00:00:00+05:30,6633.06297006728,6633.305172871425,6346.68227983489,6437.02392578125,1267365,0.0,0.0
2021-04-16 00:00:00+05:30,6466.814833214583,6573.23883934994,6400.015110997367,6440.75390625,1000325,0.0,0.0
2021-04-19 00:00:00+05:30,6297.611897073323,6326.337054171306,6214.923767612393,6308.65625,772219,0.0,0.0
2021-04-20 00:00:00+05:30,6408.68634001842,6470.399805106209,6353.996756406842,6439.34912109375,914142,0.0,0.0
2021-04-22 00:00:00+05:30,6419.295197068209,6466.718224706705,6340.869735865847,6442.69189453125,667911,0.0,0.0
2021-04-23 00:00:00+05:30,6355.401299221153,6505.27657700756,6355.401299221153,6467.88037109375,709306,0.0,0.0
2021-04-26 00:00:00+05:30,6481.540628498281,6577.258982131167,6394.153672420932,6431.84033203125,937344,0.0,0.0
2021-04-27 00:00:00+05:30,6461.922298287447,6499.754185522716,6337.962718987869,6363.87841796875,1610651,0.0,0.0
2021-04-28 00:00:00+05:30,6363.87917656963,6442.595094072394,6340.869908376514,6368.771484375,1406270,0.0,0.0
2021-04-29 00:00:00+05:30,6428.062643072139,6440.1245323543135,6347.6513093306185,6360.87548828125,757075,0.0,0.0
2021-04-30 00:00:00+05:30,6333.215522184921,6355.013773262681,6220.736452013214,6254.3056640625,849997,0.0,0.0
2021-05-03 00:00:00+05:30,6229.456704831867,6415.468475800408,6200.392365618032,6392.07177734375,834923,0.0,0.0
2021-05-04 00:00:00+05:30,6432.858750106268,6441.141897460975,6279.834816777024,6305.26611328125,507170,0.0,0.0
2021-05-05 00:00:00+05:30,6353.1731131254155,6393.184824686355,6280.802730480624,6384.5625,499160,0.0,0.0
2021-05-06 00:00:00+05:30,6384.466296387415,6499.754838006551,6370.612484388589,6458.7255859375,520125,0.0,0.0
2021-05-07 00:00:00+05:30,6470.690025878786,6543.883523056283,6432.906388955704,6493.98974609375,605050,0.0,0.0
2021-05-10 00:00:00+05:30,6467.008815773276,6561.903590512516,6452.379671806841,6553.0390625,541534,0.0,0.0
2021-05-11 00:00:00+05:30,6471.804158411946,6538.506905331211,6452.524909798814,6526.5419921875,406046,0.0,0.0
2021-05-12 00:00:00+05:30,6520.09970963324,6626.668947086384,6476.503203402409,6604.9189453125,770204,0.0,0.0
2021-05-14 00:00:00+05:30,6626.668741642141,6628.7515911536775,6491.229122371625,6526.2998046875,647029,0.0,0.0
2021-05-17 00:00:00+05:30,6507.020623510838,6625.118617786836,6488.66146148925,6508.32861328125,995827,0.0,0.0
2021-05-18 00:00:00+05:30,6576.29028900936,6649.91993868006,6506.003227130172,6598.669921875,805827,0.0,0.0
2021-05-19 00:00:00+05:30,6586.9475049547655,6641.152682100729,6549.163867259041,6564.56787109375,432774,0.0,0.0
2021-05-20 00:00:00+05:30,6569.315238135742,6602.1583184693645,6519.61540944975,6527.705078125,470476,0.0,0.0
2021-05-21 00:00:00+05:30,6568.539674585206,6622.308694045307,6533.90467556361,6602.10888671875,434363,0.0,0.0
2021-05-24 00:00:00+05:30,6589.854331655633,6747.770570417742,6589.854331655633,6657.28369140625,1027484,0.0,0.0
2021-05-25 00:00:00+05:30,6723.501907657619,6731.3006490966045,6673.171973370381,6696.2294921875,438736,0.0,0.0
2021-05-26 00:00:00+05:30,6709.986623718629,6831.088028276069,6696.423266408196,6814.90869140625,691574,0.0,0.0
2021-05-27 00:00:00+05:30,6802.992309652532,6848.526436475897,6734.351940883862,6751.54833984375,922091,0.0,0.0
2021-05-28 00:00:00+05:30,6770.634241260176,6827.2127223536145,6724.034326592204,6752.6142578125,393809,0.0,0.0
2021-05-31 00:00:00+05:30,6738.082378919159,6878.560012987207,6708.0974809092,6865.287109375,718277,0.0,0.0
2021-06-01 00:00:00+05:30,6885.873760412999,6920.218306200476,6827.260683621017,6869.9853515625,642841,0.0,0.0
2021-06-02 00:00:00+05:30,6843.149803595182,6973.212709927037,6843.149803595182,6960.6181640625,598862,0.0,0.0
2021-06-03 00:00:00+05:30,6975.440824606422,7004.505161375616,6941.580683049369,6984.64453125,401590,0.0,0.0
2021-06-04 00:00:00+05:30,6975.440902790026,7045.195311817926,6928.0661279357155,6989.6826171875,575591,0.0,0.0
2021-06-07 00:00:00+05:30,6995.786005344373,7100.272392805752,6986.194868622219,7048.7314453125,520482,0.0,0.0
2021-06-08 00:00:00+05:30,7089.2761650999255,7136.69966395963,7067.671863923639,7107.92578125,538816,0.0,0.0
2021-06-09 00:00:00+05:30,7082.203666223218,7110.299190399446,6975.440485132615,7013.22412109375,443778,0.0,0.0
2021-06-10 00:00:00+05:30,7031.631776022277,7052.412965738626,6950.29988556173,6975.34375,278027,0.0,0.0
2021-06-11 00:00:00+05:30,7018.068711673693,7018.068711673693,6962.265088930639,6998.49853515625,253689,0.0,0.0
2021-06-14 00:00:00+05:30,6970.596951940299,6987.987303119179,6873.764078168075,6953.98193359375,322353,0.0,0.0
2021-06-15 00:00:00+05:30,6957.178845424874,7003.391331484029,6933.1037911408275,6942.74365234375,207625,0.0,0.0
2021-06-16 00:00:00+05:30,6942.501215100854,6969.385726504573,6849.495337812313,6892.365234375,283007,0.0,0.0
2021-06-17 00:00:00+05:30,6839.807509569138,6877.688124522977,6714.927832510567,6751.98486328125,595255,0.0,0.0
2021-06-18 00:00:00+05:30,6771.844638192897,6771.844638192897,6608.260782674276,6742.2958984375,797389,0.0,0.0
2021-06-21 00:00:00+05:30,6655.733321680462,6709.017940704104,6628.606606541152,6684.70068359375,443795,0.0,0.0
2021-06-22 00:00:00+05:30,6723.550178537118,7072.273982565624,6713.862065887929,7038.80126953125,1757310,0.0,0.0
2021-06-23 00:00:00+05:30,7039.479735226762,7245.739562099228,7014.241917554888,7200.8837890625,2227399,0.0,0.0
2021-06-24 00:00:00+05:30,7216.480841599977,7314.524726492581,7178.988131137977,7292.67822265625,1041762,0.0,0.0
2021-06-25 00:00:00+05:30,7304.837070205255,7425.938480520329,7304.837070205255,7410.4375,1216123,0.0,0.0
2021-06-28 00:00:00+05:30,7457.908570223794,7457.908570223794,7335.256978472467,7359.33203125,433364,0.0,0.0
2021-06-29 00:00:00+05:30,7359.090140077212,7363.9341962515655,7220.1139792140775,7253.97412109375,480219,0.0,0.0
2021-06-30 00:00:00+05:30,7271.412738996099,7408.112099141492,7258.915168649799,7281.48828125,729267,0.0,0.0
2021-07-01 00:00:00+05:30,7266.08399192138,7367.80916780828,7261.288187265775,7347.8515625,584331,0.0,0.0
2021-07-02 00:00:00+05:30,7387.185949612684,7396.389656697447,7311.182516097028,7337.63134765625,434905,0.0,0.0
2021-07-05 00:00:00+05:30,7359.380483401731,7450.158283963028,7346.495483392931,7362.4326171875,484183,0.0,0.0
2021-07-06 00:00:00+05:30,7362.965073917109,7419.1078718266635,7253.925563260497,7280.56787109375,425103,0.0,0.0
2021-07-07 00:00:00+05:30,7293.211159587035,7344.558156326953,7201.803722666911,7217.0625,395336,0.0,0.0
2021-07-08 00:00:00+05:30,7222.487576576804,7264.146458641566,7154.670791820214,7170.36572265625,391940,0.0,0.0
2021-07-09 00:00:00+05:30,7150.795997707497,7215.609377185442,7114.368599274531,7194.10205078125,400686,0.0,0.0
2021-07-12 00:00:00+05:30,7266.084549962039,7353.083613085966,7218.661048911668,7237.1171875,496478,0.0,0.0
2021-07-13 00:00:00+05:30,7285.460769567278,7294.374022495679,7173.078661951612,7198.60693359375,350032,0.0,0.0
2021-07-14 00:00:00+05:30,7204.080421539649,7216.674967731152,7082.010204606621,7098.23779296875,460178,0.0,0.0
2021-07-15 00:00:00+05:30,7127.54456777587,7128.513379053262,7041.3203640879465,7079.10400390625,430055,0.0,0.0
2021-07-16 00:00:00+05:30,7104.292911061682,7104.292911061682,7045.970284469139,7075.76123046875,281552,0.0,0.0
2021-07-19 00:00:00+05:30,7025.528899318351,7069.415860774815,6928.066390620724,6942.0654296875,386598,0.0,0.0
2021-07-20 00:00:00+05:30,6956.064553281436,7038.413506906634,6921.623503662662,7007.12109375,413816,0.0,0.0
2021-07-22 00:00:00+05:30,7074.259518894239,7096.542176924171,7020.296544792112,7071.8857421875,439934,0.0,0.0
2021-07-23 00:00:00+05:30,7072.321863888302,7144.982704955648,7050.039205960983,7066.36376953125,436330,0.0,0.0
2021-07-26 00:00:00+05:30,7079.103571394348,7130.450565958999,6956.064546682828,7010.1240234375,431758,0.0,0.0
2021-07-27 00:00:00+05:30,7015.452609451192,7091.698242895618,6937.512029397233,7014.435546875,417171,0.0,0.0
2021-07-28 00:00:00+05:30,7052.946100257994,7083.948061138249,6842.714053038765,6941.5810546875,739427,0.0,0.0
2021-07-29 00:00:00+05:30,6907.624080759143,6907.624080759143,6719.674701843676,6775.38134765625,1519226,0.0,0.0
2021-07-30 00:00:00+05:30,6781.679009512027,6873.716081783976,6747.673638725282,6760.07470703125,715546,0.0,0.0
2021-08-02 00:00:00+05:30,6878.559914124819,6885.777747199321,6811.711937494592,6856.22900390625,433760,0.0,0.0
2021-08-03 00:00:00+05:30,6902.731663788421,6995.785791879491,6865.093253430199,6974.859375,470570,0.0,0.0
2021-08-04 00:00:00+05:30,6994.817525769865,7022.525623321758,6785.069881125935,6881.36962890625,484122,0.0,0.0
2021-08-05 00:00:00+05:30,6895.116246035588,6902.86759231081,6830.767027676093,6851.77783203125,495133,45.0,0.0
2021-08-06 00:00:00+05:30,6878.346830120334,6989.203183193905,6866.403224206387,6923.1962890625,517575,0.0,0.0
2021-08-09 00:00:00+05:30,6956.540679290628,6985.790324753658,6861.966825626831,6904.62255859375,264983,0.0,0.0
2021-08-10 00:00:00+05:30,6868.987578790321,6927.19409311023,6820.04297700543,6826.8193359375,356726,0.0,0.0
2021-08-11 00:00:00+05:30,6826.867612255661,6917.541517988277,6751.939671283348,6845.8798828125,414311,0.0,0.0
2021-08-12 00:00:00+05:30,6846.366580421287,6907.5956439458505,6810.292019971901,6836.61669921875,330283,0.0,0.0
2021-08-13 00:00:00+05:30,6854.166981276672,6873.569151059767,6799.42148957732,6827.0625,431784,0.0,0.0
2021-08-16 00:00:00+05:30,6807.854959367772,6842.467039719731,6639.669498502617,6656.09814453125,750966,0.0,0.0
2021-08-17 00:00:00+05:30,6629.919697469006,6769.3430087540155,6577.660235228207,6713.18359375,752517,0.0,0.0
2021-08-18 00:00:00+05:30,6770.074524709061,6770.074524709061,6649.419731199395,6669.01708984375,434144,0.0,0.0
2021-08-20 00:00:00+05:30,6644.544892204869,6741.702375642415,6610.420303616876,6679.546875,657982,0.0,0.0
2021-08-23 00:00:00+05:30,6732.293537017175,6744.968383647331,6630.894763975932,6655.171875,537302,0.0,0.0
2021-08-24 00:00:00+05:30,6619.682510040584,6680.619273701757,6572.005681365776,6633.0400390625,646993,0.0,0.0
2021-08-25 00:00:00+05:30,6666.969531285808,6666.969531285808,6532.421155252255,6543.5849609375,722194,0.0,0.0
2021-08-26 00:00:00+05:30,6532.4214504168,6533.737779803344,6426.147728313004,6443.3076171875,1199429,0.0,0.0
2021-08-27 00:00:00+05:30,6463.927737383209,6527.155814612704,6434.921839696697,6459.150390625,1428388,0.0,0.0
2021-08-30 00:00:00+05:30,6522.6708328870345,6639.669412849134,6487.4251058871405,6626.89697265625,819447,0.0,0.0
2021-08-31 00:00:00+05:30,6649.419412412105,6700.118797961288,6594.381139018353,6674.86669921875,938326,0.0,0.0
2021-09-01 00:00:00+05:30,6629.871123504516,6649.419446258585,6534.712181083371,6615.197265625,1108476,0.0,0.0
2021-09-02 00:00:00+05:30,6681.302141324105,6687.395817859355,6540.416339829136,6622.99755859375,741052,0.0,0.0
2021-09-03 00:00:00+05:30,6600.670394046399,6783.968183423168,6582.730705618965,6691.44189453125,1196077,0.0,0.0
2021-09-06 00:00:00+05:30,6751.7931565601475,6780.067813822277,6666.96918477376,6675.646484375,897444,0.0,0.0
2021-09-07 00:00:00+05:30,6707.821354321654,6756.570765283554,6682.276948618699,6705.14013671875,743783,0.0,0.0
2021-09-08 00:00:00+05:30,6680.716680438345,6686.810356633621,6587.020220046083,6611.638671875,847767,0.0,0.0
2021-09-09 00:00:00+05:30,6581.170633883779,6647.908769479962,6571.420751463211,6632.11376953125,515702,0.0,0.0
2021-09-13 00:00:00+05:30,6664.53211427473,6722.982849687969,6642.887184920136,6701.77685546875,508397,0.0,0.0
2021-09-14 00:00:00+05:30,6737.1686890936535,6781.043159572556,6679.741977391629,6722.0078125,817280,0.0,0.0
2021-09-15 00:00:00+05:30,6764.468507025484,6764.468507025484,6707.919188287017,6736.19384765625,310138,0.0,0.0
2021-09-16 00:00:00+05:30,6740.385803796046,6775.193073330916,6698.169004717714,6757.5947265625,556648,0.0,0.0
2021-09-17 00:00:00+05:30,6781.042623089585,6888.047573180754,6776.167682310944,6839.005859375,980793,0.0,0.0
2021-09-20 00:00:00+05:30,6805.320258282995,6839.981375535822,6733.463911300015,6776.55810546875,550405,0.0,0.0
2021-09-21 00:00:00+05:30,6739.606020002744,6766.125889814443,6572.39554153179,6607.4951171875,1085249,0.0,0.0
2021-09-22 00:00:00+05:30,6649.419660829307,6674.769354550944,6615.295073127104,6660.14453125,548623,0.0,0.0
2021-09-23 00:00:00+05:30,6696.219207444964,6707.821472244169,6650.394760335193,6675.4521484375,432740,0.0,0.0
2021-09-24 00:00:00+05:30,6678.669271442024,6861.771867755779,6676.719295012406,6778.36181640625,1649962,0.0,0.0
2021-09-27 00:00:00+05:30,6799.567506598289,7261.711899791232,6799.567506598289,7218.2763671875,2646138,0.0,0.0
2021-09-28 00:00:00+05:30,7261.712374568741,7333.422568828453,7150.076221656803,7238.16650390625,1346961,0.0,0.0
2021-09-29 00:00:00+05:30,7205.650192355329,7278.286812249852,7108.638867798214,7199.361328125,643556,0.0,0.0
2021-09-30 00:00:00+05:30,7200.043856514691,7222.760890347688,7118.437156619793,7154.51171875,625717,0.0,0.0
2021-10-01 00:00:00+05:30,7039.414723769957,7039.414723769957,6912.666259214542,6983.15771484375,901588,0.0,0.0
2021-10-04 00:00:00+05:30,7000.415095254445,7034.491122392011,6953.4204748004295,6990.95751953125,466994,0.0,0.0
2021-10-05 00:00:00+05:30,6985.595653310767,7117.414255706868,6976.674605998475,7076.70849609375,546004,0.0,0.0
2021-10-06 00:00:00+05:30,7089.041894165895,7099.37686471654,6985.059493654531,7019.18408203125,726695,0.0,0.0
2021-10-07 00:00:00+05:30,7053.991099490744,7366.035883865637,7044.533523481164,7305.09912109375,1646727,0.0,0.0
2021-10-08 00:00:00+05:30,7359.893395681625,7382.561870653761,7216.033605432446,7244.162109375,630622,0.0,0.0
2021-10-11 00:00:00+05:30,7234.607655878098,7619.3376200095645,7234.217279742047,7508.18896484375,1069536,0.0,0.0
2021-10-12 00:00:00+05:30,7495.611922465922,7556.158786797049,7439.208758114653,7501.3642578125,406814,0.0,0.0
2021-10-13 00:00:00+05:30,7546.408613260088,7556.109936207099,7250.548255688808,7295.0078125,1084436,0.0,0.0
2021-10-14 00:00:00+05:30,7351.411248047777,7370.911012631458,7258.787366275292,7309.38916015625,831546,0.0,0.0
2021-10-18 00:00:00+05:30,7219.787829776368,7512.57660427563,7219.787829776368,7465.48486328125,913963,0.0,0.0
2021-10-19 00:00:00+05:30,7478.354821246346,7574.293566698161,7395.28563463297,7464.16845703125,658869,0.0,0.0
2021-10-20 00:00:00+05:30,7424.535555005784,7475.576285321851,7327.036729595334,7400.89208984375,488082,0.0,0.0
2021-10-21 00:00:00+05:30,7458.66015728132,7458.66015728132,7297.787095065448,7385.77978515625,563128,0.0,0.0
2021-10-22 00:00:00+05:30,7409.91018047538,7434.284885016417,7201.7987626766235,7223.58984375,224520,0.0,0.0
2021-10-25 00:00:00+05:30,7171.037809146097,7211.060882085882,7039.0730684575055,7078.9990234375,248058,0.0,0.0
2021-10-26 00:00:00+05:30,7083.289115343333,7154.414693377635,7029.859953599918,7114.830078125,292203,0.0,0.0
2021-10-27 00:00:00+05:30,7102.78941130788,7274.631090613716,7062.814893001275,7172.25732421875,1218064,0.0,0.0
2021-10-28 00:00:00+05:30,7068.664809841501,7341.3692136913305,7054.08854508209,7185.37109375,961511,0.0,0.0
2021-10-29 00:00:00+05:30,7166.163124989599,7361.160761043738,7112.39262206136,7295.25146484375,819875,0.0,0.0
2021-11-01 00:00:00+05:30,7215.888233085498,7474.260126311772,7215.888233085498,7425.07177734375,1005690,0.0,0.0
2021-11-02 00:00:00+05:30,7456.661145994117,7712.156611710704,7439.939717618388,7596.8642578125,1302733,0.0,0.0
2021-11-03 00:00:00+05:30,7596.86455772265,7646.101463445369,7518.719346130881,7540.802734375,656492,0.0,0.0
2021-11-04 00:00:00+05:30,7580.240998832422,7624.359215172644,7542.021270713619,7553.62353515625,53365,0.0,0.0
2021-11-08 00:00:00+05:30,7565.859988454601,7685.4421977954535,7480.109584528869,7492.39453125,428433,0.0,0.0
2021-11-09 00:00:00+05:30,7516.183870914944,7570.295714842274,7350.143574480627,7388.021484375,632879,0.0,0.0
2021-11-10 00:00:00+05:30,7380.661168306339,7390.41105095932,7273.412459123553,7323.7705078125,562432,0.0,0.0
2021-11-11 00:00:00+05:30,7324.111738835294,7378.223586746019,7255.862561290237,7267.0263671875,486991,0.0,0.0
2021-11-12 00:00:00+05:30,7341.661188298014,7355.311023176656,7255.862226203695,7292.765625,349666,0.0,0.0
2021-11-15 00:00:00+05:30,7265.612089638209,7390.264426620586,7265.612089638209,7315.43408203125,314414,0.0,0.0
2021-11-16 00:00:00+05:30,7356.286185450131,7925.435563946686,7346.584862147298,7848.99658203125,2619355,0.0,0.0
2021-11-17 00:00:00+05:30,7834.029793904272,8141.15106149355,7814.578589862911,8067.783203125,2377268,0.0,0.0
2021-11-18 00:00:00+05:30,8028.0524610225875,8158.700873674644,7800.977815141769,7914.125,1337493,0.0,0.0
2021-11-22 00:00:00+05:30,7953.953902360264,7983.057395954131,7611.294101858776,7667.697265625,672298,0.0,0.0
2021-11-23 00:00:00+05:30,7652.7802700375305,7755.0078819512655,7609.7831935508575,7657.5576171875,567198,0.0,0.0
2021-11-24 00:00:00+05:30,7668.769783747842,7700.408341663959,7445.595077168911,7477.62353515625,571078,0.0,0.0
2021-11-25 00:00:00+05:30,7448.910340665236,7526.324313651646,7249.037746445815,7383.0986328125,1007618,0.0,0.0
2021-11-26 00:00:00+05:30,7331.911717279129,7331.911717279129,6951.666295771302,6991.1533203125,1154876,0.0,0.0
2021-11-29 00:00:00+05:30,6986.766017564602,7029.6655019035425,6815.850762432543,6970.6787109375,733010,0.0,0.0
2021-11-30 00:00:00+05:30,6970.678211607523,7068.664526771739,6840.078350371714,6891.021484375,1287938,0.0,0.0
2021-12-01 00:00:00+05:30,7011.14022743336,7195.412999368405,6951.714505527451,7091.3330078125,1669583,0.0,0.0
2021-12-02 00:00:00+05:30,7102.7887784939885,7171.476885111467,7064.422899006623,7141.73974609375,618573,0.0,0.0
2021-12-03 00:00:00+05:30,7122.288631941466,7145.688348186037,6969.946729307536,7028.3974609375,603798,0.0,0.0
2021-12-06 00:00:00+05:30,7013.090185102259,7019.9151025630845,6845.392213207696,6866.69580078125,609507,0.0,0.0
2021-12-07 00:00:00+05:30,6950.69116805861,7080.169415998197,6913.836802986966,7006.8505859375,637151,0.0,0.0
2021-12-08 00:00:00+05:30,7044.290005861424,7310.3156412964745,6972.238470426931,7248.93994140625,930339,0.0,0.0
2021-12-09 00:00:00+05:30,7282.186844660016,7282.186844660016,7141.788544267588,7236.11865234375,615037,0.0,0.0
2021-12-10 00:00:00+05:30,7195.413268422489,7288.037151959093,7173.914967986911,7239.92138671875,431682,0.0,0.0
2021-12-13 00:00:00+05:30,7297.786832269828,7386.413166321776,7239.287539025179,7328.4013671875,883009,0.0,0.0
2021-12-14 00:00:00+05:30,7328.791286423441,7367.303321243526,7271.266981249139,7305.73291015625,749704,0.0,0.0
2021-12-15 00:00:00+05:30,7289.011754312911,7448.909818479218,7266.635584784207,7378.662109375,529018,0.0,0.0
2021-12-16 00:00:00+05:30,7401.623422283603,7430.385576134274,7220.763098917521,7264.4423828125,595582,0.0,0.0
2021-12-17 00:00:00+05:30,7292.911864921035,7292.911864921035,7059.889681001767,7114.09912109375,1081907,0.0,0.0
2021-12-20 00:00:00+05:30,7019.9150476678315,7138.424673079897,6859.870829676707,7104.34912109375,867425,0.0,0.0
2021-12-21 00:00:00+05:30,7123.751505614252,7219.73928732717,7101.814270429646,7132.18505859375,415744,0.0,0.0
2021-12-22 00:00:00+05:30,7122.776009350269,7267.561751241791,7122.776009350269,7238.068359375,368978,0.0,0.0
2021-12-23 00:00:00+05:30,7293.886524338909,7312.411299631308,7171.038014505103,7202.3837890625,249919,0.0,0.0
2021-12-24 00:00:00+05:30,7254.887371465907,7263.516112458054,7070.760750234025,7134.08642578125,357447,0.0,0.0
2021-12-27 00:00:00+05:30,7095.086998880249,7146.66378143434,7006.460663298258,7107.1767578125,190180,0.0,0.0
2021-12-28 00:00:00+05:30,7136.913527560529,7174.938066846712,7073.6368894492625,7114.927734375,214533,0.0,0.0
2021-12-29 00:00:00+05:30,7115.171177237756,7180.787688978511,7059.353105928317,7166.21142578125,287776,0.0,0.0
2021-12-30 00:00:00+05:30,7166.163854374077,7210.184479980105,7073.929867919047,7100.1083984375,296041,0.0,0.0
2021-12-31 00:00:00+05:30,7107.712403046249,7263.174459034135,7107.712403046249,7240.701171875,313398,0.0,0.0
2022-01-03 00:00:00+05:30,7234.412685045902,7415.711937304058,7234.412685045902,7335.7138671875,456599,0.0,0.0
2022-01-04 00:00:00+05:30,7409.910571470351,7457.684994891672,7331.911512823294,7439.2578125,495182,0.0,0.0
2022-01-05 00:00:00+05:30,7434.138789251721,7612.707780880797,7415.370266610589,7580.87451171875,710043,0.0,0.0
2022-01-06 00:00:00+05:30,7587.358175766752,7701.870730334947,7491.760773141715,7684.95458984375,739981,0.0,0.0
2022-01-07 00:00:00+05:30,7684.954712788063,7746.086188292099,7639.520166707346,7708.2568359375,523116,0.0,0.0
2022-01-10 00:00:00+05:30,7751.155755984128,8026.102412988848,7725.952217211676,7922.36376953125,827930,0.0,0.0
2022-01-11 00:00:00+05:30,7897.404387237421,7958.292590502208,7867.472059194214,7940.15771484375,688923,0.0,0.0
2022-01-12 00:00:00+05:30,7994.903170226112,7994.903170226112,7912.029173949378,7966.384765625,288174,0.0,0.0
2022-01-13 00:00:00+05:30,7970.529099980547,8053.403102854962,7753.106715968845,7875.02880859375,684931,0.0,0.0
2022-01-14 00:00:00+05:30,7752.131377985681,7941.2790936603415,7752.131377985681,7882.0,299536,0.0,0.0
2022-01-17 00:00:00+05:30,7921.584103664017,8159.5792995754255,7897.502180258221,8058.76513671875,862249,0.0,0.0
2022-01-18 00:00:00+05:30,8042.62908026341,8042.62908026341,7694.119358723354,7717.177734375,785199,0.0,0.0
2022-01-19 00:00:00+05:30,7730.6812255781715,7858.404676271921,7663.407041624975,7815.212890625,681632,0.0,0.0
2022-01-20 00:00:00+05:30,7799.90624873735,7936.404608090254,7797.517337021276,7835.34716796875,522850,0.0,0.0
2022-01-21 00:00:00+05:30,7770.656162204577,8037.802936162426,7659.556063410412,7984.763671875,1041476,0.0,0.0
2022-01-24 00:00:00+05:30,7984.178541165513,8124.381656907328,7753.886132955332,7850.8974609375,1153538,0.0,0.0
2022-01-25 00:00:00+05:30,7790.156168727159,8447.298253548448,7690.609772533857,8387.43359375,2162832,0.0,0.0
2022-01-27 00:00:00+05:30,8439.49853125898,8747.2539619511,8189.950091169412,8599.591796875,2899559,0.0,0.0
2022-01-28 00:00:00+05:30,8575.021869714086,8706.645286702307,8309.190935956785,8337.076171875,1045088,0.0,0.0
2022-01-31 00:00:00+05:30,8409.273967514555,8501.897854692976,8338.879622831555,8382.2666015625,561419,0.0,0.0
2022-02-01 00:00:00+05:30,8475.572496932626,8570.926153301516,8142.126529608232,8345.314453125,819689,0.0,0.0
2022-02-02 00:00:00+05:30,8365.106736759246,8465.822830844845,8229.14443718049,8302.2685546875,580433,0.0,0.0
2022-02-03 00:00:00+05:30,8336.14939059521,8577.946472334112,8309.532402266663,8378.7080078125,810019,0.0,0.0
2022-02-04 00:00:00+05:30,8423.80131783766,8462.89796560277,8279.697293534075,8336.685546875,404421,0.0,0.0
2022-02-07 00:00:00+05:30,8331.27426505261,8399.523439839466,8189.900974422695,8298.7587890625,446099,0.0,0.0
2022-02-08 00:00:00+05:30,8401.180850812076,8569.268241957589,8225.048855035307,8384.3623046875,998182,0.0,0.0
2022-02-09 00:00:00+05:30,8406.347378837976,8764.947810764663,8406.347378837976,8725.607421875,1403525,0.0,0.0
2022-02-10 00:00:00+05:30,8823.64313273218,8823.64313273218,8570.049084987646,8585.2099609375,811887,0.0,0.0
2022-02-11 00:00:00+05:30,8519.447499799371,8643.271010039072,8456.365568328598,8518.619140625,671572,0.0,0.0
2022-02-14 00:00:00+05:30,8287.39964333713,8399.5718445528,8116.776709503718,8157.1416015625,995540,0.0,0.0
2022-02-15 00:00:00+05:30,8199.651061849032,8447.541820764029,8147.4891912415505,8407.03125,682766,0.0,0.0
2022-02-16 00:00:00+05:30,8501.8963445084,8517.88653041473,8330.298436637588,8368.2744140625,422704,0.0,0.0
2022-02-17 00:00:00+05:30,8360.52387958997,8441.74020685003,8311.774469213353,8338.5380859375,305313,0.0,0.0
2022-02-18 00:00:00+05:30,8336.148615152691,8429.698917816777,8306.947529868732,8354.7705078125,385273,0.0,0.0
2022-02-21 00:00:00+05:30,8330.3479277053,8506.040995736108,8232.410170378558,8397.28125,626049,0.0,0.0
2022-02-22 00:00:00+05:30,8282.524630094158,8443.20249252605,8175.129300680849,8407.1279296875,620828,0.0,0.0
2022-02-23 00:00:00+05:30,8472.647126247612,8570.097383449262,8438.717728643524,8481.275390625,557954,0.0,0.0
2022-02-24 00:00:00+05:30,8191.850911255289,8372.467476514756,7951.028824242667,8004.7998046875,947351,0.0,0.0
2022-02-25 00:00:00+05:30,8053.403128983015,8254.250713071453,8004.214780219397,8147.09912109375,1344343,0.0,0.0
2022-02-28 00:00:00+05:30,8092.402266232386,8131.353236242422,7911.152050446972,8106.19873046875,961303,0.0,0.0
2022-03-02 00:00:00+05:30,7992.660901777574,7993.928196001345,7569.808331961757,7618.7529296875,1783011,0.0,0.0
2022-03-03 00:00:00+05:30,7725.80685699107,7741.358109933481,7369.448653277007,7405.57177734375,1050154,0.0,0.0
2022-03-04 00:00:00+05:30,7294.861657527353,7331.131408721911,6951.665813708904,7066.03173828125,2511658,0.0,0.0
2022-03-07 00:00:00+05:30,6817.117460892703,6854.020859295008,6561.6705537482685,6599.74365234375,2469925,0.0,0.0
2022-03-08 00:00:00+05:30,6537.295897240766,6683.544127604094,6373.058944115365,6636.06201171875,2840376,0.0,0.0
2022-03-09 00:00:00+05:30,6702.069144101215,6901.0643385745925,6607.4952850704,6851.09619140625,1827539,0.0,0.0
2022-03-10 00:00:00+05:30,7073.539603809566,7214.766744042118,6997.782827963018,7031.419921875,1535070,0.0,0.0
2022-03-11 00:00:00+05:30,7019.915135560775,7019.915135560775,6902.916549968095,6924.90234375,1024452,0.0,0.0
2022-03-14 00:00:00+05:30,6873.666536889885,7151.538162849263,6836.616986761967,7133.74462890625,1023874,0.0,0.0
2022-03-15 00:00:00+05:30,7137.888825189445,7429.410305688235,7134.963860502166,7234.51025390625,1586111,0.0,0.0
2022-03-16 00:00:00+05:30,7380.660602320096,7405.76654822627,7253.912137551059,7298.56640625,584457,0.0,0.0
2022-03-17 00:00:00+05:30,7384.560872988228,7548.3103370647295,7341.661390758035,7500.58447265625,1133271,0.0,0.0
2022-03-21 00:00:00+05:30,7647.807622423114,7741.406491845936,7458.65990713116,7512.8203125,1354525,0.0,0.0
2022-03-22 00:00:00+05:30,7521.985485002127,7613.682935771995,7348.144801429413,7572.39208984375,1093502,0.0,0.0
2022-03-23 00:00:00+05:30,7604.908494810481,7666.137567648995,7420.635712051611,7453.63916015625,808597,0.0,0.0
2022-03-24 00:00:00+05:30,7409.227870713038,7463.534905587352,7338.10276492857,7367.9375,565485,0.0,0.0
2022-03-25 00:00:00+05:30,7327.035954216156,7353.652940309089,7200.28749459565,7229.97607421875,686637,0.0,0.0
2022-03-28 00:00:00+05:30,7239.287882291397,7350.436544726578,7227.588023087694,7290.32861328125,599515,0.0,0.0
2022-03-29 00:00:00+05:30,7346.536211865816,7373.9334759651665,7215.887790845243,7253.08349609375,446257,0.0,0.0
2022-03-30 00:00:00+05:30,7332.886230842916,7439.111385350918,7302.661596730946,7408.54541015625,589206,0.0,0.0
2022-03-31 00:00:00+05:30,7408.496533778328,7461.34108562361,7339.711305422826,7372.17822265625,434317,0.0,0.0
2022-04-01 00:00:00+05:30,7384.560450286251,7535.683617673942,7329.327465290181,7507.45751953125,449386,0.0,0.0
2022-04-04 00:00:00+05:30,7458.660036965884,7599.058343544065,7440.768907545871,7580.33837890625,491029,0.0,0.0
2022-04-05 00:00:00+05:30,7586.383331522636,7702.406929575739,7536.658932357021,7567.71240234375,488132,0.0,0.0
2022-04-06 00:00:00+05:30,7545.433289163853,7652.68198561146,7483.034047594338,7550.50341796875,393628,0.0,0.0
2022-04-07 00:00:00+05:30,7468.165984086907,7554.208694109515,7430.433749717596,7449.3974609375,458566,0.0,0.0
2022-04-08 00:00:00+05:30,7515.988695551415,7537.146129496039,7327.426076652882,7368.912109375,849846,0.0,0.0
2022-04-11 00:00:00+05:30,7424.389139135965,7426.046333468183,7297.786823608896,7376.17578125,496254,0.0,0.0
2022-04-12 00:00:00+05:30,7351.411333949607,7518.62181720854,7312.411804326533,7427.8017578125,598047,0.0,0.0
2022-04-13 00:00:00+05:30,7427.801404323211,7512.2354771526425,7253.912164678024,7282.67431640625,527991,0.0,0.0
2022-04-18 00:00:00+05:30,7190.050587510625,7408.935441656145,7171.03831732872,7384.0732421875,551783,0.0,0.0
2022-04-19 00:00:00+05:30,7390.410956529106,7485.959805307451,7166.163658375848,7249.13525390625,425990,0.0,0.0
2022-04-20 00:00:00+05:30,7311.436190156777,7506.43382157848,7285.696598022799,7474.94189453125,542622,0.0,0.0
2022-04-21 00:00:00+05:30,7516.964054622468,7702.21181806114,7493.808084192634,7682.12744140625,772708,0.0,0.0
2022-04-22 00:00:00+05:30,7594.182812327037,7816.138772733615,7537.633498793211,7706.7939453125,960818,0.0,0.0
2022-04-25 00:00:00+05:30,7614.658101305607,7797.955889147534,7614.658101305607,7714.4482421875,701521,0.0,0.0
2022-04-26 00:00:00+05:30,7799.90544076264,7865.717142919074,7634.157450146434,7708.98779296875,801963,0.0,0.0
2022-04-27 00:00:00+05:30,7654.632010007371,7668.281844186469,7526.908561617233,7593.59765625,570519,0.0,0.0
2022-04-28 00:00:00+05:30,7647.80787934037,7741.406751907513,7572.441477586095,7690.853515625,561932,0.0,0.0
2022-04-29 00:00:00+05:30,7719.95649818734,7747.743661637496,7435.25994634714,7524.763671875,1162749,0.0,0.0
2022-05-02 00:00:00+05:30,7473.284898319055,7556.158899148425,7355.603626713959,7443.79150390625,544053,0.0,0.0
2022-05-04 00:00:00+05:30,7458.659354141295,7553.233204775505,7172.500331861495,7212.86474609375,599211,0.0,0.0
2022-05-05 00:00:00+05:30,7263.66242944454,7349.461395054087,7195.559405278267,7222.37158203125,524174,0.0,0.0
2022-05-06 00:00:00+05:30,7131.063946615165,7175.81581136177,6977.649452714036,7097.18310546875,650559,0.0,0.0
2022-05-09 00:00:00+05:30,7021.377628335452,7238.800000218922,6951.66597098268,7176.20556640625,570578,0.0,0.0
2022-05-10 00:00:00+05:30,7166.309760734271,7385.5359630491685,7166.309760734271,7327.9140625,663616,0.0,0.0
2022-05-11 00:00:00+05:30,7330.936273603061,7370.4718546738295,7162.848403187125,7211.45166015625,605312,0.0,0.0
2022-05-12 00:00:00+05:30,7040.877854864957,7140.765594448475,7030.4452898551235,7072.2236328125,571754,0.0,0.0
2022-05-13 00:00:00+05:30,7156.41362950895,7156.41362950895,6885.708241857092,6924.31787109375,703097,0.0,0.0
2022-05-16 00:00:00+05:30,6977.990679228746,7122.630276644979,6971.165761699808,7066.32470703125,369545,0.0,0.0
2022-05-17 00:00:00+05:30,7097.914280347133,7394.944347977911,7073.588133697951,7344.39111328125,811448,0.0,0.0
2022-05-18 00:00:00+05:30,7376.7613101558345,7449.056595744152,7321.77206649922,7377.29736328125,576970,0.0,0.0
2022-05-19 00:00:00+05:30,7263.662527882521,7336.786647290734,7200.3368500476145,7219.34912109375,363255,0.0,0.0
2022-05-20 00:00:00+05:30,7332.446961713754,7457.586786332512,7263.66173796483,7396.84521484375,742204,0.0,0.0
2022-05-23 00:00:00+05:30,7605.00570013043,7755.885126978915,7581.6059828809075,7699.9208984375,1161175,0.0,0.0
2022-05-24 00:00:00+05:30,7720.931673227752,7743.307843185454,7596.425487766753,7607.49169921875,581609,0.0,0.0
2022-05-25 00:00:00+05:30,7643.907188031719,7662.919457185624,7503.557451722051,7592.4765625,454335,0.0,0.0
2022-05-26 00:00:00+05:30,7604.907773963005,7643.85874202754,7429.409902256166,7609.78271484375,476799,0.0,0.0
2022-05-27 00:00:00+05:30,7726.7814862235955,7766.658408396219,7637.082571809391,7744.28271484375,431411,0.0,0.0
2022-05-30 00:00:00+05:30,7780.601190411118,7858.405060007127,7752.131343935071,7813.4580078125,389517,0.0,0.0
2022-05-31 00:00:00+05:30,7813.458156606629,7897.404739233661,7702.407091351348,7767.09765625,2494005,0.0,0.0
2022-06-01 00:00:00+05:30,7775.579523489517,7867.082262091163,7683.004678713052,7740.8212890625,522004,0.0,0.0
2022-06-02 00:00:00+05:30,7726.781486652358,7772.605932062157,7659.117400771579,7727.17138671875,352848,0.0,0.0
2022-06-03 00:00:00+05:30,7751.1560657193795,7795.030534015905,7488.884244124598,7512.33251953125,591905,0.0,0.0
2022-06-06 00:00:00+05:30,7497.659494784629,7582.385876826693,7401.574595067541,7517.6953125,606990,0.0,0.0
2022-06-07 00:00:00+05:30,7424.583702021565,7624.407724039996,7366.03585103864,7614.07275390625,991192,0.0,0.0
2022-06-08 00:00:00+05:30,7628.307280902474,7722.881131394236,7527.591195496869,7695.04541015625,813596,0.0,0.0
2022-06-09 00:00:00+05:30,7651.707857960794,7809.655955946224,7634.255663335361,7731.5107421875,687937,0.0,0.0
2022-06-10 00:00:00+05:30,7630.258080737379,7788.40136606582,7630.258080737379,7736.62939453125,442921,0.0,0.0
2022-06-13 00:00:00+05:30,7653.608751947351,7768.072270530239,7598.814225102869,7703.966796875,565826,0.0,0.0
2022-06-14 00:00:00+05:30,7609.783513006009,7703.772287831231,7556.159157693347,7616.26708984375,553462,0.0,0.0
2022-06-15 00:00:00+05:30,7620.507984833995,7730.681654522613,7620.507984833995,7657.021484375,604566,0.0,0.0
2022-06-16 00:00:00+05:30,7739.456150959287,7824.280122379476,7609.782723385895,7637.66748046875,1319566,0.0,0.0
2022-06-17 00:00:00+05:30,7609.78293565248,7653.365098818322,7454.9059641635295,7495.85546875,1317656,0.0,0.0
2022-06-20 00:00:00+05:30,7507.214338446654,7589.4061335794295,7435.260396009439,7469.33642578125,1043423,0.0,0.0
2022-06-21 00:00:00+05:30,7521.985769120617,7643.907859021107,7434.431538869823,7585.99365234375,954884,0.0,0.0
2022-06-22 00:00:00+05:30,7556.1584921631575,7672.182087075082,7523.593981746107,7588.08935546875,796824,0.0,0.0
2022-06-23 00:00:00+05:30,7614.657879021015,8109.756698960708,7607.832961587833,8064.12744140625,1676430,0.0,0.0
2022-06-24 00:00:00+05:30,8102.152892187068,8180.151957334477,8032.246039621298,8154.0224609375,1156788,0.0,0.0
2022-06-27 00:00:00+05:30,8232.80044662672,8332.93192623797,8181.3698185405565,8237.431640625,921090,0.0,0.0
2022-06-28 00:00:00+05:30,8204.76936074768,8326.30201940966,8171.424574243229,8277.357421875,691242,0.0,0.0
2022-06-29 00:00:00+05:30,8180.10307910761,8316.649996774977,8160.651872568177,8296.078125,655413,0.0,0.0
2022-06-30 00:00:00+05:30,8287.40024265487,8418.63328211318,8224.610617608672,8258.8818359375,1130302,0.0,0.0
2022-07-01 00:00:00+05:30,8228.900486758772,8238.650368852088,8097.8616905698345,8192.435546875,530569,0.0,0.0
2022-07-04 00:00:00+05:30,8192.43621939572,8255.810458204694,8111.9025675486555,8232.1669921875,625431,0.0,0.0
2022-07-05 00:00:00+05:30,8285.937818141367,8295.73625983403,8126.527235889662,8139.884765625,610290,0.0,0.0
2022-07-06 00:00:00+05:30,8167.4766761897,8436.037383563073,8160.651758351174,8414.197265625,976098,0.0,0.0
2022-07-07 00:00:00+05:30,8477.522243960424,8482.39718487127,8361.693838346113,8391.138671875,547662,0.0,0.0
2022-07-08 00:00:00+05:30,8404.398027369027,8440.424030686345,8233.775097579053,8263.951171875,686327,0.0,0.0
2022-07-11 00:00:00+05:30,8240.308590610412,8311.775040708993,8205.59843675353,8294.859375,536114,0.0,0.0
2022-07-12 00:00:00+05:30,8282.523834714739,8284.912745965532,8166.743998885148,8209.107421875,424358,0.0,0.0
2022-07-13 00:00:00+05:30,8242.550350032658,8275.846578350594,8171.376210506707,8229.095703125,413855,0.0,0.0
2022-07-14 00:00:00+05:30,8253.226482461372,8372.564465824555,8238.650218570365,8353.455078125,606496,0.0,0.0
2022-07-15 00:00:00+05:30,8380.998702930327,8578.921310735685,8361.694126685072,8558.4951171875,631246,0.0,0.0
2022-07-18 00:00:00+05:30,8581.846192524667,8621.820708986097,8466.797584172256,8487.0771484375,478682,0.0,0.0
2022-07-19 00:00:00+05:30,8482.349819504283,8578.825104133053,8450.662699124856,8497.8515625,478458,0.0,0.0
2022-07-20 00:00:00+05:30,8556.009332598283,8643.709715546582,8502.092673149009,8530.220703125,398132,0.0,0.0
2022-07-21 00:00:00+05:30,8573.070750548837,8610.99817020676,8503.895151301786,8576.970703125,421090,0.0,0.0
2022-07-22 00:00:00+05:30,8628.645600473212,8666.6701404075,8571.121296470057,8610.072265625,415294,0.0,0.0
2022-07-25 00:00:00+05:30,8607.683450212142,8637.030214608703,8277.649939661447,8405.9580078125,623462,0.0,0.0
2022-07-26 00:00:00+05:30,8406.34803280923,8409.663373454237,8259.46568360111,8312.6025390625,429454,0.0,0.0
2022-07-27 00:00:00+05:30,8341.560072767734,8489.661160646516,8248.400141034846,8441.544921875,1298855,0.0,0.0
2022-07-28 00:00:00+05:30,8482.39758665809,8550.793391731724,8412.978234372073,8502.9208984375,725196,0.0,0.0
2022-07-29 00:00:00+05:30,8545.479157270525,8719.319360671585,8511.64687673744,8554.107421875,821432,0.0,0.0
2022-08-01 00:00:00+05:30,8628.646376228078,8857.768624636396,8601.931316197159,8778.2099609375,1009408,0.0,0.0
2022-08-02 00:00:00+05:30,8760.268895498159,8966.819762891731,8730.044261579356,8943.615234375,848311,0.0,0.0
2022-08-03 00:00:00+05:30,8974.726697745278,8974.726697745278,8690.952321146064,8792.8720703125,753729,60.0,0.0
2022-08-04 00:00:00+05:30,8856.220783038285,8879.774561716578,8665.82773872208,8799.986328125,643264,0.0,0.0
2022-08-05 00:00:00+05:30,8800.084713010336,8818.142994646983,8646.200206353666,8676.8203125,558385,0.0,0.0
2022-08-08 00:00:00+05:30,8676.819708066567,8830.704204003534,8676.623234896117,8756.068359375,520993,0.0,0.0
2022-08-10 00:00:00+05:30,8772.408819708291,8832.176920662505,8661.902717013976,8714.6044921875,445375,0.0,0.0
2022-08-11 00:00:00+05:30,8789.191751063358,8830.705098576436,8561.799430982534,8649.978515625,508318,0.0,0.0
2022-08-12 00:00:00+05:30,8651.10675303416,8651.10675303416,8513.709708743205,8537.4599609375,712782,0.0,0.0
2022-08-16 00:00:00+05:30,8574.704852792132,8871.923728406366,8543.2010972529,8836.298828125,963726,0.0,0.0
2022-08-17 00:00:00+05:30,8842.481543318963,8901.365993107991,8754.154868635422,8778.0517578125,623749,0.0,0.0
2022-08-18 00:00:00+05:30,8759.061702416768,8844.83709897696,8711.954143681081,8781.33984375,442229,0.0,0.0
2022-08-19 00:00:00+05:30,8788.94596231503,8801.262434723507,8552.966337936592,8615.7275390625,572597,0.0,0.0
2022-08-22 00:00:00+05:30,8588.296117450995,8604.440460787031,8442.262888691412,8467.5830078125,488485,0.0,0.0
2022-08-23 00:00:00+05:30,8446.974504557329,8594.185632207334,8404.77398129766,8558.3642578125,558231,0.0,0.0
2022-08-24 00:00:00+05:30,8498.988968344296,8608.906608581543,8434.21607320449,8542.1708984375,442582,0.0,0.0
2022-08-25 00:00:00+05:30,8558.85515991058,8670.735619517254,8518.617450753793,8573.478515625,525721,0.0,0.0
2022-08-26 00:00:00+05:30,8636.38605340668,8668.527149230438,8544.330221018568,8558.4619140625,398063,0.0,0.0
2022-08-29 00:00:00+05:30,8442.655646752375,8695.172559357114,8430.290295804181,8669.9501953125,459057,0.0,0.0
2022-08-30 00:00:00+05:30,8719.609560514054,8993.618738645435,8705.084920535248,8913.388671875,1016312,0.0,0.0
2022-09-01 00:00:00+05:30,8783.548177194329,9061.973674434737,8774.76438845729,8856.7119140625,888864,0.0,0.0
2022-09-02 00:00:00+05:30,8858.674561047203,8979.780626659896,8736.587087960843,8753.76171875,632909,0.0,0.0
2022-09-05 00:00:00+05:30,8734.527227993123,8849.155438584949,8709.992039150446,8783.646484375,386455,0.0,0.0
2022-09-06 00:00:00+05:30,8817.258640442946,8854.993948059126,8705.083962127339,8723.4853515625,397902,0.0,0.0
2022-09-07 00:00:00+05:30,8699.196334975519,8708.568585194069,8597.129951983929,8621.5673828125,496785,0.0,0.0
2022-09-08 00:00:00+05:30,8664.846554055901,8719.903129769667,8616.757588017987,8627.2099609375,428924,0.0,0.0
2022-09-09 00:00:00+05:30,8670.392528507498,8821.872399326514,8567.68784582495,8779.671875,632296,0.0,0.0
2022-09-12 00:00:00+05:30,8803.127552979084,8844.738656102802,8738.452415106945,8761.6630859375,383641,0.0,0.0
2022-09-13 00:00:00+05:30,8805.481470605142,8821.92004464338,8745.223630965087,8760.533203125,405093,0.0,0.0
2022-09-14 00:00:00+05:30,8695.12286873385,8832.667513430293,8661.608377601346,8800.4775390625,509547,0.0,0.0
2022-09-15 00:00:00+05:30,8862.15846152308,9151.624790685482,8862.109582830017,9038.517578125,1392132,0.0,0.0
2022-09-16 00:00:00+05:30,9038.272548081328,9142.694691486622,8852.344701887547,9018.7919921875,1056382,0.0,0.0
2022-09-19 00:00:00+05:30,9004.707557516793,9169.731603105667,8901.365545020355,9108.294921875,727024,0.0,0.0
2022-09-20 00:00:00+05:30,9165.364908699747,9254.67299379362,9078.019638662883,9127.923828125,747257,0.0,0.0
2022-09-21 00:00:00+05:30,9127.089932786686,9223.267869712825,9040.186488602438,9075.958984375,440725,0.0,0.0
2022-09-22 00:00:00+05:30,9027.967766585987,9259.579941052158,9015.20946883997,9227.0458984375,511112,0.0,0.0
2022-09-23 00:00:00+05:30,9223.218150257986,9275.281622748556,9104.859839133365,9169.7314453125,574213,0.0,0.0
2022-09-26 00:00:00+05:30,9097.941902080647,9097.941902080647,8636.38613907898,8670.6865234375,865432,0.0,0.0
2022-09-27 00:00:00+05:30,8724.71235589413,8743.310219020066,8509.293417523066,8610.91796875,686285,0.0,0.0
2022-09-28 00:00:00+05:30,8557.873546136878,8685.456523315524,8499.03797382603,8564.498046875,663740,0.0,0.0
2022-09-29 00:00:00+05:30,8607.336817444153,8636.386096406119,8444.127981647678,8464.4921875,817007,0.0,0.0
2022-09-30 00:00:00+05:30,8506.840865280697,8707.048010702623,8399.08250516124,8664.013671875,658982,0.0,0.0
2022-10-03 00:00:00+05:30,8803.2252133424,8803.2252133424,8351.777766504329,8388.08984375,1123076,0.0,0.0
2022-10-04 00:00:00+05:30,8537.263838746332,8595.706463664485,8469.546721276107,8528.921875,503140,0.0,0.0
2022-10-06 00:00:00+05:30,8571.613085555986,8660.921167853397,8528.921859402828,8541.189453125,474445,0.0,0.0
2022-10-07 00:00:00+05:30,8587.315449134674,8681.137620850923,8549.040557418532,8615.8740234375,428616,0.0,0.0
2022-10-10 00:00:00+05:30,8513.71078857771,8711.415537994784,8497.026859654849,8697.626953125,411218,0.0,0.0
2022-10-11 00:00:00+05:30,8647.180598409683,8685.455486996447,8503.895118059234,8522.689453125,422610,0.0,0.0
2022-10-12 00:00:00+05:30,8536.282178526146,8557.873142877443,8430.878632830707,8525.09375,380365,0.0,0.0
2022-10-13 00:00:00+05:30,8503.896336616146,8622.107066525283,8432.25358617495,8488.7333984375,355605,0.0,0.0
2022-10-14 00:00:00+05:30,8597.130055535315,8603.606961940863,8446.287524866051,8457.0830078125,274160,0.0,0.0
2022-10-17 00:00:00+05:30,8449.91855747528,8587.021376622088,8407.766913756548,8561.6025390625,304671,0.0,0.0
2022-10-18 00:00:00+05:30,8602.08528882353,8722.994879903214,8589.326991809072,8643.5986328125,369973,0.0,0.0
2022-10-19 00:00:00+05:30,8686.830982445219,8690.36366618604,8533.338461602214,8557.2353515625,385416,0.0,0.0
2022-10-20 00:00:00+05:30,8538.245989571102,8576.71735858459,8450.900714505375,8545.5087890625,328270,0.0,0.0
2022-10-21 00:00:00+05:30,8567.687169434097,8630.49724719398,8480.34190504926,8541.4833984375,356203,0.0,0.0
2022-10-24 00:00:00+05:30,8625.39399726268,8625.39399726268,8583.242353686486,8602.478515625,30052,0.0,0.0
2022-10-25 00:00:00+05:30,8656.013837798446,8849.351108325236,8633.834412460708,8837.57421875,727441,0.0,0.0
2022-10-27 00:00:00+05:30,8881.738029456234,8908.187153722345,8736.48971693032,8873.837890625,849108,0.0,0.0
2022-10-28 00:00:00+05:30,8925.901210457912,9372.392744161916,8882.719280467792,9316.0595703125,1873029,0.0,0.0
2022-10-31 00:00:00+05:30,9470.582672954048,9587.3701691283,9275.380331700482,9350.4580078125,1932020,0.0,0.0
2022-11-01 00:00:00+05:30,9455.860739698663,9457.725797207851,9200.694803806431,9278.814453125,805517,0.0,0.0
2022-11-02 00:00:00+05:30,9269.39380732387,9278.814935930895,9038.763045574678,9057.802734375,788679,0.0,0.0
2022-11-03 00:00:00+05:30,9038.762715311264,9136.90346140585,8994.010918454424,9067.3212890625,616860,0.0,0.0
2022-11-04 00:00:00+05:30,9085.772746585355,9150.643398037542,9020.165081113033,9057.900390625,465775,0.0,0.0
2022-11-07 00:00:00+05:30,9104.517456762627,9178.907954229107,9082.239314637523,9159.7705078125,469017,0.0,0.0
2022-11-09 00:00:00+05:30,9304.086004679855,9304.576708419067,9048.57695103542,9081.4541015625,617256,0.0,0.0
2022-11-10 00:00:00+05:30,9029.930403075105,9078.75542617618,8902.347428137624,8928.109375,445700,0.0,0.0
2022-11-11 00:00:00+05:30,9028.948323980772,9068.20462104156,8881.737210002824,8918.5888671875,461074,0.0,0.0
2022-11-14 00:00:00+05:30,8930.808270929403,8992.685822268262,8825.355843126123,8982.1845703125,282822,0.0,0.0
2022-11-15 00:00:00+05:30,9019.134498027253,9032.432377341569,8960.250050814888,8991.8515625,359888,0.0,0.0
2022-11-16 00:00:00+05:30,8989.69246398592,9080.47265535259,8930.660421048435,8965.1083984375,350737,0.0,0.0
2022-11-17 00:00:00+05:30,8931.790160968254,8999.114335900887,8803.225771221321,8819.3701171875,409572,0.0,0.0
2022-11-18 00:00:00+05:30,8842.481120321028,8856.171945923199,8671.716224101732,8683.5419921875,515615,0.0,0.0
2022-11-21 00:00:00+05:30,8660.921249971772,8763.184103890553,8622.646357195694,8700.3740234375,520644,0.0,0.0
2022-11-22 00:00:00+05:30,8709.991407790709,8768.826978051808,8694.337766762601,8708.7646484375,455948,0.0,0.0
2022-11-23 00:00:00+05:30,8773.783483704321,8821.872453581447,8736.489996860835,8768.3857421875,621006,0.0,0.0
2022-11-24 00:00:00+05:30,8802.14620649396,8827.662801773362,8755.136403366909,8800.37890625,455343,0.0,0.0
2022-11-25 00:00:00+05:30,8832.667241809413,8911.179839514385,8781.143349565526,8851.8046875,545439,0.0,0.0
2022-11-28 00:00:00+05:30,8860.1464411127,8934.831164548008,8783.596660163787,8818.3388671875,439956,0.0,0.0
2022-11-29 00:00:00+05:30,8817.947181869446,8856.958133508768,8722.750645793614,8744.5380859375,606692,0.0,0.0
2022-11-30 00:00:00+05:30,8758.080856801163,8852.29598031673,8705.08484982366,8807.298828125,1087650,0.0,0.0
2022-12-01 00:00:00+05:30,8851.362842952774,8857.20240907536,8763.968699506146,8791.595703125,694489,0.0,0.0
2022-12-02 00:00:00+05:30,8656.01463096363,8762.890297014384,8591.977788030481,8651.94140625,971612,0.0,0.0
2022-12-05 00:00:00+05:30,8679.568297841879,8688.597438905688,8602.03710205609,8628.583984375,519621,0.0,0.0
2022-12-06 00:00:00+05:30,8614.009292784514,8636.385190004756,8533.288533480209,8555.271484375,551379,0.0,0.0
2022-12-07 00:00:00+05:30,8557.873537409057,8585.205353360605,8480.342343664182,8498.1552734375,546450,0.0,0.0
2022-12-08 00:00:00+05:30,8503.895498130993,8549.040240533073,8446.041337654142,8521.2666015625,476001,0.0,0.0
2022-12-09 00:00:00+05:30,8545.115252033147,8600.810128632766,8386.56905931486,8453.2060546875,790406,0.0,0.0
2022-12-12 00:00:00+05:30,8448.9367359813,8531.669192324693,8356.978666246789,8498.7431640625,445039,0.0,0.0
2022-12-13 00:00:00+05:30,8500.950879157714,8535.643247305288,8449.917694475631,8460.4189453125,330236,0.0,0.0
2022-12-14 00:00:00+05:30,8489.174870420356,8516.360049836843,8436.227744142769,8480.9306640625,343670,0.0,0.0
2022-12-15 00:00:00+05:30,8480.342439224725,8512.33594123664,8415.56954245481,8424.5498046875,472176,0.0,0.0
2022-12-16 00:00:00+05:30,8400.357266200346,8428.327379184366,8288.967518000833,8328.02734375,624222,0.0,0.0
2022-12-19 00:00:00+05:30,8340.78614292424,8461.15616011008,8293.875054566553,8443.8828125,464106,0.0,0.0
2022-12-20 00:00:00+05:30,8424.79562007738,8424.79562007738,8275.2776000973,8365.861328125,694906,0.0,0.0
2022-12-21 00:00:00+05:30,8365.86057438907,8407.66910860832,8134.199527491653,8195.1455078125,800720,0.0,0.0
2022-12-22 00:00:00+05:30,8201.27921998523,8228.120331262728,8133.905212965826,8179.39306640625,580858,0.0,0.0
2022-12-23 00:00:00+05:30,8145.388163395436,8175.075740795144,7971.826148112267,7990.2275390625,503012,0.0,0.0
2022-12-26 00:00:00+05:30,7995.526805735282,8190.826895871691,7925.895752771829,8103.28515625,315102,0.0,0.0
2022-12-27 00:00:00+05:30,8144.652101142434,8160.403500101884,8077.768795527333,8151.03125,423308,0.0,0.0
2022-12-28 00:00:00+05:30,8160.403371503818,8296.328310403791,8133.512422611842,8264.4814453125,538632,0.0,0.0
2022-12-29 00:00:00+05:30,8214.380610722601,8291.911801672073,8178.068533948797,8278.95703125,452134,0.0,0.0
2022-12-30 00:00:00+05:30,8312.521950146986,8332.150101150875,8206.775286613534,8238.5234375,433976,0.0,0.0
2023-01-02 00:00:00+05:30,8209.472835436321,8296.818093338752,8182.581889528817,8247.060546875,398159,0.0,0.0
2023-01-03 00:00:00+05:30,8224.194684116936,8245.785648681443,8149.755310105693,8226.8935546875,493207,0.0,0.0
2023-01-04 00:00:00+05:30,8220.26953765629,8378.325029957883,8156.526926386929,8266.19921875,566744,0.0,0.0
2023-01-05 00:00:00+05:30,8287.937952349645,8317.429057799676,8234.058294028828,8303.787109375,417716,0.0,0.0
2023-01-06 00:00:00+05:30,8302.706994664526,8326.211894681628,8194.752175584965,8227.1875,368978,0.0,0.0
2023-01-09 00:00:00+05:30,8268.209961928402,8289.899641066359,8170.314571275423,8221.25,613406,0.0,0.0
2023-01-10 00:00:00+05:30,8224.194818625028,8253.637043512706,8109.272384175757,8138.9599609375,493677,0.0,0.0
2023-01-11 00:00:00+05:30,8179.6882338798505,8179.6882338798505,8095.777894367183,8130.42138671875,327536,0.0,0.0
2023-01-12 00:00:00+05:30,8160.403225834682,8221.25048981565,8106.425814238662,8213.595703125,283772,0.0,0.0
2023-01-13 00:00:00+05:30,8240.878702888838,8342.012553167042,8195.73395829757,8296.23046875,705220,0.0,0.0
2023-01-16 00:00:00+05:30,8322.335965670158,8355.998052718063,8188.471593426066,8224.29296875,500575,0.0,0.0
2023-01-17 00:00:00+05:30,8253.489444671199,8335.388091871699,8187.0489239343315,8321.697265625,409248,0.0,0.0
2023-01-18 00:00:00+05:30,8315.465587640798,8378.668612788066,8306.927150873791,8336.1240234375,402883,0.0,0.0
2023-01-19 00:00:00+05:30,8321.353745768572,8360.6100436611,8299.272078204025,8343.5830078125,184776,0.0,0.0
2023-01-20 00:00:00+05:30,8304.71912933725,8341.963735579016,8255.599875728316,8282.8828125,346337,0.0,0.0
2023-01-23 00:00:00+05:30,8322.335405859769,8324.298220813982,8222.134085809532,8260.6044921875,410827,0.0,0.0
2023-01-24 00:00:00+05:30,8292.893388107712,8555.910598523436,8260.506940556521,8537.0673828125,1039571,0.0,0.0
2023-01-25 00:00:00+05:30,8585.255065172634,8668.772460182518,8518.911343032116,8620.78125,1131883,0.0,0.0
2023-01-27 00:00:00+05:30,8664.307053498253,8723.731084696889,8459.830230114545,8575.0478515625,743546,0.0,0.0
2023-01-30 00:00:00+05:30,8615.776825840705,8700.177874595951,8555.910965677102,8653.0703125,1036998,0.0,0.0
2023-01-31 00:00:00+05:30,8692.228589027894,8777.561205595692,8666.024816738256,8729.9140625,643670,0.0,0.0
2023-02-01 00:00:00+05:30,8770.838501478178,8862.551220625266,8512.630581188358,8605.814453125,707460,0.0,0.0
2023-02-02 00:00:00+05:30,8602.03607131714,8773.782370516285,8588.394124761333,8705.2314453125,456995,0.0,0.0
2023-02-03 00:00:00+05:30,8773.782993508185,8796.355365862848,8680.696876094844,8776.0400390625,351157,0.0,0.0
2023-02-06 00:00:00+05:30,8760.975793322801,8769.857339435059,8656.014070480887,8742.3779296875,205161,0.0,0.0
2023-02-07 00:00:00+05:30,8742.377846967524,8754.154736747902,8589.81786225639,8599.5341796875,318669,0.0,0.0
2023-02-08 00:00:00+05:30,8609.888369204662,8689.873083907749,8511.796493663704,8670.44140625,391645,0.0,0.0
2023-02-09 00:00:00+05:30,8638.642641399705,8668.772041921218,8538.244850528088,8637.5634765625,392186,0.0,0.0
2023-02-10 00:00:00+05:30,8634.226534391913,8709.991383516155,8609.838941880365,8647.5244140625,276298,0.0,0.0
2023-02-13 00:00:00+05:30,8623.627367050898,8699.588687958394,8592.909505176938,8645.66015625,253037,0.0,0.0
2023-02-14 00:00:00+05:30,8651.106426161628,8682.5114636701,8602.036055054643,8611.310546875,227030,0.0,0.0
2023-02-15 00:00:00+05:30,8611.31136036553,8730.307021541214,8579.46449482746,8680.892578125,452568,0.0,0.0
2023-02-16 00:00:00+05:30,8714.899413536767,8714.899413536767,8626.572730291462,8641.3916015625,247514,0.0,0.0
2023-02-17 00:00:00+05:30,8623.627981216827,8709.0104364764,8587.070550660284,8643.9921875,214587,0.0,0.0
2023-02-20 00:00:00+05:30,8643.991883949515,8684.474943211291,8513.9553905632,8532.013671875,298434,0.0,0.0
2023-02-21 00:00:00+05:30,8532.356647487262,8557.87324201621,8477.839653549832,8508.6552734375,323478,0.0,0.0
2023-02-22 00:00:00+05:30,8514.20108743155,8556.892315291992,8425.383705331087,8497.958984375,363931,0.0,0.0
2023-02-23 00:00:00+05:30,8531.817680221257,8584.813688064078,8455.807473587753,8534.5654296875,317544,0.0,0.0
2023-02-24 00:00:00+05:30,8549.040569995417,8577.50138695442,8449.231237461492,8499.4794921875,242982,0.0,0.0
2023-02-27 00:00:00+05:30,8469.546766495769,8482.353942752365,8371.406016014937,8471.7060546875,220225,0.0,0.0
2023-02-28 00:00:00+05:30,8489.17446107236,8547.077500749037,8445.305356280242,8464.0009765625,370998,0.0,0.0
2023-03-01 00:00:00+05:30,8459.732847214716,8613.07777266452,8459.732847214716,8601.203125,333441,0.0,0.0
2023-03-02 00:00:00+05:30,8607.92544060261,8607.92544060261,8350.89442528341,8389.8076171875,603893,0.0,0.0
2023-03-03 00:00:00+05:30,8432.301914225289,8468.565112152122,8391.033921532118,8441.3310546875,437977,0.0,0.0
2023-03-06 00:00:00+05:30,8479.360568777538,8501.932940662016,8431.222723896355,8470.9697265625,275417,0.0,0.0
2023-03-08 00:00:00+05:30,8464.63943099924,8550.070759604294,8449.967197637694,8532.2587890625,348171,0.0,0.0
2023-03-09 00:00:00+05:30,8562.780236029514,8574.557125752419,8375.380286632624,8383.1337890625,431466,0.0,0.0
2023-03-10 00:00:00+05:30,8371.40645757084,8467.58439811503,8322.4338371355,8441.6259765625,516128,0.0,0.0
2023-03-13 00:00:00+05:30,8441.625923712192,8476.711243640033,8323.415192581846,8360.0224609375,479314,0.0,0.0
2023-03-14 00:00:00+05:30,8386.077667553749,8386.077667553749,8287.98580257862,8353.8876953125,349510,0.0,0.0
2023-03-15 00:00:00+05:30,8489.175078116816,8543.103613213294,8283.079498185656,8317.3798828125,509229,0.0,0.0
2023-03-16 00:00:00+05:30,8302.80447474511,8374.74240487189,8254.61775410943,8280.576171875,340261,0.0,0.0
2023-03-17 00:00:00+05:30,8344.908143224868,8352.710524690647,8139.352146463335,8162.21875,471602,0.0,0.0
2023-03-20 00:00:00+05:30,8162.218242581797,8162.218242581797,7978.842642217356,8066.7763671875,488199,0.0,0.0
2023-03-21 00:00:00+05:30,8091.704554787261,8121.146778758592,8062.262330815931,8075.41357421875,287497,0.0,0.0
2023-03-22 00:00:00+05:30,8082.872306802779,8135.475366330783,8064.225563987183,8098.9677734375,218120,0.0,0.0
2023-03-23 00:00:00+05:30,8110.350845373282,8219.287068005959,8079.534269302309,8197.892578125,540553,0.0,0.0
2023-03-24 00:00:00+05:30,8197.893590380087,8230.574269524082,8058.337247607731,8089.64453125,391840,0.0,0.0
2023-03-27 00:00:00+05:30,8096.612050446914,8162.169881186346,8076.542074955862,8124.4345703125,364326,0.0,0.0
2023-03-28 00:00:00+05:30,8151.472978142275,8200.24816441018,7988.657089720432,8056.177734375,360349,0.0,0.0
2023-03-29 00:00:00+05:30,8096.464173968323,8164.42664244898,8035.273800510855,8141.0693359375,339851,0.0,0.0
2023-03-31 00:00:00+05:30,8171.149406891614,8214.380212625787,8103.530051408676,8137.97802734375,478757,0.0,0.0
2023-04-03 00:00:00+05:30,8256.433881158815,8419.495124164434,8234.352211932368,8344.95703125,627265,0.0,0.0
2023-04-05 00:00:00+05:30,8363.50585212635,8389.071325868557,8273.265240649502,8289.998046875,272888,0.0,0.0
2023-04-06 00:00:00+05:30,8306.632228000068,8376.312153353094,8221.347541635298,8358.3037109375,309551,0.0,0.0
2023-04-10 00:00:00+05:30,8299.370608608613,8396.726428131165,8246.816426591118,8376.4609375,308275,0.0,0.0
2023-04-11 00:00:00+05:30,8420.476102352228,8509.73530353325,8386.126840862446,8498.546875,409240,0.0,0.0
2023-04-12 00:00:00+05:30,8510.76559769505,8548.010202940834,8431.271592458275,8460.7626953125,408458,0.0,0.0
2023-04-13 00:00:00+05:30,8467.632720338685,8542.170811043126,8459.732581708611,8509.587890625,480202,0.0,0.0
2023-04-17 00:00:00+05:30,8685.455617695328,8685.455617695328,8489.174134809558,8513.3662109375,489356,0.0,0.0
2023-04-18 00:00:00+05:30,8531.326990912765,8586.138219458604,8528.43164694639,8570.2890625,276111,0.0,0.0
2023-04-19 00:00:00+05:30,8528.480191923347,8579.268030871515,8501.393727846635,8518.568359375,280819,0.0,0.0
2023-04-20 00:00:00+05:30,8508.802819695013,8577.403585652082,8504.043376797157,8552.623046875,369060,0.0,0.0
2023-04-21 00:00:00+05:30,8518.02857637284,8542.170817333426,8391.034063442186,8399.3271484375,424157,0.0,0.0
2023-04-24 00:00:00+05:30,8417.53179781432,8417.53179781432,8287.740661022792,8308.7431640625,543745,0.0,0.0
2023-04-25 00:00:00+05:30,8351.77784781036,8366.498960350566,8263.451172569123,8311.4423828125,906406,0.0,0.0
2023-04-26 00:00:00+05:30,8368.46223665393,8391.034610459845,8278.074984036917,8348.736328125,959058,0.0,0.0
2023-04-27 00:00:00+05:30,8410.662115064037,8410.662115064037,8313.748126281938,8384.115234375,536521,0.0,0.0
2023-04-28 00:00:00+05:30,8433.234680381855,8452.323248012435,8376.410802547989,8429.8486328125,387567,0.0,0.0
2023-05-02 00:00:00+05:30,8462.38262484884,8662.883985012952,8445.992927950772,8613.666015625,865562,0.0,0.0
2023-05-03 00:00:00+05:30,8606.943120530925,8663.864751202624,8553.01459082548,8633.7353515625,537008,0.0,0.0
2023-05-04 00:00:00+05:30,8633.098816408088,8658.90964241993,8580.445919767097,8636.974609375,271926,0.0,0.0
2023-05-05 00:00:00+05:30,8636.97431627489,8820.890462052479,8626.57178031167,8782.2724609375,951591,0.0,0.0
2023-05-08 00:00:00+05:30,8877.812422531331,8951.369107808412,8793.411375843549,8907.5,678780,0.0,0.0
2023-05-09 00:00:00+05:30,8914.123587989874,8970.063810880485,8883.552363521592,8942.142578125,415394,0.0,0.0
2023-05-10 00:00:00+05:30,8959.072446717792,9009.320701571101,8891.55180351135,8997.69140625,366827,0.0,0.0
2023-05-11 00:00:00+05:30,9071.100341156605,9141.810557491268,8972.075944348166,9088.716796875,644550,0.0,0.0
2023-05-12 00:00:00+05:30,9088.766489917543,9156.336016730045,9060.99284778683,9122.576171875,403028,0.0,0.0
2023-05-15 00:00:00+05:30,9070.168313928052,9134.450506587897,9014.621031572085,9036.11328125,259316,0.0,0.0
2023-05-16 00:00:00+05:30,9047.69338598707,9057.703934042202,8888.705372988557,8902.6904296875,448981,0.0,0.0
2023-05-17 00:00:00+05:30,8911.522927860584,8962.21300699723,8864.121138788558,8949.84765625,290482,0.0,0.0
2023-05-18 00:00:00+05:30,8974.921959161895,8979.87787494179,8875.946446010521,8884.9755859375,272497,0.0,0.0
2023-05-19 00:00:00+05:30,8891.551596424599,8948.669702334431,8793.950432749589,8936.6474609375,543472,0.0,0.0
2023-05-22 00:00:00+05:30,8920.994080890234,8999.21244949624,8905.143966570136,8986.4052734375,182115,0.0,0.0
2023-05-23 00:00:00+05:30,8998.524934254217,9063.297826135642,8986.502692958044,9029.6357421875,269008,0.0,0.0
2023-05-24 00:00:00+05:30,8997.544166127336,9144.951767685492,8988.711498424986,9098.3837890625,470365,0.0,0.0
2023-05-25 00:00:00+05:30,9049.313725417991,9120.613367750751,9044.700918221879,9109.27734375,218979,0.0,0.0
2023-05-26 00:00:00+05:30,9159.47621668125,9239.951631849777,9138.13060351155,9225.181640625,346760,0.0,0.0
2023-05-29 00:00:00+05:30,9259.579656989943,9312.379188207156,9138.915414558722,9159.966796875,236834,0.0,0.0
2023-05-30 00:00:00+05:30,9205.602316686702,9228.076931717675,9127.089716970822,9208.8896484375,372004,0.0,0.0
2023-05-31 00:00:00+05:30,9274.252017055598,9274.252017055598,9095.291783986751,9193.53125,1614766,0.0,0.0
2023-06-01 00:00:00+05:30,9163.892421823335,9203.197600047837,9050.539856926885,9154.86328125,378706,0.0,0.0
2023-06-02 00:00:00+05:30,9214.43493563985,9348.053948940096,9139.553735736241,9308.9931640625,445105,0.0,0.0
2023-06-05 00:00:00+05:30,9374.895057566853,9460.768213027424,9312.133856837663,9403.9443359375,434649,0.0,0.0
2023-06-06 00:00:00+05:30,9449.972614083494,9588.351068604812,9432.307279463752,9555.1796875,542318,0.0,0.0
2023-06-07 00:00:00+05:30,9606.015993996265,9617.79288324105,9471.072471399772,9527.0126953125,453747,0.0,0.0
2023-06-08 00:00:00+05:30,9552.039565109866,9583.444606318488,9446.538254799652,9479.0224609375,273746,0.0,0.0
2023-06-09 00:00:00+05:30,9495.608251232114,9533.294682534815,9432.405224969769,9448.794921875,161389,0.0,0.0
2023-06-12 00:00:00+05:30,9446.047529152595,9519.653094314823,9360.321964289305,9372.8837890625,316879,0.0,0.0
2023-06-13 00:00:00+05:30,9409.735127314814,9439.226231062928,9328.916602903406,9340.5458984375,561014,0.0,0.0
2023-06-14 00:00:00+05:30,9342.999008326777,9420.530197576547,9314.047488290471,9355.2666015625,328167,0.0,0.0
2023-06-15 00:00:00+05:30,9377.349299642568,9517.494108483535,9365.57240884239,9416.4580078125,459978,0.0,0.0
2023-06-16 00:00:00+05:30,9416.653996310351,9464.105624760457,9374.404594420546,9425.1435546875,682099,0.0,0.0
2023-06-19 00:00:00+05:30,9458.805563045858,9462.878787566773,9333.18540200935,9354.7763671875,395006,0.0,0.0
2023-06-20 00:00:00+05:30,9352.812912876765,9361.547822464085,9244.85809436507,9315.6171875,612713,0.0,0.0
2023-06-21 00:00:00+05:30,9325.33376254082,9359.683023926731,9221.35344960718,9265.3203125,356331,0.0,0.0
2023-06-22 00:00:00+05:30,9263.554302933553,9317.825946188352,9199.517463339143,9228.2236328125,288487,0.0,0.0
2023-06-23 00:00:00+05:30,9244.858501406374,9251.728353795954,9131.996640720416,9153.8818359375,309138,0.0,0.0
2023-06-26 00:00:00+05:30,9153.88245423167,9342.999880896954,9127.09021978379,9294.1259765625,405168,0.0,0.0
2023-06-27 00:00:00+05:30,9313.557498175074,9323.371573515617,9220.372661135461,9285.0966796875,339375,0.0,0.0
2023-06-28 00:00:00+05:30,9299.277665844436,9396.976588458965,9257.17490173594,9363.265625,482586,0.0,0.0
2023-06-30 00:00:00+05:30,9391.088346782572,9670.298779916613,9363.608936843195,9607.046875,845006,0.0,0.0
2023-07-03 00:00:00+05:30,9560.921273385704,9603.906732586021,9477.010927486923,9493.1552734375,398066,0.0,0.0
2023-07-04 00:00:00+05:30,9519.65290196173,9535.846125970222,9441.189179403065,9468.03125,247673,0.0,0.0
2023-07-05 00:00:00+05:30,9516.708146653942,9850.337804608676,9495.117182517984,9806.517578125,815044,0.0,0.0
2023-07-06 00:00:00+05:30,9814.026481252917,9830.072111104115,9632.711438977867,9676.08984375,652120,0.0,0.0
2023-07-07 00:00:00+05:30,9670.788676247113,9760.096751093723,9632.513787027137,9667.1083984375,457050,0.0,0.0
2023-07-10 00:00:00+05:30,9670.789194472081,9748.66349373424,9539.035241827685,9555.27734375,272008,0.0,0.0
2023-07-11 00:00:00+05:30,9613.867088508954,9771.726088689622,9555.276873840477,9716.0810546875,568772,0.0,0.0
2023-07-12 00:00:00+05:30,9711.027250282197,9765.004662992204,9622.70057493855,9652.927734375,552967,0.0,0.0
2023-07-13 00:00:00+05:30,9669.759218225194,9714.903963222481,9433.288889433248,9468.177734375,519564,0.0,0.0
2023-07-14 00:00:00+05:30,9521.566894238107,9546.445191544095,9412.679538054073,9425.0947265625,498441,0.0,0.0
2023-07-17 00:00:00+05:30,9467.637788536478,9518.670976574615,9377.34830200747,9509.396484375,444583,0.0,0.0
2023-07-18 00:00:00+05:30,9529.662916944759,9584.719492129903,9423.180207454625,9485.94140625,320985,0.0,0.0
2023-07-19 00:00:00+05:30,9471.564224546308,9486.285337733356,9348.545172042204,9428.921875,450254,0.0,0.0
2023-07-20 00:00:00+05:30,9441.140045408034,9603.072281114097,9397.418533448546,9590.8046875,466813,0.0,0.0
2023-07-21 00:00:00+05:30,9539.281135717407,9661.957076248751,9522.597207805144,9588.400390625,328483,0.0,0.0
2023-07-24 00:00:00+05:30,9588.400723450832,9632.51518487833,9500.025164505576,9514.5498046875,358506,0.0,0.0
2023-07-25 00:00:00+05:30,9445.066016492265,9593.209674007743,9437.99969063418,9577.1630859375,240998,0.0,0.0
2023-07-26 00:00:00+05:30,9580.008733244837,9627.606994123018,9544.432713516298,9574.9541015625,209861,0.0,0.0
2023-07-27 00:00:00+05:30,9588.350347618058,9644.438164180567,9511.457460792415,9572.2548828125,256672,0.0,0.0
2023-07-28 00:00:00+05:30,9557.927770647622,9568.723253292363,9368.909066975666,9490.5048828125,381151,0.0,0.0
2023-07-31 00:00:00+05:30,9490.504283845405,9654.792274541811,9427.399976413144,9638.1572265625,600060,0.0,0.0
2023-08-01 00:00:00+05:30,9578.53767334757,9708.083469749403,9470.631721708973,9536.091796875,1394528,0.0,0.0
2023-08-02 00:00:00+05:30,9534.37385406552,9611.365464053562,9343.342500997209,9474.3115234375,672815,0.0,0.0
2023-08-03 00:00:00+05:30,9509.033775075963,9569.562646659613,9426.56274010924,9454.400390625,614897,90.0,0.0
2023-08-04 00:00:00+05:30,9470.547361278821,9526.02337092648,9338.791838365632,9381.7861328125,540470,0.0,0.0
2023-08-07 00:00:00+05:30,9401.202007183689,9450.535834769093,9333.838283633795,9434.685546875,366329,0.0,0.0
2023-08-08 00:00:00+05:30,9450.6854572005,9532.958169878722,9416.06228875582,9453.2607421875,430636,0.0,0.0
2023-08-09 00:00:00+05:30,9450.734547245293,9450.78388591204,9329.380775543244,9374.5537109375,404602,0.0,0.0
2023-08-10 00:00:00+05:30,9374.553130353224,9411.108243024992,9254.635991962583,9309.666015625,523490,0.0,0.0
2023-08-11 00:00:00+05:30,9309.66655504927,9380.39885438621,9256.568475592434,9269.2978515625,498504,0.0,0.0
2023-08-14 00:00:00+05:30,9272.418506563914,9276.381078575267,9171.274242944075,9234.427734375,336864,0.0,0.0
2023-08-16 00:00:00+05:30,9246.661817142061,9349.441029004982,9167.55936009026,9331.4111328125,336363,0.0,0.0
2023-08-17 00:00:00+05:30,9326.805238866848,9386.094835899517,9262.51212070614,9287.5751953125,402798,0.0,0.0
2023-08-18 00:00:00+05:30,9262.511841635775,9381.388998961582,9249.287144853191,9367.5693359375,400745,0.0,0.0
2023-08-21 00:00:00+05:30,9367.074716432755,9380.399058966526,9325.17070882001,9350.4814453125,375347,0.0,0.0
2023-08-22 00:00:00+05:30,9332.055662220338,9419.083265412864,9321.653910408091,9403.0849609375,435930,0.0,0.0
2023-08-23 00:00:00+05:30,9429.93086916751,9549.798674101776,9357.613929000558,9511.1142578125,546842,0.0,0.0
2023-08-24 00:00:00+05:30,9571.246386493154,9571.246386493154,9465.59392292667,9484.119140625,385559,0.0,0.0
2023-08-25 00:00:00+05:30,9464.603725334624,9534.691721311956,9396.249354699488,9416.755859375,346449,0.0,0.0
2023-08-28 00:00:00+05:30,9425.918822856316,9579.517826790578,9421.01494651276,9507.89453125,325938,0.0,0.0
2023-08-29 00:00:00+05:30,9510.173444199037,9594.130444136108,9417.052995891256,9531.224609375,317224,0.0,0.0
2023-08-30 00:00:00+05:30,9569.611261071857,9726.08351446223,9520.079111687428,9704.7353515625,543634,0.0,0.0
2023-08-31 00:00:00+05:30,9678.680871342956,9970.82188154872,9678.680871342956,9910.1943359375,1581818,0.0,0.0
2023-09-01 00:00:00+05:30,9905.439899897912,10300.657139893963,9858.235371390803,10234.5810546875,1193178,0.0,0.0
2023-09-04 00:00:00+05:30,10303.67835387101,10370.002099494395,10190.051402652263,10265.4892578125,819552,0.0,0.0
2023-09-05 00:00:00+05:30,10253.15505515117,10315.268564767337,10149.929861014349,10166.0771484375,507107,0.0,0.0
2023-09-06 00:00:00+05:30,10163.997514377143,10163.997514377143,10035.36290356522,10083.6064453125,663758,0.0,0.0
2023-09-07 00:00:00+05:30,10055.027129928812,10204.515555707258,10055.027129928812,10184.5537109375,445805,0.0,0.0
2023-09-08 00:00:00+05:30,10301.696321671294,10302.686964648665,10203.622666911659,10235.3232421875,439721,0.0,0.0
2023-09-11 00:00:00+05:30,10248.201639673143,10451.28345080248,10247.210996692025,10435.2841796875,598050,0.0,0.0
2023-09-12 00:00:00+05:30,10445.339746809268,10469.511822874612,10307.640370405012,10405.3173828125,568773,0.0,0.0
2023-09-13 00:00:00+05:30,10401.752085500824,10437.811879700505,10342.313502155106,10375.4013671875,301707,0.0,0.0
2023-09-14 00:00:00+05:30,10367.128261716438,10481.0028672611,10333.446399950191,10390.0126953125,501196,0.0,0.0
2023-09-15 00:00:00+05:30,10391.151814335512,10451.284040165316,10379.363742650323,10426.765625,544616,0.0,0.0
2023-09-18 00:00:00+05:30,10401.80104614925,10524.245103846519,10395.857188030688,10423.64453125,430213,0.0,0.0
2023-09-20 00:00:00+05:30,10395.857068523263,10395.857068523263,10240.821437713013,10249.935546875,545106,0.0,0.0
2023-09-21 00:00:00+05:30,10246.270592755012,10248.202540222917,10110.998475281316,10188.0703125,577252,0.0,0.0
2023-09-22 00:00:00+05:30,10280.893303982186,10467.87717477874,10211.994275141853,10436.5732421875,986206,0.0,0.0
2023-09-25 00:00:00+05:30,10436.57353271914,10619.693513849485,10431.471334033122,10489.126953125,756801,0.0,0.0
2023-09-26 00:00:00+05:30,10532.417957897247,10534.448582612265,10428.053134823704,10457.8720703125,452503,0.0,0.0
2023-09-27 00:00:00+05:30,10451.283970651055,10605.824283392436,10426.517894891218,10580.810546875,458359,0.0,0.0
2023-09-28 00:00:00+05:30,10550.843877640998,10604.833924242701,10433.502014064803,10466.490234375,598144,0.0,0.0
2023-09-29 00:00:00+05:30,10442.368039256145,10605.328815506751,10412.202765912027,10511.31640625,481725,0.0,0.0
2023-10-03 00:00:00+05:30,10609.588743324872,10609.588743324872,10206.892343502914,10250.0849609375,623006,0.0,0.0
2023-10-04 00:00:00+05:30,10187.673778881159,10187.673778881159,9995.587717148595,10035.064453125,407793,0.0,0.0
2023-10-05 00:00:00+05:30,10086.677931052533,10174.845160182856,10014.410328971418,10114.6142578125,377196,0.0,0.0
2023-10-06 00:00:00+05:30,10186.781765025335,10236.26457536948,10163.996976481565,10205.6533203125,335700,0.0,0.0
2023-10-09 00:00:00+05:30,10154.09099033189,10237.701648480748,10088.65921211818,10148.939453125,230083,0.0,0.0
2023-10-10 00:00:00+05:30,10193.716245293674,10319.527903520331,10174.002063058324,10277.9208984375,348342,0.0,0.0
2023-10-11 00:00:00+05:30,10253.1059447284,10342.31315542408,10243.298191835223,10314.673828125,193526,0.0,0.0
2023-10-12 00:00:00+05:30,10362.126375262325,10525.136496791638,10322.698975082341,10481.8955078125,569237,0.0,0.0
2023-10-13 00:00:00+05:30,10435.483417887832,10644.509105254008,10431.273184848465,10627.1728515625,625954,0.0,0.0
2023-10-16 00:00:00+05:30,10629.549948215374,10709.69238568301,10565.207492504613,10604.337890625,304196,0.0,0.0
2023-10-17 00:00:00+05:30,10629.59989622865,10696.814640009792,10466.44079287333,10650.205078125,474718,0.0,0.0
2023-10-18 00:00:00+05:30,10654.36572703755,10708.702109953998,10610.826772631775,10687.5029296875,267435,0.0,0.0
2023-10-19 00:00:00+05:30,10599.879884546284,10697.656540143833,10599.879884546284,10670.9091796875,286284,0.0,0.0
2023-10-20 00:00:00+05:30,10662.389823905602,10697.954296368609,10595.621062794142,10625.291015625,232512,0.0,0.0
2023-10-23 00:00:00+05:30,10581.058395819427,10624.300351835105,10431.917278426145,10454.900390625,227925,0.0,0.0
2023-10-25 00:00:00+05:30,10421.564149050511,10547.82179032981,10403.335931249558,10489.76953125,401105,0.0,0.0
2023-10-26 00:00:00+05:30,10440.387273861685,10494.872642498405,10295.258064674787,10326.6123046875,506129,0.0,0.0
2023-10-27 00:00:00+05:30,10342.362323394533,10743.523402240231,10342.312984729184,10461.8837890625,1116713,0.0,0.0
2023-10-30 00:00:00+05:30,10599.880372810056,10599.880372810056,10149.137796209254,10300.4091796875,991168,0.0,0.0
2023-10-31 00:00:00+05:30,10391.84558973812,10391.84558973812,10224.426914364836,10295.0595703125,439996,0.0,0.0
2023-11-01 00:00:00+05:30,10292.879330377647,10324.679550771201,10093.315074235032,10132.048828125,699116,0.0,0.0
2023-11-02 00:00:00+05:30,10194.014093902835,10248.202462807389,10105.549862068456,10207.189453125,569194,0.0,0.0
2023-11-03 00:00:00+05:30,10221.454538093996,10272.967974417013,10145.175026615683,10180.14453125,517582,0.0,0.0
2023-11-06 00:00:00+05:30,10242.208624494962,10242.208624494962,10156.072022276396,10188.6142578125,490459,0.0,0.0
2023-11-07 00:00:00+05:30,10203.623576213413,10229.380295920359,10140.073436581903,10157.3603515625,264935,0.0,0.0
2023-11-08 00:00:00+05:30,10223.43558181217,10243.694424294032,10164.591001667872,10225.7138671875,287006,0.0,0.0
2023-11-09 00:00:00+05:30,10253.106349833195,10351.823350475779,10220.216806700082,10303.0341796875,310536,0.0,0.0
2023-11-10 00:00:00+05:30,10277.921116970641,10318.934124108522,10223.435752013207,10291.591796875,206395,0.0,0.0
2023-11-13 00:00:00+05:30,10331.41582783635,10331.41582783635,10266.677694876355,10301.1025390625,261891,0.0,0.0
2023-11-15 00:00:00+05:30,10398.77991630705,10398.77991630705,10277.970804960441,10358.212890625,436538,0.0,0.0
2023-11-16 00:00:00+05:30,10381.938590896085,10445.04274318258,10311.801260312777,10386.396484375,488715,0.0,0.0
2023-11-17 00:00:00+05:30,10401.752114686773,10507.552599854043,10400.910455056957,10425.0322265625,403772,0.0,0.0
2023-11-20 00:00:00+05:30,10401.751735700343,10494.2278748759,10401.751735700343,10467.3818359375,234246,0.0,0.0
2023-11-21 00:00:00+05:30,10519.638272787322,10519.638272787322,10401.751752920885,10436.5732421875,312242,0.0,0.0
2023-11-22 00:00:00+05:30,10451.283888149159,10452.522191927375,10322.500295214619,10396.3525390625,378891,0.0,0.0
2023-11-23 00:00:00+05:30,10389.665731397046,10426.51784543786,10296.792947738159,10390.359375,453820,0.0,0.0
2023-11-24 00:00:00+05:30,10407.646428412336,10467.629670935044,10364.107473366055,10417.255859375,380306,0.0,0.0
2023-11-28 00:00:00+05:30,10441.328125538037,10457.624396754138,10407.695601416473,10438.9501953125,268026,0.0,0.0
2023-11-29 00:00:00+05:30,10471.09693326621,10535.042748016087,10427.211640077225,10500.0732421875,343341,0.0,0.0
2023-11-30 00:00:00+05:30,10481.993565772638,10549.357289661924,10447.41973815954,10509.4345703125,665660,0.0,0.0
2023-12-01 00:00:00+05:30,10508.74153728723,10658.3286387324,10434.492646760433,10486.650390625,591519,0.0,0.0
2023-12-04 00:00:00+05:30,10594.92723264593,10595.025909979246,10327.453613869455,10500.271484375,625235,0.0,0.0
2023-12-05 00:00:00+05:30,10551.2405148806,10669.225715911121,10464.559247457923,10621.576171875,580996,0.0,0.0
2023-12-06 00:00:00+05:30,10621.575909791485,10648.372610317125,10490.9097069251,10526.3251953125,464163,0.0,0.0
2023-12-07 00:00:00+05:30,10689.038642901682,10830.551617390356,10535.488968235346,10596.5625,704413,0.0,0.0
2023-12-08 00:00:00+05:30,10629.599742306797,10647.431316897804,10452.274639429545,10519.1923828125,548373,0.0,0.0
2023-12-11 00:00:00+05:30,10530.535576917375,10538.460721283824,10401.801319629922,10443.111328125,579749,0.0,0.0
2023-12-12 00:00:00+05:30,10520.628746627079,10524.591318659708,10204.712304355895,10241.6640625,1088687,0.0,0.0
2023-12-13 00:00:00+05:30,10263.061629171269,10315.467031602891,10163.997327731391,10282.923828125,603469,0.0,0.0
2023-12-14 00:00:00+05:30,10342.312813340757,10396.798177778855,10215.807510060433,10256.3251953125,635475,0.0,0.0
2023-12-15 00:00:00+05:30,10361.134982912245,10378.718895900744,9740.5958299708,10190.150390625,1244681,0.0,0.0
2023-12-18 00:00:00+05:30,10198.669631797049,10254.046962178087,10130.513587237556,10223.0390625,652498,0.0,0.0
2023-12-19 00:00:00+05:30,10223.039047429977,10279.902342219439,10110.70071243649,10137.84375,585734,0.0,0.0
2023-12-20 00:00:00+05:30,10144.184500929945,10212.58820781502,9896.52374651271,9986.919921875,964051,0.0,0.0
2023-12-21 00:00:00+05:30,9906.429804358813,10004.751120167073,9807.365506315226,9919.1591796875,739806,0.0,0.0
2023-12-22 00:00:00+05:30,9955.96245857293,10221.751790225786,9936.149597958854,10121.548828125,652545,0.0,0.0
2023-12-26 00:00:00+05:30,10173.90354664659,10184.99894166246,10020.056883189563,10174.5478515625,395273,0.0,0.0
2023-12-27 00:00:00+05:30,10189.75386125893,10208.922416269892,10134.27785345896,10192.23046875,397675,0.0,0.0
2023-12-28 00:00:00+05:30,10214.47066386759,10214.47066386759,10091.680270177612,10175.48828125,584234,0.0,0.0
2023-12-29 00:00:00+05:30,10184.256669252884,10299.369586644323,10176.876184949466,10205.951171875,705227,0.0,0.0
2024-01-01 00:00:00+05:30,10248.20196894635,10248.20196894635,10119.072039178514,10187.0791015625,411724,0.0,0.0
2024-01-02 00:00:00+05:30,10187.079396854353,10198.373114499256,10056.06685459434,10102.330078125,776837,0.0,0.0
2024-01-03 00:00:00+05:30,10104.559284477931,10114.465715148988,9970.822470418665,9983.3544921875,521046,0.0,0.0
2024-01-04 00:00:00+05:30,10005.494571927891,10025.307432466361,9892.115284011525,9921.5869140625,711733,0.0,0.0
2024-01-05 00:00:00+05:30,9916.981287944147,9980.728781579128,9876.711260778551,9923.271484375,673131,0.0,0.0
2024-01-08 00:00:00+05:30,9911.383199575157,10034.173592719024,9819.154723388612,9853.62890625,600153,0.0,0.0
2024-01-09 00:00:00+05:30,9881.664500337954,9948.681890159814,9797.459840435326,9930.3046875,666469,0.0,0.0
2024-01-10 00:00:00+05:30,9955.913217104919,9956.70553805225,9856.898251734436,9916.53515625,481699,0.0,0.0
2024-01-11 00:00:00+05:30,9931.29478329324,10029.368440599008,9906.43003088564,9917.42578125,1024815,0.0,0.0
2024-01-12 00:00:00+05:30,9931.196622068814,9950.960144492466,9842.980051544286,9872.40234375,850190,0.0,0.0
2024-01-15 00:00:00+05:30,9891.669343611557,10004.305649741076,9854.916874124914,9992.517578125,463380,0.0,0.0
2024-01-16 00:00:00+05:30,9992.467320250704,10144.184688177116,9965.868941705254,10088.2626953125,536823,0.0,0.0
2024-01-17 00:00:00+05:30,10029.269780133784,10066.715892228538,9902.913458362318,9957.646484375,610250,0.0,0.0
2024-01-18 00:00:00+05:30,9852.984882490997,9955.962418604213,9646.535456176032,9831.63671875,614860,0.0,0.0
2024-01-19 00:00:00+05:30,9866.804189868179,9957.59700695872,9855.95645563231,9943.77734375,377018,0.0,0.0
2024-01-23 00:00:00+05:30,9769.721826690651,9879.683206001406,9740.101212320782,9768.1865234375,956269,0.0,0.0
2024-01-24 00:00:00+05:30,9767.740577089156,9906.430605567095,9663.723055730701,9894.7412109375,459092,0.0,0.0
2024-01-25 00:00:00+05:30,9894.741073413146,9906.232145785947,9724.696807462042,9788.5439453125,718817,0.0,0.0
2024-01-29 00:00:00+05:30,9838.224890400325,9941.102781845404,9782.649236097739,9897.9111328125,446516,0.0,0.0
2024-01-30 00:00:00+05:30,9917.178497195593,9939.61694903778,9838.571358884607,9858.533203125,399869,0.0,0.0
2024-01-31 00:00:00+05:30,9866.11109354822,10139.825573645458,9820.244514008014,10091.58203125,997024,0.0,0.0
2024-02-01 00:00:00+05:30,10114.465257924143,10599.682016773286,10108.521399790201,10538.4111328125,1869594,0.0,0.0
2024-02-02 00:00:00+05:30,10498.834436895511,10611.371093899108,10441.773787484492,10555.7470703125,814940,0.0,0.0
2024-02-05 00:00:00+05:30,10502.796946108821,10659.269199359662,10302.687062774168,10330.9697265625,365105,0.0,0.0
2024-02-06 00:00:00+05:30,10401.702789133144,10755.164039381452,10360.145119289957,10743.375,829040,0.0,0.0
2024-02-07 00:00:00+05:30,10758.3831303669,10870.821112438412,10685.867868268413,10833.375,560808,0.0,0.0
2024-02-08 00:00:00+05:30,10848.531903276515,10848.531903276515,10589.924731831308,10643.3701171875,557082,0.0,0.0
2024-02-09 00:00:00+05:30,10611.02534869402,10669.22562776843,10511.81206045936,10632.4228515625,645489,0.0,0.0
2024-02-12 00:00:00+05:30,10599.88080315259,10648.372974704322,10550.397988535142,10609.490234375,190655,0.0,0.0
2024-02-13 00:00:00+05:30,10629.599618874196,10728.663921007226,10540.590730377598,10693.49609375,397979,0.0,0.0
2024-02-14 00:00:00+05:30,10604.833366850795,10946.60520352184,10603.248725012969,10924.76171875,354676,0.0,0.0
2024-02-15 00:00:00+05:30,10936.698704943532,11028.828503816698,10877.26012502536,10986.478515625,447248,0.0,0.0
2024-02-16 00:00:00+05:30,11015.95023653777,11372.581719015612,10994.156090386346,11273.9140625,716486,0.0,0.0
2024-02-19 00:00:00+05:30,11273.914463379822,11504.386986671423,11227.006934881085,11375.900390625,581383,0.0,0.0
2024-02-20 00:00:00+05:30,11332.95586232256,11372.532243456102,11209.96714752857,11339.345703125,355044,0.0,0.0
2024-02-21 00:00:00+05:30,11348.806030135345,11413.197824126162,11263.610733470574,11358.5634765625,348461,0.0,0.0
2024-02-22 00:00:00+05:30,11392.394501501853,11585.569886527319,11284.662075237651,11548.7177734375,584406,0.0,0.0
2024-02-23 00:00:00+05:30,11595.427107210933,11610.336091044248,11367.826875392042,11427.6611328125,472884,0.0,0.0
2024-02-26 00:00:00+05:30,11397.34755848304,11426.026866424154,11309.626315522653,11359.703125,277700,0.0,0.0
2024-02-27 00:00:00+05:30,11308.190100661766,11454.706590644213,11277.727827723058,11393.0390625,307585,0.0,0.0
2024-02-28 00:00:00+05:30,11363.666164089436,11391.354830182398,11025.856891841639,11048.443359375,358812,0.0,0.0
2024-02-29 00:00:00+05:30,11050.622751263703,11242.807494763942,11025.361354566507,11182.724609375,943841,0.0,0.0
2024-03-01 00:00:00+05:30,11189.312613357493,11565.75695094721,11189.312613357493,11512.212890625,487355,0.0,0.0
2024-03-04 00:00:00+05:30,11491.458937149238,11568.03544847821,11436.131911908838,11485.6640625,369936,0.0,0.0
2024-03-05 00:00:00+05:30,11487.546191319125,11620.243021869692,11453.61666672415,11561.3984375,320702,0.0,0.0
2024-03-06 00:00:00+05:30,11561.398276123698,11569.720064629973,11410.62317936945,11458.8173828125,639542,0.0,0.0
2024-03-07 00:00:00+05:30,11462.779810618953,11524.645661175344,11314.283001241885,11402.3505859375,255325,0.0,0.0
2024-03-11 00:00:00+05:30,11407.403360667087,11447.772063738967,11243.847617582318,11288.921875,525344,0.0,0.0
2024-03-12 00:00:00+05:30,11293.330096762824,11467.58458583981,11274.507879934885,11402.2021484375,283816,0.0,0.0
2024-03-13 00:00:00+05:30,11402.301423910496,11446.731377415133,11162.169163338827,11283.5732421875,385204,0.0,0.0
2024-03-14 00:00:00+05:30,11295.063773182936,11352.768727666931,11196.296473053264,11297.88671875,523058,0.0,0.0
2024-03-15 00:00:00+05:30,11273.517636437433,11413.247641776676,11208.184535384537,11369.263671875,972333,0.0,0.0
2024-03-18 00:00:00+05:30,11329.637650853456,11556.247237062124,11259.945335361286,11527.4189453125,311049,0.0,0.0
2024-03-19 00:00:00+05:30,11434.100106841688,11570.660823933049,11348.95511550111,11488.5361328125,409259,0.0,0.0
2024-03-20 00:00:00+05:30,11542.130523504575,11912.482020386762,11542.130523504575,11829.4169921875,1031037,0.0,0.0
2024-03-21 00:00:00+05:30,11886.726097688148,11887.716740749876,11714.700543048933,11796.7265625,544311,0.0,0.0
2024-03-22 00:00:00+05:30,11778.795091826938,12311.018065408532,11778.795091826938,12222.2568359375,1062263,0.0,0.0
2024-03-26 00:00:00+05:30,12170.594381328041,12206.60483621221,12027.59544577076,12135.921875,507568,0.0,0.0
2024-03-27 00:00:00+05:30,12175.003204378125,12603.654649818705,12170.743632706155,12393.291015625,878986,0.0,0.0
2024-03-28 00:00:00+05:30,12452.333275191215,12607.715244067227,12269.608978832279,12482.4482421875,860324,0.0,0.0
2024-04-01 00:00:00+05:30,12495.326960984074,12570.269493686326,12389.130801381258,12451.986328125,314676,0.0,0.0
2024-04-02 00:00:00+05:30,12506.8186886874,12529.652816630592,12345.640877139042,12434.9970703125,333508,0.0,0.0
2024-04-03 00:00:00+05:30,12333.505629917938,12408.29917811543,12296.40585524097,12311.5625,271935,0.0,0.0
2024-04-04 00:00:00+05:30,12373.131031612425,12530.643268123744,12202.789774805948,12449.658203125,491166,0.0,0.0
2024-04-05 00:00:00+05:30,12375.11275014116,12440.396512890336,12268.618624249375,12305.37109375,231600,0.0,0.0
2024-04-08 00:00:00+05:30,12333.505186254419,12806.68619589216,12333.505186254419,12744.720703125,570422,0.0,0.0
2024-04-09 00:00:00+05:30,12744.721114461574,12864.193242986257,12660.417780529853,12767.4072265625,314466,0.0,0.0
2024-04-10 00:00:00+05:30,12811.986547919418,12836.752624135144,12482.994378439655,12564.078125,464239,0.0,0.0
2024-04-12 00:00:00+05:30,12541.541167238427,12541.541167238427,12110.611435188765,12151.7724609375,973366,0.0,0.0
2024-04-15 00:00:00+05:30,12085.349641278144,12392.944302011525,11920.358238160392,12306.609375,831257,0.0,0.0
2024-04-16 00:00:00+05:30,12192.834497860424,12432.47143545048,12160.48961573651,12385.712890625,579183,0.0,0.0
2024-04-18 00:00:00+05:30,12452.382857372279,12484.0834342566,12204.771439129938,12288.9267578125,679117,0.0,0.0
2024-04-19 00:00:00+05:30,12283.87436418552,12640.010518090714,12110.610518751018,12592.013671875,635535,0.0,0.0
2024-04-22 00:00:00+05:30,12663.538586832716,12758.640315842142,12540.549870107372,12665.8662109375,342212,0.0,0.0
2024-04-23 00:00:00+05:30,12724.809772350196,12902.630196961863,12656.752402426113,12874.64453125,397281,0.0,0.0
2024-04-24 00:00:00+05:30,12878.359287760943,12951.617532732826,12779.294985547398,12822.9326171875,296364,0.0,0.0
2024-04-25 00:00:00+05:30,12842.696647985587,12859.240580595935,12621.138940333602,12801.5849609375,640725,0.0,0.0
2024-04-26 00:00:00+05:30,12801.08885405624,12922.937943132923,12541.540387892896,12584.484375,704626,0.0,0.0
2024-04-29 00:00:00+05:30,12680.280385781214,12873.208119876948,12485.074366154175,12571.111328125,613937,0.0,0.0
2024-04-30 00:00:00+05:30,12666.3621265177,12874.39716848303,12620.99086799309,12697.5673828125,528776,0.0,0.0
2024-05-02 00:00:00+05:30,12630.698568972715,12723.96799674804,12397.69913600364,12685.5302734375,814923,0.0,0.0
2024-05-03 00:00:00+05:30,12698.013024558106,12709.950079589042,12295.267294047988,12375.26171875,834990,0.0,0.0
2024-05-06 00:00:00+05:30,12432.569646995964,12528.068019142811,12256.73051453845,12322.9052734375,342231,0.0,0.0
2024-05-07 00:00:00+05:30,12355.696124367605,12391.457949651945,12124.479661493397,12248.359375,604375,0.0,0.0
2024-05-08 00:00:00+05:30,12276.047935804905,12442.426619510847,12209.674855454765,12426.1796875,399669,0.0,0.0
2024-05-09 00:00:00+05:30,12422.663374766356,12620.593655147288,12320.379483742065,12387.64453125,504590,0.0,0.0
2024-05-10 00:00:00+05:30,12387.99087414266,12578.144993920443,12384.028302091756,12556.8955078125,328670,0.0,0.0
2024-05-13 00:00:00+05:30,12541.540723231938,12589.48823271407,12360.797709450473,12555.2607421875,281421,0.0,0.0
2024-05-14 00:00:00+05:30,12555.26052466139,12719.856247734198,12533.021363027905,12694.2978515625,331037,0.0,0.0
2024-05-15 00:00:00+05:30,12700.043996675773,12751.95407985678,12581.166829780212,12647.8369140625,232030,0.0,0.0
2024-05-16 00:00:00+05:30,12727.781351400896,12727.781351400896,12184.908983673024,12380.7099609375,914201,0.0,0.0
2024-05-17 00:00:00+05:30,12398.046507282526,12547.385944096079,12207.00041843961,12523.2138671875,809226,0.0,0.0
2024-05-21 00:00:00+05:30,12482.251543279684,12560.26468427875,12325.382634225372,12356.587890625,443136,0.0,0.0
2024-05-22 00:00:00+05:30,12311.512861009152,12445.44798786668,12247.41806553303,12414.09375,280015,0.0,0.0
2024-05-23 00:00:00+05:30,12448.469872141139,12853.692217190104,12356.340068734084,12813.869140625,768732,0.0,0.0
2024-05-24 00:00:00+05:30,12744.622869129907,12912.041544985559,12691.12814430029,12878.8056640625,624801,0.0,0.0
2024-05-27 00:00:00+05:30,12901.590433088246,12936.312278532907,12657.44625974001,12785.337890625,464953,0.0,0.0
2024-05-28 00:00:00+05:30,12769.388548713776,12864.440940123417,12680.478337523158,12698.65625,333806,0.0,0.0
2024-05-29 00:00:00+05:30,12698.062290492257,12729.812205948645,12630.698564813252,12668.9873046875,353706,0.0,0.0
2024-05-30 00:00:00+05:30,12601.970188410363,12690.137419506073,12432.570227541079,12480.12109375,524559,0.0,0.0
2024-05-31 00:00:00+05:30,12480.121242512827,12515.140087637092,12214.628903015015,12283.2802734375,908304,0.0,0.0
2024-06-03 00:00:00+05:30,12704.996558668421,12704.996558668421,12286.499227077456,12359.4111328125,485936,0.0,0.0
2024-06-04 00:00:00+05:30,12478.733882686445,12479.328848972598,11453.27030779509,12062.119140625,825928,0.0,0.0
2024-06-05 00:00:00+05:30,12066.032223610997,12496.069980177144,12011.645533761235,12385.61328125,447581,0.0,0.0
2024-06-06 00:00:00+05:30,12394.47923513948,12571.259672002603,12351.33692596757,12554.9140625,447536,0.0,0.0
2024-06-07 00:00:00+05:30,12464.61705634349,12707.968905874073,12464.61705634349,12691.029296875,532480,0.0,0.0
2024-06-10 00:00:00+05:30,12645.706945316837,12799.10762770842,12509.741192847567,12598.5517578125,293471,0.0,0.0
2024-06-11 00:00:00+05:30,12624.259013368734,12818.474379154848,12536.785430349557,12743.28515625,358807,0.0,0.0
2024-06-12 00:00:00+05:30,12743.285132812176,12830.411410167795,12682.21160528097,12729.1181640625,302719,0.0,0.0
2024-06-13 00:00:00+05:30,12818.920383721264,12818.920383721264,12620.395140113187,12726.6416015625,297240,0.0,0.0
2024-06-14 00:00:00+05:30,12711.43580974928,12774.34164101757,12659.228729526694,12725.0078125,216967,0.0,0.0
2024-06-18 00:00:00+05:30,12757.897797354757,12759.482439259258,12424.694428200712,12443.41796875,823306,0.0,0.0
2024-06-19 00:00:00+05:30,12492.008742883445,12506.868388493536,12085.845096207615,12127.55078125,694871,0.0,0.0
2024-06-20 00:00:00+05:30,12131.414434332431,12190.357694077882,12021.453059008987,12035.8173828125,907751,0.0,0.0
2024-06-21 00:00:00+05:30,12105.657950930725,12250.539495556226,11970.435175946925,12087.3310546875,947800,0.0,0.0
2024-06-24 00:00:00+05:30,12067.022460439817,12174.01190512642,11928.332439549778,12069.400390625,550862,0.0,0.0
2024-06-25 00:00:00+05:30,12087.23190987263,12123.290734685474,11959.091657127068,12003.224609375,594272,0.0,0.0
2024-06-26 00:00:00+05:30,12003.621582021242,12208.535705593613,11954.783074178022,12084.111328125,447931,0.0,0.0
2024-06-27 00:00:00+05:30,12085.845109950733,12112.889471506884,11897.622932008879,12064.7939453125,1230852,0.0,0.0
2024-06-28 00:00:00+05:30,12070.935763011255,12087.330711375513,11891.82769991984,11921.2490234375,1160395,0.0,0.0
2024-07-01 00:00:00+05:30,11932.294796188611,12145.283038710864,11893.21373680829,11995.349609375,1134926,0.0,0.0
2024-07-02 00:00:00+05:30,12036.263098579684,12036.263098579684,11882.762772407392,11929.9169921875,687181,0.0,0.0
2024-07-03 00:00:00+05:30,12001.640511613003,12036.313018249937,11848.090839363724,12010.2099609375,467532,0.0,0.0
2024-07-04 00:00:00+05:30,12021.453119408712,12095.751346351904,11958.84428668628,11976.4775390625,299684,0.0,0.0
2024-07-05 00:00:00+05:30,11956.220106319108,12023.88083401181,11909.412221609808,11990.79296875,406926,0.0,0.0
2024-07-08 00:00:00+05:30,11990.742810322732,11998.667954281967,11854.034077025926,11911.0947265625,496933,0.0,0.0
2024-07-09 00:00:00+05:30,12209.675426980111,12838.684416599848,12149.295540409996,12707.671875,2114130,0.0,0.0
2024-07-10 00:00:00+05:30,12828.876634096714,13175.55235746861,12613.511418873897,12653.28515625,2070520,0.0,0.0
2024-07-11 00:00:00+05:30,12680.230945906662,12802.872361101634,12576.262765095684,12596.224609375,608983,0.0,0.0
2024-07-12 00:00:00+05:30,12501.915099502488,12551.348573910234,12358.271859452736,12444.953125,674746,0.0,0.0
2024-07-15 00:00:00+05:30,12482.10167211113,12649.02501590087,12472.195242212629,12525.640625,697186,0.0,0.0
2024-07-16 00:00:00+05:30,12524.700138585646,12678.249812039792,12464.023251494893,12521.2822265625,347810,0.0,0.0
2024-07-18 00:00:00+05:30,12514.792846298518,12561.353066655998,12346.383538622531,12525.7392578125,391216,0.0,0.0
2024-07-19 00:00:00+05:30,12531.634374364274,12591.07295637707,12379.521330048163,12407.1103515625,351955,0.0,0.0
2024-07-22 00:00:00+05:30,12383.03749660091,12540.500394892648,12284.022535293128,12522.9658203125,249631,0.0,0.0
2024-07-23 00:00:00+05:30,12600.979057847086,12615.789364297048,12244.347575077827,12510.8798828125,332258,0.0,0.0
2024-07-24 00:00:00+05:30,12515.784091804891,12544.711061883234,12341.629239909196,12370.4072265625,285860,0.0,0.0
2024-07-25 00:00:00+05:30,12272.135550214918,12407.804310592961,12272.135550214918,12392.15234375,396789,0.0,0.0
2024-07-26 00:00:00+05:30,12353.318310540808,12623.862529072783,12273.274548974312,12545.2060546875,537693,0.0,0.0
2024-07-29 00:00:00+05:30,12590.081732788762,12654.176527588648,12485.073576074967,12632.2333984375,388263,0.0,0.0
2024-07-30 00:00:00+05:30,12640.60541236953,12847.451489268788,12590.974582163948,12753.1923828125,526539,0.0,0.0
2024-07-31 00:00:00+05:30,12858.546070128472,13249.850053002183,12774.49039900514,12993.0751953125,836405,0.0,0.0
2024-08-01 00:00:00+05:30,13267.682329621035,13551.99688413468,12989.311633389905,13234.0498046875,2040384,0.0,0.0
2024-08-02 00:00:00+05:30,13126.0,13174.900390625,12673.0498046875,12726.400390625,1333355,125.0,0.0
2024-08-05 00:00:00+05:30,12490.0,12490.0,12027.650390625,12200.849609375,1131415,0.0,0.0
2024-08-06 00:00:00+05:30,12390.0,12554.900390625,12110.0,12131.099609375,623565,0.0,0.0
2024-08-07 00:00:00+05:30,12399.0,12450.0,12265.900390625,12371.5,433514,0.0,0.0
2024-08-08 00:00:00+05:30,12371.0,12392.7001953125,12152.150390625,12218.849609375,358577,0.0,0.0
2024-08-09 00:00:00+05:30,12390.0,12390.0,12195.099609375,12224.2001953125,320211,0.0,0.0
2024-08-12 00:00:00+05:30,12200.0,12370.0,12100.0,12273.25,291212,0.0,0.0
2024-08-13 00:00:00+05:30,12337.0,12340.0498046875,12122.0,12176.25,464483,0.0,0.0
2024-08-14 00:00:00+05:30,12239.0,12239.0,12130.0,12205.650390625,449827,0.0,0.0
2024-08-16 00:00:00+05:30,12314.9501953125,12343.9501953125,12111.0,12213.2998046875,552732,0.0,0.0
2024-08-19 00:00:00+05:30,12195.0,12244.0498046875,12126.7998046875,12149.7998046875,277319,0.0,0.0
2024-08-20 00:00:00+05:30,12160.5,12310.0,12150.099609375,12214.9501953125,471927,0.0,0.0
2024-08-21 00:00:00+05:30,12214.9501953125,12248.9501953125,12177.0498046875,12220.9501953125,295984,0.0,0.0
2024-08-22 00:00:00+05:30,12280.0,12325.0,12181.0,12276.349609375,501316,0.0,0.0
2024-08-23 00:00:00+05:30,12300.0,12375.0498046875,12254.400390625,12302.2998046875,440809,0.0,0.0
2024-08-26 00:00:00+05:30,12325.0,12334.5,12222.0,12243.7998046875,232805,0.0,0.0
2024-08-27 00:00:00+05:30,12245.0,12530.0,12225.099609375,12496.900390625,477609,0.0,0.0
2024-08-28 00:00:00+05:30,12500.0,12519.9501953125,12330.0,12357.5,313227,0.0,0.0
2024-08-29 00:00:00+05:30,12343.0,12480.0,12250.0,12453.7998046875,608598,0.0,0.0
2024-08-30 00:00:00+05:30,12460.0,12570.0,12316.2001953125,12403.0,2271179,0.0,0.0
2024-09-02 00:00:00+05:30,12373.0,12525.0,12350.400390625,12427.400390625,331514,0.0,0.0
2024-09-03 00:00:00+05:30,12474.0,12474.2998046875,12359.900390625,12397.099609375,445514,0.0,0.0
2024-09-04 00:00:00+05:30,12325.0498046875,12398.0,12234.099609375,12336.25,735076,0.0,0.0
2024-09-05 00:00:00+05:30,12337.0,12370.0,12230.0,12298.599609375,595865,0.0,0.0
2024-09-06 00:00:00+05:30,12250.0,12304.849609375,12094.7001953125,12186.150390625,733354,0.0,0.0
2024-09-09 00:00:00+05:30,12197.5,12219.849609375,12102.0,12145.75,415790,0.0,0.0
2024-09-10 00:00:00+05:30,12150.099609375,12288.0498046875,12098.0,12263.400390625,285122,0.0,0.0
2024-09-11 00:00:00+05:30,12260.0,12334.0,12165.0,12242.599609375,349799,0.0,0.0
2024-09-12 00:00:00+05:30,12262.099609375,12427.0,12151.349609375,12400.849609375,547830,0.0,0.0
2024-09-13 00:00:00+05:30,12365.0,12395.0,12291.0498046875,12316.0498046875,361093,0.0,0.0
2024-09-16 00:00:00+05:30,12321.9501953125,12364.0,12256.0,12289.0,170114,0.0,0.0
2024-09-17 00:00:00+05:30,12285.0,12285.0,12151.650390625,12245.75,568161,0.0,0.0
2024-09-18 00:00:00+05:30,12240.0498046875,12337.9501953125,12170.0,12204.099609375,182282,0.0,0.0
2024-09-19 00:00:00+05:30,12259.9501953125,12410.0,12206.400390625,12351.5,465608,0.0,0.0
2024-09-20 00:00:00+05:30,12360.400390625,12705.150390625,12360.0498046875,12614.5,875654,0.0,0.0
2024-09-23 00:00:00+05:30,12625.0,12749.0,12625.0,12683.099609375,235586,0.0,0.0
2024-09-24 00:00:00+05:30,12583.099609375,12778.9501953125,12583.099609375,12738.599609375,425916,0.0,0.0
2024-09-25 00:00:00+05:30,12727.25,12816.2001953125,12611.0,12785.2998046875,341172,0.0,0.0
2024-09-26 00:00:00+05:30,12835.0,13411.0,12830.0,13383.7998046875,1471069,0.0,0.0
2024-09-27 00:00:00+05:30,13383.0,13541.650390625,13274.4501953125,13495.599609375,865698,0.0,0.0
2024-09-30 00:00:00+05:30,13343.5498046875,13500.0,13208.7001953125,13238.0,415743,0.0,0.0
2024-10-01 00:00:00+05:30,13238.0,13300.4501953125,13000.0498046875,13166.0,388888,0.0,0.0
2024-10-03 00:00:00+05:30,12941.0498046875,13148.0,12592.2998046875,12647.349609375,863520,0.0,0.0
2024-10-04 00:00:00+05:30,12689.900390625,12877.849609375,12512.5,12605.75,679362,0.0,0.0
2024-10-07 00:00:00+05:30,12626.0498046875,12648.0,12378.0,12527.5,465500,0.0,0.0
2024-10-08 00:00:00+05:30,12502.25,12630.099609375,12462.0498046875,12531.9501953125,387060,0.0,0.0
2024-10-09 00:00:00+05:30,12554.9501953125,12850.0,12540.5,12760.7001953125,465231,0.0,0.0
2024-10-10 00:00:00+05:30,12798.900390625,12965.0,12711.5,12944.099609375,492698,0.0,0.0
2024-10-11 00:00:00+05:30,12944.099609375,12980.0,12725.0,12776.650390625,274243,0.0,0.0
2024-10-14 00:00:00+05:30,12775.0,12799.0,12462.2998046875,12537.849609375,488067,0.0,0.0
2024-10-15 00:00:00+05:30,12709.0,12709.0,12355.0,12446.75,532135,0.0,0.0
2024-10-16 00:00:00+05:30,12414.0498046875,12454.9501953125,12231.0,12383.900390625,418138,0.0,0.0
2024-10-17 00:00:00+05:30,12400.0,12420.099609375,12070.0,12143.75,875937,0.0,0.0
2024-10-18 00:00:00+05:30,12070.0,12141.25,11844.4501953125,12105.099609375,506871,0.0,0.0
2024-10-21 00:00:00+05:30,12145.5498046875,12250.0,11944.5498046875,12175.900390625,375275,0.0,0.0
2024-10-22 00:00:00+05:30,12215.9501953125,12289.7998046875,11840.0,11923.2998046875,904901,0.0,0.0
2024-10-23 00:00:00+05:30,11923.2998046875,12119.900390625,11753.4501953125,11956.2001953125,412638,0.0,0.0
2024-10-24 00:00:00+05:30,11998.9501953125,11998.9501953125,11636.900390625,11763.7001953125,552495,0.0,0.0
2024-10-25 00:00:00+05:30,11763.599609375,11794.2998046875,11440.0,11502.849609375,624582,0.0,0.0
2024-10-28 00:00:00+05:30,11504.7998046875,11632.650390625,11440.0,11483.25,613830,0.0,0.0
2024-10-29 00:00:00+05:30,11450.0,11483.0,10742.4501953125,11046.0,2268683,0.0,0.0
2024-10-30 00:00:00+05:30,10979.0,11520.0,10945.0,11256.4501953125,1672966,0.0,0.0
2024-10-31 00:00:00+05:30,11225.0,11247.5498046875,11050.0,11076.4501953125,838211,0.0,0.0
2024-11-01 00:00:00+05:30,11150.0,11209.5498046875,11080.0,11110.0,65670,0.0,0.0
2024-11-04 00:00:00+05:30,11295.0,11295.0,10860.0,11052.4501953125,444462,0.0,0.0
2024-11-05 00:00:00+05:30,11042.0,11275.0,11011.900390625,11170.099609375,321159,0.0,0.0
2024-11-06 00:00:00+05:30,11219.0,11430.0,11172.599609375,11354.25,416027,0.0,0.0
2024-11-07 00:00:00+05:30,11305.150390625,11385.0,11186.599609375,11300.150390625,530194,0.0,0.0
2024-11-08 00:00:00+05:30,11260.5,11344.0,11125.599609375,11303.0,269993,0.0,0.0
2024-11-11 00:00:00+05:30,11331.5,11518.150390625,11310.0,11399.7001953125,450681,0.0,0.0
2024-11-12 00:00:00+05:30,11392.0498046875,11516.900390625,11107.25,11143.099609375,549747,0.0,0.0
2024-11-13 00:00:00+05:30,11140.0,11142.849609375,10864.2998046875,11049.599609375,507710,0.0,0.0
2024-11-14 00:00:00+05:30,11055.0,11117.7001953125,10892.099609375,11006.0498046875,431348,0.0,0.0
2024-11-18 00:00:00+05:30,10950.0,11182.9501953125,10915.0,11093.9501953125,333440,0.0,0.0
2024-11-19 00:00:00+05:30,11090.0,11195.25,10896.400390625,10959.2998046875,864067,0.0,0.0
2024-11-21 00:00:00+05:30,10921.150390625,10958.2001953125,10770.0,10861.4501953125,540201,0.0,0.0
2024-11-22 00:00:00+05:30,10905.0,11106.650390625,10827.25,11063.599609375,493678,0.0,0.0
2024-11-25 00:00:00+05:30,11202.0,11247.9501953125,10990.0498046875,11025.150390625,635726,0.0,0.0
2024-11-26 00:00:00+05:30,11025.150390625,11077.9501953125,10891.4501953125,10943.9501953125,406586,0.0,0.0
2024-11-27 00:00:00+05:30,10936.0,11116.900390625,10870.0,11058.349609375,343332,0.0,0.0
2024-11-28 00:00:00+05:30,11060.400390625,11080.599609375,10888.0,10949.849609375,607669,0.0,0.0
2024-11-29 00:00:00+05:30,10949.9501953125,11130.099609375,10920.0,11074.2001953125,338207,0.0,0.0
2024-12-02 00:00:00+05:30,11151.0,11330.0,11151.0,11239.2998046875,446880,0.0,0.0
2024-12-03 00:00:00+05:30,11250.0,11309.0,11203.0,11279.25,258644,0.0,0.0
2024-12-04 00:00:00+05:30,11281.0,11300.0,11106.0,11129.849609375,554674,0.0,0.0
2024-12-05 00:00:00+05:30,11134.9501953125,11270.0,11031.0,11182.25,545501,0.0,0.0
2024-12-06 00:00:00+05:30,11200.0,11375.9501953125,11121.0,11317.9501953125,417214,0.0,0.0
2024-12-09 00:00:00+05:30,11322.0,11368.900390625,11252.5498046875,11279.7998046875,254485,0.0,0.0
2024-12-10 00:00:00+05:30,11275.0,11314.349609375,11170.0,11198.2001953125,410569,0.0,0.0
2024-12-11 00:00:00+05:30,11229.900390625,11320.849609375,11220.599609375,11277.75,226584,0.0,0.0
2024-12-12 00:00:00+05:30,11299.349609375,11299.349609375,11078.25,11167.400390625,396561,0.0,0.0
2024-12-13 00:00:00+05:30,11137.400390625,11290.0,11033.599609375,11272.5498046875,263579,0.0,0.0
2024-12-16 00:00:00+05:30,11255.5498046875,11329.4501953125,11205.0,11277.0,223389,0.0,0.0
2024-12-17 00:00:00+05:30,11263.0,11272.4501953125,11059.7001953125,11108.5498046875,295445,0.0,0.0
2024-12-18 00:00:00+05:30,11085.0,11098.0498046875,10970.099609375,11002.4501953125,497103,0.0,0.0
2024-12-19 00:00:00+05:30,10888.0,11035.400390625,10852.4501953125,10955.349609375,435360,0.0,0.0
2024-12-20 00:00:00+05:30,10940.0,11077.0,10865.9501953125,10901.0498046875,404608,0.0,0.0
2024-12-23 00:00:00+05:30,10928.0,10989.7998046875,10755.400390625,10822.0,237165,0.0,0.0
2024-12-24 00:00:00+05:30,10822.0,10887.4501953125,10725.0,10736.599609375,151149,0.0,0.0
2024-12-26 00:00:00+05:30,10770.5,10974.7998046875,10770.0,10896.0,349811,0.0,0.0
2024-12-27 00:00:00+05:30,10929.5,11133.0,10912.599609375,10941.0498046875,257973,0.0,0.0
2024-12-30 00:00:00+05:30,10941.0498046875,10950.0,10750.099609375,10798.9501953125,335481,0.0,0.0
2024-12-31 00:00:00+05:30,10765.0,10893.7001953125,10750.599609375,10858.400390625,198997,0.0,0.0
2025-01-01 00:00:00+05:30,10858.0,11273.9501953125,10800.2001953125,11208.2998046875,383202,0.0,0.0
2025-01-02 00:00:00+05:30,11285.0,11859.150390625,11226.0,11841.2998046875,1417042,0.0,0.0
2025-01-03 00:00:00+05:30,11849.9501953125,12049.7998046875,11787.9501953125,11934.25,701315,0.0,0.0
2025-01-06 00:00:00+05:30,11929.0,11979.900390625,11690.7001953125,11755.650390625,383268,0.0,0.0
2025-01-07 00:00:00+05:30,11755.650390625,11825.9501953125,11673.7001953125,11721.2998046875,308104,0.0,0.0
2025-01-08 00:00:00+05:30,11726.0,11859.9501953125,11725.2998046875,11822.0,303100,0.0,0.0
2025-01-09 00:00:00+05:30,11822.0,11850.0,11659.650390625,11740.5498046875,266413,0.0,0.0
2025-01-10 00:00:00+05:30,11690.0,11760.0,11570.0,11631.099609375,218246,0.0,0.0
2025-01-13 00:00:00+05:30,11468.5,11654.4501953125,11468.0,11497.7001953125,253524,0.0,0.0
2025-01-14 00:00:00+05:30,11533.9501953125,11785.5498046875,11531.0,11741.150390625,627463,0.0,0.0
2025-01-15 00:00:00+05:30,11890.5498046875,12192.400390625,11861.0,11947.400390625,692822,0.0,0.0
2025-01-16 00:00:00+05:30,11981.4501953125,12134.0,11956.2001953125,12092.2998046875,551211,0.0,0.0
2025-01-17 00:00:00+05:30,12101.900390625,12189.900390625,12004.2998046875,12136.349609375,285370,0.0,0.0
2025-01-20 00:00:00+05:30,12147.0498046875,12147.0498046875,11984.0498046875,12020.0498046875,251731,0.0,0.0
2025-01-21 00:00:00+05:30,12017.0498046875,12139.7998046875,11862.0498046875,11883.7001953125,300038,0.0,0.0
2025-01-22 00:00:00+05:30,11900.0498046875,12078.849609375,11900.0498046875,12020.349609375,396590,0.0,0.0
2025-01-23 00:00:00+05:30,12005.0,12106.2998046875,11961.2998046875,12045.75,480876,0.0,0.0
2025-01-24 00:00:00+05:30,11930.0,12093.0,11914.099609375,11967.900390625,310343,0.0,0.0
2025-01-27 00:00:00+05:30,11901.900390625,12046.900390625,11811.0498046875,11993.849609375,251783,0.0,0.0
2025-01-28 00:00:00+05:30,12018.349609375,12164.7001953125,11884.9501953125,12123.75,533451,0.0,0.0
2025-01-29 00:00:00+05:30,12120.0,12320.7001953125,11885.0498046875,11977.900390625,817549,0.0,0.0
2025-01-30 00:00:00+05:30,12021.0,12110.849609375,11923.099609375,12000.0,418442,0.0,0.0
2025-01-31 00:00:00+05:30,12000.0,12390.0,12000.0,12310.650390625,709009,0.0,0.0
2025-02-01 00:00:00+05:30,12320.0,13150.0,12228.650390625,12916.5,1101170,0.0,0.0
2025-02-03 00:00:00+05:30,12990.0,13461.2001953125,12921.650390625,13139.9501953125,926127,0.0,0.0
2025-02-04 00:00:00+05:30,13250.0,13259.9501953125,12971.5,13109.9501953125,530749,0.0,0.0
2025-02-05 00:00:00+05:30,13110.0,13150.0,13003.5,13086.7998046875,271633,0.0,0.0
2025-02-06 00:00:00+05:30,13060.0,13130.0,13006.7998046875,13074.0,414134,0.0,0.0
2025-02-07 00:00:00+05:30,13060.0,13108.5,13012.0,13049.5,355223,0.0,0.0
2025-02-10 00:00:00+05:30,13050.0,13060.0,12886.650390625,12900.75,294142,0.0,0.0
2025-02-11 00:00:00+05:30,12899.9501953125,13017.25,12699.4501953125,12724.349609375,354195,0.0,0.0
2025-02-12 00:00:00+05:30,12700.0,12765.349609375,12608.0498046875,12655.5498046875,425735,0.0,0.0
2025-02-13 00:00:00+05:30,12675.0,12744.9501953125,12614.75,12671.2998046875,186742,0.0,0.0
2025-02-14 00:00:00+05:30,12700.0,12780.0,12584.099609375,12680.25,233454,0.0,0.0
2025-02-17 00:00:00+05:30,12601.599609375,12774.0,12578.099609375,12762.900390625,192210,0.0,0.0
2025-02-18 00:00:00+05:30,12764.9501953125,12884.9501953125,12735.150390625,12786.2001953125,267936,0.0,0.0
2025-02-19 00:00:00+05:30,12727.0,12769.150390625,12651.0,12686.150390625,288694,0.0,0.0
2025-02-20 00:00:00+05:30,12650.0,12650.0,12380.0,12440.650390625,423739,0.0,0.0
2025-02-21 00:00:00+05:30,12420.0,12438.599609375,12245.0,12323.4501953125,477013,0.0,0.0
2025-02-24 00:00:00+05:30,12248.349609375,12432.5,12220.099609375,12345.2001953125,399571,0.0,0.0
2025-02-25 00:00:00+05:30,12388.75,12507.400390625,12350.0,12476.349609375,363355,0.0,0.0
2025-02-27 00:00:00+05:30,12531.7001953125,12550.0,12312.0,12380.599609375,236805,0.0,0.0
2025-02-28 00:00:00+05:30,12338.5,12338.5,11811.7001953125,11945.849609375,605149,0.0,0.0
2025-03-03 00:00:00+05:30,11886.0,12059.4501953125,11757.75,11775.599609375,186884,0.0,0.0
2025-03-04 00:00:00+05:30,11690.0,11724.25,11591.0,11616.25,255726,0.0,0.0
2025-03-05 00:00:00+05:30,11605.0,11830.0,11568.349609375,11617.349609375,349730,0.0,0.0
2025-03-06 00:00:00+05:30,11701.0,11729.5,11480.0,11666.400390625,315309,0.0,0.0
2025-03-07 00:00:00+05:30,11650.0,11742.2998046875,11601.0,11664.150390625,259055,0.0,0.0
2025-03-10 00:00:00+05:30,11600.0,11697.900390625,11533.650390625,11586.0498046875,153894,0.0,0.0
2025-03-11 00:00:00+05:30,11579.5,11692.0,11510.0,11646.9501953125,245822,0.0,0.0
2025-03-12 00:00:00+05:30,11620.7998046875,11723.9501953125,11522.0,11640.099609375,249361,0.0,0.0
2025-03-13 00:00:00+05:30,11634.7998046875,11685.0,11489.75,11513.7998046875,260736,0.0,0.0
2025-03-17 00:00:00+05:30,11513.7998046875,11752.9501953125,11456.349609375,11553.7001953125,275569,0.0,0.0
2025-03-18 00:00:00+05:30,11553.7001953125,11553.7001953125,11553.7001953125,11553.7001953125,0,0.0,0.0
2025-03-19 00:00:00+05:30,11700.0,11714.4501953125,11547.0,11615.5498046875,476555,0.0,0.0
2025-03-20 00:00:00+05:30,11699.900390625,11765.0,11588.0,11730.2001953125,379421,0.0,0.0
2025-03-21 00:00:00+05:30,11780.0,11921.7001953125,11705.7998046875,11732.7998046875,560565,0.0,0.0
2025-03-24 00:00:00+05:30,11779.9501953125,11990.0,11742.0498046875,11922.25,359033,0.0,0.0
2025-03-25 00:00:00+05:30,11951.400390625,12075.25,11800.0,11868.900390625,514283,0.0,0.0
2025-03-26 00:00:00+05:30,11807.0,11868.900390625,11710.0,11734.2998046875,478517,0.0,0.0
2025-03-27 00:00:00+05:30,11773.150390625,11898.0,11638.0,11721.9501953125,645787,0.0,0.0
2025-03-28 00:00:00+05:30,11699.0498046875,11745.9501953125,11400.099609375,11522.150390625,541795,0.0,0.0
2025-04-01 00:00:00+05:30,11480.0,11545.7998046875,11290.0,11481.099609375,498244,0.0,0.0
2025-04-02 00:00:00+05:30,11481.099609375,11732.0,11410.0498046875,11716.099609375,452994,0.0,0.0
2025-04-03 00:00:00+05:30,11630.5,11802.9501953125,11611.0498046875,11688.099609375,326624,0.0,0.0
2025-04-04 00:00:00+05:30,11600.0,11630.0,11330.0,11482.0,355785,0.0,0.0
2025-04-07 00:00:00+05:30,11105.599609375,11358.5,11059.4501953125,11329.75,602353,0.0,0.0
2025-04-08 00:00:00+05:30,11530.0,11550.349609375,11290.0498046875,11458.900390625,629968,0.0,0.0
2025-04-09 00:00:00+05:30,11460.099609375,11538.7001953125,11425.0,11457.400390625,255114,0.0,0.0
2025-04-11 00:00:00+05:30,11480.349609375,11678.75,11480.0,11599.0498046875,231420,0.0,0.0
2025-04-15 00:00:00+05:30,11790.0,11940.0,11680.0,11855.0,458593,0.0,0.0
2025-04-16 00:00:00+05:30,11768.0,11768.0,11615.0,11664.0,470494,0.0,0.0
2025-04-17 00:00:00+05:30,11664.0,11728.0,11525.0,11695.0,302146,0.0,0.0
2025-04-21 00:00:00+05:30,11695.0,11769.0,11588.0,11745.0,318493,0.0,0.0
2025-04-22 00:00:00+05:30,11770.0,11788.0,11615.0,11734.0,516753,0.0,0.0
2025-04-23 00:00:00+05:30,11799.0,11971.0,11729.0,11907.0,493839,0.0,0.0
2025-04-24 00:00:00+05:30,11940.0,12040.0,11858.0,11894.0,387863,0.0,0.0
2025-04-25 00:00:00+05:30,11902.0,12046.0,11598.0,11698.0,906266,0.0,0.0
2025-04-28 00:00:00+05:30,11428.0,11896.0,11289.0,11846.0,457303,0.0,0.0
2025-04-29 00:00:00+05:30,11812.0,11940.0,11741.0,11841.0,455596,0.0,0.0
2025-04-30 00:00:00+05:30,11825.0,12325.0,11800.0,12257.0,967250,0.0,0.0
2025-05-02 00:00:00+05:30,12257.0,12727.0,12250.0,12405.0,707908,0.0,0.0
2025-05-05 00:00:00+05:30,12490.0,12490.0,12362.0,12458.0,270014,0.0,0.0
2025-05-06 00:00:00+05:30,12438.0,12599.0,12371.0,12581.0,414921,0.0,0.0
2025-05-07 00:00:00+05:30,12355.0,12669.0,12355.0,12633.0,303619,0.0,0.0
2025-05-08 00:00:00+05:30,12560.0,12597.0,12330.0,12392.0,485326,0.0,0.0
2025-05-09 00:00:00+05:30,12135.0,12360.0,12115.0,12250.0,278112,0.0,0.0
2025-05-12 00:00:00+05:30,12426.0,12630.0,12426.0,12616.0,185165,0.0,0.0
2025-05-13 00:00:00+05:30,12600.0,12700.0,12430.0,12482.0,378269,0.0,0.0
2025-05-14 00:00:00+05:30,12485.0,12718.0,12411.0,12670.0,306050,0.0,0.0
2025-05-15 00:00:00+05:30,12600.0,13023.0,12548.0,12952.0,561496,0.0,0.0
2025-05-16 00:00:00+05:30,12950.0,13086.0,12912.0,12995.0,425275,0.0,0.0
2025-05-19 00:00:00+05:30,12990.0,13046.0,12930.0,12989.0,244277,0.0,0.0
2025-05-20 00:00:00+05:30,13005.0,13010.0,12610.0,12638.0,361111,0.0,0.0
2025-05-21 00:00:00+05:30,12675.0,12808.0,12594.0,12615.0,209104,0.0,0.0
2025-05-22 00:00:00+05:30,12611.0,12611.0,12395.0,12445.0,434848,0.0,0.0
2025-05-23 00:00:00+05:30,12450.0,12495.0,12423.0,12453.0,169465,0.0,0.0
2025-05-26 00:00:00+05:30,12455.0,12539.0,12391.0,12421.0,214703,0.0,0.0
2025-05-27 00:00:00+05:30,12421.0,12479.0,12290.0,12414.0,344679,0.0,0.0
2025-05-28 00:00:00+05:30,12414.0,12415.0,12305.0,12331.0,178181,0.0,0.0
2025-05-29 00:00:00+05:30,12340.0,12428.0,12266.0,12392.0,191097,0.0,0.0
2025-05-30 00:00:00+05:30,12392.0,12490.0,12251.0,12319.0,351353,0.0,0.0
2025-06-02 00:00:00+05:30,12161.0,12319.0,12132.0,12290.0,264972,0.0,0.0
2025-06-03 00:00:00+05:30,12273.0,12350.0,12060.0,12128.0,369114,0.0,0.0
2025-06-04 00:00:00+05:30,12128.0,12245.0,12128.0,12163.0,205846,0.0,0.0
2025-06-05 00:00:00+05:30,12200.0,12257.0,12016.0,12126.0,319783,0.0,0.0
2025-06-06 00:00:00+05:30,12139.0,12535.0,12100.0,12462.0,456129,0.0,0.0
2025-06-09 00:00:00+05:30,12505.0,12614.0,12466.0,12603.0,237319,0.0,0.0
