Date,Open,High,Low,Close,Volume,Dividends,Stock Splits
2020-06-09 00:00:00+05:30,715.1493444991772,725.5537113523317,702.6366446029118,704.5387573242188,25857161,0.0,0.0
2020-06-10 00:00:00+05:30,707.2658993411555,723.9724738217406,705.8680019216532,720.5807495117188,22132647,0.0,0.0
2020-06-11 00:00:00+05:30,717.7619219756117,718.6556646410608,701.720017033279,704.7908935546875,20385805,0.0,0.0
2020-06-12 00:00:00+05:30,687.5114063915405,730.1371232865966,686.1363617565008,728.2120971679688,38548899,0.0,0.0
2020-06-15 00:00:00+05:30,717.3035576800077,745.6977679993612,715.5160118221344,740.0143432617188,53107403,0.0,0.0
2020-06-16 00:00:00+05:30,753.0541736939889,755.5979213481439,726.607842128892,741.4581298828125,51187003,0.0,0.0
2020-06-17 00:00:00+05:30,737.126798437559,749.5936718861021,734.3080296522494,740.3810424804688,41782053,0.0,0.0
2020-06-18 00:00:00+05:30,736.5538845034409,763.1376357944172,735.9121889358518,758.9667358398438,40471557,0.0,0.0
2020-06-19 00:00:00+05:30,765.4293191034924,819.8802115900712,761.7626345851944,806.405029296875,105804173,0.0,0.0
2020-06-22 00:00:00+05:30,812.821817688508,826.9386957903213,795.221501336061,800.33203125,60198705,0.0,0.0
2020-06-23 00:00:00+05:30,802.0965515637878,808.3987581089077,786.558803117859,788.7588500976562,37962078,0.0,0.0
2020-06-24 00:00:00+05:30,795.6339944708026,812.5009616106306,784.5421661195795,791.9443359375,51586221,0.0,0.0
2020-06-25 00:00:00+05:30,791.5547500011522,801.6382689199662,785.1608896247246,787.3838500976562,39679374,0.0,0.0
2020-06-26 00:00:00+05:30,792.3798250966927,803.0133256434765,786.9713607295414,798.2694702148438,30921913,0.0,0.0
2020-06-29 00:00:00+05:30,792.0360349261368,797.3986117412577,786.3067836015472,789.7901611328125,25621946,0.0,0.0
2020-06-30 00:00:00+05:30,796.1382601386654,797.9715722194718,777.139984805317,781.058837890625,30276420,0.0,0.0
2020-07-01 00:00:00+05:30,788.3464288805136,801.6383049608165,782.8692242425569,796.4132080078125,28464103,0.0,0.0
2020-07-02 00:00:00+05:30,798.8882421626248,810.1634381341315,795.2444103494618,806.8404541015625,28789533,0.0,0.0
2020-07-03 00:00:00+05:30,815.7551405202992,821.8053003180818,810.3467368945963,819.4677124023438,29434266,0.0,0.0
2020-07-06 00:00:00+05:30,827.3053688369863,851.5974193681789,821.3927497863892,848.7557373046875,47016185,0.0,0.0
2020-07-07 00:00:00+05:30,852.5141811096294,854.5079473951424,827.9012814935987,835.7617797851562,35189589,0.0,0.0
2020-07-08 00:00:00+05:30,836.0367287946833,841.0326310716628,820.4302397896375,824.0969848632812,26204095,0.0,0.0
2020-07-09 00:00:00+05:30,829.1387492796293,841.05558035174,818.7114690513262,836.12841796875,36418942,0.0,0.0
2020-07-10 00:00:00+05:30,838.0763854695222,863.7893065849339,836.1283854672475,860.7871704101562,43759967,0.0,0.0
2020-07-13 00:00:00+05:30,872.3831828249619,892.7106144564981,870.8477446331959,886.8897094726562,69608392,0.0,0.0
2020-07-14 00:00:00+05:30,886.4313444629965,889.9605486963236,865.0268035305857,878.6395263671875,67331128,0.0,0.0
2020-07-15 00:00:00+05:30,888.2417955215283,906.965049179505,824.097030270787,845.1806640625,139669773,0.0,0.0
2020-07-16 00:00:00+05:30,846.5557057432064,856.6392249074753,830.7200216222209,844.9057006835938,60961724,0.0,0.0
2020-07-17 00:00:00+05:30,845.6390437373585,880.0146136353425,842.4306265007415,876.2103881835938,49726765,0.0,0.0
2020-07-20 00:00:00+05:30,879.0062672352354,885.5146947431085,870.6873804292628,879.96875,36592938,0.0,0.0
2020-07-21 00:00:00+05:30,888.7230618585347,906.1400102931924,887.5772115830276,903.6420288085938,42173371,0.0,0.0
2020-07-22 00:00:00+05:30,908.8900676754372,921.2652874140789,898.6690683453706,918.5152587890625,59771457,0.0,0.0
2020-07-23 00:00:00+05:30,918.4923111526876,953.2116432775638,912.7172326892611,943.1740112304688,58333751,0.0,0.0
2020-07-24 00:00:00+05:30,943.2656399478285,991.3914137811078,943.1739864708263,983.6683959960938,120597372,0.0,0.0
2020-07-27 00:00:00+05:30,998.63325951643,1007.8000621136466,975.3036911385246,988.2747192382812,80304827,0.0,0.0
2020-07-28 00:00:00+05:30,988.2747035611493,1005.599998990178,985.7308952708654,998.1290283203125,55114422,0.0,0.0
2020-07-29 00:00:00+05:30,998.2207561854354,1000.466569473817,948.971984461894,960.9805297851562,72663399,0.0,0.0
2020-07-30 00:00:00+05:30,962.0576653602196,980.7121187975275,949.6824451829058,966.5723266601562,72857444,0.0,0.0
2020-07-31 00:00:00+05:30,969.1619129165258,975.8078203788501,940.8822694505811,947.4365234375,74958061,0.0,0.0
2020-08-03 00:00:00+05:30,940.1948096594826,942.8073582038814,918.1027441926576,920.8070068359375,46715383,0.0,0.0
2020-08-04 00:00:00+05:30,926.1237296921493,993.2248054181288,916.7964727941807,985.7080078125,92041055,0.0,0.0
2020-08-05 00:00:00+05:30,994.1414667093406,1006.5166254086381,970.9035528607842,974.6390380859375,74549993,0.0,0.0
2020-08-06 00:00:00+05:30,988.6413446807535,993.5455935255488,966.0909532185449,978.1453247070312,49322975,0.0,0.0
2020-08-07 00:00:00+05:30,976.1744830852479,989.0080304775713,971.7744495278705,983.8058471679688,32984416,0.0,0.0
2020-08-10 00:00:00+05:30,989.6039179762527,992.3081198406853,966.2285233120164,971.614013671875,26958997,0.0,0.0
2020-08-11 00:00:00+05:30,978.4662015323934,990.0164186435628,962.6763443663687,978.0078735351562,46828306,0.0,0.0
2020-08-12 00:00:00+05:30,972.1410880279552,983.1413237432349,965.6326606927821,975.1661376953125,30264617,0.0,0.0
2020-08-13 00:00:00+05:30,975.3494906985268,980.3453931254047,967.099344343977,972.6223754882812,24830322,0.0,0.0
2020-08-14 00:00:00+05:30,972.8515714608786,988.6414295129654,957.5888421599666,968.8411254882812,33224635,0.0,0.0
2020-08-17 00:00:00+05:30,964.8076501716511,964.8076501716511,948.8115727048395,958.5513305664062,30979066,0.0,0.0
2020-08-18 00:00:00+05:30,955.6408928981351,978.2371128064931,954.4263024335465,971.0182495117188,30547672,0.0,0.0
2020-08-19 00:00:00+05:30,981.3079165259388,987.2663621739597,972.3015079488691,976.9765625,34087543,0.0,0.0
2020-08-20 00:00:00+05:30,971.6828137038924,973.4703596835429,957.0158925573546,961.1638793945312,22537845,0.0,0.0
2020-08-21 00:00:00+05:30,970.7661157831959,972.5994884246126,951.9741219803998,954.1970825195312,25280895,0.0,0.0
2020-08-24 00:00:00+05:30,958.574287920966,964.5785001257398,948.9949232025845,960.5680541992188,32717218,0.0,0.0
2020-08-25 00:00:00+05:30,965.2659939557745,967.6952354273459,952.4324461351316,954.3116455078125,19388008,0.0,0.0
2020-08-26 00:00:00+05:30,955.6408574722254,984.493396211704,938.2239084832819,979.612060546875,59870421,0.0,0.0
2020-08-27 00:00:00+05:30,984.5163177315569,985.4330343591521,964.0055787922184,967.3743896484375,28085062,0.0,0.0
2020-08-28 00:00:00+05:30,971.6827848300389,977.5954041007511,965.3806382737661,969.918212890625,27166900,0.0,0.0
2020-08-31 00:00:00+05:30,996.4331786209386,996.4331786209386,944.3427264250865,953.6699829101562,62076132,0.0,0.0
2020-09-01 00:00:00+05:30,962.5159374133242,972.7827632487616,945.2822957706197,956.672119140625,38616258,0.0,0.0
2020-09-02 00:00:00+05:30,958.8492156199494,979.9329098876066,955.6408589882863,975.441162109375,26949439,0.0,0.0
2020-09-03 00:00:00+05:30,975.3494926755311,980.276655005961,963.8909897250848,968.0618896484375,18586429,0.0,0.0
2020-09-04 00:00:00+05:30,954.9762535550423,961.1180064101408,949.7740700767106,952.0886840820312,28475945,0.0,0.0
2020-09-07 00:00:00+05:30,955.1825639636957,965.1514559761129,936.9634645428164,954.5637817382812,21926473,0.0,0.0
2020-09-08 00:00:00+05:30,958.84921341405,972.1410891469222,953.5782898592619,965.7702026367188,27397082,0.0,0.0
2020-09-09 00:00:00+05:30,955.6408997602967,993.5915025673227,954.0137473884314,990.6351928710938,55310877,0.0,0.0
2020-09-10 00:00:00+05:30,1000.6041127423242,1074.7866313037694,997.0519343024368,1060.6009521484375,140304404,0.0,0.0
2020-09-11 00:00:00+05:30,1059.6842710041115,1071.5323012546387,1048.2715947629738,1063.236328125,59470807,0.0,0.0
2020-09-14 00:00:00+05:30,1065.642705089898,1081.6846090841707,1045.9339347009432,1055.3529052734375,44063445,0.0,0.0
2020-09-15 00:00:00+05:30,1059.6614445007979,1065.9865047179524,1048.7528614815662,1062.823974609375,27178393,0.0,0.0
2020-09-16 00:00:00+05:30,1063.3509210405,1085.970053757107,1059.0196880355447,1065.4364013671875,33952295,0.0,0.0
2020-09-17 00:00:00+05:30,1063.3509653759345,1069.630319987286,1050.4486768315098,1053.611328125,25828669,0.0,0.0
2020-09-18 00:00:00+05:30,1060.7154228554125,1063.0987767673696,1043.4359554502887,1056.796630859375,33074915,0.0,0.0
2020-09-21 00:00:00+05:30,1054.184144174209,1070.6844377652878,1030.0524860133398,1033.948486328125,33627381,0.0,0.0
2020-09-22 00:00:00+05:30,1043.6422047055448,1043.6422047055448,1009.0604161860508,1013.4605102539062,34792254,0.0,0.0
2020-09-23 00:00:00+05:30,1035.8505088896577,1043.5276999799855,1010.7792820394609,1022.4669189453125,42988708,0.0,0.0
2020-09-24 00:00:00+05:30,1011.9709553273337,1020.2668679774138,997.3727750080552,999.7332763671875,29826318,0.0,0.0
2020-09-25 00:00:00+05:30,1003.3083063706817,1014.2168280468825,993.3623280559308,1009.1292114257812,28374935,0.0,0.0
2020-09-28 00:00:00+05:30,1020.7251968038836,1025.7669863969422,1011.5813081733678,1015.7980346679688,19666849,0.0,0.0
2020-09-29 00:00:00+05:30,1019.8085753384281,1037.6837913460392,1015.7980690197844,1028.998291015625,25842539,0.0,0.0
2020-09-30 00:00:00+05:30,1035.8504930451054,1039.058849648449,1019.8085887936314,1024.0941162109375,24465159,0.0,0.0
2020-10-01 00:00:00+05:30,1037.5921526795053,1037.5921526795053,1014.7668000574881,1019.9231567382812,20783227,0.0,0.0
2020-10-05 00:00:00+05:30,1028.5170401927019,1030.8774809934052,1011.1001513107786,1013.9418334960938,18922799,0.0,0.0
2020-10-06 00:00:00+05:30,1019.9231470971173,1023.887766080032,1009.106279101181,1013.0938720703125,18412175,0.0,0.0
2020-10-07 00:00:00+05:30,1024.391998478325,1058.309240488448,1017.5168965994193,1034.7047119140625,53170865,0.0,0.0
2020-10-08 00:00:00+05:30,1035.3920791129196,1039.5172128461445,1018.4793460170577,1026.33984375,21077808,0.0,0.0
2020-10-09 00:00:00+05:30,1024.3919542045694,1032.6421003496403,1016.1876347959585,1023.6815185546875,18545499,0.0,0.0
2020-10-12 00:00:00+05:30,1024.3919736187618,1033.9024764314763,1020.3815279287468,1025.33154296875,14226473,0.0,0.0
2020-10-13 00:00:00+05:30,1022.3753016262068,1047.6528709295876,1020.1981677537069,1045.3382568359375,23112012,0.0,0.0
2020-10-14 00:00:00+05:30,1044.5131286118042,1056.017457585426,1039.746299542075,1048.454833984375,26742011,0.0,0.0
2020-10-15 00:00:00+05:30,1049.6006713454094,1049.6006713454094,1006.0583002396965,1011.3292236328125,20036197,0.0,0.0
2020-10-16 00:00:00+05:30,1015.2251693425324,1023.2460607068125,995.8143940184161,997.2581787109375,21583600,0.0,0.0
2020-10-19 00:00:00+05:30,1003.7895007711572,1021.5043834042219,987.7934238397585,997.4414672851562,31200385,0.0,0.0
2020-10-20 00:00:00+05:30,998.7249423502666,1005.1417164804056,986.4642889604642,988.1372680664062,18482288,0.0,0.0
2020-10-21 00:00:00+05:30,993.6831545152429,1004.6833294324196,961.4846582883047,973.7911376953125,34082321,0.0,0.0
2020-10-22 00:00:00+05:30,975.0744995817576,977.4120269765671,958.3908994101216,965.701416015625,30802210,0.0,0.0
2020-10-23 00:00:00+05:30,965.2659838537534,978.5578595394458,960.8659501955738,968.497314453125,23422125,0.0,0.0
2020-10-26 00:00:00+05:30,963.4097056618266,963.4097056618266,925.1611699709441,930.0195922851562,37324416,0.0,0.0
2020-10-27 00:00:00+05:30,932.6779969014707,944.1135870569196,918.9736194109383,932.4946899414062,36478896,0.0,0.0
2020-10-28 00:00:00+05:30,935.8404675437614,943.1281310917055,920.0735846656506,921.9298706054688,29924017,0.0,0.0
2020-10-29 00:00:00+05:30,915.3067931540592,935.9321582946866,912.556764674434,929.0111694335938,30655304,0.0,0.0
2020-10-30 00:00:00+05:30,932.0362470928598,946.5198601733425,926.6736701795653,941.6614379882812,34021563,0.0,0.0
2020-11-02 00:00:00+05:30,929.0570017940986,929.0570017940986,852.124519681164,860.5121459960938,99366895,0.0,0.0
2020-11-03 00:00:00+05:30,866.264373204264,874.9728479190761,841.1014924425807,848.1140747070312,88691623,0.0,0.0
2020-11-04 00:00:00+05:30,841.972276678788,884.1396639579364,841.972276678788,876.8978271484375,80180117,0.0,0.0
2020-11-05 00:00:00+05:30,896.0336051855281,898.7836338063066,885.5146714547614,896.0565185546875,37205373,0.0,0.0
2020-11-06 00:00:00+05:30,912.0984637882068,935.0154694947147,906.66708615421,930.04248046875,66674086,0.0,0.0
2020-11-09 00:00:00+05:30,945.1448355813302,948.3073654644502,933.1821171236526,939.9197387695312,35838510,0.0,0.0
2020-11-10 00:00:00+05:30,951.9741060299103,957.9325518603347,935.5655272445741,955.4345703125,36934242,0.0,0.0
2020-11-11 00:00:00+05:30,957.4741698439344,960.2241982961433,906.6441368180161,915.3984375,56724780,0.0,0.0
2020-11-12 00:00:00+05:30,907.9734032628435,920.5548432077027,900.6399128408875,907.5150146484375,40046527,0.0,0.0
2020-11-13 00:00:00+05:30,908.4317186456708,933.4800313426638,908.3171518023493,915.0317993164062,45388670,0.0,0.0
2020-11-14 00:00:00+05:30,923.5111618679003,923.6944688215708,914.5505796901634,917.7360229492188,5226220,0.0,0.0
2020-11-17 00:00:00+05:30,955.6408332519376,955.6408332519376,909.8067006998989,913.5880126953125,46542562,0.0,0.0
2020-11-18 00:00:00+05:30,913.588005378532,919.6610785085489,898.3940174127156,910.8150634765625,30402290,0.0,0.0
2020-11-19 00:00:00+05:30,910.8150531629545,921.4714666499475,902.1065790575502,904.3753662109375,27796343,0.0,0.0
2020-11-20 00:00:00+05:30,905.2232938827532,909.2567135249875,868.556024441844,870.6185913085938,57471248,0.0,0.0
2020-11-23 00:00:00+05:30,894.2231735785813,902.9316483280713,882.8792369726385,894.085693359375,45327567,0.0,0.0
2020-11-24 00:00:00+05:30,900.1815544052298,904.7649554552806,885.5146346746416,900.2044677734375,30936268,0.0,0.0
2020-11-25 00:00:00+05:30,907.5149818606544,913.4505140907206,890.1897477538313,892.7564086914062,32637879,0.0,0.0
2020-11-26 00:00:00+05:30,895.1627628703993,900.639906662935,884.6209159241832,894.9564819335938,25838637,0.0,0.0
2020-11-27 00:00:00+05:30,889.4105355654083,896.5606583541929,880.6562344926815,884.5062866210938,47336811,0.0,0.0
2020-12-01 00:00:00+05:30,889.3417996935136,901.212864532914,884.6209182943198,896.0106811523438,19750687,0.0,0.0
2020-12-02 00:00:00+05:30,897.6606987602356,899.2649376916733,886.8897179459791,897.5003051757812,22188887,0.0,0.0
2020-12-03 00:00:00+05:30,903.8482994922209,908.0191992971572,897.7293996853745,900.2044677734375,27785372,0.0,0.0
2020-12-04 00:00:00+05:30,902.4732934766877,902.4732934766877,889.1814177403427,892.2752075195312,18464552,0.0,0.0
2020-12-07 00:00:00+05:30,889.4564146596504,900.6398964232031,889.4564146596504,897.523193359375,18242188,0.0,0.0
2020-12-08 00:00:00+05:30,898.8753194109108,923.2131961990499,893.7647896070393,913.8171997070312,43403061,0.0,0.0
2020-12-09 00:00:00+05:30,921.2423608898316,932.1737957435942,916.3381119262713,929.0341186523438,29175254,0.0,0.0
2020-12-10 00:00:00+05:30,926.5820538231003,929.7445837659941,917.1402301162253,919.8902587890625,16065507,0.0,0.0
2020-12-11 00:00:00+05:30,922.6402811339132,934.0988449906753,904.8795708041802,919.3402709960938,26944202,0.0,0.0
2020-12-14 00:00:00+05:30,920.3256390393026,923.5569695876119,910.4254876931194,912.6942749023438,17312747,0.0,0.0
2020-12-15 00:00:00+05:30,911.9609717431741,911.9609717431741,898.8524025580067,904.9254760742188,18551265,0.0,0.0
2020-12-16 00:00:00+05:30,911.1817871529491,914.3672910933356,900.9607876113943,905.9337768554688,18561011,0.0,0.0
2020-12-17 00:00:00+05:30,909.5775713448887,918.9735679566239,906.2087605858991,910.0817260742188,20252358,0.0,0.0
2020-12-18 00:00:00+05:30,907.5608884461185,918.9277378129675,900.639899386615,912.808837890625,18466344,0.0,0.0
2020-12-21 00:00:00+05:30,921.2652947150294,926.7653520086495,850.3370204280989,889.0438842773438,44135540,0.0,0.0
2020-12-22 00:00:00+05:30,893.3064823030782,897.8440567664221,865.5539068020939,887.6688842773438,28140001,0.0,0.0
2020-12-23 00:00:00+05:30,884.5980111998103,894.4294225737608,880.3124837790668,890.946044921875,19501410,0.0,0.0
2020-12-24 00:00:00+05:30,892.389787092646,916.1318568031834,891.8856323459771,914.0006103515625,20776988,0.0,0.0
2020-12-28 00:00:00+05:30,919.7527485235994,924.9320185257652,914.5276517837443,918.1943969726562,17221499,0.0,0.0
2020-12-29 00:00:00+05:30,920.8069600563576,922.3194848937806,908.6837873703847,912.1213989257812,18611939,0.0,0.0
2020-12-30 00:00:00+05:30,914.5047568839321,919.9819007916922,905.4754345597445,914.6193237304688,22043630,0.0,0.0
2020-12-31 00:00:00+05:30,913.7026736669854,922.1361272092832,906.8733984561525,909.9442749023438,18781189,0.0,0.0
2021-01-01 00:00:00+05:30,911.1817704112282,915.3068436670037,908.4317417798375,910.95263671875,10015175,0.0,0.0
2021-01-04 00:00:00+05:30,914.4359765016009,916.1776349617669,902.0149305105749,912.488037109375,24513534,0.0,0.0
2021-01-05 00:00:00+05:30,902.4732612213459,909.1650558974087,896.5148155677933,901.1441040039062,24123091,0.0,0.0
2021-01-06 00:00:00+05:30,901.0524189545133,901.0982456927252,873.208250422183,877.379150390625,46401468,0.0,0.0
2021-01-07 00:00:00+05:30,880.2437799683555,891.4731497868594,873.2082842673308,875.9583129882812,32325918,0.0,0.0
2021-01-08 00:00:00+05:30,879.0979343303939,888.4481047726197,876.3937323349311,886.2938842773438,27540187,0.0,0.0
2021-01-11 00:00:00+05:30,888.6313821099425,888.6313821099425,867.4102075157783,869.5873413085938,33307825,0.0,0.0
2021-01-12 00:00:00+05:30,872.2228018044398,898.3482254271066,870.8019304371536,896.9961547851562,41161546,0.0,0.0
2021-01-13 00:00:00+05:30,899.9753453818736,905.2004423939762,879.3042122686094,888.6314086914062,26619458,0.0,0.0
2021-01-14 00:00:00+05:30,891.4731071540325,901.5107994006723,888.7459919334947,898.6232299804688,21553242,0.0,0.0
2021-01-15 00:00:00+05:30,898.6232212608602,904.6733204693404,880.0375090131995,888.0126342773438,20593268,0.0,0.0
2021-01-18 00:00:00+05:30,893.3523359102991,915.3068598457497,881.5500714003119,909.3255004882812,35100458,0.0,0.0
2021-01-19 00:00:00+05:30,914.2297173175843,930.8904036312418,914.2297173175843,924.1986694335938,32006615,0.0,0.0
2021-01-20 00:00:00+05:30,926.4903842144607,943.2656376293031,917.3235211022993,941.7531127929688,30924537,0.0,0.0
2021-01-21 00:00:00+05:30,954.2658411152416,971.6827906200567,951.0574843936402,962.240966796875,39087742,0.0,0.0
2021-01-22 00:00:00+05:30,967.5576915237639,969.5515183541914,932.7925335481718,939.4155883789062,30532660,0.0,0.0
2021-01-25 00:00:00+05:30,932.7009027889238,932.7009027889238,885.5146971482651,889.6397705078125,54207104,0.0,0.0
2021-01-27 00:00:00+05:30,882.3062942919601,882.3062942919601,865.3476737267879,868.5560302734375,42370131,0.0,0.0
2021-01-28 00:00:00+05:30,861.7496754336668,881.5271254338753,857.0975341576075,860.0996704101562,34067814,0.0,0.0
2021-01-29 00:00:00+05:30,868.2352053447705,876.852026374571,838.7638843607846,844.2410888671875,43712383,0.0,0.0
2021-02-01 00:00:00+05:30,852.239137063645,873.139463986093,847.0140401786881,868.693603515625,34180952,0.0,0.0
2021-02-02 00:00:00+05:30,877.3791368079981,889.1814008535736,850.1995170178833,882.6729736328125,41470034,0.0,0.0
2021-02-03 00:00:00+05:30,883.818885834858,894.6815206704392,870.8477966048235,884.89599609375,30301696,0.0,0.0
2021-02-04 00:00:00+05:30,881.8478717738124,889.1813617996539,873.1393978311569,881.9854125976562,25626981,0.0,0.0
2021-02-05 00:00:00+05:30,884.620906783517,891.3127015241594,880.0145922886946,881.7333374023438,20248046,0.0,0.0
2021-02-08 00:00:00+05:30,885.9958686939156,902.4732474634628,884.1625567829645,894.4293823242188,21183400,0.0,0.0
2021-02-09 00:00:00+05:30,899.2420540189859,911.9151479828967,894.8190462072762,896.5836181640625,19604141,0.0,0.0
2021-02-10 00:00:00+05:30,895.4836163560442,909.6921479612242,883.3604437967623,904.9024658203125,21234156,0.0,0.0
2021-02-11 00:00:00+05:30,907.5150085751835,946.1073652733586,903.9628908502675,942.21142578125,42539278,0.0,0.0
2021-02-12 00:00:00+05:30,942.1197874644605,952.4324402727,923.7402951162602,935.7488403320312,30497029,0.0,0.0
2021-02-15 00:00:00+05:30,938.7051622020156,944.7781749970989,928.1404015767398,931.623779296875,15791099,0.0,0.0
2021-02-16 00:00:00+05:30,934.9009501360988,953.0741620436967,932.7238162981881,943.9531860351562,21421660,0.0,0.0
2021-02-17 00:00:00+05:30,944.182270795626,960.6596500124177,939.8738907001477,954.8387451171875,23742994,0.0,0.0
2021-02-18 00:00:00+05:30,955.6409080131,966.3660626509985,943.7698423852457,947.7116088867188,18646877,0.0,0.0
2021-02-19 00:00:00+05:30,942.8073060106393,964.7847427915508,941.1114136098793,953.4866333007812,23403483,0.0,0.0
2021-02-22 00:00:00+05:30,953.3491688280358,957.886743394554,914.3672837445274,920.3944091796875,23804335,0.0,0.0
2021-02-23 00:00:00+05:30,938.682214170095,940.9280880022585,922.9152706076458,927.429931640625,25644108,0.0,0.0
2021-02-24 00:00:00+05:30,930.4320936174139,946.5886255113641,928.6674610954943,944.6406860351562,10807663,0.0,0.0
2021-02-25 00:00:00+05:30,951.5157770896304,986.3496748062763,950.1407324786234,982.8433837890625,34855693,0.0,0.0
2021-02-26 00:00:00+05:30,970.3077527943169,978.0536837304833,949.0865182752236,956.0075073242188,37481215,0.0,0.0
2021-03-01 00:00:00+05:30,967.1909837957611,968.0160469131556,945.3281144584108,963.2951049804688,17680764,0.0,0.0
2021-03-02 00:00:00+05:30,972.5994202272332,976.2661046355839,957.5199995034823,965.2659301757812,17150760,0.0,0.0
2021-03-03 00:00:00+05:30,972.1640496075119,1017.4710539321901,965.8160159374318,1009.3125610351562,31924461,0.0,0.0
2021-03-04 00:00:00+05:30,999.1832406803478,1003.7437286080441,988.9622412395563,997.2811279296875,21435754,0.0,0.0
2021-03-05 00:00:00+05:30,988.1830956295966,1013.8272788013851,986.8309643216427,998.58740234375,25511666,0.0,0.0
2021-03-08 00:00:00+05:30,993.912273170918,1022.971091879442,993.683139486608,1004.2708129882812,19506841,0.0,0.0
2021-03-09 00:00:00+05:30,1008.3500236109941,1014.6751439493482,983.8746660109502,1004.2478637695312,15154484,0.0,0.0
2021-03-10 00:00:00+05:30,1011.5584423551503,1015.2710143119102,994.7143883355462,1000.0769653320312,11519358,0.0,0.0
2021-03-12 00:00:00+05:30,1006.0583024222284,1011.2833990897246,973.4702792820244,979.7495727539062,16864952,0.0,0.0
2021-03-15 00:00:00+05:30,980.8725474465217,984.9288200058642,953.57829941066,966.59521484375,16698099,0.0,0.0
2021-03-16 00:00:00+05:30,968.932707248036,974.4328249685361,960.4534272901477,962.7909545898438,13873801,0.0,0.0
2021-03-17 00:00:00+05:30,961.6221943328974,963.8909815348504,932.7695956474636,942.051025390625,19210236,0.0,0.0
2021-03-18 00:00:00+05:30,950.0949097401202,955.5492008516806,917.1402112316803,920.852783203125,20647480,0.0,0.0
2021-03-19 00:00:00+05:30,912.5568084631558,960.6138418368361,908.7984097597932,954.2658081054688,41787429,0.0,0.0
2021-03-22 00:00:00+05:30,949.2241150564373,950.5990991059411,931.8988189701669,945.2823486328125,18572478,0.0,0.0
2021-03-23 00:00:00+05:30,945.0760716446401,966.961854448647,942.348956461702,956.7866821289062,17421165,0.0,0.0
2021-03-24 00:00:00+05:30,953.2345298539285,953.2345298539285,935.1988592704204,938.3613891601562,16822814,0.0,0.0
2021-03-25 00:00:00+05:30,941.4322941950678,941.4322941950678,909.8067518666941,912.7630615234375,22001648,0.0,0.0
2021-03-26 00:00:00+05:30,922.1818868809651,922.9610626205742,904.6274587545944,914.2296752929688,20180202,0.0,0.0
2021-03-30 00:00:00+05:30,920.3485351044751,939.0947012477376,912.808824584219,930.1112060546875,20441701,0.0,0.0
2021-03-31 00:00:00+05:30,924.9319966169113,939.553029053786,916.2234618451799,918.1026611328125,16250796,0.0,0.0
2021-04-01 00:00:00+05:30,924.9320223604212,930.4320795492138,918.125600055182,926.6965942382812,11723312,0.0,0.0
2021-04-05 00:00:00+05:30,928.1174750659791,928.1403884351528,899.310763093831,913.2901611328125,14875099,0.0,0.0
2021-04-06 00:00:00+05:30,918.5152228049757,918.9506374199959,902.4732584498588,909.4859008789062,14009194,0.0,0.0
2021-04-07 00:00:00+05:30,916.6818542937145,938.1780490415213,913.6109779893674,917.9880981445312,24266353,0.0,0.0
2021-04-08 00:00:00+05:30,921.7236071855,926.7653363892433,913.4734607667358,919.1339721679688,15369188,0.0,0.0
2021-04-09 00:00:00+05:30,915.9714483044365,919.5923061849824,907.5150208920256,908.4546508789062,14037885,0.0,0.0
2021-04-12 00:00:00+05:30,897.8899238806642,898.9899474925206,870.96241030363,875.9583129882812,20901482,0.0,0.0
2021-04-13 00:00:00+05:30,881.8478820492137,889.4563931940232,879.0291134621315,885.4229736328125,19411189,0.0,0.0
2021-04-15 00:00:00+05:30,882.9021361130539,898.806560474915,876.8062099483951,891.1522827148438,19723716,0.0,0.0
2021-04-16 00:00:00+05:30,887.6231139170034,893.7190403265735,882.9709116959772,885.560546875,15656948,0.0,0.0
2021-04-19 00:00:00+05:30,872.6810888812092,878.3645134664337,866.2643152774154,871.6268920898438,18478808,0.0,0.0
2021-04-20 00:00:00+05:30,875.6603447442634,879.5562236666051,866.4706289144074,871.3748779296875,17203668,0.0,0.0
2021-04-22 00:00:00+05:30,867.2956746880928,877.4708477492019,860.168464809528,873.7811889648438,14490954,0.0,0.0
2021-04-23 00:00:00+05:30,873.5978762175961,879.5104349641335,868.7165403603244,872.8416137695312,11828857,0.0,0.0
2021-04-26 00:00:00+05:30,880.0146379115421,899.2649600101502,876.1186982583632,888.1959838867188,20846778,0.0,0.0
2021-04-27 00:00:00+05:30,889.1813913120451,915.3984674811492,888.3793021796047,911.4796752929688,19992524,0.0,0.0
2021-04-28 00:00:00+05:30,915.6964436199248,920.3485850470407,907.583837834409,915.4443359375,17122437,0.0,0.0
2021-04-29 00:00:00+05:30,927.1778273390195,937.0780393018816,920.0277651807966,927.7049560546875,17412606,0.0,0.0
2021-04-30 00:00:00+05:30,920.5777232855015,933.1820761435275,910.9755065946381,914.1609497070312,19828769,0.0,0.0
2021-05-03 00:00:00+05:30,901.0982851812212,907.0567312879326,890.6023250015271,897.912841796875,23640186,0.0,0.0
2021-05-04 00:00:00+05:30,893.7648543273177,901.9233476625967,875.8895766383333,878.4562377929688,21849830,0.0,0.0
2021-05-05 00:00:00+05:30,881.5500362422325,888.4938780829448,874.5373936779257,880.0604248046875,12393609,0.0,0.0
2021-05-06 00:00:00+05:30,880.8625221398148,886.8897080522819,873.8727928792227,885.0563354492188,14624666,0.0,0.0
2021-05-07 00:00:00+05:30,888.1501752352174,896.3544953646399,882.764684584748,885.400146484375,12288548,0.0,0.0
2021-05-10 00:00:00+05:30,888.723115804019,892.2981470583496,880.4500557027754,882.8563232421875,13941237,0.0,0.0
2021-05-11 00:00:00+05:30,877.722922411261,888.5168166803841,875.4311611506456,886.0418090820312,13478264,0.0,0.0
2021-05-12 00:00:00+05:30,884.6438440915139,885.9271746193318,874.0561702305345,876.8749389648438,13177961,0.0,0.0
2021-05-14 00:00:00+05:30,883.7042080085033,890.0980684690552,873.5978362053476,887.9439086914062,13291616,0.0,0.0
2021-05-17 00:00:00+05:30,887.9439065981682,899.9294777221108,884.7813161202344,898.5086669921875,11873078,0.0,0.0
2021-05-18 00:00:00+05:30,907.9733703643906,917.8735214579423,904.0774309873706,911.1588134765625,12064918,0.0,0.0
2021-05-19 00:00:00+05:30,907.5149804208348,924.2215535609771,903.8482959655267,915.3297119140625,16317002,0.0,0.0
2021-05-20 00:00:00+05:30,915.7193025771816,921.6777481840884,907.9733717821038,909.9900512695312,11422532,0.0,0.0
2021-05-21 00:00:00+05:30,913.0151380617953,921.0819169580188,910.2651094453928,917.8506469726562,10785605,0.0,0.0
2021-05-24 00:00:00+05:30,920.3485881858072,921.1736513445442,908.4317568406271,910.1046752929688,8551760,0.0,0.0
2021-05-25 00:00:00+05:30,915.031807175247,915.3068282189581,898.3482074797391,899.7919921875,14780102,0.0,0.0
2021-05-26 00:00:00+05:30,905.2233160471437,907.2858829643955,900.7774556635547,902.9545288085938,7480204,0.0,0.0
2021-05-27 00:00:00+05:30,903.0691639105204,913.4734702087903,899.3795052911909,905.7275390625,26819294,0.0,0.0
2021-05-28 00:00:00+05:30,912.098507942815,964.8076842368073,912.098507942815,960.1326293945312,56469931,0.0,0.0
2021-05-31 00:00:00+05:30,963.4325783380709,1004.5457683920101,955.6637341312286,990.1538696289062,59124142,0.0,0.0
2021-06-01 00:00:00+05:30,992.7664242495279,1009.2667167069043,983.8287557322195,994.0956420898438,28013832,0.0,0.0
2021-06-02 00:00:00+05:30,988.6413688421503,1012.7042856705714,988.6413688421503,1008.9229736328125,24630162,0.0,0.0
2021-06-03 00:00:00+05:30,1017.9751942828289,1031.2671310518558,1006.5625781674537,1012.7730712890625,23974257,0.0,0.0
2021-06-04 00:00:00+05:30,1015.1335052104065,1015.8897676468155,1001.1311934519676,1003.995849609375,14468646,0.0,0.0
2021-06-07 00:00:00+05:30,1009.2667591462919,1027.6003643210759,1001.4749405765809,1020.9085693359375,16336573,0.0,0.0
2021-06-08 00:00:00+05:30,1020.541988216778,1020.7940352885595,1007.5021589862758,1015.0418701171875,9674735,0.0,0.0
2021-06-09 00:00:00+05:30,1017.0585183682573,1017.9751743811889,989.0768085784517,996.8915405273438,11409161,0.0,0.0
2021-06-10 00:00:00+05:30,1005.3249968424216,1022.1003111113406,998.0603069751501,1000.5582885742188,14155653,0.0,0.0
2021-06-11 00:00:00+05:30,1004.0004678019206,1024.7437253778385,1002.7126024562358,1017.91357421875,13762778,3.5,0.0
2021-06-14 00:00:00+05:30,1018.7644486863619,1038.656772367627,1009.588621523823,1032.5166015625,20332436,0.0,0.0
2021-06-15 00:00:00+05:30,1039.9216712518362,1046.31476796369,1030.4008842761375,1034.8623046875,15174215,0.0,0.0
2021-06-16 00:00:00+05:30,1032.516620811797,1033.5054522047653,1014.5559730462858,1017.2006225585938,10797349,0.0,0.0
2021-06-17 00:00:00+05:30,1011.8653723856073,1027.9632633472036,1002.6206258087344,1019.0634155273438,15745975,0.0,0.0
2021-06-18 00:00:00+05:30,1023.5938010113136,1027.9632484814188,1004.6673147149779,1023.6627807617188,29369026,0.0,0.0
2021-06-21 00:00:00+05:30,1013.4751701801559,1033.7123930077005,1011.934379135521,1028.998046875,12186448,0.0,0.0
2021-06-22 00:00:00+05:30,1036.7020562033983,1039.9217196163008,1020.7651785248274,1023.7088012695312,12871913,0.0,0.0
2021-06-23 00:00:00+05:30,1034.862306692191,1035.1382256906795,1012.6472384203654,1014.3260498046875,16653951,0.0,0.0
2021-06-24 00:00:00+05:30,1015.0159617564395,1018.5804629199554,984.2690597680289,990.4782104492188,91461975,0.0,0.0
2021-06-25 00:00:00+05:30,990.4782412814566,990.4782412814566,957.178661737645,967.918212890625,55355022,0.0,0.0
2021-06-28 00:00:00+05:30,975.990189951603,978.0598866503415,957.1326830132967,959.432373046875,20277042,0.0,0.0
2021-06-29 00:00:00+05:30,961.0421460862933,970.010973734832,958.5585100421692,960.26025390625,27144063,0.0,0.0
2021-06-30 00:00:00+05:30,964.1466855646121,976.2890679813855,961.7550226124305,970.7698364257812,19762858,0.0,0.0
2021-07-01 00:00:00+05:30,974.1504030725097,976.5190728027657,963.5718048329269,964.9286499023438,12534407,0.0,0.0
2021-07-02 00:00:00+05:30,964.4916810559334,981.0035114954018,962.6289236086586,979.2327270507812,14086620,0.0,0.0
2021-07-05 00:00:00+05:30,982.6362712264762,990.5012403211604,980.3595744487022,988.96044921875,11702287,0.0,0.0
2021-07-06 00:00:00+05:30,986.5457544335766,988.3624644718147,975.1622709889944,977.2779541015625,10070124,0.0,0.0
2021-07-07 00:00:00+05:30,978.6348454822144,978.6348454822144,964.9516714511911,970.493896484375,10454892,0.0,0.0
2021-07-08 00:00:00+05:30,973.6674943107537,973.6674943107537,957.1326708664799,962.4679565429688,11185460,0.0,0.0
2021-07-09 00:00:00+05:30,960.3521926628539,962.0539972949539,950.2795676841414,952.625244140625,9037675,0.0,0.0
2021-07-12 00:00:00+05:30,956.5576939796155,966.5613999938668,954.1430377841253,958.5584716796875,8585292,0.0,0.0
2021-07-13 00:00:00+05:30,965.8714800061655,967.2743115542328,960.3751808912264,965.7335205078125,6717133,0.0,0.0
2021-07-14 00:00:00+05:30,966.0324700609297,969.0220792703225,957.2476492663641,959.432373046875,8532544,0.0,0.0
2021-07-15 00:00:00+05:30,963.5718057802276,963.5718057802276,955.9828166729534,957.7536010742188,9448356,0.0,0.0
2021-07-16 00:00:00+05:30,960.2372705107125,972.6556333449018,960.1682907580076,971.5747680664062,8828185,0.0,0.0
2021-07-19 00:00:00+05:30,965.8715299377471,976.9100544090196,962.3070285876979,965.3886108398438,8354449,0.0,0.0
2021-07-20 00:00:00+05:30,965.6414927117844,969.5510143052717,958.5124903356968,963.0198364257812,6741464,0.0,0.0
2021-07-22 00:00:00+05:30,974.610319761337,976.8640232200643,965.0206138511668,975.3922119140625,7972397,0.0,0.0
2021-07-23 00:00:00+05:30,981.7164120386502,981.7164120386502,966.8143526408575,968.4931640625,9937030,0.0,0.0
2021-07-26 00:00:00+05:30,969.5510445950642,975.5302021783808,952.5792883697874,955.2239379882812,12389668,0.0,0.0
2021-07-27 00:00:00+05:30,955.2009551111549,958.3745103563302,939.1950977228437,945.1742553710938,10824523,0.0,0.0
2021-07-28 00:00:00+05:30,946.5540685094888,946.5540685094888,927.3516023082251,937.0563354492188,12897848,0.0,0.0
2021-07-29 00:00:00+05:30,944.7142833048547,954.0970499050053,939.8389235927302,944.3693237304688,13765738,0.0,0.0
2021-07-30 00:00:00+05:30,946.554103756278,951.1304906657889,934.1817273276183,936.113525390625,11350608,0.0,0.0
2021-08-02 00:00:00+05:30,944.8523242569736,956.3967607255886,938.8041261913924,953.2232055664062,10925104,0.0,0.0
2021-08-03 00:00:00+05:30,961.2721224000899,961.7320482339645,949.4057195768622,960.2372436523438,11817299,0.0,0.0
2021-08-04 00:00:00+05:30,963.295845675246,972.3106597881646,959.8922971323301,967.5963134765625,13169800,0.0,0.0
2021-08-05 00:00:00+05:30,972.4486229534178,991.0761365929601,967.8262496266956,981.6244506835938,21252078,0.0,0.0
2021-08-06 00:00:00+05:30,979.6466646948983,987.4656473097788,956.097804676467,960.835205078125,16620987,0.0,0.0
2021-08-09 00:00:00+05:30,957.1326618430026,961.1801429772066,950.4635243959133,955.3618774414062,7494143,0.0,0.0
2021-08-10 00:00:00+05:30,957.5925740813469,971.8507004347433,953.7980795808611,960.3751831054688,11919198,0.0,0.0
2021-08-11 00:00:00+05:30,964.4686567395603,975.07024815773,958.2365127511897,973.8284301757812,9184963,0.0,0.0
2021-08-12 00:00:00+05:30,977.3239568000706,977.9219029586417,968.1711833933699,970.7008666992188,8137612,0.0,0.0
2021-08-13 00:00:00+05:30,973.8284348366212,988.822467006276,969.9879537940757,986.86767578125,12780901,0.0,0.0
2021-08-16 00:00:00+05:30,988.5694979578128,1013.2452095465289,978.8187782246181,999.677001953125,21935444,0.0,0.0
2021-08-17 00:00:00+05:30,997.5383514897349,1005.0583003250284,987.8796045068356,995.422607421875,12658169,0.0,0.0
2021-08-18 00:00:00+05:30,999.9070112065396,1005.7941958436732,990.0643183148687,999.2860717773438,10075860,0.0,0.0
2021-08-20 00:00:00+05:30,985.6488815037987,998.9870959397631,982.8892656136317,988.0635986328125,9426282,0.0,0.0
2021-08-23 00:00:00+05:30,999.9069849538762,999.9069849538762,980.7275120205495,994.5487060546875,9854395,0.0,0.0
2021-08-24 00:00:00+05:30,995.790526793542,1008.185896034398,991.4440725487322,1004.368408203125,11864472,0.0,0.0
2021-08-25 00:00:00+05:30,1005.1503234146031,1021.0642077694204,1002.7126130295405,1013.0612182617188,13380559,0.0,0.0
2021-08-26 00:00:00+05:30,1015.5448718572183,1032.5166275111783,1014.1650335535992,1025.8704833984375,18589616,0.0,0.0
2021-08-27 00:00:00+05:30,1028.8830852737462,1031.5277956306836,1019.2473928888306,1024.4676513671875,10480636,0.0,0.0
2021-08-30 00:00:00+05:30,1034.8622993686677,1046.751755987917,1028.7911081856307,1044.176025390625,14027062,0.0,0.0
2021-08-31 00:00:00+05:30,1047.2346469866925,1050.3852089253091,1031.2977696327555,1038.61083984375,26485463,0.0,0.0
2021-09-01 00:00:00+05:30,1045.4409852453557,1054.5937592880682,1040.841604972357,1042.727294921875,11145486,0.0,0.0
2021-09-02 00:00:00+05:30,1037.1619691381557,1061.4467333979399,1037.1619691381557,1055.2835693359375,9956770,0.0,0.0
2021-09-03 00:00:00+05:30,1062.4586004322744,1101.5534519267162,1059.0091262753579,1098.5638427734375,30664428,0.0,0.0
2021-09-06 00:00:00+05:30,1109.8324129663633,1140.6483576283033,1109.3724262834573,1115.627685546875,33641710,0.0,0.0
2021-09-07 00:00:00+05:30,1117.651292661599,1130.529581063865,1109.372384284613,1122.6646728515625,17349882,0.0,0.0
2021-09-08 00:00:00+05:30,1127.770010630295,1128.6898622912977,1106.9117263913595,1118.272216796875,14301651,0.0,0.0
2021-09-09 00:00:00+05:30,1116.6854967629206,1121.2618837110501,1111.2582378602167,1115.627685546875,8963249,0.0,0.0
2021-09-13 00:00:00+05:30,1119.0311509095832,1119.0311509095832,1089.1581734641907,1090.7679443359375,16311160,0.0,0.0
2021-09-14 00:00:00+05:30,1092.3546432848304,1101.0934161960004,1088.2151284921163,1089.342041015625,8908356,0.0,0.0
2021-09-15 00:00:00+05:30,1089.3650297628353,1101.8982970201632,1089.3650297628353,1093.8724365234375,9071075,0.0,0.0
2021-09-16 00:00:00+05:30,1095.3672561787414,1120.7558181888526,1088.6751256924572,1116.8233642578125,13448882,0.0,0.0
2021-09-17 00:00:00+05:30,1125.0103652780174,1129.5407656161665,1092.630636982411,1099.5067138671875,34882133,0.0,0.0
2021-09-20 00:00:00+05:30,1091.0208172813159,1112.2929796613141,1090.054979136504,1101.2545166015625,11779819,0.0,0.0
2021-09-21 00:00:00+05:30,1106.1528520817324,1111.4881378230943,1096.4941052828738,1106.014892578125,9915736,0.0,0.0
2021-09-22 00:00:00+05:30,1107.5326817629518,1123.1705251975957,1103.04826798635,1117.88134765625,10995912,0.0,0.0
2021-09-23 00:00:00+05:30,1125.6542350362351,1148.4671882069324,1124.7803698999542,1145.20166015625,15748397,0.0,0.0
2021-09-24 00:00:00+05:30,1151.4797811347823,1152.3536462639454,1136.9687293630543,1141.8900146484375,15192163,0.0,0.0
2021-09-27 00:00:00+05:30,1143.8679075075534,1163.5992803331503,1138.4866350694283,1161.092529296875,15373834,0.0,0.0
2021-09-28 00:00:00+05:30,1165.4849451236055,1179.6970856958678,1155.7342251783368,1171.9471435546875,18035258,0.0,0.0
2021-09-29 00:00:00+05:30,1182.0427234115239,1182.0427234115239,1159.068816754402,1162.6563720703125,9719875,0.0,0.0
2021-09-30 00:00:00+05:30,1161.3455160708434,1165.760950060618,1150.0080188433385,1158.7008056640625,13590654,0.0,0.0
2021-10-01 00:00:00+05:30,1150.7439132922568,1168.152601671671,1147.5473649109665,1160.74755859375,8958928,0.0,0.0
2021-10-04 00:00:00+05:30,1174.2237893607166,1184.2734211316508,1166.8877260551562,1175.672607421875,10918552,0.0,0.0
2021-10-05 00:00:00+05:30,1175.1896755466864,1201.3602530595133,1171.6251133729584,1200.0723876953125,13533634,0.0,0.0
2021-10-06 00:00:00+05:30,1205.0166566472717,1205.0166566472717,1173.3499624902456,1177.3743896484375,10258881,0.0,0.0
2021-10-07 00:00:00+05:30,1193.5411367564416,1195.2659954396404,1180.9848760219975,1183.1466064453125,6336665,0.0,0.0
2021-10-08 00:00:00+05:30,1189.0567349266157,1234.659770197883,1187.331997883759,1228.611572265625,15772493,0.0,0.0
2021-10-11 00:00:00+05:30,1242.478709126746,1251.033536369492,1216.6991394909494,1220.056640625,14768666,0.0,0.0
2021-10-12 00:00:00+05:30,1216.5381549173371,1234.0158226035228,1214.8132962379643,1227.024658203125,6682011,0.0,0.0
2021-10-13 00:00:00+05:30,1232.1760216762225,1250.8035955114678,1227.7146012557143,1239.5120849609375,9959762,0.0,0.0
2021-10-14 00:00:00+05:30,1241.995805576681,1249.8608358020613,1235.9476071876143,1242.018798828125,8623469,0.0,0.0
2021-10-18 00:00:00+05:30,1227.3926679898927,1262.5319492471428,1224.495031941363,1245.330322265625,13594479,0.0,0.0
2021-10-19 00:00:00+05:30,1252.7812431760094,1265.4525918808204,1245.5142813861512,1256.4837646484375,8833409,0.0,0.0
2021-10-20 00:00:00+05:30,1261.4972458939014,1261.4972458939014,1237.9253917840351,1242.018798828125,12710570,0.0,0.0
2021-10-21 00:00:00+05:30,1254.4372019997936,1254.713121012549,1197.3127203960614,1206.1895751953125,20831669,0.0,0.0
2021-10-22 00:00:00+05:30,1205.0396279771003,1225.690973130546,1201.1301671434862,1208.4432373046875,11027475,0.0,0.0
2021-10-25 00:00:00+05:30,1232.6359827891665,1232.6359827891665,1182.0426830626773,1196.668701171875,17198417,0.0,0.0
2021-10-26 00:00:00+05:30,1203.7059353024745,1227.5307147081562,1197.2897233594833,1223.920166015625,9750178,0.0,0.0
2021-10-27 00:00:00+05:30,1219.7577413005986,1231.1642182976054,1205.0166347268262,1208.4432373046875,9896298,0.0,0.0
2021-10-28 00:00:00+05:30,1205.0395917819842,1213.2955066138475,1191.4715063519466,1195.1968994140625,9886181,0.0,0.0
2021-10-29 00:00:00+05:30,1194.070192055541,1194.070192055541,1150.6290060817541,1166.5198974609375,14233025,0.0,0.0
2021-11-01 00:00:00+05:30,1166.5198756549064,1175.6036695948044,1147.1334021699051,1167.2327880859375,15481114,0.0,0.0
2021-11-02 00:00:00+05:30,1170.5442839155507,1171.9241222537985,1147.6623500547412,1150.2149658203125,10569130,0.0,0.0
2021-11-03 00:00:00+05:30,1152.629628174651,1159.0458399841862,1131.909424713278,1142.3040771484375,11989430,0.0,0.0
2021-11-04 00:00:00+05:30,1146.6044250401574,1152.1007851802347,1145.2477016004586,1149.318115234375,1705656,0.0,0.0
2021-11-08 00:00:00+05:30,1158.769757195392,1159.045797848911,1129.7936396220855,1150.743896484375,20337183,0.0,0.0
2021-11-09 00:00:00+05:30,1152.1467963676002,1163.1392735684626,1143.890881012727,1159.8277587890625,15682497,0.0,0.0
2021-11-10 00:00:00+05:30,1157.528022404935,1176.5234884393017,1151.5258108643363,1172.7979736328125,10253470,0.0,0.0
2021-11-11 00:00:00+05:30,1168.2676298047304,1182.2727096371868,1166.197872221798,1174.936767578125,10722478,0.0,0.0
2021-11-12 00:00:00+05:30,1178.7772448686976,1195.2660824083591,1176.063554603012,1192.6673583984375,8712341,0.0,0.0
2021-11-15 00:00:00+05:30,1195.840833396102,1196.8527796937085,1182.042693797407,1185.6302490234375,4803269,0.0,0.0
2021-11-16 00:00:00+05:30,1182.985538412384,1184.3423834538085,1147.5473445325526,1158.0799560546875,11337581,0.0,0.0
2021-11-17 00:00:00+05:30,1149.3641441722905,1149.3641441722905,1131.9094682420225,1133.289306640625,10202029,0.0,0.0
2021-11-18 00:00:00+05:30,1131.4494723099058,1144.78774784417,1126.8730853749707,1137.566650390625,8505625,0.0,0.0
2021-11-22 00:00:00+05:30,1120.4570077235269,1126.390239861804,1081.3161675380043,1087.180419921875,24124307,0.0,0.0
2021-11-23 00:00:00+05:30,1073.060205175132,1104.4281084203963,1061.998748497803,1097.344970703125,25326999,0.0,0.0
2021-11-24 00:00:00+05:30,1094.654328710461,1108.406481483662,1077.889573680335,1081.5001220703125,16820296,0.0,0.0
2021-11-25 00:00:00+05:30,1091.4348053634237,1150.7668782113167,1084.1447287150381,1146.6043701171875,42401936,0.0,0.0
2021-11-26 00:00:00+05:30,1135.03700092787,1139.5444080025245,1104.5430842506646,1109.6484375,15763138,0.0,0.0
2021-11-29 00:00:00+05:30,1121.8367541204207,1149.8470334365772,1103.4391130188444,1122.9405517578125,24325354,0.0,0.0
2021-11-30 00:00:00+05:30,1135.1289645679392,1138.7625064299725,1098.7248095110021,1106.3367919921875,32172299,0.0,0.0
2021-12-01 00:00:00+05:30,1119.0311026979327,1137.8886089875973,1115.3975609389354,1134.6690673828125,10104610,0.0,0.0
2021-12-02 00:00:00+05:30,1135.9109080380879,1148.099277858589,1132.1853930059158,1141.9591064453125,12720411,0.0,0.0
2021-12-03 00:00:00+05:30,1149.111102241387,1149.1570887395308,1103.8530886239546,1107.6475830078125,19222481,0.0,0.0
2021-12-06 00:00:00+05:30,1111.2121725004786,1115.3515657232247,1084.1447380042096,1086.6513671875,10332254,0.0,0.0
2021-12-07 00:00:00+05:30,1092.8836535420744,1105.6928403552552,1085.4556171921008,1095.5052490234375,11235122,0.0,0.0
2021-12-08 00:00:00+05:30,1114.9377773958834,1118.4792247569096,1106.7508416294706,1112.1781005859375,8744178,0.0,0.0
2021-12-09 00:00:00+05:30,1119.950964580326,1138.3024978841509,1115.3515846293535,1129.816650390625,13213547,0.0,0.0
2021-12-10 00:00:00+05:30,1122.3656173596883,1134.2090876086506,1117.8122239227623,1130.966552734375,8364414,0.0,0.0
2021-12-13 00:00:00+05:30,1137.658752603616,1137.934671619947,1105.6929019431211,1108.2916259765625,12901733,0.0,0.0
2021-12-14 00:00:00+05:30,1094.6544089196302,1106.6128458273122,1091.6188131912131,1094.723388671875,12991523,0.0,0.0
2021-12-15 00:00:00+05:30,1096.4941276443824,1106.1528746402182,1085.9615154504675,1091.52685546875,9366969,0.0,0.0
2021-12-16 00:00:00+05:30,1106.4747292437837,1110.9821361906168,1089.43405452179,1105.6468505859375,9761279,0.0,0.0
2021-12-17 00:00:00+05:30,1102.9563510282592,1107.5327380390822,1067.0580457409526,1076.4638671875,21049821,0.0,0.0
2021-12-20 00:00:00+05:30,1066.069101994462,1066.069101994462,1033.5284231532644,1047.441650390625,14325846,0.0,0.0
2021-12-21 00:00:00+05:30,1063.0795558369932,1079.016433258362,1054.2718026533394,1063.0335693359375,12836561,0.0,0.0
2021-12-22 00:00:00+05:30,1069.31174971736,1090.9289342836746,1067.9780194673135,1088.26123046875,17658543,0.0,0.0
2021-12-23 00:00:00+05:30,1091.8946661824932,1094.6543427350764,1084.5587247206356,1087.8702392578125,9072401,0.0,0.0
2021-12-24 00:00:00+05:30,1090.0550301495225,1100.173642037399,1075.12997724754,1091.3428955078125,7886494,0.0,0.0
2021-12-27 00:00:00+05:30,1086.168488226438,1093.7344837886803,1079.9823309312594,1090.169921875,4017223,0.0,0.0
2021-12-28 00:00:00+05:30,1092.6305626768146,1106.0838032719828,1091.4577853119627,1103.1171875,6374613,0.0,0.0
2021-12-29 00:00:00+05:30,1099.713752594893,1112.5920409195053,1095.6202241031867,1105.0030517578125,15425312,0.0,0.0
2021-12-30 00:00:00+05:30,1103.8531461323898,1106.1298428813157,1078.8324751444754,1085.0416259765625,29333171,0.0,0.0
2021-12-31 00:00:00+05:30,1091.4348117440036,1096.4480700969377,1085.4555935938868,1089.2041015625,9477290,0.0,0.0
2022-01-03 00:00:00+05:30,1087.7553472757359,1107.5097129155113,1087.088421341415,1105.6239013671875,5421611,0.0,0.0
2022-01-04 00:00:00+05:30,1111.1662168508408,1131.9094133545677,1105.6928500246322,1130.5755615234375,10847728,0.0,0.0
2022-01-05 00:00:00+05:30,1132.3694074686766,1139.2684775151279,1119.0081391339927,1135.8648681640625,11643813,0.0,0.0
2022-01-06 00:00:00+05:30,1127.4020092131093,1128.6898745469418,1107.992542833898,1111.442138671875,14447422,0.0,0.0
2022-01-07 00:00:00+05:30,1118.0883273933134,1130.5526160914876,1109.1654860178778,1120.4110107421875,13112115,0.0,0.0
2022-01-10 00:00:00+05:30,1127.7700155166096,1130.0697055077846,1111.235192167377,1121.330810546875,9246731,0.0,0.0
2022-01-11 00:00:00+05:30,1120.4110109007802,1138.3255517505347,1119.9510242182253,1129.40283203125,16205164,0.0,0.0
2022-01-12 00:00:00+05:30,1136.6467096112542,1161.3224809186956,1133.749073556427,1159.5516357421875,14800442,0.0,0.0
2022-01-13 00:00:00+05:30,1159.620808999348,1168.7046029665826,1153.7105702764554,1166.0828857421875,11856712,0.0,0.0
2022-01-14 00:00:00+05:30,1165.944842649015,1180.8007931117002,1161.7363481041618,1167.7845458984375,19930176,0.0,0.0
2022-01-17 00:00:00+05:30,1167.324734601961,1179.7430362502082,1166.8647479397482,1173.8787841796875,8036453,0.0,0.0
2022-01-18 00:00:00+05:30,1175.0286416594704,1178.5241021817933,1157.0909874323577,1159.8736572265625,6215029,0.0,0.0
2022-01-19 00:00:00+05:30,1163.6452126297409,1169.1644443193836,1153.986465929809,1159.78173828125,9755485,0.0,0.0
2022-01-20 00:00:00+05:30,1149.8701166960786,1154.4235104143872,1129.1497907924452,1139.4754638671875,16494486,0.0,0.0
2022-01-21 00:00:00+05:30,1127.7699670595675,1150.881832229213,1127.7699670595675,1139.6593017578125,13338594,0.0,0.0
2022-01-24 00:00:00+05:30,1138.3485488551687,1152.031844890291,1083.2019728203093,1093.6885986328125,21868937,0.0,0.0
2022-01-25 00:00:00+05:30,1080.6491792587728,1098.6328206481023,1060.1589086316726,1091.5498046875,24510205,0.0,0.0
2022-01-27 00:00:00+05:30,1074.4170963519518,1083.6618433242697,1062.9416390166332,1075.3829345703125,20020431,0.0,0.0
2022-01-28 00:00:00+05:30,1087.7552767156205,1092.7685350371755,1070.9215416653008,1074.3480224609375,14667727,0.0,0.0
2022-01-31 00:00:00+05:30,1085.5475591921474,1106.7967280668267,1083.7077342660507,1097.68994140625,12143683,0.0,0.0
2022-02-01 00:00:00+05:30,1107.532630440116,1113.3277808795926,1079.5223514008655,1094.056396484375,13200509,0.0,0.0
2022-02-02 00:00:00+05:30,1107.0726465533696,1107.0726465533696,1092.4006419371772,1096.287109375,10017691,0.0,0.0
2022-02-03 00:00:00+05:30,1100.1735925040928,1104.520046649572,1079.5683559862218,1082.1209716796875,9572839,0.0,0.0
2022-02-04 00:00:00+05:30,1076.7167918420134,1080.143394612399,1067.5640178298283,1072.25537109375,11061241,0.0,0.0
2022-02-07 00:00:00+05:30,1077.176706539673,1083.9838034649576,1060.1589033977573,1065.7242431640625,10714467,0.0,0.0
2022-02-08 00:00:00+05:30,1071.9563979520285,1085.45562568809,1062.4586040482757,1083.6387939453125,12060849,0.0,0.0
2022-02-09 00:00:00+05:30,1090.5838540638526,1097.9659039959718,1084.5357776234798,1096.26416015625,11486225,0.0,0.0
2022-02-10 00:00:00+05:30,1101.8753244625298,1101.8753244625298,1087.8012659389428,1095.1373291015625,12464491,0.0,0.0
2022-02-11 00:00:00+05:30,1091.5498391070755,1096.7241721541845,1078.14258401781,1092.9986572265625,15943370,0.0,0.0
2022-02-14 00:00:00+05:30,1076.3718580054958,1083.132968662344,1063.8384681343343,1075.5899658203125,10719633,0.0,0.0
2022-02-15 00:00:00+05:30,1081.4080331724203,1114.8456920717915,1074.2790310081775,1112.1090087890625,11212671,0.0,0.0
2022-02-16 00:00:00+05:30,1117.6512407696775,1119.0310790446783,1101.9904048234089,1109.809326171875,10392840,0.0,0.0
2022-02-17 00:00:00+05:30,1113.0979289516767,1129.1037864672605,1108.4525623011614,1123.8604736328125,12853252,0.0,0.0
2022-02-18 00:00:00+05:30,1124.2744436438945,1129.7936753424995,1113.1208923372599,1115.07568359375,6775458,0.0,0.0
2022-02-21 00:00:00+05:30,1109.3723469184633,1121.1008507480717,1096.7700996029282,1103.80712890625,11107193,0.0,0.0
2022-02-22 00:00:00+05:30,1082.1900194230561,1101.9675001928738,1079.5454305644669,1098.7938232421875,13494914,0.0,0.0
2022-02-23 00:00:00+05:30,1104.359141430593,1106.8657707324564,1089.135176298745,1091.917724609375,7310110,0.0,0.0
2022-02-24 00:00:00+05:30,1060.158960222873,1076.210926066553,1031.8267733443083,1037.5069580078125,24846650,0.0,0.0
2022-02-25 00:00:00+05:30,1048.7064496811006,1061.5157582412219,1046.9357260977351,1050.477294921875,14570089,0.0,0.0
2022-02-28 00:00:00+05:30,1031.6427542444249,1088.836090385953,1031.6427542444249,1085.24853515625,21297446,0.0,0.0
2022-03-02 00:00:00+05:30,1073.7041862333124,1104.313191935258,1071.2895298534545,1103.186279296875,21471786,0.0,0.0
2022-03-03 00:00:00+05:30,1103.853088162656,1110.6831780507457,1090.0779421411653,1093.8724365234375,10186748,0.0,0.0
2022-03-04 00:00:00+05:30,1082.2359586413609,1087.433284784134,1067.2190547823845,1069.6107177734375,10805667,0.0,0.0
2022-03-07 00:00:00+05:30,1048.062543792475,1063.4245901514334,1021.9840610011711,1030.0560302734375,17983310,0.0,0.0
2022-03-08 00:00:00+05:30,1017.15471260279,1033.022671699446,1002.6666527333439,1028.1932373046875,21289374,0.0,0.0
2022-03-09 00:00:00+05:30,1028.4232481760012,1088.6751752286777,1027.572254595403,1082.741943359375,20414228,0.0,0.0
2022-03-10 00:00:00+05:30,1103.8531362657347,1106.1528262443749,1085.4556164366147,1100.28857421875,17980493,0.0,0.0
2022-03-11 00:00:00+05:30,1092.837573192031,1108.9125318700744,1092.837573192031,1103.462158203125,12257423,0.0,0.0
2022-03-14 00:00:00+05:30,1097.8279506801252,1115.0756866501265,1091.8947188005927,1112.52294921875,8340678,0.0,0.0
2022-03-15 00:00:00+05:30,1116.7083946483683,1116.7083946483683,1076.647706506215,1087.0423583984375,15925769,0.0,0.0
2022-03-16 00:00:00+05:30,1095.5742216319145,1107.4866716143144,1093.3205181665255,1105.3939208984375,11149828,0.0,0.0
2022-03-17 00:00:00+05:30,1118.9161345215448,1148.6511511297558,1110.798179116691,1141.43017578125,21422098,0.0,0.0
2022-03-21 00:00:00+05:30,1124.0904830906852,1142.4880029528408,1121.7907931079158,1134.85302734375,11999466,0.0,0.0
2022-03-22 00:00:00+05:30,1131.4954322110052,1165.9219247015074,1128.505944651967,1164.1741943359375,22557065,0.0,0.0
2022-03-23 00:00:00+05:30,1160.4256788282867,1179.6740709503422,1160.4256788282867,1167.8765869140625,15462187,0.0,0.0
2022-03-24 00:00:00+05:30,1154.446398925983,1188.550862216327,1154.446398925983,1186.0211181640625,13168266,0.0,0.0
2022-03-25 00:00:00+05:30,1187.791958111757,1203.1998682209792,1185.2622140706105,1193.93212890625,14222488,0.0,0.0
2022-03-28 00:00:00+05:30,1200.4402852623584,1209.5240792916047,1189.6317540941807,1205.9366455078125,9891424,0.0,0.0
2022-03-29 00:00:00+05:30,1213.318533649826,1213.318533649826,1199.2444746796405,1206.2125244140625,8684065,0.0,0.0
2022-03-30 00:00:00+05:30,1214.1925823666713,1236.3156182743273,1203.7059565264424,1229.3935546875,15811550,0.0,0.0
2022-03-31 00:00:00+05:30,1225.7139651105829,1227.8986888565696,1208.9951957157602,1211.82373046875,13223718,0.0,0.0
2022-04-01 00:00:00+05:30,1212.3986623033463,1225.8059167994163,1205.959579085997,1221.5284423828125,7922880,0.0,0.0
2022-04-04 00:00:00+05:30,1221.3445434274422,1230.3363643541509,1214.9974329650177,1225.1390380859375,7929162,0.0,0.0
2022-04-05 00:00:00+05:30,1219.3437085656012,1227.990630326521,1205.3616229391937,1207.822265625,13149870,0.0,0.0
2022-04-06 00:00:00+05:30,1189.9077844581643,1211.7087926136155,1189.9077844581643,1204.602783203125,12257215,0.0,0.0
2022-04-07 00:00:00+05:30,1193.5872160557346,1198.600596433949,1180.6629406673583,1183.3536376953125,15496499,0.0,0.0
2022-04-08 00:00:00+05:30,1177.4433171922024,1207.3394080629128,1177.4433171922024,1203.0389404296875,15152495,0.0,0.0
2022-04-11 00:00:00+05:30,1195.8408739516337,1213.5715897792154,1188.0219522453517,1200.5323486328125,9254209,0.0,0.0
2022-04-12 00:00:00+05:30,1189.8617140003776,1197.0368250479926,1175.327667550423,1177.9263916015625,13217742,0.0,0.0
2022-04-13 00:00:00+05:30,1184.1125241959965,1192.437419298868,1170.774248767616,1173.6029052734375,10354235,0.0,0.0
2022-04-18 00:00:00+05:30,1165.024993760278,1177.351321869604,1159.8736543294333,1170.0152587890625,9974224,0.0,0.0
2022-04-19 00:00:00+05:30,1176.5235386190186,1227.1168420873255,1173.3269900863634,1214.6064453125,26141820,0.0,0.0
2022-04-20 00:00:00+05:30,1222.1034583641165,1257.4727963576102,1218.4239299111132,1250.3206787109375,25072240,0.0,0.0
2022-04-21 00:00:00+05:30,1265.2457251327235,1282.7693804514076,1256.552816397424,1279.5958251953125,21708633,0.0,0.0
2022-04-22 00:00:00+05:30,1268.9252589629657,1288.7486044298203,1262.1641482481161,1268.8792724609375,15054154,0.0,0.0
2022-04-25 00:00:00+05:30,1261.3362865704134,1268.6952219109053,1225.1160761788174,1239.53515625,17063215,0.0,0.0
2022-04-26 00:00:00+05:30,1246.4341470319716,1285.528997974207,1245.376335881138,1276.629150390625,12227666,0.0,0.0
2022-04-27 00:00:00+05:30,1267.5224275878388,1300.70704173388,1267.154413914128,1277.87109375,19338945,0.0,0.0
2022-04-28 00:00:00+05:30,1292.40510257902,1311.285602555642,1281.4354972985834,1296.95849609375,25614076,0.0,0.0
2022-04-29 00:00:00+05:30,1313.6543319926768,1313.6543319926768,1277.3881349797773,1283.3443603515625,18214862,0.0,0.0
2022-05-02 00:00:00+05:30,1270.3510663237817,1290.358357522868,1268.5342345464846,1278.8369140625,9467006,0.0,0.0
2022-05-04 00:00:00+05:30,1280.9296664616948,1283.2293565065256,1230.9343099942873,1238.9141845703125,19247660,0.0,0.0
2022-05-05 00:00:00+05:30,1252.6432746846606,1255.6328837406568,1210.5589370637829,1214.65234375,17210669,0.0,0.0
2022-05-06 00:00:00+05:30,1201.4521555887736,1222.977243558998,1192.874213624106,1205.338623046875,19649948,0.0,0.0
2022-05-09 00:00:00+05:30,1184.31940448244,1194.5071173833442,1153.066589940709,1158.263916015625,18083752,0.0,0.0
2022-05-10 00:00:00+05:30,1147.5473340494402,1162.0813791568607,1130.529531377897,1138.1875,19511677,0.0,0.0
2022-05-11 00:00:00+05:30,1137.2677498711816,1142.9250629861663,1113.948821525285,1126.5281982421875,16643899,0.0,0.0
2022-05-12 00:00:00+05:30,1116.5015458433472,1119.882040395505,1090.0550489843536,1103.5772705078125,20490321,0.0,0.0
2022-05-13 00:00:00+05:30,1115.811605405234,1139.7283575501046,1110.9131913966526,1116.0875244140625,19308778,0.0,0.0
2022-05-16 00:00:00+05:30,1119.698033258395,1141.1081553396548,1111.5110980560314,1116.363525390625,13437911,0.0,0.0
2022-05-17 00:00:00+05:30,1119.996914037693,1168.1985505859639,1118.5710892680122,1163.254150390625,16551828,0.0,0.0
2022-05-18 00:00:00+05:30,1168.0836639526715,1182.0427570455452,1153.6415909347604,1167.4857177734375,17276788,0.0,0.0
2022-05-19 00:00:00+05:30,1142.4880284063154,1155.5962494343985,1134.2321132030359,1140.5792236328125,14699118,0.0,0.0
2022-05-20 00:00:00+05:30,1155.5962642826478,1216.2621927845487,1150.7669516464105,1207.08642578125,21793091,0.0,0.0
2022-05-23 00:00:00+05:30,1210.3289085317176,1220.4706349503078,1192.621307972656,1199.0145263671875,15252755,0.0,0.0
2022-05-24 00:00:00+05:30,1199.0605677361061,1213.3185731725212,1194.783093110734,1203.1309814453125,13527818,0.0,0.0
2022-05-25 00:00:00+05:30,1211.9388278940282,1221.9194801272617,1196.5307952998805,1201.3602294921875,12714544,0.0,0.0
2022-05-26 00:00:00+05:30,1207.063355391689,1211.8927893767086,1171.9240740010268,1189.90771484375,17882023,0.0,0.0
2022-05-27 00:00:00+05:30,1192.6443429763065,1198.2095612537248,1168.2905974209798,1184.388427734375,16521973,0.0,0.0
2022-05-30 00:00:00+05:30,1202.739970263868,1229.8763859822861,1193.1733180041954,1225.64501953125,13853398,0.0,0.0
2022-05-31 00:00:00+05:30,1214.8823372964077,1232.08408685755,1203.0619816324156,1210.85791015625,70620653,0.0,0.0
2022-06-01 00:00:00+05:30,1211.6167933718436,1221.2295535398039,1203.2918985349984,1211.2489013671875,9776989,0.0,0.0
2022-06-02 00:00:00+05:30,1211.4788507764094,1256.7598606758531,1211.4788507764094,1253.0113525390625,22126569,0.0,0.0
2022-06-03 00:00:00+05:30,1262.0721397769444,1295.8085909926656,1261.1521664474096,1278.39990234375,23939791,0.0,0.0
2022-06-06 00:00:00+05:30,1278.6299792260756,1294.2678229023193,1265.659595954728,1272.9036865234375,11093152,0.0,0.0
2022-06-07 00:00:00+05:30,1273.9844295400596,1283.735148945494,1265.774622834587,1275.2952880859375,12358255,0.0,0.0
2022-06-08 00:00:00+05:30,1275.2953160368422,1279.0898106022275,1249.3318002410201,1252.8963623046875,12479250,0.0,0.0
2022-06-09 00:00:00+05:30,1246.4341946247357,1289.2084538069907,1246.4341946247357,1287.2537841796875,17278305,0.0,0.0
2022-06-10 00:00:00+05:30,1274.9043906380234,1283.1832986706584,1242.524664147216,1248.388916015625,18093057,0.0,0.0
2022-06-13 00:00:00+05:30,1218.8378859391887,1229.3243895786466,1203.3378804959323,1224.77099609375,17620803,0.0,0.0
2022-06-14 00:00:00+05:30,1218.860876741871,1228.8875153571094,1202.0270195057526,1208.76513671875,14714312,0.0,0.0
2022-06-15 00:00:00+05:30,1203.912873363744,1212.9966673848044,1188.6659148241288,1194.13916015625,11195535,0.0,0.0
2022-06-16 00:00:00+05:30,1206.419477982083,1223.0002880530299,1174.6836826857882,1177.443359375,17111475,0.0,0.0
2022-06-17 00:00:00+05:30,1177.443315461497,1207.2703048819412,1175.649598674853,1191.241455078125,24457187,0.0,0.0
2022-06-20 00:00:00+05:30,1198.1406003588986,1203.7059403813203,1159.5517205064098,1169.6474609375,12066797,0.0,0.0
2022-06-21 00:00:00+05:30,1177.4433822854514,1192.8053070641765,1162.8633496962289,1188.5279541015625,11720049,0.0,0.0
2022-06-22 00:00:00+05:30,1176.5695364170085,1176.6615094222943,1150.3069853983677,1152.4227294921875,10617206,0.0,0.0
2022-06-23 00:00:00+05:30,1156.769081379782,1161.3454679315114,1124.550307866008,1133.72607421875,19446323,0.0,0.0
2022-06-24 00:00:00+05:30,1140.648363490027,1154.9063691870026,1135.1290098964466,1149.8701171875,14240234,0.0,0.0
2022-06-27 00:00:00+05:30,1170.5212630419335,1170.5212630419335,1141.3610775959917,1146.4664306640625,15474529,0.0,0.0
2022-06-28 00:00:00+05:30,1141.6141511812561,1165.4619231999677,1141.6141511812561,1162.5872802734375,13572847,0.0,0.0
2022-06-29 00:00:00+05:30,1153.1585552908457,1194.4611229602185,1150.3069056949116,1186.7110595703125,19205146,0.0,0.0
2022-06-30 00:00:00+05:30,1186.6421060627367,1203.15393619574,1180.2030227371672,1193.8402099609375,23112959,0.0,0.0
2022-07-01 00:00:00+05:30,1184.2964679186614,1192.1613763284265,1087.7553498073405,1107.8546142578125,81997149,0.0,0.0
2022-07-04 00:00:00+05:30,1094.1714327445652,1123.1705450191005,1088.2611940227237,1110.154296875,41857728,0.0,0.0
2022-07-05 00:00:00+05:30,1114.4317717986737,1133.703157432648,1111.7180815706445,1119.1461181640625,17647327,0.0,0.0
2022-07-06 00:00:00+05:30,1113.097839125713,1123.1474705568203,1098.3338616714739,1109.3033447265625,23943726,0.0,0.0
2022-07-07 00:00:00+05:30,1115.7655778494411,1119.1460722128486,1092.3546780821541,1098.3798828125,23301033,0.0,0.0
2022-07-08 00:00:00+05:30,1112.132060809986,1112.132060809986,1095.8271698126987,1099.897705078125,19010108,0.0,0.0
2022-07-11 00:00:00+05:30,1093.044574615972,1117.0992848823632,1090.0549655625578,1114.845703125,13847467,0.0,0.0
2022-07-12 00:00:00+05:30,1105.692793532443,1122.1126498573253,1105.692793532443,1113.2587890625,10778989,0.0,0.0
2022-07-13 00:00:00+05:30,1116.409521056426,1119.4911032003959,1091.4348367457594,1093.5274658203125,14224132,0.0,0.0
2022-07-14 00:00:00+05:30,1098.3338634372483,1119.4680658606467,1093.2515037619112,1102.542236328125,16970315,0.0,0.0
2022-07-15 00:00:00+05:30,1110.7522216339905,1110.7522216339905,1096.0802163984574,1104.6810302734375,9603210,0.0,0.0
2022-07-18 00:00:00+05:30,1113.511839105757,1115.3515423534514,1100.311524254028,1114.0867919921875,15160908,0.0,0.0
2022-07-19 00:00:00+05:30,1103.9911610194633,1125.470385913788,1103.9911610194633,1120.9169921875,16439888,0.0,0.0
2022-07-20 00:00:00+05:30,1168.2446102886677,1169.3943944817267,1143.5228510776737,1151.226806640625,23924246,0.0,0.0
2022-07-21 00:00:00+05:30,1147.0873450535619,1149.8470216047529,1134.8070033840895,1143.5457763671875,16523230,0.0,0.0
2022-07-22 00:00:00+05:30,1149.847124317097,1157.344140847768,1147.5474342048149,1151.27294921875,10969995,0.0,0.0
2022-07-25 00:00:00+05:30,1134.8760161735265,1134.8760161735265,1105.2329722641427,1113.23583984375,23110452,0.0,0.0
2022-07-26 00:00:00+05:30,1113.5578752875665,1124.0445005765534,1109.0734615566523,1113.7418212890625,11303288,0.0,0.0
2022-07-27 00:00:00+05:30,1113.0288586981937,1116.2713934580133,1104.7729440217643,1112.6839599609375,8655086,0.0,0.0
2022-07-28 00:00:00+05:30,1120.4109892667864,1135.1059880271541,1113.511919106163,1130.11572265625,12496073,0.0,0.0
2022-07-29 00:00:00+05:30,1138.2104961995494,1157.7119348283582,1133.2892108721433,1154.193359375,15130683,0.0,0.0
2022-08-01 00:00:00+05:30,1158.6548203587154,1190.2066693262916,1153.3425279468465,1184.2734375,15700044,0.0,0.0
2022-08-02 00:00:00+05:30,1183.1926721893649,1199.4284622150026,1178.1562986141423,1188.7808837890625,13917913,0.0,0.0
2022-08-03 00:00:00+05:30,1195.8408452504586,1200.440225162284,1180.8699281158933,1198.761474609375,14250977,0.0,0.0
2022-08-04 00:00:00+05:30,1200.4402812920177,1204.0048434704452,1165.9449303404083,1182.9166259765625,14467127,0.0,0.0
2022-08-05 00:00:00+05:30,1184.8023558077534,1186.090099427424,1162.2423284966412,1165.48486328125,13942438,0.0,0.0
2022-08-08 00:00:00+05:30,1164.1050159273955,1188.2748138176357,1164.1050159273955,1180.7318115234375,10165178,0.0,0.0
2022-08-10 00:00:00+05:30,1185.216261574069,1191.1954797957255,1176.0864814925962,1187.7919921875,10724688,0.0,0.0
2022-08-11 00:00:00+05:30,1197.2666680770274,1200.3942366793087,1186.7340564654241,1191.7474365234375,8198226,0.0,0.0
2022-08-12 00:00:00+05:30,1191.379400771537,1214.8592797603465,1187.654007743582,1211.018798828125,12650587,0.0,0.0
2022-08-16 00:00:00+05:30,1217.0899925320782,1222.1953455055432,1208.3972060191988,1219.4356689453125,6607378,0.0,0.0
2022-08-17 00:00:00+05:30,1225.7369284540578,1231.2101734819034,1221.3904743183834,1225.805908203125,6595965,0.0,0.0
2022-08-18 00:00:00+05:30,1223.4373321252378,1227.5767256730335,1214.3305446626725,1224.0352783203125,7410035,0.0,0.0
2022-08-19 00:00:00+05:30,1218.8378555159682,1224.2191275313057,1198.1175311916793,1202.2110595703125,9460724,0.0,0.0
2022-08-22 00:00:00+05:30,1203.6599125073767,1210.2369553515737,1189.4017858325024,1198.87646484375,9471680,0.0,0.0
2022-08-23 00:00:00+05:30,1193.081323330021,1220.3097115574392,1191.8624377401038,1217.3660888671875,9678484,0.0,0.0
2022-08-24 00:00:00+05:30,1214.284487494118,1228.036640893449,1212.099763761411,1214.1234130859375,10369622,0.0,0.0
2022-08-25 00:00:00+05:30,1218.3549667807256,1224.7710571669231,1206.2355768002062,1210.58203125,7871946,0.0,0.0
2022-08-26 00:00:00+05:30,1211.018820830282,1218.8378639904224,1199.0605060782786,1204.1197509765625,10742038,0.0,0.0
2022-08-29 00:00:00+05:30,1188.9417444490082,1221.137524651526,1185.7451961752163,1194.760009765625,19838975,0.0,0.0
2022-08-30 00:00:00+05:30,1202.2800622399502,1216.6531550236305,1185.0783130681898,1213.2955322265625,23139054,0.0,0.0
2022-09-01 00:00:00+05:30,1187.861019131877,1198.1175905211735,1173.165898742294,1177.6273193359375,19909939,0.0,0.0
2022-09-02 00:00:00+05:30,1177.6272753498831,1184.5033519896683,1161.6674051067212,1163.8751220703125,12999345,0.0,0.0
2022-09-05 00:00:00+05:30,1164.1051229084167,1187.3320780607853,1164.1051229084167,1181.9508056640625,11327815,0.0,0.0
2022-09-06 00:00:00+05:30,1183.4226058924755,1198.6005847290899,1182.9626192142034,1194.39208984375,10899618,0.0,0.0
2022-09-07 00:00:00+05:30,1184.3424459943237,1193.4952197087528,1182.0427559403076,1187.447021484375,7488501,0.0,0.0
2022-09-08 00:00:00+05:30,1190.4365909895637,1194.92100469384,1182.5027031480952,1189.125732421875,7057077,0.0,0.0
2022-09-09 00:00:00+05:30,1200.440250739171,1200.440250739171,1179.283054031032,1181.7208251953125,8314850,0.0,0.0
2022-09-12 00:00:00+05:30,1182.2956143215836,1201.3601812557843,1182.2956143215836,1194.9439697265625,7435419,0.0,0.0
2022-09-13 00:00:00+05:30,1204.1197971862355,1209.5010694455018,1196.30087538344,1204.9246826171875,8888657,0.0,0.0
2022-09-14 00:00:00+05:30,1184.3423730956038,1200.440202482862,1183.3075552150858,1190.4825439453125,8678219,0.0,0.0
2022-09-15 00:00:00+05:30,1188.0218997986424,1197.4735851800908,1175.9484973589733,1178.6851806640625,10365600,0.0,0.0
2022-09-16 00:00:00+05:30,1169.96927375163,1174.223754810153,1145.7075027397043,1149.47900390625,20217708,0.0,0.0
2022-09-19 00:00:00+05:30,1149.4790723470642,1160.2876033490063,1141.2691436390471,1150.973876953125,7580254,0.0,0.0
2022-09-20 00:00:00+05:30,1160.1726511609857,1167.1868092636353,1147.409328728149,1151.1578369140625,8411448,0.0,0.0
2022-09-21 00:00:00+05:30,1148.352324321071,1165.0251081171252,1147.5474388613768,1154.33154296875,9207309,0.0,0.0
2022-09-22 00:00:00+05:30,1143.4078709210082,1151.2267926424513,1137.0147740412535,1143.453857421875,10308170,0.0,0.0
2022-09-23 00:00:00+05:30,1142.9480164478682,1147.984268283658,1120.4569675944217,1122.020751953125,9528051,0.0,0.0
2022-09-26 00:00:00+05:30,1101.1165093645345,1112.0401285665,1092.4237221628634,1093.435546875,12479523,0.0,0.0
2022-09-27 00:00:00+05:30,1101.0934783834189,1115.811591823336,1085.5016214261807,1102.12841796875,16154822,0.0,0.0
2022-09-28 00:00:00+05:30,1085.616603879626,1093.7345596431844,1070.3236589500896,1072.7843017578125,16997059,0.0,0.0
2022-09-29 00:00:00+05:30,1085.4555976123777,1088.9050716918123,1063.8384148621258,1069.4957275390625,14671827,0.0,0.0
2022-09-30 00:00:00+05:30,1062.918650138707,1104.7730591097306,1062.918650138707,1093.61962890625,18613024,0.0,0.0
2022-10-03 00:00:00+05:30,1099.9436849035235,1111.6490741477144,1086.8354640785687,1089.8250732421875,11852723,0.0,0.0
2022-10-04 00:00:00+05:30,1102.8413005408793,1112.1320333624838,1099.3227250293241,1109.92431640625,8948850,0.0,0.0
2022-10-06 00:00:00+05:30,1117.191376893932,1126.8500015137347,1112.2009901811107,1114.0177001953125,13352162,0.0,0.0
2022-10-07 00:00:00+05:30,1110.5912291582486,1124.0444699848515,1110.5912291582486,1118.732177734375,7714340,0.0,0.0
2022-10-10 00:00:00+05:30,1106.1528603536551,1111.94813280779,1098.3339385166566,1106.5208740234375,6329527,0.0,0.0
2022-10-11 00:00:00+05:30,1110.2921861717696,1110.2921861717696,1081.3620554790825,1084.4896240234375,9215177,0.0,0.0
2022-10-12 00:00:00+05:30,1081.7760404797648,1095.4362202493967,1077.682512204244,1092.4696044921875,7417103,0.0,0.0
2022-10-13 00:00:00+05:30,1090.698948034454,1101.0934787906538,1085.5016218276492,1095.9422607421875,7328492,0.0,0.0
2022-10-14 00:00:00+05:30,1110.752258389174,1111.3731978274884,1089.641047430963,1090.376953125,9106089,0.0,0.0
2022-10-17 00:00:00+05:30,1083.1559266169068,1110.2922197058776,1077.9126139996529,1107.8775634765625,16729355,0.0,0.0
2022-10-18 00:00:00+05:30,1113.9718069928717,1132.8293144820286,1113.1209350379079,1127.425048828125,12415820,0.0,0.0
2022-10-19 00:00:00+05:30,1128.9197812054256,1162.6563532645976,1123.032535994009,1147.0413818359375,19247142,0.0,0.0
2022-10-20 00:00:00+05:30,1142.948057499258,1158.5859016479576,1142.948057499258,1150.123046875,8717053,0.0,0.0
2022-10-21 00:00:00+05:30,1153.3884704864518,1157.5739718186544,1134.6690457106695,1136.78466796875,8243452,0.0,0.0
2022-10-24 00:00:00+05:30,1131.4494432486488,1150.99686936639,1129.2878343757616,1140.5792236328125,3370033,0.0,0.0
2022-10-25 00:00:00+05:30,1149.3871266632711,1149.3871266632711,1121.3308588982,1122.963623046875,12233241,0.0,0.0
2022-10-27 00:00:00+05:30,1130.5295902810005,1135.336031256514,1118.9391671216881,1127.3790283203125,12513059,0.0,0.0
2022-10-28 00:00:00+05:30,1133.7491429908357,1165.9449253999946,1131.1965271781787,1161.87451171875,17609592,0.0,0.0
2022-10-31 00:00:00+05:30,1168.704586804376,1177.880353648042,1164.6570447696022,1172.6600341796875,12419943,0.0,0.0
2022-11-01 00:00:00+05:30,1195.840810057763,1195.840810057763,1153.5265404457298,1163.576171875,13963166,0.0,0.0
2022-11-02 00:00:00+05:30,1164.7029688313196,1172.9358903051723,1156.746088006236,1170.8431396484375,8981896,0.0,0.0
2022-11-03 00:00:00+05:30,1163.5762368979751,1177.2364174957786,1161.36851988301,1175.212646484375,6693449,0.0,0.0
2022-11-04 00:00:00+05:30,1174.6376726014348,1195.840855540925,1173.349928942079,1192.50634765625,12575815,0.0,0.0
2022-11-07 00:00:00+05:30,1191.7014758344235,1200.5783303379505,1183.8825541593735,1198.87646484375,11789748,0.0,0.0
2022-11-09 00:00:00+05:30,1200.5783001567072,1205.936578943056,1191.264452474269,1197.6806640625,11254205,0.0,0.0
2022-11-10 00:00:00+05:30,1191.2414810764515,1194.2540834745157,1178.8231794819433,1183.192626953125,5966242,0.0,0.0
2022-11-11 00:00:00+05:30,1195.84090029793,1212.39871740566,1190.3216684811573,1210.467041015625,12310132,0.0,0.0
2022-11-14 00:00:00+05:30,1209.984055489621,1215.1583885190164,1198.209564567092,1204.602783203125,9043112,0.0,0.0
2022-11-15 00:00:00+05:30,1206.097556301227,1207.983246131467,1191.2414835315542,1199.198486328125,7086433,0.0,0.0
2022-11-16 00:00:00+05:30,1200.4402214366196,1203.176904788347,1187.2630211450444,1192.3223876953125,9716161,0.0,0.0
2022-11-17 00:00:00+05:30,1188.9188609338664,1201.820143123386,1186.6421640768924,1195.404052734375,6661451,0.0,0.0
2022-11-18 00:00:00+05:30,1198.9453894140843,1199.9803289446322,1182.5486479014241,1194.760009765625,5303197,0.0,0.0
2022-11-21 00:00:00+05:30,1190.3216022482693,1190.3216022482693,1169.6703793431966,1173.2579345703125,6390268,0.0,0.0
2022-11-22 00:00:00+05:30,1170.5442382750064,1181.3527687408296,1166.6347775740112,1179.7659912109375,6611488,0.0,0.0
2022-11-23 00:00:00+05:30,1184.3424632469512,1185.6763151286382,1173.878830768657,1176.0865478515625,6413408,0.0,0.0
2022-11-24 00:00:00+05:30,1180.2030664399551,1193.0813552253842,1172.0161308210024,1186.228271484375,9389439,0.0,0.0
2022-11-25 00:00:00+05:30,1190.7815841122738,1207.2932920756823,1187.607907391,1203.935791015625,7349922,0.0,0.0
2022-11-28 00:00:00+05:30,1199.934391018083,1251.5165238518887,1150.766914424293,1245.307373046875,31527484,0.0,0.0
2022-11-29 00:00:00+05:30,1243.65155018564,1256.3918795303898,1239.0751632509507,1247.446044921875,11058913,0.0,0.0
2022-11-30 00:00:00+05:30,1247.5841124084363,1262.7390979360157,1241.0069477186007,1256.25390625,26164986,0.0,0.0
2022-12-01 00:00:00+05:30,1261.0602327342815,1267.13142427983,1249.1938903136088,1252.5513916015625,9485801,0.0,0.0
2022-12-02 00:00:00+05:30,1255.632887325606,1263.9117953768164,1242.1106667867152,1252.0223388671875,11589592,0.0,0.0
2022-12-05 00:00:00+05:30,1247.3540180931716,1249.5387418358125,1231.7161747988694,1233.7628173828125,14828536,0.0,0.0
2022-12-06 00:00:00+05:30,1225.78295598666,1240.4549612701612,1223.8971444768088,1237.327392578125,8594245,0.0,0.0
2022-12-07 00:00:00+05:30,1234.9357692256222,1239.5351494095783,1215.227389856721,1219.06787109375,8462111,0.0,0.0
2022-12-08 00:00:00+05:30,1223.437320538369,1225.7370106336791,1214.2845466595904,1218.492919921875,7757008,0.0,0.0
2022-12-09 00:00:00+05:30,1216.9980623203398,1223.4372673014593,1196.6917376170852,1200.0263671875,12655763,0.0,0.0
2022-12-12 00:00:00+05:30,1189.1718680278302,1206.4194824267163,1188.9418138646083,1201.8660888671875,9479842,0.0,0.0
2022-12-13 00:00:00+05:30,1201.8661105427555,1211.0188843280448,1198.9224877856395,1207.3394775390625,8333348,0.0,0.0
2022-12-14 00:00:00+05:30,1213.157561939273,1213.75550809315,1200.9002132431228,1202.969970703125,7268947,0.0,0.0
2022-12-15 00:00:00+05:30,1196.9907431700842,1202.739907193281,1182.5026843775568,1185.8831787109375,8688551,0.0,0.0
2022-12-16 00:00:00+05:30,1182.5026784817028,1204.4877531361208,1176.5924400827703,1180.0189208984375,15837349,0.0,0.0
2022-12-19 00:00:00+05:30,1187.10205335939,1197.6806513212362,1180.5248890930966,1195.5189208984375,7729933,0.0,0.0
2022-12-20 00:00:00+05:30,1188.4359932668503,1207.7993521951357,1180.203071113122,1205.86767578125,7467588,0.0,0.0
2022-12-21 00:00:00+05:30,1205.499663911626,1211.0188958048175,1184.8484395715245,1188.7119140625,8527550,0.0,0.0
2022-12-22 00:00:00+05:30,1194.9209817543367,1197.9795705819547,1180.5478892580115,1185.6302490234375,7451122,0.0,0.0
2022-12-23 00:00:00+05:30,1178.961139732661,1191.4715359930974,1146.2824999933912,1150.85888671875,10257115,0.0,0.0
2022-12-26 00:00:00+05:30,1156.6312163330072,1169.1644847341245,1146.3515298604511,1160.9085693359375,5990242,0.0,0.0
2022-12-27 00:00:00+05:30,1163.6452612635248,1172.292061993933,1156.8611572054106,1170.4063720703125,5763271,0.0,0.0
2022-12-28 00:00:00+05:30,1167.3247658459143,1172.7520246497252,1159.7357764894384,1170.2913818359375,7459393,0.0,0.0
2022-12-29 00:00:00+05:30,1162.2653133016534,1172.337937979595,1161.575394169476,1169.7623291015625,6930648,0.0,0.0
2022-12-30 00:00:00+05:30,1170.5903141338697,1185.2623199217237,1168.750610719106,1171.55615234375,7289476,0.0,0.0
2023-01-02 00:00:00+05:30,1172.844019047458,1186.182294620444,1172.0161403441418,1184.7564697265625,5316175,0.0,0.0
2023-01-03 00:00:00+05:30,1179.7660763230713,1183.4226115434274,1171.8321881012346,1176.0865478515625,7658932,0.0,0.0
2023-01-04 00:00:00+05:30,1176.063513894888,1177.9263321460267,1156.286155495292,1158.37890625,9264891,0.0,0.0
2023-01-05 00:00:00+05:30,1160.6556585715543,1166.5888907069561,1151.6868306140784,1156.3092041015625,13637099,0.0,0.0
2023-01-06 00:00:00+05:30,1162.104379487104,1171.901085334715,1158.2638985279552,1166.8187255859375,6349597,0.0,0.0
2023-01-09 00:00:00+05:30,1170.6822001482906,1196.7608031365323,1169.7853417588012,1194.3690185546875,10722753,0.0,0.0
2023-01-10 00:00:00+05:30,1198.6004989520484,1198.6004989520484,1171.004220008536,1176.7073974609375,8047142,0.0,0.0
2023-01-11 00:00:00+05:30,1173.9939014166375,1176.5235239784797,1159.5517067568273,1161.87451171875,11509553,0.0,0.0
2023-01-12 00:00:00+05:30,1161.2764932564016,1164.7949470416775,1133.7490724205254,1136.78466796875,17688773,0.0,0.0
2023-01-13 00:00:00+05:30,1130.7135801419379,1137.382717988861,1119.7670892320261,1134.945068359375,20618583,0.0,0.0
2023-01-16 00:00:00+05:30,1137.2906819043553,1140.487230312916,1116.2714448067097,1124.136474609375,13623855,0.0,0.0
2023-01-17 00:00:00+05:30,1130.529540108698,1142.0279897553492,1127.1260525425478,1140.0963134765625,10751000,0.0,0.0
2023-01-18 00:00:00+05:30,1137.6587332657807,1145.7535741813722,1131.610535001351,1138.2105712890625,13448286,0.0,0.0
2023-01-19 00:00:00+05:30,1137.3827065603527,1141.1772013040625,1129.908683329195,1136.9918212890625,11940054,0.0,0.0
2023-01-20 00:00:00+05:30,1138.348549606544,1138.348549606544,1120.9859683741388,1123.4696044921875,14930286,0.0,0.0
2023-01-23 00:00:00+05:30,1126.3902425998535,1134.3011376985096,1115.351657006759,1117.789306640625,10954118,0.0,0.0
2023-01-24 00:00:00+05:30,1122.2506655622635,1123.9294161459254,1098.0348800033605,1111.189208984375,16488755,0.0,0.0
2023-01-25 00:00:00+05:30,1109.5794233998006,1110.6142413050682,1094.654371032518,1095.8271484375,12385018,0.0,0.0
2023-01-27 00:00:00+05:30,1096.678140099742,1098.034863501992,1063.217486893602,1075.0379638671875,25830975,0.0,0.0
2023-01-30 00:00:00+05:30,1072.4394162090243,1090.928909857065,1058.319248553676,1085.3406982421875,21772103,0.0,0.0
2023-01-31 00:00:00+05:30,1095.5742210042522,1098.1729448745136,1076.7167146370466,1082.626953125,22691594,0.0,0.0
2023-02-01 00:00:00+05:30,1094.6314517341445,1094.6314517341445,1060.1589714857873,1076.2109375,19347800,0.0,0.0
2023-02-02 00:00:00+05:30,1066.1381169902672,1079.9362567805736,1062.918575370677,1070.254638671875,13662663,0.0,0.0
2023-02-03 00:00:00+05:30,1080.3962698507262,1080.3962698507262,1054.639692949479,1071.197509765625,24699575,0.0,0.0
2023-02-06 00:00:00+05:30,1064.758252300522,1067.5179288531754,1060.526886131511,1063.12548828125,14837879,0.0,0.0
2023-02-07 00:00:00+05:30,1063.3785390367857,1070.461554778233,1054.6396443640792,1060.5728759765625,15135435,0.0,0.0
2023-02-08 00:00:00+05:30,1063.8383908943295,1085.4095866592613,1061.0788360244344,1081.7530517578125,21160332,0.0,0.0
2023-02-09 00:00:00+05:30,1082.4430232743764,1090.4458909389937,1073.4971890342756,1083.6387939453125,13172763,0.0,0.0
2023-02-10 00:00:00+05:30,1083.1099389502226,1083.1099389502226,1067.6559201159162,1074.716064453125,10790445,0.0,0.0
2023-02-13 00:00:00+05:30,1076.3488187210557,1080.8562256328469,1064.0914700413339,1068.598876953125,10352493,0.0,0.0
2023-02-14 00:00:00+05:30,1071.6344895721918,1095.5282479080226,1068.7368534175557,1093.780517578125,14321920,0.0,0.0
2023-02-15 00:00:00+05:30,1092.8145134231204,1120.9628735056344,1091.4347968097766,1118.548095703125,33503591,0.0,0.0
2023-02-16 00:00:00+05:30,1126.5971576954084,1133.1973156581514,1115.374626330866,1117.67431640625,17264487,0.0,0.0
2023-02-17 00:00:00+05:30,1113.051918268003,1125.7002742302243,1108.728457225697,1122.3426513671875,11809520,0.0,0.0
2023-02-20 00:00:00+05:30,1124.5503776268845,1126.7351014165042,1108.4985338261392,1110.476318359375,8836937,0.0,0.0
2023-02-21 00:00:00+05:30,1114.8917428273016,1125.3782466066843,1109.5333421989399,1119.537109375,13311592,0.0,0.0
2023-02-22 00:00:00+05:30,1115.7886145537466,1117.6513111821655,1092.3777138747214,1094.1484375,11024335,0.0,0.0
2023-02-23 00:00:00+05:30,1093.7345857521343,1101.4385415278039,1086.0766164791605,1088.9051513671875,9851910,0.0,0.0
2023-02-24 00:00:00+05:30,1090.974807186274,1102.0823714122969,1089.1351039352396,1096.3560791015625,9434053,0.0,0.0
2023-02-27 00:00:00+05:30,1095.5742247042472,1099.092800240483,1081.6381253740872,1089.0660400390625,11199715,0.0,0.0
2023-02-28 00:00:00+05:30,1083.661738337956,1088.6751182704968,1064.1374283121422,1068.2308349609375,21994038,0.0,0.0
2023-03-01 00:00:00+05:30,1078.0965236079578,1078.786442744103,1068.552743605787,1078.050537109375,11551145,0.0,0.0
2023-03-02 00:00:00+05:30,1074.877071859502,1081.6151893813287,1067.7939339120821,1069.8406982421875,9333535,0.0,0.0
2023-03-03 00:00:00+05:30,1080.4652780163767,1100.8405832368198,1076.9698172202638,1097.1380615234375,14643807,0.0,0.0
2023-03-06 00:00:00+05:30,1103.8531802999858,1115.167684644024,1103.8531802999858,1107.8546142578125,10171916,0.0,0.0
2023-03-08 00:00:00+05:30,1107.8545676858055,1112.5920287907088,1096.9540639750805,1111.8331298828125,15782657,0.0,0.0
2023-03-09 00:00:00+05:30,1111.2121925274062,1111.626071028437,1083.2019126335556,1085.110595703125,16235128,0.0,0.0
2023-03-10 00:00:00+05:30,1076.946849261616,1078.096633500789,1064.7813509705566,1068.2999267578125,13334091,0.0,0.0
2023-03-13 00:00:00+05:30,1071.1975021504456,1078.0965721652258,1046.3607771027916,1050.730224609375,12771592,0.0,0.0
2023-03-14 00:00:00+05:30,1048.6604260104928,1060.1358823350738,1043.6241744417982,1046.7977294921875,16027522,0.0,0.0
2023-03-15 00:00:00+05:30,1050.5463050979442,1057.0773616147742,1024.4677005602011,1028.9061279296875,21728555,0.0,0.0
2023-03-16 00:00:00+05:30,1031.642800958016,1036.7020460506935,1012.8772669730116,1023.7777709960938,18363159,0.0,0.0
2023-03-17 00:00:00+05:30,1032.447648961447,1035.7591635680553,1017.7066034944803,1022.489990234375,34014213,0.0,0.0
2023-03-20 00:00:00+05:30,1018.7644854732627,1021.0641754520711,1002.6665947928997,1012.4403076171875,19524589,0.0,0.0
2023-03-21 00:00:00+05:30,1020.5811759546602,1045.9008801430507,1019.6843175618982,1043.923095703125,21400360,0.0,0.0
2023-03-22 00:00:00+05:30,1050.9601540181045,1053.9267699311881,1044.0610840236386,1047.0966796875,10920094,0.0,0.0
2023-03-23 00:00:00+05:30,1043.1411965418688,1044.0150616791284,1031.6657401953364,1033.8504638671875,16249370,0.0,0.0
2023-03-24 00:00:00+05:30,1032.6776182786118,1034.8623420635395,1010.9455291687502,1013.3831787109375,12375945,0.0,0.0
2023-03-27 00:00:00+05:30,1019.9142943183331,1036.7019819057396,1011.9573526747498,1029.135986328125,14054323,0.0,0.0
2023-03-28 00:00:00+05:30,1032.5626665090388,1037.851965836896,1028.88313806478,1033.9425048828125,12576424,0.0,0.0
2023-03-29 00:00:00+05:30,1029.802980263891,1032.4706839829048,1016.970738986711,1027.8253173828125,18804065,0.0,0.0
2023-03-31 00:00:00+05:30,1037.1620497688689,1077.8436803794798,1037.0240902625592,1072.140380859375,28171201,0.0,0.0
2023-04-03 00:00:00+05:30,1078.5566068531084,1080.396310276001,1064.758344551756,1072.3243408203125,10293043,0.0,0.0
2023-04-05 00:00:00+05:30,1079.936248412147,1079.936248412147,1061.7917762389584,1069.7486572265625,16262928,0.0,0.0
2023-04-06 00:00:00+05:30,1066.207147870484,1082.6959853227593,1066.207147870484,1076.9237060546875,18435046,0.0,0.0
2023-04-10 00:00:00+05:30,1080.8562477100563,1081.040193712481,1067.770898454241,1069.2886962890625,12961408,0.0,0.0
2023-04-11 00:00:00+05:30,1073.4971985005213,1076.7167401949669,1068.920811713945,1074.5780029296875,10542367,0.0,0.0
2023-04-12 00:00:00+05:30,1074.5779686414392,1089.043034211831,1071.6804542033399,1079.3154296875,18179087,0.0,0.0
2023-04-13 00:00:00+05:30,1082.235958434164,1088.1232037386494,1077.176713450854,1083.3858642578125,12378208,0.0,0.0
2023-04-17 00:00:00+05:30,1115.3285752422819,1115.3285752422819,1080.419225957076,1088.882080078125,17929479,0.0,0.0
2023-04-18 00:00:00+05:30,1093.2745760254904,1093.2745760254904,1069.817688765236,1076.4178466796875,10405576,0.0,0.0
2023-04-19 00:00:00+05:30,1075.8198978287937,1084.4896916142336,1072.669335838707,1081.776123046875,12273475,0.0,0.0
2023-04-20 00:00:00+05:30,1082.7419503405176,1084.9956538690703,1072.6233385413104,1079.0394287109375,7007330,0.0,0.0
2023-04-21 00:00:00+05:30,1081.1551391371665,1085.9154718026577,1074.6009680103637,1080.396240234375,7647317,0.0,0.0
2023-04-24 00:00:00+05:30,1092.3546882106136,1095.0682566949747,1079.936264979135,1084.5357666015625,12936186,0.0,0.0
2023-04-25 00:00:00+05:30,1088.2151512921998,1094.9302751034238,1081.0861489874744,1092.8375244140625,9236126,0.0,0.0
2023-04-26 00:00:00+05:30,1094.1944442725544,1097.4600942316006,1082.7189870570053,1086.4215087890625,8617834,0.0,0.0
2023-04-27 00:00:00+05:30,1092.354640481134,1096.4940336058212,1087.2952740777143,1093.2974853515625,9167125,0.0,0.0
2023-04-28 00:00:00+05:30,1095.5742591780295,1114.8457663726392,1095.4592929244382,1113.2818603515625,15565210,0.0,0.0
2023-05-02 00:00:00+05:30,1120.502932336615,1124.9183663192375,1116.7774175173652,1122.733642578125,12981805,0.0,0.0
2023-05-03 00:00:00+05:30,1124.550363965914,1124.550363965914,1109.8553654503553,1113.097900390625,7061872,0.0,0.0
2023-05-04 00:00:00+05:30,1113.5808540727132,1128.1608859926375,1110.5682517077162,1125.93017578125,8635233,0.0,0.0
2023-05-05 00:00:00+05:30,1122.710643241075,1132.070355910149,1120.4109532614366,1123.0555419921875,8746585,0.0,0.0
2023-05-08 00:00:00+05:30,1126.8501042213315,1142.3271172563666,1124.1595288288333,1136.9228515625,9153782,0.0,0.0
2023-05-09 00:00:00+05:30,1138.3485333644492,1143.775913864938,1132.9442677723953,1140.4412841796875,6464721,0.0,0.0
2023-05-10 00:00:00+05:30,1145.2477294196954,1149.778129832015,1141.200187280597,1148.2833251953125,10872255,0.0,0.0
2023-05-11 00:00:00+05:30,1149.364075371698,1154.2163810703305,1139.0613961591014,1140.7862548828125,10557860,0.0,0.0
2023-05-12 00:00:00+05:30,1135.9567952591362,1144.051757315763,1129.8396176320107,1142.64892578125,6955341,0.0,0.0
2023-05-15 00:00:00+05:30,1145.201743882978,1151.939739721961,1137.497666524498,1144.9027099609375,6833343,0.0,0.0
2023-05-16 00:00:00+05:30,1147.0873934225149,1149.6630024301353,1126.919028145329,1128.597900390625,8717229,0.0,0.0
2023-05-17 00:00:00+05:30,1132.8292142863272,1133.7490659137882,1117.191371647284,1121.9287109375,8798967,0.0,0.0
2023-05-18 00:00:00+05:30,1126.6431630117668,1130.06976575974,1116.3404831738465,1119.51416015625,10525531,0.0,0.0
2023-05-19 00:00:00+05:30,1119.5141626464333,1124.9874080973839,1112.5229976264436,1123.1475830078125,8050447,0.0,0.0
2023-05-22 00:00:00+05:30,1119.9510199169827,1134.209147132453,1118.7322559476265,1129.1497802734375,7434906,0.0,0.0
2023-05-23 00:00:00+05:30,1131.7484120670633,1135.1289063430686,1127.5169242523293,1128.9427490234375,6092034,0.0,0.0
2023-05-24 00:00:00+05:30,1124.9643244224383,1133.289219015758,1119.2380320082138,1122.3656005859375,8112254,0.0,0.0
2023-05-25 00:00:00+05:30,1119.4451129070699,1126.3901693325233,1111.235184415201,1122.2276611328125,11487863,0.0,0.0
2023-05-26 00:00:00+05:30,1130.5295675737786,1153.9864540857704,1127.1950596753331,1152.836669921875,12626260,0.0,0.0
2023-05-29 00:00:00+05:30,1159.505723350758,1163.6452384529096,1153.1586128496867,1159.32177734375,10010304,0.0,0.0
2023-05-30 00:00:00+05:30,1159.3217394000424,1167.186769173749,1156.4470965049793,1159.0228271484375,11342504,0.0,0.0
2023-05-31 00:00:00+05:30,1149.8470556240256,1154.3774558237378,1131.9094008253908,1136.0028076171875,27107927,0.0,0.0
2023-06-01 00:00:00+05:30,1140.7172705743162,1142.9019942896937,1130.5295576525302,1132.9442138671875,14592692,0.0,0.0
2023-06-02 00:00:00+05:30,1136.5087828143126,1141.9590346822804,1127.3100228982232,1129.24169921875,15800644,0.0,0.0
2023-06-05 00:00:00+05:30,1134.7610496550155,1142.3730319825518,1130.7365009587406,1139.3834228515625,10908682,0.0,0.0
2023-06-06 00:00:00+05:30,1142.2350546076314,1144.1897241427466,1132.369368961236,1140.3492431640625,7493309,0.0,0.0
2023-06-07 00:00:00+05:30,1143.867869319204,1149.847087752484,1137.2447182097753,1148.9962158203125,10312545,0.0,0.0
2023-06-08 00:00:00+05:30,1152.6066646763027,1157.5970517680912,1145.7075944279304,1149.68603515625,12071109,0.0,0.0
2023-06-09 00:00:00+05:30,1153.0666092600634,1153.7795216757206,1139.728334272378,1141.545166015625,5877018,0.0,0.0
2023-06-12 00:00:00+05:30,1138.5785661966224,1144.8796901178716,1133.7491319706148,1142.5570068359375,6391969,0.0,0.0
2023-06-13 00:00:00+05:30,1147.5474317681535,1160.6326599632348,1143.5228828371444,1159.436767578125,11248016,0.0,0.0
2023-06-14 00:00:00+05:30,1159.5056774985358,1175.1436422814688,1157.6659741863825,1173.69482421875,13277380,0.0,0.0
2023-06-15 00:00:00+05:30,1173.6718252978837,1178.6162256186926,1166.174809270879,1174.016845703125,11813494,0.0,0.0
2023-06-16 00:00:00+05:30,1177.5352730587344,1187.7459789685263,1177.5352730587344,1185.4462890625,24171579,0.0,0.0
2023-06-19 00:00:00+05:30,1188.4819616823352,1188.4819616823352,1169.4635018111705,1173.671875,6798554,0.0,0.0
2023-06-20 00:00:00+05:30,1171.7171779775124,1179.2830522402323,1165.9448988949705,1176.1094970703125,6921096,0.0,0.0
2023-06-21 00:00:00+05:30,1176.0635197223305,1181.9737583526196,1171.9241263505269,1179.421142578125,6961603,0.0,0.0
2023-06-22 00:00:00+05:30,1175.6036186375406,1183.5604996303855,1164.5650338891187,1166.1748046875,7619166,0.0,0.0
2023-06-23 00:00:00+05:30,1163.1392889757458,1165.209046568994,1155.3663534471611,1156.6312255859375,6628570,0.0,0.0
2023-06-26 00:00:00+05:30,1153.0665988339256,1156.9300731307371,1144.6497310811494,1147.80029296875,12641159,0.0,0.0
2023-06-27 00:00:00+05:30,1148.2603419713632,1154.2164456616667,1143.7069482681752,1148.21435546875,9689466,0.0,0.0
2023-06-28 00:00:00+05:30,1155.826293988266,1167.2557643114076,1148.858122534924,1163.415283203125,11354006,0.0,0.0
2023-06-30 00:00:00+05:30,1171.1882607133946,1175.9026071655326,1165.232035378559,1172.958984375,11151555,0.0,0.0
2023-07-03 00:00:00+05:30,1176.5465351169644,1205.9596479950922,1175.304656239271,1203.06201171875,12154387,0.0,0.0
2023-07-04 00:00:00+05:30,1207.3394084576307,1207.3394084576307,1183.5375020016443,1190.6666259765625,8061643,0.0,0.0
2023-07-05 00:00:00+05:30,1199.9804320184342,1199.9804320184342,1184.7104800642421,1188.7119140625,10248062,0.0,0.0
2023-07-06 00:00:00+05:30,1184.825414977871,1216.2851697600067,1184.825414977871,1213.66357421875,19117987,0.0,0.0
2023-07-07 00:00:00+05:30,1211.9388545586357,1225.7140017030526,1208.7191911404568,1211.294921875,13375267,0.0,0.0
2023-07-10 00:00:00+05:30,1236.7293907800665,1267.591319461394,1230.3362941808061,1257.95556640625,33240016,0.0,0.0
2023-07-11 00:00:00+05:30,1266.1655148848793,1274.0304228876103,1259.1284855320462,1271.5927734375,20069348,0.0,0.0
2023-07-12 00:00:00+05:30,1272.3286795671413,1288.7485363873388,1270.1899423635148,1272.99560546875,18733835,0.0,0.0
2023-07-13 00:00:00+05:30,1280.4237032933042,1287.3687599835166,1258.9675937908025,1261.6121826171875,14682934,0.0,0.0
2023-07-14 00:00:00+05:30,1264.8316740744726,1269.8450541744178,1253.3792107177176,1260.5543212890625,15124144,0.0,0.0
2023-07-17 00:00:00+05:30,1263.4519725977632,1294.7507741656125,1254.7130776072017,1286.3109130859375,22220040,0.0,0.0
2023-07-18 00:00:00+05:30,1295.6475974597397,1305.05329645308,1284.6090127694454,1297.234375,25867313,0.0,0.0
2023-07-19 00:00:00+05:30,1301.6268963320529,1313.5853334069866,1286.4489174776868,1307.0771484375,39122156,0.0,0.0
2023-07-20 00:00:00+05:30,1285.6366098072242,1311.0254169756167,1285.6366098072242,1305.4942626953125,38717624,0.0,0.0
2023-07-21 00:00:00+05:30,1300.0874874022957,1303.0274602708296,1257.5319701686863,1265.081298828125,30249238,0.0,0.0
2023-07-24 00:00:00+05:30,1236.3040366534851,1253.2215947663337,1230.473848478379,1239.4931640625,23727866,0.0,0.0
2023-07-25 00:00:00+05:30,1242.7820302957118,1248.3630639992386,1235.8057077519509,1238.6959228515625,12026020,0.0,0.0
2023-07-26 00:00:00+05:30,1238.2972188920508,1269.1923607718525,1238.2972188920508,1258.8275146484375,12911012,0.0,0.0
2023-07-27 00:00:00+05:30,1262.7393378624065,1264.5331764043185,1240.9632693775272,1247.1173095703125,17226898,0.0,0.0
2023-07-28 00:00:00+05:30,1251.7764779549534,1267.1244112737568,1246.0459275213752,1259.6497802734375,20827852,0.0,0.0
2023-07-31 00:00:00+05:30,1259.6498398972315,1272.6306856896254,1254.716510209065,1270.3135986328125,8551174,0.0,0.0
2023-08-01 00:00:00+05:30,1273.1788167397783,1275.1720516779228,1248.4128969648145,1252.3494873046875,9536632,0.0,0.0
2023-08-02 00:00:00+05:30,1250.3562522921543,1251.7515410802537,1227.6334469931028,1238.969970703125,12748214,0.0,0.0
2023-08-03 00:00:00+05:30,1233.463660989594,1246.2202918687997,1224.8678351372316,1233.7625732421875,10168350,0.0,0.0
2023-08-04 00:00:00+05:30,1245.1739425970297,1253.7448288603,1231.619968778671,1250.53076171875,22885610,0.0,0.0
2023-08-07 00:00:00+05:30,1256.2363875778824,1259.9238237495372,1248.2634473949208,1257.6566162109375,5982870,0.0,0.0
2023-08-08 00:00:00+05:30,1259.7244759586704,1262.938542952321,1245.5476168482905,1250.0821533203125,9844072,0.0,0.0
2023-08-09 00:00:00+05:30,1248.1887136254863,1260.2228212029543,1236.3538808838612,1258.3292236328125,11486586,0.0,0.0
2023-08-10 00:00:00+05:30,1258.2046301476128,1270.6872884301433,1249.9825359283589,1263.9351806640625,15470598,0.0,0.0
2023-08-11 00:00:00+05:30,1261.941975515927,1275.0973995719821,1251.9260425884663,1269.26708984375,22179330,0.0,0.0
2023-08-14 00:00:00+05:30,1265.2059255243446,1286.782718888991,1258.229602973206,1284.2662353515625,9575812,0.0,0.0
2023-08-16 00:00:00+05:30,1271.1856189348807,1287.031861487503,1271.1856189348807,1283.2197265625,10203112,0.0,0.0
2023-08-17 00:00:00+05:30,1279.2084752805267,1284.689871678327,1262.1414001328303,1264.7076416015625,13673744,0.0,0.0
2023-08-18 00:00:00+05:30,1261.3439930765394,1284.440651746059,1250.032409055295,1274.0758056640625,18639978,0.0,0.0
2023-08-21 00:00:00+05:30,1265.6792722383425,1273.403057784055,1253.5703454061634,1255.738037109375,9221746,0.0,0.0
2023-08-22 00:00:00+05:30,1254.1931930195988,1264.6826161104336,1245.2735154216373,1255.43896484375,7713044,0.0,0.0
2023-08-23 00:00:00+05:30,1257.83096812215,1267.1244996417786,1254.21822955338,1256.8343505859375,9517952,0.0,0.0
2023-08-24 00:00:00+05:30,1265.6543373767377,1265.6543373767377,1231.3209133840314,1235.7060546875,14140020,0.0,0.0
2023-08-25 00:00:00+05:30,1223.8463263728836,1248.263455848564,1217.1690375873975,1230.00048828125,22222400,0.0,0.0
2023-08-28 00:00:00+05:30,1231.8191648017903,1237.798869485294,1211.438386668476,1217.741943359375,12580826,0.0,0.0
2023-08-29 00:00:00+05:30,1221.8780285188975,1222.5756121252018,1200.0022007952118,1206.0816650390625,16876644,0.0,0.0
2023-08-30 00:00:00+05:30,1211.8869298921998,1217.3683263678636,1203.4156807934467,1204.935546875,12168946,0.0,0.0
2023-08-31 00:00:00+05:30,1207.4021394711388,1208.3987570026875,1195.8911583187871,1199.42919921875,21638600,0.0,0.0
2023-09-01 00:00:00+05:30,1199.2048965822742,1208.7225203155078,1196.7631108147625,1202.2445068359375,18112842,0.0,0.0
2023-09-04 00:00:00+05:30,1202.2445048372767,1207.7259008493393,1198.5820086782048,1201.2728271484375,9347626,0.0,0.0
2023-09-05 00:00:00+05:30,1205.9072116575028,1212.858594599831,1202.1449561491547,1207.701171875,8675876,0.0,0.0
2023-09-06 00:00:00+05:30,1206.4553581511952,1213.9548074808367,1204.5368208088998,1210.242431640625,8200370,0.0,0.0
2023-09-07 00:00:00+05:30,1206.754236529765,1215.0012704071246,1201.422357408624,1211.8868408203125,13652572,0.0,0.0
2023-09-08 00:00:00+05:30,1215.8733651866949,1223.8463052862799,1207.3771765615925,1219.95947265625,23109288,0.0,0.0
2023-09-11 00:00:00+05:30,1221.8530418720986,1234.236062839516,1221.8530418720986,1233.1148681640625,13271074,0.0,0.0
2023-09-12 00:00:00+05:30,1237.3005747017125,1237.3005747017125,1213.8551246595125,1215.30029296875,16255666,0.0,0.0
2023-09-13 00:00:00+05:30,1215.8733028663476,1227.159946953354,1209.0215578194573,1221.379638671875,12803338,0.0,0.0
2023-09-14 00:00:00+05:30,1225.8394987141144,1228.729713733621,1218.3648676243943,1222.5008544921875,9209636,0.0,0.0
2023-09-15 00:00:00+05:30,1229.8259735378333,1229.8259735378333,1220.6072618237126,1224.7681884765625,25468592,0.0,0.0
2023-09-18 00:00:00+05:30,1215.8983303400107,1221.354787003095,1211.9118602069937,1214.1043701171875,7516300,0.0,0.0
2023-09-20 00:00:00+05:30,1207.4270434892683,1209.694372637889,1173.5171086509097,1187.046142578125,57081884,0.0,0.0
2023-09-21 00:00:00+05:30,1183.458297657559,1191.0077479349486,1176.0086064524028,1178.4005126953125,12226182,0.0,0.0
2023-09-22 00:00:00+05:30,1183.9816112068631,1187.1956783704497,1171.0255834748014,1173.4921875,19176786,0.0,0.0
2023-09-25 00:00:00+05:30,1171.2248715084886,1176.3574761147186,1163.600844736979,1166.2667236328125,14254884,0.0,0.0
2023-09-26 00:00:00+05:30,1165.3199128423328,1171.1251609235717,1163.8499264102609,1167.2882080078125,10087782,0.0,0.0
2023-09-27 00:00:00+05:30,1167.786609346333,1181.8887719515524,1165.2950654817153,1180.443603515625,11722778,0.0,0.0
2023-09-28 00:00:00+05:30,1187.4697890502082,1187.4697890502082,1158.5678806301862,1163.1025390625,14518346,0.0,0.0
2023-09-29 00:00:00+05:30,1166.9394938956318,1180.5433475545983,1163.1025407244908,1168.5340576171875,12342014,0.0,0.0
2023-10-03 00:00:00+05:30,1161.0344867242761,1163.8500042507808,1154.0831037597964,1155.1544189453125,8859056,0.0,0.0
2023-10-04 00:00:00+05:30,1150.5948914404187,1155.5779788871073,1143.6684485524847,1153.1611328125,10286386,0.0,0.0
2023-10-05 00:00:00+05:30,1155.7025939953498,1160.7603792567368,1150.5949291948962,1153.1363525390625,10953682,0.0,0.0
2023-10-06 00:00:00+05:30,1154.60634292099,1158.468235831833,1152.1147991075431,1155.0797119140625,5431026,0.0,0.0
2023-10-09 00:00:00+05:30,1150.1464267559231,1152.0648423692783,1143.6185337391562,1145.238037109375,7576878,0.0,0.0
2023-10-10 00:00:00+05:30,1149.3741002215268,1155.0298316802025,1147.978811355353,1150.2958984375,10236032,0.0,0.0
2023-10-11 00:00:00+05:30,1153.3106635291579,1170.876046988333,1152.5881401722484,1168.5589599609375,9814118,0.0,0.0
2023-10-12 00:00:00+05:30,1167.9610461833179,1175.6848320320562,1165.1205889001094,1170.7265625,12554450,0.0,0.0
2023-10-13 00:00:00+05:30,1166.0424621570608,1174.7628651860132,1160.635763616147,1170.6767578125,10150316,0.0,0.0
2023-10-16 00:00:00+05:30,1168.5340379341021,1173.2929109062115,1164.0492591104744,1168.0606689453125,5929036,0.0,0.0
2023-10-17 00:00:00+05:30,1174.0154552081121,1175.8591733147746,1166.690340663721,1173.6417236328125,7928180,0.0,0.0
2023-10-18 00:00:00+05:30,1173.6417291217745,1179.4968571621866,1156.5746537699347,1158.069580078125,8918320,0.0,0.0
2023-10-19 00:00:00+05:30,1152.089837486595,1156.9732875998106,1146.6084412009752,1149.1746826171875,12032556,0.0,0.0
2023-10-20 00:00:00+05:30,1146.1101723946424,1153.435286991073,1144.2664542748817,1145.6617431640625,8913312,0.0,0.0
2023-10-23 00:00:00+05:30,1141.127037701022,1149.2245548899484,1123.8108086354716,1127.7723388671875,7853962,0.0,0.0
2023-10-25 00:00:00+05:30,1121.2196594250643,1136.7419287697721,1117.7065583053281,1125.15625,11620688,0.0,0.0
2023-10-26 00:00:00+05:30,1121.6929387491577,1125.1810998203457,1106.394885239857,1109.484375,15222534,0.0,0.0
2023-10-27 00:00:00+05:30,1116.2116030474801,1132.9049462180562,1114.193428272988,1129.0679931640625,11771084,0.0,0.0
2023-10-30 00:00:00+05:30,1133.1541023015204,1158.5678486592062,1131.1359275239868,1152.3389892578125,16813304,0.0,0.0
2023-10-31 00:00:00+05:30,1160.062796398939,1160.062796398939,1137.5890225995513,1140.08056640625,12808438,0.0,0.0
2023-11-01 00:00:00+05:30,1140.7034060109795,1154.8305074839402,1133.752023404208,1144.814453125,10309190,0.0,0.0
2023-11-02 00:00:00+05:30,1153.061473724664,1158.2190177980203,1150.0716213128414,1156.1759033203125,10562104,0.0,0.0
2023-11-03 00:00:00+05:30,1159.6640733559236,1163.5259660841282,1153.958462624445,1155.9267578125,8850156,0.0,0.0
2023-11-06 00:00:00+05:30,1162.2055450931427,1166.042498213045,1158.8669007331605,1165.544189453125,10647304,0.0,0.0
2023-11-07 00:00:00+05:30,1163.0775131044059,1165.5939965170132,1155.8520365348347,1157.9698486328125,6960204,0.0,0.0
2023-11-08 00:00:00+05:30,1162.0560341376731,1166.5408130001256,1156.9483693221023,1163.9993896484375,7884494,0.0,0.0
2023-11-09 00:00:00+05:30,1163.9745453088372,1163.9993634204725,1148.203000336806,1151.3673095703125,14513610,0.0,0.0
2023-11-10 00:00:00+05:30,1148.8757981483514,1154.2575571449777,1145.138482408668,1153.534912109375,7734954,0.0,0.0
2023-11-13 00:00:00+05:30,1157.521363405594,1158.3685856187403,1151.9403296565872,1153.385498046875,3854810,0.0,0.0
2023-11-15 00:00:00+05:30,1166.0424694563903,1176.9803221354077,1159.5644557371882,1174.2396240234375,12220648,0.0,0.0
2023-11-16 00:00:00+05:30,1171.573730950445,1183.0596501175335,1169.5056766785162,1176.357421875,13134910,0.0,0.0
2023-11-17 00:00:00+05:30,1172.4705465839068,1182.6111777677033,1172.0470571634735,1173.7911376953125,7758634,0.0,0.0
2023-11-20 00:00:00+05:30,1170.3029888419037,1175.2112568239902,1164.2484647951942,1170.70166015625,4490186,0.0,0.0
2023-11-21 00:00:00+05:30,1178.9985015354105,1189.9612940264415,1176.1082864562932,1185.4266357421875,8214450,0.0,0.0
2023-11-22 00:00:00+05:30,1183.4832620242737,1193.1753427228437,1182.0879732154583,1190.0609130859375,8534814,0.0,0.0
2023-11-23 00:00:00+05:30,1190.0609301987408,1195.9409977692549,1190.0609301987408,1193.6986083984375,8531542,0.0,0.0
2023-11-24 00:00:00+05:30,1191.755232340062,1197.2366284850898,1191.4811382013293,1192.9012451171875,6749486,0.0,0.0
2023-11-28 00:00:00+05:30,1192.901236256622,1195.7914512612867,1183.60782697909,1193.150390625,13792174,0.0,0.0
2023-11-29 00:00:00+05:30,1199.9274731378698,1201.895768374035,1194.9693253938858,1196.289794921875,12531306,0.0,0.0
2023-11-30 00:00:00+05:30,1193.2999274144302,1196.2897798846666,1180.9418462059707,1184.7041015625,28439984,0.0,0.0
2023-12-01 00:00:00+05:30,1184.9782507548393,1194.1470834265622,1184.7789759105292,1193.1007080078125,14342842,0.0,0.0
2023-12-04 00:00:00+05:30,1220.8564613085723,1220.8564613085723,1195.2434397220431,1206.0068359375,15590990,0.0,0.0
2023-12-05 00:00:00+05:30,1215.3750832246371,1216.2970031069408,1206.729377450582,1214.752197265625,12693624,0.0,0.0
2023-12-06 00:00:00+05:30,1219.4113729147537,1232.2925809190049,1213.381788465167,1226.3876953125,16422442,0.0,0.0
2023-12-07 00:00:00+05:30,1225.8394932789167,1226.3128622476854,1216.8699360110222,1224.3695068359375,8142096,0.0,0.0
2023-12-08 00:00:00+05:30,1227.7580291162037,1234.1612233859294,1218.364860770004,1223.7216796875,10204894,0.0,0.0
2023-12-11 00:00:00+05:30,1223.8462420898877,1229.6266720265642,1222.0522819971522,1225.515625,7066138,0.0,0.0
2023-12-12 00:00:00+05:30,1225.8394673573903,1228.3060712224215,1205.9818159406923,1207.92529296875,9197124,0.0,0.0
2023-12-13 00:00:00+05:30,1206.903755459549,1215.0511519349654,1199.0803326561356,1212.8585205078125,10031182,0.0,0.0
2023-12-14 00:00:00+05:30,1222.8496854998207,1233.289229591819,1217.1938324642308,1227.907470703125,16972354,0.0,0.0
2023-12-15 00:00:00+05:30,1234.8090631774007,1245.7718555058523,1230.8475330083736,1243.579345703125,15932152,0.0,0.0
2023-12-18 00:00:00+05:30,1243.5793348465209,1263.1627709181807,1241.2621262210648,1256.236328125,14165188,0.0,0.0
2023-12-19 00:00:00+05:30,1273.1788270599538,1282.5968135560647,1258.3292023189276,1274.7236328125,16820604,0.0,0.0
2023-12-20 00:00:00+05:30,1281.1767303428394,1295.0297378629468,1255.7380444365613,1259.3009033203125,17736722,0.0,0.0
2023-12-21 00:00:00+05:30,1259.2262610152907,1282.397618806035,1254.8660592804733,1276.941162109375,13765454,0.0,0.0
2023-12-22 00:00:00+05:30,1275.471131279396,1286.0850103793666,1269.5162443624122,1278.1868896484375,16541784,0.0,0.0
2023-12-26 00:00:00+05:30,1279.6568896463184,1291.5913600605638,1277.0158288992886,1284.6649169921875,7465664,0.0,0.0
2023-12-27 00:00:00+05:30,1286.6332027084852,1295.5528807412925,1282.1983034612615,1289.050048828125,9204156,0.0,0.0
2023-12-28 00:00:00+05:30,1290.5200452678605,1301.5824753594177,1289.0500587638487,1298.368408203125,12302636,0.0,0.0
2023-12-29 00:00:00+05:30,1301.1339959219,1302.5790426007668,1285.2877537041506,1288.1031494140625,10864584,0.0,0.0
2024-01-01 00:00:00+05:30,1285.910692065635,1299.0162367557261,1282.2231342554576,1290.7442626953125,4030540,0.0,0.0
2024-01-02 00:00:00+05:30,1288.1281636412468,1303.0774266622284,1282.148458432854,1301.4329833984375,7448800,0.0,0.0
2024-01-03 00:00:00+05:30,1300.5858250252782,1312.545234910568,1284.241273850567,1287.281005859375,9037536,0.0,0.0
2024-01-04 00:00:00+05:30,1289.6230276428519,1300.511122346772,1285.1881284905055,1293.933349609375,9612778,0.0,0.0
2024-01-05 00:00:00+05:30,1297.0477909447786,1305.4942215456497,1294.6061267435991,1299.439697265625,8086406,0.0,0.0
2024-01-08 00:00:00+05:30,1300.5858388723832,1311.5236916149431,1280.1302403318166,1289.2991943359375,7734652,0.0,0.0
2024-01-09 00:00:00+05:30,1295.60276290932,1298.991286774565,1284.241298964633,1285.8857421875,5403074,0.0,0.0
2024-01-10 00:00:00+05:30,1284.1416956169662,1325.0030146082704,1283.170017850485,1320.568115234375,11102740,0.0,0.0
2024-01-11 00:00:00+05:30,1325.0029743810333,1357.8913520828567,1324.0063568749174,1355.3001708984375,23725852,0.0,0.0
2024-01-12 00:00:00+05:30,1355.3001651813313,1368.6796821500511,1341.1980031977973,1366.0885009765625,15012164,0.0,0.0
2024-01-15 00:00:00+05:30,1370.3491134322044,1391.726510938781,1361.37955559883,1389.409423828125,8610594,0.0,0.0
2024-01-16 00:00:00+05:30,1385.273396211656,1391.5770749435692,1365.864294576788,1369.975341796875,9069024,0.0,0.0
2024-01-17 00:00:00+05:30,1354.9014277988692,1381.5858844431966,1350.4415890267092,1356.9693603515625,12197382,0.0,0.0
2024-01-18 00:00:00+05:30,1346.8289291583083,1366.3626080491183,1346.6794122001247,1363.3228759765625,10279438,0.0,0.0
2024-01-19 00:00:00+05:30,1371.3457134567918,1371.3457134567918,1354.4032155434447,1362.8245849609375,10422704,0.0,0.0
2024-01-23 00:00:00+05:30,1367.1100641823,1367.1100641823,1318.076531538343,1324.0810546875,20055420,0.0,0.0
2024-01-24 00:00:00+05:30,1330.708579978037,1344.935319152724,1319.4468751981772,1339.329345703125,21919128,0.0,0.0
2024-01-25 00:00:00+05:30,1338.4074168042384,1359.5357807014761,1330.6836312147743,1348.4981689453125,11808872,0.0,0.0
2024-01-29 00:00:00+05:30,1359.8845391743644,1447.5868766220333,1355.5742172752682,1443.1519775390625,23893438,0.0,0.0
2024-01-30 00:00:00+05:30,1455.0116072188218,1455.0365469867197,1399.6745202625193,1402.8636474609375,14093978,0.0,0.0
2024-01-31 00:00:00+05:30,1399.250967578091,1429.3986469009094,1397.7560413306783,1421.7994384765625,15130226,0.0,0.0
2024-02-01 00:00:00+05:30,1430.1460723803827,1438.4678039404528,1413.253454892232,1421.8243408203125,13349362,0.0,0.0
2024-02-02 00:00:00+05:30,1428.3273401464805,1469.9111811748812,1428.3273401464805,1452.769287109375,19652588,0.0,0.0
2024-02-05 00:00:00+05:30,1455.8089607806528,1465.5259810562725,1426.6828397218792,1434.157470703125,8814432,0.0,0.0
2024-02-06 00:00:00+05:30,1436.9728613121172,1436.9728613121172,1415.0223374097375,1422.970458984375,9047984,0.0,0.0
2024-02-07 00:00:00+05:30,1431.0680529608824,1444.5970870552653,1424.4155823896087,1437.27197265625,9296568,0.0,0.0
2024-02-08 00:00:00+05:30,1445.095393514029,1454.5383201160262,1422.6964392460436,1445.219970703125,14694634,0.0,0.0
2024-02-09 00:00:00+05:30,1449.0817920816041,1466.995966658422,1446.0420601546468,1455.8089599609375,12556798,0.0,0.0
2024-02-12 00:00:00+05:30,1455.808989123147,1456.0581434940393,1437.4712030939993,1447.4373779296875,6674430,0.0,0.0
2024-02-13 00:00:00+05:30,1450.576783360977,1473.9972948065167,1449.081857098496,1460.144287109375,7715594,0.0,0.0
2024-02-14 00:00:00+05:30,1452.570014858978,1478.6315869699197,1452.570014858978,1476.3642578125,7117888,0.0,0.0
2024-02-15 00:00:00+05:30,1478.3324829492838,1479.7028319549202,1461.5644428705468,1465.6256103515625,10006782,0.0,0.0
2024-02-16 00:00:00+05:30,1471.4807636857656,1472.0040121921968,1453.616468421208,1455.634521484375,9767498,0.0,0.0
2024-02-19 00:00:00+05:30,1457.1046299766977,1474.495556276236,1448.608441659238,1469.01416015625,6729828,0.0,0.0
2024-02-20 00:00:00+05:30,1470.0357864990758,1470.5091554911164,1456.855544086153,1466.04931640625,7117496,0.0,0.0
2024-02-21 00:00:00+05:30,1469.0142126210908,1483.4901063137138,1452.619903212402,1462.7354736328125,12720292,0.0,0.0
2024-02-22 00:00:00+05:30,1463.1839419725131,1479.927042234461,1453.0682504652966,1476.7379150390625,18493728,0.0,0.0
2024-02-23 00:00:00+05:30,1484.4617068831596,1492.4845261002738,1478.3324851717987,1488.57275390625,14438584,0.0,0.0
2024-02-26 00:00:00+05:30,1488.4981086163489,1489.4697863426854,1477.4854366314444,1482.2940673828125,7513106,0.0,0.0
2024-02-27 00:00:00+05:30,1478.0086350232018,1494.8763125629423,1473.0504874842213,1480.624755859375,10826044,0.0,0.0
2024-02-28 00:00:00+05:30,1477.983696983013,1486.2307308172146,1445.2697774372984,1450.7012939453125,8647950,0.0,0.0
2024-02-29 00:00:00+05:30,1460.044631538696,1473.9723367128477,1449.605087600302,1455.85888671875,23628976,0.0,0.0
2024-03-01 00:00:00+05:30,1458.549705043274,1494.926243638477,1457.553087547515,1487.077880859375,12132926,0.0,0.0
2024-03-04 00:00:00+05:30,1485.4334693922297,1507.3341149979008,1482.1944624618202,1502.30126953125,10024420,0.0,0.0
2024-03-05 00:00:00+05:30,1500.6817037023463,1502.3012071002497,1481.0234483269724,1495.12548828125,7107668,0.0,0.0
2024-03-06 00:00:00+05:30,1488.398391683718,1503.8958428358128,1473.4990083716032,1497.9161376953125,7805676,0.0,0.0
2024-03-07 00:00:00+05:30,1497.8911856694801,1498.015762858888,1470.5590233078656,1473.922607421875,8315726,0.0,0.0
2024-03-11 00:00:00+05:30,1483.9634158613337,1483.9634158613337,1458.5496703244203,1461.63916015625,11277130,0.0,0.0
2024-03-12 00:00:00+05:30,1461.6392256628503,1482.9668648517434,1460.0696017370103,1470.4344482421875,9432678,0.0,0.0
2024-03-13 00:00:00+05:30,1474.769656206196,1478.0833606651493,1422.9455472318687,1427.3306884765625,13522134,0.0,0.0
2024-03-14 00:00:00+05:30,1434.8302115061215,1443.625434216477,1420.6782912211108,1426.633056640625,18571102,0.0,0.0
2024-03-15 00:00:00+05:30,1421.1267024475223,1428.377119229181,1408.120916820004,1413.4278564453125,19223818,0.0,0.0
2024-03-18 00:00:00+05:30,1415.1968554751415,1436.8483464149253,1411.733633980725,1434.60595703125,9169392,0.0,0.0
2024-03-19 00:00:00+05:30,1423.9172383622733,1432.737278814348,1412.4561372310984,1420.4290771484375,8275764,0.0,0.0
2024-03-20 00:00:00+05:30,1423.1198505777713,1440.1122269007035,1419.2082000493178,1438.866455078125,8488806,0.0,0.0
2024-03-21 00:00:00+05:30,1447.61182235093,1452.9686412795918,1439.7883995028772,1446.0670166015625,13006936,0.0,0.0
2024-03-22 00:00:00+05:30,1445.0704265469687,1455.0615412559098,1442.4543056251903,1450.1033935546875,19527608,0.0,0.0
2024-03-26 00:00:00+05:30,1440.1123162075712,1447.4873101860683,1434.1326110883704,1436.6988525390625,11415906,0.0,0.0
2024-03-27 00:00:00+05:30,1443.102144360484,1494.926254517076,1442.1055268574726,1487.8004150390625,16326644,0.0,0.0
2024-03-28 00:00:00+05:30,1487.8253589895007,1500.856084215032,1473.6484993008032,1480.8240966796875,21854364,0.0,0.0
2024-04-01 00:00:00+05:30,1487.4267138842959,1488.9216401693752,1477.4854784200013,1479.7528076171875,5013880,0.0,0.0
2024-04-02 00:00:00+05:30,1478.9803152327697,1488.9464898637184,1470.010758064916,1481.9202880859375,8910166,0.0,0.0
2024-04-03 00:00:00+05:30,1477.0618586176802,1479.4288252217937,1463.9314958187817,1466.622314453125,7008292,0.0,0.0
2024-04-04 00:00:00+05:30,1474.7447251116087,1474.7447251116087,1445.095354899025,1457.9766845703125,14490272,0.0,0.0
2024-04-05 00:00:00+05:30,1455.9335356774968,1465.8250126567757,1451.075025547316,1455.1611328125,7442298,0.0,0.0
2024-04-08 00:00:00+05:30,1458.0264067780952,1485.9316957072076,1456.058111622612,1480.9486083984375,8357118,0.0,0.0
2024-04-09 00:00:00+05:30,1483.9634478797345,1484.7607905375294,1457.5530843009483,1458.69921875,7071414,0.0,0.0
2024-04-10 00:00:00+05:30,1461.3900701830325,1481.9702462188995,1461.3900701830325,1474.5703125,9138330,0.0,0.0
2024-04-12 00:00:00+05:30,1470.882841217157,1481.4469623023954,1458.126088654758,1462.1873779296875,15551012,0.0,0.0
2024-04-15 00:00:00+05:30,1456.0581040790023,1477.1116478494807,1441.4326942405721,1459.8701171875,12902062,0.0,0.0
2024-04-16 00:00:00+05:30,1448.434032810999,1466.1988129087342,1446.0173083453908,1460.7921142578125,9366184,0.0,0.0
2024-04-18 00:00:00+05:30,1458.5496654231706,1480.9735584686243,1454.413678596639,1459.371826171875,19005692,0.0,0.0
2024-04-19 00:00:00+05:30,1451.8475240790594,1469.0142366720518,1438.1440330653274,1465.15234375,15741778,0.0,0.0
2024-04-22 00:00:00+05:30,1467.4693666335522,1477.8092730369624,1462.8351926557814,1474.8443603515625,10350362,0.0,0.0
2024-04-23 00:00:00+05:30,1473.99729204779,1488.4482458913958,1450.626660184371,1454.3887939453125,14605554,0.0,0.0
2024-04-24 00:00:00+05:30,1458.5496543975278,1463.5826212393129,1444.5970099413846,1445.269775390625,10462776,0.0,0.0
2024-04-25 00:00:00+05:30,1437.620754482712,1463.009561153273,1436.6241369752715,1455.03662109375,15943926,0.0,0.0
2024-04-26 00:00:00+05:30,1458.998183328187,1460.0446803968975,1445.0954174576802,1447.6368408203125,9413848,0.0,0.0
2024-04-29 00:00:00+05:30,1445.095377780333,1462.9348553961377,1445.095377780333,1460.069580078125,7247974,0.0,0.0
2024-04-30 00:00:00+05:30,1463.034459275946,1478.0584191099754,1457.926794695708,1462.037841796875,11474262,0.0,0.0
2024-05-02 00:00:00+05:30,1467.0209943783816,1472.3279340272813,1459.1726313819618,1461.5894775390625,14512646,0.0,0.0
2024-05-03 00:00:00+05:30,1466.0243846941194,1469.9609752694557,1411.3599375772862,1429.1495361328125,17226958,0.0,0.0
2024-05-06 00:00:00+05:30,1430.6444513077029,1435.1292301519277,1413.2036446912732,1414.7235107421875,7394208,0.0,0.0
2024-05-07 00:00:00+05:30,1411.1854509298719,1415.944323859933,1387.2915705177031,1396.7344970703125,14517472,0.0,0.0
2024-05-08 00:00:00+05:30,1392.7729836046894,1428.1030260106236,1392.7729836046894,1413.7518310546875,9439002,0.0,0.0
2024-05-09 00:00:00+05:30,1408.2205798397852,1418.9342183629824,1385.2983764878284,1389.409423828125,11009612,0.0,0.0
2024-05-10 00:00:00+05:30,1392.0254882725596,1405.230670101528,1383.3797828272338,1402.6644287109375,10505096,0.0,0.0
2024-05-13 00:00:00+05:30,1395.164866252728,1402.2158864208184,1379.3186236295483,1397.955322265625,8456620,0.0,0.0
2024-05-14 00:00:00+05:30,1396.236115307523,1422.2478065630996,1395.289377387814,1415.271484375,7188300,0.0,0.0
2024-05-15 00:00:00+05:30,1415.6951817447234,1425.1381083791202,1408.2454901427022,1411.4844970703125,5046534,0.0,0.0
2024-05-16 00:00:00+05:30,1413.7517607219268,1422.6714384154043,1393.2961628188336,1420.5286865234375,14711774,0.0,0.0
2024-05-17 00:00:00+05:30,1418.2366354759024,1432.3386763063274,1408.4697349449302,1430.84375,10916476,0.0,0.0
2024-05-21 00:00:00+05:30,1420.7779102690051,1436.9480051777675,1420.7779102690051,1431.267333984375,11176128,0.0,0.0
2024-05-22 00:00:00+05:30,1431.4167994426434,1463.806867633702,1431.4167994426434,1455.7093505859375,10281604,0.0,0.0
2024-05-23 00:00:00+05:30,1453.6164571204579,1487.177477372599,1450.0784164448637,1481.0234375,14608260,0.0,0.0
2024-05-24 00:00:00+05:30,1478.6066260264545,1483.4651362981733,1471.107055070422,1475.2430419921875,7094776,0.0,0.0
2024-05-27 00:00:00+05:30,1475.2181104653632,1479.8773459277495,1456.6063516995487,1461.2904052734375,6629010,0.0,0.0
2024-05-28 00:00:00+05:30,1463.0344266458997,1473.4989099427537,1447.83601042904,1451.2742919921875,7820162,0.0,0.0
2024-05-29 00:00:00+05:30,1441.6072222176565,1453.0683235349763,1433.5844026325685,1435.901611328125,7383556,0.0,0.0
2024-05-30 00:00:00+05:30,1430.6443960271654,1435.5278460225502,1415.2964624662736,1420.0303955078125,13206858,0.0,0.0
2024-05-31 00:00:00+05:30,1426.4586255573156,1437.371538130288,1417.4391888409098,1425.5616455078125,31069832,0.0,0.0
2024-06-03 00:00:00+05:30,1477.9837834980603,1509.3772354064818,1454.064962996406,1505.21630859375,21527942,0.0,0.0
2024-06-04 00:00:00+05:30,1492.9828563818792,1492.9828563818792,1354.702181790911,1392.5487060546875,36709098,0.0,0.0
2024-06-05 00:00:00+05:30,1417.190107832571,1426.3091824359717,1379.4182796425412,1415.9443359375,17464890,0.0,0.0
2024-06-06 00:00:00+05:30,1430.146092142623,1438.8166156062389,1416.5422391297848,1426.757568359375,17855722,0.0,0.0
2024-06-07 00:00:00+05:30,1423.6680382466784,1467.0208976542601,1421.6748033313872,1464.977783203125,18558696,0.0,0.0
2024-06-10 00:00:00+05:30,1464.9778053029827,1488.2986784951756,1463.1091475417077,1466.4229736328125,9251760,0.0,0.0
2024-06-11 00:00:00+05:30,1464.0310643972782,1468.690299735569,1449.7545677930582,1451.747802734375,11774902,0.0,0.0
2024-06-12 00:00:00+05:30,1452.5699959074234,1471.0074195261454,1450.2529088993854,1458.375244140625,10081742,0.0,0.0
2024-06-13 00:00:00+05:30,1467.0209915116875,1467.2701458920392,1455.161218675457,1460.2938232421875,9181160,0.0,0.0
2024-06-14 00:00:00+05:30,1465.0277352531252,1474.6700582960718,1452.2959222700385,1472.55224609375,8157998,0.0,0.0
2024-06-18 00:00:00+05:30,1482.319060149225,1482.3689396887319,1466.3731796559373,1476.0155029296875,7196766,0.0,0.0
2024-06-19 00:00:00+05:30,1482.4685779731483,1482.4685779731483,1451.075125733717,1453.7161865234375,8725874,0.0,0.0
2024-06-20 00:00:00+05:30,1454.0649808863911,1477.8342847208717,1445.195060509748,1468.7152099609375,16113776,0.0,0.0
2024-06-21 00:00:00+05:30,1468.6404716382522,1469.7117867937704,1435.702214416364,1449.2811279296875,31170360,0.0,0.0
2024-06-24 00:00:00+05:30,1440.6354704479982,1444.597000498706,1432.6375910430422,1436.59912109375,8878386,0.0,0.0
2024-06-25 00:00:00+05:30,1438.1190140825563,1451.0003435889125,1436.1257791358028,1449.2313232421875,7045386,0.0,0.0
2024-06-26 00:00:00+05:30,1441.1587595379178,1513.837016470209,1440.2368397034465,1508.90380859375,22014882,0.0,0.0
2024-06-27 00:00:00+05:30,1508.6297025641345,1532.299367591978,1500.905917133996,1525.3729248046875,28383030,0.0,0.0
2024-06-28 00:00:00+05:30,1525.846375016777,1575.6523116431479,1525.846375016777,1560.1051025390625,28957336,0.0,0.0
2024-07-01 00:00:00+05:30,1557.2397692752247,1574.0576894338947,1550.41296379415,1554.872802734375,7724306,0.0,0.0
2024-07-02 00:00:00+05:30,1564.191181441398,1568.1776514801143,1551.7334625704086,1559.880859375,7749246,0.0,0.0
2024-07-03 00:00:00+05:30,1561.026835932207,1569.6725412908515,1537.556567118779,1547.1739501953125,9049620,0.0,0.0
2024-07-04 00:00:00+05:30,1551.7334674566494,1562.1979513412318,1545.5544875401463,1548.7685546875,6837176,0.0,0.0
2024-07-05 00:00:00+05:30,1548.5691274238031,1593.0930625872904,1542.763879189944,1583.25146484375,12269710,0.0,0.0
2024-07-08 00:00:00+05:30,1583.6252127309062,1603.3582879590508,1577.172138728573,1595.4849853515625,9500806,0.0,0.0
2024-07-09 00:00:00+05:30,1592.1960483401444,1595.0862633393444,1575.1539139068004,1584.8958740234375,6960002,0.0,0.0
2024-07-10 00:00:00+05:30,1589.6049108909244,1592.0964546384023,1557.8626678795374,1578.8663330078125,7134578,0.0,0.0
2024-07-11 00:00:00+05:30,1582.130272301782,1598.8236153323678,1565.1877748976055,1575.303466796875,11940946,0.0,0.0
2024-07-12 00:00:00+05:30,1579.1404717419714,1599.7206480087468,1569.174296470643,1591.3240966796875,12924784,0.0,0.0
2024-07-15 00:00:00+05:30,1599.0229249170825,1600.4182137709945,1580.1370716514475,1591.8223876953125,5329688,0.0,0.0
2024-07-16 00:00:00+05:30,1588.1099868423498,1594.588000594766,1563.817435270789,1570.9183349609375,9386838,0.0,0.0
2024-07-18 00:00:00+05:30,1570.6691650942505,1588.5086425064346,1552.5555935406855,1581.30810546875,12298374,0.0,0.0
2024-07-19 00:00:00+05:30,1580.635396865678,1584.5969272016237,1547.547743652262,1549.8897705078125,13140390,0.0,0.0
2024-07-22 00:00:00+05:30,1532.0502350219995,1532.2993893942587,1494.203710207304,1495.5989990234375,19674376,0.0,0.0
2024-07-23 00:00:00+05:30,1495.9228522857354,1500.656785362589,1458.0513876709067,1482.8671875,18052044,0.0,0.0
2024-07-24 00:00:00+05:30,1479.9769884762422,1504.3941172423486,1471.4061023020706,1490.6407470703125,11913362,0.0,0.0
2024-07-25 00:00:00+05:30,1475.9904652814091,1495.399566075759,1472.0786930693387,1487.3519287109375,12519876,0.0,0.0
2024-07-26 00:00:00+05:30,1487.3520101091112,1507.3093002642313,1485.3088955316166,1503.9207763671875,9859940,0.0,0.0
2024-07-29 00:00:00+05:30,1506.8357949187157,1522.3332458553632,1506.661459848989,1514.958251953125,7538550,0.0,0.0
2024-07-30 00:00:00+05:30,1511.8936309498918,1519.8416308848414,1504.8923689417118,1508.03173828125,8228208,0.0,0.0
2024-07-31 00:00:00+05:30,1498.9126572012258,1505.3407911439474,1496.072321776707,1500.3328857421875,10057346,0.0,0.0
2024-08-01 00:00:00+05:30,1506.88567410313,1512.8653791590948,1499.2117679442729,1510.174560546875,10764222,0.0,0.0
2024-08-02 00:00:00+05:30,1499.9092706922956,1504.219592524845,1488.2239553567551,1494.25341796875,10268248,0.0,0.0
2024-08-05 00:00:00+05:30,1474.9938455626734,1478.8806780007048,1428.401979157231,1442.4293212890625,17046704,0.0,0.0
2024-08-06 00:00:00+05:30,1450.2280198935075,1472.5023973081068,1446.415884855267,1451.125,10236186,0.0,0.0
2024-08-07 00:00:00+05:30,1464.0310437317278,1467.5192048297954,1456.5564128072976,1459.8701171875,8174568,0.0,0.0
2024-08-08 00:00:00+05:30,1452.5950003162839,1460.0446920757677,1441.0342612156307,1444.223388671875,12387192,0.0,0.0
2024-08-09 00:00:00+05:30,1455.0615534748763,1471.505742264147,1451.075083465356,1469.313232421875,6249776,0.0,0.0
2024-08-12 00:00:00+05:30,1465.027737383665,1468.0175899089377,1452.8191729054677,1455.6844482421875,8184584,0.0,0.0
2024-08-13 00:00:00+05:30,1455.809041038811,1465.1024507415398,1453.0683428612606,1458.67431640625,6265064,0.0,0.0
2024-08-14 00:00:00+05:30,1458.5995961882188,1467.020965431434,1448.782816450946,1456.9052734375,6267466,0.0,0.0
2024-08-16 00:00:00+05:30,1463.682326968092,1475.392582683191,1453.1182057182932,1473.199951171875,9416902,0.0,0.0
2024-08-19 00:00:00+05:30,1482.5,1498.300048828125,1480.5,1488.4000244140625,13797742,5.0,0.0
2024-08-20 00:00:00+05:30,1497.2249755859375,1503.925048828125,1490.0250244140625,1495.949951171875,8411808,0.0,0.0
2024-08-21 00:00:00+05:30,1493.25,1507.875,1490.0,1498.675048828125,7769996,0.0,0.0
2024-08-22 00:00:00+05:30,1503.0,1506.5,1490.6500244140625,1498.125,10445782,0.0,0.0
2024-08-23 00:00:00+05:30,1503.75,1511.324951171875,1498.425048828125,1499.9749755859375,9249654,0.0,0.0
2024-08-26 00:00:00+05:30,1506.9749755859375,1523.0,1503.0,1512.5999755859375,8816114,0.0,0.0
2024-08-27 00:00:00+05:30,1510.5,1513.4749755859375,1499.449951171875,1500.449951171875,6251156,0.0,0.0
2024-08-28 00:00:00+05:30,1505.0,1507.4749755859375,1493.0,1498.300048828125,9610286,0.0,0.0
2024-08-29 00:00:00+05:30,1503.0999755859375,1537.0,1494.0,1520.925048828125,38335358,0.0,0.0
2024-08-30 00:00:00+05:30,1534.0,1539.7249755859375,1503.324951171875,1509.625,41620730,0.0,0.0
2024-09-02 00:00:00+05:30,1510.875,1526.800048828125,1506.625,1516.25,11240852,0.0,0.0
2024-09-03 00:00:00+05:30,1521.25,1523.0,1507.5,1509.125,10923800,0.0,0.0
2024-09-04 00:00:00+05:30,1500.699951171875,1517.5,1499.5,1514.550048828125,11983304,0.0,0.0
2024-09-05 00:00:00+05:30,1519.050048828125,1525.7750244140625,1487.050048828125,1492.9749755859375,16264168,0.0,0.0
2024-09-06 00:00:00+05:30,1492.5,1497.0,1461.625,1464.824951171875,19394228,0.0,0.0
2024-09-09 00:00:00+05:30,1466.5,1469.925048828125,1455.5999755859375,1462.449951171875,9010298,0.0,0.0
2024-09-10 00:00:00+05:30,1460.5,1472.050048828125,1457.574951171875,1461.5250244140625,10768260,0.0,0.0
2024-09-11 00:00:00+05:30,1463.050048828125,1468.75,1447.550048828125,1451.5,9760202,0.0,0.0
2024-09-12 00:00:00+05:30,1457.0,1486.0,1445.875,1479.800048828125,22349376,0.0,0.0
2024-09-13 00:00:00+05:30,1476.4000244140625,1483.1500244140625,1469.5,1472.625,8711328,0.0,0.0
2024-09-16 00:00:00+05:30,1477.550048828125,1480.9000244140625,1464.75,1471.3499755859375,5481774,0.0,0.0
2024-09-17 00:00:00+05:30,1474.0,1477.4749755859375,1466.625,1472.300048828125,5935328,0.0,0.0
2024-09-18 00:00:00+05:30,1470.0,1482.0,1460.550048828125,1463.449951171875,8574714,0.0,0.0
2024-09-19 00:00:00+05:30,1466.25,1476.5,1455.550048828125,1469.675048828125,16955902,0.0,0.0
2024-09-20 00:00:00+05:30,1474.0,1495.0,1471.375,1485.925048828125,30897320,0.0,0.0
2024-09-23 00:00:00+05:30,1491.0,1501.5,1488.949951171875,1493.375,8832314,0.0,0.0
2024-09-24 00:00:00+05:30,1488.5,1500.5,1487.875,1489.375,17137444,0.0,0.0
2024-09-25 00:00:00+05:30,1483.9000244140625,1496.5,1480.199951171875,1493.949951171875,7069002,0.0,0.0
2024-09-26 00:00:00+05:30,1490.6500244140625,1504.0,1488.050048828125,1497.949951171875,18818998,0.0,0.0
2024-09-27 00:00:00+05:30,1499.0,1533.4749755859375,1492.0,1526.175048828125,20597478,0.0,0.0
2024-09-30 00:00:00+05:30,1519.4000244140625,1524.9749755859375,1474.4000244140625,1476.574951171875,27008814,0.0,0.0
2024-10-01 00:00:00+05:30,1480.6500244140625,1487.949951171875,1462.824951171875,1464.824951171875,16431642,0.0,0.0
2024-10-03 00:00:00+05:30,1436.574951171875,1449.4000244140625,1402.074951171875,1406.9749755859375,37757294,0.0,0.0
2024-10-04 00:00:00+05:30,1403.925048828125,1417.3499755859375,1381.7750244140625,1386.5250244140625,37072876,0.0,0.0
2024-10-07 00:00:00+05:30,1393.5,1396.5,1361.375,1370.7249755859375,22181340,0.0,0.0
2024-10-08 00:00:00+05:30,1372.9749755859375,1401.0,1365.0999755859375,1397.3499755859375,17020808,0.0,0.0
2024-10-09 00:00:00+05:30,1397.5250244140625,1400.9749755859375,1372.5,1374.5999755859375,14310610,0.0,0.0
2024-10-10 00:00:00+05:30,1380.0250244140625,1386.0,1369.425048828125,1371.050048828125,22358646,0.0,0.0
2024-10-11 00:00:00+05:30,1370.0,1383.2750244140625,1368.824951171875,1372.0999755859375,7980122,0.0,0.0
2024-10-14 00:00:00+05:30,1379.449951171875,1380.074951171875,1368.25,1372.5250244140625,12221432,0.0,0.0
2024-10-15 00:00:00+05:30,1358.5250244140625,1371.699951171875,1340.699951171875,1344.0250244140625,33762794,0.0,0.0
2024-10-16 00:00:00+05:30,1340.0,1364.0,1337.625,1354.074951171875,20034438,0.0,0.0
2024-10-17 00:00:00+05:30,1365.699951171875,1368.449951171875,1352.050048828125,1356.425048828125,15543660,0.0,0.0
2024-10-18 00:00:00+05:30,1352.175048828125,1368.425048828125,1341.324951171875,1359.300048828125,12082452,0.0,0.0
2024-10-21 00:00:00+05:30,1367.125,1374.0,1357.7249755859375,1369.199951171875,14067408,0.0,0.0
2024-10-22 00:00:00+05:30,1369.199951171875,1376.0,1340.2249755859375,1343.3499755859375,15831960,0.0,0.0
2024-10-23 00:00:00+05:30,1337.5,1357.4749755859375,1335.0,1338.5250244140625,17214742,0.0,0.0
2024-10-24 00:00:00+05:30,1335.2750244140625,1343.699951171875,1323.125,1339.800048828125,22155934,0.0,0.0
2024-10-25 00:00:00+05:30,1343.5,1344.3499755859375,1322.0,1327.8499755859375,18597496,0.0,0.0
2024-10-28 00:00:00+05:30,1337.0,1353.0,1322.0999755859375,1334.3499755859375,10824350,0.0,2.0
2024-10-29 00:00:00+05:30,1328.0999755859375,1343.199951171875,1320.300048828125,1340.0,12008361,0.0,0.0
2024-10-30 00:00:00+05:30,1335.0,1350.0,1325.3499755859375,1343.9000244140625,11984423,0.0,0.0
2024-10-31 00:00:00+05:30,1340.0,1343.0,1326.1500244140625,1332.050048828125,9331650,0.0,0.0
2024-11-01 00:00:00+05:30,1333.050048828125,1341.949951171875,1333.0,1338.6500244140625,2127335,0.0,0.0
2024-11-04 00:00:00+05:30,1337.8499755859375,1340.0,1285.0999755859375,1302.1500244140625,19796890,0.0,0.0
2024-11-05 00:00:00+05:30,1293.0,1309.550048828125,1286.1500244140625,1305.300048828125,16267479,0.0,0.0
2024-11-06 00:00:00+05:30,1310.0,1328.300048828125,1300.199951171875,1325.3499755859375,21625209,0.0,0.0
2024-11-07 00:00:00+05:30,1324.0,1324.0,1302.5999755859375,1305.6500244140625,9611974,0.0,0.0
2024-11-08 00:00:00+05:30,1297.6500244140625,1301.6500244140625,1275.0,1283.75,19814406,0.0,0.0
2024-11-11 00:00:00+05:30,1278.949951171875,1286.0,1267.0,1272.699951171875,9056552,0.0,0.0
2024-11-12 00:00:00+05:30,1275.550048828125,1289.300048828125,1267.5,1274.25,10671091,0.0,0.0
2024-11-13 00:00:00+05:30,1270.25,1275.449951171875,1249.5,1252.050048828125,14633633,0.0,0.0
2024-11-14 00:00:00+05:30,1253.5999755859375,1272.5999755859375,1251.0999755859375,1267.5999755859375,12612633,0.0,0.0
2024-11-18 00:00:00+05:30,1267.5999755859375,1272.9000244140625,1243.9000244140625,1260.75,13620611,0.0,0.0
2024-11-19 00:00:00+05:30,1260.75,1281.5,1235.1500244140625,1241.6500244140625,14183746,0.0,0.0
2024-11-21 00:00:00+05:30,1241.6500244140625,1243.949951171875,1217.25,1223.0,19433843,0.0,0.0
2024-11-22 00:00:00+05:30,1229.4000244140625,1268.8499755859375,1222.449951171875,1265.4000244140625,20471957,0.0,0.0
2024-11-25 00:00:00+05:30,1290.0,1304.449951171875,1282.449951171875,1287.0,28923341,0.0,0.0
2024-11-26 00:00:00+05:30,1294.949951171875,1297.8499755859375,1284.199951171875,1295.699951171875,9247557,0.0,0.0
2024-11-27 00:00:00+05:30,1293.5,1303.8499755859375,1286.0,1293.199951171875,9572746,0.0,0.0
2024-11-28 00:00:00+05:30,1289.949951171875,1296.5999755859375,1269.050048828125,1270.800048828125,15027412,0.0,0.0
2024-11-29 00:00:00+05:30,1280.0,1299.5,1275.25,1292.199951171875,13202307,0.0,0.0
2024-12-02 00:00:00+05:30,1288.0,1311.3499755859375,1277.050048828125,1309.1500244140625,11024152,0.0,0.0
2024-12-03 00:00:00+05:30,1317.0,1326.800048828125,1307.0,1323.300048828125,16869482,0.0,0.0
2024-12-04 00:00:00+05:30,1326.0,1328.4000244140625,1304.050048828125,1308.949951171875,19608540,0.0,0.0
2024-12-05 00:00:00+05:30,1314.3499755859375,1329.949951171875,1306.1500244140625,1322.050048828125,16858723,0.0,0.0
2024-12-06 00:00:00+05:30,1323.9000244140625,1323.9000244140625,1310.0,1311.550048828125,9037514,0.0,0.0
2024-12-09 00:00:00+05:30,1303.0,1315.0,1293.0999755859375,1295.1500244140625,14650002,0.0,0.0
2024-12-10 00:00:00+05:30,1289.25,1294.9000244140625,1280.199951171875,1284.8499755859375,16043729,0.0,0.0
2024-12-11 00:00:00+05:30,1285.0,1290.0,1276.050048828125,1278.199951171875,11724373,0.0,0.0
2024-12-12 00:00:00+05:30,1270.0,1278.199951171875,1260.5999755859375,1262.9000244140625,20906813,0.0,0.0
2024-12-13 00:00:00+05:30,1260.0,1275.199951171875,1239.5999755859375,1272.8499755859375,28630222,0.0,0.0
2024-12-16 00:00:00+05:30,1275.0,1281.0,1266.550048828125,1268.300048828125,9486781,0.0,0.0
2024-12-17 00:00:00+05:30,1261.050048828125,1263.9000244140625,1242.800048828125,1245.300048828125,17462791,0.0,0.0
2024-12-18 00:00:00+05:30,1240.6500244140625,1259.949951171875,1240.6500244140625,1253.25,12670179,0.0,0.0
2024-12-19 00:00:00+05:30,1239.0,1244.9000244140625,1229.0,1230.449951171875,14244653,0.0,0.0
2024-12-20 00:00:00+05:30,1224.0,1239.5,1201.5,1205.300048828125,20312896,0.0,0.0
2024-12-23 00:00:00+05:30,1215.0,1227.199951171875,1213.199951171875,1222.300048828125,10052824,0.0,0.0
2024-12-24 00:00:00+05:30,1222.300048828125,1233.550048828125,1221.0,1222.75,6734917,0.0,0.0
2024-12-26 00:00:00+05:30,1224.25,1227.699951171875,1214.25,1216.550048828125,10016178,0.0,0.0
2024-12-27 00:00:00+05:30,1218.300048828125,1227.9000244140625,1217.0,1221.050048828125,7000397,0.0,0.0
2024-12-30 00:00:00+05:30,1216.4000244140625,1223.199951171875,1208.0999755859375,1210.699951171875,8818766,0.0,0.0
2024-12-31 00:00:00+05:30,1208.0,1219.0999755859375,1206.1500244140625,1215.449951171875,6405475,0.0,0.0
2025-01-01 00:00:00+05:30,1214.8499755859375,1226.300048828125,1211.5999755859375,1221.25,5892590,0.0,0.0
2025-01-02 00:00:00+05:30,1221.25,1244.449951171875,1220.0,1241.800048828125,15486276,0.0,0.0
2025-01-03 00:00:00+05:30,1243.9000244140625,1262.050048828125,1235.5,1251.1500244140625,15521102,0.0,0.0
2025-01-06 00:00:00+05:30,1253.949951171875,1262.0,1215.0,1218.0,14816766,0.0,0.0
2025-01-07 00:00:00+05:30,1222.0,1244.5,1221.25,1240.8499755859375,10070505,0.0,0.0
2025-01-08 00:00:00+05:30,1249.0,1271.050048828125,1245.3499755859375,1265.5,19346579,0.0,0.0
2025-01-09 00:00:00+05:30,1267.0,1269.75,1248.050048828125,1254.75,12794704,0.0,0.0
2025-01-10 00:00:00+05:30,1253.8499755859375,1256.75,1236.0,1241.9000244140625,8120332,0.0,0.0
2025-01-13 00:00:00+05:30,1230.0,1245.25,1226.4000244140625,1239.8499755859375,13764861,0.0,0.0
2025-01-14 00:00:00+05:30,1244.0999755859375,1253.3499755859375,1227.25,1238.75,13095266,0.0,0.0
2025-01-15 00:00:00+05:30,1244.949951171875,1257.0,1241.8499755859375,1252.199951171875,9578856,0.0,0.0
2025-01-16 00:00:00+05:30,1258.9000244140625,1275.0,1251.300048828125,1266.449951171875,14117603,0.0,0.0
2025-01-17 00:00:00+05:30,1322.25,1326.0,1285.0,1302.3499755859375,29366277,0.0,0.0
2025-01-20 00:00:00+05:30,1316.0,1316.0,1300.25,1305.449951171875,14040244,0.0,0.0
2025-01-21 00:00:00+05:30,1310.5,1313.0,1270.199951171875,1273.699951171875,14562976,0.0,0.0
2025-01-22 00:00:00+05:30,1278.300048828125,1282.9000244140625,1268.699951171875,1277.0999755859375,10273590,0.0,0.0
2025-01-23 00:00:00+05:30,1270.0,1277.3499755859375,1261.5999755859375,1263.6500244140625,8720682,0.0,0.0
2025-01-24 00:00:00+05:30,1266.0,1273.0,1243.5,1246.300048828125,14235970,0.0,0.0
2025-01-27 00:00:00+05:30,1239.0999755859375,1240.449951171875,1220.0,1229.3499755859375,9536019,0.0,0.0
2025-01-28 00:00:00+05:30,1238.0,1244.75,1218.5,1234.4000244140625,10568025,0.0,0.0
2025-01-29 00:00:00+05:30,1236.0,1242.75,1228.050048828125,1235.5,5928156,0.0,0.0
2025-01-30 00:00:00+05:30,1235.550048828125,1257.0,1232.4000244140625,1253.050048828125,9269259,0.0,0.0
2025-01-31 00:00:00+05:30,1255.8499755859375,1267.0,1249.0,1265.0999755859375,6584612,0.0,0.0
2025-02-01 00:00:00+05:30,1265.0999755859375,1270.550048828125,1241.0,1264.5999755859375,7118453,0.0,0.0
2025-02-03 00:00:00+05:30,1251.0,1256.0,1237.550048828125,1245.9000244140625,9252345,0.0,0.0
2025-02-04 00:00:00+05:30,1248.050048828125,1288.800048828125,1246.5999755859375,1285.199951171875,16691069,0.0,0.0
2025-02-05 00:00:00+05:30,1282.6500244140625,1290.5,1276.699951171875,1278.199951171875,10112028,0.0,0.0
2025-02-06 00:00:00+05:30,1273.699951171875,1288.0,1270.3499755859375,1281.550048828125,9956001,0.0,0.0
2025-02-07 00:00:00+05:30,1276.1500244140625,1283.699951171875,1262.0,1266.699951171875,8764283,0.0,0.0
2025-02-10 00:00:00+05:30,1264.5,1266.5,1245.550048828125,1253.6500244140625,6970972,0.0,0.0
2025-02-11 00:00:00+05:30,1264.550048828125,1264.550048828125,1230.0999755859375,1234.8499755859375,8859714,0.0,0.0
2025-02-12 00:00:00+05:30,1219.449951171875,1226.9000244140625,1193.3499755859375,1216.550048828125,21131654,0.0,0.0
2025-02-13 00:00:00+05:30,1217.050048828125,1228.0,1212.0,1216.0999755859375,8511216,0.0,0.0
2025-02-14 00:00:00+05:30,1219.0,1224.0,1205.449951171875,1217.25,10298145,0.0,0.0
2025-02-17 00:00:00+05:30,1211.0999755859375,1227.5,1204.5,1224.9000244140625,8166683,0.0,0.0
2025-02-18 00:00:00+05:30,1224.8499755859375,1229.9000244140625,1216.0999755859375,1225.4000244140625,6673250,0.0,0.0
2025-02-19 00:00:00+05:30,1219.5,1232.75,1217.550048828125,1227.449951171875,6217338,0.0,0.0
2025-02-20 00:00:00+05:30,1223.949951171875,1239.3499755859375,1222.0,1233.0,7795582,0.0,0.0
2025-02-21 00:00:00+05:30,1228.699951171875,1240.0,1222.1500244140625,1228.1500244140625,6904025,0.0,0.0
2025-02-24 00:00:00+05:30,1216.550048828125,1223.25,1210.5,1214.550048828125,7172498,0.0,0.0
2025-02-25 00:00:00+05:30,1211.0,1221.0,1201.5,1204.0,11552182,0.0,0.0
2025-02-27 00:00:00+05:30,1212.800048828125,1215.0,1200.6500244140625,1207.0999755859375,11509215,0.0,0.0
2025-02-28 00:00:00+05:30,1202.0,1217.3499755859375,1193.300048828125,1200.0999755859375,23007298,0.0,0.0
2025-03-03 00:00:00+05:30,1204.0,1206.449951171875,1156.0,1171.25,17944938,0.0,0.0
2025-03-04 00:00:00+05:30,1162.199951171875,1174.0,1159.550048828125,1161.9000244140625,11377373,0.0,0.0
2025-03-05 00:00:00+05:30,1161.0,1183.0,1157.0,1175.5999755859375,8664095,0.0,0.0
2025-03-06 00:00:00+05:30,1197.0,1213.949951171875,1185.1500244140625,1209.5999755859375,14468014,0.0,0.0
2025-03-07 00:00:00+05:30,1216.0,1254.800048828125,1212.0,1249.800048828125,16474965,0.0,0.0
2025-03-10 00:00:00+05:30,1245.0,1258.0,1235.4000244140625,1238.4000244140625,11931051,0.0,0.0
2025-03-11 00:00:00+05:30,1240.0,1249.5,1229.75,1247.300048828125,10089838,0.0,0.0
2025-03-12 00:00:00+05:30,1258.0,1263.0,1244.0,1257.050048828125,11977555,0.0,0.0
2025-03-13 00:00:00+05:30,1260.050048828125,1264.1500244140625,1243.8499755859375,1247.9000244140625,9505270,0.0,0.0
2025-03-17 00:00:00+05:30,1242.1500244140625,1257.4000244140625,1233.0999755859375,1238.8499755859375,16640917,0.0,0.0
2025-03-18 00:00:00+05:30,1238.8499755859375,1238.8499755859375,1238.8499755859375,1238.8499755859375,0,0.0,0.0
2025-03-19 00:00:00+05:30,1241.050048828125,1253.25,1238.800048828125,1247.1500244140625,16162399,0.0,0.0
2025-03-20 00:00:00+05:30,1251.8499755859375,1273.0,1250.050048828125,1269.1500244140625,15971477,0.0,0.0
2025-03-21 00:00:00+05:30,1275.0,1281.0,1270.0999755859375,1276.3499755859375,21780769,0.0,0.0
2025-03-24 00:00:00+05:30,1291.0,1306.0,1284.25,1302.0999755859375,20299319,0.0,0.0
2025-03-25 00:00:00+05:30,1307.699951171875,1307.699951171875,1282.5999755859375,1285.449951171875,13713899,0.0,0.0
2025-03-26 00:00:00+05:30,1291.0,1293.800048828125,1268.75,1273.050048828125,12074747,0.0,0.0
2025-03-27 00:00:00+05:30,1278.1500244140625,1285.0,1271.300048828125,1278.199951171875,15028056,0.0,0.0
2025-03-28 00:00:00+05:30,1280.0,1295.75,1269.0,1275.0999755859375,18147129,0.0,0.0
2025-04-01 00:00:00+05:30,1264.5999755859375,1277.9000244140625,1249.300048828125,1252.5999755859375,12099648,0.0,0.0
2025-04-02 00:00:00+05:30,1247.550048828125,1255.550048828125,1243.9000244140625,1251.1500244140625,10142590,0.0,0.0
2025-04-03 00:00:00+05:30,1233.050048828125,1251.800048828125,1233.050048828125,1248.699951171875,7434366,0.0,0.0
2025-04-04 00:00:00+05:30,1241.0999755859375,1245.449951171875,1193.1500244140625,1204.699951171875,17908652,0.0,0.0
2025-04-07 00:00:00+05:30,1132.199951171875,1171.25,1114.8499755859375,1165.699951171875,22156106,0.0,0.0
2025-04-08 00:00:00+05:30,1172.0,1196.5999755859375,1163.300048828125,1182.199951171875,19555040,0.0,0.0
2025-04-09 00:00:00+05:30,1169.5,1189.800048828125,1168.0,1185.3499755859375,10223104,0.0,0.0
2025-04-11 00:00:00+05:30,1195.1500244140625,1222.6500244140625,1195.1500244140625,1218.949951171875,11224242,0.0,0.0
2025-04-15 00:00:00+05:30,1251.0,1251.0,1237.0999755859375,1240.0999755859375,13378535,0.0,0.0
2025-04-16 00:00:00+05:30,1234.0999755859375,1240.9000244140625,1229.0,1239.300048828125,8248464,0.0,0.0
2025-04-17 00:00:00+05:30,1240.199951171875,1280.199951171875,1227.5999755859375,1274.5,15398401,0.0,0.0
2025-04-21 00:00:00+05:30,1270.0,1300.9000244140625,1267.0,1295.5,10429964,0.0,0.0
2025-04-22 00:00:00+05:30,1300.0,1303.9000244140625,1286.300048828125,1291.199951171875,13051707,0.0,0.0
2025-04-23 00:00:00+05:30,1297.0,1306.0,1285.4000244140625,1300.0,10480888,0.0,0.0
2025-04-24 00:00:00+05:30,1292.4000244140625,1304.5,1290.300048828125,1301.5999755859375,10468940,0.0,0.0
2025-04-25 00:00:00+05:30,1303.5,1325.199951171875,1288.0999755859375,1300.4000244140625,14431012,0.0,0.0
2025-04-28 00:00:00+05:30,1340.0,1374.5999755859375,1320.199951171875,1368.800048828125,31104496,0.0,0.0
2025-04-29 00:00:00+05:30,1371.0,1410.9000244140625,1370.0,1399.699951171875,32538970,0.0,0.0
2025-04-30 00:00:00+05:30,1402.0,1412.4000244140625,1369.0,1405.0,25480745,0.0,0.0
2025-05-02 00:00:00+05:30,1414.0,1426.699951171875,1409.0999755859375,1419.800048828125,13007841,0.0,0.0
2025-05-05 00:00:00+05:30,1431.0,1439.5,1426.9000244140625,1431.300048828125,12685649,0.0,0.0
2025-05-06 00:00:00+05:30,1431.0,1432.0,1410.5999755859375,1420.9000244140625,14084117,0.0,0.0
2025-05-07 00:00:00+05:30,1420.9000244140625,1424.4000244140625,1402.699951171875,1406.0,13440169,0.0,0.0
2025-05-08 00:00:00+05:30,1404.0999755859375,1420.800048828125,1398.0,1407.0,16106175,0.0,0.0
2025-05-09 00:00:00+05:30,1385.5,1394.800048828125,1374.5,1377.199951171875,13668904,0.0,0.0
2025-05-12 00:00:00+05:30,1400.0,1439.0,1400.0,1436.5,10674081,0.0,0.0
2025-05-13 00:00:00+05:30,1433.5,1447.699951171875,1412.4000244140625,1415.699951171875,11407896,0.0,0.0
2025-05-14 00:00:00+05:30,1420.0,1429.9000244140625,1415.5,1424.4000244140625,5570160,0.0,0.0
2025-05-15 00:00:00+05:30,1425.0,1461.4000244140625,1412.699951171875,1454.199951171875,20177211,0.0,0.0
2025-05-16 00:00:00+05:30,1453.199951171875,1461.0,1447.300048828125,1456.4000244140625,9036695,0.0,0.0
2025-05-19 00:00:00+05:30,1452.0999755859375,1454.5999755859375,1438.199951171875,1440.800048828125,6195791,0.0,0.0
2025-05-20 00:00:00+05:30,1438.199951171875,1445.0,1421.800048828125,1424.5999755859375,11270560,0.0,0.0
2025-05-21 00:00:00+05:30,1423.9000244140625,1436.199951171875,1418.0999755859375,1429.199951171875,6136364,0.0,0.0
2025-05-22 00:00:00+05:30,1421.199951171875,1423.800048828125,1396.9000244140625,1409.4000244140625,12134466,0.0,0.0
2025-05-23 00:00:00+05:30,1406.5999755859375,1433.800048828125,1406.5999755859375,1426.800048828125,6474883,0.0,0.0
2025-05-26 00:00:00+05:30,1432.0,1441.0,1425.0999755859375,1434.800048828125,4842944,0.0,0.0
2025-05-27 00:00:00+05:30,1426.0999755859375,1437.0,1413.9000244140625,1422.0999755859375,12640414,0.0,0.0
2025-05-28 00:00:00+05:30,1420.0999755859375,1422.5999755859375,1410.699951171875,1412.9000244140625,5944611,0.0,0.0
2025-05-29 00:00:00+05:30,1412.0999755859375,1420.0,1408.5999755859375,1417.800048828125,13771917,0.0,0.0
2025-05-30 00:00:00+05:30,1418.0,1430.5999755859375,1409.699951171875,1420.9000244140625,13788484,0.0,0.0
2025-06-02 00:00:00+05:30,1412.0999755859375,1417.5,1395.5999755859375,1413.699951171875,8098668,0.0,0.0
2025-06-03 00:00:00+05:30,1422.300048828125,1426.5,1403.4000244140625,1405.5,11252626,0.0,0.0
2025-06-04 00:00:00+05:30,1414.699951171875,1425.699951171875,1406.0999755859375,1423.5,8126827,0.0,0.0
2025-06-05 00:00:00+05:30,1428.0,1454.699951171875,1423.5999755859375,1442.4000244140625,13716817,0.0,0.0
2025-06-06 00:00:00+05:30,1441.0,1451.5,1437.0,1443.5,8182161,0.0,0.0
2025-06-09 00:00:00+05:30,1457.0,1457.5,1445.800048828125,1447.9000244140625,5226304,0.0,0.0
