Date,Open,High,Low,Close,Volume,Dividends,Stock Splits
2020-06-09 00:00:00+05:30,1886.9566342619034,1916.5902961217573,1884.3498723859939,1895.1424560546875,2909439,0.0,0.0
2020-06-10 00:00:00+05:30,1899.7158747171466,1949.9743143801866,1896.4689216075597,1928.7093505859375,5168397,0.0,0.0
2020-06-11 00:00:00+05:30,1920.70627625576,1925.2793864373214,1885.7677591279105,1891.1181640625,2269513,0.0,0.0
2020-06-12 00:00:00+05:30,1839.4876142146832,1874.2432481830656,1839.3047344846507,1865.3714599609375,2842642,0.0,0.0
2020-06-15 00:00:00+05:30,1865.0056641118495,1883.2066639120314,1830.112813113807,1856.5911865234375,2399022,0.0,0.0
2020-06-16 00:00:00+05:30,1888.6943641203748,1896.8801860755675,1857.5972172050756,1871.1336669921875,2146528,0.0,0.0
2020-06-17 00:00:00+05:30,1871.3165264409965,1883.0695079221898,1853.527174013626,1872.962890625,2703527,0.0,0.0
2020-06-18 00:00:00+05:30,1870.402101027694,1883.3896895393643,1852.2925396934272,1864.0911865234375,1944389,0.0,0.0
2020-06-19 00:00:00+05:30,1867.6583817545777,1911.5602438134513,1858.5121604923124,1870.036376953125,5681758,0.0,0.0
2020-06-22 00:00:00+05:30,1874.97520009371,1877.033099703569,1846.7591322170617,1854.8077392578125,3196138,0.0,0.0
2020-06-23 00:00:00+05:30,1853.9388658838764,1869.4874404867505,1838.3902912810022,1861.5302734375,4205944,0.0,0.0
2020-06-24 00:00:00+05:30,1860.3410868884573,1888.008401479596,1858.1459718309275,1867.8409423828125,2560937,0.0,0.0
2020-06-25 00:00:00+05:30,1861.255861400393,1884.121412523248,1837.7043437438524,1843.969482421875,3043931,0.0,0.0
2020-06-26 00:00:00+05:30,1852.109769369303,1949.9743349606686,1847.490883062951,1937.9471435546875,6300722,0.0,0.0
2020-06-29 00:00:00+05:30,1928.0235162152874,1945.95019989715,1912.7493707793187,1922.215576171875,3076341,0.0,0.0
2020-06-30 00:00:00+05:30,1920.706096017511,1931.590007909727,1897.886323012197,1904.3800048828125,3071725,0.0,0.0
2020-07-01 00:00:00+05:30,1902.139265878186,1933.4650683429204,1901.9563861435072,1913.4349365234375,2503466,0.0,0.0
2020-07-02 00:00:00+05:30,1922.5354914151544,1980.1566788362557,1918.877003324926,1972.976806640625,3758699,0.0,0.0
2020-07-03 00:00:00+05:30,1978.9213931067566,2016.7410943303078,1975.8117682662348,2011.8477783203125,4185208,0.0,0.0
2020-07-06 00:00:00+05:30,2016.7412198854659,2076.100089827952,2016.7412198854659,2069.97216796875,5190366,0.0,0.0
2020-07-07 00:00:00+05:30,2080.7652478997065,2106.1002350500166,2041.5736021536695,2076.1005859375,5630055,0.0,0.0
2020-07-08 00:00:00+05:30,2076.191611834324,2080.215858679691,2019.1192973738061,2029.454345703125,2793358,0.0,0.0
2020-07-09 00:00:00+05:30,2038.6919439633414,2052.8685815279136,2003.9820921338646,2016.1466064453125,3443998,0.0,0.0
2020-07-10 00:00:00+05:30,2016.970225578084,2057.762457311688,1990.21753128122,2032.6103515625,9610320,0.0,0.0
2020-07-13 00:00:00+05:30,2030.4608154296875,2053.2805893942714,2021.3145955403645,2030.4608154296875,2963503,0.0,0.0
2020-07-14 00:00:00+05:30,2021.3149675477703,2047.8390101083519,1980.1569704710057,1986.5135498046875,2976738,0.0,0.0
2020-07-15 00:00:00+05:30,1998.4490247270671,2067.0456731730765,1994.8820883264273,2043.1739501953125,5569321,0.0,0.0
2020-07-16 00:00:00+05:30,2057.015607957406,2138.5995603229176,2035.1071979084968,2048.536376953125,8582118,5.0,0.0
2020-07-17 00:00:00+05:30,2050.5994225046684,2056.924382612595,2007.561629585728,2017.3699951171875,4509135,0.0,0.0
2020-07-20 00:00:00+05:30,2017.5993556960657,2041.3411213849986,2008.2493262037865,2023.92431640625,2952646,0.0,0.0
2020-07-21 00:00:00+05:30,2044.182142913964,2052.1112800929072,2017.7360198421118,2039.6446533203125,2665286,0.0,0.0
2020-07-22 00:00:00+05:30,2045.0989332003287,2045.0989332003287,2002.198561200274,2008.3861083984375,2861534,0.0,0.0
2020-07-23 00:00:00+05:30,2008.386411993901,2008.386411993901,1982.7654241116984,1990.2821044921875,2265766,0.0,0.0
2020-07-24 00:00:00+05:30,1974.9734497058296,1982.7651760100762,1948.0233329488788,1977.6317138671875,3665100,0.0,0.0
2020-07-27 00:00:00+05:30,1984.5987621712143,2030.432451828748,1983.2237514814883,2022.915771484375,4248480,0.0,0.0
2020-07-28 00:00:00+05:30,2030.43227503653,2126.6830149366815,2030.43227503653,2117.287109375,8092319,0.0,0.0
2020-07-29 00:00:00+05:30,2101.016410587447,2146.8501019178884,2058.895293014235,2086.3955078125,6090431,0.0,0.0
2020-07-30 00:00:00+05:30,2095.4242391184666,2161.5164998149266,2082.9117331231837,2089.5576171875,7098496,0.0,0.0
2020-07-31 00:00:00+05:30,2111.2372161043972,2140.2500767458037,2069.345267347596,2091.299560546875,4723290,0.0,0.0
2020-08-03 00:00:00+05:30,2099.5951225632275,2111.8786837848256,2044.823871827551,2066.31982421875,4012337,0.0,0.0
2020-08-04 00:00:00+05:30,2071.6368730814697,2080.5285640254774,2039.645047543579,2062.240966796875,2927928,0.0,0.0
2020-08-05 00:00:00+05:30,2071.6831905046747,2108.3501496286513,2065.2664726579787,2071.224853515625,3800641,0.0,0.0
2020-08-06 00:00:00+05:30,2085.432428550183,2126.2244035262192,2076.586617877656,2115.7744140625,4748047,0.0,0.0
2020-08-07 00:00:00+05:30,2115.6827460067557,2134.016218675792,2096.432599704268,2104.0869140625,3165491,0.0,0.0
2020-08-10 00:00:00+05:30,2124.8498810044416,2131.266597642505,2086.395459625796,2092.5830078125,2929353,0.0,0.0
2020-08-11 00:00:00+05:30,2092.7663389184736,2119.3498797982966,2085.9830421439297,2089.924560546875,2774423,0.0,0.0
2020-08-12 00:00:00+05:30,2097.670302006203,2105.049346081327,2059.353297480116,2069.25341796875,3415751,0.0,0.0
2020-08-13 00:00:00+05:30,2083.5990663863904,2108.3492532726345,2062.9739106478537,2066.5947265625,2695682,0.0,0.0
2020-08-14 00:00:00+05:30,2087.266239764909,2091.2079818590178,2047.0243495184945,2055.320068359375,2270405,0.0,0.0
2020-08-17 00:00:00+05:30,2074.4324808237902,2080.849196407425,2051.7448078673656,2065.63232421875,2625630,0.0,0.0
2020-08-18 00:00:00+05:30,2074.2495231660196,2098.266332010168,2060.9577530418833,2080.620361328125,3493374,0.0,0.0
2020-08-19 00:00:00+05:30,2086.6699768903013,2094.2325338656406,2064.8072226608706,2068.565673828125,2843005,0.0,0.0
2020-08-20 00:00:00+05:30,2068.9320350935673,2086.853046306749,2053.394464436605,2065.1279296875,2895164,0.0,0.0
2020-08-21 00:00:00+05:30,2071.6821663999717,2081.7655751744846,2054.31124786151,2061.232177734375,1975294,0.0,0.0
2020-08-24 00:00:00+05:30,2063.0658541000735,2071.6366186481646,2044.1822869528069,2060.774169921875,2167966,0.0,0.0
2020-08-25 00:00:00+05:30,2057.932837565946,2062.5162069146454,2047.4369665168913,2055.778564453125,1663419,0.0,0.0
2020-08-26 00:00:00+05:30,2055.182373859413,2071.590743079163,2031.7613167662776,2065.72412109375,2618149,0.0,0.0
2020-08-27 00:00:00+05:30,2077.1826190196457,2096.753692173191,2054.9532816360506,2061.049072265625,3579393,0.0,0.0
2020-08-28 00:00:00+05:30,2079.382101254222,2089.9697250576796,2048.8570523989006,2052.01953125,2941136,0.0,0.0
2020-08-31 00:00:00+05:30,2053.349242717909,2086.5327883987993,2042.349157489063,2069.161865234375,6018154,0.0,0.0
2020-09-01 00:00:00+05:30,2079.9324903136057,2088.182553078181,2054.5406752309773,2059.169921875,3610908,0.0,0.0
2020-09-02 00:00:00+05:30,2059.7655401660736,2079.703190588242,2054.861246980107,2076.403076171875,2084137,0.0,0.0
2020-09-03 00:00:00+05:30,2079.0163741438355,2130.3501117770165,2079.0163741438355,2107.8916015625,4654146,0.0,0.0
2020-09-04 00:00:00+05:30,2085.4326221276438,2130.578800870407,2074.386659523511,2098.082763671875,5231303,0.0,0.0
2020-09-07 00:00:00+05:30,2098.266270069958,2148.224990785909,2093.087152762365,2133.145751953125,4620401,0.0,0.0
2020-09-08 00:00:00+05:30,2141.3034642240673,2191.262171062656,2133.1451594151963,2152.53271484375,7453998,0.0,0.0
2020-09-09 00:00:00+05:30,2131.2667045938697,2162.433615542769,2126.6833353366783,2133.69580078125,3866535,0.0,0.0
2020-09-10 00:00:00+05:30,2140.432847317715,2152.807940867518,2130.624484596954,2136.903564453125,2308813,0.0,0.0
2020-09-11 00:00:00+05:30,2136.7198224723224,2184.43271782462,2135.9864389909903,2176.2744140625,4145424,0.0,0.0
2020-09-14 00:00:00+05:30,2185.4421052754733,2296.9553839947853,2183.3795892168127,2283.801025390625,7512131,0.0,0.0
2020-09-15 00:00:00+05:30,2283.801025390625,2326.5181141689177,2259.2343464853225,2283.801025390625,7318770,0.0,0.0
2020-09-16 00:00:00+05:30,2281.555015618283,2298.651114812004,2270.875856275874,2294.434326171875,3074003,0.0,0.0
2020-09-17 00:00:00+05:30,2273.350863006546,2287.788474334108,2246.400744714017,2255.88818359375,4828176,0.0,0.0
2020-09-18 00:00:00+05:30,2277.934125178504,2292.05081051985,2233.383694217466,2245.7587890625,4183256,0.0,0.0
2020-09-21 00:00:00+05:30,2259.600929661496,2296.1761249675164,2247.8215817465657,2259.8759765625,4598809,0.0,0.0
2020-09-22 00:00:00+05:30,2277.934441280886,2342.101608640911,2253.184248156305,2312.72216796875,7499613,0.0,0.0
2020-09-23 00:00:00+05:30,2300.851193889187,2309.880520165007,2208.267141864164,2261.8466796875,7502280,0.0,0.0
2020-09-24 00:00:00+05:30,2245.8506875820694,2245.8506875820694,2110.733066346053,2137.912353515625,8424708,0.0,0.0
2020-09-25 00:00:00+05:30,2170.6825977416665,2236.68308213246,2156.107580290919,2220.4580078125,8228267,0.0,0.0
2020-09-28 00:00:00+05:30,2236.6838734670773,2240.350568341614,2168.850018288158,2224.12548828125,4347166,0.0,0.0
2020-09-29 00:00:00+05:30,2231.9633217715887,2301.8138215210897,2224.1257159156467,2281.051025390625,6995811,0.0,0.0
2020-09-30 00:00:00+05:30,2281.600908501291,2296.267688146137,2255.0173703950086,2284.6259765625,3917166,0.0,0.0
2020-10-01 00:00:00+05:30,2300.8509594234783,2328.3511700938784,2284.6258798873996,2313.18017578125,2610337,0.0,0.0
2020-10-05 00:00:00+05:30,2401.685283088259,2500.777807378877,2386.1477074094205,2480.3359375,17412105,0.0,0.0
2020-10-06 00:00:00+05:30,2508.0192157188317,2508.0192157188317,2429.2770352705506,2488.12744140625,9846367,0.0,0.0
2020-10-07 00:00:00+05:30,2513.5190646887227,2539.185926034924,2477.768793527942,2507.97314453125,9656101,0.0,0.0
2020-10-08 00:00:00+05:30,2566.6866452388776,2644.6039183979146,2566.6866452388776,2590.2451171875,19839329,0.0,0.0
2020-10-09 00:00:00+05:30,2575.853230251445,2594.0492936566616,2548.3530178288315,2578.557373046875,7739245,0.0,0.0
2020-10-12 00:00:00+05:30,2580.894997920923,2616.1869380452185,2567.374059821355,2594.186767578125,4623203,0.0,0.0
2020-10-13 00:00:00+05:30,2607.93650970512,2617.0114892357988,2577.8695695086426,2591.02392578125,4209878,0.0,0.0
2020-10-14 00:00:00+05:30,2616.2940521485607,2616.2940521485607,2566.1684070427355,2586.46728515625,4395936,12.0,0.0
2020-10-15 00:00:00+05:30,2587.7564027003523,2603.1761535880187,2510.4275027263825,2522.947509765625,6629355,0.0,0.0
2020-10-16 00:00:00+05:30,2531.692844031736,2551.531207865882,2514.385856142032,2543.844482421875,5273773,0.0,0.0
2020-10-19 00:00:00+05:30,2553.694650767401,2553.694650767401,2491.647509427286,2496.204345703125,3331194,0.0,0.0
2020-10-20 00:00:00+05:30,2508.58597297571,2540.7141951693807,2502.0958248659745,2521.47412109375,3406273,0.0,0.0
2020-10-21 00:00:00+05:30,2521.4741552582586,2530.6799754673066,2451.5559957208325,2462.925048828125,4570143,0.0,0.0
2020-10-22 00:00:00+05:30,2449.6691204575804,2473.281962890589,2428.5878789570247,2459.012939453125,5262294,0.0,0.0
2020-10-23 00:00:00+05:30,2474.340503934299,2487.4127242260497,2458.0462464350016,2473.419921875,3499091,0.0,0.0
2020-10-26 00:00:00+05:30,2476.3195145993773,2494.7311546636884,2458.414239587128,2474.70849609375,2672752,0.0,0.0
2020-10-27 00:00:00+05:30,2485.341399671255,2502.2800195600707,2415.699457203986,2421.268798828125,3537502,0.0,0.0
2020-10-28 00:00:00+05:30,2439.542174404599,2445.019592072311,2399.0365684899566,2413.949951171875,3569445,0.0,0.0
2020-10-29 00:00:00+05:30,2400.8780542270138,2444.145411799356,2393.743543137957,2423.5703125,3105968,0.0,0.0
2020-10-30 00:00:00+05:30,2426.7466426700967,2461.9589091408047,2413.398201785776,2453.21337890625,3427003,0.0,0.0
2020-11-02 00:00:00+05:30,2448.7479521377163,2453.212864432231,2393.559109971218,2397.747802734375,2571196,0.0,0.0
2020-11-03 00:00:00+05:30,2397.1955073528634,2453.351008869194,2394.4798354265467,2424.44482421875,2879269,0.0,0.0
2020-11-04 00:00:00+05:30,2402.719113722983,2505.6863043400153,2402.719113722983,2442.442138671875,4893928,0.0,0.0
2020-11-05 00:00:00+05:30,2471.762131831213,2494.7766768203305,2455.191659439048,2472.406494140625,2816502,0.0,0.0
2020-11-06 00:00:00+05:30,2484.6505711823975,2497.7688633792663,2468.3563163513118,2492.429443359375,3884421,0.0,0.0
2020-11-09 00:00:00+05:30,2514.2014566707744,2526.0768739399546,2481.0605064295796,2510.058837890625,3646592,0.0,0.0
2020-11-10 00:00:00+05:30,2482.9938876172846,2497.677126525973,2428.8177682298506,2439.17431640625,4760020,0.0,0.0
2020-11-11 00:00:00+05:30,2456.0666895231207,2478.9432420079615,2433.466356587175,2474.34033203125,3242441,0.0,0.0
2020-11-12 00:00:00+05:30,2472.683801586765,2497.5395211112786,2450.359683124934,2458.921142578125,2437505,0.0,0.0
2020-11-13 00:00:00+05:30,2444.835658566291,2453.258894007277,2426.6541639765574,2445.848388671875,2548093,0.0,0.0
2020-11-14 00:00:00+05:30,2465.272900752264,2475.445378365613,2448.7945703208648,2458.276611328125,298819,0.0,0.0
2020-11-17 00:00:00+05:30,2480.9681834694256,2480.9681834694256,2439.5880726323476,2454.3173828125,2827273,0.0,0.0
2020-11-18 00:00:00+05:30,2449.6687125967514,2452.6145300592016,2400.0033584322027,2418.046630859375,2893762,0.0,0.0
2020-11-19 00:00:00+05:30,2427.574814119252,2463.615510708147,2421.9133245329876,2427.482666015625,4167501,0.0,0.0
2020-11-20 00:00:00+05:30,2444.145215972565,2463.4774380198055,2418.875284961108,2448.978271484375,2711471,0.0,0.0
2020-11-23 00:00:00+05:30,2476.3658154552286,2513.1890989564217,2453.351263266983,2507.895751953125,3706418,0.0,0.0
2020-11-24 00:00:00+05:30,2517.239659803358,2525.156755938396,2490.1746353676126,2505.87060546875,3120516,0.0,0.0
2020-11-25 00:00:00+05:30,2512.268634758383,2515.904889224462,2474.7088388743564,2486.7685546875,3302249,0.0,0.0
2020-11-26 00:00:00+05:30,2472.6836563624356,2514.0637790791093,2467.160163459169,2504.535888671875,2341099,0.0,0.0
2020-11-27 00:00:00+05:30,2490.174245338355,2501.8655914844758,2457.079368248013,2466.83740234375,6086808,0.0,0.0
2020-12-01 00:00:00+05:30,2466.2388176603167,2518.619835906393,2416.021031947294,2510.24267578125,3605017,0.0,0.0
2020-12-02 00:00:00+05:30,2503.0629371442787,2535.9276758850588,2487.8272571775233,2531.186767578125,2509032,0.0,0.0
2020-12-03 00:00:00+05:30,2553.6022144528424,2553.6022144528424,2486.307807882527,2494.270751953125,2852548,0.0,0.0
2020-12-04 00:00:00+05:30,2495.5138445456246,2521.336215775486,2484.6509314991126,2510.93359375,2686527,0.0,0.0
2020-12-07 00:00:00+05:30,2499.3804190244023,2526.0773001115876,2491.2331774816826,2520.277587890625,1996400,0.0,0.0
2020-12-08 00:00:00+05:30,2522.395128324161,2582.739334099881,2515.4446880385144,2575.14453125,4277818,0.0,0.0
2020-12-09 00:00:00+05:30,2591.438176564533,2614.4527252018734,2571.323371154917,2587.57177734375,3659996,0.0,0.0
2020-12-10 00:00:00+05:30,2594.200576386868,2602.762035588553,2559.4485991836727,2563.177001953125,2127801,0.0,0.0
2020-12-11 00:00:00+05:30,2570.909633116672,2584.718364871248,2544.995336424515,2562.532470703125,1795408,0.0,0.0
2020-12-14 00:00:00+05:30,2579.4709990829347,2581.312163250731,2537.354368744589,2575.512451171875,2483658,0.0,0.0
2020-12-15 00:00:00+05:30,2564.7413382482964,2572.7503563427863,2536.2032975140187,2542.233154296875,2365509,0.0,0.0
2020-12-16 00:00:00+05:30,2558.2969796120624,2595.8567643134,2541.220141221041,2590.701416015625,2565149,0.0,0.0
2020-12-17 00:00:00+05:30,2587.755870123241,2627.0646745697,2582.2323784047285,2612.795654296875,2863460,0.0,0.0
2020-12-18 00:00:00+05:30,2640.2294751206964,2667.846938249574,2620.1607402967475,2633.785400390625,6076692,0.0,0.0
2020-12-21 00:00:00+05:30,2633.7850632662858,2657.2599039210536,2563.8208322952137,2596.17919921875,2705195,0.0,0.0
2020-12-22 00:00:00+05:30,2608.9291778856614,2654.635980604004,2594.79815542314,2644.37158203125,2881737,0.0,0.0
2020-12-23 00:00:00+05:30,2647.6396917678794,2687.178640517566,2637.881433457062,2677.74267578125,2790988,0.0,0.0
2020-12-24 00:00:00+05:30,2677.9728724349648,2689.3421493326478,2654.2218133530755,2678.295166015625,1807144,0.0,0.0
2020-12-28 00:00:00+05:30,2678.8930004962153,2715.440052494283,2671.5283461993185,2696.752197265625,2108994,0.0,0.0
2020-12-29 00:00:00+05:30,2688.0997570007253,2717.5583844747057,2688.0997570007253,2697.765869140625,1994151,0.0,0.0
2020-12-30 00:00:00+05:30,2701.355741013761,2713.5995266098967,2671.52897400267,2678.249267578125,2637968,0.0,0.0
2020-12-31 00:00:00+05:30,2669.687921292354,2674.290831501479,2619.055908991982,2635.396240234375,4040956,0.0,0.0
2021-01-01 00:00:00+05:30,2651.2769732348675,2706.5119101772602,2650.356390952494,2695.695068359375,2681440,0.0,0.0
2021-01-04 00:00:00+05:30,2715.716497262118,2808.4651200075955,2707.3851864473495,2798.0625,5113293,0.0,0.0
2021-01-05 00:00:00+05:30,2798.200878917612,2866.9222289762797,2798.200878917612,2847.35986328125,5801309,0.0,0.0
2021-01-06 00:00:00+05:30,2853.8047294235416,2866.232588729096,2795.992124148144,2809.156494140625,3726716,0.0,0.0
2021-01-07 00:00:00+05:30,2830.7891828671054,2836.1746765789844,2761.975689722612,2791.940673828125,3717827,0.0,0.0
2021-01-08 00:00:00+05:30,2844.5985381132086,2879.580656057643,2816.981076578129,2873.04443359375,5879039,0.0,0.0
2021-01-11 00:00:00+05:30,2973.479827702331,2973.479827702331,2896.6573055870635,2924.1826171875,9508039,0.0,0.0
2021-01-12 00:00:00+05:30,2924.1832458685158,2955.0688232235375,2899.8338919483313,2922.71044921875,3611458,0.0,0.0
2021-01-13 00:00:00+05:30,2922.8481414297594,2924.689305613337,2877.9697644550506,2908.07275390625,3572801,0.0,0.0
2021-01-14 00:00:00+05:30,2909.96364214528,3012.803878626801,2878.0507970757512,2998.23095703125,6931542,6.0,0.0
2021-01-15 00:00:00+05:30,2983.7502765444547,3019.721299971111,2960.6919281940336,2982.228515625,4131692,0.0,0.0
2021-01-18 00:00:00+05:30,2997.585230028323,3003.8109839676126,2939.847036756721,2971.529296875,4160906,0.0,0.0
2021-01-19 00:00:00+05:30,2981.9054975779486,3024.332856961984,2980.9831636782956,3007.4541015625,2975735,0.0,0.0
2021-01-20 00:00:00+05:30,3016.032001398968,3069.481208498015,3013.357323029035,3051.818603515625,3453446,0.0,0.0
2021-01-21 00:00:00+05:30,3048.3133730160803,3052.140968420366,3008.7453409387617,3019.582763671875,2778546,0.0,0.0
2021-01-22 00:00:00+05:30,2990.11450253183,3066.7605479523336,2990.11450253183,3046.5615234375,3052459,0.0,0.0
2021-01-25 00:00:00+05:30,3051.9561019551793,3080.410187141497,3024.0093453480613,3035.677001953125,2272887,0.0,0.0
2021-01-27 00:00:00+05:30,3043.701466939966,3049.650474771338,2976.3711011561427,3007.776611328125,2786662,0.0,0.0
2021-01-28 00:00:00+05:30,2979.1383998663723,3020.6434240131175,2936.5266201115473,2948.286376953125,3083938,0.0,0.0
2021-01-29 00:00:00+05:30,2960.737922381333,2967.0098378135626,2859.235033650892,2869.70361328125,5445659,0.0,0.0
2021-02-01 00:00:00+05:30,2859.235364355773,2919.1870736083943,2807.6769844701976,2895.529296875,3985846,0.0,0.0
2021-02-02 00:00:00+05:30,2927.487945087278,2973.604642394891,2905.351930379624,2954.650634765625,2881837,0.0,0.0
2021-02-03 00:00:00+05:30,2963.4588274338053,2984.6725071820088,2917.0192253916116,2951.5146484375,2505866,0.0,0.0
2021-02-04 00:00:00+05:30,2966.2721812313084,2986.3791066231925,2929.3326610459458,2940.815673828125,2057261,0.0,0.0
2021-02-05 00:00:00+05:30,2950.5000164834746,2956.8642555702504,2885.982804512081,2912.684326171875,2366135,0.0,0.0
2021-02-08 00:00:00+05:30,2941.784127616397,2975.44931672378,2910.1018664258563,2964.4736328125,2526592,0.0,0.0
2021-02-09 00:00:00+05:30,2946.856686474675,2993.7112916585247,2918.2643367780506,2930.162353515625,2658751,0.0,0.0
2021-02-10 00:00:00+05:30,2937.6337430252997,2969.361942046265,2912.085136669679,2963.73583984375,2127983,0.0,0.0
2021-02-11 00:00:00+05:30,2965.3034463883637,2969.2695271378743,2937.6795915114976,2957.00244140625,1165882,0.0,0.0
2021-02-12 00:00:00+05:30,2936.895903911623,2993.435023650836,2934.8668141293974,2942.9833984375,2777404,0.0,0.0
2021-02-15 00:00:00+05:30,2959.769784071412,2959.769784071412,2888.3350613365033,2895.990478515625,2630853,0.0,0.0
2021-02-16 00:00:00+05:30,2905.3514252988834,2921.6305265467568,2859.234736008425,2867.351318359375,3435770,0.0,0.0
2021-02-17 00:00:00+05:30,2863.93875367209,2889.5335164542585,2809.013731206417,2834.424072265625,3678426,0.0,0.0
2021-02-18 00:00:00+05:30,2826.9529800032037,2857.2976706956924,2795.5936321010477,2819.897216796875,4189909,0.0,0.0
2021-02-19 00:00:00+05:30,2820.4973128120155,2847.3832582761356,2781.89754565035,2833.271728515625,3725028,0.0,0.0
2021-02-22 00:00:00+05:30,2855.5457852907593,2855.5457852907593,2714.566957079007,2728.6787109375,5366696,0.0,0.0
2021-02-23 00:00:00+05:30,2739.3317410097357,2792.8271083425857,2737.487073170672,2748.739501953125,3832829,0.0,0.0
2021-02-24 00:00:00+05:30,2741.1762577494214,2770.0915146045486,2694.275490454821,2719.132568359375,3774549,0.0,0.0
2021-02-25 00:00:00+05:30,2743.0212335422298,2794.5796125206575,2737.902234960272,2762.6669921875,4224073,0.0,0.0
2021-02-26 00:00:00+05:30,2730.1082770359612,2741.499190493235,2656.3215668458,2669.510986328125,5553153,0.0,0.0
2021-03-01 00:00:00+05:30,2698.749113318338,2734.7201370433604,2676.428676965828,2697.0888671875,3265871,0.0,0.0
2021-03-02 00:00:00+05:30,2730.1078949911525,2790.0595886311608,2719.0398900114587,2772.858154296875,3306469,0.0,0.0
2021-03-03 00:00:00+05:30,2799.283381726237,2826.0310647806227,2764.142370124495,2821.51171875,3509857,0.0,0.0
2021-03-04 00:00:00+05:30,2788.2147994835877,2842.125159684221,2781.8046252483546,2812.841064453125,3916760,0.0,0.0
2021-03-05 00:00:00+05:30,2781.8508569631967,2825.29264059866,2763.8653492033795,2774.426025390625,3203686,0.0,0.0
2021-03-08 00:00:00+05:30,2781.7587871586875,2797.438462019993,2763.312110851269,2773.41162109375,2003125,0.0,0.0
2021-03-09 00:00:00+05:30,2773.411936415894,2828.7058098981684,2759.715412807907,2813.99462890625,1942397,0.0,0.0
2021-03-10 00:00:00+05:30,2836.1766593306684,2852.9630907825804,2822.3416512363724,2832.441162109375,3053778,0.0,0.0
2021-03-12 00:00:00+05:30,2836.1767658949284,2874.914790014469,2805.1403199755864,2820.450927734375,2938317,0.0,0.0
2021-03-15 00:00:00+05:30,2804.8170670318777,2858.3124270739195,2804.8170670318777,2828.013671875,3097083,0.0,0.0
2021-03-16 00:00:00+05:30,2822.3417811695244,2897.05082831813,2822.3417811695244,2868.504638671875,4894756,0.0,0.0
2021-03-17 00:00:00+05:30,2863.846689927716,2909.963383807389,2845.6767575749586,2871.17919921875,3838390,0.0,0.0
2021-03-18 00:00:00+05:30,2883.169214929836,2902.0770572911333,2755.0571438315355,2800.66650390625,3656306,0.0,0.0
2021-03-19 00:00:00+05:30,2794.6718777001283,2858.312920459636,2771.61352887422,2813.302978515625,5776626,0.0,0.0
2021-03-22 00:00:00+05:30,2811.919151447276,2895.6209479772206,2784.2029743373405,2886.58203125,2821646,0.0,0.0
2021-03-23 00:00:00+05:30,2896.1286970491974,2922.8763824678044,2880.3107593646987,2898.52685546875,3305973,0.0,0.0
2021-03-24 00:00:00+05:30,2869.5645620449177,2907.472567181822,2869.518400324098,2878.69580078125,2207104,0.0,0.0
2021-03-25 00:00:00+05:30,2870.48731334174,2887.68897445455,2813.1181938987193,2826.81494140625,3179786,0.0,0.0
2021-03-26 00:00:00+05:30,2850.6110528325135,2875.836973961863,2806.708096227189,2828.613525390625,3697370,0.0,0.0
2021-03-30 00:00:00+05:30,2843.5549449925143,2940.8149936801574,2823.171279090715,2913.2373046875,4694008,0.0,0.0
2021-03-31 00:00:00+05:30,2909.9631566889775,2956.0798469693095,2888.7494791600243,2931.03857421875,3530069,0.0,0.0
2021-04-01 00:00:00+05:30,2943.2592799181807,2965.3029661736027,2900.7396045461837,2919.186279296875,4285076,0.0,0.0
2021-04-05 00:00:00+05:30,2924.7203084091143,3009.5750130365627,2906.2736334901037,2987.3466796875,5317862,0.0,0.0
2021-04-06 00:00:00+05:30,3020.6436392605533,3020.6436392605533,2979.13861215621,3011.1435546875,2291562,0.0,0.0
2021-04-07 00:00:00+05:30,3005.8859046658968,3022.9952419789756,2983.5654713669883,3017.32275390625,2491268,0.0,0.0
2021-04-08 00:00:00+05:30,3016.031506345441,3075.9832029547542,3012.3883328950124,3059.7041015625,2578118,0.0,0.0
2021-04-09 00:00:00+05:30,3093.507732546655,3093.8306394657834,3051.0803754515014,3064.2236328125,2911129,0.0,0.0
2021-04-12 00:00:00+05:30,3064.2239550562576,3078.843038186143,2963.6433931120346,2994.4033203125,3791828,0.0,0.0
2021-04-13 00:00:00+05:30,2964.381274495762,2964.381274495762,2834.3783510685694,2862.970703125,8654596,0.0,0.0
2021-04-15 00:00:00+05:30,2914.8519820855604,2985.825533403227,2847.6598647968276,2968.94677734375,6062760,0.0,0.0
2021-04-16 00:00:00+05:30,2978.216210268646,2994.8182207315867,2935.4200067025145,2946.9951171875,3224657,0.0,0.0
2021-04-19 00:00:00+05:30,2922.8761105645526,2941.3227884475727,2891.609081624503,2916.2353515625,2679106,0.0,0.0
2021-04-20 00:00:00+05:30,2974.5264139337055,2974.8493208254795,2883.538277421003,2900.32470703125,3141893,0.0,0.0
2021-04-22 00:00:00+05:30,2903.5070554432014,2903.5070554432014,2864.077282056862,2876.574951171875,1988980,0.0,0.0
2021-04-23 00:00:00+05:30,2863.846811827288,2876.7594866632244,2850.9802987230305,2867.997314453125,1615309,0.0,0.0
2021-04-26 00:00:00+05:30,2861.1260619636446,2908.1189314722124,2848.213386720825,2859.97314453125,2490260,0.0,0.0
2021-04-27 00:00:00+05:30,2864.7693167305238,2892.531659356479,2862.002314814815,2888.75,1471417,0.0,0.0
2021-04-28 00:00:00+05:30,2905.305574715291,2906.2740703299405,2870.3030488310933,2881.46337890625,1639037,0.0,0.0
2021-04-29 00:00:00+05:30,2901.293213115555,2912.1306349733136,2864.307538661248,2873.30029296875,1621395,0.0,0.0
2021-04-30 00:00:00+05:30,2858.312755116566,2888.7959355369135,2785.4483770416364,2799.8828125,3072305,0.0,0.0
2021-05-03 00:00:00+05:30,2789.9680862581413,2817.730430324179,2770.6913953171306,2801.12841796875,1545831,0.0,0.0
2021-05-04 00:00:00+05:30,2824.9246876166876,2850.01212797924,2799.2837567692536,2812.88818359375,1990777,0.0,0.0
2021-05-05 00:00:00+05:30,2831.5648643803816,2858.6813889708624,2815.3316988647134,2855.268798828125,1939289,0.0,0.0
2021-05-06 00:00:00+05:30,2864.30781284537,2890.5943279527896,2835.2542961476947,2869.795654296875,1791671,0.0,0.0
2021-05-07 00:00:00+05:30,2889.6721574476023,2914.436913152044,2870.118723473579,2889.579833984375,1912540,0.0,0.0
2021-05-10 00:00:00+05:30,2901.616421253896,2918.449015703836,2882.293570195145,2901.201416015625,2137153,0.0,0.0
2021-05-11 00:00:00+05:30,2882.2935895300843,2885.152914842573,2851.0724952966198,2880.080078125,2415625,0.0,0.0
2021-05-12 00:00:00+05:30,2877.6818691828216,2877.6818691828216,2832.118662992433,2847.79833984375,1978558,0.0,0.0
2021-05-14 00:00:00+05:30,2857.851895208107,2857.851895208107,2803.8953562796983,2814.502197265625,2043935,0.0,0.0
2021-05-17 00:00:00+05:30,2817.730290679845,2836.3613919195327,2800.2059451731616,2831.334716796875,2890462,0.0,0.0
2021-05-18 00:00:00+05:30,2859.234388986482,2881.370397159281,2838.9430481614168,2848.904296875,2098538,0.0,0.0
2021-05-19 00:00:00+05:30,2844.477480126541,2875.8368297777415,2828.8901287539293,2842.6328125,1986041,0.0,0.0
2021-05-20 00:00:00+05:30,2828.8899683683526,2848.9045659457547,2815.0549619536773,2822.34130859375,2329027,0.0,0.0
2021-05-21 00:00:00+05:30,2823.2642436895135,2848.3516822957386,2817.822563412359,2841.249755859375,1685566,0.0,0.0
2021-05-24 00:00:00+05:30,2842.171630859375,2863.8464753588705,2833.409459678728,2842.171630859375,1652260,0.0,0.0
2021-05-25 00:00:00+05:30,2865.8064195342604,2899.40457047479,2856.6307391689693,2886.197021484375,1841613,15.0,0.0
2021-05-26 00:00:00+05:30,2891.758096950689,2933.466146425939,2876.7432443957287,2927.441650390625,1923753,0.0,0.0
2021-05-27 00:00:00+05:30,2930.6390460263633,2982.35706952173,2930.500109715394,2947.36865234375,5959785,0.0,0.0
2021-05-28 00:00:00+05:30,2956.1742049625564,2964.052392998983,2906.2634761253967,2913.632080078125,1763701,0.0,0.0
2021-05-31 00:00:00+05:30,2919.5636427174973,2938.425041207319,2899.729237371301,2928.044189453125,1652799,0.0,0.0
2021-06-01 00:00:00+05:30,2936.802875109147,2938.053980822549,2902.8802377571956,2922.343994140625,1377441,0.0,0.0
2021-06-02 00:00:00+05:30,2920.351231009299,2928.3219665322417,2887.123729358202,2900.5166015625,2240078,0.0,0.0
2021-06-03 00:00:00+05:30,2923.7804593023056,2923.7804593023056,2894.213952670228,2911.453369140625,1281706,0.0,0.0
2021-06-04 00:00:00+05:30,2899.1726913518887,2925.912274238025,2896.392154883201,2913.7705078125,1836060,0.0,0.0
2021-06-07 00:00:00+05:30,2914.9290207446675,2957.05410235431,2904.3630728351436,2950.33447265625,2559821,0.0,0.0
2021-06-08 00:00:00+05:30,2964.051806350014,2994.637706790774,2954.041830040548,2966.04443359375,2574057,0.0,0.0
2021-06-09 00:00:00+05:30,2967.7596751474493,2984.4428963069295,2953.1154690957724,2966.1376953125,1710925,0.0,0.0
2021-06-10 00:00:00+05:30,2975.1744552771765,2988.150294022934,2959.4180796573287,2981.47705078125,1874324,0.0,0.0
2021-06-11 00:00:00+05:30,2976.6114700946027,3066.93254185377,2976.1016596834256,3034.3076171875,3452954,0.0,0.0
2021-06-14 00:00:00+05:30,3039.126215934062,3066.653480410551,3031.1090933423698,3036.670166015625,1847360,0.0,0.0
2021-06-15 00:00:00+05:30,3056.736489750546,3056.736489750546,3013.6845610985742,3024.065185546875,1304985,0.0,0.0
2021-06-16 00:00:00+05:30,3023.463279481515,3053.67831184419,3015.0288935706917,3034.817138671875,1635552,0.0,0.0
2021-06-17 00:00:00+05:30,3026.614309543601,3092.003311939008,3021.51665873898,3075.0419921875,2273413,0.0,0.0
2021-06-18 00:00:00+05:30,3105.7661803350916,3112.3468732296883,3035.4187045346125,3056.08740234375,3380431,0.0,0.0
2021-06-21 00:00:00+05:30,3026.1504202625897,3045.6141748798987,3013.8233304155015,3033.657958984375,1130569,0.0,0.0
2021-06-22 00:00:00+05:30,3062.2976052963695,3083.661439838843,3044.687540374871,3059.702392578125,1708688,0.0,0.0
2021-06-23 00:00:00+05:30,3085.468814092156,3085.468814092156,3018.1797371265798,3022.81396484375,1467104,0.0,0.0
2021-06-24 00:00:00+05:30,3043.760465169798,3135.518164941969,3038.6628151824552,3126.805908203125,4155204,0.0,0.0
2021-06-25 00:00:00+05:30,3128.334966630336,3150.9499040969886,3104.932120053811,3133.47900390625,2722861,0.0,0.0
2021-06-28 00:00:00+05:30,3143.39640063515,3143.39640063515,3089.175940827644,3092.651611328125,1355238,0.0,0.0
2021-06-29 00:00:00+05:30,3097.5179303429186,3120.040323207468,3083.151823843722,3096.4521484375,1497322,0.0,0.0
2021-06-30 00:00:00+05:30,3101.225119583847,3134.5915584078216,3094.2737781621854,3100.993408203125,1693146,0.0,0.0
2021-07-01 00:00:00+05:30,3112.34690442985,3116.054286090874,3088.5734100407794,3097.053955078125,990310,0.0,0.0
2021-07-02 00:00:00+05:30,3087.322015722291,3095.385525415668,3054.1409052716745,3082.177978515625,1682274,0.0,0.0
2021-07-05 00:00:00+05:30,3097.5184479448963,3127.1775114799757,3060.4446185260463,3078.0546875,1972858,0.0,0.0
2021-07-06 00:00:00+05:30,3070.638968159941,3084.5416498751233,3017.9015526992666,3023.64794921875,2159420,0.0,0.0
2021-07-07 00:00:00+05:30,3035.4189461238634,3042.5556110616767,3004.462397613053,3035.37255859375,2640710,0.0,0.0
2021-07-08 00:00:00+05:30,3056.7366198799773,3056.7366198799773,2995.472038593288,3020.126220703125,2485811,0.0,0.0
2021-07-09 00:00:00+05:30,3012.2482969171383,3041.907357071399,2966.832861055926,2973.459716796875,6365067,0.0,0.0
2021-07-12 00:00:00+05:30,2998.3449871847392,2999.271832621272,2955.1077380827173,2959.51025390625,1892226,0.0,0.0
2021-07-13 00:00:00+05:30,2978.8817197646636,2978.8817197646636,2942.7347418334807,2954.36669921875,1809339,0.0,0.0
2021-07-14 00:00:00+05:30,2953.8564756485575,2986.296066689568,2952.0027847319284,2979.39111328125,2044279,0.0,0.0
2021-07-15 00:00:00+05:30,2998.014899781281,3001.962589376818,2966.80483956326,2975.1181640625,2232968,7.0,0.0
2021-07-16 00:00:00+05:30,2984.45345116091,2990.8162888798593,2964.947219453976,2967.548095703125,1256526,0.0,0.0
2021-07-19 00:00:00+05:30,2953.801577446148,2972.193217528546,2950.0861037638256,2958.074462890625,1597058,0.0,0.0
2021-07-20 00:00:00+05:30,2958.073907675301,2986.3114116511083,2931.6474246502867,2977.765869140625,1811945,0.0,0.0
2021-07-22 00:00:00+05:30,2963.0894189159544,2995.5533156272436,2963.0894189159544,2987.565185546875,2859334,0.0,0.0
2021-07-23 00:00:00+05:30,3000.2437166000727,3010.972187628867,2978.554557536555,2984.313720703125,1776193,0.0,0.0
2021-07-26 00:00:00+05:30,2972.378709438264,2994.903766845726,2963.8796547757634,2970.10302734375,1259611,0.0,0.0
2021-07-27 00:00:00+05:30,2972.378263917328,2981.666945992069,2936.2916433471705,2956.541015625,1121367,0.0,0.0
2021-07-28 00:00:00+05:30,2961.2320066537445,2976.5118441437216,2909.5868407965418,2970.3349609375,1660654,0.0,0.0
2021-07-29 00:00:00+05:30,2972.6104689328804,2996.017902311558,2963.3682756608277,2968.47705078125,1731997,0.0,0.0
2021-07-30 00:00:00+05:30,2990.027004191115,2994.2069114663122,2937.4067066475914,2942.143798828125,2999943,0.0,0.0
2021-08-02 00:00:00+05:30,2953.801359282584,2995.507457576491,2941.726070706901,2990.398681640625,2608669,0.0,0.0
2021-08-03 00:00:00+05:30,2999.315132794994,3055.9760876108794,2989.9799629171603,3051.23876953125,3804735,0.0,0.0
2021-08-04 00:00:00+05:30,3065.2651781317945,3070.0952476030475,3029.225045227957,3041.068115234375,2929598,0.0,0.0
2021-08-05 00:00:00+05:30,3042.0431209170965,3079.197846058069,3030.432269310543,3050.3564453125,2534521,0.0,0.0
2021-08-06 00:00:00+05:30,3039.7678219204195,3087.55804779264,3032.754821312566,3074.3681640625,2292362,0.0,0.0
2021-08-09 00:00:00+05:30,3087.464694060055,3099.632957302246,3074.5535177316256,3086.35009765625,1510489,0.0,0.0
2021-08-10 00:00:00+05:30,3079.7555551349988,3111.6155536013534,3079.7555551349988,3096.753662109375,2040777,0.0,0.0
2021-08-11 00:00:00+05:30,3111.708036805503,3120.996717512385,3090.4370486965154,3106.320556640625,1929707,0.0,0.0
2021-08-12 00:00:00+05:30,3089.4153859982193,3128.4278472766096,3089.4153859982193,3113.333740234375,1310205,0.0,0.0
2021-08-13 00:00:00+05:30,3121.6937633819507,3232.4612948208546,3118.674941770408,3217.0419921875,4363584,0.0,0.0
2021-08-16 00:00:00+05:30,3213.883800463164,3245.79051213997,3192.055398928226,3225.91259765625,2083489,0.0,0.0
2021-08-17 00:00:00+05:30,3234.4127502639003,3307.5146480774615,3216.671273092626,3300.31591796875,4336019,0.0,0.0
2021-08-18 00:00:00+05:30,3319.635730783612,3339.2812026429215,3285.035390088633,3307.28173828125,2631309,0.0,0.0
2021-08-20 00:00:00+05:30,3256.6117067333016,3320.703608548646,3251.038497879794,3306.30615234375,2836148,0.0,0.0
2021-08-23 00:00:00+05:30,3325.3476154774985,3411.732344035992,3308.5350130805373,3378.66455078125,3744176,0.0,0.0
2021-08-24 00:00:00+05:30,3396.8709958136224,3406.4848723606156,3338.7237559821715,3356.1865234375,2511141,0.0,0.0
2021-08-25 00:00:00+05:30,3353.2146994941836,3434.7228961370133,3350.4745832525437,3398.729248046875,2123263,0.0,0.0
2021-08-26 00:00:00+05:30,3399.657859381759,3425.2947142770527,3388.4184626341207,3410.6650390625,1902533,0.0,0.0
2021-08-27 00:00:00+05:30,3405.230688237503,3464.2138166344153,3391.390643307694,3455.52880859375,3944728,0.0,0.0
2021-08-30 00:00:00+05:30,3450.7454689069145,3474.292369209378,3425.2945701555855,3438.02001953125,2033114,0.0,0.0
2021-08-31 00:00:00+05:30,3445.5436951827924,3533.5076973076098,3440.016974611644,3517.113037109375,3207480,0.0,0.0
2021-09-01 00:00:00+05:30,3525.9840392312653,3545.211567536033,3443.3147611776344,3450.69921875,2643336,0.0,0.0
2021-09-02 00:00:00+05:30,3468.3937562104975,3584.6415172922907,3457.2473381401905,3563.8349609375,3403717,0.0,0.0
2021-09-03 00:00:00+05:30,3552.920808726573,3582.551613127476,3533.925499692325,3568.758056640625,1746812,0.0,0.0
2021-09-06 00:00:00+05:30,3575.864045957755,3601.779606119804,3542.7034948869905,3578.00048828125,1723693,0.0,0.0
2021-09-07 00:00:00+05:30,3589.1469152189206,3594.673635947243,3537.362510321546,3544.46826171875,1585039,0.0,0.0
2021-09-08 00:00:00+05:30,3538.9875125801173,3543.6318531478078,3488.8286344490602,3505.6875,4147175,0.0,0.0
2021-09-09 00:00:00+05:30,3520.1316628233244,3537.7801580750292,3497.1886643509993,3521.710693359375,1441148,0.0,0.0
2021-09-13 00:00:00+05:30,3499.046810036015,3578.372070421809,3499.046810036015,3571.82373046875,1691473,0.0,0.0
2021-09-14 00:00:00+05:30,3576.096003819036,3619.334862947885,3552.9207880856306,3609.48876953125,1991188,0.0,0.0
2021-09-15 00:00:00+05:30,3605.958922953858,3696.895018760838,3591.0040559119097,3673.25537109375,2461369,0.0,0.0
2021-09-16 00:00:00+05:30,3650.4518574871263,3698.520784618159,3615.247845042006,3625.651123046875,2946666,0.0,0.0
2021-09-17 00:00:00+05:30,3641.1637264257624,3664.3854338647025,3534.3438722066394,3555.568603515625,6477148,0.0,0.0
2021-09-20 00:00:00+05:30,3538.0589988950937,3595.6488277035724,3536.990891167303,3551.527587890625,2002008,0.0,0.0
2021-09-21 00:00:00+05:30,3583.5737782872307,3596.159988674732,3549.809326032405,3588.171630859375,1568129,0.0,0.0
2021-09-22 00:00:00+05:30,3587.7534172355577,3619.660130568525,3578.418246484363,3587.42822265625,1744067,0.0,0.0
2021-09-23 00:00:00+05:30,3594.719356116132,3603.079168572216,3562.2089743424717,3594.022705078125,2003869,0.0,0.0
2021-09-24 00:00:00+05:30,3613.297034813672,3663.8273705033444,3580.7866501816725,3595.92724609375,2320754,0.0,0.0
2021-09-27 00:00:00+05:30,3622.585936616653,3626.301409372157,3532.392744767003,3564.020751953125,1673362,0.0,0.0
2021-09-28 00:00:00+05:30,3576.1429288141567,3576.1429288141567,3484.4171848608066,3510.33251953125,2253075,0.0,0.0
2021-09-29 00:00:00+05:30,3492.3590014124156,3535.272670555593,3457.3869746366336,3522.175537109375,2489161,0.0,0.0
2021-09-30 00:00:00+05:30,3534.3438957214235,3534.3438957214235,3483.3491165560267,3506.98876953125,2252412,0.0,0.0
2021-10-01 00:00:00+05:30,3512.7474608608904,3538.9879885978694,3460.034188327313,3464.8642578125,1578374,0.0,0.0
2021-10-04 00:00:00+05:30,3459.8483296318113,3514.512087341214,3443.732375591859,3504.8984375,1356860,0.0,0.0
2021-10-05 00:00:00+05:30,3486.971080485138,3566.853742424861,3475.4532059850058,3560.63037109375,1877966,0.0,0.0
2021-10-06 00:00:00+05:30,3563.1381672354037,3583.062343383955,3525.054573685703,3539.823486328125,1678154,0.0,0.0
2021-10-07 00:00:00+05:30,3557.5652470524574,3621.657153592045,3548.3230537107,3615.990966796875,1647233,0.0,0.0
2021-10-08 00:00:00+05:30,3645.8078392736866,3706.091297294818,3622.5861332910517,3655.7001953125,2934339,0.0,0.0
2021-10-11 00:00:00+05:30,3487.8996332061447,3490.2218034013554,3399.6571657881464,3423.436279296875,11845402,0.0,0.0
2021-10-12 00:00:00+05:30,3442.385612449183,3443.31448066625,3372.349039592141,3393.016357421875,5752877,0.0,0.0
2021-10-13 00:00:00+05:30,3390.369392945984,3414.009046509024,3385.725051311812,3395.199462890625,3545655,0.0,0.0
2021-10-14 00:00:00+05:30,3373.607917769675,3415.487188473023,3357.972944598508,3360.99755859375,6442299,7.0,0.0
2021-10-18 00:00:00+05:30,3353.552059466497,3399.3865905871567,3351.6907587103283,3394.221435546875,3590107,0.0,0.0
2021-10-19 00:00:00+05:30,3414.556550552156,3434.193366215671,3373.794014809289,3382.123291015625,3135441,0.0,0.0
2021-10-20 00:00:00+05:30,3361.5098275249716,3378.2615376289164,3330.146949050063,3358.578369140625,2933693,0.0,0.0
2021-10-21 00:00:00+05:30,3354.1576170775543,3357.275159981769,3267.746625745035,3287.52294921875,4871211,0.0,0.0
2021-10-22 00:00:00+05:30,3313.1159776963555,3314.605109469051,3243.3171860314037,3256.206787109375,2691670,0.0,0.0
2021-10-25 00:00:00+05:30,3260.068414173835,3270.8174719433855,3210.743942021048,3250.71533203125,2595594,0.0,0.0
2021-10-26 00:00:00+05:30,3252.1581460707635,3284.2655880623047,3234.0104614668485,3241.08349609375,3878763,0.0,0.0
2021-10-27 00:00:00+05:30,3241.455901686412,3267.746780016197,3241.455901686412,3247.73779296875,2510813,0.0,0.0
2021-10-28 00:00:00+05:30,3274.028622602029,3274.028622602029,3178.171616312089,3184.3603515625,2424942,0.0,0.0
2021-10-29 00:00:00+05:30,3164.258461638043,3220.981567463648,3151.136197942516,3162.117919921875,3960501,0.0,0.0
2021-11-01 00:00:00+05:30,3199.529766967146,3245.1782183773485,3176.2635050057365,3235.313232421875,2020718,0.0,0.0
2021-11-02 00:00:00+05:30,3251.6934199959455,3269.934263894087,3229.125141394085,3242.572998046875,3087414,0.0,0.0
2021-11-03 00:00:00+05:30,3261.1851920426484,3275.796358354773,3225.680969014592,3250.06396484375,1537639,0.0,0.0
2021-11-04 00:00:00+05:30,3269.3287470338455,3269.6079876358863,3261.9301207325925,3265.326904296875,328991,0.0,0.0
2021-11-08 00:00:00+05:30,3301.9481186099315,3301.9481186099315,3239.780617045366,3259.836181640625,2526082,0.0,0.0
2021-11-09 00:00:00+05:30,3264.721596044723,3289.849156789651,3253.5537912691993,3262.5810546875,1782692,0.0,0.0
2021-11-10 00:00:00+05:30,3255.415638635164,3275.610710219653,3238.850013328261,3242.665771484375,1516489,0.0,0.0
2021-11-11 00:00:00+05:30,3238.663633467941,3266.629725514948,3197.7150128148983,3246.294921875,1284514,0.0,0.0
2021-11-12 00:00:00+05:30,3262.8606755758497,3289.058396448275,3243.9684248532144,3281.520263671875,1747259,0.0,0.0
2021-11-15 00:00:00+05:30,3283.334868685353,3322.0500192452964,3283.334868685353,3306.88037109375,1809157,0.0,0.0
2021-11-16 00:00:00+05:30,3321.4916681620543,3327.587474440752,3296.364104407396,3309.765380859375,2013204,0.0,0.0
2021-11-17 00:00:00+05:30,3304.3678105414338,3315.768279353974,3263.232875997079,3277.657958984375,1632914,0.0,0.0
2021-11-18 00:00:00+05:30,3271.376228563952,3276.6811185292563,3212.233567181018,3234.662109375,2136598,0.0,0.0
2021-11-22 00:00:00+05:30,3237.174533004475,3272.120503908389,3201.7168861051414,3218.5615234375,3167936,0.0,0.0
2021-11-23 00:00:00+05:30,3206.091080785546,3239.54792194863,3171.470926458171,3224.006103515625,2153461,0.0,0.0
2021-11-24 00:00:00+05:30,3231.4042504063486,3250.8084019918742,3186.546946887982,3204.508544921875,2161746,0.0,0.0
2021-11-25 00:00:00+05:30,3205.0674097959572,3222.8429265815366,3195.9006379996254,3206.9287109375,1849619,0.0,0.0
2021-11-26 00:00:00+05:30,3187.4776973825033,3247.969974851076,3175.286085962699,3207.8125,1941251,0.0,0.0
2021-11-29 00:00:00+05:30,3208.091910708162,3284.5915666881256,3170.214479259087,3259.13818359375,2981745,0.0,0.0
2021-11-30 00:00:00+05:30,3248.9008045990845,3316.605626579773,3248.9008045990845,3284.405029296875,5588446,0.0,0.0
2021-12-01 00:00:00+05:30,3289.849509736453,3341.0352871156624,3289.849509736453,3329.681396484375,2102118,0.0,0.0
2021-12-02 00:00:00+05:30,3340.2907153608467,3395.0130099767325,3326.238029194649,3390.2666015625,3152938,0.0,0.0
2021-12-03 00:00:00+05:30,3393.569986187827,3411.717668349047,3379.0519767845885,3387.986083984375,2486263,0.0,0.0
2021-12-06 00:00:00+05:30,3387.986322582344,3404.319283119599,3277.7508242611334,3291.152099609375,1849642,0.0,0.0
2021-12-07 00:00:00+05:30,3315.442194215655,3348.4802848527515,3279.8913928311745,3335.91650390625,1484458,0.0,0.0
2021-12-08 00:00:00+05:30,3351.272463543151,3393.5704834908556,3351.272463543151,3375.376220703125,1428660,0.0,0.0
2021-12-09 00:00:00+05:30,3359.6480809567397,3382.6816792957093,3318.699461687461,3351.97021484375,1567957,0.0,0.0
2021-12-10 00:00:00+05:30,3336.382101554792,3389.4291809937386,3327.1687523255514,3384.58984375,1510718,0.0,0.0
2021-12-13 00:00:00+05:30,3396.8745954549186,3408.0424023440855,3351.9241272840995,3359.32275390625,1883864,0.0,0.0
2021-12-14 00:00:00+05:30,3354.9951795735187,3382.914695630996,3328.6577239840444,3372.491455078125,1747007,0.0,0.0
2021-12-15 00:00:00+05:30,3368.95524759928,3371.7471994619314,3311.394415813769,3322.74853515625,1603233,0.0,0.0
2021-12-16 00:00:00+05:30,3333.58994273711,3358.2056019253987,3322.422137233803,3333.2177734375,2072320,0.0,0.0
2021-12-17 00:00:00+05:30,3352.668314738728,3398.1306810354668,3325.8655357882812,3335.777099609375,4333992,0.0,0.0
2021-12-20 00:00:00+05:30,3340.10443884445,3355.9254963703224,3266.7225605538515,3310.23046875,2312310,0.0,0.0
2021-12-21 00:00:00+05:30,3334.194598639843,3388.6842255568145,3319.071529485793,3358.06591796875,2340989,0.0,0.0
2021-12-22 00:00:00+05:30,3372.6773377788677,3384.589709358636,3356.158291767396,3378.959228515625,1224328,0.0,0.0
2021-12-23 00:00:00+05:30,3395.0128431954877,3415.952478330328,3378.261135087615,3408.693359375,1792861,0.0,0.0
2021-12-24 00:00:00+05:30,3429.4474596511864,3448.060471643866,3392.0353509878246,3416.3251953125,2209923,0.0,0.0
2021-12-27 00:00:00+05:30,3416.417683242195,3443.406545354432,3399.7591316498506,3439.777099609375,1534135,0.0,0.0
2021-12-28 00:00:00+05:30,3452.7133843572556,3466.6731419759503,3437.683469538299,3449.502685546875,1456218,0.0,0.0
2021-12-29 00:00:00+05:30,3436.1943169457727,3461.973290416278,3429.4471008044343,3438.474365234375,1456923,0.0,0.0
2021-12-30 00:00:00+05:30,3426.0506502184376,3480.6332165948274,3424.794181034483,3474.816650390625,1966475,0.0,0.0
2021-12-31 00:00:00+05:30,3483.2387614216796,3499.2459046927165,3472.5362805961568,3479.097412109375,1207141,0.0,0.0
2022-01-03 00:00:00+05:30,3489.938915443283,3564.3909456394063,3485.285663556025,3552.990478515625,2346158,0.0,0.0
2022-01-04 00:00:00+05:30,3565.415174636059,3619.439253684291,3547.360418847279,3615.344482421875,2488606,0.0,0.0
2022-01-05 00:00:00+05:30,3596.9642483953444,3601.6175009805906,3548.011940314714,3593.195068359375,1733031,0.0,0.0
2022-01-06 00:00:00+05:30,3547.640023173626,3569.044986587318,3510.4139998454666,3543.405517578125,1810293,0.0,0.0
2022-01-07 00:00:00+05:30,3555.0846848339984,3596.8707987535813,3533.121243541244,3586.261474609375,2460591,0.0,0.0
2022-01-10 00:00:00+05:30,3702.127428962716,3702.127428962716,3593.241328110871,3610.7841796875,3937092,0.0,0.0
2022-01-11 00:00:00+05:30,3588.5883540448763,3652.8032390109283,3588.5883540448763,3644.334228515625,1906106,0.0,0.0
2022-01-12 00:00:00+05:30,3652.8029636024958,3656.5255653488425,3570.486977928325,3592.217529296875,3203744,0.0,0.0
2022-01-13 00:00:00+05:30,3646.287949402842,3650.9412009972816,3589.5182799506792,3627.581787109375,6684507,0.0,0.0
2022-01-14 00:00:00+05:30,3608.923373501257,3701.1972858592912,3592.357748052221,3692.9609375,3348123,0.0,0.0
2022-01-17 00:00:00+05:30,3715.8081680924315,3762.6199332079486,3687.516484064193,3740.423828125,3442604,0.0,0.0
2022-01-18 00:00:00+05:30,3754.198060642086,3761.4106030191983,3703.989504633019,3713.8544921875,2389041,0.0,0.0
2022-01-19 00:00:00+05:30,3740.330873497902,3740.330873497902,3645.703858627504,3649.57275390625,3102539,7.0,0.0
2022-01-20 00:00:00+05:30,3645.2381844086494,3654.561044215321,3552.941872322599,3567.43896484375,6176776,0.0,0.0
2022-01-21 00:00:00+05:30,3549.212392599778,3590.7457746306964,3515.7434201039655,3573.91796875,3112358,0.0,0.0
2022-01-24 00:00:00+05:30,3579.9776506802095,3588.9741180556966,3486.8423856552718,3515.976318359375,3258414,0.0,0.0
2022-01-25 00:00:00+05:30,3514.2516884035304,3551.4498046467083,3470.154519957899,3514.62451171875,3330501,0.0,0.0
2022-01-27 00:00:00+05:30,3478.3586586846827,3480.5960537791293,3379.6296738893875,3402.144287109375,5718297,0.0,0.0
2022-01-28 00:00:00+05:30,3399.1141598649506,3477.239758485097,3399.1141598649506,3440.181396484375,3143862,0.0,0.0
2022-01-31 00:00:00+05:30,3495.139329037199,3503.5299009127216,3469.408150908731,3483.252685546875,2739393,0.0,0.0
2022-02-01 00:00:00+05:30,3514.7177651694283,3550.1446285849293,3483.392868579548,3543.292236328125,2105169,0.0,0.0
2022-02-02 00:00:00+05:30,3568.6965895885296,3602.3521967559977,3543.291802486666,3595.080322265625,1984212,0.0,0.0
2022-02-03 00:00:00+05:30,3590.2328612277042,3619.5998659352276,3557.6495158120797,3565.62060546875,1960538,0.0,0.0
2022-02-04 00:00:00+05:30,3556.950199337599,3565.7135951616374,3513.785319563825,3556.5771484375,2307366,0.0,0.0
2022-02-07 00:00:00+05:30,3534.295584265534,3572.332891680744,3501.805332021349,3523.108154296875,1919149,0.0,0.0
2022-02-08 00:00:00+05:30,3534.808124056206,3542.406161967866,3469.035318069563,3489.965087890625,2946443,0.0,0.0
2022-02-09 00:00:00+05:30,3496.072296734454,3522.1296433976736,3492.4364725893997,3505.907958984375,1638721,0.0,0.0
2022-02-10 00:00:00+05:30,3533.176613655864,3533.176613655864,3503.529881009009,3515.043701171875,2112459,0.0,0.0
2022-02-11 00:00:00+05:30,3498.402855162521,3498.402855162521,3440.134986155817,3444.749755859375,3851488,0.0,0.0
2022-02-14 00:00:00+05:30,3471.8325760587545,3536.3933724851963,3458.78057389312,3480.92236328125,5951745,0.0,0.0
2022-02-15 00:00:00+05:30,3529.6337857418885,3575.3157866667043,3494.206927881827,3559.280517578125,3931683,0.0,0.0
2022-02-16 00:00:00+05:30,3583.706956986407,3593.123135507985,3548.2800932076652,3554.8994140625,3256906,0.0,0.0
2022-02-17 00:00:00+05:30,3565.993609518091,3575.316468627942,3523.1084576127755,3527.956298828125,3134372,0.0,0.0
2022-02-18 00:00:00+05:30,3513.785440482106,3557.5562165126394,3503.1574726183794,3536.999267578125,3688883,0.0,0.0
2022-02-21 00:00:00+05:30,3552.0091354832816,3568.6038693545543,3454.63192268452,3467.5439453125,7465922,0.0,0.0
2022-02-22 00:00:00+05:30,3402.843522900846,3419.5313494079655,3328.260651166033,3343.550048828125,5408531,0.0,0.0
2022-02-23 00:00:00+05:30,3366.48406944423,3377.5781795711137,3314.8819586710515,3322.480224609375,2426203,0.0,0.0
2022-02-24 00:00:00+05:30,3238.760531962675,3247.9436371800152,3161.474138233689,3171.3095703125,5039136,0.0,0.0
2022-02-25 00:00:00+05:30,3233.167379608837,3290.969103235062,3227.5736644192025,3282.345458984375,2549723,0.0,0.0
2022-02-28 00:00:00+05:30,3253.677568276363,3322.433648694811,3221.886530219007,3313.5302734375,3288942,0.0,0.0
2022-03-02 00:00:00+05:30,3311.9454968423474,3330.0784111836547,3268.5942046247064,3306.025390625,2761341,0.0,0.0
2022-03-03 00:00:00+05:30,3321.5941636245975,3336.277663250782,3291.0618072590387,3304.393310546875,1928039,0.0,0.0
2022-03-04 00:00:00+05:30,3264.398837870291,3320.0562564698575,3250.9273531315357,3285.70166015625,2370257,0.0,0.0
2022-03-07 00:00:00+05:30,3216.3859249062116,3307.7499308890547,3199.185297873045,3248.922607421875,3054130,0.0,0.0
2022-03-08 00:00:00+05:30,3225.7090149161822,3364.6196054429197,3225.7090149161822,3356.182373046875,3300992,0.0,0.0
2022-03-09 00:00:00+05:30,3360.8906444798854,3406.572653239806,3353.479017151834,3386.621826171875,2719654,0.0,0.0
2022-03-10 00:00:00+05:30,3434.5409196737924,3434.5409196737924,3370.21319886557,3375.76025390625,2005441,0.0,0.0
2022-03-11 00:00:00+05:30,3359.258742044393,3393.3804926893486,3349.563060960746,3355.436279296875,1623423,0.0,0.0
2022-03-14 00:00:00+05:30,3337.583373721864,3401.305203199452,3337.583373721864,3396.3173828125,1765688,0.0,0.0
2022-03-15 00:00:00+05:30,3411.2338914667557,3411.2338914667557,3342.6175625407477,3350.5419921875,3651133,0.0,0.0
2022-03-16 00:00:00+05:30,3393.986395832774,3419.6242548865857,3371.378465576231,3408.343505859375,3090475,0.0,0.0
2022-03-17 00:00:00+05:30,3446.287842153911,3458.780381058131,3412.4458214751585,3424.052734375,3600452,0.0,0.0
2022-03-21 00:00:00+05:30,3445.7285495763267,3462.463035295058,3370.2133946748977,3381.12109375,2413831,0.0,0.0
2022-03-22 00:00:00+05:30,3393.52024471652,3459.7125352041226,3379.535957993787,3450.343017578125,2907611,0.0,0.0
2022-03-23 00:00:00+05:30,3456.915855659513,3477.2397322636384,3440.134710729127,3461.017822265625,1596195,0.0,0.0
2022-03-24 00:00:00+05:30,3449.457107204676,3503.716089693538,3444.7956786814266,3495.931640625,1879046,0.0,0.0
2022-03-25 00:00:00+05:30,3505.301422734377,3523.5743161583105,3423.3535888168585,3456.403076171875,1690133,0.0,0.0
2022-03-28 00:00:00+05:30,3444.7957589842035,3461.5769020590924,3413.284455910703,3456.6357421875,1760990,0.0,0.0
2022-03-29 00:00:00+05:30,3444.5632353258993,3469.9680254098375,3441.0671632959993,3454.445556640625,2689063,0.0,0.0
2022-03-30 00:00:00+05:30,3484.884291588518,3484.884291588518,3455.2375578718566,3478.87109375,1583455,0.0,0.0
2022-03-31 00:00:00+05:30,3486.749052392039,3500.4069489467734,3468.289747181135,3486.702392578125,2168110,0.0,0.0
2022-04-01 00:00:00+05:30,3494.2074191469906,3508.191707110492,3475.6083616773035,3504.2294921875,1387014,0.0,0.0
2022-04-04 00:00:00+05:30,3507.259024043611,3524.0401676993224,3484.045199696742,3515.043701171875,1472994,0.0,0.0
2022-04-05 00:00:00+05:30,3516.582009278342,3575.8754767243427,3516.582009278342,3556.48388671875,2314947,0.0,0.0
2022-04-06 00:00:00+05:30,3551.3570866481286,3551.3570866481286,3478.498799565898,3501.060302734375,2051729,0.0,0.0
2022-04-07 00:00:00+05:30,3491.87599294062,3491.87599294062,3429.8789956023343,3434.68017578125,2494829,0.0,0.0
2022-04-08 00:00:00+05:30,3440.1348803047504,3454.1191684360706,3395.8513012222365,3436.079345703125,2296773,0.0,0.0
2022-04-11 00:00:00+05:30,3440.1342925383874,3460.9709693375335,3408.529897804936,3446.100830078125,2291660,0.0,0.0
2022-04-12 00:00:00+05:30,3433.608550338765,3485.816554362379,3401.3049388926875,3441.16015625,4483476,0.0,0.0
2022-04-13 00:00:00+05:30,3455.983901165831,3458.6410070780917,3408.017836162926,3413.984375,1621672,0.0,0.0
2022-04-18 00:00:00+05:30,3365.551402947901,3365.551402947901,3283.9764035689695,3289.150634765625,3820792,0.0,0.0
2022-04-19 00:00:00+05:30,3309.6145905512885,3322.2471086651603,3206.270618560539,3236.802978515625,3170014,0.0,0.0
2022-04-20 00:00:00+05:30,3263.0002238367542,3327.467694358453,3244.354508271973,3315.9541015625,2640370,0.0,0.0
2022-04-21 00:00:00+05:30,3337.583349200529,3397.2496437113764,3325.8364564251656,3382.93896484375,2280996,0.0,0.0
2022-04-22 00:00:00+05:30,3338.6088555739275,3372.0778256140347,3329.658820619443,3367.92919921875,1581465,0.0,0.0
2022-04-25 00:00:00+05:30,3317.0727252422985,3341.312154937717,3293.8589009236784,3307.936279296875,1960694,0.0,0.0
2022-04-26 00:00:00+05:30,3333.061838949925,3344.9484841556973,3279.9215427358845,3306.16552734375,1943469,0.0,0.0
2022-04-27 00:00:00+05:30,3305.885210577462,3326.814979770155,3268.8735124839063,3320.055908203125,1727648,0.0,0.0
2022-04-28 00:00:00+05:30,3345.0412085638504,3360.3306035349397,3298.473581742314,3341.591796875,1703660,0.0,0.0
2022-04-29 00:00:00+05:30,3353.432108399072,3377.9046112752126,3297.355207137855,3306.5380859375,2051115,0.0,0.0
2022-05-02 00:00:00+05:30,3281.552622705298,3307.7032843299808,3256.2411548470777,3302.529052734375,1324161,0.0,0.0
2022-05-04 00:00:00+05:30,3298.8933739543295,3305.3727148813336,3230.650097454491,3244.12158203125,2305825,0.0,0.0
2022-05-05 00:00:00+05:30,3274.2813744891914,3293.766058601256,3249.3427268617975,3275.4931640625,1612262,0.0,0.0
2022-05-06 00:00:00+05:30,3224.7768065701607,3239.227237475578,3192.612944232297,3200.16455078125,2010812,0.0,0.0
2022-05-09 00:00:00+05:30,3167.9071192739348,3221.9796951767858,3120.2207920859028,3211.81787109375,2481830,0.0,0.0
2022-05-10 00:00:00+05:30,3201.46959145538,3230.1840410006866,3190.2821613163396,3205.89794921875,1622685,0.0,0.0
2022-05-11 00:00:00+05:30,3202.4015566612325,3214.940754498155,3153.130163646946,3180.958984375,1841769,0.0,0.0
2022-05-12 00:00:00+05:30,3149.262194282555,3216.1070567921734,3123.2515052134763,3177.836669921875,2807195,0.0,0.0
2022-05-13 00:00:00+05:30,3202.4018783293286,3206.9699879273653,3153.130480365933,3183.662841796875,2187823,0.0,0.0
2022-05-16 00:00:00+05:30,3183.7560952914796,3197.74038267929,3138.6335523636826,3148.142822265625,1195813,0.0,0.0
2022-05-17 00:00:00+05:30,3141.8030749438703,3232.2347954986344,3123.5301826336013,3217.877685546875,1754076,0.0,0.0
2022-05-18 00:00:00+05:30,3230.3700732358157,3258.3386452984632,3209.906446865076,3215.26708984375,1866781,0.0,0.0
2022-05-19 00:00:00+05:30,3166.9750754942743,3174.4333623956445,3011.2833364281737,3041.06982421875,4642963,0.0,0.0
2022-05-20 00:00:00+05:30,3085.865702786925,3089.501526015564,3048.620934161758,3070.016845703125,3065125,0.0,0.0
2022-05-23 00:00:00+05:30,3081.018113934501,3112.8089227011037,3045.7776656694514,3096.8203125,2293690,0.0,0.0
2022-05-24 00:00:00+05:30,3090.6674274942156,3099.7107825688927,3053.7957032246745,3065.35595703125,1711510,0.0,0.0
2022-05-25 00:00:00+05:30,3090.5564725163567,3090.5564725163567,2960.2834942241852,2973.0478515625,3548046,22.0,0.0
2022-05-26 00:00:00+05:30,2994.9634396202578,3042.361012074292,2985.1554729309496,3028.704833984375,2813186,0.0,0.0
2022-05-27 00:00:00+05:30,3053.3423492470056,3077.4634455412556,3030.816769054638,3060.94482421875,3103153,0.0,0.0
2022-05-30 00:00:00+05:30,3094.451273140647,3178.5468558721936,3084.4556395748477,3167.89404296875,2094624,0.0,0.0
2022-05-31 00:00:00+05:30,3148.0905076576546,3175.543558364972,3120.731405190772,3157.6640625,4840965,0.0,0.0
2022-06-01 00:00:00+05:30,3179.8606852891808,3179.8606852891808,3134.8565044766124,3149.07568359375,1493835,0.0,0.0
2022-06-02 00:00:00+05:30,3148.887980464185,3221.15754067156,3140.722504554873,3212.71044921875,2657939,0.0,0.0
2022-06-03 00:00:00+05:30,3246.87452102457,3263.674986765275,3220.4070106069207,3228.80712890625,1913622,0.0,0.0
2022-06-06 00:00:00+05:30,3208.0182249258905,3240.8680312080455,3169.6777165083213,3220.172607421875,1084210,0.0,0.0
2022-06-07 00:00:00+05:30,3192.1090782729652,3208.815594390697,3149.8266455606185,3156.114990234375,2308256,0.0,0.0
2022-06-08 00:00:00+05:30,3172.4929763456926,3204.2165450054777,3140.9103300357633,3195.0185546875,2185707,0.0,0.0
2022-06-09 00:00:00+05:30,3177.0451273675853,3225.8505473448718,3147.104970999871,3216.558837890625,1279197,0.0,0.0
2022-06-10 00:00:00+05:30,3174.229210116152,3184.5534328575113,3146.0722390033534,3153.48681640625,1527582,0.0,0.0
2022-06-13 00:00:00+05:30,3087.881084501196,3090.696781538735,2996.3239566688144,3021.80615234375,3030921,0.0,0.0
2022-06-14 00:00:00+05:30,2994.0244416658243,3039.920210572489,2979.6643413052957,3013.31201171875,2611493,0.0,0.0
2022-06-15 00:00:00+05:30,3020.773942939944,3035.321712433674,3004.349041898636,3009.323486328125,1404536,0.0,0.0
2022-06-16 00:00:00+05:30,3040.953077757002,3045.505213372803,2940.573515046485,2948.9736328125,2032028,0.0,0.0
2022-06-17 00:00:00+05:30,2902.044898987001,2927.151529338845,2838.0817435978865,2899.13525390625,5240434,0.0,0.0
2022-06-20 00:00:00+05:30,2903.922376707961,2945.923193242441,2880.458233392609,2921.19189453125,1502769,0.0,0.0
2022-06-21 00:00:00+05:30,2937.710565258962,3038.8410168265827,2933.3930714934704,3014.6259765625,2964461,0.0,0.0
2022-06-22 00:00:00+05:30,3003.3166954723542,3050.8551920525833,2987.45502466707,3024.95068359375,3336315,0.0,0.0
2022-06-23 00:00:00+05:30,3024.9501689235562,3114.1608813500047,3024.9501689235562,3105.526123046875,3692578,0.0,0.0
2022-06-24 00:00:00+05:30,3133.87109262694,3139.502487222855,3076.149298018807,3090.791015625,2132118,0.0,0.0
2022-06-27 00:00:00+05:30,3144.195382916019,3156.3027898978953,3103.367771227408,3111.06396484375,2037686,0.0,0.0
2022-06-28 00:00:00+05:30,3103.8370849925636,3125.4240982840147,3071.550513291731,3114.302001953125,1400046,0.0,0.0
2022-06-29 00:00:00+05:30,3070.048553898059,3128.2396301260255,3070.048553898059,3088.3505859375,2133994,0.0,0.0
2022-06-30 00:00:00+05:30,3070.986574993562,3107.4966843658776,3055.0309601479353,3066.3876953125,2719603,0.0,0.0
2022-07-01 00:00:00+05:30,3059.7243879177972,3128.23968862884,3052.2628359290425,3111.439453125,1502879,0.0,0.0
2022-07-04 00:00:00+05:30,3108.5294664874064,3114.1138863370243,3026.9212281639116,3036.306884765625,2622535,0.0,0.0
2022-07-05 00:00:00+05:30,3055.031679148988,3070.987297749766,3009.9335466283806,3018.709228515625,2170627,0.0,0.0
2022-07-06 00:00:00+05:30,3020.7738203232816,3067.7021071078593,3005.5221271182936,3060.42822265625,2182144,0.0,0.0
2022-07-07 00:00:00+05:30,3070.0483577898444,3115.474845318924,3064.4639377885774,3085.86328125,1989921,0.0,0.0
2022-07-08 00:00:00+05:30,3097.2668466155073,3101.9596751709855,3050.338561060727,3064.83935546875,2136916,0.0,0.0
2022-07-11 00:00:00+05:30,3009.1822624129572,3026.8743171326923,2915.1850012446953,2922.505859375,6974600,0.0,0.0
2022-07-12 00:00:00+05:30,2923.5382421655136,2943.5297376425146,2891.017031929181,2895.193603515625,3734815,0.0,0.0
2022-07-13 00:00:00+05:30,2913.3078157136983,2918.9392096873717,2848.546785016454,2852.06640625,3863530,0.0,0.0
2022-07-14 00:00:00+05:30,2875.828342538558,2876.769385844362,2792.075488321957,2821.95361328125,4764908,8.0,0.0
2022-07-15 00:00:00+05:30,2840.5862807835315,2850.3259410273686,2778.9008469183054,2818.04833984375,4574806,0.0,0.0
2022-07-18 00:00:00+05:30,2844.7737348359465,2895.542972047138,2836.5867045388554,2882.885986328125,3202795,0.0,0.0
2022-07-19 00:00:00+05:30,2851.408131766961,2897.4250545697723,2851.408131766961,2893.002197265625,1865074,0.0,0.0
2022-07-20 00:00:00+05:30,2924.574399350489,2984.942234850752,2915.3992272204737,2978.2138671875,3402251,0.0,0.0
2022-07-21 00:00:00+05:30,2980.2840150785823,2996.281750555796,2958.687118133722,2989.976806640625,2420640,0.0,0.0
2022-07-22 00:00:00+05:30,2997.2224557636587,3008.5149736503668,2958.1691647387947,2984.0478515625,2075886,0.0,0.0
2022-07-25 00:00:00+05:30,2978.401758367584,2998.5870892640173,2963.439263233777,2980.048583984375,1797504,0.0,0.0
2022-07-26 00:00:00+05:30,2978.119241199783,2982.071576520681,2913.940143665233,2932.1962890625,2639367,0.0,0.0
2022-07-27 00:00:00+05:30,2931.3495708389446,3005.786179929785,2926.6443548343877,3000.845703125,1389808,0.0,0.0
2022-07-28 00:00:00+05:30,3026.3950601901547,3071.565135715381,3012.8909977958383,3068.271484375,2106333,0.0,0.0
2022-07-29 00:00:00+05:30,3096.032146501829,3121.72267196473,3081.9164984174745,3107.23046875,2430257,0.0,0.0
2022-08-01 00:00:00+05:30,3130.8506036722483,3130.8506036722483,3078.1521865379996,3104.313232421875,1306913,0.0,0.0
2022-08-02 00:00:00+05:30,3096.032150497066,3117.581948034906,3078.763915752838,3097.72607421875,1269114,0.0,0.0
2022-08-03 00:00:00+05:30,3086.6216990754606,3151.5536799401575,3083.8456675820694,3142.61376953125,2895824,0.0,0.0
2022-08-04 00:00:00+05:30,3152.4944703688543,3188.1599129259266,3112.3590729657367,3157.152587890625,2150567,0.0,0.0
2022-08-05 00:00:00+05:30,3163.0346063404127,3177.9031360176796,3157.2001839915056,3166.65771484375,1106933,0.0,0.0
2022-08-08 00:00:00+05:30,3166.6106050125213,3179.6910145728057,3139.320350169917,3175.50341796875,1068836,0.0,0.0
2022-08-10 00:00:00+05:30,3185.430726148496,3185.430726148496,3138.378573620453,3156.49365234375,1878359,0.0,0.0
2022-08-11 00:00:00+05:30,3199.546743745435,3226.554636485913,3176.067762854676,3220.72021484375,1449248,0.0,0.0
2022-08-12 00:00:00+05:30,3217.426528102961,3217.426528102961,3181.9021492097504,3201.00537109375,1472354,0.0,0.0
2022-08-16 00:00:00+05:30,3209.898382750936,3213.5214910007835,3187.7838673611245,3192.67724609375,839942,0.0,0.0
2022-08-17 00:00:00+05:30,3185.5253404647774,3216.438470885066,3172.350736027708,3200.58203125,1622326,0.0,0.0
2022-08-18 00:00:00+05:30,3190.136227039048,3192.0183133086875,3163.7870192640944,3181.902099609375,1430659,0.0,0.0
2022-08-19 00:00:00+05:30,3187.3135111023685,3219.779503465236,3172.492079806277,3186.13720703125,1398410,0.0,0.0
2022-08-22 00:00:00+05:30,3166.6104671265857,3184.584484707989,3150.04801438937,3156.776611328125,1536532,0.0,0.0
2022-08-23 00:00:00+05:30,3124.216423909299,3144.8722768479774,3077.2113605439445,3090.95068359375,1849256,0.0,0.0
2022-08-24 00:00:00+05:30,3097.9144368262764,3112.9711291073277,3058.578782292652,3063.42529296875,1691923,0.0,0.0
2022-08-25 00:00:00+05:30,3082.857180614982,3084.880331371408,3025.218291020151,3028.46484375,1946930,0.0,0.0
2022-08-26 00:00:00+05:30,3043.6162073285905,3064.977842999134,3027.1479505731454,3032.2294921875,1457962,0.0,0.0
2022-08-29 00:00:00+05:30,2940.760311513005,2957.4167319680346,2899.354406326902,2947.865234375,2539173,0.0,0.0
2022-08-30 00:00:00+05:30,2968.991566099262,3036.27616102037,2956.8521996136524,3021.8310546875,3431525,0.0,0.0
2022-09-01 00:00:00+05:30,3001.927805876822,3001.927805876822,2936.9958251227463,2947.06494140625,3546935,0.0,0.0
2022-09-02 00:00:00+05:30,2976.5194063882427,2976.5194063882427,2936.3369108729357,2945.84130859375,2052900,0.0,0.0
2022-09-05 00:00:00+05:30,2939.4891365743206,2962.356529458172,2928.761337318611,2948.664306640625,2147912,0.0,0.0
2022-09-06 00:00:00+05:30,2950.6409781411367,2955.675651201761,2923.2096605317342,2942.689208984375,1936453,0.0,0.0
2022-09-07 00:00:00+05:30,2919.1156806086337,2975.484070098823,2919.1156806086337,2963.909423828125,1291534,0.0,0.0
2022-09-08 00:00:00+05:30,2983.1068007529293,2995.810883342887,2973.79056541904,2982.77734375,1346113,0.0,0.0
2022-09-09 00:00:00+05:30,3006.63297354208,3042.863136134058,2981.6953291605887,3027.947509765625,1561185,0.0,0.0
2022-09-12 00:00:00+05:30,3048.8858757084126,3077.023206195653,3034.8644234492144,3051.756103515625,1785928,0.0,0.0
2022-09-13 00:00:00+05:30,3071.0474436967515,3071.0474436967515,3034.864377915629,3038.9580078125,1972678,0.0,0.0
2022-09-14 00:00:00+05:30,2950.170475163518,2956.1930598328836,2930.220404981006,2936.43115234375,5090269,0.0,0.0
2022-09-15 00:00:00+05:30,2945.465303618017,2952.7583886349626,2917.234006778228,2921.32763671875,2138023,0.0,0.0
2022-09-16 00:00:00+05:30,2894.648904158554,2911.9171389023336,2823.129620440722,2831.316650390625,5322221,0.0,0.0
2022-09-19 00:00:00+05:30,2857.00715454219,2862.65341374089,2811.6489182620085,2850.231689453125,2072220,0.0,0.0
2022-09-20 00:00:00+05:30,2870.1812942656948,2898.3654875829693,2851.3604333196904,2861.05322265625,1544295,0.0,0.0
2022-09-21 00:00:00+05:30,2849.478546300857,2862.088432116921,2821.3883174777166,2824.258544921875,2253818,0.0,0.0
2022-09-22 00:00:00+05:30,2813.719201741148,2851.3138320825947,2803.6500853297775,2830.09326171875,2017983,0.0,0.0
2022-09-23 00:00:00+05:30,2826.8938902582568,2844.303190181618,2803.3678092807413,2806.238037109375,2652374,0.0,0.0
2022-09-26 00:00:00+05:30,2785.3470022445827,2847.455857788892,2753.5867920230608,2817.85986328125,2925489,0.0,0.0
2022-09-27 00:00:00+05:30,2831.9750939890073,2846.655458666327,2800.544345451566,2839.550537109375,2227447,0.0,0.0
2022-09-28 00:00:00+05:30,2804.3085318652325,2870.1344529641738,2804.3085318652325,2856.677490234375,2739767,0.0,0.0
2022-09-29 00:00:00+05:30,2873.9457226356303,2875.686744327064,2813.718962239861,2820.588623046875,2493902,0.0,0.0
2022-09-30 00:00:00+05:30,2814.519374160841,2841.6683348275956,2776.171860660605,2827.41162109375,2817353,0.0,0.0
2022-10-03 00:00:00+05:30,2818.424326792409,2842.6090905921383,2798.6624199935304,2808.966796875,1763331,0.0,0.0
2022-10-04 00:00:00+05:30,2851.3137212358,2915.351755223574,2844.773517121002,2908.905517578125,2145875,0.0,0.0
2022-10-06 00:00:00+05:30,2927.585334388722,2939.8188957346088,2910.128937441948,2919.06884765625,1790816,0.0,0.0
2022-10-07 00:00:00+05:30,2914.7870280797774,2921.939048083334,2877.8042152300336,2884.203125,1939879,0.0,0.0
2022-10-10 00:00:00+05:30,2832.5403761090956,2942.642443884765,2827.835159537486,2934.690673828125,3064063,0.0,0.0
2022-10-11 00:00:00+05:30,2917.2340666340724,2959.581012762632,2873.334491046221,2888.579345703125,4730645,0.0,0.0
2022-10-12 00:00:00+05:30,2903.0240706731206,2926.550150631724,2881.521371439081,2917.939697265625,1665247,0.0,0.0
2022-10-13 00:00:00+05:30,2917.9396494029593,2926.6442988448616,2872.3932512489455,2920.33935546875,2054781,0.0,0.0
2022-10-14 00:00:00+05:30,2959.5812544833757,2964.286471104176,2889.9440484955317,2916.434326171875,2245977,0.0,0.0
2022-10-17 00:00:00+05:30,2898.97976338441,2951.5787014168236,2897.8476350017845,2935.869873046875,1517005,8.0,0.0
2022-10-18 00:00:00+05:30,2971.958002874225,2977.0057062220503,2951.720430161045,2966.95751953125,1793722,0.0,0.0
2022-10-19 00:00:00+05:30,2980.449312658744,2980.449312658744,2936.105812280472,2945.399169921875,1194289,0.0,0.0
2022-10-20 00:00:00+05:30,2929.50147502753,2981.392805503058,2929.50147502753,2978.845458984375,1587601,0.0,0.0
2022-10-21 00:00:00+05:30,2979.3169268826246,2981.769833167616,2950.2577383958496,2960.06982421875,1021913,0.0,0.0
2022-10-24 00:00:00+05:30,2990.921941375411,2998.375331024562,2976.67532076227,2982.99658203125,260949,0.0,0.0
2022-10-25 00:00:00+05:30,3000.733938997041,3004.271984043807,2973.042747627764,2983.3740234375,2069643,0.0,0.0
2022-10-27 00:00:00+05:30,2982.052978796564,2994.601291144702,2957.1924541086732,2978.939453125,2438421,0.0,0.0
2022-10-28 00:00:00+05:30,2971.957891656129,2998.8470344853986,2967.2404981773097,2984.458984375,1355739,0.0,0.0
2022-10-31 00:00:00+05:30,3018.187898716904,3018.187898716904,2998.1861994107635,3012.66845703125,1919414,0.0,0.0
2022-11-01 00:00:00+05:30,3032.8120869496247,3078.193501650304,3022.386601913905,3075.457275390625,2991060,0.0,0.0
2022-11-02 00:00:00+05:30,3085.175346774662,3085.175346774662,3039.935589210589,3058.474853515625,1405955,0.0,0.0
2022-11-03 00:00:00+05:30,3045.596386006907,3045.596386006907,3014.4143696980736,3025.500244140625,1422652,0.0,0.0
2022-11-04 00:00:00+05:30,3035.1710404925607,3038.0486966552007,2987.195055471588,3035.54833984375,1464013,0.0,0.0
2022-11-07 00:00:00+05:30,3046.4924543807642,3059.512505364031,3014.5086214001262,3050.9267578125,1474498,0.0,0.0
2022-11-09 00:00:00+05:30,3066.1170636879747,3066.1170636879747,3020.688426991371,3034.274658203125,1162267,0.0,0.0
2022-11-10 00:00:00+05:30,2990.8274788272843,3042.7188073242874,2990.8274788272843,3024.46240234375,1573092,0.0,0.0
2022-11-11 00:00:00+05:30,3084.7982183805566,3152.728688496034,3071.070556476422,3128.5283203125,3265394,0.0,0.0
2022-11-14 00:00:00+05:30,3136.123139685767,3159.7101067411654,3121.970959452528,3146.97314453125,1342074,0.0,0.0
2022-11-15 00:00:00+05:30,3133.29261600269,3151.171490462325,3105.931734983696,3144.237060546875,1400708,0.0,0.0
2022-11-16 00:00:00+05:30,3150.181006794873,3177.541889681157,3133.717349195389,3165.701416015625,1748235,0.0,0.0
2022-11-17 00:00:00+05:30,3151.2188966739136,3170.088470905494,3130.2264953412805,3159.710205078125,1417986,0.0,0.0
2022-11-18 00:00:00+05:30,3160.6537086308344,3172.6830622980115,3133.2928257800004,3154.473876953125,1164540,0.0,0.0
2022-11-21 00:00:00+05:30,3134.707529234418,3145.27444308409,3088.0053403112865,3097.911865234375,1304194,0.0,0.0
2022-11-22 00:00:00+05:30,3094.609940245404,3131.358387217525,3071.2588438975154,3127.58447265625,1149739,0.0,0.0
2022-11-23 00:00:00+05:30,3141.7837423141978,3141.7837423141978,3104.988076863671,3121.310302734375,1150011,0.0,0.0
2022-11-24 00:00:00+05:30,3128.811169772484,3201.1759383959493,3121.3105603414374,3189.099365234375,1296591,0.0,0.0
2022-11-25 00:00:00+05:30,3191.7884587488657,3210.988342530607,3158.7667040766187,3198.0625,1588981,0.0,0.0
2022-11-28 00:00:00+05:30,3175.749196228877,3223.866608292951,3175.324676896606,3203.345947265625,2195437,0.0,0.0
2022-11-29 00:00:00+05:30,3191.788381354206,3235.1884007282215,3191.788381354206,3205.327392578125,1576028,0.0,0.0
2022-11-30 00:00:00+05:30,3191.7882813797705,3221.8851582576717,3184.240452159836,3199.1474609375,3410702,0.0,0.0
2022-12-01 00:00:00+05:30,3231.4143154291487,3283.3056402024636,3226.696922267938,3279.201416015625,2180856,0.0,0.0
2022-12-02 00:00:00+05:30,3262.6437539074536,3272.8331394983957,3220.092772801236,3244.7646484375,2411749,0.0,0.0
2022-12-05 00:00:00+05:30,3238.962462959165,3244.7647649813816,3214.4320161089063,3232.263671875,1475065,0.0,0.0
2022-12-06 00:00:00+05:30,3207.8749508488777,3215.32834079277,3177.636411023659,3194.005859375,1166999,0.0,0.0
2022-12-07 00:00:00+05:30,3177.9190926473984,3201.8833575405056,3164.4273022671146,3189.52392578125,1167505,0.0,0.0
2022-12-08 00:00:00+05:30,3170.0881902480305,3189.5239421224455,3150.6996583733103,3161.17236328125,1285619,0.0,0.0
2022-12-09 00:00:00+05:30,3183.3914865753063,3183.3914865753063,3091.1664461774567,3106.639404296875,1797896,0.0,0.0
2022-12-12 00:00:00+05:30,3071.4946948284855,3109.7055795283945,3053.1913014544975,3100.6953125,1527610,0.0,0.0
2022-12-13 00:00:00+05:30,3091.9682634669275,3147.8693748851997,3083.099656070491,3143.765380859375,1378016,0.0,0.0
2022-12-14 00:00:00+05:30,3159.5211255668623,3186.1271755454723,3152.0675065545265,3175.1357421875,1213311,0.0,0.0
2022-12-15 00:00:00+05:30,3168.9562633845435,3174.5699155099574,3112.4889717700507,3118.29150390625,1415694,0.0,0.0
2022-12-16 00:00:00+05:30,3089.8928192329395,3105.9319575312475,3042.907532737833,3057.10693359375,2703680,0.0,0.0
2022-12-19 00:00:00+05:30,3044.6054186477368,3062.0597726127144,3013.9423643849377,3021.065673828125,2120965,0.0,0.0
2022-12-20 00:00:00+05:30,3018.093895115369,3065.362269711969,2984.8362712288354,3060.59765625,1529971,0.0,0.0
2022-12-21 00:00:00+05:30,3065.3620755810753,3097.487569071201,3056.870767892485,3083.80712890625,1432566,0.0,0.0
2022-12-22 00:00:00+05:30,3107.8186387967226,3107.8186387967226,3061.6826254575462,3075.457275390625,1384101,0.0,0.0
2022-12-23 00:00:00+05:30,3035.1710629900717,3082.203569640205,3035.1710629900717,3045.879638671875,1360281,0.0,0.0
2022-12-26 00:00:00+05:30,3045.8795304089917,3087.062283218144,3042.7660046540764,3069.041748046875,870157,0.0,0.0
2022-12-27 00:00:00+05:30,3084.4204960789375,3088.76059020191,3048.8513954327614,3075.268798828125,835883,0.0,0.0
2022-12-28 00:00:00+05:30,3066.1171979304922,3081.4959471729394,3043.662358270491,3073.004638671875,910795,0.0,0.0
2022-12-29 00:00:00+05:30,3048.473970430385,3086.5904159073257,3045.5490944670173,3083.995849609375,1037927,0.0,0.0
2022-12-30 00:00:00+05:30,3100.317898016832,3112.5358998123083,3062.7201836894283,3072.626708984375,1163131,0.0,0.0
2023-01-02 00:00:00+05:30,3076.6836350061485,3082.2030768099426,3052.34184168758,3077.108154296875,709547,0.0,0.0
2023-01-03 00:00:00+05:30,3068.1926803894926,3132.349230901942,3061.8714192749435,3124.188232421875,1245178,0.0,0.0
2023-01-04 00:00:00+05:30,3119.800660681146,3139.283632101726,3100.4593492563527,3127.30126953125,1231668,0.0,0.0
2023-01-05 00:00:00+05:30,3141.972697409822,3148.671488266819,3096.449850471855,3123.952392578125,1826057,0.0,0.0
2023-01-06 00:00:00+05:30,3113.4799482063527,3114.942386371537,3019.1320709879783,3030.029296875,2488376,0.0,0.0
2023-01-09 00:00:00+05:30,3046.4928994085017,3138.9538173837364,3039.086499046337,3132.30224609375,2885060,0.0,0.0
2023-01-10 00:00:00+05:30,3099.3274153646053,3111.592638012928,3047.5305287786623,3100.648193359375,3864655,0.0,0.0
2023-01-11 00:00:00+05:30,3104.139476243874,3160.182020931683,3086.2603699534707,3140.5576171875,2720512,0.0,0.0
2023-01-12 00:00:00+05:30,3140.8404805916866,3160.653532587008,3128.1507385963105,3145.88818359375,2250391,0.0,0.0
2023-01-13 00:00:00+05:30,3153.9549224027433,3188.0145963470104,3118.1971710348826,3183.816162109375,1742837,0.0,0.0
2023-01-16 00:00:00+05:30,3192.912493009621,3227.5657488879283,3174.671451152942,3209.32470703125,1843607,67.0,0.0
2023-01-17 00:00:00+05:30,3205.425857892288,3255.2880849054277,3196.7625447628498,3252.01513671875,1688475,0.0,0.0
2023-01-18 00:00:00+05:30,3253.5559795008294,3281.4229282409215,3246.0959029206133,3263.181884765625,2421189,0.0,0.0
2023-01-19 00:00:00+05:30,3253.5555982107408,3260.2937311064434,3235.2663803509763,3246.913818359375,1585044,0.0,0.0
2023-01-20 00:00:00+05:30,3239.1169138175123,3267.6576270937912,3230.0686574520228,3237.2880859375,1529349,0.0,0.0
2023-01-23 00:00:00+05:30,3261.256314276461,3291.0966170340084,3230.0684789457364,3287.14990234375,1067916,0.0,0.0
2023-01-24 00:00:00+05:30,3296.8721929565613,3322.8139578091427,3289.4602937140276,3307.74951171875,1387863,0.0,0.0
2023-01-25 00:00:00+05:30,3297.160855773761,3306.4979354020884,3277.620224175869,3301.4443359375,874110,0.0,0.0
2023-01-27 00:00:00+05:30,3297.8347715421955,3317.086579899126,3255.7696172837873,3283.444091796875,1785879,0.0,0.0
2023-01-30 00:00:00+05:30,3292.059221158926,3329.0707756350903,3258.898028344936,3305.198486328125,1953798,0.0,0.0
2023-01-31 00:00:00+05:30,3319.9742039734,3319.9742039734,3225.6403472063976,3233.05224609375,2820375,0.0,0.0
2023-02-01 00:00:00+05:30,3237.1916444577387,3291.0967090101126,3229.4909209502566,3280.84521484375,2205161,0.0,0.0
2023-02-02 00:00:00+05:30,3298.7970864972112,3339.2258806707982,3292.155307171656,3330.947509765625,1813847,0.0,0.0
2023-02-03 00:00:00+05:30,3372.916483267327,3372.916483267327,3323.728023883384,3352.0283203125,1804469,0.0,0.0
2023-02-06 00:00:00+05:30,3343.2205498002386,3343.2205498002386,3308.278708417841,3330.514404296875,1138714,0.0,0.0
2023-02-07 00:00:00+05:30,3339.1297146139295,3362.3282370488696,3331.910286678669,3342.643310546875,1455647,0.0,0.0
2023-02-08 00:00:00+05:30,3347.937818806544,3407.4738981514556,3347.937818806544,3388.414794921875,1986946,0.0,0.0
2023-02-09 00:00:00+05:30,3383.505128687069,3414.8856685492656,3374.1680491598845,3408.38818359375,1655427,0.0,0.0
2023-02-10 00:00:00+05:30,3388.3181616315746,3409.8321507801293,3376.9113715447056,3405.211669921875,1187821,0.0,0.0
2023-02-13 00:00:00+05:30,3416.233122474833,3416.233122474833,3343.4611986440036,3352.12451171875,1087939,0.0,0.0
2023-02-14 00:00:00+05:30,3373.8794408781555,3392.9869548244737,3364.25353662458,3369.162841796875,1579818,0.0,0.0
2023-02-15 00:00:00+05:30,3356.552774222289,3394.0938003750475,3330.7071275987655,3388.94384765625,1429449,0.0,0.0
2023-02-16 00:00:00+05:30,3395.248816336788,3441.26068451869,3395.0563452580195,3424.94482421875,1618931,0.0,0.0
2023-02-17 00:00:00+05:30,3394.238100235669,3406.511128035548,3359.4405507119245,3370.17333984375,1061369,0.0,0.0
2023-02-20 00:00:00+05:30,3370.9918297987097,3390.243639220747,3345.0500636040024,3356.841796875,1296082,0.0,0.0
2023-02-21 00:00:00+05:30,3363.2910477431815,3377.633551511064,3315.8834678630005,3321.899658203125,1139541,0.0,0.0
2023-02-22 00:00:00+05:30,3287.197933346832,3318.0490016722474,3267.994302488332,3274.29931640625,1218430,0.0,0.0
2023-02-23 00:00:00+05:30,3293.02166814168,3323.246911870269,3280.507993284667,3286.091064453125,1441570,0.0,0.0
2023-02-24 00:00:00+05:30,3294.46539811231,3305.48701036821,3255.7693139219386,3273.240234375,977592,0.0,0.0
2023-02-27 00:00:00+05:30,3263.181570979313,3263.181570979313,3191.9498788694405,3207.20703125,1128022,0.0,0.0
2023-02-28 00:00:00+05:30,3203.9821704796236,3265.1066613390067,3176.451990829751,3188.917724609375,4116217,0.0,0.0
2023-03-01 00:00:00+05:30,3198.6881054977107,3262.2190759951072,3190.9873818010565,3259.04248046875,1669307,0.0,0.0
2023-03-02 00:00:00+05:30,3235.2665447182467,3243.833505832199,3193.875154827475,3197.196044921875,1556538,0.0,0.0
2023-03-03 00:00:00+05:30,3228.52837287937,3232.378734683639,3206.485145552905,3217.12158203125,1043190,0.0,0.0
2023-03-06 00:00:00+05:30,3236.1327304038914,3277.572296156892,3233.3413121100148,3245.710693359375,1334132,0.0,0.0
2023-03-08 00:00:00+05:30,3238.1541136299516,3268.9570065063363,3206.244335793791,3263.56640625,1844590,0.0,0.0
2023-03-09 00:00:00+05:30,3258.3689031059857,3258.3689031059857,3206.2447205644494,3212.020263671875,1648500,0.0,0.0
2023-03-10 00:00:00+05:30,3188.9654485491865,3212.4046173691213,3166.9222237304393,3206.388427734375,1024404,0.0,0.0
2023-03-13 00:00:00+05:30,3208.3133760826468,3243.7367450882775,3149.595369499676,3159.173095703125,1901233,0.0,0.0
2023-03-14 00:00:00+05:30,3157.2967326793196,3180.783846077983,3089.3377516863566,3094.68017578125,2670334,0.0,0.0
2023-03-15 00:00:00+05:30,3128.4189343046555,3138.3818393753368,3072.5886887078336,3079.23046875,1780522,0.0,0.0
2023-03-16 00:00:00+05:30,3087.9899204032577,3099.348533820189,3053.336666932398,3065.850341796875,1901060,0.0,0.0
2023-03-17 00:00:00+05:30,3032.641360360787,3100.8889325852583,3026.3845221311904,3060.364013671875,6739966,0.0,0.0
2023-03-20 00:00:00+05:30,3051.0748114238922,3051.0748114238922,2979.2657028440667,3025.710693359375,2289468,0.0,0.0
2023-03-21 00:00:00+05:30,3025.7104150587325,3038.6572087820823,2981.575551744714,2989.902099609375,1815297,0.0,0.0
2023-03-22 00:00:00+05:30,3012.956035737857,3025.9028292176777,2989.9020433692863,3013.677978515625,1123939,0.0,0.0
2023-03-23 00:00:00+05:30,2998.3728000618803,3028.646456724388,2984.992887250025,3007.758056640625,1372218,0.0,0.0
2023-03-24 00:00:00+05:30,3031.10090186076,3051.4116538753306,2989.80586654157,3003.763427734375,1329577,0.0,0.0
2023-03-27 00:00:00+05:30,3017.7209449945854,3034.806924826692,2989.8058230153692,3005.49609375,1524217,0.0,0.0
2023-03-28 00:00:00+05:30,3010.020297074465,3031.7267584344513,2993.800554204942,2999.33544921875,1303530,0.0,0.0
2023-03-29 00:00:00+05:30,3011.945546115427,3032.1599457537855,2987.977137690062,3021.47509765625,1740616,0.0,0.0
2023-03-31 00:00:00+05:30,3070.6147499472936,3092.8025024205403,3034.0844966167265,3085.968017578125,2382581,0.0,0.0
2023-04-03 00:00:00+05:30,3104.305890326854,3104.305890326854,3055.0213084220886,3080.289306640625,1521830,0.0,0.0
2023-04-05 00:00:00+05:30,3066.3318775173375,3142.232228479106,3066.3318775173375,3118.6005859375,2655065,0.0,0.0
2023-04-06 00:00:00+05:30,3104.3542739240115,3135.494169713481,3094.728369198666,3100.215087890625,1703464,0.0,0.0
2023-04-10 00:00:00+05:30,3099.541053914876,3149.595754164433,3094.728101967803,3141.3173828125,2203187,0.0,0.0
2023-04-11 00:00:00+05:30,3141.894987930848,3150.510124796393,3072.7327753976024,3093.572998046875,2348779,0.0,0.0
2023-04-12 00:00:00+05:30,3107.1939050303167,3138.959390994179,3079.3269575271443,3120.38134765625,2417727,0.0,0.0
2023-04-13 00:00:00+05:30,3089.9153345741274,3109.167143512284,3061.037621166892,3069.556640625,4174070,0.0,0.0
2023-04-17 00:00:00+05:30,3016.855083640128,3045.0587982525776,2955.393584101799,3022.052978515625,5505048,0.0,0.0
2023-04-18 00:00:00+05:30,3036.924523398355,3038.7535861555325,2994.233780332622,3013.6298828125,2617302,0.0,0.0
2023-04-19 00:00:00+05:30,3013.629786644838,3022.533747525287,2956.5963074916936,2974.019287109375,3298034,0.0,0.0
2023-04-20 00:00:00+05:30,2974.404007277982,2996.543584031184,2962.8529237545727,2988.650390625,2419999,0.0,0.0
2023-04-21 00:00:00+05:30,2993.656187354414,3046.0691883919803,2984.8004025476484,3042.60400390625,1929184,0.0,0.0
2023-04-24 00:00:00+05:30,3033.21863743978,3061.9518192500896,3009.2018194764514,3056.031982421875,1640676,0.0,0.0
2023-04-25 00:00:00+05:30,3063.9251443012536,3071.8183383249893,3029.7531862042715,3057.18701171875,2024090,0.0,0.0
2023-04-26 00:00:00+05:30,3062.0002127542307,3088.375097006355,3062.0002127542307,3078.508544921875,2000029,0.0,0.0
2023-04-27 00:00:00+05:30,3065.850590713949,3079.5193281357388,3052.037323719846,3068.690185546875,2434446,0.0,0.0
2023-04-28 00:00:00+05:30,3080.6741690666045,3106.5198148641657,3076.679512978415,3098.819091796875,2931312,0.0,0.0
2023-05-02 00:00:00+05:30,3113.979882854357,3113.979882854357,3089.915123326889,3098.96337890625,2321159,0.0,0.0
2023-05-03 00:00:00+05:30,3095.690523129981,3095.690523129981,3054.4434331953894,3060.94091796875,2468285,0.0,0.0
2023-05-04 00:00:00+05:30,3061.18199722786,3103.8248021626296,3059.1125217148865,3100.215087890625,1953253,0.0,0.0
2023-05-05 00:00:00+05:30,3099.5413931605713,3122.64356503506,3089.9636647390953,3109.841064453125,1710027,0.0,0.0
2023-05-08 00:00:00+05:30,3123.605494117748,3133.087102486518,3110.4180541332753,3128.99609375,928235,0.0,0.0
2023-05-09 00:00:00+05:30,3130.9217459692736,3174.623257758366,3124.5685550890407,3160.425048828125,1107375,0.0,0.0
2023-05-10 00:00:00+05:30,3166.9222831649413,3182.8050240987473,3143.868291053415,3163.842041015625,1559987,0.0,0.0
2023-05-11 00:00:00+05:30,3185.2118590095006,3185.885625335697,3149.596011689056,3159.3662109375,1719623,0.0,0.0
2023-05-12 00:00:00+05:30,3156.4784814216223,3166.9226821423026,3138.044967715473,3151.81005859375,1027479,0.0,0.0
2023-05-15 00:00:00+05:30,3161.146728959696,3168.847451807344,3126.8304767728264,3133.27978515625,1150390,0.0,0.0
2023-05-16 00:00:00+05:30,3134.3866676837924,3162.1093169157693,3128.8517731412458,3136.263671875,986306,0.0,0.0
2023-05-17 00:00:00+05:30,3134.146463214914,3157.2968115326717,3078.605038867185,3088.6640625,1588815,0.0,0.0
2023-05-18 00:00:00+05:30,3105.268242112862,3108.1560131159285,3075.476118266038,3080.144775390625,1369364,0.0,0.0
2023-05-19 00:00:00+05:30,3089.915043746611,3113.498507476141,3083.225087771757,3102.284423828125,1152449,0.0,0.0
2023-05-22 00:00:00+05:30,3109.167201212303,3184.6823761721485,3096.701701694998,3175.297119140625,1333243,0.0,0.0
2023-05-23 00:00:00+05:30,3182.323877353372,3203.45268973117,3167.018783924424,3173.708740234375,1687418,0.0,0.0
2023-05-24 00:00:00+05:30,3153.446251075901,3193.104929820546,3153.446251075901,3179.773193359375,1016555,0.0,0.0
2023-05-25 00:00:00+05:30,3170.772799109515,3182.3238839878736,3144.87921117683,3170.29150390625,1374917,0.0,0.0
2023-05-26 00:00:00+05:30,3170.2915802907983,3213.752444189794,3167.885104216492,3204.3671875,1791115,0.0,0.0
2023-05-29 00:00:00+05:30,3235.0736955498733,3245.854660469286,3188.099239464494,3196.136962890625,1210372,0.0,0.0
2023-05-30 00:00:00+05:30,3190.9870284186554,3202.489936165168,3177.8477640693077,3192.14208984375,1344224,0.0,0.0
2023-05-31 00:00:00+05:30,3185.211429566376,3203.2118218918486,3143.001749227213,3166.44091796875,5815424,0.0,0.0
2023-06-01 00:00:00+05:30,3190.0244869227586,3215.051836548586,3174.1417458140604,3199.650390625,1177314,0.0,0.0
2023-06-02 00:00:00+05:30,3201.8161172136415,3211.1050199881647,3174.093468430649,3181.938720703125,2030661,0.0,0.0
2023-06-05 00:00:00+05:30,3190.9869831747915,3202.538067276782,3162.1574494383894,3165.86328125,1861468,0.0,0.0
2023-06-06 00:00:00+05:30,3157.29662016718,3165.8156395020055,3100.1188424512707,3111.381103515625,2022849,0.0,0.0
2023-06-07 00:00:00+05:30,3131.306328765714,3156.189382682169,3119.7552448600304,3152.386962890625,1567196,0.0,0.0
2023-06-08 00:00:00+05:30,3139.007620337768,3147.67093483732,3112.055086339161,3115.3759765625,1759366,0.0,0.0
2023-06-09 00:00:00+05:30,3123.605392059348,3128.41834335682,3085.4387822733497,3089.240966796875,1775689,0.0,0.0
2023-06-12 00:00:00+05:30,3094.7282733334423,3132.6542427734985,3090.8779115625766,3125.434814453125,2324605,0.0,0.0
2023-06-13 00:00:00+05:30,3138.0447630040053,3142.8577150945025,3117.8303642239184,3122.3544921875,1371928,0.0,0.0
2023-06-14 00:00:00+05:30,3122.354553784423,3134.0501685995137,3105.172455486841,3129.4296875,1658544,0.0,0.0
2023-06-15 00:00:00+05:30,3147.127860313962,3149.2127268782765,3112.8956582167934,3119.005126953125,2273810,24.0,0.0
2023-06-16 00:00:00+05:30,3100.2889793369777,3102.61628330564,3060.5292520448866,3078.857421875,4156189,0.0,0.0
2023-06-19 00:00:00+05:30,3093.5004111850235,3117.647075178396,3078.9541710070375,3113.283203125,1468186,0.0,0.0
2023-06-20 00:00:00+05:30,3116.7740530937226,3134.7144140091655,3104.2158478039496,3130.0595703125,1528452,0.0,0.0
2023-06-21 00:00:00+05:30,3151.6853099080618,3162.7403575238104,3126.4232926114496,3159.63720703125,1645987,0.0,0.0
2023-06-22 00:00:00+05:30,3161.3828137061914,3168.801301373695,3132.3874034604783,3140.533203125,1529603,0.0,0.0
2023-06-23 00:00:00+05:30,3139.369177193751,3151.1030006276533,3112.070594772104,3119.052978515625,1119505,0.0,0.0
2023-06-26 00:00:00+05:30,3108.0463904324333,3116.6770641780477,3077.0144139912986,3093.16064453125,1978803,0.0,0.0
2023-06-27 00:00:00+05:30,3105.137413596128,3112.5559014093496,3086.033398783572,3100.628173828125,863542,0.0,0.0
2023-06-28 00:00:00+05:30,3110.955591226229,3133.211289142848,3096.797157486778,3118.18017578125,1575872,0.0,0.0
2023-06-30 00:00:00+05:30,3122.5926155935344,3209.870048948633,3116.871189664554,3202.3544921875,2672406,0.0,0.0
2023-07-03 00:00:00+05:30,3214.040015743993,3218.403887408528,3169.8678896552733,3173.310546875,1687264,0.0,0.0
2023-07-04 00:00:00+05:30,3190.475257598843,3214.718990559321,3178.1594886059615,3208.755126953125,1656681,0.0,0.0
2023-07-05 00:00:00+05:30,3219.5675777833094,3228.2953212170596,3205.0213387270596,3219.51904296875,1453008,0.0,0.0
2023-07-06 00:00:00+05:30,3206.5246236701705,3227.762038826216,3202.1122169650444,3222.3798828125,1848238,0.0,0.0
2023-07-07 00:00:00+05:30,3202.1121734965177,3255.3513151133234,3202.1121734965177,3228.537841796875,1789326,0.0,0.0
2023-07-10 00:00:00+05:30,3224.1742501458934,3224.1742501458934,3166.4256272339235,3172.971435546875,1407431,0.0,0.0
2023-07-11 00:00:00+05:30,3195.324145108645,3195.324145108645,3162.158764307119,3173.40771484375,1110172,0.0,0.0
2023-07-12 00:00:00+05:30,3181.6986689054092,3189.6505651906073,3151.7820474002465,3161.285400390625,1515240,0.0,0.0
2023-07-13 00:00:00+05:30,3184.6564830990055,3265.582009290786,3173.7468042211544,3239.495849609375,4585146,0.0,0.0
2023-07-14 00:00:00+05:30,3263.2062212255264,3418.2207333014203,3250.599480994937,3408.3291015625,6306101,0.0,0.0
2023-07-17 00:00:00+05:30,3403.8196999399315,3442.5125984081183,3371.866511076431,3386.0732421875,2743228,0.0,0.0
2023-07-18 00:00:00+05:30,3370.8482611792506,3417.396223358941,3360.1810198464045,3391.067626953125,2600090,0.0,0.0
2023-07-19 00:00:00+05:30,3394.122557529642,3410.462927972972,3341.416588255637,3365.07861328125,2405370,0.0,0.0
2023-07-20 00:00:00+05:30,3357.3492402376382,3382.433643300454,3340.771971447205,3367.266357421875,1715404,9.0,0.0
2023-07-21 00:00:00+05:30,3309.659078172915,3339.653495494553,3265.9068840566583,3274.900390625,3770223,0.0,0.0
2023-07-24 00:00:00+05:30,3287.2482172466443,3318.7983633985186,3278.595100383834,3300.616943359375,1680132,0.0,0.0
2023-07-25 00:00:00+05:30,3303.2906232371693,3312.3327907396247,3286.470287968445,3304.894775390625,1272980,0.0,0.0
2023-07-26 00:00:00+05:30,3306.062105549368,3325.993662952965,3291.137649325643,3294.34619140625,1066803,0.0,0.0
2023-07-27 00:00:00+05:30,3300.8116384092814,3317.048517886684,3291.1862497156762,3302.70751953125,1701769,0.0,0.0
2023-07-28 00:00:00+05:30,3291.1369794549046,3299.595688766931,3238.63435112682,3262.357666015625,2599831,0.0,0.0
2023-07-31 00:00:00+05:30,3271.108310483589,3331.6321775143037,3267.7053621364807,3326.576416015625,2743678,0.0,0.0
2023-08-01 00:00:00+05:30,3320.3056787969276,3364.057876614164,3320.3056787969276,3356.328369140625,1956167,0.0,0.0
2023-08-02 00:00:00+05:30,3339.702243366992,3350.8346989074603,3318.9443998189768,3345.244140625,1914899,0.0,0.0
2023-08-03 00:00:00+05:30,3325.1671788309727,3338.0497709711804,3274.6090813750634,3305.673095703125,2026351,0.0,0.0
2023-08-04 00:00:00+05:30,3306.9368526530116,3374.75275723884,3306.9368526530116,3348.06396484375,2248493,0.0,0.0
2023-08-07 00:00:00+05:30,3358.1754651174247,3391.2813410499534,3345.827670552796,3387.44091796875,1853889,0.0,0.0
2023-08-08 00:00:00+05:30,3387.440766782241,3393.177070635274,3360.7519757652844,3374.36376953125,1634225,0.0,0.0
2023-08-09 00:00:00+05:30,3368.8216366626725,3370.863500676895,3330.0767803825624,3366.48828125,1794589,0.0,0.0
2023-08-10 00:00:00+05:30,3354.3351432692134,3368.821887055567,3334.9383831757855,3346.654296875,1096701,0.0,0.0
2023-08-11 00:00:00+05:30,3342.7652042322084,3370.5233529149823,3319.3333768927923,3353.16845703125,1679974,0.0,0.0
2023-08-14 00:00:00+05:30,3345.2930303925195,3359.1965541981062,3316.416627024527,3354.189453125,1190425,0.0,0.0
2023-08-16 00:00:00+05:30,3354.334971620699,3369.8913077209686,3339.945313253779,3362.501953125,1328445,0.0,0.0
2023-08-17 00:00:00+05:30,3359.196687631885,3364.835907548395,3318.5557077284734,3340.48046875,1843241,0.0,0.0
2023-08-18 00:00:00+05:30,3315.443971791031,3315.443971791031,3263.427475459412,3273.733642578125,2526749,0.0,0.0
2023-08-21 00:00:00+05:30,3281.41499759064,3315.2014186769434,3278.498184259448,3307.325927734375,1375579,0.0,0.0
2023-08-22 00:00:00+05:30,3305.7213429362537,3316.4163237516354,3271.740519547004,3288.3662109375,1222012,0.0,0.0
2023-08-23 00:00:00+05:30,3294.0539980941476,3307.665791474702,3282.3867466251013,3304.019775390625,1330046,0.0,0.0
2023-08-24 00:00:00+05:30,3313.4997682366616,3318.4097845575466,3284.428958528236,3293.811279296875,1152881,0.0,0.0
2023-08-25 00:00:00+05:30,3281.4149278636055,3291.915503106943,3257.3512183926055,3287.540283203125,1158046,0.0,0.0
2023-08-28 00:00:00+05:30,3299.8880610675938,3299.8880610675938,3266.928166248649,3281.94970703125,1037485,0.0,0.0
2023-08-29 00:00:00+05:30,3287.2967407774477,3295.561043846931,3271.691744566196,3282.532470703125,944517,0.0,0.0
2023-08-30 00:00:00+05:30,3303.7766767888247,3313.5967082985385,3289.241273610257,3296.922119140625,1188200,0.0,0.0
2023-08-31 00:00:00+05:30,3306.69356766411,3322.638716617476,3250.933732608294,3263.71923828125,3417652,0.0,0.0
2023-09-01 00:00:00+05:30,3272.6641174181177,3295.026349949495,3263.7192718797355,3285.498046875,1277950,0.0,0.0
2023-09-04 00:00:00+05:30,3284.331519615237,3337.6606802387996,3276.6020124473293,3323.70849609375,1828332,0.0,0.0
2023-09-05 00:00:00+05:30,3325.1674702052833,3351.418792338483,3310.729148083665,3334.25830078125,1501842,0.0,0.0
2023-09-06 00:00:00+05:30,3338.778642410386,3348.404030443951,3303.8742081617165,3334.792236328125,1314818,0.0,0.0
2023-09-07 00:00:00+05:30,3335.6674740804224,3364.057740485493,3327.403170382698,3359.439453125,1885092,0.0,0.0
2023-09-08 00:00:00+05:30,3359.43963059144,3368.9192735690153,3339.799802358227,3346.459716796875,1518917,0.0,0.0
2023-09-11 00:00:00+05:30,3366.002250303751,3389.0450258602564,3349.4736430665575,3384.135009765625,1783604,0.0,0.0
2023-09-12 00:00:00+05:30,3395.17034405978,3490.355580349542,3386.419905028698,3481.508056640625,4476016,0.0,0.0
2023-09-13 00:00:00+05:30,3472.0773614903574,3489.3351732237506,3446.7009912607946,3468.91748046875,1754929,0.0,0.0
2023-09-14 00:00:00+05:30,3471.0564511310204,3497.9396518118956,3447.284470462897,3461.333740234375,2604721,0.0,0.0
2023-09-15 00:00:00+05:30,3468.9171012936326,3507.321804896822,3463.666695593728,3498.522705078125,2952897,0.0,0.0
2023-09-18 00:00:00+05:30,3480.778898202534,3518.9405355794106,3476.1119498517005,3506.155029296875,1395753,0.0,0.0
2023-09-20 00:00:00+05:30,3480.729912112626,3524.4821037453266,3480.729912112626,3506.0576171875,1649396,0.0,0.0
2023-09-21 00:00:00+05:30,3489.0434259267295,3505.0372376925116,3430.172364654419,3485.883544921875,2004073,0.0,0.0
2023-09-22 00:00:00+05:30,3484.6193346453892,3532.9898178760277,3466.1948462960304,3503.724365234375,1989083,0.0,0.0
2023-09-25 00:00:00+05:30,3502.6063941347006,3519.6211372012817,3459.972214416668,3477.959228515625,1238778,0.0,0.0
2023-09-26 00:00:00+05:30,3468.6740105066046,3495.2654791364926,3437.950152879817,3486.27197265625,1726062,0.0,0.0
2023-09-27 00:00:00+05:30,3490.453003185398,3513.787507942069,3457.104059329817,3489.7724609375,1541134,0.0,0.0
2023-09-28 00:00:00+05:30,3500.175335318442,3502.897741386745,3429.5399474581955,3438.67919921875,1755753,0.0,0.0
2023-09-29 00:00:00+05:30,3439.117003581703,3469.500472948857,3408.3447207549916,3430.755615234375,2243791,0.0,0.0
2023-10-03 00:00:00+05:30,3436.1998776685964,3436.1998776685964,3383.6001627117107,3416.414306640625,1948148,0.0,0.0
2023-10-04 00:00:00+05:30,3389.6285581718475,3449.617633581549,3380.8781188532926,3439.65185546875,1788138,0.0,0.0
2023-10-05 00:00:00+05:30,3455.451169767769,3523.510140472255,3452.728763465419,3489.821044921875,2990768,0.0,0.0
2023-10-06 00:00:00+05:30,3491.4249915763594,3534.1562524786277,3475.9173173530494,3520.98193359375,2075691,0.0,0.0
2023-10-09 00:00:00+05:30,3543.9768153707187,3576.985371693498,3530.3163589614273,3537.462646484375,4233074,0.0,0.0
2023-10-10 00:00:00+05:30,3539.1156238772305,3546.8451319949836,3501.488778092579,3528.274658203125,1848148,0.0,0.0
2023-10-11 00:00:00+05:30,3548.78943470748,3548.78943470748,3505.0372361973878,3509.80126953125,2426417,0.0,0.0
2023-10-12 00:00:00+05:30,3475.868995681339,3489.140400534687,3439.992288967966,3444.31884765625,4241281,0.0,0.0
2023-10-13 00:00:00+05:30,3432.116619201622,3477.8133560578476,3427.255264216917,3471.833984375,2890357,0.0,0.0
2023-10-16 00:00:00+05:30,3467.1180154447925,3475.528063747612,3421.518605366661,3426.331298828125,1671104,0.0,0.0
2023-10-17 00:00:00+05:30,3432.1165499711556,3436.1513795787328,3406.2056233736766,3409.802978515625,1672065,0.0,0.0
2023-10-18 00:00:00+05:30,3413.643437911656,3425.0189609939,3387.3921212430105,3390.552001953125,1408245,0.0,0.0
2023-10-19 00:00:00+05:30,3382.0228652804913,3389.1876435873023,3364.866522088502,3368.52197265625,1514545,9.0,0.0
2023-10-20 00:00:00+05:30,3363.4041833292404,3411.266309034359,3357.214430117309,3406.441162109375,1481211,0.0,0.0
2023-10-23 00:00:00+05:30,3385.4346364762705,3391.2345704764457,3315.5424688601106,3324.169189453125,1106272,0.0,0.0
2023-10-25 00:00:00+05:30,3305.0143312076684,3338.644472610607,3292.049620403151,3304.62451171875,1518537,0.0,0.0
2023-10-26 00:00:00+05:30,3283.1307476541115,3288.638197910815,3246.0400621101653,3252.619873046875,1984471,0.0,0.0
2023-10-27 00:00:00+05:30,3265.535670090054,3277.2331112963466,3252.86344211657,3266.461669921875,1108851,0.0,0.0
2023-10-30 00:00:00+05:30,3265.535514184624,3297.557353152062,3249.695229974027,3293.36572265625,910972,0.0,0.0
2023-10-31 00:00:00+05:30,3313.300288584184,3313.300288584184,3265.5845229637202,3283.81298828125,999811,0.0,0.0
2023-11-01 00:00:00+05:30,3270.4097379320942,3286.5912941245306,3227.519118418231,3246.673583984375,1563475,0.0,0.0
2023-11-02 00:00:00+05:30,3258.9073073125733,3290.831576238539,3258.9073073125733,3275.38134765625,1245384,0.0,0.0
2023-11-03 00:00:00+05:30,3296.729051474774,3302.4801985645154,3259.979635665342,3266.4130859375,1402598,0.0,0.0
2023-11-06 00:00:00+05:30,3289.905318722959,3306.769177287052,3274.308730545309,3295.02294921875,1099852,0.0,0.0
2023-11-07 00:00:00+05:30,3292.829658300184,3318.3202367487193,3281.1322172405025,3285.469970703125,1191144,0.0,0.0
2023-11-08 00:00:00+05:30,3286.445084943428,3316.1760839327303,3284.5930851184507,3296.29052734375,992899,0.0,0.0
2023-11-09 00:00:00+05:30,3304.624848929213,3305.9894552647097,3257.7862952654255,3263.050048828125,2112352,0.0,0.0
2023-11-10 00:00:00+05:30,3253.8381593241625,3263.049846480183,3238.5828419377663,3249.40283203125,1338557,0.0,0.0
2023-11-13 00:00:00+05:30,3271.3842692258677,3271.3842692258677,3243.1154540269554,3247.55078125,1030990,0.0,0.0
2023-11-15 00:00:00+05:30,3297.801364025315,3326.947394555642,3271.433333122492,3318.466796875,2059802,0.0,0.0
2023-11-16 00:00:00+05:30,3343.5676085583573,3440.3639882215098,3328.11714213323,3409.658203125,3951984,0.0,0.0
2023-11-17 00:00:00+05:30,3409.6582132106073,3435.6361870718983,3404.491795407471,3414.14208984375,2021292,0.0,0.0
2023-11-20 00:00:00+05:30,3403.2243189506144,3444.7988795971214,3403.2243189506144,3430.859619140625,1475621,0.0,0.0
2023-11-21 00:00:00+05:30,3430.859916589253,3449.8194733581145,3412.728785857677,3421.69677734375,1807236,0.0,0.0
2023-11-22 00:00:00+05:30,3411.753343512574,3443.5800330801876,3393.329970651617,3441.14306640625,1798051,0.0,0.0
2023-11-23 00:00:00+05:30,3440.997512002957,3454.6445276312975,3411.753907085085,3419.7958984375,2729804,0.0,0.0
2023-11-24 00:00:00+05:30,3406.1485345948618,3416.1888855205752,3365.938581943495,3369.935302734375,1989733,0.0,0.0
2023-11-28 00:00:00+05:30,3369.9354729068727,3393.476478453867,3346.443016310844,3382.65625,1689195,0.0,0.0
2023-11-29 00:00:00+05:30,3393.232957855301,3429.3000705932054,3388.1641139323924,3425.1572265625,1441634,0.0,0.0
2023-11-30 00:00:00+05:30,3411.2175845764045,3427.9838697669406,3393.232815898401,3399.66650390625,3266235,0.0,0.0
2023-12-01 00:00:00+05:30,3411.753692612717,3428.276280755645,3402.0546118550137,3423.10986328125,1172141,0.0,0.0
2023-12-04 00:00:00+05:30,3455.2779803492003,3458.3487016001586,3409.8042707320046,3423.889892578125,1625213,0.0,0.0
2023-12-05 00:00:00+05:30,3448.7956691793693,3448.7956691793693,3414.4832217071003,3442.55712890625,1377656,0.0,0.0
2023-12-06 00:00:00+05:30,3443.531990915003,3521.7586326609153,3436.2696387698566,3513.229248046875,1896572,0.0,0.0
2023-12-07 00:00:00+05:30,3514.106297989482,3539.0121475042815,3501.1415863804714,3523.756591796875,1967653,0.0,0.0
2023-12-08 00:00:00+05:30,3541.400726410426,3553.0981689419223,3511.231120144958,3535.259521484375,1641155,0.0,0.0
2023-12-11 00:00:00+05:30,3531.554802215179,3560.8959784249623,3523.854082125989,3551.050537109375,1102503,0.0,0.0
2023-12-12 00:00:00+05:30,3547.200565659939,3605.151596384453,3539.451057787548,3579.514892578125,2236866,0.0,0.0
2023-12-13 00:00:00+05:30,3551.6844071853598,3557.9717342969016,3473.1652847396876,3502.945068359375,3850968,0.0,0.0
2023-12-14 00:00:00+05:30,3538.4760572092937,3585.265823255036,3536.136664101029,3574.786865234375,3290396,0.0,0.0
2023-12-15 00:00:00+05:30,3574.250499737059,3797.7203603682356,3574.250499737059,3763.651611328125,8531230,0.0,0.0
2023-12-18 00:00:00+05:30,3760.8248500238014,3829.9371353065544,3733.579370011988,3761.89697265625,2521612,0.0,0.0
2023-12-19 00:00:00+05:30,3748.0551075720255,3757.9005490824243,3694.4418355521393,3719.981201171875,2004435,0.0,0.0
2023-12-20 00:00:00+05:30,3730.752315268566,3800.4983497118624,3671.5828114809474,3684.742431640625,2586083,0.0,0.0
2023-12-21 00:00:00+05:30,3661.543038446911,3710.7209865343293,3648.9683835055725,3692.005126953125,1517562,0.0,0.0
2023-12-22 00:00:00+05:30,3704.189833637062,3748.981239423109,3667.147935300691,3727.584716796875,2413058,0.0,0.0
2023-12-26 00:00:00+05:30,3723.5391716869517,3737.332308670213,3694.58781552753,3699.851806640625,1285231,0.0,0.0
2023-12-27 00:00:00+05:30,3703.214827097483,3721.9306849177606,3672.996438142489,3715.107177734375,1293976,0.0,0.0
2023-12-28 00:00:00+05:30,3727.5847423509695,3741.2317576210826,3696.489138465235,3704.09228515625,1682889,0.0,0.0
2023-12-29 00:00:00+05:30,3696.3914972075136,3726.220068091027,3670.4620734729538,3697.756103515625,1574996,0.0,0.0
2024-01-01 00:00:00+05:30,3694.4419134177474,3735.3829583685506,3677.8705380805172,3715.010009765625,825907,0.0,0.0
2024-01-02 00:00:00+05:30,3715.0099258876053,3715.0099258876053,3672.2654311564665,3687.813232421875,1344068,0.0,0.0
2024-01-03 00:00:00+05:30,3672.021647455052,3676.7494583353337,3594.08749523416,3598.6689453125,1803075,0.0,0.0
2024-01-04 00:00:00+05:30,3608.4168942473884,3625.231965882633,3558.9464661031175,3574.34814453125,3598144,0.0,0.0
2024-01-05 00:00:00+05:30,3582.3410424313142,3653.256773271281,3582.1949196235937,3643.655029296875,1963127,0.0,0.0
2024-01-08 00:00:00+05:30,3643.655252254201,3645.45870291326,3579.8067209243477,3585.55810546875,1067805,0.0,0.0
2024-01-09 00:00:00+05:30,3616.4100001506504,3657.741100508355,3589.89584855394,3596.865478515625,1370944,0.0,0.0
2024-01-10 00:00:00+05:30,3596.9632458574733,3635.223627266662,3595.013672282483,3619.43212890625,1292227,0.0,0.0
2024-01-11 00:00:00+05:30,3630.105667979865,3677.870216242758,3613.5342940927385,3641.364501953125,1777909,0.0,0.0
2024-01-12 00:00:00+05:30,3750.979472582564,3806.786014891647,3725.2451971746664,3784.902099609375,6813450,0.0,0.0
2024-01-15 00:00:00+05:30,3860.155773949474,3865.029708007491,3787.0467630792186,3805.372802734375,2801505,0.0,0.0
2024-01-16 00:00:00+05:30,3800.6935043470535,3800.6935043470535,3758.3390680343728,3763.944091796875,1432672,0.0,0.0
2024-01-17 00:00:00+05:30,3722.710871730206,3811.367685558661,3716.423544327831,3786.656982421875,3458696,0.0,0.0
2024-01-18 00:00:00+05:30,3799.71876659754,3810.2465111363795,3764.626443458106,3804.202880859375,2239110,0.0,0.0
2024-01-19 00:00:00+05:30,3854.4227583974052,3872.546897908814,3825.1604584202782,3852.517578125,2941975,9.0,0.0
2024-01-23 00:00:00+05:30,3810.4557236826117,3843.5772818667206,3754.5201877388095,3769.664306640625,2618854,0.0,0.0
2024-01-24 00:00:00+05:30,3790.915165105672,3794.481265658784,3718.223485188841,3753.59228515625,2657709,0.0,0.0
2024-01-25 00:00:00+05:30,3751.7359155935674,3772.351555639592,3691.941113467618,3722.815673828125,2205154,0.0,0.0
2024-01-29 00:00:00+05:30,3713.53364361518,3732.292763725829,3694.0417435116533,3713.72900390625,1646747,0.0,0.0
2024-01-30 00:00:00+05:30,3720.0310316051527,3759.4546924108186,3700.0506106069015,3713.28955078125,1411621,0.0,0.0
2024-01-31 00:00:00+05:30,3723.6949972545217,3745.971558139852,3709.2836564922463,3728.3359375,2459358,0.0,0.0
2024-02-01 00:00:00+05:30,3732.2926282154012,3815.2432249834083,3717.685928594729,3765.658447265625,2363107,0.0,0.0
2024-02-02 00:00:00+05:30,3786.078746193084,3892.9179227399877,3783.0987266068837,3875.233642578125,2826510,0.0,0.0
2024-02-05 00:00:00+05:30,3891.5504828771295,3929.6550444719596,3871.1304414365304,3882.0732421875,1691523,0.0,0.0
2024-02-06 00:00:00+05:30,3905.22856048643,4054.617868849802,3898.3892810459984,4041.037109375,4474396,0.0,0.0
2024-02-07 00:00:00+05:30,4057.647098586443,4059.6011785761307,3980.412039287007,3989.64501953125,2124267,0.0,0.0
2024-02-08 00:00:00+05:30,3996.093834541389,4062.5325584408542,3992.23457402191,4039.181396484375,2345173,0.0,0.0
2024-02-09 00:00:00+05:30,4041.5744654395935,4088.667982453084,4005.8638456437407,4038.790283203125,2100596,0.0,0.0
2024-02-12 00:00:00+05:30,4035.17514824283,4064.095627285944,4011.2863297211147,4026.0888671875,1013716,0.0,0.0
2024-02-13 00:00:00+05:30,4030.7299175483085,4074.2568593542896,3987.7888180946125,4054.2275390625,1257415,0.0,0.0
2024-02-14 00:00:00+05:30,4012.703150289895,4020.4216706263323,3956.5233521058994,4005.961669921875,1391283,0.0,0.0
2024-02-15 00:00:00+05:30,4033.2208782350476,4051.1005183351563,3989.2540808705667,4008.990478515625,1091582,0.0,0.0
2024-02-16 00:00:00+05:30,4018.80965530001,4052.713133076141,4005.9616751127337,4033.513916015625,1307556,0.0,0.0
2024-02-19 00:00:00+05:30,4028.384925906397,4033.5143863453573,3961.897539044773,4009.576904296875,772291,0.0,0.0
2024-02-20 00:00:00+05:30,3988.374853005758,4003.909692709828,3917.9301775906324,3938.10595703125,1193648,0.0,0.0
2024-02-21 00:00:00+05:30,3920.861830413065,3970.055893721802,3889.2058273209345,3899.85546875,1885939,0.0,0.0
2024-02-22 00:00:00+05:30,3879.8258152167746,4000.929874736165,3879.8258152167746,3993.26025390625,2982052,0.0,0.0
2024-02-23 00:00:00+05:30,4035.1752870720366,4035.1752870720366,3953.4946458954487,3959.06396484375,2538072,0.0,0.0
2024-02-26 00:00:00+05:30,3943.3330437365044,3957.0116023619535,3891.3056689647083,3909.185546875,1379284,0.0,0.0
2024-02-27 00:00:00+05:30,3907.1829222070305,4029.312921025705,3907.1829222070305,4010.162841796875,2960475,0.0,0.0
2024-02-28 00:00:00+05:30,4001.564927927652,4059.5032063270137,3995.116368822172,4024.37890625,1939225,0.0,0.0
2024-02-29 00:00:00+05:30,4004.886776426906,4043.0891340898766,3971.227797676773,4001.076416015625,3772719,0.0,0.0
2024-03-01 00:00:00+05:30,4012.899054103066,4044.945776674674,3992.9672941113954,4000.343994140625,2043265,0.0,0.0
2024-03-04 00:00:00+05:30,4010.749199783877,4023.352920369135,3982.3172403713465,3987.007080078125,1749271,0.0,0.0
2024-03-05 00:00:00+05:30,3968.7363770556863,3970.6904570049996,3888.6190991338335,3919.982177734375,2070859,0.0,0.0
2024-03-06 00:00:00+05:30,3902.346583911271,3978.5068027249704,3867.5638651727977,3970.983642578125,1744204,0.0,0.0
2024-03-07 00:00:00+05:30,3971.667562550115,4029.3129220065616,3944.9943230945923,4014.2666015625,2688905,0.0,0.0
2024-03-11 00:00:00+05:30,3995.116548414802,4057.6471082334733,3995.116548414802,4027.700927734375,2304068,0.0,0.0
2024-03-12 00:00:00+05:30,4027.700370390731,4132.829954952352,4026.429932328028,4095.995361328125,4039801,0.0,0.0
2024-03-13 00:00:00+05:30,4108.453254396297,4143.626694861996,4037.031534036604,4053.739013671875,2837260,0.0,0.0
2024-03-14 00:00:00+05:30,4058.0865490793394,4127.993562848106,3992.1850172301447,4110.9931640625,2919608,0.0,0.0
2024-03-15 00:00:00+05:30,4096.337956250925,4141.672516359173,4081.0960369974673,4122.3759765625,3373143,0.0,0.0
2024-03-18 00:00:00+05:30,4118.467952787524,4157.061033657012,4023.304350057587,4057.15869140625,1526904,0.0,0.0
2024-03-19 00:00:00+05:30,3958.2330120684273,3964.8280315886896,3875.5266774987513,3885.98095703125,8931209,0.0,0.0
2024-03-20 00:00:00+05:30,3894.481181638441,3925.7464595642887,3869.2735036036975,3879.727783203125,1817913,0.0,0.0
2024-03-21 00:00:00+05:30,3898.4381909815875,3916.366730440695,3857.353614528129,3881.730712890625,3829582,0.0,0.0
2024-03-22 00:00:00+05:30,3807.524708774792,3847.5833469733466,3766.4890306201755,3821.10546875,5852485,0.0,0.0
2024-03-26 00:00:00+05:30,3786.030056213733,3856.0837775468362,3782.561516455202,3788.47265625,3440925,0.0,0.0
2024-03-27 00:00:00+05:30,3799.2200906591943,3805.570850743876,3741.4769304751785,3752.712890625,1968575,0.0,0.0
2024-03-28 00:00:00+05:30,3761.7016495549483,3825.111447614759,3752.321970514555,3787.300048828125,4311783,0.0,0.0
2024-04-01 00:00:00+05:30,3808.208629992315,3842.991348216261,3798.780289728975,3826.8212890625,1569676,0.0,0.0
2024-04-02 00:00:00+05:30,3800.6855298686924,3820.079868924885,3784.075850175179,3794.6279296875,2142666,0.0,0.0
2024-04-03 00:00:00+05:30,3762.58092504265,3889.5961211619815,3762.58092504265,3856.669921875,3973090,0.0,0.0
2024-04-04 00:00:00+05:30,3884.6129957692,3936.1518525211095,3844.8964176862874,3911.384033203125,3394637,0.0,0.0
2024-04-05 00:00:00+05:30,3886.664930528287,3910.11388938517,3869.5667313618105,3887.88623046875,1636819,0.0,0.0
2024-04-08 00:00:00+05:30,3891.550352409249,3940.0602933991827,3869.0784322221007,3881.34033203125,2302538,0.0,0.0
2024-04-09 00:00:00+05:30,3892.5271096584866,3923.6459270711935,3834.93065306974,3855.93701171875,1876992,0.0,0.0
2024-04-10 00:00:00+05:30,3865.5612158336967,3898.5852177213433,3828.0429727703836,3893.16259765625,2101965,0.0,0.0
2024-04-12 00:00:00+05:30,3879.82591090252,3921.2036510727467,3854.9113904472156,3909.52783203125,4354821,0.0,0.0
2024-04-15 00:00:00+05:30,3909.527472759576,3970.8856279493107,3829.068377804211,3850.709716796875,4200329,0.0,0.0
2024-04-16 00:00:00+05:30,3812.4098899646215,3838.496808957248,3774.1588712853645,3783.88037109375,3051420,0.0,0.0
2024-04-18 00:00:00+05:30,3787.7888534990448,3845.6295758350593,3761.6041328671186,3773.32861328125,3476284,0.0,0.0
2024-04-19 00:00:00+05:30,3749.8792164299457,3764.095194986128,3713.630939950349,3738.35009765625,2957749,0.0,0.0
2024-04-22 00:00:00+05:30,3748.902254551372,3788.9608921423564,3724.4762560202844,3775.86865234375,1728883,0.0,0.0
2024-04-23 00:00:00+05:30,3788.0329558058247,3805.5707759881357,3771.9606956142666,3785.73681640625,1807586,0.0,0.0
2024-04-24 00:00:00+05:30,3800.685571184416,3808.501891125155,3736.6405519629534,3743.089111328125,1317312,0.0,0.0
2024-04-25 00:00:00+05:30,3723.6950197485235,3784.7111236374694,3723.499659444041,3763.753662109375,2856271,0.0,0.0
2024-04-26 00:00:00+05:30,3766.6355768439216,3787.788635494728,3715.2434171075956,3733.61181640625,2039178,0.0,0.0
2024-04-29 00:00:00+05:30,3749.87920609066,3788.765442542452,3731.510807921281,3781.33984375,1110693,0.0,0.0
2024-04-30 00:00:00+05:30,3783.098833167981,3792.624973050054,3722.5223539178737,3732.927734375,2203078,0.0,0.0
2024-05-02 00:00:00+05:30,3691.3059738473044,3782.219592424851,3691.3059738473044,3774.5986328125,2491044,0.0,0.0
2024-05-03 00:00:00+05:30,3800.8321385146355,3804.203117411876,3710.407275488774,3755.155517578125,2962234,0.0,0.0
2024-05-06 00:00:00+05:30,3764.5350859720807,3849.4886654971474,3764.5350859720807,3831.022705078125,2053831,0.0,0.0
2024-05-07 00:00:00+05:30,3840.5488811155587,3896.4355214290244,3823.6460414023286,3887.59326171875,2062112,0.0,0.0
2024-05-08 00:00:00+05:30,3870.055176782567,3892.820254941257,3848.169577685154,3885.638916015625,1247685,0.0,0.0
2024-05-09 00:00:00+05:30,3871.0324013119057,3879.8257611331596,3820.2752220506995,3869.273681640625,1726486,0.0,0.0
2024-05-10 00:00:00+05:30,3871.618686479537,3882.366126166036,3795.8491889826905,3804.495849609375,1672489,0.0,0.0
2024-05-13 00:00:00+05:30,3795.3117693615086,3864.193087353525,3781.144689774498,3857.158447265625,931326,0.0,0.0
2024-05-14 00:00:00+05:30,3845.6294578334555,3855.2044975848894,3803.5189382241124,3811.62841796875,1058317,0.0,0.0
2024-05-15 00:00:00+05:30,3814.8526675402813,3836.78716776161,3786.518507632824,3791.305908203125,1115021,0.0,0.0
2024-05-16 00:00:00+05:30,3829.392289903493,3847.500393627829,3782.547068143896,3839.0859375,2599399,28.0,0.0
2024-05-17 00:00:00+05:30,3856.8496403636314,3857.8337816344565,3769.2610672601963,3773.296142578125,2765804,0.0,0.0
2024-05-21 00:00:00+05:30,3769.8516685113605,3783.777171461276,3749.6275172327923,3759.616455078125,1908117,0.0,0.0
2024-05-22 00:00:00+05:30,3774.1819161114463,3780.3327992863346,3757.008698340933,3771.2294921875,1311168,0.0,0.0
2024-05-23 00:00:00+05:30,3780.0374165764197,3843.071713867899,3764.832481792995,3831.704833984375,2095742,0.0,0.0
2024-05-24 00:00:00+05:30,3816.745720483433,3822.2077523568864,3783.3341738204085,3788.45166015625,1309452,0.0,0.0
2024-05-27 00:00:00+05:30,3793.8648912769695,3846.3689282274872,3780.4314580029586,3786.041015625,1841538,0.0,0.0
2024-05-28 00:00:00+05:30,3796.8172043516656,3808.6269001661344,3769.261247451239,3779.004150390625,1801993,0.0,0.0
2024-05-29 00:00:00+05:30,3787.861250030871,3787.861250030871,3739.7368378825076,3743.328857421875,1568095,0.0,0.0
2024-05-30 00:00:00+05:30,3717.1013773318364,3734.2253384034257,3656.527437359937,3676.85009765625,2919230,0.0,0.0
2024-05-31 00:00:00+05:30,3680.6881534184377,3690.3327854036256,3595.8059734097906,3612.733154296875,10956800,0.0,0.0
2024-06-03 00:00:00+05:30,3673.6026692399196,3692.05531849711,3637.3862215773665,3644.127685546875,2156773,0.0,0.0
2024-06-04 00:00:00+05:30,3641.3228413105653,3685.6092001913694,3534.5435093424044,3656.0849609375,3395997,0.0,0.0
2024-06-05 00:00:00+05:30,3657.0690782204692,3723.7939065496334,3641.3228173885186,3687.0361328125,2799670,0.0,0.0
2024-06-06 00:00:00+05:30,3721.038059461858,3779.003882873569,3682.1644801577736,3769.654541015625,4328036,0.0,0.0
2024-06-07 00:00:00+05:30,3776.445271566635,3852.912998736835,3776.445271566635,3832.19677734375,4552445,0.0,0.0
2024-06-10 00:00:00+05:30,3833.2304818624966,3843.9575262561775,3780.972481111325,3797.506103515625,1734661,0.0,0.0
2024-06-11 00:00:00+05:30,3784.023242952524,3818.418932828839,3780.086677810311,3791.0107421875,1419898,0.0,0.0
2024-06-12 00:00:00+05:30,3812.9565576573173,3831.7537506280887,3766.751176510627,3770.884521484375,2177001,0.0,0.0
2024-06-13 00:00:00+05:30,3795.6361884844796,3828.309631371978,3790.912262222329,3816.6474609375,1932323,0.0,0.0
2024-06-14 00:00:00+05:30,3827.325608940374,3827.325608940374,3767.292988177874,3771.27880859375,1860730,0.0,0.0
2024-06-18 00:00:00+05:30,3765.3737108381824,3781.0707158604055,3734.8653318190068,3754.597412109375,1774045,0.0,0.0
2024-06-19 00:00:00+05:30,3766.948330653763,3773.0501988961664,3732.7986757805147,3741.409912109375,1509050,0.0,0.0
2024-06-20 00:00:00+05:30,3735.800445522394,3749.529168863518,3720.103439544009,3727.189208984375,2846526,0.0,0.0
2024-06-21 00:00:00+05:30,3766.308702150167,3816.303127541079,3737.817859969489,3750.31640625,4642195,0.0,0.0
2024-06-24 00:00:00+05:30,3748.3481224077887,3795.8329394491216,3731.1749050238163,3756.2705078125,1702154,0.0,0.0
2024-06-25 00:00:00+05:30,3756.467122698594,3786.6309556742867,3732.74922264632,3777.576904296875,1338808,0.0,0.0
2024-06-26 00:00:00+05:30,3783.5313158931467,3805.6252405385003,3780.086821262993,3794.701416015625,1639845,0.0,0.0
2024-06-27 00:00:00+05:30,3770.2454392930294,3879.4851270407526,3757.5501122299,3871.759521484375,4526556,0.0,0.0
2024-06-28 00:00:00+05:30,3855.668780143363,3897.199494378165,3836.0352095322773,3842.235107421875,2731571,0.0,0.0
2024-07-01 00:00:00+05:30,3822.405016549239,3938.238405788934,3822.405016549239,3915.111083984375,2658723,0.0,0.0
2024-07-02 00:00:00+05:30,3930.266595289873,3959.593812348531,3919.3917864147957,3953.68896484375,2307449,0.0,0.0
2024-07-03 00:00:00+05:30,3956.2479460232644,3962.2513039394535,3892.2787628164206,3902.3662109375,1821198,0.0,0.0
2024-07-04 00:00:00+05:30,3936.417624326299,3983.1643354755647,3918.9491164757837,3957.182861328125,2518001,0.0,0.0
2024-07-05 00:00:00+05:30,3946.406476183266,3962.8908423867747,3924.7553683338815,3948.177978515625,1668616,0.0,0.0
2024-07-08 00:00:00+05:30,3958.216610672428,3967.3199183921492,3914.96364529034,3929.873291015625,1758882,0.0,0.0
2024-07-09 00:00:00+05:30,3921.802851253764,3943.404703472268,3912.059949060827,3922.294921875,1305801,0.0,0.0
2024-07-10 00:00:00+05:30,3920.5235416837954,3939.81280674454,3840.1192477234713,3847.15576171875,2669716,0.0,0.0
2024-07-11 00:00:00+05:30,3868.659377064022,3916.882299851134,3833.820871811084,3861.47509765625,4872189,0.0,0.0
2024-07-12 00:00:00+05:30,3916.8823361221557,4133.3444051789775,3908.320354948728,4117.59814453125,13509164,0.0,0.0
2024-07-15 00:00:00+05:30,4168.527426600624,4172.759041904442,4091.1243302256744,4103.08203125,4848030,0.0,0.0
2024-07-16 00:00:00+05:30,4105.83666800429,4128.0288575877685,4079.1663480945276,4112.1845703125,2029521,0.0,0.0
2024-07-18 00:00:00+05:30,4094.0283219091207,4256.411656792536,4094.0283219091207,4247.111328125,5613364,0.0,0.0
2024-07-19 00:00:00+05:30,4258.799822932141,4299.588675611983,4227.086291291368,4244.00341796875,3903354,10.0,0.0
2024-07-22 00:00:00+05:30,4241.587280561955,4261.315822000346,4207.111461736829,4229.158203125,1896386,0.0,0.0
2024-07-23 00:00:00+05:30,4224.866643673237,4302.498637608878,4208.393120881127,4243.9541015625,2365208,0.0,0.0
2024-07-24 00:00:00+05:30,4229.305763277848,4280.205492817971,4210.16917580509,4247.80126953125,1809793,0.0,0.0
2024-07-25 00:00:00+05:30,4236.703824803897,4284.052319237096,4216.186336544361,4263.83056640625,2810342,0.0,0.0
2024-07-26 00:00:00+05:30,4290.957585849686,4362.424416923816,4278.183163133731,4328.2939453125,3552210,0.0,0.0
2024-07-29 00:00:00+05:30,4355.07503154363,4370.857862915022,4311.672245272301,4321.63525390625,1746803,0.0,0.0
2024-07-30 00:00:00+05:30,4331.4996158736985,4338.305865716982,4268.565285446051,4306.09912109375,1797906,0.0,0.0
2024-07-31 00:00:00+05:30,4290.957346776827,4354.088673258141,4286.025211895475,4325.82763671875,2330091,0.0,0.0
2024-08-01 00:00:00+05:30,4339.686558037175,4359.316357697218,4305.802696516272,4337.41796875,2202244,0.0,0.0
2024-08-02 00:00:00+05:30,4305.753901815455,4338.305993169386,4212.043335796562,4224.916015625,2811282,0.0,0.0
2024-08-05 00:00:00+05:30,4181.464557904526,4181.464557904526,4054.7086730989754,4098.65380859375,2787771,0.0,0.0
2024-08-06 00:00:00+05:30,4114.3378659075925,4200.452749877146,4104.325246589068,4114.58447265625,2203067,0.0,0.0
2024-08-07 00:00:00+05:30,4170.613371288095,4187.333501660908,4123.560610554091,4143.4375,1237666,0.0,0.0
2024-08-08 00:00:00+05:30,4124.251516901175,4174.559296705519,4103.536548746446,4115.916015625,2441283,0.0,0.0
2024-08-09 00:00:00+05:30,4159.7629974320125,4195.91545359256,4148.468214701563,4171.353515625,1302536,0.0,0.0
2024-08-12 00:00:00+05:30,4172.586502877853,4181.464346500997,4129.529057636371,4138.70263671875,936912,0.0,0.0
2024-08-13 00:00:00+05:30,4155.817313632458,4176.532282440025,4126.224501050218,4139.9853515625,1495593,0.0,0.0
2024-08-14 00:00:00+05:30,4151.871831074297,4247.752741716466,4131.3047288803955,4236.951171875,3226545,0.0,0.0
2024-08-16 00:00:00+05:30,4290.957527971367,4366.91240835155,4266.395591555812,4356.11083984375,3457058,0.0,0.0
2024-08-19 00:00:00+05:30,4360.993667459807,4433.24944356056,4330.75977693066,4429.05712890625,2055210,0.0,0.0
2024-08-20 00:00:00+05:30,4443.853851121115,4503.039473999533,4438.921715881248,4461.9052734375,2212298,0.0,0.0
2024-08-21 00:00:00+05:30,4456.677350530045,4498.1072860595405,4431.572589791713,4489.72265625,1896990,0.0,0.0
2024-08-22 00:00:00+05:30,4498.107299533541,4499.044597882475,4436.159874122549,4440.89453125,1829872,0.0,0.0
2024-08-23 00:00:00+05:30,4438.921635555723,4444.840197736464,4394.532419200165,4403.3115234375,1809253,0.0,0.0
2024-08-26 00:00:00+05:30,4428.070743273682,4490.363511152708,4424.125035326902,4441.33837890625,1844164,0.0,0.0
2024-08-27 00:00:00+05:30,4443.853900305565,4448.786035600021,4425.900735172207,4436.1103515625,930697,0.0,0.0
2024-08-28 00:00:00+05:30,4437.688435767235,4500.573156585277,4396.800844236572,4444.88916015625,1848058,0.0,0.0
2024-08-29 00:00:00+05:30,4399.4647931649715,4494.161793197222,4399.4647931649715,4450.5615234375,2133641,0.0,0.0
2024-08-30 00:00:00+05:30,4438.921443950728,4529.9193335517175,4426.886842041163,4491.94189453125,3637222,0.0,0.0
2024-09-02 00:00:00+05:30,4513.890396809196,4525.727521975654,4450.759062588088,4459.68603515625,1216500,0.0,0.0
2024-09-03 00:00:00+05:30,4459.685629879758,4494.06270742408,4434.8770869703185,4451.10400390625,1717263,0.0,0.0
2024-09-04 00:00:00+05:30,4416.185023599646,4426.098423350554,4376.4813325945515,4418.45361328125,1265505,0.0,0.0
2024-09-05 00:00:00+05:30,4420.179994842227,4437.935683283905,4393.694329919282,4415.19873046875,1688793,0.0,0.0
2024-09-06 00:00:00+05:30,4413.225527115155,4457.614744708202,4379.73613584731,4396.2587890625,1649179,0.0,0.0
2024-09-09 00:00:00+05:30,4394.532470037897,4429.304023252001,4370.365007520292,4389.15625,1184938,0.0,0.0
2024-09-10 00:00:00+05:30,4382.152809727,4478.329442027619,4380.179955731091,4446.6650390625,1385591,0.0,0.0
2024-09-11 00:00:00+05:30,4460.080429706317,4487.601645922096,4410.561603000488,4418.5517578125,1325919,0.0,0.0
2024-09-12 00:00:00+05:30,4449.032761490448,4471.079503177753,4371.154150444191,4456.3818359375,2742216,0.0,0.0
2024-09-13 00:00:00+05:30,4468.514307214688,4485.283566204235,4443.85363223006,4461.21484375,1458786,0.0,0.0
2024-09-16 00:00:00+05:30,4465.555560363929,4484.346804288406,4433.447550354866,4451.9921875,1155120,0.0,0.0
2024-09-17 00:00:00+05:30,4451.992059394612,4474.235797589848,4405.383379439724,4444.4951171875,1699364,0.0,0.0
2024-09-18 00:00:00+05:30,4436.011913194985,4436.011913194985,4262.351610368148,4287.16015625,2961779,0.0,0.0
2024-09-19 00:00:00+05:30,4330.46378048053,4362.1777947455175,4223.683054727378,4237.83837890625,2927551,0.0,0.0
2024-09-20 00:00:00+05:30,4258.306876841625,4271.919859255081,4170.120394052744,4226.7412109375,5447908,0.0,0.0
2024-09-23 00:00:00+05:30,4241.636417670874,4250.908735834548,4195.274345198657,4210.56396484375,1702319,0.0,0.0
2024-09-24 00:00:00+05:30,4193.942488311093,4232.758489221414,4182.450709461383,4213.32568359375,3012026,0.0,0.0
2024-09-25 00:00:00+05:30,4194.633134464164,4231.377541831965,4182.450664147026,4216.72900390625,2713073,0.0,0.0
2024-09-26 00:00:00+05:30,4202.179400844496,4258.208266860882,4202.179400844496,4234.23828125,3964251,0.0,0.0
2024-09-27 00:00:00+05:30,4276.1610994877965,4318.577461028275,4241.685282736974,4250.21826171875,3012477,0.0,0.0
2024-09-30 00:00:00+05:30,4228.7141266723165,4240.403383828528,4202.2284634079515,4210.56396484375,2503416,0.0,0.0
2024-10-01 00:00:00+05:30,4197.789670443426,4237.444232692173,4185.361074254107,4229.70068359375,1823365,0.0,0.0
2024-10-03 00:00:00+05:30,4204.743770009958,4220.921076261739,4152.857614176658,4175.298828125,3350119,0.0,0.0
2024-10-04 00:00:00+05:30,4167.654529288722,4239.663708137971,4166.71723087503,4194.53466796875,2965463,0.0,0.0
2024-10-07 00:00:00+05:30,4215.890047824113,4238.9232134513,4171.994048522563,4214.8544921875,1472619,0.0,0.0
2024-10-08 00:00:00+05:30,4214.608456504791,4221.315968016163,4146.8903335016785,4195.52099609375,1541867,0.0,0.0
2024-10-09 00:00:00+05:30,4202.178726577897,4236.703669167152,4189.05944105549,4195.224609375,1082504,0.0,0.0
2024-10-10 00:00:00+05:30,4195.520719150492,4235.569752458276,4141.612578885341,4170.021484375,2378875,0.0,0.0
2024-10-11 00:00:00+05:30,4086.76701664548,4184.374159897653,4056.6318647840667,4092.883056640625,5759183,0.0,0.0
2024-10-14 00:00:00+05:30,4083.808044963921,4108.863196058777,4066.2498358862404,4080.50341796875,2137590,0.0,0.0
2024-10-15 00:00:00+05:30,4074.978947623988,4113.351342135271,4039.418447965807,4060.92236328125,2759474,0.0,0.0
2024-10-16 00:00:00+05:30,4029.554483821089,4059.1472952077797,4011.996034232936,4039.369384765625,2359151,0.0,0.0
2024-10-17 00:00:00+05:30,4056.976745538161,4073.894353796949,4037.3963142165476,4053.228515625,2522659,0.0,0.0
2024-10-18 00:00:00+05:30,4044.3290116089447,4099.851916021619,4034.440676617236,4077.009765625,2361000,10.0,0.0
2024-10-21 00:00:00+05:30,4086.4534479677714,4093.7214708106585,4024.552373858137,4034.29248046875,1595450,0.0,0.0
2024-10-22 00:00:00+05:30,4020.5969800373164,4044.1312654389644,3961.6131587823234,3970.660888671875,1928049,0.0,0.0
2024-10-23 00:00:00+05:30,3954.9388219010452,4067.6161169001703,3950.538319406618,4020.844482421875,1966476,0.0,0.0
2024-10-24 00:00:00+05:30,3959.289522597981,4033.452038630661,3959.289522597981,4002.69921875,2676744,0.0,0.0
2024-10-25 00:00:00+05:30,4011.7472824338756,4046.306967413721,3987.6690884447044,4012.24169921875,1759676,0.0,0.0
2024-10-28 00:00:00+05:30,4023.5140789268585,4087.8377473021505,4005.7645656315945,4045.169677734375,1532534,0.0,0.0
2024-10-29 00:00:00+05:30,4050.113964037839,4057.678444076715,4014.763164872312,4029.743896484375,1445885,0.0,0.0
2024-10-30 00:00:00+05:30,4029.4966712741575,4061.139344520973,4014.7136581495483,4039.038818359375,1935002,0.0,0.0
2024-10-31 00:00:00+05:30,4024.552570442241,4032.759937234877,3915.7808793492077,3924.136474609375,3740372,0.0,0.0
2024-11-01 00:00:00+05:30,3945.297258950291,3954.2954985465944,3931.6513089816535,3939.710205078125,154895,0.0,0.0
2024-11-04 00:00:00+05:30,3922.0104142471764,3947.3244073529545,3869.552748054801,3919.88427734375,2269192,0.0,0.0
2024-11-05 00:00:00+05:30,3897.0919359979875,3941.4904650926896,3897.0919359979875,3927.004150390625,967590,0.0,0.0
2024-11-06 00:00:00+05:30,3958.893717952785,4103.460879411139,3930.860192931048,4093.42431640625,3792017,0.0,0.0
2024-11-07 00:00:00+05:30,4123.139187393775,4158.835690041854,4039.434287799142,4104.548828125,3724349,0.0,0.0
2024-11-08 00:00:00+05:30,4108.6035397623655,4123.188835120126,4071.6705088499857,4100.69287109375,1648039,0.0,0.0
2024-11-11 00:00:00+05:30,4082.102667599903,4187.017516194887,4071.670184427067,4151.8154296875,1406487,0.0,0.0
2024-11-12 00:00:00+05:30,4168.921695036513,4170.899361874765,4117.848545504403,4150.529296875,1587640,0.0,0.0
2024-11-13 00:00:00+05:30,4131.4450102278615,4149.886656952062,4084.9201081020024,4104.0048828125,1098813,0.0,0.0
2024-11-14 00:00:00+05:30,4088.826791176288,4113.547630300692,4070.4841216775367,4099.60498046875,1825432,0.0,0.0
2024-11-18 00:00:00+05:30,4165.955747044194,4165.955747044194,3945.6435837740178,3974.616455078125,3313944,0.0,0.0
2024-11-19 00:00:00+05:30,3975.0116598366994,4086.00821936708,3969.2766187118827,3994.4423828125,1776233,0.0,0.0
2024-11-21 00:00:00+05:30,3999.7325160916207,4046.7515971644048,3979.065992566774,4027.37060546875,2384347,0.0,0.0
2024-11-22 00:00:00+05:30,4025.5415183422965,4207.4376491547855,4008.7313474231564,4197.203125,3096553,0.0,0.0
2024-11-25 00:00:00+05:30,4232.207374969235,4279.77036282847,4204.717996833455,4266.91552734375,4052167,0.0,0.0
2024-11-26 00:00:00+05:30,4272.798737062877,4317.840392000199,4261.872320185588,4304.095703125,2060669,0.0,0.0
2024-11-27 00:00:00+05:30,4310.276000958651,4328.519689433695,4275.765325361396,4284.17041015625,1558993,0.0,0.0
2024-11-28 00:00:00+05:30,4270.7716787896325,4291.487932738633,4185.732001925564,4197.4990234375,2558544,0.0,0.0
2024-11-29 00:00:00+05:30,4172.877387714522,4250.69877762643,4148.799195321535,4223.15966796875,2017425,0.0,0.0
2024-12-02 00:00:00+05:30,4222.319372811503,4240.31633704029,4182.81527828795,4228.89501953125,1670944,0.0,0.0
2024-12-03 00:00:00+05:30,4266.174179178051,4276.705160058429,4217.820314512186,4254.70361328125,2010905,0.0,0.0
2024-12-04 00:00:00+05:30,4265.382907054126,4337.963678279428,4241.156484280645,4305.77685546875,3302642,0.0,0.0
2024-12-05 00:00:00+05:30,4351.657945990761,4438.873247255035,4311.313735360202,4414.20166015625,3746747,0.0,0.0
2024-12-06 00:00:00+05:30,4403.2756263356205,4415.141628472613,4363.475077501124,4395.859375,1842087,0.0,0.0
2024-12-09 00:00:00+05:30,4380.977660911499,4419.49243681023,4366.243655203445,4402.43505859375,2066639,0.0,0.0
2024-12-10 00:00:00+05:30,4376.725760717574,4443.62025747674,4362.832841709957,4383.05419921875,2087828,0.0,0.0
2024-12-11 00:00:00+05:30,4382.362001459759,4398.974211726839,4357.78939153351,4378.01123046875,1635256,0.0,0.0
2024-12-12 00:00:00+05:30,4380.581274995901,4434.917864256952,4376.5766927985,4405.20361328125,1914642,0.0,0.0
2024-12-13 00:00:00+05:30,4385.427605214681,4444.707887644289,4345.330114520725,4423.9423828125,1967048,0.0,0.0
2024-12-16 00:00:00+05:30,4409.208664249149,4425.030000564014,4347.900986029043,4365.89794921875,1646224,0.0,0.0
2024-12-17 00:00:00+05:30,4360.7559498455,4383.449872920127,4269.783263363463,4280.166015625,3225027,0.0,0.0
2024-12-18 00:00:00+05:30,4263.553570434912,4313.291702065844,4241.700253645469,4299.2998046875,1575404,0.0,0.0
2024-12-19 00:00:00+05:30,4234.185068873616,4315.269416292494,4214.40839877145,4224.19775390625,3015763,0.0,0.0
2024-12-20 00:00:00+05:30,4280.6599948669755,4333.068167592305,4106.130891357154,4123.73193359375,4116989,0.0,0.0
2024-12-23 00:00:00+05:30,4153.150010175141,4169.910931380412,4068.9509329664197,4111.8662109375,2195338,0.0,0.0
2024-12-24 00:00:00+05:30,4111.866126630934,4170.899679378141,4111.866126630934,4132.82958984375,1181886,0.0,0.0
2024-12-26 00:00:00+05:30,4132.82967041397,4153.051508900216,4096.885475626031,4122.5458984375,1208464,0.0,0.0
2024-12-27 00:00:00+05:30,4116.5138231945575,4134.263577490246,4100.9396957106965,4118.34326171875,858100,0.0,0.0
2024-12-30 00:00:00+05:30,4104.648131162954,4152.408599254037,4066.083622101197,4112.36083984375,1527169,0.0,0.0
2024-12-31 00:00:00+05:30,4088.826497628441,4093.721416555209,3987.026137705559,4049.075439453125,1555429,0.0,0.0
2025-01-01 00:00:00+05:30,4048.6798298866042,4087.83773347844,4039.829818248196,4066.528564453125,763161,0.0,0.0
2025-01-02 00:00:00+05:30,4073.994113145842,4136.29062507016,4051.2016935812703,4129.12158203125,1720835,0.0,0.0
2025-01-03 00:00:00+05:30,4133.274820319709,4133.274820319709,4046.6034183811225,4054.118408203125,1791953,0.0,0.0
2025-01-06 00:00:00+05:30,4059.6559451372195,4103.312847713527,4020.99245861776,4049.273193359375,2085593,0.0,0.0
2025-01-07 00:00:00+05:30,4069.000684555231,4094.116959386962,3966.7551537812965,3983.318115234375,2669054,0.0,0.0
2025-01-08 00:00:00+05:30,3989.844415333019,4079.9272487780195,3972.886016427021,4062.523681640625,2181277,0.0,0.0
2025-01-09 00:00:00+05:30,4055.2061490781975,4091.545779894736,3980.351502046472,3993.750244140625,2392472,0.0,0.0
2025-01-10 00:00:00+05:30,4153.100754562903,4249.017605323046,4123.435749173168,4218.017578125,7894300,0.0,0.0
2025-01-13 00:00:00+05:30,4197.598272132331,4274.678037775706,4180.194705698588,4243.18359375,4003771,0.0,0.0
2025-01-14 00:00:00+05:30,4253.9615096329735,4265.728531143597,4171.937581674834,4185.78125,3441709,0.0,0.0
2025-01-15 00:00:00+05:30,4170.899737234007,4208.920578752618,4160.4677368549255,4202.14697265625,1653474,0.0,0.0
2025-01-16 00:00:00+05:30,4212.430629187851,4246.050967542871,4145.041724021425,4159.330078125,2637705,0.0,0.0
2025-01-17 00:00:00+05:30,4123.251059336668,4123.945085907447,4063.9282428372853,4087.964599609375,1761466,10.0,0.0
2025-01-20 00:00:00+05:30,4109.275187749958,4109.275187749958,4032.260017399004,4041.87451171875,1287799,0.0,0.0
2025-01-21 00:00:00+05:30,4059.22038554109,4074.782019875334,3994.4956312570166,4000.294189453125,1971591,0.0,0.0
2025-01-22 00:00:00+05:30,4014.319517493651,4126.472569686494,4008.570567070649,4119.98046875,2409223,0.0,0.0
2025-01-23 00:00:00+05:30,4131.2798514749675,4154.424234386973,4103.575897842693,4108.9287109375,1822998,0.0,0.0
2025-01-24 00:00:00+05:30,4067.8434484989616,4141.191502882228,4067.8434484989616,4115.767578125,1910099,0.0,0.0
2025-01-27 00:00:00+05:30,4065.861139494707,4119.732409603993,4005.4481609662266,4029.335693359375,1551782,0.0,0.0
2025-01-28 00:00:00+05:30,4034.9361276903833,4065.8612059687466,3992.810554493486,4004.704833984375,2468272,0.0,0.0
2025-01-29 00:00:00+05:30,4018.2841131724467,4071.6597895180053,4018.2841131724467,4063.680419921875,1217089,0.0,0.0
2025-01-30 00:00:00+05:30,4063.7796409573857,4093.5153399092133,4022.7444731997584,4063.92822265625,1531251,0.0,0.0
2025-01-31 00:00:00+05:30,4073.7906745213095,4092.0783226009103,4049.258723379119,4076.16943359375,1492943,0.0,0.0
2025-02-01 00:00:00+05:30,4076.764398462157,4099.462552267958,4020.2665694535635,4037.265380859375,437172,0.0,0.0
2025-02-03 00:00:00+05:30,3995.387510672127,4041.0814645977634,3963.4712423764154,4032.804931640625,1265713,0.0,0.0
2025-02-04 00:00:00+05:30,4047.7223151411663,4082.562786773872,4030.2279094720234,4070.866455078125,2547132,0.0,0.0
2025-02-05 00:00:00+05:30,4113.438365339778,4113.438365339778,4040.090307740948,4055.057373046875,1693912,0.0,0.0
2025-02-06 00:00:00+05:30,4069.2311172534987,4103.030791288902,4015.8556837274673,4046.78076171875,2284536,0.0,0.0
2025-02-07 00:00:00+05:30,4053.9668417349,4053.9668417349,3972.689266912831,3993.900634765625,1548940,0.0,0.0
2025-02-10 00:00:00+05:30,4004.4074551323297,4016.3017347020295,3978.9835293479905,4001.38427734375,1339511,0.0,0.0
2025-02-11 00:00:00+05:30,3982.9977288616255,4004.407529279412,3920.156380767345,3928.631103515625,1810908,0.0,0.0
2025-02-12 00:00:00+05:30,3936.114499958995,3986.3181740377236,3905.4369774714623,3915.348876953125,1678002,0.0,0.0
2025-02-13 00:00:00+05:30,3933.0418533396723,3949.346880165372,3867.871111944238,3875.701416015625,2277310,0.0,0.0
2025-02-14 00:00:00+05:30,3890.4205201714994,3913.2178888247336,3865.640771635375,3900.183837890625,1681975,0.0,0.0
2025-02-17 00:00:00+05:30,3822.523957670536,3899.3411770973394,3822.2265522941643,3870.10107421875,1799806,0.0,0.0
2025-02-18 00:00:00+05:30,3864.054842888474,3889.825781845942,3830.4536000436697,3839.076904296875,2149879,0.0,0.0
2025-02-19 00:00:00+05:30,3838.085651740005,3840.8114240852815,3734.9522896962358,3750.761962890625,4366672,0.0,0.0
2025-02-20 00:00:00+05:30,3728.3610678378145,3754.6276020123996,3718.2509785534694,3746.103271484375,2888572,0.0,0.0
2025-02-21 00:00:00+05:30,3742.8325796673616,3783.3721530468956,3741.742173893642,3752.645263671875,1833931,0.0,0.0
2025-02-24 00:00:00+05:30,3710.1727076920765,3730.046115354277,3637.6672568480726,3643.218017578125,2508516,0.0,0.0
2025-02-25 00:00:00+05:30,3593.0635237142064,3625.7727916542253,3589.3465614482952,3597.573486328125,4101954,0.0,0.0
2025-02-27 00:00:00+05:30,3579.8807803981495,3605.9491251101153,3568.9776906850625,3580.723388671875,3823856,0.0,0.0
2025-02-28 00:00:00+05:30,3553.3664726312627,3568.2839302375655,3426.5437630086844,3452.5625,7085018,0.0,0.0
2025-03-03 00:00:00+05:30,3454.2969955057943,3492.210011310126,3445.524867602231,3462.276123046875,4990439,0.0,0.0
2025-03-04 00:00:00+05:30,3443.393990451693,3519.715618910179,3433.779496043832,3500.9326171875,2797737,0.0,0.0
2025-03-05 00:00:00+05:30,3489.831165175846,3568.63076468625,3489.831165175846,3515.80029296875,2501894,0.0,0.0
2025-03-06 00:00:00+05:30,3525.662703832945,3577.6505690745926,3504.946930370165,3569.869873046875,2786513,0.0,0.0
2025-03-07 00:00:00+05:30,3568.2837310004584,3593.063479132406,3542.9091721174527,3579.385009765625,2051315,0.0,0.0
2025-03-10 00:00:00+05:30,3574.7265497742465,3590.1892097689415,3551.037206797617,3558.02490234375,1004626,0.0,0.0
2025-03-11 00:00:00+05:30,3526.6538789597053,3557.132970240765,3506.4830664704914,3543.801513671875,1995450,0.0,0.0
2025-03-12 00:00:00+05:30,3533.592074446807,3537.804631618307,3456.130678783226,3475.31005859375,3174167,0.0,0.0
2025-03-13 00:00:00+05:30,3471.444519804173,3493.250698135823,3453.4049115822995,3480.117431640625,1693004,0.0,0.0
2025-03-17 00:00:00+05:30,3458.261705673071,3499.346480347681,3446.714439651225,3466.885009765625,2690906,0.0,0.0
2025-03-18 00:00:00+05:30,3466.885009765625,3466.885009765625,3466.885009765625,3466.885009765625,0,0.0,0.0
2025-03-19 00:00:00+05:30,3515.7508098576654,3515.7508098576654,3432.2430552113424,3466.29052734375,3051244,0.0,0.0
2025-03-20 00:00:00+05:30,3481.0590326792085,3547.419150066534,3481.0590326792085,3531.75830078125,2845192,0.0,0.0
2025-03-21 00:00:00+05:30,3444.385122290016,3584.3907045989267,3434.473222657527,3546.576904296875,4161925,0.0,0.0
2025-03-24 00:00:00+05:30,3568.283858799063,3617.5955593477447,3535.1782109049886,3596.978759765625,1834751,0.0,0.0
2025-03-25 00:00:00+05:30,3612.8874742493467,3677.314822898512,3605.949144394821,3625.525146484375,3135390,0.0,0.0
2025-03-26 00:00:00+05:30,3615.613226474975,3648.074698112849,3593.906262847376,3603.7685546875,1734499,0.0,0.0
2025-03-27 00:00:00+05:30,3583.003105177864,3630.728804709229,3578.6913320782614,3619.03271484375,2528474,0.0,0.0
2025-03-28 00:00:00+05:30,3618.8346059350924,3628.6968978080436,3560.255181499984,3574.379638671875,2051919,0.0,0.0
2025-04-01 00:00:00+05:30,3541.224297162105,3552.4247920304606,3493.944584795584,3519.517333984375,2618493,0.0,0.0
2025-04-02 00:00:00+05:30,3512.7771469574404,3532.70016154505,3498.9500956939714,3512.7275390625,1764313,0.0,0.0
2025-04-03 00:00:00+05:30,3460.2441023230576,3471.147191731695,3366.2296391263217,3373.16796875,4537821,0.0,0.0
2025-04-04 00:00:00+05:30,3332.975429816177,3369.698823950673,3266.4664872326007,3270.33203125,5317367,0.0,0.0
2025-04-07 00:00:00+05:30,3072.6889039036473,3262.402567174577,3029.1261531639934,3245.20556640625,6623955,0.0,0.0
2025-04-08 00:00:00+05:30,3272.958890370874,3319.4952110862437,3226.62075925165,3263.93896484375,5557558,0.0,0.0
2025-04-09 00:00:00+05:30,3231.824365539661,3241.1910619537834,3183.751654070316,3217.997314453125,2990265,0.0,0.0
2025-04-11 00:00:00+05:30,3260.568897534981,3269.885986123682,3177.754930106955,3203.0302734375,7108961,0.0,0.0
2025-04-15 00:00:00+05:30,3285.199980380262,3285.199980380262,3210.0679733173506,3219.583251953125,3512160,0.0,0.0
2025-04-16 00:00:00+05:30,3219.583203710541,3249.2199289296423,3200.5524047344097,3244.957763671875,2384391,0.0,0.0
2025-04-17 00:00:00+05:30,3216.90697930344,3274.4952121330816,3189.649255707432,3269.83642578125,2932346,0.0,0.0
2025-04-21 00:00:00+05:30,3261.114186163003,3324.451127849391,3255.1670463994083,3292.336669921875,2432946,0.0,0.0
2025-04-22 00:00:00+05:30,3293.3279025458705,3304.528155653945,3265.9709624830452,3285.199951171875,2710498,0.0,0.0
2025-04-23 00:00:00+05:30,3335.354277518289,3390.7617005183133,3307.8983635128925,3382.931396484375,3543923,0.0,0.0
2025-04-24 00:00:00+05:30,3371.1362409617327,3382.435709613338,3357.854150417322,3371.6318359375,2252175,0.0,0.0
2025-04-25 00:00:00+05:30,3389.8697274688225,3447.1605566409517,3375.001877786942,3417.623046875,2742991,0.0,0.0
2025-04-28 00:00:00+05:30,3404.7374830693248,3427.33666235926,3375.0017845272346,3413.16259765625,1593296,0.0,0.0
2025-04-29 00:00:00+05:30,3424.5614018066053,3464.20900124865,3400.1780313538507,3441.9072265625,1578332,0.0,0.0
2025-04-30 00:00:00+05:30,3441.411529683795,3478.9775322470646,3336.345394272942,3423.272705078125,2809332,0.0,0.0
2025-05-02 00:00:00+05:30,3441.411492868333,3460.7396968173343,3389.869615670996,3400.772705078125,1721761,0.0,0.0
2025-05-05 00:00:00+05:30,3419.605266533666,3473.6251178455746,3416.036885981391,3423.867431640625,1284443,0.0,0.0
2025-05-06 00:00:00+05:30,3429.517333984375,3442.4028037363396,3406.7199644232073,3429.517333984375,1324763,0.0,0.0
2025-05-07 00:00:00+05:30,3390.464381796455,3429.021573396319,3390.464381796455,3414.74853515625,1477128,0.0,0.0
2025-05-08 00:00:00+05:30,3417.6229184266326,3446.367426731265,3398.4929041569826,3418.514892578125,2543591,0.0,0.0
2025-05-09 00:00:00+05:30,3369.0547718623234,3415.838890934778,3368.162797668319,3409.990966796875,2531757,0.0,0.0
2025-05-12 00:00:00+05:30,3474.1206857462844,3598.5150212844183,3471.3453055594405,3588.50390625,2228678,0.0,0.0
2025-05-13 00:00:00+05:30,3588.5040399950904,3591.0812306910116,3479.5723600167807,3484.03271484375,3062887,0.0,0.0
2025-05-14 00:00:00+05:30,3489.9798773001917,3529.6274760198758,3477.6892184929848,3517.435791015625,2119499,0.0,0.0
2025-05-15 00:00:00+05:30,3532.601016280816,3568.283854829107,3483.1407340889405,3548.36083984375,3548330,0.0,0.0
2025-05-16 00:00:00+05:30,3562.2374517479043,3562.2374517479043,3514.858765899419,3529.9248046875,1666727,0.0,0.0
2025-05-19 00:00:00+05:30,3518.7243950862435,3518.7243950862435,3472.832251056607,3487.79931640625,2537377,0.0,0.0
2025-05-20 00:00:00+05:30,3500.6848450385046,3526.6539743040653,3463.217815126027,3467.47998046875,2038374,0.0,0.0
2025-05-21 00:00:00+05:30,3477.0943194478036,3505.8388277898753,3467.479825400299,3494.737548828125,1440153,0.0,0.0
2025-05-22 00:00:00+05:30,3464.208850613743,3466.984230851952,3420.8938985047307,3446.367431640625,2034383,0.0,0.0
2025-05-23 00:00:00+05:30,3446.3673922439334,3503.856408277913,3435.067923819353,3483.63623046875,1274331,0.0,0.0
2025-05-26 00:00:00+05:30,3489.9797860151243,3513.7683446247133,3479.1759124424952,3506.13623046875,967470,0.0,0.0
2025-05-27 00:00:00+05:30,3500.8828943507547,3508.812413930258,3452.4138027169333,3467.876220703125,2467680,0.0,0.0
2025-05-28 00:00:00+05:30,3488.9885938576126,3497.909303330544,3462.226465438818,3466.885009765625,1222933,0.0,0.0
2025-05-29 00:00:00+05:30,3473.823446903422,3501.3785765264042,3455.7838378087213,3467.28173828125,3188072,0.0,0.0
2025-05-30 00:00:00+05:30,3459.252956735212,3475.8057806517286,3422.678144045855,3432.88720703125,3404365,0.0,0.0
2025-06-02 00:00:00+05:30,3419.6054161596917,3429.517315916676,3388.482147718656,3419.4072265625,1877585,0.0,0.0
2025-06-03 00:00:00+05:30,3415.6405493121124,3442.898272790372,3370.5414068299006,3375.199951171875,2848125,0.0,0.0
2025-06-04 00:00:00+05:30,3389.0,3394.800048828125,3370.0,3380.89990234375,2544807,30.0,0.0
2025-06-05 00:00:00+05:30,3409.0,3409.0,3363.699951171875,3371.10009765625,3584683,0.0,0.0
2025-06-06 00:00:00+05:30,3371.10009765625,3390.89990234375,3358.699951171875,3384.199951171875,2070390,0.0,0.0
2025-06-09 00:00:00+05:30,3400.0,3432.0,3390.89990234375,3429.0,1251445,0.0,0.0
