Date,Open,High,Low,Close,Volume,Dividends,Stock Splits,SMA_20,SMA_50,EMA_20,EMA_50,RSI_14,MACD_12_26_9,MACDh_12_26_9,MACDs_12_26_9
2020-06-09 00:00:00+05:30,1582.896088620643,1635.9810184219452,1579.759251859657,1584.874755859375,3671930,0.0,0.0,,,,,,,,
2020-06-10 00:00:00+05:30,1590.6177791447683,1616.7741523130824,1571.2176708150548,1578.9873046875,2069280,0.0,0.0,,,,,,,,
2020-06-11 00:00:00+05:30,1578.9870788498051,1588.6871905372388,1551.045148963149,1554.519775390625,1888420,0.0,0.0,,,,,,,,
2020-06-12 00:00:00+05:30,1524.9854147091692,1585.7434890090196,1522.5724631036169,1580.3385009765625,2391556,0.0,0.0,,,,,,,,
2020-06-15 00:00:00+05:30,1572.2792223829676,1593.1754062689802,1546.3158402664392,1561.855224609375,1681166,0.0,0.0,,,,,,,,
2020-06-16 00:00:00+05:30,1581.9311940278958,1583.13766992328,1551.67280213564,1565.2335205078125,1497691,0.0,0.0,,,,,,,,
2020-06-17 00:00:00+05:30,1551.575842706318,1566.1500435914943,1535.0229748176444,1539.848876953125,1812788,0.0,0.0,,,,,,,,
2020-06-18 00:00:00+05:30,1539.8491923505917,1556.064156155088,1532.0312528537895,1542.1656494140625,1417273,0.0,0.0,,,,,,,,
2020-06-19 00:00:00+05:30,1542.165700145826,1573.2444701584168,1535.6507307141885,1566.005615234375,2714342,0.0,0.0,,,,,,,,
2020-06-22 00:00:00+05:30,1576.1399366932278,1615.2297514121965,1567.4533112001236,1594.6231689453125,2034739,0.0,0.0,,,,,,,,
2020-06-23 00:00:00+05:30,1602.0551790459838,1630.1902203260731,1583.8615462137868,1625.267822265625,2334863,0.0,0.0,,,,,,,,
2020-06-24 00:00:00+05:30,1625.364072392778,1750.5962507733973,1625.364072392778,1686.4117431640625,11545923,0.0,0.0,,,,,,,,
2020-06-25 00:00:00+05:30,1679.4141492284637,1686.1704130471987,1624.5436587788563,1630.18994140625,4054785,0.0,0.0,,,,,,,,
2020-06-26 00:00:00+05:30,1650.4588823331203,1650.79667199067,1612.5272363304862,1628.0184326171875,2129986,0.0,0.0,,,,,,,,
2020-06-29 00:00:00+05:30,1628.2598781396337,1648.9629575001663,1615.7608349167342,1633.0374755859375,2753482,0.0,0.0,,,,,59.60057084093318,,,
2020-06-30 00:00:00+05:30,1649.3971644586386,1658.1802844268384,1623.095992892497,1628.6939697265625,1960731,0.0,0.0,,,,,58.31374520919684,,,
2020-07-01 00:00:00+05:30,1638.8767823133423,1638.8767823133423,1621.551836365613,1629.2249755859375,1661296,0.0,0.0,,,,,58.43190588906491,,,
2020-07-02 00:00:00+05:30,1640.806880844113,1644.6676029166874,1602.296154606206,1627.7286376953125,2038399,0.0,0.0,,,,,57.933566277257206,,,
2020-07-03 00:00:00+05:30,1636.3672253559616,1660.1106447341094,1631.1552265120029,1636.6085205078125,1988941,0.0,0.0,,,,,60.107891925955705,,,
2020-07-06 00:00:00+05:30,1649.4453714510298,1652.3892194664738,1633.230407746336,1649.348876953125,1236670,0.0,0.0,1602.1491394042969,,1602.1491394042969,,63.05819123171565,,,
2020-07-07 00:00:00+05:30,1649.4454164574315,1688.969634569615,1646.453380021345,1684.964111328125,2983260,0.0,0.0,1607.1536071777343,,1610.0362795875185,,69.78539930437806,,,
2020-07-08 00:00:00+05:30,1689.0660290898352,1700.4552071567991,1621.5516940836026,1627.5357666015625,2725937,0.0,0.0,1609.5810302734376,,1611.70289739838,,53.01948080332707,,,
2020-07-09 00:00:00+05:30,1635.015971467144,1662.0410288467665,1633.1821047238327,1657.4564208984375,1904661,0.0,0.0,1614.7278625488282,,1616.060375826957,,58.6002036938371,,,
2020-07-10 00:00:00+05:30,1648.4801872807195,1651.4240352898214,1636.1741344169293,1644.1851806640625,1156043,0.0,0.0,1617.9201965332031,,1618.7389286685861,,55.453699747946075,,,
2020-07-13 00:00:00+05:30,1648.5285269080352,1672.561548317455,1640.8070818171311,1646.2603759765625,1289791,0.0,0.0,1622.1404541015625,,1621.3600188883934,,55.85287511243385,,,
2020-07-14 00:00:00+05:30,1646.2603274000487,1658.180284343427,1623.530276956439,1629.6109619140625,1347120,0.0,0.0,1625.359326171875,,1622.1458229860764,,51.8392615403915,23.47266483559065,,
2020-07-15 00:00:00+05:30,1640.8071851374275,1653.933619054545,1605.3851006803657,1613.4443359375,1611341,0.0,0.0,1629.0390991210938,,1621.317109933831,,48.21610369256236,19.912285499650125,,
2020-07-16 00:00:00+05:30,1621.3103272912992,1638.0078800347892,1587.818491673976,1634.24365234375,1442725,0.0,0.0,1633.642999267578,,1622.5482092109662,,52.78798876635241,18.55509860504253,,
2020-07-17 00:00:00+05:30,1635.981081411212,1681.8271589138865,1630.9138833714428,1658.083740234375,2308792,0.0,0.0,1638.2469055175782,,1625.9325454989098,,57.4275094196393,19.182094817293773,,
2020-07-20 00:00:00+05:30,1666.8669318585469,1696.160140131224,1660.351962669175,1690.6103515625,1848600,0.0,0.0,1643.0462646484375,,1632.092336552585,,62.798957393653396,22.04944722836899,,
2020-07-21 00:00:00+05:30,1699.6831581411077,1710.0588503330534,1659.1455700423417,1664.2127685546875,2088461,0.0,0.0,1644.9935119628906,,1635.15142531469,,56.56168537666737,21.9388825557578,,
2020-07-22 00:00:00+05:30,1664.2128506187632,1675.9398198895851,1632.1205917914042,1636.7052001953125,1300409,0.0,0.0,1642.5081848144532,,1635.2994038747493,,50.88958532006527,19.407906119138033,,
2020-07-23 00:00:00+05:30,1632.5991854820124,1680.900936531776,1629.7010804190263,1669.1153564453125,2375218,1.5,0.0,1644.4544555664063,,1638.5199707862314,,56.4331748005547,19.789200222992804,,
2020-07-24 00:00:00+05:30,1665.444585477166,1668.3426909043308,1624.871109496864,1653.9005126953125,3971563,0.0,0.0,1645.7485595703124,,1639.984784301382,,53.386540713749646,18.64869723914103,-1.6797779967451625,20.32847523588619
2020-07-27 00:00:00+05:30,1658.8755776996634,1727.2709161812245,1658.8755776996634,1717.7554931640625,6470525,0.0,0.0,1649.9844604492187,,1647.39151847878,,62.52950810536199,22.636464599851024,1.8463914911718646,20.79007310867916
2020-07-28 00:00:00+05:30,1718.576545781691,1731.7629492709293,1691.5759102899945,1699.8837890625,2534092,0.0,0.0,1653.5439514160157,,1652.3907823438963,,59.039136203790626,24.077155343304412,2.629665787700201,21.44748955560421
2020-07-29 00:00:00+05:30,1709.8820207966028,1719.4457912774235,1671.2406191966795,1681.0458984375,1530981,0.0,0.0,1656.1349975585938,,1655.1198410194777,,55.52113475200103,23.428780401926815,1.5850326770580807,21.843747724868734
2020-07-30 00:00:00+05:30,1692.4935566045722,1717.6104701158272,1669.4052932920763,1684.1373291015625,2113975,0.0,0.0,1658.9554321289063,,1657.8834113130097,,55.98465853019891,22.90040954183314,0.845329453571523,22.05508008826162
2020-07-31 00:00:00+05:30,1694.4256291157371,1710.751646504488,1652.3065207567672,1657.2332763671875,1678643,0.0,0.0,1659.986669921875,,1657.821493699122,,51.00317802141759,20.079278199224746,-1.5806415112295014,21.659919710454247
2020-08-03 00:00:00+05:30,1670.274701004677,1676.070911650153,1639.8445951159276,1647.5728759765625,1437425,0.0,0.0,1659.8978698730468,,1656.845434868402,,49.3066652351558,16.869536196513536,-3.83230681115257,20.701843007666106
2020-08-04 00:00:00+05:30,1660.6144867790572,1676.071049774092,1650.519466242612,1655.7359619140625,1815396,0.0,0.0,1658.4364624023438,,1656.7397707775126,,50.79603963396734,14.813721982035986,-4.710496820504098,19.524218802540084
2020-08-05 00:00:00+05:30,1659.648438221243,1682.7849335983544,1654.3352447345044,1658.0062255859375,1416803,0.0,0.0,1659.9599853515624,,1656.860385521172,,51.22523480292069,13.215327639878979,-5.047112930128886,18.262440570007865
2020-08-06 00:00:00+05:30,1673.2211814897737,1692.5901149459337,1661.676991018655,1668.8740234375,1914507,0.0,0.0,1660.5308654785156,,1658.0045415132033,,53.324159451617334,12.679369193130242,-4.4664571015020975,17.14582629463234
2020-08-07 00:00:00+05:30,1668.874081349373,1755.1892989754676,1667.0868219709396,1744.9010009765625,5166075,0.0,0.0,1665.5666564941407,,1666.280394795428,,64.75165872095346,18.179794610410227,0.8271746526223076,17.35261995778792
2020-08-10 00:00:00+05:30,1748.5236399041137,1762.3379898642015,1716.6444796185688,1721.812744140625,1892614,0.0,0.0,1669.3442749023438,,1671.569189971161,,59.951381154644785,20.440269310991653,2.4701194825629855,17.970149828428667
2020-08-11 00:00:00+05:30,1738.8633310491125,1775.3795081708304,1719.5426273707888,1728.768310546875,3039662,0.0,0.0,1674.3021423339844,,1677.016725264086,,60.89198608955272,22.53321895427075,3.6504553006736664,18.882763653597085
2020-08-12 00:00:00+05:30,1729.154561308084,1744.6594725611612,1711.8142776181492,1736.2066650390625,1679096,0.0,0.0,1680.4402587890625,,1682.6538623855124,,61.92195336219016,24.509578503746297,4.501451880119369,20.00812662362693
2020-08-13 00:00:00+05:30,1745.0458717992788,1753.353750281888,1727.2708019305874,1741.32666015625,1192375,0.0,0.0,1685.7944091796876,,1688.2417478874875,,62.651096641332416,26.18712957318212,4.94320235964415,21.24392721353797
2020-08-14 00:00:00+05:30,1756.9280330714566,1767.844277143722,1734.5160653615044,1741.32666015625,1868376,0.0,0.0,1689.9565551757812,,1693.2974538178457,,62.65109664133242,27.20302138458419,4.767275336836974,22.435746047747216
2020-08-17 00:00:00+05:30,1758.1840320834845,1779.9198236889122,1740.6504699369295,1774.3167724609375,1634180,0.0,0.0,1694.1418762207031,1648.2443041992187,1701.013579402902,1648.2443041992187,67.32648496732142,30.320631946203775,6.307908718765248,24.012723227438528
2020-08-18 00:00:00+05:30,1768.8104399331787,1820.01030520705,1768.8104399331787,1810.446533203125,2586298,0.0,0.0,1701.453564453125,1652.7557397460937,1711.4357654791138,1654.6051759248621,71.52983698557136,35.29981621241973,9.029674387984958,26.27014182443477
2020-08-19 00:00:00+05:30,1825.806341856181,1837.7852006997612,1808.9490765044927,1821.65234375,1947114,0.0,0.0,1710.7009216308593,1657.6090405273437,1721.9325824572934,1661.1560452513381,72.7027910938398,39.69252021148577,10.7379027096408,28.95461750184497
2020-08-20 00:00:00+05:30,1804.5053451783824,1816.1461161242908,1793.9756561849065,1811.2193603515625,1538879,0.0,0.0,1717.8061218261719,1662.7430322265625,1730.4360851138904,1667.0408811376215,69.8186759215894,41.84950022214389,10.315906176239132,31.533594045904756
2020-08-21 00:00:00+05:30,1823.777903353192,1906.228985249692,1816.8707279910595,1891.4969482421875,5688228,0.0,0.0,1729.6859436035156,1668.966201171875,1745.775214935633,1675.8430798476045,77.285490413981,49.46643458960807,14.34627243496265,35.12016215464542
2020-08-24 00:00:00+05:30,1891.4967899891085,1928.2061250348625,1874.1081575990145,1895.505859375,3996329,0.0,0.0,1738.5734619140626,1675.6392138671874,1760.0352763108108,1684.4573064957378,77.58373808648437,55.19019733722348,16.056028146062445,39.134169191161035
2020-08-25 00:00:00+05:30,1897.5344282858264,1948.3478505087155,1897.292919512976,1932.6497802734373,3544399,0.0,0.0,1750.2117614746094,1682.9875390625,1776.47475287868,1694.1903446830986,80.18039564274815,62.00872654349564,18.299645881867683,43.70908066162796
2020-08-26 00:00:00+05:30,1932.9881651008843,1940.7647959477165,1889.08191064,1904.44189453125,2245810,0.0,0.0,1761.3815612792969,1690.2793994140625,1788.6620997027344,1702.4355035006731,73.24170673838857,64.39402518956308,16.5479556223481,47.84606956721498
2020-08-27 00:00:00+05:30,1913.619162177904,1940.7647278678671,1903.1377037829736,1915.164794921875,3116305,0.0,0.0,1772.9329345703125,1697.7393823242187,1800.7099754378908,1710.7778286544458,74.15724083074424,66.3844019355679,14.830665894682326,51.55373604088557
2020-08-28 00:00:00+05:30,1926.2739445867728,1929.1720498193504,1886.9563641011475,1891.59326171875,1842536,0.0,0.0,1784.6509338378905,1704.2511352539063,1809.3655265122584,1717.868629951085,68.60069535005091,65.306946288051,11.002568197732337,54.30437809031866
2020-08-31 00:00:00+05:30,1909.851577256316,1916.5172436752864,1817.3537074928909,1834.597412109375,2738522,0.0,0.0,1794.0021606445312,1709.0506201171875,1811.7685632357934,1722.4462292514102,57.40089980935965,59.17186971459864,3.8939932994239825,55.27787641517466
2020-09-01 00:00:00+05:30,1859.6178474032936,1920.478067863765,1842.9537394200693,1912.0736083984373,3068285,0.0,0.0,1806.81904296875,1714.7867358398437,1821.3214246798548,1729.8825970610976,65.61805913753967,59.871299798746804,3.6747387068577098,56.196561091889095
2020-09-02 00:00:00+05:30,1910.769144727276,1929.1721611861924,1859.6176315890937,1877.9239501953125,2569603,0.0,0.0,1817.8149291992188,1718.6169799804688,1826.7121413956127,1735.688140321263,60.11380759278171,57.01280305874138,0.6529935734818295,56.359809485259554
2020-09-03 00:00:00+05:30,1883.96180120442,1920.3330500950196,1878.93846533055,1910.817626953125,1931667,0.0,0.0,1829.912109375,1724.2295336914062,1834.7221876391852,1742.5559633264343,63.306619667819874,56.74751853874818,0.3101672427908966,56.437351295957285
2020-09-04 00:00:00+05:30,1891.4969357783543,1925.9843455071791,1884.7346893276656,1889.9029541015625,1930422,0.0,0.0,1837.16220703125,1729.4672241210938,1839.9774987308401,1748.3342766901649,60.016980542187824,54.22457222251796,-1.7702232587514644,55.99479548126943
2020-09-07 00:00:00+05:30,1898.2592632190335,1935.596549156762,1881.9332439352568,1914.7784423828125,2855392,0.0,0.0,1846.8104919433595,1735.1020434570312,1847.101398126266,1754.8614988741904,62.51212222323147,53.6143304732916,-1.9043720063822676,55.51870247967387
2020-09-08 00:00:00+05:30,1919.9948454738087,1933.9540061114683,1885.700597919434,1893.7669677734373,2401034,0.0,0.0,1855.0604248046875,1740.4035034179688,1851.5457380926632,1760.308772164357,59.15416943634202,50.84910229097568,-3.735680150958558,54.58478244193424
2020-09-09 00:00:00+05:30,1893.7669811352544,1926.177507560358,1891.496822119494,1911.8319091796875,2776804,0.0,0.0,1863.8416870117187,1746.0556420898438,1857.2872781961892,1766.2508559688797,61.08944356942553,49.54421397209899,-4.032454775868203,53.57666874796719
2020-09-10 00:00:00+05:30,1917.6281912985412,1999.4029753755844,1913.7157016293097,1986.69970703125,5081252,0.0,0.0,1876.1103393554688,1753.2350634765626,1869.6122714185758,1774.895908951718,67.8813956241409,53.92961908966072,0.2823602733548185,53.6472588163059
2020-09-11 00:00:00+05:30,1992.9307394033349,1999.6446372839853,1953.323293782619,1966.7994384765625,2599475,0.0,0.0,1887.3839782714845,1759.8388818359374,1878.868192090765,1782.4215375605354,64.65103354247941,55.16340943564251,1.2129204954692767,53.95048894017323
2020-09-14 00:00:00+05:30,1980.372079480324,1984.236220123212,1936.9004972478288,1962.2105712890625,2142458,0.0,0.0,1896.7786682128906,1766.0961157226564,1886.8055615382218,1789.4720879028305,63.89593281207816,55.13534797168927,0.9478872252128312,54.18746074647644
2020-09-15 00:00:00+05:30,1975.5419100701424,1979.937417235339,1940.8129930994755,1949.0242919921875,1997383,0.0,0.0,1903.7075561523438,1771.3773193359375,1892.73115491479,1795.7290370828052,61.667065742953156,53.43314251645734,-0.6034545840152816,54.03659710047262
2020-09-16 00:00:00+05:30,1958.153470431544,1958.153470431544,1926.419235751132,1943.759521484375,1717740,0.0,0.0,1909.8129150390625,1777.7017944335937,1897.5909993499886,1801.534154118161,60.7558092807081,51.07059936980977,-2.372798184530282,53.44339755434005
2020-09-17 00:00:00+05:30,1932.0701902338155,1975.5417695140763,1932.0701902338155,1939.7501220703125,2416918,0.0,0.0,1916.239453125,1783.3476684570312,1901.6061538947813,1806.9543881555005,60.02831753659678,48.31776476467826,-4.10050623172944,52.4182709964077
2020-09-18 00:00:00+05:30,1957.4772090024592,1974.914073929258,1946.560963871605,1959.505859375,3021436,0.0,0.0,1919.6398986816407,1789.65408203125,1907.120411559564,1812.9367987915593,62.41633754569077,47.18631196998149,-4.185567221140971,51.37187919112246
2020-09-21 00:00:00+05:30,1967.2341828248527,1987.1344851486435,1895.650995252909,1905.5528564453125,2518361,0.0,0.0,1920.1422485351563,1794.839931640625,1906.971120596302,1816.568801052491,53.08827938823163,41.45816710259464,-7.9309696708222575,49.3891367734169
2020-09-22 00:00:00+05:30,1922.6031207990648,1927.91631415844,1860.9217996573448,1871.693115234375,1974860,0.0,0.0,1917.094415283203,1799.6815747070314,1903.6113105618329,1818.7305388635452,48.217990053331036,33.796784593056145,-12.473881744288612,46.27066633734476
2020-09-23 00:00:00+05:30,1874.1080918777952,1922.409846823099,1862.8055283902763,1880.4356689453125,2732912,0.0,0.0,1915.8941040039062,1805.0214013671875,1901.4041065983547,1821.1503478863597,49.50604635798564,28.106540078557146,-14.531301007030088,42.63784108558723
2020-09-24 00:00:00+05:30,1875.6053202846265,1878.9380938984696,1842.9532897865324,1853.1932373046875,1906183,0.0,0.0,1912.7955261230468,1809.4003930664062,1896.812595237053,1822.4069317851176,45.69198063842719,21.154883418332247,-17.186366133803986,38.34124955213623
2020-09-25 00:00:00+05:30,1859.8590548584216,1888.5985987524812,1843.194949575312,1860.1971435546875,1939316,0.0,0.0,1911.2257202148437,1813.4426611328124,1893.3254093625421,1823.8889008741203,46.82622482153716,16.026063645582553,-17.85214872524294,33.878212370825494
2020-09-28 00:00:00+05:30,1872.176100858589,1891.4968036538276,1864.4478197404935,1879.5179443359373,1137313,0.0,0.0,1913.471746826172,1817.2208129882813,1892.0104126933418,1826.07043199027,49.93268896765154,13.366384813065451,-16.409462046208038,29.77584685927349
2020-09-29 00:00:00+05:30,1893.428842089922,1922.3615468695205,1887.6326313488305,1893.3804931640625,1965383,0.0,0.0,1912.537091064453,1821.8041674804688,1892.1408965476962,1828.7100422323795,52.095162837994124,12.236111733273447,-14.031788100800036,26.267899834073482
2020-09-30 00:00:00+05:30,1899.321690206368,1935.9344460798463,1891.6417579118145,1918.9322509765625,2518982,0.0,0.0,1914.5875061035156,1827.4487084960938,1894.69245411235,1832.2481680654848,55.877972094129234,13.249444140322112,-10.4147645550011,23.66420869532321
2020-10-01 00:00:00+05:30,1938.8326539783811,1979.7443391976688,1924.390474851618,1971.146484375,2014003,0.0,0.0,1917.6039489746095,1833.4893310546875,1901.9737903278406,1837.6951608619365,62.410156025005456,18.05761271734059,-4.485276782386098,22.542889499726687
2020-10-05 00:00:00+05:30,1971.1464758308157,1973.320055029889,1942.6967863726195,1959.119384765625,1554873,0.0,0.0,1921.0647705078125,1839.5937084960938,1907.4162278933438,1842.4568951326696,60.1993461327552,20.659484850526496,-1.5067237193601528,22.16620856988665
2020-10-06 00:00:00+05:30,1980.371902684846,2026.644888413095,1975.6383072350516,2019.0133056640625,3152378,0.0,0.0,1926.276513671875,1845.6188647460938,1918.0445210143646,1849.3806759378222,66.55344592311806,27.24041556955831,4.059365599737326,23.181049969820982
2020-10-07 00:00:00+05:30,2009.3529078830163,2046.83511506513,2003.508348649542,2033.5037841796875,2429595,0.0,0.0,1933.2633544921875,1852.2912646484374,1929.040641315824,1856.6011899865227,67.88912059217095,33.24191894247292,8.048695178121552,25.19322376435137
2020-10-08 00:00:00+05:30,2033.020980034155,2036.3537541432145,2001.6731864805763,2017.709228515625,1427493,0.0,0.0,1938.5572204589844,1859.02453125,1937.4852686681859,1862.9191522817816,64.84919289867324,36.30516165810786,8.889550315005195,27.41561134310267
2020-10-09 00:00:00+05:30,2022.8778629016992,2037.2716941388385,1975.6870633715744,1980.9520263671875,1636939,0.0,0.0,1938.2698364257812,1864.9608251953125,1941.6249598776146,1867.5478924419938,58.30591448913313,35.359205646742794,6.3548754429121,29.004330203830694
2020-10-12 00:00:00+05:30,1997.6641281129823,2015.5841285330653,1971.9193839551613,2007.2763671875,2182836,0.0,0.0,1940.293682861328,1871.9616870117188,1947.8774748595085,1873.0274404712293,61.31627721632409,36.31506552496626,5.8485882569084495,30.466477268057808
2020-10-13 00:00:00+05:30,2006.455042719438,2042.198343913766,1984.2845827969663,1994.5244140625,2619233,0.0,0.0,1941.909375,1878.9007177734375,1952.3200404978886,1877.7920276708871,59.090577868564125,35.632861869443786,4.133107681108783,31.499754188335004
2020-10-14 00:00:00+05:30,1999.6925844947991,2014.6661280018857,1985.2020585201992,2000.996826171875,1530471,0.0,0.0,1944.5080017089845,1885.8059350585938,1956.955924847792,1882.6235883964162,59.886472744998095,35.208617101113305,2.9670903302226392,32.241526770890665
2020-10-15 00:00:00+05:30,1999.6926277109103,2051.858522346847,1995.8768362914825,2019.447998046875,4001883,0.0,0.0,1948.2924255371095,1893.0347705078125,1962.9075508667522,1887.9892515199635,62.14732123495842,35.946882151838736,2.9642843047584506,32.982597847080285
2020-10-16 00:00:00+05:30,2018.9650378270744,2019.0133867524212,1985.7335242696545,1991.1915283203125,2017706,0.0,0.0,1950.8644958496093,1899.4811206054687,1965.6012630051864,1892.036399629781,56.86188886712017,33.86156650511066,0.7031749264242961,33.15839157868636
2020-10-19 00:00:00+05:30,2009.3047332883343,2009.3047332883343,1986.651256526318,1999.7894287109373,1338404,0.0,0.0,1952.8786743164062,1904.5788891601562,1968.8572787866865,1896.2620086133559,58.031498038333694,32.52775779305057,-0.5045070285086339,33.0322648215592
2020-10-20 00:00:00+05:30,2007.3240503214256,2059.3934788015445,1997.132569657932,2046.545166015625,2377713,0.0,0.0,1959.928289794922,1911.0735375976562,1976.2561251894426,1902.155465766386,63.78229175905409,34.841866674938046,1.447681482703075,33.39418519223497
2020-10-21 00:00:00+05:30,2057.654986799917,2071.0346687295173,2010.560770552736,2042.48828125,2895432,0.0,0.0,1968.4680480957031,1917.3479370117188,1982.5639495761625,1907.6587134324102,62.97594570396227,35.934230499387695,2.032036245722175,33.90219425366552
2020-10-22 00:00:00+05:30,2042.3913755636831,2044.9515101056727,2006.2617569098468,2028.5770263671875,2755686,0.0,0.0,1975.8751159667968,1923.1953442382812,1986.9461473657839,1912.4006080573035,60.16703288521931,35.270834468069324,1.0949121715230419,34.17592229654628
2020-10-23 00:00:00+05:30,2041.715346539784,2057.075211514337,2024.8097309426955,2048.236083984375,3070714,0.0,0.0,1985.6272583007812,1929.3335327148438,1992.783284186602,1917.7274894662082,62.699038474795984,35.91737682361486,1.3931636216548569,34.52421320196
2020-10-26 00:00:00+05:30,2044.4687704228677,2044.4687704228677,1999.7412917306676,2009.7879638671875,1278139,0.0,0.0,1993.1067993164063,1934.7027587890625,1994.402777489515,1921.3377041485996,55.29595774950338,32.94752576150495,-1.2613499523640428,34.20887571386899
2020-10-27 00:00:00+05:30,2014.1832875315104,2132.377782460559,2014.1832875315104,2123.152099609375,4964874,0.0,0.0,2005.288507080078,1941.6794653320312,2006.6646176914064,1929.2519941666694,67.48604183822624,39.28854187448178,4.063732928490232,35.22480894599155
2020-10-28 00:00:00+05:30,2128.328258583099,2146.4690686397635,2080.291251827972,2089.385986328125,3166047,3.35,0.0,2015.0887817382813,1947.2582543945311,2014.5428432758558,1935.531758565158,62.05794747272169,41.1152486884298,4.712351793950603,36.4028968944792
2020-10-29 00:00:00+05:30,2091.756321881449,2160.6913995567743,2090.885657488935,2153.144775390625,4795796,0.0,0.0,2026.7994079589844,1953.8881030273437,2027.7430272867864,1944.0656023622353,67.39140867853699,47.1640506053302,8.608922968680801,38.5551276366494
2020-10-30 00:00:00+05:30,2138.2935299653423,2169.979476308057,2124.167792226889,2139.64794921875,3006197,0.0,0.0,2035.2244812011718,1960.4566748046875,2038.4006388993544,1951.735498317393,65.2988850845402,50.28898847403025,9.387088669904678,40.90189980412557
2020-11-02 00:00:00+05:30,2126.5866848899,2153.5801156605767,2095.723214656276,2102.25390625,1772571,0.0,0.0,2042.3812072753906,1964.6718139648438,2044.4819024565586,1957.6381809814168,59.76222292992775,49.18120715457553,6.6234458803599665,42.557761274215565
2020-11-03 00:00:00+05:30,2122.620278605953,2122.620278605953,2077.0022726330203,2084.6455078125,1781465,0.0,0.0,2045.6628173828126,1968.4546069335938,2048.307007728553,1962.6188604649888,57.29852304881569,46.34815915537774,3.0323183049297384,43.315840850448005
2020-11-04 00:00:00+05:30,2089.821190859803,2141.921688643091,2085.9511516174703,2098.964111328125,2189957,0.0,0.0,2048.9358337402346,1971.7808935546875,2053.131493785655,1967.965733047857,58.786400281425216,44.742575286536294,1.1413875488706253,43.60118773766567
2020-11-05 00:00:00+05:30,2118.8463796715496,2172.7366261959373,2112.702598196889,2165.5771484375,2671841,0.0,0.0,2056.329229736328,1977.0035986328126,2063.8406037524974,1975.715200318039,64.911729298063,48.28861281925674,3.7499400652728525,44.53867275398389
2020-11-06 00:00:00+05:30,2161.368734510925,2174.962296103265,2130.940594825375,2137.27783203125,2395965,0.0,0.0,2064.1455200195314,1981.445859375,2070.834625493331,1982.0509897969885,60.77893890154161,48.25905444559885,2.9763053532919628,45.28274909230689
2020-11-09 00:00:00+05:30,2175.929613286376,2175.929613286376,2142.211801140464,2152.90283203125,1691773,0.0,0.0,2071.4268432617187,1986.67205078125,2078.6506451636087,1988.7510620414694,62.20957995739168,48.932374187655114,2.9197000762785805,46.01267411137653
2020-11-10 00:00:00+05:30,2152.9028635116606,2165.8192144477484,2117.8790543048217,2128.27978515625,1879561,0.0,0.0,2078.114611816406,1992.5456982421874,2083.3772299248126,1994.2227766734215,58.5830617683886,46.938038346671874,0.7402913882362725,46.1977469584356
2020-11-11 00:00:00+05:30,2133.359682027447,2150.7748631052223,2087.2094994130453,2110.816650390625,2387398,0.0,0.0,2083.605603027344,1996.5205590820312,2085.990508064414,1998.7950854466453,56.0858741042422,43.44754751164464,-2.2001595574327695,45.64770706907741
2020-11-12 00:00:00+05:30,2101.431491846672,2130.214911221644,2091.756392897102,2101.238037109375,1626054,0.0,0.0,2087.695104980469,2000.9868408203124,2087.4426536877436,2002.812456100086,54.70835420024658,39.45359782060723,-4.95528739877615,44.40888521938338
2020-11-13 00:00:00+05:30,2109.65571293779,2134.8593975663443,2101.43187732212,2109.12353515625,1560060,0.0,0.0,2093.5917053222656,2004.952958984375,2089.5074995418872,2006.9815180238572,55.673556720654574,36.50386388611969,-6.324017066610956,42.827880952730645
2020-11-14 00:00:00+05:30,2120.782038510428,2122.136458102714,2109.510640863974,2113.62255859375,146991,0.0,0.0,2099.2833618164063,2009.4273510742187,2091.8041718325408,2011.1635196148334,56.24646786982245,34.135716788459376,-6.953731331417018,41.089448119876394
2020-11-17 00:00:00+05:30,2134.71331671814,2149.7097171322184,2111.1061744206368,2116.572509765625,1699293,0.0,0.0,2102.7847290039062,2013.463232421875,2094.163061159501,2015.2972055030996,56.642174328525385,32.12664360840836,-7.170243609174435,39.29688721758279
2020-11-18 00:00:00+05:30,2114.008937498221,2138.196682778521,2095.723096549694,2124.40966796875,1817170,0.0,0.0,2106.8807983398438,2018.0760864257813,2097.04369037943,2019.5761255997918,57.73578145907174,30.81165423729726,-6.788186384228425,37.599840621525686
2020-11-19 00:00:00+05:30,2104.33448440948,2123.684686564969,2086.629002195503,2091.466552734375,2669522,0.0,0.0,2110.025274658203,2021.668779296875,2096.5125344132343,2022.395358036442,51.81914584198038,26.802321130267956,-8.638015593006187,35.44033672327414
2020-11-20 00:00:00+05:30,2093.0624630840493,2118.8949280302336,2090.3533883470013,2096.158447265625,2196113,0.0,0.0,2112.4213928222657,2023.8579541015624,2096.478811827748,2025.2880282022925,52.56473463022848,23.72994836081125,-9.368310689970315,33.098259050781564
2020-11-23 00:00:00+05:30,2090.353548824072,2125.57081448398,2069.310208628558,2115.218505859375,4002609,0.0,0.0,2117.692919921875,2026.8263354492187,2098.263544592665,2028.8147136006096,55.57245763208434,22.572852450786286,-8.420325279996224,30.99317773078251
2020-11-24 00:00:00+05:30,2121.652390390373,2158.5146125009646,2119.81421604196,2136.1650390625,2954306,0.0,0.0,2118.3435668945312,2030.3054248046874,2101.873210732649,2033.0245302853898,58.67369949940117,23.080003859981844,-6.3305390966405355,29.41054295662238
2020-11-25 00:00:00+05:30,2125.861143903573,2136.939085100925,2080.146300781742,2084.306640625,1682365,0.0,0.0,2118.089599609375,2033.0110717773437,2100.20020405573,2035.0355934359627,49.46723981157281,19.077472423625295,-8.266456426397667,27.343928850022962
2020-11-26 00:00:00+05:30,2089.821174613952,2106.7041734356944,2048.363285069365,2085.27392578125,2247478,0.0,0.0,2114.6960571289064,2035.8413598632812,2098.7786537438747,2037.00572411617,49.6260124349689,15.801341226139357,-9.234070099106887,25.035411325246244
2020-11-27 00:00:00+05:30,2099.4962226146317,2171.672546686511,2094.6586737145976,2143.324462890625,10036402,0.0,0.0,2114.8798828125,2039.9128466796874,2103.021111757851,2041.1750864210508,58.128687407805735,17.68531158183532,-5.880079794728736,23.565391376564058
2020-12-01 00:00:00+05:30,2201.0849809262577,2201.0849809262577,2134.5202538218277,2157.595458984375,2235498,0.0,0.0,2117.6469604492186,2043.874638671875,2108.2186686365676,2045.7405912274558,59.919756449987425,20.098241758798395,-2.773719694212531,22.871961453010925
2020-12-02 00:00:00+05:30,2168.189935463004,2250.3798636865354,2163.3523854061928,2240.608154296875,3305952,0.0,0.0,2125.4450927734374,2050.5757446289062,2120.8271910804065,2053.3824564458646,68.38998863067785,28.381769680107936,4.407846581677607,23.97392309843033
2020-12-03 00:00:00+05:30,2263.97311192948,2343.163889836554,2240.994752353273,2333.05322265625,4334658,0.0,0.0,2137.149548339844,2059.8029467773435,2141.0391940876298,2064.349937473723,74.78155359635508,41.92280960518565,14.359109205404252,27.563700399781396
2020-12-04 00:00:00+05:30,2322.023401460789,2365.561340238179,2297.8356576955725,2359.514404296875,2789953,0.0,0.0,2146.8464111328126,2069.384521484375,2161.8463569647006,2075.9250146040426,76.26117929363025,54.164997146248425,21.28103739717362,32.883959749074805
2020-12-07 00:00:00+05:30,2360.723818607928,2398.2632446045286,2357.821289322754,2392.21630859375,1762501,0.0,0.0,2159.5933349609377,2080.164982910156,2183.7863523579435,2088.328594760502,77.98061967709435,65.74788861496563,26.29114309271266,39.45674552225297
2020-12-08 00:00:00+05:30,2390.2817436161945,2403.488159891747,2349.065725445544,2359.659912109375,2090950,0.0,0.0,2169.931188964844,2090.15423828125,2200.5362151914132,2098.969038578105,72.36131714083966,71.47644843797116,25.615762332574548,45.86068610539661
2020-12-09 00:00:00+05:30,2370.3993266701777,2449.831986345252,2367.496796882418,2440.350341796875,2022370,0.0,0.0,2185.534716796875,2101.370886230469,2223.375655820505,2112.3565406651155,76.81976721933837,81.586933306417,28.580997760816302,53.00593554560069
2020-12-10 00:00:00+05:30,2434.2063276453378,2469.085104517856,2419.742102820986,2443.978271484375,2372909,0.0,0.0,2202.1927978515623,2112.382841796875,2244.3854287408735,2125.361314422734,76.99941709656983,88.86789523475636,28.68956775132453,60.17832748343183
2020-12-11 00:00:00+05:30,2434.254818725619,2454.475680407323,2413.9371115740933,2439.0439453125,2171653,0.0,0.0,2219.0830932617187,2122.7850756835937,2262.9243350810284,2137.66259406547,76.13514992870962,93.16599157818018,26.39013127579868,66.7758603023815
2020-12-14 00:00:00+05:30,2447.799898287112,2470.923289008891,2439.0923097161294,2465.360107421875,1280339,0.0,0.0,2236.894921875,2132.6693481445313,2282.2039324468233,2150.5134769421916,77.58047759728525,97.57102025963695,24.63612796580435,72.9348922938326
2020-12-15 00:00:00+05:30,2452.638000141996,2456.121130838619,2421.193923217098,2445.333251953125,1283286,0.0,0.0,2253.4804565429686,2142.393625488281,2297.74005811409,2162.075036746542,73.9119067829121,98.3127491862383,20.30228551392456,78.01046367231375
2020-12-16 00:00:00+05:30,2457.47515035147,2503.8187801601425,2455.153221070748,2498.5458984375,1920875,0.0,0.0,2272.5791259765624,2151.98427734375,2316.8644238591764,2175.269972499129,77.02118046416464,102.01838610826871,19.206337948763974,82.81204815950474
2020-12-17 00:00:00+05:30,2485.532992333185,2518.767052673581,2473.9228732565025,2491.386474609375,1750663,0.0,0.0,2290.9279663085936,2161.1419311523437,2333.4855715496715,2187.6666980720797,75.71368883677637,103.18793807960174,16.30071193607759,86.88722614352415
2020-12-18 00:00:00+05:30,2493.273057798686,2550.356142940371,2491.87021565978,2516.97705078125,4402604,0.0,0.0,2312.2034912109375,2171.127287597656,2350.9609505241074,2200.5808295508705,77.20334664085556,104.96973629216791,14.466008118915013,90.5037281732529
2020-12-21 00:00:00+05:30,2511.1236226546307,2517.7511602167915,2456.604579344886,2471.649169921875,1383048,0.0,0.0,2330.97802734375,2180.94123046875,2362.455066657228,2211.210960545812,69.11654123289182,101.55359640391907,8.839894584532942,92.71370181938613
2020-12-22 00:00:00+05:30,2458.442665206779,2528.6839786960763,2415.098174280998,2516.2998046875,1993090,0.0,0.0,2351.032092285156,2191.12169921875,2377.1069464696347,2223.1752289435253,72.20508091267843,101.28170158498278,6.854399812477325,94.42730177250546
2020-12-23 00:00:00+05:30,2519.3960456896943,2563.901505790204,2519.3960456896943,2556.693603515625,1339307,0.0,0.0,2372.0585205078123,2202.3650830078127,2394.210437616872,2236.2543808875294,74.67275058648244,103.13676849563808,6.967573378506103,96.16919511713198
2020-12-24 00:00:00+05:30,2571.6417191040077,2571.6417191040077,2528.1037667489736,2562.20849609375,1143202,0.0,0.0,2395.95361328125,2213.58931640625,2410.2102527099078,2249.036895209342,74.99910108208019,103.85475515841608,6.148448033027279,97.7063071253888
2020-12-28 00:00:00+05:30,2568.0133746341166,2602.118101564832,2544.115925274717,2596.699951171875,1226254,0.0,0.0,2421.5249145507814,2225.13435546875,2427.9711763729524,2262.670740541206,76.99558825262629,105.98520545419387,6.623118663044039,99.36208679114984
2020-12-29 00:00:00+05:30,2597.764243429781,2624.3223445985677,2586.1541239060725,2609.180908203125,1562853,0.0,0.0,2444.817736816406,2237.494143066406,2445.229246071064,2276.259374567164,77.68986737652014,107.44218495959831,6.464078534758784,100.97810642483952
2020-12-30 00:00:00+05:30,2606.471774989192,2653.734729980462,2593.265358808664,2645.55908203125,1614643,0.0,0.0,2469.21591796875,2250.4095361328127,2464.3082780672726,2290.741716036344,79.62047785986978,110.2612433394711,7.42650953170525,102.83473380776584
2020-12-31 00:00:00+05:30,2645.558526537608,2681.93698707949,2636.512452234819,2674.6806640625,1526325,0.0,0.0,2490.919543457031,2262.97224609375,2484.343743400151,2305.798145370703,81.03528602969291,113.53645809155705,8.56137942703296,104.97507866452409
2021-01-01 00:00:00+05:30,2669.359977386943,2701.2878060399944,2660.6523877542927,2685.372314453125,1246698,0.0,0.0,2508.535498046875,2275.8299267578127,2503.489321595672,2320.683406903347,81.54193163621812,115.66154195308036,8.549170630845012,107.11237132223535
2021-01-04 00:00:00+05:30,2690.7418462724177,2700.416945160588,2655.8146448027355,2664.23193359375,1360486,0.0,0.0,2523.771374511719,2288.543024902344,2518.7981417859655,2334.155898146108,77.15295480139717,114.32200129793591,5.767703980560441,108.55429731737547
2021-01-05 00:00:00+05:30,2664.232213024074,2713.478613255009,2643.2372934764467,2703.077880859375,1299589,0.0,0.0,2539.314453125,2301.6398608398435,2536.3485931262903,2348.6234268799617,79.35220008367146,115.0685108081384,5.211370792610339,109.85714001552806
2021-01-06 00:00:00+05:30,2710.285395280117,2730.7481341637454,2689.677388193632,2714.203857421875,1697884,0.0,0.0,2557.041650390625,2315.7281787109373,2553.2871897258697,2362.9599143521937,79.9475711432665,115.2296031609103,4.2979705163057815,110.93163264460452
2021-01-07 00:00:00+05:30,2709.9952527118867,2739.8430278615247,2691.128809503075,2701.529541015625,1142806,0.0,0.0,2570.1006103515624,2327.2957275390627,2567.4055088963228,2376.237154613505,77.21612265531967,113.03160066801502,1.679974418728392,111.35162624928662
2021-01-08 00:00:00+05:30,2726.443165148044,2757.210030222144,2698.43379804232,2752.275634765625,1660967,0.0,0.0,2585.515478515625,2340.5535205078127,2585.012187550542,2390.9837616782943,80.14158832535405,114.06953097223641,2.1743237783598204,111.89520719387659
2021-01-11 00:00:00+05:30,2752.565734303064,2780.091344404399,2732.828626333104,2756.72607421875,1517995,0.0,0.0,2601.3995849609373,2352.625146484375,2601.3658910427525,2405.3265974641945,80.37952525143392,113.9378073667076,1.6340801382648067,112.3037272284428
2021-01-12 00:00:00+05:30,2757.016383034443,2757.403292521932,2624.031954573928,2632.1591796875,6674890,0.0,0.0,2609.739538574219,2362.47537109375,2604.298585199395,2414.2219928455006,59.052147659058875,102.59920831296859,-7.763615132379371,110.36282344534796
2021-01-13 00:00:00+05:30,2670.3272994228555,2673.229829096141,2590.991488353046,2615.8564453125,2862676,0.0,0.0,2618.2656982421877,2372.747421875,2605.3993337815955,2422.1292262755787,56.9233944788118,91.24596576160138,-15.293486146997267,106.53945190859865
2021-01-14 00:00:00+05:30,2624.854690086473,2647.736207626864,2561.9665386468787,2577.349853515625,2124950,0.0,0.0,2622.2058959960937,2382.6015087890623,2602.727954708646,2428.216309696757,52.142181177629446,78.23938418044781,-22.64005418252067,100.87943836296849
2021-01-15 00:00:00+05:30,2574.447132062417,2575.366455481915,2496.7078492871674,2506.721435546875,2570436,0.0,0.0,2622.9726440429686,2390.7566552734374,2593.584476693239,2431.2949420830364,44.72224739918398,61.52324977969511,-31.484950866618718,93.00820064631382
2021-01-18 00:00:00+05:30,2507.785715801705,2534.730961591068,2472.3747582016704,2504.109130859375,2395168,0.0,0.0,2622.329248046875,2397.527294921875,2585.063015185252,2434.150400466422,44.4701845728607,47.5170546498498,-36.392916797171225,83.90997144702102
2021-01-19 00:00:00+05:30,2530.0380999850013,2589.636797512003,2505.8503552432708,2559.11181640625,2558693,0.0,0.0,2626.7023803710936,2405.963974609375,2582.5914724443946,2439.0508481503366,50.76269834298453,40.38971366980877,-34.816206221769804,75.20591989157857
2021-01-20 00:00:00+05:30,2567.771645853126,2619.194709989578,2559.112478237862,2609.616455078125,2065439,0.0,0.0,2631.368212890625,2415.0982470703125,2585.1652803142733,2445.7396954808382,55.72402821504287,38.37419303910201,-29.465381481981254,67.83957452108326
2021-01-21 00:00:00+05:30,2638.351166698052,2725.427060738858,2607.4392715552613,2628.095703125,5015712,0.0,0.0,2634.9383178710937,2425.0945654296875,2589.253892010533,2452.890911466884,57.41485717434051,37.83189674198502,-24.0061422232786,61.83803896526362
2021-01-22 00:00:00+05:30,2660.6524162838277,2678.8900736933865,2505.8508211545864,2512.28466796875,4945564,0.0,0.0,2632.4421264648436,2433.12392578125,2581.9234897208394,2455.220078388526,45.64922394309979,27.737400864349183,-27.280510480731557,55.01791134508074
2021-01-25 00:00:00+05:30,2527.958355938343,2546.002321227285,2419.7422783163365,2432.271484375,3520087,0.0,0.0,2624.220703125,2439.7445947265624,2567.6709177831403,2454.3201335252506,39.609867078511414,13.129693997020695,-33.51057387844804,46.64026787546874
2021-01-27 00:00:00+05:30,2442.962598671745,2442.962598671745,2351.581332074017,2357.434814453125,2700415,0.0,0.0,2611.6333984375,2444.7108203125,2547.64843175171,2450.5207092479127,34.95219096355985,-4.434593530944312,-40.85988912513044,36.425295594186125
2021-01-28 00:00:00+05:30,2341.373978710361,2374.2208928642103,2323.0397131848817,2362.368896484375,3035457,0.0,0.0,2597.4738891601564,2449.6857470703126,2530.0027617262494,2447.0637754140485,35.4907883353054,-17.751648799296618,-43.341555514786194,25.589906715489576
2021-01-29 00:00:00+05:30,2376.2040219842675,2403.2942958505373,2322.023474251727,2329.134765625,2768673,0.0,0.0,2580.1965942382812,2453.9369921875,2510.8724763832734,2442.4391083634973,33.47994194282717,-30.634096855314965,-44.97920285664364,14.34510600132867
2021-02-01 00:00:00+05:30,2347.760315640229,2387.5732653753084,2299.674870351178,2368.271484375,1797359,0.0,0.0,2564.341552734375,2458.814228515625,2497.2914295253427,2439.5305740894387,37.93922666135972,-37.25605897207788,-41.28093197872524,4.02487300664736
2021-02-02 00:00:00+05:30,2380.0743961764365,2438.12499120513,2346.30839455147,2383.605712890625,2679428,0.0,0.0,2550.3102416992188,2464.65701171875,2486.4642184172744,2437.3374422777206,39.646401323792645,-40.796392156647016,-35.8570121306355,-4.939380026011515
2021-02-03 00:00:00+05:30,2422.499851899948,2422.499851899948,2359.1279509830465,2373.9306640625,2409356,0.0,0.0,2533.852880859375,2470.2124560546877,2475.7467370501527,2434.8509019555554,38.918960083301464,-43.87704008917535,-31.15012805053107,-12.726912038644283
2021-02-04 00:00:00+05:30,2376.2043714568326,2376.2043714568326,2320.0887959094,2323.765380859375,3478562,0.0,0.0,2514.33095703125,2474.3833935546877,2461.2723221748406,2430.494607010607,35.30211688871552,-49.792418866315074,-29.65240546213663,-20.140013404178443
2021-02-05 00:00:00+05:30,2341.37385405162,2345.1470480107155,2293.772416326643,2299.529052734375,3303319,0.0,0.0,2494.2309326171876,2477.650673828125,2445.868201275749,2425.358702921343,33.67390767237689,-55.792922216024635,-28.52232704947695,-27.270595166547686
2021-02-08 00:00:00+05:30,2316.21872013082,2355.7897808911025,2296.287921539371,2338.326416015625,3666313,0.0,0.0,2473.5334716796874,2482.7310693359377,2435.6261264890704,2421.945672062295,38.55915661906041,-56.76340814317928,-23.594250381305272,-33.169157761874004
2021-02-09 00:00:00+05:30,2353.467886527326,2450.1704560413987,2344.905329229642,2425.40234375,7178572,0.0,0.0,2456.96728515625,2489.5336376953123,2434.652432894873,2422.081227814754,47.844228039970154,-49.930656065778294,-13.409198643123432,-36.52145742265486
2021-02-10 00:00:00+05:30,2446.832359824331,2471.987615401805,2394.5868290095764,2429.0302734375,4473123,0.0,0.0,2446.81083984375,2495.24775390625,2434.116989137028,2422.353739407803,48.19549800530674,-43.7189424566659,-5.757988027208825,-37.960954429457075
2021-02-11 00:00:00+05:30,2442.913966746869,2457.475037339728,2414.033939233918,2424.095947265625,1446286,0.0,0.0,2437.2228149414063,2500.577763671875,2433.1626041968943,2422.42206128458,47.72469902420124,-38.74761516458602,-0.6293285881031565,-38.118286576482866
2021-02-12 00:00:00+05:30,2436.189639544711,2441.027188471527,2384.1375658504785,2405.326171875,1376085,0.0,0.0,2428.621630859375,2503.8721240234377,2430.511515404333,2421.7516342489102,45.88838187214569,-35.90843637529042,1.7678801609539576,-37.67631653624438
2021-02-15 00:00:00+05:30,2413.937185079214,2435.7061576901488,2368.996397753001,2376.929931640625,1634576,0.0,0.0,2422.1320556640626,2504.749658203125,2425.408507426837,2419.993920421134,43.18138643239485,-35.54002273997685,1.7090350370140257,-37.249057776990874
2021-02-16 00:00:00+05:30,2391.684453435874,2394.683828584978,2343.308958827543,2370.64111328125,1615849,0.0,0.0,2415.4586547851563,2504.9721923828124,2420.1925651272572,2418.05851621957,42.58227646026783,-35.348037194083645,1.5208164663257833,-36.86885366040943
2021-02-17 00:00:00+05:30,2356.8540353564586,2375.285145559375,2304.60850255299,2310.55859375,3178784,0.0,0.0,2403.0309936523436,2503.3390380859373,2409.7512345198993,2413.8428329854687,37.2630108394574,-39.587702074362824,-2.1750787311627136,-37.41262334320011
2021-02-18 00:00:00+05:30,2345.2440095998177,2399.03765479845,2317.428099832493,2390.47509765625,4253843,0.0,0.0,2392.07392578125,2503.955341796875,2407.9154119614564,2412.9264512078526,46.78504109717762,-36.083129209418075,1.0635953070256292,-37.146724516443705
2021-02-19 00:00:00+05:30,2390.6203245015085,2390.6203245015085,2322.0239611330985,2337.939453125,2244567,0.0,0.0,2377.56611328125,2501.9071240234375,2401.2510349294125,2409.985784616368,42.24572030157717,-37.11705511305718,0.023735522709223744,-37.1407906357664
2021-02-22 00:00:00+05:30,2349.83974580247,2368.464311981244,2302.6736366484315,2309.49462890625,2002642,0.0,0.0,2367.426611328125,2499.217451171875,2392.512329593873,2406.0449549806776,39.98367922129308,-39.77322742409342,-2.1059494306616102,-37.66727799343181
2021-02-23 00:00:00+05:30,2297.8360281050923,2322.023775769356,2239.7854337108583,2295.126953125,3267268,0.0,0.0,2360.569384765625,2496.339111328125,2383.2375318349327,2401.6952294177104,38.852061387921985,-42.54715733210878,-3.9039034709415716,-38.64325386116721
2021-02-24 00:00:00+05:30,2295.9012800749374,2331.070363825393,2270.9394742888067,2284.6298828125,1708526,0.0,0.0,2356.9291381835938,2492.7245068359375,2373.84632716613,2397.1044315116237,38.00574538436056,-45.072969480615484,-5.143772495558615,-39.92919698505687
2021-02-25 00:00:00+05:30,2297.836096403535,2308.7205831759725,2260.29666367112,2296.626708984375,2839515,0.0,0.0,2353.6420288085938,2489.7503759765623,2366.492077815487,2393.1641286674176,39.62443157961819,-45.5812182843315,-4.521617039419702,-41.059601244911796
2021-02-26 00:00:00+05:30,2262.087199641232,2283.324000625683,2186.572983650018,2203.214111328125,3933813,0.0,0.0,2347.34599609375,2483.843740234375,2350.941795292881,2385.715108379602,32.507153577386156,-52.9116920229626,-9.481672622440641,-43.43001940052196
2021-03-01 00:00:00+05:30,2225.2726726106634,2292.90151717749,2225.2726726106634,2285.548583984375,2545806,0.0,0.0,2343.209851074219,2479.726982421875,2344.713870406357,2381.787009383711,42.338205326664486,-51.48396631258311,-6.443157529648914,-45.04080878293419
2021-03-02 00:00:00+05:30,2308.4784028888344,2324.490737459866,2282.3556380615087,2312.7353515625,2033586,0.0,0.0,2339.6663330078127,2475.6421484375,2341.6682971831324,2379.0791012338595,45.17781799174135,-47.60992093425784,-2.0552897210589194,-45.554631213198924
2021-03-03 00:00:00+05:30,2327.828858252087,2339.148677029323,2298.6101060261126,2324.0556640625,1591567,0.0,0.0,2337.1725830078126,2472.6902783203127,2339.990903552596,2376.9213193840023,46.36229507019451,-43.129092122928796,1.9404312722161023,-45.0695233951449
2021-03-04 00:00:00+05:30,2302.673646287711,2355.8866927355366,2273.648348225261,2338.568359375,2149984,0.0,0.0,2337.912731933594,2469.1356494140623,2339.8554231547296,2375.4172817365907,47.91593217436546,-37.969263745842454,5.68020771944196,-43.649471465284414
2021-03-05 00:00:00+05:30,2321.056242036614,2345.147143979533,2299.8678697836112,2309.54296875,1953642,0.0,0.0,2338.413427734375,2464.19263671875,2336.9685227352315,2372.8339753449595,45.10214482981589,-35.809380779511685,6.272072548618183,-42.08145332812987
2021-03-08 00:00:00+05:30,2305.5761888958077,2335.085242089816,2283.371882996438,2305.285888671875,1593838,0.0,0.0,2336.7614013671873,2459.0541845703124,2333.951129014912,2370.1850307695445,44.68765174053538,-34.048676800390695,6.426221222191344,-40.47489802258204
2021-03-09 00:00:00+05:30,2322.023899318972,2364.594337473153,2318.2988914970865,2343.986328125,1800442,0.0,0.0,2332.6906005859373,2453.999912109375,2334.906862263492,2369.157630665837,49.253437105498385,-29.193974218774656,9.024739043045912,-38.21871326182057
2021-03-10 00:00:00+05:30,2366.528862041345,2366.528862041345,2337.068237226957,2352.935302734375,1056102,0.0,0.0,2328.885852050781,2448.875,2336.623856594052,2368.521460943035,50.275565171179586,-24.343859130791316,11.099883304823408,-35.44374243561472
2021-03-12 00:00:00+05:30,2363.4330693555125,2384.573017499928,2319.121071723772,2323.329833984375,1279203,0.0,0.0,2323.847546386719,2442.4304150390626,2335.3577592026545,2366.74924027799,46.90935309289511,-22.62817833102372,10.252451283672805,-32.880629614696524
2021-03-15 00:00:00+05:30,2324.491232412256,2348.6789827730245,2266.924386553628,2278.486083984375,1524449,0.0,0.0,2317.5055419921873,2434.5065234375,2329.9414091818658,2363.2879400311813,42.290424757328125,-24.60339219637899,6.621789934654025,-31.225182131033016
2021-03-16 00:00:00+05:30,2301.8994932565124,2399.4245378427845,2298.1747218885725,2388.39501953125,4230564,0.0,0.0,2318.0787963867188,2428.5669775390625,2335.5084196913313,2364.272531384125,54.194924413358834,-17.102879515110544,11.297842092737977,-28.40072160784852
2021-03-17 00:00:00+05:30,2380.0743158051923,2380.0743158051923,2332.763176937818,2344.22802734375,1623187,0.0,0.0,2316.7581420898437,2422.1668994140623,2336.338858515371,2363.48647240215,49.753367271534756,-14.554797679898456,11.076739142360054,-25.63153682225851
2021-03-18 00:00:00+05:30,2388.636960488666,2388.636960488666,2312.348708812852,2326.426025390625,1851739,0.0,0.0,2317.551513671875,2414.6338623046877,2335.394779170157,2362.033121538953,48.044242789513845,-13.812673347375949,9.455090779906051,-23.267764127282
2021-03-19 00:00:00+05:30,2315.251147777345,2354.919052941939,2278.8244952010514,2332.908203125,3738079,0.0,0.0,2314.6731689453127,2407.00794921875,2335.1579624039514,2360.8909678756604,48.73481722997415,-12.556730722316843,8.56882672397213,-21.125557446288973
2021-03-22 00:00:00+05:30,2312.348856901102,2358.886181517111,2312.348856901102,2346.888916015625,1489853,0.0,0.0,2315.120642089844,2399.91513671875,2336.2751960812534,2360.341867802718,50.27009690395227,-10.314362899758635,8.648955637224269,-18.963318536982904
2021-03-23 00:00:00+05:30,2351.0494025427374,2354.8710199677207,2320.282535959119,2331.989501953125,1745466,0.0,0.0,2316.2453857421874,2391.5094140625,2335.8670347357174,2359.23001031842,48.59968714131943,-9.628536663141404,7.4678254990732,-17.096362162214604
2021-03-24 00:00:00+05:30,2331.9892303899733,2389.749525941271,2331.698930169418,2364.158935546875,4132092,0.0,0.0,2319.696984863281,2383.6580712890627,2338.5615014796376,2359.42330150385,52.286203609036164,-6.415258878676468,8.544882626830509,-14.960141505506977
2021-03-25 00:00:00+05:30,2371.3182044961413,2388.781804418984,2314.283546443989,2324.152099609375,2272545,0.0,0.0,2321.673095703125,2377.4979296875,2337.1891774919936,2358.0401171158314,47.70393932188066,-7.016053693512276,6.355270249595762,-13.371323943108038
2021-03-26 00:00:00+05:30,2346.2112641205704,2432.271213556623,2330.8279527897157,2423.757080078125,3084607,0.0,0.0,2328.0296142578127,2373.6559423828126,2345.4337396430537,2360.617252918274,57.654208170636,0.538889593721251,11.128170829463432,-10.589281235742181
2021-03-30 00:00:00+05:30,2456.604597360513,2499.513521722856,2439.5763278345307,2494.2890625,2332884,0.0,0.0,2342.583361816406,2371.9947265625,2359.610437058001,2365.859284666577,63.019877492368664,12.078346441091526,18.134102141466965,-6.055755700375439
2021-03-31 00:00:00+05:30,2494.289139017178,2499.029843412663,2448.767747438467,2454.959716796875,1616044,0.0,0.0,2351.053918457031,2370.9594921875,2368.691320842656,2369.353419259922,58.5637478025875,17.844202758969004,19.119966767475553,-1.2757640085065503
2021-04-01 00:00:00+05:30,2449.7346999148867,2481.2271896851007,2449.7346999148867,2468.843017578125,1219588,0.0,0.0,2358.8593017578123,2370.254169921875,2378.2295776746055,2373.2549721351456,59.64842729226543,23.265758594454383,19.633218082368746,3.6325405120856367
2021-04-05 00:00:00+05:30,2474.8903011020825,2474.8903011020825,2403.778324115764,2429.07861328125,1268939,0.0,0.0,2364.11044921875,2367.653505859375,2383.0723429704763,2375.4441345330324,55.1920313469852,24.07619021858045,16.354919765195852,7.7212704533846
2021-04-06 00:00:00+05:30,2443.930079084882,2534.8760123524908,2423.128615624738,2526.7490234375,3372846,0.0,0.0,2373.519482421875,2365.9961572265624,2396.755836348288,2381.3776595881095,62.58592215405418,32.228142982498866,19.605498023291414,12.622644959207452
2021-04-07 00:00:00+05:30,2520.3636897350416,2581.365245858814,2515.622984955604,2543.197021484375,1937977,0.0,0.0,2385.202185058594,2364.29818359375,2410.7026158850585,2387.723516917375,63.673051970053336,39.55981928865276,21.549739463556246,18.010079825096515
2021-04-08 00:00:00+05:30,2544.5510442880404,2572.0282310433518,2542.6160244824982,2564.530029296875,897483,0.0,0.0,2398.1643920898437,2365.3430908203127,2425.352845733803,2394.65710563814,65.08989345919956,46.554964376367025,22.835907641016405,23.71905673535062
2021-04-09 00:00:00+05:30,2549.388445285097,2568.738642213257,2525.3457311184743,2545.324951171875,1185017,0.0,0.0,2408.2313232421875,2367.60416015625,2436.778760537429,2400.565648600247,62.71832601152871,49.97292122570025,21.003091592279702,28.969829633420545
2021-04-12 00:00:00+05:30,2494.4340585156115,2525.200921583497,2471.987875343232,2517.654296875,1427691,0.0,0.0,2416.4672729492186,2370.8085498046876,2444.4811925695785,2405.1573602972967,59.36233397548682,49.87397002442185,16.723312312801042,33.15065771162081
2021-04-13 00:00:00+05:30,2515.5258226177343,2540.681080843912,2480.985765295025,2487.177734375,1200230,0.0,0.0,2424.65966796875,2373.3047265625,2448.5475298843808,2408.373845555246,55.81955492324478,46.796901048783184,10.916994669729903,35.87990637905328
2021-04-15 00:00:00+05:30,2505.8505640840144,2509.285271365282,2454.572540957971,2503.625244140625,1209829,0.0,0.0,2435.9166259765625,2376.7945361328125,2453.7930264802135,2412.1091945193784,57.30061796766134,45.16484606571112,7.427951749326269,37.73689431638485
2021-04-16 00:00:00+05:30,2503.5286461237074,2605.987847365592,2497.8201961382024,2577.156005859375,2760777,0.0,0.0,2445.3546752929688,2380.9722265625,2465.5418816591814,2418.581618493496,63.23448379700806,49.23717319823936,9.200223105483609,40.03695009275575
2021-04-19 00:00:00+05:30,2563.9012408939693,2563.9012408939693,2483.452887007421,2488.338623046875,1552036,0.0,0.0,2452.560205078125,2383.066884765625,2467.712999886581,2421.3171872995113,53.5535360795742,44.781488155225816,3.795630449976045,40.98585770524977
2021-04-20 00:00:00+05:30,2515.526068978704,2520.073318861696,2446.639402331449,2470.681884765625,1489287,0.0,0.0,2459.772998046875,2385.0019091796876,2467.995750827443,2423.2530577883786,51.85395088018371,39.37172174119587,-1.2913087712431235,40.66303051243899
2021-04-22 00:00:00+05:30,2472.6165237618534,2473.922756579766,2407.164575037332,2429.6591796875,1690758,0.0,0.0,2464.610546875,2387.11978515625,2464.344648814115,2423.504278255011,48.03933938336677,31.412153669940835,-7.400701473998524,38.81285514393936
2021-04-23 00:00:00+05:30,2444.9942141939805,2481.6627426922887,2415.0980183756537,2436.141357421875,1614593,0.0,0.0,2469.0731689453123,2389.85203125,2461.6586210624732,2423.999849987045,48.6817630216687,25.33514837731218,-10.78216541330174,36.11731379061392
2021-04-26 00:00:00+05:30,2447.8000255412776,2491.3379706596006,2447.8000255412776,2474.79345703125,1103980,0.0,0.0,2476.2133666992186,2392.5813720703127,2462.9095578214046,2425.991756145641,52.45640451421679,23.36860062825417,-10.198970529887802,33.56757115814197
2021-04-27 00:00:00+05:30,2462.312476848203,2496.0784748764154,2451.66986889326,2490.708984375,866331,0.0,0.0,2482.540869140625,2393.8875048828127,2465.5571222550807,2428.5296866644394,53.95812668835794,22.83116396762989,-8.589125752409664,31.420289720039555
2021-04-28 00:00:00+05:30,2503.9155925509635,2535.117786468957,2491.337963994873,2529.60302734375,1065561,0.0,0.0,2492.8134155273438,2395.8989599609376,2471.6567322635256,2432.493347083236,57.49172961292203,25.252569852480974,-4.9341758940468665,30.18674574652784
2021-04-29 00:00:00+05:30,2544.551155189813,2556.1612745290827,2486.500558493468,2528.538818359375,1295346,0.0,0.0,2498.0525024414064,2397.9878173828124,2477.0740737964634,2436.259836152889,57.362006426217945,26.777009987414658,-2.727788607290549,29.504798594705207
2021-04-30 00:00:00+05:30,2510.688116307351,2521.137270160265,2442.043338172548,2453.991943359375,1384907,0.0,0.0,2496.037646484375,2398.9611328125,2474.875775659598,2436.9552129060844,49.01832184046633,21.719461546266757,-6.2282696387507634,27.94773118501752
2021-05-03 00:00:00+05:30,2428.449869833894,2510.785057513644,2424.192920720762,2498.255615234375,1034774,0.0,0.0,2498.20244140625,2401.387646484375,2477.102427047672,2439.3591502522922,53.35668251590623,21.040484751392796,-5.52579714689978,26.566281898292576
2021-05-04 00:00:00+05:30,2520.3634087341607,2532.892615290202,2488.000248289808,2503.09326171875,1058140,0.0,0.0,2499.9149536132813,2404.036689453125,2479.5777446353936,2441.8585271725456,53.819217081505435,20.65465439232321,-4.729302004775494,25.383956397098704
2021-05-05 00:00:00+05:30,2531.973516733805,2531.973516733805,2463.377156369499,2484.226806640625,1220186,0.0,0.0,2502.67236328125,2407.5100537109374,2480.020512445416,2443.520028328157,51.6673672785855,18.611968613118734,-5.417590227183975,24.02955884030271
2021-05-06 00:00:00+05:30,2496.030553857186,2497.9655736911877,2445.865070177319,2466.231201171875,1518119,0.0,0.0,2499.6464721679686,2409.02517578125,2478.7072447050787,2444.4106625573227,49.629051822246936,15.363924690444492,-6.932507319886575,22.296432010331067
2021-05-07 00:00:00+05:30,2471.987834732391,2505.85068178352,2458.926450869813,2468.74658203125,1416102,0.0,0.0,2495.9239501953125,2411.641318359375,2477.758610164714,2445.365012340614,49.92641400191106,12.844730635074484,-7.561361100205268,20.40609173527975
2021-05-10 00:00:00+05:30,2504.883005560729,2504.883005560729,2459.555074534077,2473.874267578125,1526814,0.0,0.0,2491.391162109375,2414.9289111328126,2477.388672775515,2446.4830223499284,50.56706909363615,11.133670542611071,-7.417936954134948,18.55160749674602
2021-05-11 00:00:00+05:30,2450.702659688264,2478.760447738386,2439.3828407166347,2473.197265625,1168363,0.0,0.0,2487.784777832031,2418.4903173828125,2476.9894911421325,2447.5306397332647,50.47524698515767,9.612211105901224,-7.151517112675837,16.76372821857706
2021-05-12 00:00:00+05:30,2493.272934171713,2504.8346298727256,2447.799970296637,2473.148681640625,2085630,0.0,0.0,2485.5594970703123,2422.260693359375,2476.6236997610367,2448.535268827671,50.46816451294879,8.306767968917484,-6.765568199727662,15.072336168645146
2021-05-14 00:00:00+05:30,2534.8759225339027,2743.132427238262,2517.0254122295087,2684.356201171875,10543708,0.0,0.0,2495.418420410156,2430.015283203125,2496.40774751445,2457.7831485274437,70.10593914606837,24.037783958457567,7.172358231849934,16.865425726607633
2021-05-17 00:00:00+05:30,2691.612258276435,2732.441124513993,2658.2815929740477,2692.337890625,2134352,0.0,0.0,2504.854052734375,2439.7977587890623,2515.067761144026,2466.98137370774,70.58063052475632,36.72543514357767,15.88800753357603,20.83742761000164
2021-05-18 00:00:00+05:30,2706.1253348627665,2752.5658125436435,2698.385255249287,2730.11962890625,1328605,0.0,0.0,2512.502233886719,2448.6891796875,2535.5488914070947,2477.300520970427,72.7836958344554,49.26130695898746,22.739103479188657,26.522203479798804
2021-05-19 00:00:00+05:30,2714.0104914878984,2756.4358980561524,2707.7216766976685,2724.363037109375,1219067,0.0,0.0,2524.3034545898436,2456.9217333984375,2553.531190997788,2486.9892470935233,71.90022454490305,58.06226123559509,25.232046204637022,32.830215030958065
2021-05-20 00:00:00+05:30,2722.573179011229,2752.5659894409905,2688.226573519083,2703.31982421875,1211975,0.0,0.0,2535.9353515625,2464.5070166015626,2567.79677511407,2495.47279913765,68.62117640236734,62.617256734703915,23.82963336299668,38.787623371707234
2021-05-21 00:00:00+05:30,2715.80017824636,2761.2731416868933,2704.1900599211167,2740.4716796875,1328308,0.0,0.0,2551.4759765625,2472.5450830078125,2584.2420041210635,2505.0805983748987,71.1249413990288,68.43607920889508,23.71876466975028,44.7173145391448
2021-05-24 00:00:00+05:30,2753.533071347484,2756.4356009378007,2716.961151267796,2727.603759765625,813091,0.0,0.0,2566.0490966796874,2480.906298828125,2597.895504658641,2513.8069968608097,69.06926722955093,71.18858663269748,21.17701767484214,50.01156895785534
2021-05-25 00:00:00+05:30,2744.728915478756,2827.6928946829066,2731.038744006014,2819.7109375,2730112,0.0,0.0,2583.294970703125,2491.1947998046876,2619.020783976866,2525.8032298270523,74.70485628940847,79.88142472835943,23.895884616403272,55.98554011195616
2021-05-26 00:00:00+05:30,2844.334201349192,2852.1224674261225,2815.840844551667,2846.02734375,1250531,0.0,0.0,2601.060888671875,2501.2356201171874,2640.640456336212,2538.361038216188,76.04766677433176,87.88103769814188,25.51639806894857,62.36463962919331
2021-05-27 00:00:00+05:30,2854.1544217649907,2868.6670713671856,2807.9558205313374,2853.525634765625,2415085,0.0,0.0,2617.2570190429688,2511.2474267578127,2660.915235234251,2550.7204341593033,76.4315759647874,93.74520169909647,25.104449655922522,68.64075204317395
2021-05-28 00:00:00+05:30,2862.039495712857,2867.506068715811,2835.916726774399,2845.156494140625,711383,0.0,0.0,2633.0879028320314,2521.6839599609375,2678.462021796763,2562.266946315434,74.98690361171768,96.60368704372922,22.370348000444224,74.233339043285
2021-05-31 00:00:00+05:30,2842.5443418411523,2892.806438424725,2840.706167349227,2880.760986328125,2093635,0.0,0.0,2654.4263549804687,2533.7294580078124,2697.728589847369,2574.7569086688727,76.9803471155147,100.58258876124819,21.079399774370543,79.50318898687765
2021-06-01 00:00:00+05:30,2868.6668205977057,2885.695089125788,2820.3881716248284,2835.771484375,1194073,0.0,0.0,2671.3021484375,2542.6769873046874,2710.875532183334,2584.9927743828384,69.44867332356121,98.96481543527989,15.569301158721785,83.3955142765581
2021-06-02 00:00:00+05:30,2824.016560296182,2838.432364314118,2783.671205724995,2809.358642578125,2067842,0.0,0.0,2686.6154174804688,2551.979599609375,2720.254876030457,2593.791435880693,65.40293751401636,94.46251772389815,8.853602757872025,85.60891496602612
2021-06-03 00:00:00+05:30,2824.741943978621,2846.4140708367518,2809.6971180824366,2839.980224609375,1404434,0.0,0.0,2704.4030883789064,2562.25068359375,2731.65729018083,2603.4458981837784,67.74866944543037,92.30132785309888,5.353930309658196,86.94739754344069
2021-06-04 00:00:00+05:30,2857.0569982279376,2892.8548678298453,2813.5190487121035,2829.869873046875,1509084,0.0,0.0,2722.5850219726562,2572.1899169921876,2741.0108695014055,2612.325269747037,66.15382822672727,88.74969717038584,1.4418397015561197,87.30785746882972
2021-06-07 00:00:00+05:30,2834.804091534045,2845.446700751408,2809.600410645775,2837.803466796875,802415,0.0,0.0,2741.0378662109374,2582.0082080078123,2750.229212100974,2621.1675519842856,66.81400450526131,85.58856725178885,-1.3754321736327029,86.96399942542155
2021-06-08 00:00:00+05:30,2832.86892353695,2848.590959058629,2813.034971032678,2831.17578125,762931,0.0,0.0,2758.902941894531,2591.99193359375,2757.9384091627862,2629.4031688182354,65.66177341530488,81.60782596422814,-4.284938768954731,85.89276473318287
2021-06-09 00:00:00+05:30,2835.578067112836,2868.6668585089174,2824.74200345561,2847.913818359375,1340352,0.0,0.0,2777.63876953125,2601.66703125,2766.5074957529378,2637.9722138982797,67.2001790945404,78.89423588196723,-5.598823080972522,84.49305896293976
2021-06-10 00:00:00+05:30,2863.421971315091,2877.3259013678357,2839.7463840035207,2868.866943359375,1344559,14.5,0.0,2797.4246826171875,2612.561328125,2776.256014572599,2647.026909171264,69.06838430507322,77.54059851401962,-5.561968359136117,83.10256687315574
2021-06-11 00:00:00+05:30,2878.006230179704,2889.2849981950358,2857.19911792614,2874.360107421875,878445,0.0,0.0,2806.9248779296877,2621.573388671875,2785.599261510625,2655.9419365536405,69.55792168063462,76.03460399410005,-5.654370303244548,81.6889742973446
2021-06-14 00:00:00+05:30,2873.242182167729,2887.729348933483,2835.711328674917,2868.18603515625,746823,0.0,0.0,2815.71728515625,2629.051328125,2793.4646685244943,2664.2652345380566,68.25047865497454,73.49568395879623,-6.554632270838695,80.05031622963493
2021-06-15 00:00:00+05:30,2887.729706422137,2965.513671578289,2878.930347888283,2957.9296875,2262031,0.0,0.0,2827.1077880859375,2639.1107275390623,2809.1280036650187,2675.781487595388,75.46848501354287,77.82798173680521,-1.7778675942637676,79.60584933106898
2021-06-16 00:00:00+05:30,2945.0952991181675,2957.929605537738,2922.2462599866794,2935.08056640625,859505,0.0,0.0,2837.643664550781,2648.435478515625,2821.12348583085,2685.9500789213043,71.04020834361049,78.5125816552677,-0.8746141406410288,79.38719579590872
2021-06-17 00:00:00+05:30,2934.351099210728,2988.799868810765,2917.384521159133,2975.528076171875,1533864,0.0,0.0,2851.2540771484373,2659.3644677734374,2835.8286849109477,2697.306078813484,73.95375036551586,81.38080081308453,1.5948840137406393,79.7859167993439
2021-06-18 00:00:00+05:30,2976.743608526863,2992.543475544251,2932.5039808781776,2962.791015625,2293860,0.0,0.0,2862.3700439453123,2668.0853076171875,2847.9203354551432,2707.7172528060923,71.51381724900602,81.68450272144537,1.5188687376811743,80.1656339837642
2021-06-21 00:00:00+05:30,2940.4279844712137,2993.855792413773,2937.36533611811,2983.549560546875,720491,0.0,0.0,2875.167333984375,2676.8923583984374,2860.8374045114983,2718.534206050829,73.07307142314068,82.6475205896104,1.985509284676965,80.66201130493343
2021-06-22 00:00:00+05:30,2999.543990275244,3007.176636384767,2920.9821423412573,2927.3994140625,1199238,0.0,0.0,2880.5517578125,2684.14974609375,2867.1766435163554,2726.7249985218755,63.02397288973642,77.98095571731574,-2.1448444700941565,80.1258001874099
2021-06-23 00:00:00+05:30,2946.067106204499,2946.067106204499,2900.855185267697,2904.5986328125,1009007,0.0,0.0,2883.480322265625,2691.3352197265626,2870.7406424969404,2733.700435160724,59.44880540095617,71.61727754708681,-6.806818112258469,78.42409565934528
2021-06-24 00:00:00+05:30,2904.598992609972,2965.221723723057,2893.0284861877267,2958.950439453125,985596,0.0,0.0,2888.7515625,2700.161142578125,2879.1415755403864,2742.5337686623866,64.60346826728623,70.15109515089352,-6.61840040676141,76.76949555765493
2021-06-25 00:00:00+05:30,2946.2617082303623,2968.916332601158,2902.313821128036,2920.690185546875,786964,0.0,0.0,2892.5282470703123,2708.8313916015627,2883.098586017195,2749.52029481472,58.925196199571964,65.15083404282586,-9.294929211863263,74.44576325468913
2021-06-28 00:00:00+05:30,2940.2334959846253,2954.6722375678096,2893.8061978916144,2900.320556640625,891695,0.0,0.0,2893.5062255859375,2716.7652978515625,2884.738773695617,2755.4340305725987,56.09817510033224,58.865863244350294,-12.46392000827106,71.32978325262135
2021-06-29 00:00:00+05:30,2906.2029467850707,2940.08767629472,2890.6948186161912,2918.356689453125,1242734,0.0,0.0,2897.6354858398436,2723.5893115234376,2887.940479958237,2761.8231544502664,58.018737822961654,54.70968460102222,-13.296078921279317,68.00576352230154
2021-06-30 00:00:00+05:30,2915.926071163237,2946.067354326311,2902.9457784628585,2909.800537109375,924522,0.0,0.0,2902.657580566406,2732.0185498046876,2890.0223901631075,2767.626189064349,56.750400935529505,50.14740502568202,-14.286686797295616,64.43409182297763
2021-07-01 00:00:00+05:30,2924.6767788628654,2943.0531437257446,2913.9814847912257,2937.900146484375,848235,0.0,0.0,2907.553576660156,2741.3629150390625,2894.5821764794186,2774.303599159252,59.85432818779997,48.24305334243127,-12.952830784437097,61.195884126868364
2021-07-02 00:00:00+05:30,2948.935733429148,2954.623780479149,2916.655437369196,2921.760009765625,805542,0.0,0.0,2912.148083496094,2751.204931640625,2897.170541554295,2780.086203496757,57.31012151432111,44.91372925585347,-13.025723896811925,57.93945315266539
2021-07-05 00:00:00+05:30,2936.344239571366,2965.5132220836645,2923.801672042193,2931.288330078125,863343,0.0,0.0,2916.8223266601562,2761.10787109375,2900.419854747041,2786.015698656811,58.43341941879589,42.55354101630246,-12.30872970909035,54.86227072539281
2021-07-06 00:00:00+05:30,2919.8154954692704,2945.5814330749768,2913.0093987432347,2919.329345703125,762630,0.0,0.0,2921.2300048828124,2769.9985888671877,2902.22075864762,2791.24368481549,56.42656318086287,39.26545699225244,-12.477450986512302,51.74290797876474
2021-07-07 00:00:00+05:30,2980.0978570137927,2983.987054869602,2927.836760826357,2955.8876953125,1234865,0.0,0.0,2926.628698730469,2779.3021630859375,2907.331895472847,2797.700312678118,60.85278156155886,39.15818877139691,-10.06777536589427,49.22596413729118
2021-07-08 00:00:00+05:30,2965.513401935856,2974.264097220257,2935.177705758827,2944.41455078125,907391,0.0,0.0,2930.4060791015627,2787.5983935546874,2910.8635769307903,2803.453812211574,58.83296322472394,37.71266295175019,-9.210640948432797,46.92330390018299
2021-07-09 00:00:00+05:30,2938.289197884623,2954.964039976422,2923.704704844163,2927.205078125,547082,0.0,0.0,2933.0483276367186,2795.57171875,2912.419910377858,2808.3068030317086,55.83904692601926,34.77751911532596,-9.716627827885624,44.49414694321158
2021-07-12 00:00:00+05:30,2950.8318196929304,2958.561791044797,2908.1966267025937,2916.315185546875,765566,0.0,0.0,2935.45478515625,2804.81818359375,2912.790888965383,2812.5424258754406,53.96753653675735,31.212870614855092,-10.6250210626852,41.83789167754029
2021-07-13 00:00:00+05:30,2936.344235945921,2937.4138602544995,2902.654156136928,2910.918701171875,703484,0.0,0.0,2933.1042358398436,2813.0714453125,2912.6125853660014,2816.40031902432,53.019206555279254,27.63386382685212,-11.363222280550538,38.99708610740266
2021-07-14 00:00:00+05:30,2919.8153955432776,2924.433818163601,2901.5361174862264,2918.79443359375,470744,0.0,0.0,2932.289929199219,2821.38546875,2913.2013328162634,2820.415774497631,54.28184863813008,25.14314640749126,-11.083151759929123,36.22629816742038
2021-07-15 00:00:00+05:30,2926.621738988837,2927.594038569897,2888.7993802367573,2900.953125,635535,0.0,0.0,2928.561181640625,2829.7199951171874,2912.0348368337623,2823.5741019683123,50.941786690784014,21.481959750570695,-11.795470733479753,33.27743048405045
2021-07-16 00:00:00+05:30,2911.0648776360804,2922.732472336025,2882.868190444549,2906.4951171875,1062548,0.0,0.0,2925.74638671875,2838.5252734375,2911.507244486499,2826.825906486712,51.931220786708984,18.810796250840667,-11.573307386567826,30.384103637408494
2021-07-19 00:00:00+05:30,2906.4951295477363,2916.606950046227,2882.8682027043083,2899.3486328125,837836,0.0,0.0,2921.536340332031,2847.137314453125,2910.3492814699275,2829.669934970076,50.516345083387186,15.933546365001348,-11.560445817925718,27.493992182927066
2021-07-20 00:00:00+05:30,2913.0094782096544,3091.426447252202,2897.0151979427123,3071.54296875,6755922,0.0,0.0,2928.743518066406,2859.0906884765627,2925.7010612108866,2839.1551519810537,71.01081968553176,27.23401218319077,-0.2079839997890396,27.44199618297981
2021-07-22 00:00:00+05:30,3043.297369135753,3077.327850899252,3004.4053899774685,3020.69140625,1982572,0.0,0.0,2934.5481567382812,2870.0405712890624,2934.747760738421,2846.2742207759147,62.74603690778657,31.7207594802544,3.4230106378196687,28.297748842434732
2021-07-23 00:00:00+05:30,3019.962523275993,3042.908888526324,2992.786797240431,2998.328857421875,815329,0.0,0.0,2936.5170776367186,2880.5441748046874,2940.8031032797026,2852.2371477032075,59.4681566980911,33.09062016852795,3.834297060874569,29.25632310765338
2021-07-26 00:00:00+05:30,2994.6336911491358,3032.6020327506694,2966.680081517336,2976.403076171875,1136884,0.0,0.0,2939.3027221679686,2886.3851123046875,2944.193576888481,2857.106399800018,56.359367009367446,32.03770658904341,2.225106785112022,29.812599803931388
2021-07-27 00:00:00+05:30,2994.098835832777,2996.140759631933,2937.6083801304217,2944.754638671875,904289,0.0,0.0,2941.5244262695314,2891.433447265625,2944.247011344042,2860.5435856381305,52.123680409911294,28.323010547122067,-1.1916714054474582,29.514681952569525
2021-07-28 00:00:00+05:30,2946.407625251906,2948.9841237488413,2901.3414524452824,2920.884765625,996594,0.0,0.0,2941.650830078125,2895.24875,2942.0220355612764,2862.9099064219295,49.12491792551237,23.185717387494606,-5.0631716520599355,28.24888903955454
2021-07-29 00:00:00+05:30,2920.88512377812,2955.7419196302653,2907.467342739156,2914.419189453125,762683,0.0,0.0,2941.8817626953123,2899.049873046875,2939.393193074786,2864.9298783055056,48.31410118459545,18.380775446582902,-7.894490874377311,26.275266320960213
2021-07-30 00:00:00+05:30,2924.677001151445,2925.308900898041,2870.130902289217,2876.49951171875,1067423,0.0,0.0,2938.811730957031,2902.513466796875,2933.403318659925,2865.3835894197505,43.752989657361226,11.38182071125675,-11.91475648776277,23.29657719901952
2021-08-02 00:00:00+05:30,2902.897587577161,2904.064299543972,2878.638524268886,2891.66748046875,832285,0.0,0.0,2937.3071044921876,2905.5373828125,2929.4284769274323,2866.4143302452017,45.95101064816522,6.978582221057422,-13.054395982369677,20.0329782034271
2021-08-03 00:00:00+05:30,2936.344294577965,2980.097769166047,2911.258921671906,2943.150390625,2433031,0.0,0.0,2937.9002075195312,2909.8483154296873,2930.73532585101,2869.423587514998,52.70646433939338,7.556122308482372,-9.981484715955784,17.537607024438156
2021-08-04 00:00:00+05:30,2956.373987676452,2968.7221439888303,2928.56612671469,2934.9833984375,659295,0.0,0.0,2938.68291015625,2912.1537646484376,2931.1399041925806,2871.994560492351,51.60457275598247,7.271003372750329,-8.213282921350263,15.484286294100592
2021-08-05 00:00:00+05:30,2949.956579501827,2955.7903762971505,2897.5010707927718,2905.61962890625,693694,0.0,0.0,2936.1695068359377,2913.3456103515623,2928.7094017843588,2873.3131906262297,47.7400801904868,4.6223501884410325,-8.689548884527648,13.31189907296868
2021-08-06 00:00:00+05:30,2912.0372769890223,2917.871074538917,2879.4165782136297,2884.278076171875,744159,0.0,0.0,2933.1626831054687,2913.9606591796874,2924.4778469641224,2873.743186137824,45.09676720093652,0.7920581570983813,-10.01587273269624,10.807930889794621
2021-08-09 00:00:00+05:30,2911.6967158995494,2931.483106444756,2890.695188309919,2909.655029296875,825462,0.0,0.0,2932.2851806640624,2915.2506298828125,2923.066150043432,2875.151493712689,48.73182601784901,-0.1935368678236955,-8.801174206094654,8.607637338270958
2021-08-10 00:00:00+05:30,2914.9539362556898,2924.9686687023773,2878.5413670158496,2894.681396484375,724335,0.0,0.0,2931.2034912109375,2915.5290380859374,2920.362840180665,2875.917372252755,46.764387539351084,-2.1579989850097263,-8.612509058624548,6.454510073614822
2021-08-11 00:00:00+05:30,2904.647656312239,2918.3085128208268,2870.763158539588,2890.2578125,987941,0.0,0.0,2930.170446777344,2916.6187646484377,2917.4956946872685,2876.4797424585295,46.17133564799123,-4.025393394834737,-8.383922774759647,4.35852937992491
2021-08-12 00:00:00+05:30,2891.6186991944637,2902.55706851724,2876.0619072687364,2893.0771484375,438552,0.0,0.0,2928.8845825195312,2918.293134765625,2915.1701188539573,2877.1306211243714,46.635834240650325,-5.217673972819284,-7.660962682195356,2.4432887093760716
2021-08-13 00:00:00+05:30,2898.3276371190927,2918.84325259982,2890.7438905222552,2905.91162109375,572250,0.0,0.0,2929.1325073242188,2919.6117626953123,2914.288357162509,2878.2592877898373,48.80175114486234,-5.0685036841568945,-6.0094339148263725,0.9409302306694785
2021-08-16 00:00:00+05:30,2897.4526914873845,2901.4876397139983,2878.0067002693486,2889.0908203125,461742,0.0,0.0,2928.2622924804687,2920.796181640625,2911.888591748222,2878.684053771118,46.15758657979569,-6.235701911382421,-5.74130571364152,-0.4943961977409014
2021-08-17 00:00:00+05:30,2891.618642358564,2959.6796056958533,2890.743667781062,2931.774658203125,2036757,0.0,0.0,2929.88359375,2922.67560546875,2913.7825028391653,2880.766038258648,53.10162824105838,-3.6741328056955354,-2.5437892863637073,-1.1303435193318283
2021-08-18 00:00:00+05:30,2963.568780420989,2963.568780420989,2909.6548223603468,2918.405517578125,1375320,0.0,0.0,2922.2267211914063,2924.4202001953126,2914.2227899571617,2882.2420962711767,50.88788663483885,-2.6918191367876716,-1.2491804939646745,-1.4426386428229971
2021-08-20 00:00:00+05:30,2918.3565223338146,3037.511856103559,2918.3565223338146,3026.71923828125,3931334,0.0,0.0,2922.528112792969,2927.99630859375,2924.9367374165986,2887.9078665460816,63.98702557512028,6.748886604477775,6.553220197840618,0.19566640663715718
2021-08-23 00:00:00+05:30,3071.5428611716184,3076.209946366034,2966.485850045636,2992.203125,1578949,0.0,0.0,2922.221826171875,2930.4630322265625,2931.343060043589,2891.9978766815293,58.621252368157855,11.315118400930714,8.895561595434845,2.4195568054958687
2021-08-24 00:00:00+05:30,3007.127763286072,3007.127763286072,2950.491320759571,2961.575439453125,763704,0.0,0.0,2921.4804443359376,2932.2073388671874,2934.2223342730686,2894.7264085549255,54.27219854618004,12.320469042265358,7.920729789415592,4.399739252849766
2021-08-25 00:00:00+05:30,2942.178518020102,2984.959699379284,2929.149798648209,2953.894775390625,797870,0.0,0.0,2921.937451171875,2933.921513671875,2936.0959000937883,2897.0467366661296,53.20616488049275,12.35503017174642,6.364232735117323,5.990797436629098
2021-08-26 00:00:00+05:30,2979.1255379141853,2999.057676793833,2942.3725709434702,2955.449951171875,1319516,0.0,0.0,2923.6657104492188,2933.8719189453127,2937.939143053606,2899.33705880361,53.40573310129356,12.36536952159122,5.099657667969696,7.265711853621523
2021-08-27 00:00:00+05:30,2956.2277530448005,2973.242993061609,2936.8304269011965,2952.678955078125,634375,0.0,0.0,2925.5786987304687,2934.22388671875,2939.342934674989,2901.428897873199,52.97223009419247,12.01150613838854,3.7966354278136123,8.214870710574928
2021-08-30 00:00:00+05:30,2972.027991341912,3027.9838780015457,2963.61769517328,3022.63623046875,1051747,0.0,0.0,2932.885534667969,2935.1660498046876,2947.27562951249,2906.1821266024363,61.474488553450485,17.17801683925245,7.170516902942017,10.007499936310433
2021-08-31 00:00:00+05:30,3022.6361126744773,3121.081438419002,3017.0940529229406,3112.671142578125,2283290,0.0,0.0,2943.9357177734373,2938.16365234375,2963.0275831377885,2914.279735072071,69.19383165115686,28.212364173848073,14.563891390030111,13.648472783817962
2021-09-01 00:00:00+05:30,3140.57631888809,3240.6745135889364,3125.9431626727965,3211.262451171875,2423168,0.0,0.0,2957.3413208007814,2942.71791015625,2986.668999141035,2925.926116095593,75.0817506653909,44.40083340730462,24.60188849878932,19.798944908515296
2021-09-02 00:00:00+05:30,3221.179499587986,3227.0619588897844,3176.161986400887,3210.14404296875,847517,0.0,0.0,2971.0993530273436,2948.372802734375,3007.9523366484364,2937.0719171494425,74.90684975398734,56.4888968713617,29.351961570277126,27.136935301084577
2021-09-03 00:00:00+05:30,3210.14422563524,3252.293267866037,3195.462407769972,3246.313720703125,832039,0.0,0.0,2988.1340576171874,2955.2071044921877,3030.6534208441212,2949.199046700567,76.7899070746752,68.20118416963123,32.851399094837326,35.34978507479391
2021-09-06 00:00:00+05:30,3249.4247927523693,3254.9668521944304,3214.324687322985,3223.70751953125,664394,0.0,0.0,3005.1055297851562,2960.50224609375,3049.039525480991,2959.9640848507897,73.09775140944255,74.79691248169138,31.557701925517975,43.239210556173404
2021-09-07 00:00:00+05:30,3241.160648812172,3300.568248080814,3231.778052819539,3243.83447265625,1285818,0.0,0.0,3021.814501953125,2966.9651318359374,3067.591425211968,2971.096256921592,74.28331793156555,80.71768833180522,29.982782220505456,50.734906111299765
2021-09-08 00:00:00+05:30,3252.3417812796843,3268.433385251561,3205.6714059429355,3244.174560546875,702598,0.0,0.0,3039.28916015625,2973.8422119140623,3084.4088666724356,2981.8052100049367,74.3039243239373,84.46374265200848,26.98306923256697,57.48067341944151
2021-09-09 00:00:00+05:30,3213.4496204397137,3265.953789729803,3213.4496204397137,3253.654296875,591745,0.0,0.0,3057.458984375,2980.5481640625,3100.52747907268,2992.465958509645,74.90748507905573,87.19235400424623,23.769344467843773,63.42300953640245
2021-09-13 00:00:00+05:30,3253.897286346035,3280.538195113388,3238.097421002054,3273.78076171875,610920,0.0,0.0,3076.4941650390624,2987.8277685546873,3117.0277917056387,3003.497911576669,76.18638187703392,89.94203982040972,21.21522422720581,68.72681559320391
2021-09-14 00:00:00+05:30,3291.136346542259,3294.734044445775,3263.863536596972,3269.35693359375,569412,0.0,0.0,3094.6664306640623,2994.456904296875,3131.535329028316,3013.923755577339,75.27819352548114,90.71847358868126,17.593326396381883,73.12514719229938
2021-09-15 00:00:00+05:30,3268.7249602324387,3290.212635383204,3254.237556181154,3259.439453125,587855,0.0,0.0,3113.1838623046874,3001.2104931640624,3143.7166741803812,3023.551822147835,73.17231571018476,89.50182384165828,13.101341319487119,76.40048252217116
2021-09-16 00:00:00+05:30,3257.2032878080468,3277.621577074903,3242.618795474578,3249.522216796875,516746,0.0,0.0,3129.071240234375,3007.5751708984376,3153.793392524809,3032.413406251719,71.03241054974993,86.73752585594457,8.269634667018721,78.46789118892585
2021-09-17 00:00:00+05:30,3259.148216540214,3288.317204158414,3194.05280664783,3211.55419921875,1545695,0.0,0.0,3143.7286743164063,3013.41966796875,3159.294421733756,3039.438535387681,63.389213873218,80.55451576568066,1.6692996614038549,78.88521610427681
2021-09-20 00:00:00+05:30,3208.539478581717,3223.172632579241,3174.5576607454677,3180.92626953125,689288,0.0,0.0,3151.4390258789062,3017.920439453125,3161.3545977144695,3044.987073981547,57.97034354123411,72.34902326102201,-5.228954274603836,77.57797753562585
2021-09-21 00:00:00+05:30,3180.9267075259704,3242.6190678021435,3180.3918952866,3217.53369140625,922057,0.0,0.0,3162.7055541992186,3023.382822265625,3166.704987589877,3051.7536079982024,62.13662755816571,68.01597847661924,-7.649599247205288,75.66557772382453
2021-09-22 00:00:00+05:30,3236.298564924112,3237.708351583793,3197.16351392871,3225.603271484375,825945,0.0,0.0,3175.906945800781,3029.3507861328126,3172.3143479607816,3058.5712418604053,63.00714476555376,64.48975913921322,-8.940654867689048,73.43041400690227
2021-09-23 00:00:00+05:30,3247.480350158535,3247.480350158535,3223.172862507648,3228.666259765625,694716,0.0,0.0,3189.6455200195314,3035.5978076171873,3177.6811967041003,3065.2416347194335,63.35156808407503,61.236466596567425,-9.755157928267877,70.9916245248353
2021-09-24 00:00:00+05:30,3237.7569745309643,3407.909368087396,3228.8605300475547,3353.07177734375,2775975,0.0,0.0,3209.526611328125,3044.440869140625,3194.3850615269243,3076.5290912929363,73.95728346962399,67.91382607398509,-2.4622387606801652,70.37606483466526
2021-09-27 00:00:00+05:30,3365.7119996544006,3373.879220395302,3322.979247292107,3335.619140625,902449,0.0,0.0,3228.673620605469,3052.77736328125,3207.8359262029317,3086.68948538439,70.85924243520329,70.97919565765733,0.4825046583936512,70.49669099926368
2021-09-28 00:00:00+05:30,3330.0282088411072,3334.695293561024,3257.203076791716,3286.080322265625,961271,0.0,0.0,3241.8458251953125,3060.4799072265623,3215.2877734469976,3094.508733889537,62.81576010262057,68.62014420129435,-1.501237438375469,70.12138163966982
2021-09-29 00:00:00+05:30,3271.787917799832,3288.025272472042,3218.3114436604583,3231.0,973387,0.0,0.0,3247.7622680664062,3066.9700048828126,3216.784175975855,3099.861332560535,55.29946154416861,61.596016706301725,-6.820291946694482,68.41630865299621
2021-09-30 00:00:00+05:30,3237.660016924752,3254.9669955368013,3130.804396600594,3154.771484375,2077896,0.0,0.0,3244.9377197265626,3072.0784619140627,3210.8782053472023,3102.014671847377,46.93009627940845,49.309926776249995,-15.28510550139697,64.59503227764696
2021-10-01 00:00:00+05:30,3158.028735585382,3162.8415705732286,3082.18937555593,3089.822021484375,1512332,0.0,0.0,3238.9216186523436,3072.44404296875,3199.349044979314,3101.5365286958872,41.207528194256525,33.94098262010584,-24.523239726032898,58.46422234613874
2021-10-04 00:00:00+05:30,3114.08101861472,3141.0136684354457,3089.967942512876,3112.914306640625,921241,0.0,0.0,3232.2516479492188,3074.2885009765623,3191.1171651375344,3101.9827160662694,43.8300527910737,23.355114845048774,-28.087286000871977,51.44240084592075
2021-10-05 00:00:00+05:30,3119.6716074612077,3169.6963692487902,3103.2396034884173,3164.591796875,909337,0.0,0.0,3229.295861816406,3077.613759765625,3188.5909395887215,3104.4379741372,49.28231187304808,18.917609514682226,-26.01983306499082,44.937442579673046
2021-10-06 00:00:00+05:30,3171.6406947707505,3189.14208425753,3111.990030652197,3123.268798828125,786378,0.0,0.0,3223.267578125,3080.55107421875,3182.3697833258075,3105.17643785057,45.48064404613321,11.928924759064557,-26.40681425648679,38.33573901555135
2021-10-07 00:00:00+05:30,3130.8041413358924,3226.089484767854,3130.8041413358924,3199.691650390625,1177283,0.0,0.0,3221.0434326171876,3085.649814453125,3184.019484951028,3108.8829167737094,52.74137400169519,12.413927143448745,-20.737449497682086,33.15137664113083
2021-10-08 00:00:00+05:30,3215.3946881896886,3236.7852787975426,3173.683131455504,3215.29736328125,882436,0.0,0.0,3219.1255859375,3091.53806640625,3186.9983305062874,3113.056032323025,54.08605490090622,13.89734568495669,-15.403224764939313,29.300570449896004
2021-10-11 00:00:00+05:30,3234.256854868846,3251.7098202187976,3206.400570066376,3214.470703125,460197,0.0,0.0,3216.1600830078123,3097.5390966796876,3189.614746946165,3117.0330782368283,53.99840586156294,14.835249479257982,-11.572256776510422,26.407506255768403
2021-10-12 00:00:00+05:30,3189.1426232321523,3242.619100146106,3189.1426232321523,3231.194580078125,564524,0.0,0.0,3214.2519653320314,3104.632998046875,3193.5747310539705,3121.5099998776636,55.5671798358388,16.73511016359771,-7.737916873736559,24.47302703733427
2021-10-13 00:00:00+05:30,3250.396849759525,3265.856315057045,3200.2261064543623,3231.43701171875,770144,0.0,0.0,3212.851843261719,3111.428388671875,3197.1806625458544,3125.820863087118,55.5908225451992,18.052230771793802,-5.136637012432377,23.18886778422618
2021-10-14 00:00:00+05:30,3249.425054981241,3260.0716874434524,3198.86547902103,3206.449462890625,648597,0.0,0.0,3210.698205566406,3116.6943701171876,3198.0634054358325,3128.9827689617655,52.490592787350195,16.885130706207292,-5.04298966241511,21.9281203686224
2021-10-18 00:00:00+05:30,3162.4040344323016,3192.9828053680853,3142.471895245257,3151.708740234375,1576121,0.0,0.0,3207.7059326171875,3121.028876953125,3193.648675416646,3129.8739835214756,46.38733446431504,11.411531631460548,-8.413270989729483,19.82480262119003
2021-10-19 00:00:00+05:30,3170.571156636228,3178.544201965804,3088.120353826449,3095.558349609375,1042069,0.0,0.0,3203.437536621094,3124.8276513671876,3184.306739625477,3128.528272387668,41.107414108372794,2.5138199232519582,-13.84878615835046,16.36260608160242
2021-10-20 00:00:00+05:30,3101.635597328811,3130.755921683967,3049.7633208361485,3081.80078125,1205540,0.0,0.0,3196.6508911132814,3128.77810546875,3174.544267399241,3126.6958217548186,39.908824599700814,-5.583439089604781,-17.55683613696576,11.97339704736098
2021-10-21 00:00:00+05:30,3105.525035881027,3106.934822876977,2839.552423106381,2918.843505859375,5103543,0.0,0.0,3181.3129028320313,3128.961875,3150.191813919254,3118.544750543233,29.089442282503867,-24.863257275116666,-29.469323457982117,4.606066182865451
2021-10-22 00:00:00+05:30,2892.590967435091,2919.7666905611472,2831.481849861013,2899.785888671875,2855592,0.0,0.0,3164.8688842773436,3129.06396484375,3126.3436305623604,3109.965971646317,28.129008383163896,-41.20545172857919,-36.64921432915571,-4.556237399423477
2021-10-25 00:00:00+05:30,2868.28342634028,2868.28342634028,2778.1026508172085,2837.218505859375,2161537,0.0,0.0,3139.076220703125,3128.0031787109374,3098.8079044001715,3099.269992595849,25.188645249909094,-58.53071778709182,-43.17958431013467,-15.351133476957147
2021-10-26 00:00:00+05:30,2837.218416303328,2940.2334940577352,2817.7237651386627,2887.534912109375,1988263,0.0,0.0,3116.672009277344,3127.892333984375,3078.6866670391432,3090.9666561061836,31.39909039328996,-67.4237830860734,-41.658119687293,-25.765663398780397
2021-10-27 00:00:00+05:30,2945.2893207211623,3057.881639699816,2945.2893207211623,3008.92626953125,4609951,0.0,0.0,3102.814306640625,3129.952626953125,3072.0428196574394,3087.7493860444215,43.57011665162218,-63.93928114038454,-30.538894193283312,-33.400386947101225
2021-10-28 00:00:00+05:30,3020.608030481736,3064.0238903401755,2980.6966771946745,3033.554931640625,1791065,3.65,0.0,3092.9420532226563,3132.8419091796877,3068.3773065129812,3085.624113322704,45.675964949186586,-58.515925873465676,-20.09243114109156,-38.42349473237412
2021-10-29 00:00:00+05:30,3042.023907683172,3061.2007788655837,3001.4311881906715,3017.78515625,1118903,0.0,0.0,3086.092736816406,3134.562119140625,3063.5590064879357,3082.963762064951,44.53008061667832,-54.85799797899517,-13.147602597296839,-41.71039538169833
2021-11-01 00:00:00+05:30,3044.944263473543,3058.815892551068,3009.559346166925,3038.908935546875,750393,0.0,0.0,3083.547082519531,3136.9721875,3061.2113806840252,3081.23612180934,46.46740413548851,-49.6818498786879,-6.377163597591647,-43.30468628109625
2021-11-02 00:00:00+05:30,3037.156538084709,3056.4308482618685,2998.21863375029,3020.94873046875,881916,0.0,0.0,3078.9488037109377,3136.85677734375,3057.3768425682847,3078.871910384219,45.02745750947753,-46.493011175236006,-2.5506599153117975,-43.94235125992421
2021-11-03 00:00:00+05:30,3019.7320242135293,3098.38640353204,3012.820450894596,3086.461669921875,879227,0.0,0.0,3075.0422973632812,3138.7419482421874,3060.1468261257696,3079.1695480131466,50.99308125140763,-38.23869495632516,4.562925042879243,-42.801619999204405
2021-11-04 00:00:00+05:30,3094.5896017924792,3105.297524290031,3061.4923868000465,3075.364013671875,263595,0.0,0.0,3072.6470581054687,3141.0177197265625,3061.596082082541,3079.0203113723123,50.00316960226631,-32.221152605824045,8.46437391470429,-40.685526520528335
2021-11-08 00:00:00+05:30,3080.961551119219,3096.5367121991267,3012.9661434665086,3054.678466796875,787824,0.0,0.0,3065.3963989257813,3143.0333935546873,3060.9372615791444,3078.0657292320993,48.12773873763431,-28.78949037131997,9.516828919366688,-38.30631929068666
2021-11-09 00:00:00+05:30,3056.6255117199767,3071.227225947938,3037.156559416028,3061.638671875,668840,0.0,0.0,3057.7134643554687,3145.15716796875,3061.004062559702,3077.4215309043702,48.82326860098678,-25.217550718438815,10.471014857798274,-35.68856557623709
2021-11-10 00:00:00+05:30,3048.8379954219413,3053.3644318653087,2998.705442176657,3025.767333984375,872975,0.0,0.0,3048.2782958984376,3146.618935546875,3057.6481836477665,3075.395876123194,45.44150293846102,-24.993174232743968,8.556313074794502,-33.54948730753847
2021-11-11 00:00:00+05:30,3007.953346069396,3024.1611549582667,2970.962334046536,2982.156982421875,958143,0.0,0.0,3035.826416015625,3145.8093505859374,3050.458545435777,3071.7394489192206,41.66320635877855,-28.011446635174707,4.430432537891008,-32.441879173065715
2021-11-12 00:00:00+05:30,3006.979954263013,3044.9444146761757,2994.1304921163382,3039.979736328125,682344,0.0,0.0,3026.253552246094,3144.3555224609377,3049.460563616001,3070.4939699940796,47.85415160974564,-25.44432986808806,5.598039443982124,-31.042369312070186
2021-11-15 00:00:00+05:30,3042.99706918756,3095.563237369304,3042.99706918756,3084.563232421875,696377,0.0,0.0,3020.1592407226562,3141.8215380859374,3052.8036749308462,3071.045705775562,52.0771157116857,-19.58657396767194,9.1646362755186,-28.75121024319054
2021-11-16 00:00:00+05:30,3080.961548606233,3123.793241541043,3037.2538479246314,3068.0146484375,1400107,0.0,0.0,3015.9745361328123,3138.9789501953123,3054.252339074337,3070.9268407819127,50.44413982015956,-16.094070215754982,10.125712021948445,-26.219782237703427
2021-11-17 00:00:00+05:30,3085.829027570186,3153.8729227363265,3081.0105092701147,3144.479248046875,1616452,0.0,0.0,3018.4205810546873,3136.9422607421875,3062.8453780241025,3073.8112489099503,57.13284128922797,-7.074629755064507,15.316121986111138,-22.390751741175645
2021-11-18 00:00:00+05:30,3163.559219802288,3173.4396192591184,3128.661023404542,3141.169921875,1609821,0.0,0.0,3021.3890380859375,3135.2915087890624,3070.304858390855,3076.452765496815,56.775672975626954,-0.19148584367485455,17.759412718000632,-17.950898561675487
2021-11-22 00:00:00+05:30,3154.9439344576467,3220.5057308432424,3129.683014664626,3174.65625,2146970,0.0,0.0,3034.1796752929686,3133.9079443359374,3080.243086163154,3080.303882536156,59.53247977326726,7.874746938396129,20.660516400057293,-12.785769461661165
2021-11-23 00:00:00+05:30,3174.656000591814,3200.9878058286126,3087.3377979883385,3100.966064453125,1482618,0.0,0.0,3044.2386840820313,3131.0437744140627,3082.2167031431513,3081.1141641799586,51.71570896559797,8.226284921311162,16.80964350637786,-8.5833585850667
2021-11-24 00:00:00+05:30,3101.452772568648,3123.695907627022,3066.359939067697,3073.174072265625,1056213,0.0,0.0,3056.0364624023437,3127.434169921875,3081.3555002024345,3080.8027880264553,49.09736726604437,6.190934563381234,11.819434518758348,-5.628499955377114
2021-11-25 00:00:00+05:30,3072.6874287203327,3089.0901162670048,3030.3424570272123,3060.7626953125,728825,0.0,0.0,3064.6978515625,3123.17380859375,3079.3942806891073,3080.016902037673,47.930291948473275,3.535653533831919,7.331322791367226,-3.7956692575353075
2021-11-26 00:00:00+05:30,3018.661070667411,3083.2494153400658,3008.9265944640333,3059.643310546875,1029110,0.0,0.0,3067.2337036132812,3118.9795361328124,3077.5132359136564,3079.217937665485,47.81988578380632,1.3257171500745244,4.097109126087866,-2.7713919760133416
2021-11-29 00:00:00+05:30,3047.864378925997,3094.4924230357224,2990.3335317725214,3060.811279296875,876651,0.0,0.0,3068.5965209960937,3115.00697265625,3075.922573378725,3078.4961079255395,47.954596499468536,-0.32765108107514607,1.9549927159505565,-2.2826437970257025
2021-11-30 00:00:00+05:30,3033.4088996782884,3104.324658386396,3033.4088996782884,3060.1787109375,2340489,0.0,0.0,3070.716198730469,3111.2201025390623,3074.4231579081315,3077.777778631891,47.882496571705005,-1.6697524295209405,0.4903130940038096,-2.16006552352475
2021-12-01 00:00:00+05:30,3072.10315763233,3114.7889295645155,3041.147714362406,3054.824462890625,1741820,0.0,0.0,3071.5119750976564,3108.0855078125,3072.556615525512,3076.877648602822,47.23513714800781,-3.1293473195974,-0.7754254368581202,-2.35392188273928
2021-12-02 00:00:00+05:30,3076.094830890827,3109.192053754842,3068.550610973294,3096.14794921875,939320,0.0,0.0,3075.271936035156,3106.38994140625,3074.8034092105822,3077.6333466661918,52.56538296167638,-0.9407820441138028,1.1305118709003819,-2.0712939150141847
2021-12-03 00:00:00+05:30,3100.4306751521126,3102.8155742936847,3023.52831303688,3027.860107421875,1216263,0.0,0.0,3072.3418579101562,3102.5964697265626,3070.332618564039,3075.6814549311202,44.55536412184197,-4.662836150603653,-2.0732337884715744,-2.5896023621320783
2021-12-06 00:00:00+05:30,3032.289362120654,3032.289362120654,2947.842780366572,2957.6259765625,1107363,0.0,0.0,3066.4549560546875,3097.236923828125,3059.5986526591305,3071.051828328429,38.121229891756215,-13.12856036355197,-8.431166401135911,-4.697393962416057
2021-12-07 00:00:00+05:30,2959.28063695456,2987.5106167149816,2936.3558989623216,2949.886962890625,2056459,0.0,0.0,3061.215380859375,3091.661337890625,3049.149920300225,3066.300264977927,37.47898592063859,-20.228994266455175,-12.425280243231294,-7.803714023223881
2021-12-08 00:00:00+05:30,2951.395731620396,3040.0769044932244,2950.519723829319,3025.9619140625,1171484,0.0,0.0,3059.43154296875,3085.119140625,3046.941538753775,3064.718368863597,46.941912598301776,-19.492825358820483,-9.351289068477282,-10.1415362903432
2021-12-09 00:00:00+05:30,3068.696374164178,3098.5326881782325,3028.3957352387165,3094.298095703125,1287243,0.0,0.0,3062.8580810546873,3080.2927197265626,3051.451687034666,3065.8783581514217,53.718357810767976,-13.242595054055982,-2.4808470109702263,-10.761748043085756
2021-12-10 00:00:00+05:30,3099.457368360076,3204.5897162818374,3094.298048198958,3195.974609375,2554394,0.0,0.0,3073.548962402344,3078.49060546875,3065.2157748766026,3070.9801719248953,61.580737094106205,-0.08383124539795972,8.542333438150237,-8.626164683548197
2021-12-13 00:00:00+05:30,3197.872806933024,3252.2884327286656,3184.0983807933803,3192.76220703125,1265832,0.0,0.0,3081.1880859375,3077.725849609375,3077.3630541294265,3075.7559380074977,61.22683671878937,9.97043686496545,14.877281238810918,-4.906844373845468
2021-12-14 00:00:00+05:30,3187.067826300701,3217.2447055356806,3162.7316333692665,3209.94384765625,863179,0.0,0.0,3087.4571166992187,3078.829296875,3089.9897963700764,3081.0182089741156,62.46918542235387,19.104704444424897,19.20923905461629,-0.10453461019139487
2021-12-15 00:00:00+05:30,3191.107046857,3225.956517288957,3179.766477764123,3214.275146484375,811946,0.0,0.0,3094.7701416015625,3081.318359375,3101.826496380962,3086.24397122942,62.792836487188204,26.388981178787162,21.194812631182845,5.194168547604317
2021-12-16 00:00:00+05:30,3236.71332632081,3236.71332632081,3183.757871022595,3211.014404296875,502930,0.0,0.0,3098.0968994140626,3083.280361328125,3112.225344753906,3091.136929388928,62.35686676118612,31.53519028415576,21.072817389241152,10.462372894914607
2021-12-17 00:00:00+05:30,3188.0412262502546,3205.855366740775,3141.997102382251,3157.572265625,1019403,0.0,0.0,3098.9170166015624,3083.139970703125,3116.544099122582,3093.7422366923033,55.54950996769184,30.94455455773732,16.38574533025817,14.558809227479149
2021-12-20 00:00:00+05:30,3141.3151960311066,3188.0406777198245,3096.536609412752,3153.4345703125,948872,0.0,0.0,3097.8559326171876,3083.7432861328125,3120.0574773311455,3096.0831125205464,55.04843973416068,29.799088712307366,12.192223587862571,17.606865124444795
2021-12-21 00:00:00+05:30,3160.784491975417,3208.483426409293,3153.970358484863,3184.488037109375,712026,0.0,0.0,3102.03203125,3083.4392138671874,3126.1937211195486,3099.5499723083435,58.1029270264792,31.039252837577806,10.74591017050641,20.293342667071396
2021-12-22 00:00:00+05:30,3188.7223031359117,3198.4080593681088,3154.943718445973,3193.005615234375,619865,0.0,0.0,3108.0236083984373,3082.99337890625,3132.556758654294,3103.214899481913,58.92732563741426,32.33663263985454,9.634631978226516,22.702000661628027
2021-12-23 00:00:00+05:30,3202.6426820789766,3220.0672994805386,3163.704777129688,3181.12939453125,1051596,0.0,0.0,3114.041943359375,3082.326552734375,3137.182723975909,3106.270369876005,57.23621775869907,32.03719883751637,7.468158540710675,24.569040296805696
2021-12-24 00:00:00+05:30,3192.9084581926654,3212.3774122060354,3174.412951879964,3197.5810546875,651404,0.0,0.0,3120.938830566406,3081.6542822265624,3142.934945948442,3109.851181045083,58.99187854789917,32.749886567949034,6.544677016914669,26.205209551034365
2021-12-27 00:00:00+05:30,3193.005502117236,3197.5319383008487,3140.536534962085,3185.509765625,640701,0.0,0.0,3127.1737548828123,3080.7357373046875,3146.9896906795425,3112.8181843619427,57.13826104066801,31.972090231331094,4.613504544237379,27.358585687093715
2021-12-28 00:00:00+05:30,3188.965573427623,3285.3856044009967,3186.0939505791,3278.76611328125,1211648,0.0,0.0,3138.103125,3082.1820703125,3159.539826165419,3119.325946280347,66.02101664526155,38.43760413697191,8.863214759902558,29.574389377069355
2021-12-29 00:00:00+05:30,3282.6600089967446,3296.0936336531195,3257.350370935616,3278.0361328125,598421,0.0,0.0,3149.263708496094,3084.7086181640625,3170.825188703236,3125.549875163961,65.90587840161618,43.00691027480161,10.7460167181858,32.26089355661581
2021-12-30 00:00:00+05:30,3273.9481083834385,3299.987835403213,3261.3420076942784,3276.3330078125,691223,0.0,0.0,3158.2729614257814,3088.324111328125,3180.8735524279277,3131.462939189394,65.61834873755478,45.96088191811805,10.959990689201788,35.00089122891626
2021-12-31 00:00:00+05:30,3299.987609481514,3314.589324567716,3272.146910987241,3293.124755859375,570671,0.0,0.0,3171.5361938476562,3092.5505908203127,3191.5641432309226,3137.8026182744916,67.14048563452282,49.090989096328485,11.27207829392978,37.818910802398705
2022-01-03 00:00:00+05:30,3293.1731164240646,3349.535635443283,3293.1731164240646,3331.52685546875,696276,0.0,0.0,3190.231237792969,3100.8042578125,3204.8939253488106,3145.39964718407,70.37110761169198,54.04732615241164,12.982732280010346,41.064593872401296
2022-01-04 00:00:00+05:30,3342.8189942857416,3380.248006256244,3324.3722101511667,3367.447265625,790886,0.0,0.0,3211.1092529296875,3110.1574853515626,3220.375195851305,3154.107396926852,73.04103369989662,60.18001809026964,15.29233937429467,44.88767871597497
2022-01-05 00:00:00+05:30,3377.862918100679,3446.0042449787907,3360.389582525695,3433.15478515625,1024506,0.0,0.0,3231.468896484375,3122.0762109375,3240.6399186422523,3165.0504317593773,77.10526099731301,69.54064702880169,19.722374650261372,49.818272378540314
2022-01-06 00:00:00+05:30,3398.451617286694,3443.619730164431,3360.4871595058344,3421.32763671875,1312743,0.0,0.0,3247.8203735351562,3132.7520654296877,3257.848272744776,3175.100518228372,74.91599288992205,75.13851088558613,20.25619080563665,54.88232007994948
2022-01-07 00:00:00+05:30,3421.327391161484,3486.889179763833,3403.70813282007,3481.340576171875,964364,0.0,0.0,3262.088671875,3142.2003515625,3279.133254023547,3187.109932265372,78.2851502970435,83.45537932365096,22.858447394961175,60.596931928689784
2022-01-10 00:00:00+05:30,3484.942603078391,3494.6770796233027,3433.349877390359,3459.146240234375,657511,0.0,0.0,3275.4078735351563,3150.712177734375,3296.2773479483876,3197.778022773961,74.30999970713124,87.24989754850321,21.322372495850743,65.92752505265247
2022-01-11 00:00:00+05:30,3456.323291413365,3469.367394747881,3402.24822738953,3444.787841796875,734344,0.0,0.0,3287.1500732421873,3159.2522314453126,3310.4212045053864,3207.4646823434873,71.77094877906022,88.08311055531385,17.724468402129105,70.35864215318475
2022-01-12 00:00:00+05:30,3462.4558791448435,3487.327514334545,3440.164022843317,3449.703857421875,594543,0.0,0.0,3298.9215087890625,3167.4681298828127,3323.6862190688616,3216.9642578367575,72.12216545320014,88.12427742754062,14.21250821948469,73.91176920805593
2022-01-13 00:00:00+05:30,3465.4734601039786,3465.4734601039786,3358.39422397717,3364.478271484375,1153984,0.0,0.0,3306.5947021484376,3174.338720703125,3327.5711764417674,3222.7491211170563,58.52720233655776,80.3536431651537,5.1534991656782125,75.20014399947549
2022-01-14 00:00:00+05:30,3370.075723216915,3370.075723216915,3257.1557971934712,3275.067138671875,1558978,0.0,0.0,3312.469445800781,3178.110830078125,3322.570791892254,3224.8008080799905,48.25121004493004,66.21731634587468,-7.186262122880649,73.40357846875533
2022-01-17 00:00:00+05:30,3275.0670920571656,3308.748474920424,3232.8195602267515,3288.938720703125,1103159,0.0,0.0,3319.2446533203124,3182.38232421875,3319.3677374932895,3227.3160203397215,49.72599457431513,55.49379827234088,-14.327824157131559,69.82162242947244
2022-01-18 00:00:00+05:30,3289.328156905349,3306.2660500645666,3262.022904222004,3284.1201171875,558543,0.0,0.0,3324.2262573242188,3186.9711572265624,3316.0108212736905,3229.543631980811,49.20144550796406,46.07538356650457,-18.996991090374294,65.07237465687886
2022-01-19 00:00:00+05:30,3280.5183619744344,3280.5183619744344,3180.9833463922723,3193.29736328125,1495218,0.0,0.0,3324.2408447265625,3189.6043310546875,3304.3238252744104,3228.1222096788674,40.524309245185535,30.926088159820665,-27.317029197646562,58.24311735746723
2022-01-20 00:00:00+05:30,3194.855150411865,3275.553864601862,3136.4482920862374,3218.607177734375,3075678,0.0,0.0,3326.1147338867186,3193.4611279296873,3296.1603350325026,3227.7490711712403,43.51394826463901,20.723564556430574,-30.015642240829322,50.7392067972599
2022-01-21 00:00:00+05:30,3212.425605897467,3236.664354610328,3155.67356671338,3187.894775390625,1441694,0.0,0.0,3325.630419921875,3197.5758837890626,3285.849329352324,3226.186157611216,40.831773844689394,10.043976195225696,-32.55618448162737,42.600160676853065
2022-01-24 00:00:00+05:30,3181.226954568169,3183.173849889202,3051.758415719464,3071.373291015625,1575665,0.0,0.0,3319.9235961914064,3198.2037548828125,3265.423039986924,3220.115064803546,32.61724431421537,-7.732845077173806,-40.266404603221496,32.53355952604769
2022-01-25 00:00:00+05:30,3017.687631268928,3073.1254258665845,2930.8074309170725,3063.537109375,2699779,0.0,0.0,3309.162145996094,3197.783232421875,3246.1958085000742,3213.974752825956,32.14882720296253,-22.197538967597666,-43.78487879491629,21.587339827318623
2022-01-27 00:00:00+05:30,3056.722954911508,3059.545857935446,2989.7009914681,3034.1875,1834684,0.0,0.0,3296.9697143554686,3197.106689453125,3226.0045410238768,3206.9242723229772,30.388561827606292,-35.618592319437994,-45.76474571740529,10.1461533979673
2022-01-28 00:00:00+05:30,3046.89093788892,3085.828841248522,3020.6078531211874,3028.24951171875,892060,0.0,0.0,3284.565539550781,3194.7820947265627,3207.170728709103,3199.917418965949,30.030305021698137,-46.20143840021683,-45.07807343854731,-1.123364961669525
2022-01-31 00:00:00+05:30,3056.625559496193,3108.656287810135,3053.121052963462,3068.55029296875,944530,0.0,0.0,3273.33681640625,3193.3297021484377,3193.968782448117,3194.765766966059,35.5811145069793,-50.751452769485695,-39.702470246252936,-11.048982523232759
2022-02-01 00:00:00+05:30,3109.191822845376,3127.05468245127,3058.1832605770337,3111.382080078125,1008915,0.0,0.0,3262.3295776367186,3192.06421875,3186.1033822224035,3191.49581846065,40.94342560595304,-50.3211339700797,-31.41772115747755,-18.90341281260215
2022-02-02 00:00:00+05:30,3119.7050303077103,3158.010052176221,3107.390775121692,3112.79345703125,667265,0.0,0.0,3249.596887207031,3192.3007666015624,3179.121484585151,3188.4094513457712,41.11736084409591,-49.29794092049451,-24.315622486313888,-24.982318434180623
2022-02-03 00:00:00+05:30,3127.541190561785,3155.527808827681,3105.4924600113563,3117.95263671875,899753,0.0,0.0,3233.836779785156,3193.196337890625,3173.295880026446,3185.6464390074566,41.79223464207626,-47.52293555420374,-18.03249369601849,-29.49044185818525
2022-02-04 00:00:00+05:30,3103.3508551277114,3162.5365149528584,3091.7182041904557,3150.708984375,705765,0.0,0.0,3220.3058471679688,3194.995263671875,3171.1447471072606,3184.27634274736,46.02231895509612,-42.97764794075192,-10.789764866053332,-32.18788307469859
2022-02-07 00:00:00+05:30,3148.129294329996,3164.8725442202945,3059.643009413455,3090.40380859375,860393,0.0,0.0,3200.7590087890626,3195.6104736328125,3163.4551339154978,3180.595066898199,40.22639113442044,-43.73742069406444,-9.239630095492679,-34.49779059857176
2022-02-08 00:00:00+05:30,3094.589879741949,3137.9082973728136,3082.1297030940354,3130.9482421875,799206,0.0,0.0,3184.3491088867186,3197.013212890625,3160.3592394652123,3178.648132595819,45.2212995412358,-40.59993831161319,-4.881718170433139,-35.71822014118005
2022-02-09 00:00:00+05:30,3144.2359764059293,3172.4659588566324,3137.178480793253,3142.6298828125,472725,0.0,0.0,3169.2412109375,3198.662236328125,3158.6707293078116,3177.2356522121595,46.60572641493132,-36.74725071639796,-0.8232244601743233,-35.924026256223634
2022-02-10 00:00:00+05:30,3134.5012754486684,3161.7578082786567,3091.6695810015435,3152.75341796875,728666,0.0,0.0,3154.393688964844,3200.6208154296874,3158.1071758469484,3176.275564594771,47.83611214564225,-32.50241574225356,2.73728841117606,-35.23970415342962
2022-02-11 00:00:00+05:30,3144.187368458928,3144.187368458928,3097.997322370296,3130.89990234375,587840,0.0,0.0,3142.7147705078123,3201.3158544921876,3155.5160069418816,3174.496126859437,45.40383562773716,-30.549592826701428,3.7520890613825557,-34.30168188808398
2022-02-14 00:00:00+05:30,3056.625539946928,3098.1917059680864,3037.1565874631888,3059.98388671875,681236,0.0,0.0,3131.9606079101563,3201.958330078125,3146.417709777774,3170.0054507754885,38.55327592301293,-34.32857791050856,-0.021516817939655652,-34.3070610925689
2022-02-15 00:00:00+05:30,3056.625331425039,3183.1735139362668,3049.66527645016,3177.9169921875,676844,0.0,0.0,3126.409521484375,3206.364150390625,3149.417641435843,3170.31570730145,51.62494573672355,-27.49034324748891,5.453374276063997,-32.943717523552905
2022-02-16 00:00:00+05:30,3192.908010207995,3197.8726878480816,3137.4214990549904,3166.47900390625,624320,0.0,0.0,3120.5274658203125,3210.6959912109373,3151.0425330996914,3170.165248344775,50.502807269053754,-22.731903835963294,8.169450950071692,-30.901354786034986
2022-02-17 00:00:00+05:30,3186.0938440098557,3207.46097028698,3150.4655684728136,3179.1337890625,636735,0.0,0.0,3119.819287109375,3213.7594287109373,3153.717890810435,3170.5169558239018,51.75235478874689,-17.73523022374593,10.532899649831247,-28.268129873577177
2022-02-18 00:00:00+05:30,3150.222005045178,3185.1201926841204,3144.28411794095,3171.929931640625,423801,0.0,0.0,3117.4854248046877,3215.3120654296877,3155.452370889501,3170.572366640244,50.963626266206,-14.193013253825029,11.260093295801717,-25.453106549626746
2022-02-21 00:00:00+05:30,3149.103226441985,3191.39948035979,3119.0722706258034,3165.31103515625,547472,0.0,0.0,3116.356237792969,3214.6987939453124,3156.3912912958576,3170.366039915382,50.20650991222724,-11.784031435645375,10.9352600911851,-22.719291526830474
2022-02-22 00:00:00+05:30,3037.1568432683944,3150.85558288135,3037.1568432683944,3141.461669921875,1147209,0.0,0.0,3119.8606567382812,3213.672783203125,3154.9694225935737,3169.232535209754,47.46999743846186,-11.664875027726339,8.84353319928331,-20.50840822700965
2022-02-23 00:00:00+05:30,3150.9525470848303,3209.359405044262,3144.235853482741,3151.24462890625,935896,0.0,0.0,3124.2460327148438,3212.498798828125,3154.614680337638,3168.527127119421,48.70506294390706,-10.658178834417868,7.880183514073426,-18.538362348491294
2022-02-24 00:00:00+05:30,3046.891157297581,3112.8909557764177,2970.47551645162,2987.5595703125,1823450,0.0,0.0,3121.9146362304687,3207.9644873046873,3138.7046698590534,3161.4303601858164,34.21142933605912,-22.805493569824193,-3.413704977066317,-19.391788592757877
2022-02-25 00:00:00+05:30,3022.5550202825666,3058.037140380346,3001.1878914228214,3036.3779296875,1239456,0.0,0.0,3122.3210571289064,3204.4717578125,3128.959266033191,3156.5263433035298,39.95085967435778,-28.168386776255375,-7.021278546797998,-21.147108229457377
2022-02-28 00:00:00+05:30,3007.953220727618,3105.784708974584,2934.9446474089864,3090.35546875,1678348,0.0,0.0,3123.4113159179688,3203.127421875,3125.2827139109822,3153.931407046529,45.60176145606868,-27.743175924158095,-5.276854155760574,-22.46632176839752
2022-03-02 00:00:00+05:30,3024.5018054533807,3028.5902379935005,2911.679319489254,2948.524169921875,3014206,0.0,0.0,3115.268420410156,3199.0292138671875,3108.4485668644006,3145.8762212769343,36.012103148452205,-38.40804965397001,-12.75338230845799,-25.65466734551202
2022-03-03 00:00:00+05:30,2948.572754656813,2969.9886016698374,2786.0070068761306,2795.64404296875,4406840,0.0,0.0,3099.4109497070312,3191.252333984375,3078.6576598267197,3132.141626049163,28.94608189926973,-58.52158706641967,-26.293535776726117,-32.22805128969355
2022-03-04 00:00:00+05:30,2787.7596503727764,2787.7596503727764,2591.3665712914158,2665.44580078125,6979253,0.0,0.0,3076.785607910156,3180.7011376953124,3039.304149441437,3113.839828979833,24.531502159563555,-83.99932843795204,-41.41702171860679,-42.582306719345254
2022-03-07 00:00:00+05:30,2579.538773554582,2655.5164084274707,2530.331186101302,2636.5341796875,3233760,0.0,0.0,3051.076867675781,3169.8092333984373,3000.945104702967,3095.1219603801333,23.6682882398538,-105.30960466030137,-50.18183835276489,-55.12776630753648
2022-03-08 00:00:00+05:30,2618.5738615510863,2664.2771756550906,2567.95458987798,2651.0869140625,2611102,0.0,0.0,3029.1110229492188,3158.8793505859376,2967.6252770229225,3077.7088213088537,25.097018489031015,-119.6446786774095,-51.61352989589841,-68.03114878151109
2022-03-09 00:00:00+05:30,2676.9808110620133,2813.263470534261,2594.286487721008,2798.613037109375,4076068,0.0,0.0,3012.4942626953125,3151.141416015625,2951.5288732216322,3066.7638885951483,37.805805368204624,-117.7439242463056,-39.77022037183559,-77.97370387447
2022-03-10 00:00:00+05:30,2920.3425847441117,2959.280485874033,2814.4314461391077,2835.4580078125,3971987,0.0,0.0,2997.1356689453123,3142.27525390625,2940.474505087429,3057.693069740927,40.52017294075827,-111.97371813454947,-27.200011408063574,-84.7737067264859
2022-03-11 00:00:00+05:30,2839.546480228273,2861.887053787241,2805.8166179586647,2854.148193359375,1265493,0.0,0.0,2982.2054077148437,3133.7974951171873,2932.252951589519,3049.7109177259645,41.90525573646966,-104.68589264000957,-15.929748730818943,-88.75614390919063
2022-03-14 00:00:00+05:30,2871.670438343163,2893.427087405378,2839.838749151455,2884.130615234375,1214217,0.0,0.0,2969.866943359375,3125.953447265625,2927.669871936648,3043.2175725302163,44.151989071205,-95.39129607574068,-5.308121733240043,-90.08317434250064
2022-03-15 00:00:00+05:30,2918.3962312202184,2951.493453322116,2887.24590453608,2907.834228515625,1857685,0.0,0.0,2962.2594604492188,3118.24763671875,2925.7807630394077,3037.908421784546,45.93225732983718,-85.13123792374063,3.9615491350080276,-89.09278705874866
2022-03-16 00:00:00+05:30,2962.200986642731,2969.0151197043474,2930.8073021802834,2961.2275390625,1287234,0.0,0.0,2951.4249877929688,3110.841650390625,2929.156646470178,3034.901328344466,49.8130921363646,-71.86327883881904,13.783606575943708,-85.64688541476275
2022-03-17 00:00:00+05:30,3030.829182750842,3079.306922044466,2994.811620598351,3053.31591796875,2867519,0.0,0.0,2945.7668334960936,3104.5590234375,2940.9813389938518,3035.6234691140457,55.71684459698281,-53.30311794684212,25.87501397433651,-79.17813192117863
2022-03-21 00:00:00+05:30,3034.528400572554,3034.528400572554,2949.6438132005205,2964.878173828125,1259015,0.0,0.0,2935.054052734375,3095.1934912109373,2943.2572280256873,3032.8491438087153,49.673467554113586,-45.2091011914481,27.175224583784427,-72.38432577523253
2022-03-22 00:00:00+05:30,2943.70575642668,2981.378133754088,2896.006820558656,2970.134765625,1515772,0.0,0.0,2924.9642944335938,3086.1696337890626,2945.816993511336,3030.389756428962,50.020473244922435,-37.93310238001868,27.56097871617108,-65.49408109618976
2022-03-23 00:00:00+05:30,2978.749666277219,2998.121178520812,2925.210048092498,2936.69677734375,948403,0.0,0.0,2913.533581542969,3075.2767578125,2944.9484014953755,3026.7155219550323,47.764343984387935,-34.46766531224603,24.821132627154995,-59.28879793940102
2022-03-24 00:00:00+05:30,2890.652871802511,2958.258765320452,2872.2060858872064,2945.02001953125,1243917,0.0,0.0,2903.7114990234377,3064.9942333984377,2944.9552222606967,3023.511776761943,48.38836735246087,-30.695823044051394,22.874379916279707,-53.5702029603311
2022-03-25 00:00:00+05:30,2945.019816833709,2983.1789155474485,2911.5817964253606,2966.046142578125,1083275,0.0,0.0,2894.4515747070313,3055.4193994140624,2946.963881338547,3021.258222480225,50.01295308120244,-25.71356845361788,22.285307605370576,-47.99887605898846
2022-03-28 00:00:00+05:30,2966.0461935316957,2977.3870009580783,2916.108282836401,2947.06396484375,680332,0.0,0.0,2892.426794433594,3045.3666015625,2946.9734131009473,3018.348643749383,48.5278466653054,-23.031308312246892,19.97405419739325,-43.00536250964014
2022-03-29 00:00:00+05:30,2987.5109354551137,3005.714359573215,2932.7057834379484,2961.81201171875,1120936,0.0,0.0,2888.6984985351564,3037.3132763671874,2948.386612969309,3016.1315209246522,49.77569602237243,-19.49087502271368,18.81158998954117,-38.30246501225485
2022-03-30 00:00:00+05:30,2996.2719963644518,3012.1879611939657,2974.758707305211,2999.727783203125,849545,0.0,0.0,2884.1671142578125,3031.8064892578127,2953.2762482296725,3015.4882370924356,52.93477192725203,-13.470293096004298,19.86573753300044,-33.33603062900474
2022-03-31 00:00:00+05:30,3032.289061252153,3046.1606885789083,2984.687572015154,2998.169677734375,1464862,0.0,0.0,2886.6493896484376,3025.9911083984375,2957.5518129444063,3014.8090779019235,52.78783140021036,-8.724098654112368,19.6895455799139,-28.41364423402627
2022-04-01 00:00:00+05:30,3027.4222013650838,3038.130125549976,3005.6655512534408,3031.4619140625,637392,0.0,0.0,2898.440283203125,3020.9379443359376,2964.5908701937483,3015.462130300378,55.6224502259117,-2.2503593853825805,20.930627878914954,-23.180987264297535
2022-04-04 00:00:00+05:30,3041.975130308145,3059.545907598646,3011.3602498111395,3035.209716796875,873264,0.0,0.0,2916.9284790039064,3017.77619140625,2971.3164746321413,3016.236545457103,55.94313089921275,3.146273700101119,21.061808771518926,-17.915535071417807
2022-04-05 00:00:00+05:30,3027.4223047424985,3073.17434600388,2998.218874150127,3057.404541015625,805874,0.0,0.0,2937.9719970703127,3014.552138671875,2979.515338097235,3017.8509766554766,57.884085476472315,9.109077352045915,21.61968993877098,-12.510612586725063
2022-04-06 00:00:00+05:30,3053.70505327746,3080.961585471202,3030.34231139711,3070.253662109375,736379,0.0,0.0,2958.9303344726563,3012.19931640625,2988.1570832412485,3019.905983928179,59.00995113637487,14.701983578546333,21.77007693221712,-7.068093353670785
2022-04-07 00:00:00+05:30,3070.253603221573,3123.7444990942104,3061.9792989643174,3071.22705078125,1025244,0.0,0.0,2972.56103515625,3012.1963916015625,2996.0685087212487,3021.9185747851625,59.099152233540785,18.993995432636893,20.849671029046142,-1.8556755964092497
2022-04-08 00:00:00+05:30,3083.881842105264,3134.501114766082,3067.5278757139954,3121.1162109375,678898,0.0,0.0,2986.8439453125,3013.3479736328127,3007.977813694225,3025.8086781636857,63.485127131453424,26.119989058048304,22.380531723566044,3.7394573344822613
2022-04-11 00:00:00+05:30,3099.457141719404,3136.448150320326,3066.3599234975254,3073.612060546875,672652,0.0,0.0,2997.817138671875,3014.13646484375,3014.2286943468584,3027.6833206100855,57.19575000763611,27.615863929326224,19.10112527587517,8.514738653451055
2022-04-12 00:00:00+05:30,3070.935263187497,3078.1389184140994,3031.461913329294,3045.576904296875,794265,0.0,0.0,3005.889453125,3014.4830126953125,3017.2142381516223,3028.3850297742733,53.80780003930556,26.23671224523514,14.177578873427267,12.059133371807873
2022-04-13 00:00:00+05:30,3034.430629398837,3039.005785313124,2984.6876026137534,2998.85107421875,1121350,0.0,0.0,3010.440295410156,3013.0890283203125,3015.465365396111,3027.226835438763,48.6367740734998,21.129769782860876,7.256509128842403,13.873260654018473
2022-04-18 00:00:00+05:30,2974.8560248650056,2976.8029201692366,2932.9977758240384,2941.32080078125,1032504,0.0,0.0,3009.444958496094,3009.687802734375,3008.403978289934,3023.857971334547,43.139687535442995,12.29849937678,-1.2598090217907778,13.558308398570778
2022-04-19 00:00:00+05:30,2949.546428304707,2977.971052623412,2891.139568338277,2911.776611328125,749782,0.0,0.0,3002.3679931640627,3005.6674658203124,2999.201371912619,3019.462623883315,40.60179421583682,2.8824575993812687,-8.540680639351608,11.423138238732877
2022-04-20 00:00:00+05:30,2911.873819661864,3007.466325342288,2900.873814377737,3001.138916015625,838182,0.0,0.0,3004.1810302734375,3003.33119140625,2999.385899922429,3018.7440471041896,50.15381496891932,2.6009852690899606,-7.057722375714333,9.658707644804293
2022-04-21 00:00:00+05:30,3007.758189896851,3090.111707358993,3004.1077617028354,3074.390625,1069035,0.0,0.0,3009.3938232421874,3001.80482421875,3006.5292070726737,3020.9262658452017,56.350373377506735,8.194258829363662,-1.1715590523525066,9.365817881716168
2022-04-22 00:00:00+05:30,3038.616635093388,3089.0412675033795,3030.58569252106,3080.37744140625,681191,0.0,0.0,3016.5778564453126,3001.604296875,3013.5623722472997,3023.2576844946548,56.82280171801076,12.960652143132393,2.8758674091329794,10.084784733999413
2022-04-25 00:00:00+05:30,3050.7847243743986,3071.324563433905,3012.9177084682183,3047.47509765625,1096774,0.0,0.0,3021.7006103515623,2999.934833984375,3016.7921556195806,3024.20738697158,53.401995492503936,13.922617749155052,3.070266412124509,10.852351337030543
2022-04-26 00:00:00+05:30,3046.891330881031,3065.094755517927,3023.3339438416283,3042.65673828125,1703441,0.0,0.0,3025.531140136719,2997.93537109375,3019.2554492064064,3024.930890944508,52.89974949721803,14.133261647045401,2.624728248011886,11.508533399033515
2022-04-27 00:00:00+05:30,3013.793828333634,3079.9882664236493,3004.0106322313554,3064.75390625,963536,0.0,0.0,3031.415637207031,2996.175380859375,3023.5886355915104,3026.4925778192332,54.99042219487133,15.899970275127544,3.5131495008752225,12.386820774252321
2022-04-28 00:00:00+05:30,3105.2976997918977,3181.226609065806,3085.8287486960235,3161.465576171875,2001838,0.0,0.0,3041.3983154296875,2996.7866943359377,3036.71977278964,3031.7856365781604,62.777808495314225,24.817838507134184,9.94481418630549,14.873024320828694
2022-04-29 00:00:00+05:30,3162.7313585032275,3190.9613398502865,3135.766906610246,3151.24462890625,1088970,0.0,0.0,3048.974157714844,2998.6119091796877,3047.626901943603,3036.470302943968,61.56547812522398,30.70660171606869,12.666861916191994,18.039739799876696
2022-05-02 00:00:00+05:30,3110.165232467651,3126.227118644714,3070.3025988507457,3115.032470703125,595522,0.0,0.0,3054.8172973632813,2997.35421875,3054.0464799207007,3039.5511722678566,57.34050190608558,32.08165312890378,11.233530663221668,20.848122465682113
2022-05-04 00:00:00+05:30,3093.6165252692645,3109.873052933362,2999.6301103635874,3018.51513671875,1120002,0.0,0.0,3054.169958496094,2994.39494140625,3050.662542472896,3038.7262296973036,47.904302226800276,25.093981261244153,3.396687036449631,21.697294224794522
2022-05-05 00:00:00+05:30,3022.311527178127,3043.922017017744,2988.484222058733,2994.8603515625,724601,0.0,0.0,3052.152490234375,2990.70947265625,3045.348048100477,3037.005999182213,45.91021860217883,17.44634686515792,-3.4007578877092826,20.847104752867203
2022-05-06 00:00:00+05:30,2939.8118055195814,2971.3514132705213,2924.139203811018,2936.161376953125,923941,0.0,0.0,3046.09033203125,2985.9941015625,3034.949317515015,3033.051308114406,41.314365622199865,6.573252462175333,-11.419081832553498,17.99233429472883
2022-05-09 00:00:00+05:30,2921.170294808901,2958.112583308854,2896.00657955024,2925.453369140625,998324,0.0,0.0,3038.8503173828126,2981.1969482421873,3024.5211319555497,3028.8317810958265,40.51754109116607,-2.8746626073943844,-16.69359752169857,13.818934914304188
2022-05-10 00:00:00+05:30,2969.988436830836,3055.4084582441114,2955.386723768737,3004.39990234375,2460016,0.0,0.0,3035.5089599609373,2978.455712890625,3022.6048243734735,3027.8736682035883,48.416683380456604,-3.946386436495686,-14.2122570806399,10.265870644144213
2022-05-11 00:00:00+05:30,3008.342560970011,3026.984226300787,2899.9005864364094,2972.568359375,1883969,0.0,0.0,3028.0815673828124,2974.8821875,3017.8394467545713,3025.7048325632513,45.77702399880288,-7.280351423338743,-14.036977653986366,6.756626230647622
2022-05-12 00:00:00+05:30,2961.228037281851,2996.272156066252,2908.66185910525,2959.232421875,1254245,0.0,0.0,3022.362585449219,2974.31564453125,3012.257825337469,3023.0980713597905,44.678024833036304,-10.87330075578484,-14.103941589145968,3.2306408333611296
2022-05-13 00:00:00+05:30,2992.767560001103,3033.506441938037,2954.705896938613,2982.643798828125,1121729,0.0,0.0,3019.215930175781,2973.2409619140626,3009.4374418603884,3021.5116292997254,47.07994296449074,-11.69680305980728,-11.941955114534728,0.2451520547274475
2022-05-16 00:00:00+05:30,3007.8558968277557,3007.8558968277557,2905.935972078404,2920.24560546875,733044,0.0,0.0,3015.2856567382814,2969.8387646484375,3000.942981251661,3017.5404126789026,41.86295168457761,-17.186333929976627,-13.945188787763259,-3.2411451422133672
2022-05-17 00:00:00+05:30,2919.2721100709086,2975.4402305172703,2872.644061939677,2969.015380859375,1179081,0.0,0.0,3016.6703857421876,2970.2485888671877,2997.9022574047763,3015.6374702546077,46.82284886051095,-17.40092635914789,-11.327824973547617,-6.073101385600272
2022-05-18 00:00:00+05:30,2949.546380889604,3045.7230562865384,2945.6525902877693,3017.78515625,1379763,0.0,0.0,3021.970812988281,2974.6914111328124,2999.795866818607,3015.721693234819,51.29746651507971,-13.480286762704054,-5.925748301683026,-7.554538461021028
2022-05-19 00:00:00+05:30,2920.829682561889,2990.1391079175864,2920.78096264762,2965.99755859375,772390,0.0,0.0,3020.2137451171875,2980.7024462890627,2996.576980321002,3013.7717271704637,46.79462625211203,-14.386143453022669,-5.465283993601311,-8.920859459421358
2022-05-20 00:00:00+05:30,2998.218341379244,3042.023479483811,2988.483866244896,3027.373046875,778957,0.0,0.0,3017.8628662109377,2988.5192236328126,2999.5099390404303,3014.3051122569163,52.154844499626506,-10.035865231229309,-0.8920046174463607,-9.143860613782948
2022-05-23 00:00:00+05:30,3060.470447267336,3103.3508603568985,3046.939621076196,3089.917236328125,813294,0.0,0.0,3018.3398559570314,2997.295830078125,3008.1201578297346,3017.2702935930424,56.91804703588911,-1.523878688194145,6.095985540471043,-7.619864228665188
2022-05-24 00:00:00+05:30,3090.45316705392,3099.116756749081,2988.484517790546,3004.88720703125,691307,0.0,0.0,3016.2104614257814,3001.4213134765623,3007.8122577536883,3016.784682355325,49.67721661928267,-1.6205995036502827,4.7994117800119245,-6.420011283662207
2022-05-25 00:00:00+05:30,2958.3073704651656,2958.3073704651656,2751.255105493353,2762.693115234375,3381427,0.0,0.0,3002.2122802734375,2999.966015625,2984.467577513754,3006.8203071741113,35.733239177620995,-20.99823596105307,-11.662579741912689,-9.33565621914038
2022-05-26 00:00:00+05:30,2774.325859299556,2784.060335998853,2646.366210618926,2764.7373046875,3212196,0.0,0.0,2987.2114501953124,2998.1777978515624,2963.5408848636343,2997.326856096205,35.896789528323765,-35.77777948599305,-21.153698613482135,-14.624080872510916
2022-05-27 00:00:00+05:30,2791.84781905872,2792.8212666943746,2707.157874756729,2759.578125,1879534,0.0,0.0,2967.117077636719,2995.686748046875,2944.1158601147167,2988.0033764453738,35.65020191525318,-47.361028439453094,-26.18955805355374,-21.171470385899354
2022-05-30 00:00:00+05:30,2803.528975474684,2807.4227657183983,2742.201779136175,2768.48486328125,2525482,0.0,0.0,2947.9790893554687,2992.8997607421875,2927.3890985115295,2979.3948073016827,36.46167501958359,-55.18598763195678,-27.21161379684594,-27.97437383511084
2022-05-31 00:00:00+05:30,2768.485121734369,2801.5823418957502,2736.361349224793,2783.719482421875,2408221,0.0,0.0,2931.413439941406,2989.349599609375,2913.7062779315625,2971.7212651495333,37.9040812592563,-59.47245626863287,-25.19846594681762,-34.27399032181525
2022-06-01 00:00:00+05:30,2783.7193326163565,2861.838502469761,2756.852321467245,2776.75927734375,1770795,0.0,0.0,2919.325646972656,2983.818466796875,2900.6637064470087,2964.0756970002867,37.48539468336849,-62.708281887432804,-22.747433252494048,-39.960848634938756
2022-06-02 00:00:00+05:30,2793.989475578488,2841.493769757654,2772.37898467619,2831.3212890625,1164197,0.0,0.0,2911.1486938476564,2981.1473291015627,2894.059666696103,2958.8696417870406,42.817730272102,-60.176323452946235,-16.172379854405982,-44.00394359854025
2022-06-03 00:00:00+05:30,2827.865100989096,2841.931370396993,2780.166171574822,2810.24560546875,1228489,0.0,0.0,2904.8529052734375,2977.9495458984375,2886.077375150641,2953.0412482059314,41.35051812258799,-59.188076379810354,-12.14730622501608,-47.040770154794274
2022-06-06 00:00:00+05:30,2794.865498903272,2795.741506679867,2733.148778479891,2742.639892578125,1193698,0.0,0.0,2895.7122314453127,2974.068408203125,2872.4166625246867,2944.7902146519,36.973789248763865,-63.132349058744694,-12.873263123160335,-50.25908593558436
2022-06-07 00:00:00+05:30,2725.6534811276456,2729.547271814971,2658.4855917712857,2671.82177734375,1403598,0.0,0.0,2879.0833251953127,2968.604443359375,2853.3123877455496,2934.0855700515804,33.02992525034253,-71.15244255456946,-16.714685295188076,-54.437757259381385
2022-06-08 00:00:00+05:30,2698.299768083699,2701.3175512221965,2628.308968756732,2633.370849609375,1743575,0.0,0.0,2862.1234497070313,2961.9509375,2832.3655745897236,2922.292835916592,31.090795182483227,-79.692448018091,-20.20375260696769,-59.48869541112331
2022-06-09 00:00:00+05:30,2623.873855954308,2641.105361962695,2578.5924507909176,2630.531494140625,1857501,15.5,0.0,2845.6884033203123,2955.6202880859373,2813.143281213619,2910.8512146704757,30.94631578234192,-85.70166073467544,-20.970372258841707,-64.73128847583374
2022-06-10 00:00:00+05:30,2609.1877271285184,2678.70079603138,2596.4599821181355,2652.021484375,1592920,0.0,0.0,2829.1572875976562,2949.4244775390625,2797.7983481813694,2900.701029168692,33.466406726932696,-87.71877505820657,-18.389989265898265,-69.32878579230831
2022-06-13 00:00:00+05:30,2614.034135322827,2626.810881602051,2587.159058752672,2605.02685546875,1674206,0.0,0.0,2813.396350097656,2941.530458984375,2779.439158399215,2889.1059635334,30.81774269513356,-92.0483504089566,-18.175651693318628,-73.87269871563797
2022-06-14 00:00:00+05:30,2562.1932032114582,2610.509781275144,2530.8633665653874,2580.207763671875,2296040,0.0,0.0,2793.9559692382813,2933.171220703125,2760.464739853754,2876.9923086368694,29.49028964018538,-96.37135436944891,-17.998924523048743,-78.37242984640017
2022-06-15 00:00:00+05:30,2594.502305948494,2627.3987326840547,2572.0819854062847,2605.418701171875,928842,0.0,0.0,2773.337646484375,2924.6503564453124,2745.69845045548,2866.3423632460854,32.663205661492576,-96.64894531434265,-14.621212374353988,-82.02773293998867
2022-06-16 00:00:00+05:30,2638.51054894235,2668.3717980196284,2584.7113955414443,2601.7958984375,1280628,0.0,0.0,2755.1275634765625,2915.982080078125,2731.9934455013863,2855.9679920771214,32.437316734256676,-96.05401712388903,-11.221027347120284,-84.83298977676874
2022-06-17 00:00:00+05:30,2594.600073025084,2601.3554733742226,2506.386906977046,2526.163818359375,2043251,0.0,0.0,2730.067102050781,2905.357265625,2712.3906238688137,2843.034495068582,28.07252387038511,-100.52660094530574,-12.554888934829606,-87.97171201047614
2022-06-20 00:00:00+05:30,2545.549289806498,2617.363247112692,2534.1433664844026,2604.97802734375,1595360,0.0,0.0,2705.8201416015627,2896.0517529296876,2702.1608527711887,2833.6989473146673,37.50917944489576,-96.59798640270128,-6.901019513780113,-89.69696688892117
2022-06-21 00:00:00+05:30,2618.929850097219,2653.245863779317,2584.7118377776374,2622.2587890625,1042074,0.0,0.0,2686.688720703125,2887.0723876953125,2694.55113241798,2825.4071764028176,39.386907810253064,-91.04065798973261,-1.0749528806491497,-89.96570510908346
2022-06-22 00:00:00+05:30,2631.706016369741,2651.238161654453,2571.3472295741108,2610.509521484375,1871760,0.0,0.0,2679.079541015625,2876.86025390625,2686.5471694719226,2816.9798173864083,38.5389982014882,-86.58638889190388,2.70345297374368,-89.28984186564756
2022-06-23 00:00:00+05:30,2618.929270972894,2709.9815996692782,2618.929270972894,2700.435791015625,1612872,0.0,0.0,2675.864465332031,2869.396728515625,2687.8698953332278,2812.409463411084,47.801280006335496,-74.9362318994672,11.482887972944297,-86.4191198724115
2022-06-24 00:00:00+05:30,2716.884149968086,2726.478959816752,2668.9103397524336,2703.079345703125,2215583,0.0,0.0,2673.0395263671876,2862.54677734375,2689.318414416075,2808.1220078146935,48.04913492618772,-64.74376001408791,17.34028788665887,-82.08404790074678
2022-06-27 00:00:00+05:30,2721.6814735304606,2768.4314627122685,2707.093614402077,2761.871826171875,1295734,0.0,0.0,2672.708874511719,2857.8071923828124,2696.2282631547223,2806.3082752012497,53.35395529514942,-51.33038604924286,24.602929481203148,-75.93331553044601
2022-06-28 00:00:00+05:30,2721.7797202371403,2726.479243818629,2647.665118826151,2669.400146484375,1838358,0.0,0.0,2666.9929077148436,2852.368779296875,2693.673204424213,2800.9393289770587,45.48653425458906,-47.61302891739251,22.656229290442795,-70.2692582078353
2022-06-29 00:00:00+05:30,2649.819021647503,2662.0572399259413,2621.915883972664,2641.30126953125,1066354,0.0,0.0,2660.220007324219,2846.9592724609374,2688.6854011010737,2794.6790129203605,43.39267679535895,-46.39947685972675,19.095825078486854,-65.4953019382136
2022-06-30 00:00:00+05:30,2657.9939917964102,2669.840442535592,2623.873746901932,2638.75537109375,1291447,0.0,0.0,2650.5917114257813,2839.7116015625,2683.930160147995,2788.5643602997093,43.198645763543766,-45.12301085674335,16.297832865176204,-61.42084372191955
2022-07-01 00:00:00+05:30,2648.252328900902,2721.779637008133,2628.7691817866325,2715.072998046875,1477191,0.0,0.0,2645.8330810546877,2832.5252490234375,2686.8961447097936,2785.6823460937158,50.36374522356981,-37.52069248370981,19.1201209905678,-56.64081347427761
2022-07-04 00:00:00+05:30,2717.030907272893,2739.402463315253,2687.316660138525,2731.86376953125,653147,0.0,0.0,2645.2942749023437,2825.5549755859374,2691.1787756451704,2783.5718136795012,51.80421151446508,-29.79743913874745,21.474699468424127,-51.27213860717158
2022-07-05 00:00:00+05:30,2726.674961617523,2753.4032774489715,2702.1985256963603,2708.660400390625,1073043,0.0,0.0,2647.1362060546876,2818.778681640625,2692.843692287595,2780.634111197585,49.659487525455724,-25.257866231390835,20.811417900624598,-46.06928413201543
2022-07-06 00:00:00+05:30,2771.2708335042557,2808.9155408558863,2746.402633364842,2801.474609375,2085735,0.0,0.0,2655.541394042969,2813.9550390625,2703.189493914967,2781.451385635915,57.278533522436156,-14.009399376658621,25.647907804285445,-39.657307180944066
2022-07-07 00:00:00+05:30,2840.6367644401344,2870.596013534885,2816.552098193376,2830.84619140625,1469087,0.0,0.0,2665.55712890625,2809.276884765625,2715.347274628423,2783.3884368425947,59.37401773268117,-2.6938145349690785,29.570794116779993,-32.26460865174907
2022-07-08 00:00:00+05:30,2819.685265624368,2827.5177246955477,2781.012498960423,2819.489501953125,1274148,0.0,0.0,2673.930529785156,2802.43736328125,2725.2655819926804,2784.804164886145,58.18561681794998,5.296424168498106,30.048826256197742,-24.752402087699636
2022-07-11 00:00:00+05:30,2813.8111212855447,2878.9674426198085,2791.635565575428,2871.62451171875,1081885,0.0,0.0,2687.2604125976563,2796.8449609375,2739.2045276808776,2788.2088843697766,61.95070810813379,15.655142744615205,32.32603586585188,-16.67089312123667
2022-07-12 00:00:00+05:30,2858.8476734449478,2862.0296100677883,2824.972191018393,2832.60888671875,1115524,0.0,0.0,2699.88046875,2791.1964892578126,2748.10018092258,2789.9500609324814,57.75924978467782,20.48018416186187,29.720861826478835,-9.240677664616964
2022-07-13 00:00:00+05:30,2887.2402109875734,2906.7723578952287,2864.770891942596,2879.603515625,2153712,0.0,0.0,2713.589709472656,2788.4182568359374,2760.6243080370964,2793.465882685129,61.16733476868737,27.77595414040934,29.613305444021044,-1.8373513036117028
2022-07-14 00:00:00+05:30,2890.275419984235,2892.96782780986,2851.406650333982,2877.596435546875,882479,0.0,0.0,2727.379736328125,2786.072978515625,2771.7645106570753,2796.7651200522564,60.94118775019141,33.015369198391,27.882176401602162,5.133192796788838
2022-07-15 00:00:00+05:30,2888.170171648461,2922.486179450559,2878.86912685624,2915.779541015625,1668006,0.0,0.0,2746.8605224609373,2785.665341796875,2785.4802278340803,2801.4323522468985,63.691434322955004,39.79002622766802,27.725466744703347,12.064559482964675
2022-07-18 00:00:00+05:30,2932.032116199236,2961.6486022214503,2925.8150061669703,2954.6484375,823390,0.0,0.0,2764.34404296875,2786.2492431640626,2801.591485897501,2807.440826178393,66.29329783300794,47.74501107012702,28.544361269729876,19.200649800397144
2022-07-19 00:00:00+05:30,2920.968774460805,2959.6905427311176,2915.779722395765,2955.872314453125,638171,0.0,0.0,2781.0247192382812,2785.27869140625,2816.284898140894,2813.2616688558337,66.37500457252503,53.531077571788956,27.464342217113447,26.066735354675508
2022-07-20 00:00:00+05:30,2969.480835920883,2980.935758699021,2937.1719445310414,2943.48681640625,867436,0.0,0.0,2797.673583984375,2784.697060546875,2828.399366547118,2818.3685373872227,64.66663326167834,56.4662628491601,24.319621995587674,32.14664085357243
2022-07-21 00:00:00+05:30,2918.5700604980784,3020.3430277172906,2918.5700604980784,3001.887939453125,1184060,0.0,0.0,2812.74619140625,2785.5501708984375,2844.9220877762614,2825.5653766839246,68.75084617627185,62.78119830555033,24.50764596158232,38.273552343968014
2022-07-22 00:00:00+05:30,3001.88781706598,3027.9795996639623,2984.1667835343164,3003.160400390625,1268141,0.0,0.0,2827.750244140625,2785.9605029296877,2859.9924032633435,2832.529887417521,68.83537274388111,67.11484891391228,23.073037255955413,44.04181165795687
2022-07-25 00:00:00+05:30,3005.2165370000885,3051.917524807815,2987.740267684686,3039.924072265625,985844,0.0,0.0,2841.6528564453124,2788.354072265625,2877.1287526921324,2840.662992705682,71.25462963175555,72.67803220207134,22.90897643529157,49.769055766779765
2022-07-26 00:00:00+05:30,3031.161441787639,3083.8347730454248,2989.061977318366,3043.399658203125,2876310,0.0,0.0,2860.35283203125,2789.8417578125,2892.9640770265128,2848.61345017617,71.48003428733116,76.48566662282792,21.37328868483852,55.1123779379894
2022-07-27 00:00:00+05:30,3053.631079516396,3126.130328969344,3031.161759627024,3119.325927734375,1976407,0.0,0.0,2884.2540649414063,2791.8725732421876,2914.5223485224997,2859.2296257666876,75.92190411517178,84.6540208851975,23.633314357766466,61.02070652743103
2022-07-28 00:00:00+05:30,3131.025177431689,3211.3078742889115,3115.360260971743,3203.866943359375,1332572,0.0,0.0,2912.5096435546875,2796.6299609375,2942.078976602202,2872.744814691891,79.71101438499906,96.83302309633973,28.649853255126956,68.18316984121277
2022-07-29 00:00:00+05:30,3216.5948555424998,3284.101049650748,3206.412754924189,3263.932373046875,1836550,0.0,0.0,2939.9526123046876,2801.3611474609374,2972.7316810255043,2888.0855032548316,81.89143801213557,110.06301040952712,33.50387245465147,76.55913795487565
2022-08-01 00:00:00+05:30,3270.100682510201,3284.7375426817407,3245.0857183960147,3254.92529296875,1076122,0.0,0.0,2966.1056884765626,2804.66130859375,2999.607263115337,2902.47137736126,80.49445656969667,118.45559225368879,33.517163439050506,84.93842881463829
2022-08-02 00:00:00+05:30,3261.2399024343254,3333.4453791093574,3255.9530885668123,3325.025390625,1650536,0.0,0.0,2996.923937988281,2811.064072265625,3030.599465735305,2919.0421229794456,82.93446501499061,129.27308619244877,35.46772590224839,93.80536029020038
2022-08-03 00:00:00+05:30,3332.711444816545,3375.789971130272,3300.6473144353045,3367.61474609375,1169005,0.0,0.0,3025.2309448242186,2823.1625048828123,3062.6961591027757,2936.63320623883,84.2255494465995,139.67257462981115,36.693771471688606,102.97880315812255
2022-08-04 00:00:00+05:30,3382.643260561719,3404.133522327624,3339.4667343310307,3388.028076171875,981434,0.0,0.0,3053.0900390625,2835.6283203125,3093.680151204595,2954.3349658440475,84.81840594561537,147.85702552423572,35.902577892890534,111.95444763134519
2022-08-05 00:00:00+05:30,3402.2242754879544,3418.8192496880374,3379.2654285423546,3401.147216796875,792478,0.0,0.0,3082.1729248046877,2848.4597021484374,3122.9627288800502,2971.857014901021,85.203295873609,153.63090538568804,33.34116620347427,120.28973918221376
2022-08-08 00:00:00+05:30,3392.433625226258,3404.133312434131,3364.579492183974,3386.020751953125,724644,0.0,0.0,3107.8927368164063,2860.810419921875,3148.015873934629,2988.098730079535,82.60294796682655,155.19715132509418,27.92592971430433,127.27122161078985
2022-08-10 00:00:00+05:30,3368.9363566988627,3377.601109896909,3324.878775748137,3340.200927734375,1089295,0.0,0.0,3133.2723388671875,2871.940048828125,3166.3192123917474,3001.906659399333,75.12378207147772,151.00049591173638,18.983419440757217,132.01707647097916
2022-08-11 00:00:00+05:30,3377.748050054708,3405.1126567416427,3319.0046057059303,3333.88623046875,1410533,0.0,0.0,3155.986474609375,2883.082587890625,3182.2779760181284,3014.9254661079376,74.1276392983724,145.48797811755412,10.776721317259955,134.71125680029417
2022-08-12 00:00:00+05:30,3327.81586796856,3362.866168222836,3312.1509506730326,3356.061767578125,548472,0.0,0.0,3179.9097412109377,2893.5773974609374,3198.8288133095566,3028.3033602832393,75.36312049493355,141.2800599785005,5.255042542565064,136.02501743593544
2022-08-16 00:00:00+05:30,3397.3286685110056,3435.9524293431587,3382.9365746948897,3427.679443359375,911189,0.0,0.0,3205.504736328125,2905.92607421875,3220.6241114095396,3043.9651674626957,78.87214394468567,142.08631978967196,4.849041882989212,137.23727790668275
2022-08-17 00:00:00+05:30,3444.27471717698,3471.3945576558203,3431.204445120788,3449.904296875,817912,0.0,0.0,3230.267529296875,2920.0713623046877,3242.4603195491077,3059.8843490082763,79.83212799049834,142.87171029494584,4.5075459106104745,138.36416438433537
2022-08-18 00:00:00+05:30,3451.176964122271,3468.506230434459,3441.924920492071,3461.310302734375,599877,0.0,0.0,3255.5394287109375,2935.8611328125,3263.3031750905616,3075.6265432720447,80.32618441248675,142.7687579070057,3.523674818136243,139.24508308886945
2022-08-19 00:00:00+05:30,3446.281860769987,3464.3944216859654,3391.4546493486464,3409.6162109375,581829,0.0,0.0,3278.8458984375,2951.3860400390627,3277.237749933127,3088.724177298141,71.74759604393611,136.93735759753554,-1.8461803930671294,138.78353799060267
2022-08-22 00:00:00+05:30,3389.5943504732504,3412.5531961937627,3263.393721960402,3279.59716796875,2336567,0.0,0.0,3292.7313598632813,2964.367353515625,3277.4624564127103,3096.2093926185576,55.6496097533529,120.43616751599848,-14.677896379683375,135.11406389568185
2022-08-23 00:00:00+05:30,3263.198106299142,3313.081029845526,3247.386425907591,3286.303955078125,831446,0.0,0.0,3306.888537597656,2977.0530029296874,3278.3045039046547,3103.6640813424624,56.19558670089464,106.67040710738274,-22.754925430639304,129.42533253802205
2022-08-24 00:00:00+05:30,3269.659891171252,3314.108997476114,3232.847240669462,3308.087890625,1182154,0.0,0.0,3320.296728515625,2991.1142236328124,3281.14101692564,3111.6807013143266,58.00397445534232,96.4073998552849,-26.41434614618973,122.82174600147462
2022-08-25 00:00:00+05:30,3304.3182940288107,3333.83677517774,3281.0166831424244,3292.080078125,615392,0.0,0.0,3332.730749511719,3005.351669921875,3282.1828322779597,3118.755186679451,56.16891535451676,85.9909458844927,-29.464640093585544,115.45558597807825
2022-08-26 00:00:00+05:30,3308.5774918756365,3313.619541526457,3236.4207752552147,3253.946044921875,1384783,0.0,0.0,3339.4617553710937,3018.322216796875,3279.493614434523,3124.0567889634676,51.95231318703729,73.80792151072274,-33.318131573884415,107.12605308460715
2022-08-29 00:00:00+05:30,3178.9993681152087,3278.226930913987,3168.9150291203937,3273.233642578125,1031166,0.0,0.0,3342.9300903320313,3031.7509716796876,3278.8974266386754,3129.9068616542386,53.83980178224197,64.96031280857278,-33.73259222082751,98.6929050294003
2022-08-30 00:00:00+05:30,3261.2400731673224,3338.340840432986,3261.2400731673224,3320.571044921875,1426459,0.0,0.0,3345.7620239257812,3047.6391162109376,3282.8663426656467,3137.3838884490483,58.181786542679916,61.06434021968198,-30.10285184777466,91.16719206745664
2022-09-01 00:00:00+05:30,3245.575311348269,3401.636966756474,3245.575311348269,3374.370361328125,1417762,0.0,0.0,3351.73427734375,3063.026962890625,3291.581011109692,3146.677475620777,62.49915132546368,61.607733486210236,-23.647566864997117,85.25530035120735
2022-09-02 00:00:00+05:30,3415.9306542581567,3415.9306542581567,3353.270991927253,3359.1943359375,740821,0.0,0.0,3353.442724609375,3077.765673828125,3298.0203753790074,3155.011470143001,60.59859054484655,60.120763410463496,-20.1076295525951,80.2283929630586
2022-09-05 00:00:00+05:30,3353.3202037745195,3377.7476352441595,3334.2285867057485,3353.075439453125,518438,0.0,0.0,3352.7157592773438,3092.6169921875,3303.2637148146373,3162.7786846257513,59.80887081007595,57.78250436193139,-17.956710880901767,75.73921524283315
2022-09-06 00:00:00+05:30,3348.376201126574,3362.621533647429,3313.130135851557,3324.14453125,540937,0.0,0.0,3349.52158203125,3105.0911669921875,3305.2523639989577,3169.106757042389,56.087120313458314,52.98416622665627,-18.20403921294151,71.18820543959778
2022-09-07 00:00:00+05:30,3320.962470977181,3363.0619362637435,3315.0391263115616,3329.1376953125,682921,0.0,0.0,3345.921105957031,3117.612333984375,3307.5271574573903,3175.3824801118053,56.58920599174038,49.01929141652181,-17.73513121846078,66.75442263498259
2022-09-08 00:00:00+05:30,3377.7480123924643,3411.6722555145498,3355.6212196567326,3377.894775390625,1143090,0.0,0.0,3345.5148071289063,3129.93279296875,3314.2288353557933,3183.3241387501903,61.248508178723,49.2437372961067,-14.008548271100715,63.252285567207416
2022-09-09 00:00:00+05:30,3410.74220749241,3410.74220749241,3361.544573273413,3369.768798828125,702805,0.0,0.0,3346.993200683594,3143.940166015625,3319.5183556864913,3190.6356940473643,60.090918748477975,48.21017696548415,-12.033686881378614,60.243863846862766
2022-09-12 00:00:00+05:30,3369.768603394127,3381.321288791204,3351.313276912535,3360.320556640625,641280,0.0,0.0,3348.3149169921876,3158.3205517578126,3323.4042795868854,3197.290002384355,58.701702451754606,46.097297820090716,-11.317252821417647,57.41455064150836
2022-09-13 00:00:00+05:30,3360.1253288518333,3386.559881264129,3343.138585672108,3350.530517578125,776044,0.0,0.0,3348.0383544921874,3172.5560546875,3325.987730824146,3203.2994343527384,57.225424481658536,43.13561106791485,-11.423151658874815,54.558762726789666
2022-09-14 00:00:00+05:30,3309.214056656074,3376.279489461086,3309.214056656074,3366.929443359375,816678,0.0,0.0,3345.0008544921875,3185.59318359375,3329.8869415417867,3209.716297451038,59.081733718015855,41.631803719638356,-10.341567205721056,51.97337092535941
2022-09-15 00:00:00+05:30,3367.9573135700743,3386.3146390437487,3318.1233896286108,3324.291259765625,590182,0.0,0.0,3338.7202026367186,3197.4417333984375,3329.3540194678667,3214.209433228081,52.68025292390428,36.577833986648784,-12.316429550968508,48.89426353761729
2022-09-16 00:00:00+05:30,3340.935451103215,3348.376383121228,3240.2395386707017,3252.96728515625,1598265,0.0,0.0,3328.3030517578127,3208.32787109375,3322.0790923905697,3215.72934898997,44.07703186325557,26.511667885276893,-17.906076521872322,44.417744407149215
2022-09-19 00:00:00+05:30,3251.106584709561,3272.1075553853784,3163.627956835405,3246.798828125,1013563,0.0,0.0,3320.1621826171877,3217.23435546875,3314.9095434128963,3216.947759936442,43.41664985826736,17.83087259669219,-21.269497448365627,39.100370045057815
2022-09-20 00:00:00+05:30,3265.743649552351,3338.585417597969,3264.1770622497443,3322.13720703125,708184,0.0,0.0,3322.2891845703125,3227.06017578125,3315.59789232893,3221.0728362931013,52.73155819572373,16.836378051471,-17.81119359486945,34.64757164634045
2022-09-21 00:00:00+05:30,3333.690189075947,3353.1733342174825,3277.883921593618,3285.765380859375,605378,0.0,0.0,3322.262255859375,3236.385693359375,3312.756700760401,3223.609798825112,48.57409718573379,12.963891883510314,-17.346943810264115,30.31083569377443
2022-09-22 00:00:00+05:30,3285.765429204918,3367.957244979628,3246.211369306578,3364.041015625,829396,0.0,0.0,3325.059912109375,3246.2340234375,3317.6409212236963,3229.1169053662843,56.519227213220496,16.02636627016045,-11.427575538891183,27.453941809051635
2022-09-23 00:00:00+05:30,3363.062061657831,3365.950233090109,3311.8573134666462,3324.14453125,513370,0.0,0.0,3326.663134765625,3256.064736328125,3318.260312654773,3232.843478930352,52.10090799796422,15.06047860277613,-9.914770565020408,24.975249167796537
2022-09-26 00:00:00+05:30,3299.4231967001306,3395.370814883101,3283.758279445768,3366.048095703125,1429914,0.0,0.0,3332.2682373046873,3265.7936279296873,3322.8115300879494,3238.0671893920294,55.99218134442671,17.47483410632549,-6.000332049176841,23.47516615550233
2022-09-27 00:00:00+05:30,3382.4964169601176,3426.700761168116,3359.194803978639,3397.96533203125,1455383,0.0,0.0,3338.5048217773438,3276.201005859375,3329.9690350349306,3244.3377047896456,58.741570092802306,21.71338408991005,-1.409425652473825,23.122809742383875
2022-09-28 00:00:00+05:30,3378.726975336439,3507.8645465022087,3348.3761969430952,3495.87109375,1843428,0.0,0.0,3347.26982421875,3287.8028369140625,3345.7692311030323,3254.2017592586794,65.7998917258074,32.596885620540434,7.5792607025252465,25.017624918015187
2022-09-29 00:00:00+05:30,3488.8220851704614,3488.8220851704614,3301.773118899654,3313.91357421875,2624894,0.0,0.0,3344.2469848632813,3294.9881396484375,3342.735359018815,3256.5433990610354,49.01656464701386,26.237241266027922,0.9756930784101883,25.261548187617734
2022-09-30 00:00:00+05:30,3330.7531083748613,3340.4456805394857,3216.448162636247,3272.4501953125,2159720,0.0,0.0,3339.909777832031,3301.319697265625,3336.041533903928,3257.1671949924657,46.129159120849046,17.647994052551894,-6.090843308052673,23.738837360604567
2022-10-03 00:00:00+05:30,3277.8840989489145,3282.2898571464266,3216.9377772166654,3233.728515625,934543,0.0,0.0,3333.942431640625,3307.12453125,3326.297436924983,3256.2480310957026,43.549163821193105,7.62850120022722,-12.88826892830188,20.5167701285291
2022-10-04 00:00:00+05:30,3260.2609384362595,3297.8078829929823,3242.6869070090816,3267.8486328125,994382,0.0,0.0,3331.12763671875,3312.4437451171875,3320.7308841523654,3256.702956653224,46.39425209563109,2.413369411223357,-14.482720573844595,16.896089985067952
2022-10-06 00:00:00+05:30,3267.8486626224326,3296.2413257086587,3242.3441709066847,3259.23291015625,922770,0.0,0.0,3327.6323974609377,3317.5651953125,3314.8739342479735,3256.802170516088,45.76699776197594,-2.38735695343712,-15.426757550804059,13.039400597366939
2022-10-07 00:00:00+05:30,3248.5123457236327,3289.2412278272004,3218.4063316696843,3273.674072265625,774544,0.0,0.0,3322.4213623046876,3322.2401953125,3310.950137868702,3257.4638137219526,47.05901011527041,-4.969401920403925,-14.40704201421669,9.437640093812766
2022-10-10 00:00:00+05:30,3211.3083850774624,3229.910476332484,3191.923000069322,3209.30126953125,734377,0.0,0.0,3314.397985839844,3325.5582275390625,3301.2692932651353,3255.5750864987876,42.22949164617448,-12.07089261783085,-17.206826169314894,5.135933551484042
2022-10-11 00:00:00+05:30,3221.5882325578814,3289.6327188556397,3205.4337861706435,3229.616455078125,1411316,0.0,0.0,3307.8627807617186,3327.7640380859375,3294.445213437801,3254.5571009528794,44.176557830812406,-15.876593973981016,-16.810022020372045,0.9334280463910303
2022-10-12 00:00:00+05:30,3265.156549672532,3269.562308135358,3138.858140404838,3180.17431640625,1812549,0.0,0.0,3299.344970703125,3327.290185546875,3283.5622708633678,3251.6401290098743,40.59093413222649,-22.621441210042576,-18.843895405146885,-3.7775458048956914
2022-10-13 00:00:00+05:30,3162.4533725655983,3189.9647418211725,3127.011303808468,3141.795166015625,779890,0.0,0.0,3288.0882568359375,3324.84744140625,3270.0606418302496,3247.332483402257,38.01179925290718,-30.70965612746204,-21.545688258053076,-9.163967869408962
2022-10-14 00:00:00+05:30,3167.250694905995,3178.020326326077,3113.4025378055835,3118.787353515625,845765,0.0,0.0,3277.8130615234377,3322.1246826171873,3255.6536619907615,3242.291497916507,36.51394875902628,-38.53199010974322,-23.494417792267406,-15.037572317475814
2022-10-17 00:00:00+05:30,3118.787343069639,3150.606708522398,3103.709954743098,3130.634033203125,1067773,0.0,0.0,3271.696398925781,3318.23685546875,3243.7470306776536,3237.9127738100997,37.87147148149596,-43.27645407965292,-22.591105409741687,-20.685348669911235
2022-10-18 00:00:00+05:30,3150.606540548224,3181.936375631363,3144.7321964701346,3158.292236328125,1015424,0.0,0.0,3267.2710693359377,3314.0504052734377,3235.608478834841,3234.790399791199,41.04125097587642,-44.294095355739955,-18.886997348662977,-25.40709800707698
2022-10-19 00:00:00+05:30,3174.104227054315,3177.7266917842785,3129.4103504368213,3145.466796875,943543,0.0,0.0,3258.437548828125,3309.1991796875,3227.023556743428,3231.2875134023284,40.02156824856466,-45.609728615535914,-16.16210448676715,-29.447624128768766
2022-10-20 00:00:00+05:30,3131.025363296092,3173.9571231287155,3036.8400952951583,3075.12109375,2284352,0.0,0.0,3247.9053344726562,3302.6786572265623,3212.5566555059586,3225.1633400826295,34.89982580387696,-51.73234946876073,-17.827780271993575,-33.904569196767156
2022-10-21 00:00:00+05:30,3074.240190045056,3098.4718603328315,3008.3005795296726,3027.636962890625,1738731,0.0,0.0,3231.0851318359373,3295.5109814453126,3194.94525620926,3217.417207643727,31.92945454453429,-59.72764006939951,-20.658456698105887,-39.069183371293626
2022-10-24 00:00:00+05:30,3084.0305403965094,3092.8420562262136,3050.742591706515,3056.274169921875,178709,0.0,0.0,3217.691613769531,3289.8324462890623,3181.738486086652,3211.0978728311056,35.495169033777515,-63.026650206217255,-19.165973467938898,-43.86067673827836
2022-10-25 00:00:00+05:30,3068.366005183705,3069.3450626199474,3015.398902271913,3020.294189453125,1016316,0.0,0.0,3200.403918457031,3283.56060546875,3166.362838788221,3203.615375443734,33.1459033131967,-67.7632902060036,-19.122090774180194,-48.64119943182341
2022-10-27 00:00:00+05:30,3057.595970662855,3057.595970662855,2969.480813006865,2979.7119140625,2005709,0.0,0.0,3179.491247558594,3276.0336083984375,3148.5865602429144,3194.834847546431,30.679462000012894,-73.9394342232531,-20.238587833143747,-53.700846390109355
2022-10-28 00:00:00+05:30,2994.6429095999406,3007.2728938478017,2976.334583487317,2989.453857421875,715736,0.0,0.0,3154.1703857421876,3267.2690966796877,3133.431064736149,3186.7806910709583,31.987804979874277,-77.15854377820506,-18.766157910476558,-58.3923858677285
2022-10-31 00:00:00+05:30,3021.8092868653566,3052.20386437763,3001.2684831630377,3047.00732421875,814364,4.4,0.0,3140.8250732421875,3259.2111572265626,3125.2002323059205,3181.2993825669505,39.279156732909726,-74.21017877018994,-12.654234321969149,-61.55594444822079
2022-11-01 00:00:00+05:30,3049.7523715116613,3102.5996163266745,3049.7523715116613,3097.697265625,939335,0.0,0.0,3132.0874267578124,3251.938896484375,3122.5809021458326,3178.02086817707,44.88365398175068,-67.01086409309619,-4.363935715900311,-62.64692837719588
2022-11-02 00:00:00+05:30,3096.32498790561,3098.236856980554,3061.1262023798586,3070.734619140625,787012,0.0,0.0,3123.9377319335936,3245.1612646484373,3117.6431609072415,3173.813564293288,42.62974185310191,-62.757585201327856,-0.08852545930557909,-62.66905974202228
2022-11-03 00:00:00+05:30,3044.3598134418403,3087.255382471818,3044.3598134418403,3079.950927734375,563798,0.0,0.0,3114.5428466796875,3241.16833984375,3114.0534244145874,3170.1326765850954,43.671003713974024,-57.97485392877297,3.7553646505994465,-61.73021857937242
2022-11-04 00:00:00+05:30,3086.520458513324,3122.7978590739945,3064.851969456412,3119.21923828125,609757,0.0,0.0,3107.5421630859373,3237.8266455078124,3114.5454066876027,3168.1360711614157,48.001464974926876,-50.43450290033934,9.03657254322647,-59.47107544356581
2022-11-07 00:00:00+05:30,3123.778200383397,3135.5438433226946,3036.95751231931,3042.9384765625,1669943,0.0,0.0,3096.0053833007814,3232.5236572265626,3107.7256990566407,3163.2263615693014,41.35108391307218,-50.0371433097539,7.5471457070495305,-57.58428901680343
2022-11-09 00:00:00+05:30,3084.559166746821,3084.559166746821,3019.848135276608,3026.22119140625,1391333,0.0,0.0,3086.8513793945312,3227.2064794921876,3099.9633649946986,3157.8536097982014,40.04177894645644,-50.489170442873274,5.676094859144129,-56.1652653020174
2022-11-10 00:00:00+05:30,3025.7312614658267,3025.7312614658267,2974.256572150546,2985.678955078125,1375007,0.0,0.0,3074.654504394531,3221.8411376953127,3089.0791354788344,3151.101662554277,36.98342542906971,-53.50208610391019,2.130543358485774,-55.63262946239596
2022-11-11 00:00:00+05:30,3030.339161123892,3037.496641368325,2988.473131985364,2995.728515625,810288,0.0,0.0,3065.4322143554687,3216.29103515625,3080.18860025466,3145.0085979688156,38.24260407324708,-54.451247833417256,0.9451053031829701,-55.396353136600226
2022-11-14 00:00:00+05:30,2996.316897606867,3017.83817038106,2981.658916155726,2993.571533203125,811702,0.0,0.0,3058.021032714844,3209.751044921875,3071.939355773561,3139.0698895466317,38.06678621377585,-54.74643299607578,0.5199361124195576,-55.26636910849534
2022-11-15 00:00:00+05:30,3008.5729827279606,3034.555444530891,2982.5905209250304,3019.162109375,873840,0.0,0.0,3053.0397705078126,3202.6468798828123,3066.9129513546504,3134.367623657548,41.502903528613466,-52.31239896454963,2.36317611515657,-54.6755750797062
2022-11-16 00:00:00+05:30,3019.162103731694,3032.5944983490485,2991.414747644018,3022.8388671875,770953,0.0,0.0,3047.650012207031,3195.9197705078127,3062.715419529208,3129.9939469332326,42.00079654933593,-49.51593693241921,4.127710517829598,-53.64364745024881
2022-11-17 00:00:00+05:30,3031.61380063736,3036.0749878368806,3000.238754835162,3011.6123046875,706271,0.0,0.0,3040.316015625,3189.0905078125,3057.84845621095,3125.3515295902625,40.85729233817938,-47.65625870858548,4.789910993330665,-52.44616970191615
2022-11-18 00:00:00+05:30,3034.5551750714244,3054.0176036880466,2996.0717209126024,3035.04541015625,1258576,0.0,0.0,3034.7949462890624,3183.308525390625,3055.6767375390737,3121.81011314187,44.26805998292376,-43.78684702905957,6.92745813828526,-50.71430516734483
2022-11-21 00:00:00+05:30,3044.360367820763,3049.6059798235515,3006.318071227573,3034.849853515625,612194,0.0,0.0,3032.781384277344,3177.4227685546875,3053.6932247749355,3118.399906882017,44.245127884871,-40.27186123404954,8.353955146636238,-48.62581638068578
2022-11-22 00:00:00+05:30,3043.3798849557597,3058.5771749740625,3012.2990235670463,3043.23291015625,764079,0.0,0.0,3033.561181640625,3170.72953125,3052.6970043350607,3115.4521815202224,45.54735518215385,-36.39028253176639,9.788427079135516,-46.178709610901905
2022-11-23 00:00:00+05:30,3050.242691193687,3053.9685257048304,3029.652817675504,3040.241943359375,488341,0.0,0.0,3032.7595703125,3164.138994140625,3051.510808051662,3112.5027604158754,45.14223775181346,-33.173051184352516,10.404526741239508,-43.577577925592024
2022-11-24 00:00:00+05:30,3057.0573791084,3059.3125087135704,3031.6142222393587,3054.459228515625,571872,0.0,0.0,3034.467822265625,3158.021767578125,3051.791610000611,3110.226543478611,47.53119671746151,-29.14024545885013,11.549865973393516,-40.69011143224365
2022-11-25 00:00:00+05:30,3054.4589921806264,3058.8711082687646,3015.1911111216714,3047.448486328125,898769,0.0,0.0,3037.8546508789063,3151.960126953125,3051.37797917466,3107.764658884474,46.45683088421098,-26.207818749167927,11.585834146460577,-37.793652895628504
2022-11-28 00:00:00+05:30,3047.448423923714,3097.305430447773,3036.222087759418,3089.65771484375,914689,0.0,0.0,3042.86484375,3146.4146923828125,3055.023668286002,3107.054582647583,53.30084041425325,-20.244550889918173,14.039281604568266,-34.28383249448644
2022-11-29 00:00:00+05:30,3095.3442700097694,3107.109911834324,3066.0771402221526,3073.822998046875,877720,0.0,0.0,3044.2056274414062,3141.4053271484377,3056.81408064418,3105.751383251477,50.68349719679138,-16.604936090656338,14.143117123064084,-30.74805321372042
2022-11-30 00:00:00+05:30,3078.578317664016,3137.4556016688143,3072.1073578994087,3113.139892578125,2547283,0.0,0.0,3044.9777587890626,3138.608779296875,3062.1784436855087,3106.041128715267,56.40740852752856,-10.42776554639795,16.25623013385798,-26.68399568025593
2022-12-01 00:00:00+05:30,3128.6806838686352,3134.563505586972,3099.51169284855,3117.25830078125,761717,0.0,0.0,3047.3039428710936,3136.01796875,3067.4241443612937,3106.4810178158937,56.97078526737535,-5.140733091855964,17.234610070719974,-22.375343162575938
2022-12-02 00:00:00+05:30,3111.1789998499,3112.3066842326307,3072.793686276127,3082.05908203125,932259,0.0,0.0,3047.4093505859373,3131.21640625,3068.8179479489086,3105.5232948439466,50.91437908577604,-3.7478022304135266,14.90203274572993,-18.649834976143456
2022-12-05 00:00:00+05:30,3068.8717847547173,3106.815934346651,3051.7135559262165,3095.246337890625,926122,0.0,0.0,3046.2107055664064,3127.406025390625,3071.334937467167,3105.1202769242086,52.933136514928584,-1.5617898091004463,13.670436133634409,-15.232225942734855
2022-12-06 00:00:00+05:30,3063.969427635125,3107.110117176228,3063.969427635125,3099.95263671875,958365,0.0,0.0,3049.061413574219,3122.1242578125,3074.0604326339844,3104.9176243671322,53.66552888179947,0.5441274053864618,12.621082678497054,-12.076955273110592
2022-12-07 00:00:00+05:30,3117.895437441888,3171.527112972417,3114.365648744791,3163.4873046875,1832282,0.0,0.0,3055.9247192382813,3118.91111328125,3082.5772775914625,3107.214474575774,62.21379086612884,7.256154264324778,15.466487629948295,-8.210333365623518
2022-12-08 00:00:00+05:30,3166.919202104364,3177.6062330744826,3140.1032425232465,3158.5361328125,851312,0.0,0.0,3064.567578125,3114.7608740234373,3089.8114542791805,3109.227088624273,61.265220536420536,12.037208271877262,16.198033310000625,-4.160825038123361
2022-12-09 00:00:00+05:30,3171.821300287261,3179.027852468184,3143.3876626649026,3163.928466796875,847879,0.0,0.0,3072.977575683594,3110.08013671875,3096.870217376104,3111.3722407094733,61.945738561059024,16.07602984040068,16.189483902819234,-0.11345406241855294
2022-12-12 00:00:00+05:30,3163.977385717271,3166.918796364049,3080.5392746212974,3104.511962890625,1323816,0.0,0.0,3078.5245971679688,3102.2529541015624,3097.5980026632014,3111.1032102067734,51.25943810646153,14.317368024467669,11.544657669508977,2.7727103549586913
2022-12-13 00:00:00+05:30,3122.797616907912,3122.797616907912,3081.274607791191,3116.424560546875,886601,0.0,0.0,3083.3877197265624,3098.303173828125,3099.3910081759323,3111.3118906122677,53.009720160061875,13.726630881719757,8.763136421408852,4.963494460310905
2022-12-14 00:00:00+05:30,3116.9148426901497,3132.6023662771404,3063.969450584057,3084.51025390625,1103870,0.0,0.0,3086.4712890625,3094.544375,3097.9737934835816,3110.2608460355614,48.0332323527635,10.561503178813837,4.478406974802345,6.0830962040114915
2022-12-15 00:00:00+05:30,3080.63722494798,3099.4622040368604,3055.8312821685645,3069.4599609375,799124,0.0,0.0,3089.363671875,3091.25900390625,3095.258190383955,3108.6608113258335,45.84735427095846,6.760750090097645,0.542123108868922,6.218626981228723
2022-12-16 00:00:00+05:30,3054.164633825801,3056.1255742006488,2990.7282605739883,2996.21875,1192821,0.0,0.0,3087.4223388671876,3085.82640625,3085.8258627283403,3104.2513187248205,37.01860117115605,-2.1366972204646117,-6.684259361354668,4.547562140890056
2022-12-19 00:00:00+05:30,3002.199679054066,3027.6919036312725,2981.609805357092,3020.779541015625,655594,0.0,0.0,3086.7188232421877,3081.0573388671874,3079.630974946177,3100.977915677401,41.11375721711117,-7.124016517003838,-9.337262926315116,2.213246409311277
2022-12-20 00:00:00+05:30,3014.995103645508,3028.329355481679,2959.0592277578667,3021.956298828125,739257,0.0,0.0,3085.654992675781,3076.0229833984376,3074.1381486492196,3097.8790287421352,41.31065771731319,-10.85640261879962,-10.455719222488717,-0.40068339631090244
2022-12-21 00:00:00+05:30,3024.7507537011406,3051.664614477863,2990.483365970526,3009.700439453125,616324,0.0,0.0,3084.1279174804686,3072.030966796875,3068.0012239638772,3094.4210448484487,39.81735868425461,-14.634592447912382,-11.387127241281185,-3.2474652066311984
2022-12-22 00:00:00+05:30,3013.9653122779523,3033.0844806544715,2978.717457427556,3028.231201171875,663202,0.0,0.0,3082.816516113281,3068.00326171875,3064.2136027455913,3091.8253647042693,43.16278631584588,-15.949699300019347,-10.161787274710518,-5.787912025308829
2022-12-23 00:00:00+05:30,3018.818878621253,3026.5647373487805,2976.707728557197,2998.179931640625,1230858,0.0,0.0,3080.3530883789062,3064.3633740234377,3057.9246816879754,3088.152994780205,39.34329633764133,-19.195542986640703,-10.726104769065499,-8.469438217575204
2022-12-26 00:00:00+05:30,2998.179937310053,3011.9065210645344,2969.6483961296717,2996.3662109375,536884,0.0,0.0,3075.688513183594,3061.454794921875,3052.06197018793,3084.5535130608832,39.118303761990106,-21.664514558042356,-10.556061072373721,-11.108453485668635
2022-12-27 00:00:00+05:30,3000.238937157675,3067.8913837798577,2996.611245140864,3051.811767578125,729041,0.0,0.0,3074.5879516601562,3060.115283203125,3052.038141367949,3083.2695230419517,48.76437570402605,-18.928997572189473,-6.25643526921667,-12.672562302972803
2022-12-28 00:00:00+05:30,3049.213358491797,3082.4023716850147,3044.360078704617,3062.69482421875,972274,0.0,0.0,3072.0656982421874,3058.7564990234373,3053.0530635442155,3082.462672107709,50.42471851636796,-15.701907123939236,-2.4234758567731447,-13.278431267166091
2022-12-29 00:00:00+05:30,3040.4384524846832,3063.9697400885634,3032.153526182011,3054.31201171875,596265,0.0,0.0,3068.9183837890623,3056.67689453125,3053.1729633703617,3081.358724641475,49.10472273422682,-13.663335181590355,-0.3079231315394093,-13.355412050050946
2022-12-30 00:00:00+05:30,3069.6072401703727,3069.6072401703727,3011.318331587777,3027.593994140625,836220,0.0,0.0,3066.1951293945312,3054.3194384765625,3050.736871062768,3079.2503038375203,45.05631802145859,-14.041807738043644,-0.5491165503941566,-13.492691187649488
2023-01-02 00:00:00+05:30,3027.5938105298005,3027.5938105298005,2962.0004504253325,2987.73779296875,1015990,0.0,0.0,3060.8197021484375,3052.5717724609376,3044.736958863338,3075.6615779210983,39.786745038051706,-17.357723279026686,-3.092025673101759,-14.265697605924927
2023-01-03 00:00:00+05:30,2987.492948643116,3000.189990917894,2965.9226024435266,2969.109130859375,860367,0.0,0.0,3054.2775268554688,3051.4012158203127,3037.534308577246,3071.4830505853447,37.57473978715924,-21.24390111297771,-5.582562805642226,-15.661338307335484
2023-01-04 00:00:00+05:30,2975.727324747767,2990.4343790710677,2942.9306414813327,2957.931884765625,836382,0.0,0.0,3043.999755859375,3049.4343701171874,3029.9531253570913,3067.030063690454,36.27171214199306,-24.938163764002184,-7.42146036533336,-17.516703398668824
2023-01-05 00:00:00+05:30,2980.1882848856662,2987.10064776436,2936.900381342361,2945.67578125,1113920,0.0,0.0,3033.35673828125,3047.942001953125,3021.9267116326064,3062.2710722222014,34.84479784909031,-28.526028357771793,-8.807459967282373,-19.71856839048942
2023-01-06 00:00:00+05:30,2951.2153767285718,2964.4517247637327,2894.3481036886187,2920.232421875,1045526,0.0,0.0,3021.1719360351562,3046.752412109375,3012.241541179501,3056.700929071331,32.027936290323815,-33.04162013086443,-10.658441392300006,-22.383178738564425
2023-01-09 00:00:00+05:30,2934.8415633422305,2958.7158696239976,2893.367625077742,2925.8701171875,808263,0.0,0.0,3012.23984375,3045.4807373046874,3004.015691275501,3051.5703089974554,33.31432417942228,-35.7532035733916,-10.69601986786174,-25.057183705529862
2023-01-10 00:00:00+05:30,2925.8701563474697,2926.703651796357,2894.544180210303,2902.53515625,864325,0.0,0.0,3001.545373535156,3042.5912939453124,2994.3508784159294,3045.7257932034377,30.72259541216271,-39.33169798550398,-11.41961142397929,-27.91208656152469
2023-01-11 00:00:00+05:30,2916.800585783936,2916.800585783936,2877.679922114787,2882.974365234375,890426,0.0,0.0,2991.4685791015627,3038.2968359375,2983.7435914462576,3039.3433842634745,28.70653589892337,-43.24754220153363,-12.268364512007153,-30.97917768952648
2023-01-12 00:00:00+05:30,2881.602084558,2882.435580025277,2839.441863518192,2859.002197265625,1558620,0.0,0.0,2980.945690917969,3034.0621875,2971.8634586671496,3032.2711808517943,26.41851769680174,-47.734971528391725,-13.404635071092194,-34.33033645729953
2023-01-13 00:00:00+05:30,2867.8755103065005,2867.8755103065005,2815.665468965023,2852.3349609375,1507864,0.0,0.0,2973.751501464844,3029.5098681640625,2960.4797922167068,3025.214858502214,25.80254085856313,-51.23863476474435,-13.526638645955856,-37.71199611878849
2023-01-16 00:00:00+05:30,2867.87525783562,2872.385516383308,2839.4416228006685,2859.10009765625,644073,0.0,0.0,2965.667529296875,3024.3074853515627,2950.824583210949,3018.700554155314,27.646001559880258,-52.86008497218836,-12.118471082719893,-40.74161388946847
2023-01-17 00:00:00+05:30,2867.8754626252894,2887.337892710443,2854.295854001931,2883.46484375,716489,0.0,0.0,2958.742956542969,3021.1180126953127,2944.409369928954,3013.397192962949,34.005496309319845,-51.584431344078894,-8.674253963688336,-42.91017738039056
2023-01-18 00:00:00+05:30,2890.3769578833944,2902.1916711760464,2872.1403565461846,2887.729736328125,893808,0.0,0.0,2952.644421386719,3018.34818359375,2939.0113095860183,3008.469057408642,35.08112396352688,-49.65691149993654,-5.39738729563679,-44.25952420429975
2023-01-19 00:00:00+05:30,2897.191542267091,2915.5265280495687,2788.065391313267,2810.1748046875,2379947,0.0,0.0,2941.7416015625,3014.8381005859374,2926.74116626235,3000.6928122038917,26.59306195672801,-53.76757384409211,-7.606439711833886,-46.161134132258226
2023-01-20 00:00:00+05:30,2792.379240988721,2792.379240988721,2726.6877349682704,2733.35498046875,3171005,0.0,0.0,2928.500354003906,3009.5906298828127,2908.323434282007,2990.2089756652585,21.137522509344283,-62.50351950617551,-13.07390829913382,-49.42961120704169
2023-01-23 00:00:00+05:30,2745.3166726099107,2745.3166726099107,2713.7946501359547,2730.0703125,1402260,0.0,0.0,2915.1855590820314,3004.32060546875,2891.3469464932446,2980.0074594627,20.939714911365513,-68.89765535282322,-15.574435316625227,-53.323220036197995
2023-01-24 00:00:00+05:30,2740.414285500848,2771.8874755484903,2730.070276727565,2755.709716796875,1061471,0.0,0.0,2900.3804565429687,2999.0515576171874,2878.4291150935906,2971.2114695542364,26.705536439596216,-71.0768388744882,-14.20289507063216,-56.873943803856044
2023-01-25 00:00:00+05:30,2756.00371770992,2756.1018604835303,2713.059312449146,2720.804931640625,857953,0.0,0.0,2883.2859619140627,2993.01087890625,2863.4172880980705,2961.39160532233,24.12595601289135,-74.75861123156756,-14.307733942169207,-60.45087728939835
2023-01-27 00:00:00+05:30,2712.5694030304426,2718.6973428014644,2633.396421188842,2669.4775390625,1801498,0.0,0.0,2864.04423828125,2986.16818359375,2844.9468358089684,2949.9439948807685,20.925112225272116,-80.88573358329995,-16.34788503512128,-64.53784854817867
2023-01-30 00:00:00+05:30,2670.8007207188125,2721.785169131947,2643.592673729111,2712.176513671875,1171912,0.0,0.0,2848.2733642578123,2979.7108056640627,2832.302043224483,2940.6197799314004,29.325435772795228,-81.35822481785999,-13.456301015745055,-67.90192380211494
2023-01-31 00:00:00+05:30,2706.0977071193925,2725.658039410463,2664.9670307860656,2672.61474609375,1961805,0.0,0.0,2832.5172119140625,2972.466103515625,2817.093729212032,2930.109778604434,26.51489280102077,-83.95717548002585,-12.84420134232873,-71.11297413769712
2023-02-01 00:00:00+05:30,2696.097176166808,2723.7463896996014,2651.97601434662,2690.165283203125,1176872,0.0,0.0,2818.57001953125,2965.4047509765624,2805.005305782612,2920.700190549481,29.73226367929797,-83.63657061140202,-10.018877178963919,-73.6176934324381
2023-02-02 00:00:00+05:30,2687.469046434409,2687.469046434409,2641.3869431208677,2652.809326171875,1308570,0.0,0.0,2803.3138916015623,2957.6560986328127,2790.5104505815893,2910.1946664562415,27.02051433054531,-85.41222353321928,-9.435624080624933,-75.97659945259434
2023-02-03 00:00:00+05:30,2652.809004592195,2709.921391669192,2647.2694439123065,2706.48974609375,1278409,0.0,0.0,2791.35458984375,2950.696708984375,2782.5084787256046,2902.2062382067325,36.047082222747655,-81.54784718437077,-4.456998185421142,-77.09084899894962
2023-02-06 00:00:00+05:30,2706.489755838597,2711.0000143601706,2664.917916466888,2700.410888671875,1120284,0.0,0.0,2780.3635131835936,2943.75595703125,2774.6896606252494,2894.2926950877186,35.511432623874846,-78.0758048001594,-0.7879646409678145,-77.28784015919159
2023-02-07 00:00:00+05:30,2708.05860029939,2720.3144773825697,2694.478992742187,2704.185791015625,732250,0.0,0.0,2769.279296875,2936.0465185546873,2767.9750063767137,2886.837522379009,36.145984781852476,-74.16465910077568,2.4985448467327274,-76.6632039475084
2023-02-08 00:00:00+05:30,2713.9416559012093,2729.62917992376,2690.704558817331,2711.588623046875,811956,0.0,0.0,2759.731970214844,2928.8018310546877,2762.604874631015,2879.965016522847,37.44590646873201,-69.66465055203298,5.5988427163803465,-75.26349326841333
2023-02-09 00:00:00+05:30,2727.619336626733,2765.269540231568,2712.12785782242,2759.6318359375,946372,0.0,0.0,2753.56484375,2921.731669921875,2762.3217280887757,2875.246068264598,45.237575181370566,-61.51259666585065,11.000717282050147,-72.5133139479008
2023-02-10 00:00:00+05:30,2774.7305060516337,2775.661904813422,2738.453110742831,2749.82666015625,700072,0.0,0.0,2748.106066894531,2914.383037109375,2761.1317216190114,2870.3276601034863,44.03211649973793,-55.206840872436715,13.845178460371272,-69.05201933280799
2023-02-13 00:00:00+05:30,2759.533236368192,2773.750053539035,2725.7070162030814,2736.2470703125,467228,0.0,0.0,2742.3016723632813,2907.466796875,2758.761754827915,2865.069597758742,42.34900765713221,-50.72056824835181,14.66516086756495,-65.38572911591676
2023-02-14 00:00:00+05:30,2749.97391842714,2749.97391842714,2711.000226205916,2722.765869140625,524746,0.0,0.0,2735.4849609375,2900.0171875,2755.3335752386492,2859.4890593815608,40.68629425946409,-47.70309357084716,14.146108436055684,-61.84920200690284
2023-02-15 00:00:00+05:30,2722.765610270529,2743.649672368585,2700.2147967897145,2731.73681640625,817717,0.0,0.0,2727.8985595703125,2892.65287109375,2753.086264873659,2854.479167500176,42.309497414387664,-44.079719114907675,14.215586313596141,-58.295305428503816
2023-02-16 00:00:00+05:30,2742.3752299517687,2778.99588874647,2735.610081122099,2751.150390625,788964,0.0,0.0,2721.0695922851564,2884.4061328125,2752.9018958975958,2850.4270586031107,45.76827861335997,-39.189898801608706,15.284325301516091,-54.4742241031248
2023-02-17 00:00:00+05:30,2748.208942321943,2790.2712581852675,2731.0997849381024,2778.260498046875,840526,0.0,0.0,2719.473876953125,2876.8006201171875,2755.3170008641937,2847.596997404827,50.25357422424495,-32.749604815352086,17.379695430218177,-50.12930024557026
2023-02-20 00:00:00+05:30,2789.437773670485,2796.301065205,2757.180399207313,2770.36767578125,646218,0.0,0.0,2721.32451171875,2868.929404296875,2756.750398475342,2844.5683965568437,48.9833741116087,-27.960202416365064,17.735278263364165,-45.69548067972923
2023-02-21 00:00:00+05:30,2781.594271244896,2783.2610228984327,2750.219221304876,2762.0830078125,631934,0.0,0.0,2722.925146484375,2862.0808251953126,2757.258266031262,2841.3336754296147,47.62272268923945,-24.550072028154318,16.916326921259937,-41.466398949414256
2023-02-22 00:00:00+05:30,2755.0720410391414,2758.993921626218,2725.707008017928,2741.345458984375,580270,0.0,0.0,2722.20693359375,2854.5792431640625,2755.7427605982252,2837.412568902351,44.30515750297026,-23.25282194928559,14.57086160010293,-37.82368354938852
2023-02-23 00:00:00+05:30,2750.2191450751748,2750.758451605597,2647.3679080903985,2653.103515625,1790570,0.0,0.0,2718.8218627929687,2845.9511083984376,2745.967594410299,2830.1847628914743,33.584031539619126,-29.010711848363826,7.050377360819752,-36.06108920918358
2023-02-24 00:00:00+05:30,2659.133261216564,2708.05862727086,2657.0741780970425,2685.017578125,1429040,0.0,0.0,2719.5988647460936,2838.2622607421877,2740.1628309545563,2824.4919321163184,39.304532769453175,-30.645421605779575,4.3325340827232,-34.977955688502774
2023-02-27 00:00:00+05:30,2686.880600902729,2704.774183122074,2671.83052605688,2696.195068359375,561317,0.0,0.0,2718.7997924804686,2832.261787109375,2735.97542499311,2819.4606825572228,41.214298814679815,-30.685289897243365,3.434132633007529,-34.119422530250894
2023-02-28 00:00:00+05:30,2696.293335542751,2783.5551925839527,2674.1836823167737,2773.554443359375,1815923,0.0,0.0,2723.84677734375,2827.31728515625,2739.554379123231,2817.6604378827974,52.38167945557463,-24.195717591156154,7.938963951275795,-32.13468154243195
2023-03-01 00:00:00+05:30,2772.7697546459253,2797.5756988402995,2761.053183507711,2785.417724609375,816598,0.0,0.0,2728.6093994140624,2822.586513671875,2743.922316788578,2816.396017754428,53.830166071418105,-17.88920155258438,11.396383991878054,-29.285585544462435
2023-03-02 00:00:00+05:30,2775.711175488173,2793.359639337975,2756.101771210617,2778.554443359375,604523,0.0,0.0,2734.8966552734373,2817.96359375,2747.220614557225,2814.9120344448183,52.82895852475396,-13.291831632876438,12.7950031292688,-26.086834762145237
2023-03-03 00:00:00+05:30,2781.6428345478244,2796.300815139765,2755.758279451728,2773.60302734375,679295,0.0,0.0,2738.2523193359375,2812.8710302734376,2749.733225298799,2813.2920733820315,52.07643181597502,-9.933414521726263,12.92273619233518,-22.856150714061442
2023-03-06 00:00:00+05:30,2787.47677636368,2827.676054531429,2774.9757813237093,2808.60595703125,1050267,0.0,0.0,2743.662072753906,2809.07955078125,2755.340152130461,2813.1083041133734,56.765046346891445,-4.396718239951497,14.76754597928796,-19.164264219239456
2023-03-08 00:00:00+05:30,2813.9494790149884,2813.9494790149884,2771.789260339851,2803.70361328125,580250,0.0,0.0,2748.6379638671874,2805.226298828125,2759.9461960495837,2812.739492708192,55.93958138588205,-0.3998158882473035,15.011558664793723,-15.411374553041027
2023-03-09 00:00:00+05:30,2806.1057261372875,2816.3515919029246,2781.4469962356134,2797.82080078125,774224,0.0,0.0,2752.949572753906,2800.1464794921876,2763.553301262123,2812.1544459659585,54.9077302016926,2.26693243161435,14.142645587724303,-11.875713156109953
2023-03-10 00:00:00+05:30,2788.457294669596,2788.457294669596,2752.17989667284,2774.9267578125,489978,0.0,0.0,2753.714318847656,2794.3911181640624,2764.6364876002544,2810.6945366266073,50.96756938283257,2.5041257510179094,11.50387112570229,-8.99974537468438
2023-03-13 00:00:00+05:30,2768.357723632843,2793.800878495444,2718.0595524282803,2729.8251953125,813217,0.0,0.0,2752.714245605469,2787.9013818359376,2761.321126429992,2807.5231899084074,44.23339298270101,-0.9364215144182708,6.450659088212888,-7.387080602631158
2023-03-14 00:00:00+05:30,2728.599668721933,2732.5215497713184,2686.5375902163287,2691.979248046875,1060450,0.0,0.0,2750.5008544921875,2781.1890869140625,2754.7171380125524,2802.992054933445,39.51528225019712,-6.640385432864605,0.5973561358132429,-7.237741568677848
2023-03-15 00:00:00+05:30,2718.059248992859,2810.370655440186,2711.1959580765933,2772.18115234375,2170346,0.0,0.0,2752.9716186523438,2776.8779541015624,2756.380377472666,2801.7837842436534,51.3564190344036,-4.635756417277662,2.0815881211201486,-6.7173445383978105
2023-03-16 00:00:00+05:30,2794.340266339216,2843.363779783764,2773.456201737314,2836.74560546875,1755487,0.0,0.0,2758.222058105469,2774.23068359375,2764.034208710388,2803.1548360564025,58.414451526660436,2.1380917093765675,7.084348998219503,-4.9462572888429355
2023-03-17 00:00:00+05:30,2866.84579100588,2866.84579100588,2799.2914900317023,2806.742919921875,1848073,0.0,0.0,2761.0016845703126,2771.206904296875,2768.1017050162436,2803.295545227598,54.45999293578353,5.027495335244566,7.9790020992700015,-2.951506764025435
2023-03-20 00:00:00+05:30,2858.070890952769,2858.070890952769,2775.760458108432,2799.3896484375,1074367,0.0,0.0,2762.058142089844,2768.281181640625,2771.081509151601,2803.1423728044565,53.503992537177155,6.647393951228423,7.679120572203086,-1.0317266209746632
2023-03-21 00:00:00+05:30,2802.3308422226773,2830.6175036035056,2779.6330525514163,2783.653076171875,691891,0.0,0.0,2762.722412109375,2765.5495947265626,2772.27880124877,2802.3780866620023,51.423545185074936,6.585452413203257,6.093743227342336,0.4917091858609207
2023-03-22 00:00:00+05:30,2769.8283493348454,2797.428490057934,2759.876672430527,2784.388427734375,731807,0.0,0.0,2763.837683105469,2762.7199609375,2773.432099009304,2801.672609841311,51.518412570855574,6.520535350924547,4.8230609320509,1.6974744188736461
2023-03-23 00:00:00+05:30,2762.082791355396,2767.867469985704,2713.6964895688743,2743.15966796875,1016581,0.0,0.0,2763.9283935546873,2759.532451171875,2770.549010338775,2799.377984669838,46.084239383472934,3.1064623966008185,1.1271903821817377,1.9792720144190807
2023-03-24 00:00:00+05:30,2743.159421897433,2760.660670377068,2718.696739633317,2743.845703125,784111,0.0,0.0,2768.4655029296873,2756.7498779296875,2768.0058382231773,2797.200248138668,46.18595728836706,0.4509440842066397,-1.222662344169953,1.6736064283765926
2023-03-27 00:00:00+05:30,2743.845939494051,2764.926049445497,2732.080296730453,2748.993408203125,791560,0.0,0.0,2771.6642944335936,2754.5497021484375,2766.19513060222,2795.3097838274703,46.99404463284469,-1.2240860299179985,-2.318153966635673,1.0940679367176744
2023-03-28 00:00:00+05:30,2736.4924404479502,2755.7097529052667,2711.0002142022868,2730.0703125,558581,0.0,0.0,2773.358056640625,2752.1044091796875,2762.754671735342,2792.7513731871777,44.3571685902146,-4.032016562545778,-4.100867599410762,0.06885103686498406
2023-03-29 00:00:00+05:30,2730.070334351616,2739.188755533149,2701.1955334206086,2716.392822265625,1087648,0.0,0.0,2770.4999755859376,2749.250263671875,2758.3392575001308,2789.756920209862,42.50088725906599,-7.277095071904569,-5.876756887015642,-1.4003381848889265
2023-03-31 00:00:00+05:30,2702.224842737688,2720.8047044666428,2693.8417749629198,2707.71533203125,1967803,0.0,0.0,2766.614855957031,2745.7352734375,2753.517931264999,2786.539603026387,41.31945990979409,-10.428827084293516,-7.222791119523672,-3.2060359647698444
2023-04-03 00:00:00+05:30,2693.3026904171006,2727.3249600287777,2655.750632175964,2722.765869140625,1035295,0.0,0.0,2763.8254272460936,2742.43599609375,2750.58916344363,2784.038672285769,44.21588385233354,-11.578673112804609,-6.698109718427811,-4.880563394376797
2023-04-05 00:00:00+05:30,2706.098068642069,2756.641361240689,2698.4994237029478,2753.65087890625,668643,0.0,0.0,2762.8278198242188,2741.305517578125,2750.8807553924507,2782.846994114023,49.70238923471924,-9.883837477339966,-4.002619266370535,-5.881218210969432
2023-04-06 00:00:00+05:30,2752.6210930641705,2769.8283934359683,2732.37447860987,2754.974365234375,627554,0.0,0.0,2760.146240234375,2741.7379052734377,2751.2706229964433,2781.753949844233,49.92964886191445,-8.337761218508604,-1.9652344060313371,-6.3725268124772665
2023-04-10 00:00:00+05:30,2755.1211430249746,2755.1211430249746,2701.293427118472,2722.12841796875,1215461,0.0,0.0,2756.06748046875,2741.5790673828124,2748.4951748985677,2779.4156936922536,44.54982616002018,-9.651620213906881,-2.623274721143691,-7.02834549276319
2023-04-11 00:00:00+05:30,2735.512018415604,2735.512018415604,2696.342279503137,2700.01904296875,1246379,0.0,0.0,2751.177392578125,2740.46525390625,2743.878400429061,2776.3020995462343,41.32227570324087,-12.334717771966552,-4.2450978233626895,-8.089619948603863
2023-04-12 00:00:00+05:30,2701.734574453279,2751.3952918889822,2697.273387388423,2732.3251953125,2235399,0.0,0.0,2749.047314453125,2740.6956591796875,2742.778095179865,2774.5775150664804,47.32719192692692,-11.719164187219121,-2.9036353908922052,-8.815528796326916
2023-04-13 00:00:00+05:30,2732.2763340930537,2758.35693788399,2727.6681719000244,2754.876220703125,602597,0.0,0.0,2750.2998657226562,2742.4036328125,2743.9302976106515,2773.8049152875255,51.08987953956713,-9.304398935105382,-0.3910961110227724,-8.91330282408261
2023-04-17 00:00:00+05:30,2769.8283446130977,2790.026126698081,2751.1994106139296,2787.574951171875,754555,0.0,0.0,2755.0796508789062,2743.9116015625,2748.086931283149,2774.3449166947553,55.99818480549423,-4.698010065598282,3.3722342067874624,-8.070244272385745
2023-04-18 00:00:00+05:30,2792.379386273629,2802.6252529309004,2774.829063829458,2798.8505859375,717724,0.0,0.0,2756.413122558594,2746.436318359375,2752.921565059754,2775.305923331726,57.57909624295182,-0.1359965248170738,6.347398198054937,-6.483394722872011
2023-04-19 00:00:00+05:30,2780.956823605972,2796.987368191003,2745.953845010205,2754.8271484375,799624,0.0,0.0,2752.3171997070312,2747.7295556640624,2753.103049190968,2774.502834120188,50.02244319655066,-0.07206074187115519,5.129067184800685,-5.20112792667184
2023-04-20 00:00:00+05:30,2764.9257503813824,2795.320324233093,2758.209434281243,2788.31005859375,761101,0.0,0.0,2751.395556640625,2750.4395703125,2756.4560977055185,2775.0442939034647,54.87333721698564,2.649853980786247,6.28078552596647,-3.6309315451802227
2023-04-21 00:00:00+05:30,2791.4967757466907,2830.6174406073587,2791.4967757466907,2825.813232421875,894930,0.0,0.0,2752.7167358398438,2752.8260400390627,2763.061539107076,2777.0352326688926,59.602953309393385,7.743916658834678,9.09987856321192,-1.3559619043772424
2023-04-24 00:00:00+05:30,2825.8134628763783,2841.4028444311434,2796.3012119798555,2834.6376953125,782967,0.0,0.0,2755.265966796875,2755.510576171875,2769.878315888545,2779.2941527725634,60.64806734522107,12.350687401756204,10.965319444906758,1.3853679568494468
2023-04-25 00:00:00+05:30,2834.5886115542853,2845.079595530256,2808.2138177645134,2841.40283203125,636120,0.0,0.0,2758.1166870117186,2758.2549169921876,2776.6901745688024,2781.7297872532963,61.47101945341089,16.358901170478475,11.978826570903223,4.380074599575253
2023-04-26 00:00:00+05:30,2840.373029216028,2859.492197652924,2831.6469403964343,2853.168212890625,569221,0.0,0.0,2763.6171142578123,2761.0865087890625,2783.973797266119,2784.531294141035,62.923213583317846,20.251362269564197,12.697030135991156,7.554332133573042
2023-04-27 00:00:00+05:30,2858.560812311972,2862.972928125864,2837.333728645285,2843.314453125,599461,0.0,0.0,2768.5905517578126,2762.7601611328123,2789.6252883002985,2786.8365160619746,60.854453220811465,22.28417161353218,11.78387158396731,10.50030002956487
2023-04-28 00:00:00+05:30,2862.9241017866552,2862.9241017866552,2791.006751488194,2845.66796875,1080665,0.0,0.0,2773.424279785156,2764.6769873046874,2794.9626864383654,2789.143631853662,61.18271794441856,23.810622669478562,10.648258111930954,13.162364557547608
2023-05-02 00:00:00+05:30,2854.0998727043097,2876.405571253982,2836.5004793055764,2842.922607421875,663800,0.0,0.0,2779.06689453125,2766.810498046875,2799.5302979606045,2791.2526112877094,60.54491483408808,24.51621079631559,9.083076991014384,15.433133805301207
2023-05-03 00:00:00+05:30,2861.011945365899,2904.544725002139,2840.422071872861,2872.4833984375,1237193,0.0,0.0,2786.8714233398437,2769.8048486328125,2806.4782122917372,2794.438132352407,64.79994314965211,27.147760768202716,9.371701570321207,17.77605919788151
2023-05-04 00:00:00+05:30,2890.4262200728544,2927.831063365797,2865.080969035857,2924.595703125,1008540,0.0,0.0,2797.715441894531,2773.6620263671875,2817.7274971330003,2799.5423508140775,70.78209524853871,33.05724717973044,12.224950385479143,20.832296794251295
2023-05-05 00:00:00+05:30,2912.976988654849,2965.922379899333,2893.4166558751585,2954.107666015625,1326561,0.0,0.0,2809.2825317382812,2777.721171875,2830.7160846456313,2805.603735723942,73.52604074846943,39.66469656830259,15.065919819241032,24.598776749061557
2023-05-08 00:00:00+05:30,2956.1176683524877,2976.4133537233706,2934.5473238404625,2960.480712890625,941879,0.0,0.0,2819.6240234375,2781.365576171875,2843.074620668964,2811.677342671655,74.09188375069066,44.897845024382605,16.239254620256837,28.658590404125768
2023-05-09 00:00:00+05:30,2957.147432272356,3014.750061152306,2951.9508919201503,2975.53125,1025850,0.0,0.0,2830.6518676757814,2785.46884765625,2855.6895377481105,2818.102986096296,75.42759997015366,49.68684640440233,16.82260480022125,32.86424160418108
2023-05-10 00:00:00+05:30,2983.5217298006505,2997.297383904764,2959.941373753768,2982.001953125,751851,0.0,0.0,2843.645544433594,2789.8672265625,2867.7192915935284,2824.53039656801,76.00048179636198,53.38886259069204,16.419696789208764,36.96916580148328
2023-05-11 00:00:00+05:30,2992.444205415772,3094.5110124647167,2972.295494368145,3078.431396484375,3229605,0.0,0.0,2862.566162109375,2796.6089453125,2887.7871111069426,2834.4872985255147,82.53516812447647,63.37325978422359,21.123275186192245,42.24998459803135
2023-05-12 00:00:00+05:30,3077.696058537608,3117.650220495367,3025.7311362367177,3069.950439453125,1998170,0.0,0.0,2879.4474243164063,2804.9458837890625,2905.135999520865,2843.7211471893424,80.46014509789472,69.79704722641509,22.03765010270699,47.7593971237081
2023-05-15 00:00:00+05:30,3072.989750305678,3106.1296919899423,3060.096662516319,3070.832763671875,810281,0.0,0.0,2895.245251464844,2812.6621875,2920.916643725723,2852.6274850906184,80.51502984228138,74.10490601793072,21.076407115378096,53.02849890255262
2023-05-16 00:00:00+05:30,3070.8330002245275,3103.8748016819186,3061.3715575150345,3076.81396484375,822404,0.0,0.0,2909.7072021484373,2820.2745654296873,2935.7640076417256,2861.419111747604,80.90655484599797,77.1126415632516,19.26731412855918,57.84532743469242
2023-05-17 00:00:00+05:30,3074.754703029801,3086.47127463908,3015.4853243105263,3032.05517578125,835371,0.0,0.0,2921.367431640625,2825.444580078125,2944.934595083585,2868.110722101864,69.63102078426894,75.01985129248305,13.739619086232508,61.280232206250545
2023-05-18 00:00:00+05:30,3044.99731224012,3063.969507177611,3032.8395769846866,3048.3310546875,498067,0.0,0.0,2936.042626953125,2830.7028466796874,2954.781876950625,2875.1781861248305,71.20267281686941,73.82363442565611,10.034721775524446,63.788912650131664
2023-05-19 00:00:00+05:30,3062.989072184875,3066.861881811993,3008.131809371581,3024.21142578125,633262,0.0,0.0,2947.8376953125,2835.615986328125,2961.394214934494,2881.022626895671,65.77056210436378,70.12105953831997,5.065717510550641,65.05534202776933
2023-05-22 00:00:00+05:30,3010.0436768692007,3044.948513626895,2986.512390795956,3024.652587890625,659425,0.0,0.0,2957.7796630859375,2840.6369775390626,2967.4188218826966,2886.6551743856694,65.82192295489044,66.45627380296901,1.12074542015975,65.33552838280926
2023-05-23 00:00:00+05:30,3026.711380351304,3066.8615854814448,3024.750440033616,3059.6552734375,581204,0.0,0.0,2969.0305419921874,2845.6579638671874,2976.2032458402973,2893.4394919955453,69.70591335689076,65.6199034977808,0.22750009197723386,65.39240340580356
2023-05-24 00:00:00+05:30,3054.1648151127733,3071.9602543217666,3037.4968209371978,3040.928466796875,439465,0.0,0.0,2979.0068237304686,2850.4024609375,2982.3675525980666,2899.2233733603034,65.42236377347623,62.7229461363695,-2.1355658155472526,64.85851195191675
2023-05-25 00:00:00+05:30,3040.928434998082,3067.89136647074,3025.731146349857,3062.5478515625,500313,0.0,0.0,2989.4758056640626,2855.697001953125,2990.0037715470603,2905.6282548584286,67.8766189385961,61.463082075127204,-2.7163439014316424,64.17942597655885
2023-05-26 00:00:00+05:30,3062.00853501105,3075.6860468750488,3050.9782448993383,3067.302978515625,568249,0.0,0.0,3000.6752319335938,2861.5445263671877,2997.3656007821614,2911.9684400998876,68.40775810485985,60.154901475541465,-3.219619600813907,63.37452107635537
2023-05-29 00:00:00+05:30,3085.7360982768,3093.383814535916,3055.1945440027803,3076.12744140625,535712,0.0,0.0,3012.198205566406,2868.4705712890627,3004.866728460646,2918.4060479942545,69.41831177262368,59.148393470268275,-3.380902084869682,62.529295555137956
2023-05-30 00:00:00+05:30,3085.441654077151,3093.38355864554,3066.4696988545093,3082.990478515625,506026,0.0,0.0,3024.2015991210938,2876.2907958984374,3012.3070856087393,2924.8603393872495,70.21625320707284,58.233241799987354,-3.436843004120483,61.67008480410784
2023-05-31 00:00:00+05:30,3090.393006854284,3156.4768421254707,3075.1957187157363,3130.59228515625,2349066,0.0,0.0,3037.107043457031,2883.4590185546876,3023.572342708502,2932.928258829171,75.07417832751052,60.6499110575669,-0.8161389972327555,61.46605005479965
2023-06-01 00:00:00+05:30,3172.164539861095,3186.430190593925,3144.368112342508,3177.409912109375,1104861,0.0,0.0,3049.74775390625,2890.2723046875,3038.2235397942995,2942.5157746440814,78.74600883088254,65.58688529201572,3.296668189772852,62.29021710224287
2023-06-02 00:00:00+05:30,3176.1350147535795,3186.4790230577487,3156.133518771358,3174.027099609375,781973,0.0,0.0,3060.7437255859377,2897.61798828125,3051.15721215764,2951.5946501329163,77.85359757182263,68.43760216752935,4.91790805222918,63.51969411530017
2023-06-05 00:00:00+05:30,3176.6746228455995,3176.6746228455995,3132.602531814009,3137.259765625,492565,0.0,0.0,3069.5826782226563,2904.375390625,3059.3574553450076,2958.8756350541744,68.73582906099165,66.95814741121512,2.750762636731963,64.20738477448316
2023-06-06 00:00:00+05:30,3145.103264265214,3175.644815054045,3132.6022692938536,3150.005615234375,577698,0.0,0.0,3078.306396484375,2911.70244140625,3067.9906134297094,2966.3709283945745,70.04550315783096,66.0527375577426,1.4762822266075517,64.57645533113505
2023-06-07 00:00:00+05:30,3154.1725971533638,3166.18335696534,3143.6325426244857,3161.8203125,470038,0.0,0.0,3087.297314453125,2919.2510791015625,3076.9267752459273,2974.035610124199,71.24783769973533,65.53311608623699,0.7653286040815459,64.76778748215544
2023-06-08 00:00:00+05:30,3157.1142695929643,3183.5869668845826,3130.6415723013465,3149.515625,561161,0.0,0.0,3090.851525878906,2927.3781982421874,3083.8399990320295,2980.9171793350147,68.17850853882508,63.39761859618329,-1.096135108777716,64.49375370496101
2023-06-09 00:00:00+05:30,3168.0709059988744,3196.7924456241662,3127.357178388282,3139.201171875,1239045,21.25,0.0,3094.3140625,2935.2853076171873,3089.112491683741,2987.1243947287394,65.62633484151996,60.17922266555797,-3.4516248315224303,63.6308474970804
2023-06-12 00:00:00+05:30,3143.790903025459,3160.718089804831,3110.1835203196893,3153.216796875,1029156,0.0,0.0,3098.4332641601563,2943.369775390625,3095.217663606718,2993.6378222638873,67.41149862425038,58.089939840531315,-4.43272612523927,62.522665965770585
2023-06-13 00:00:00+05:30,3168.26813663584,3229.462100645629,3163.4810930645417,3220.43115234375,1598821,0.0,0.0,3105.614123535156,2953.1769921875,3107.1427577721493,3002.531678345451,74.30368891051299,61.15287265215693,-1.0958346508909216,62.24870730304785
2023-06-14 00:00:00+05:30,3222.5534416908013,3247.1296334199333,3210.7094474181245,3227.685791015625,741615,0.0,0.0,3115.395654296875,2963.4028515625,3118.6230466524803,3011.36125139134,74.9202200591525,63.434425117686715,0.9485742517110864,62.48585086597563
2023-06-15 00:00:00+05:30,3233.410435035481,3261.046421659716,3230.794982688074,3251.52197265625,806994,0.0,0.0,3125.5552001953124,2974.278984375,3131.2800872242683,3020.779318891925,76.88279041704244,66.40052857491537,3.131742167151792,63.26878640776358
2023-06-16 00:00:00+05:30,3248.955465269003,3278.8121988679663,3243.823116281688,3273.729248046875,984671,0.0,0.0,3138.0310913085937,2985.298251953125,3144.8466739692785,3030.698923956825,78.5656759649442,69.7392181685791,5.176345408652423,64.56287275992668
2023-06-19 00:00:00+05:30,3275.703553746084,3301.464097427692,3260.3062643754515,3266.67236328125,516915,0.0,0.0,3150.132080078125,2995.558681640625,3156.449120570419,3039.9527843224887,76.65596536519,70.99730931429303,5.147549243493074,65.84976007079996
2023-06-20 00:00:00+05:30,3271.903325843176,3283.599366245303,3234.496141370281,3275.55517578125,866290,0.0,0.0,3160.9270751953127,3005.9702978515625,3167.792554400022,3049.19209379146,77.4006174895471,71.88250754168394,4.826197976707178,67.05630956497676
2023-06-21 00:00:00+05:30,3275.555312026165,3289.669453584717,3257.09846889576,3272.9892578125,742456,0.0,0.0,3172.5301147460937,3016.9875146484374,3177.811288058353,3057.9684531648345,76.64009769886098,71.5521764284099,3.596693490746503,67.95548293766339
2023-06-22 00:00:00+05:30,3281.7732927651227,3283.599338201901,3200.296436957424,3205.82373046875,871640,0.0,0.0,3179.6939086914062,3027.1036083984377,3180.479139716486,3063.766699333615,60.01649749412451,65.12002677744385,-2.268364928175629,67.38839170561948
2023-06-23 00:00:00+05:30,3222.553290316352,3261.19422342919,3210.7586947671803,3254.828125,1260659,0.0,0.0,3189.070166015625,3037.5536669921876,3187.559995457773,3071.259304261709,65.83857859462479,63.247667192685185,-3.3125796103474414,66.56024680303263
2023-06-26 00:00:00+05:30,3252.1633868091217,3272.2489232326866,3228.8701019767163,3265.142333984375,592801,0.0,0.0,3198.5209106445313,3047.7589892578126,3194.9487896031633,3078.862560329265,66.93006015486733,61.88273356585614,-3.7420105897411986,65.62474415559734
2023-06-27 00:00:00+05:30,3232.423521077425,3301.019989692656,3230.795068209205,3282.760498046875,914141,0.0,0.0,3208.509411621094,3057.6627001953125,3203.3118094549454,3086.8585578868183,68.76583644682673,61.51356237528216,-3.288945424252148,64.80250779953431
2023-06-28 00:00:00+05:30,3287.69544943604,3311.630188147785,3280.292952927252,3304.72119140625,713110,0.0,0.0,3217.215856933594,3067.7801123046875,3212.96984583126,3095.402190573855,70.93190874515847,62.27516661218715,-2.021872949877732,64.29703956206488
2023-06-30 00:00:00+05:30,3309.4091595086675,3404.7534028707387,3300.2794145860744,3318.341552734375,1436363,0.0,0.0,3224.2624389648436,3079.050400390625,3223.0052464887,3104.1449106585815,72.21874190008964,63.2487011303856,-0.8386707453434212,64.08737187572902
2023-07-03 00:00:00+05:30,3321.253545861505,3336.009141207729,3293.8149096815546,3315.035400390625,474224,0.0,0.0,3231.312854003906,3089.5849072265623,3231.770023050788,3112.415125942191,71.39255638583802,63.02692028240244,-0.848361274661265,63.87528155706371
2023-07-04 00:00:00+05:30,3315.035462245957,3342.9675987310256,3287.6956218993346,3304.178466796875,473663,0.0,0.0,3239.6587890625,3099.1522119140627,3238.66606531232,3119.9352569561,68.61651880106446,61.26882468425447,-2.0851654982473917,63.35399018250186
2023-07-05 00:00:00+05:30,3307.780860229807,3355.798289365977,3297.31856917629,3330.531005859375,632406,0.0,0.0,3248.68505859375,3109.070078125,3247.415107269182,3128.193913775837,71.51208223251415,61.29537598203888,-1.6468913603703896,62.94226734240927
2023-07-06 00:00:00+05:30,3365.6683459324954,3365.6683459324954,3324.0170145955226,3355.2060546875,693995,0.0,0.0,3258.354345703125,3119.346142578125,3257.680911785212,3137.0963506743333,73.93689576267707,62.58603544115567,-0.28498552100288066,62.87102096215855
2023-07-07 00:00:00+05:30,3340.9933527042426,3369.6163385915165,3293.7653296035687,3300.230224609375,620761,0.0,0.0,3265.8900756835938,3128.2873828125,3261.7332272922754,3143.493757495315,61.397735543132725,58.498468396440785,-3.4980420525742204,61.996510449015005
2023-07-10 00:00:00+05:30,3301.51354558229,3328.2119320141933,3251.1271695856703,3299.6875,548838,0.0,0.0,3273.9143920898437,3137.41484375,3265.3479199311064,3149.6190022994206,61.28723366477239,54.58601512024461,-5.928396263016317,60.51441138326093
2023-07-11 00:00:00+05:30,3306.398794949799,3355.7487679813835,3301.513195813005,3348.445068359375,772158,0.0,0.0,3283.6758056640624,3147.4703857421873,3273.2619340671317,3157.4161029292227,67.02844961194344,54.7881325066478,-4.581023101290512,59.36915560793831
2023-07-12 00:00:00+05:30,3363.6944427882145,3370.011143477199,3318.539213692686,3362.460693359375,1025127,0.0,0.0,3290.7772827148438,3157.8611474609374,3281.7570539997264,3165.457067259817,68.47572092516194,55.44017595745754,-3.14318372038462,58.58335967784216
2023-07-13 00:00:00+05:30,3380.4732759927992,3380.4732759927992,3340.3518428410434,3354.3671875,750126,0.0,0.0,3297.1113525390624,3167.4988232421874,3288.6723048092763,3172.865307269236,66.6561878404288,54.67360353888307,-3.1278049111672743,57.801408450050346
2023-07-14 00:00:00+05:30,3354.3672841050397,3394.2913667006064,3342.967391397195,3385.16162109375,832843,0.0,0.0,3303.7933349609375,3176.7101416015626,3297.861763503036,3181.190652909413,69.93015794078254,55.906487616836785,-1.5159366665708518,57.422424283407636
2023-07-17 00:00:00+05:30,3385.1614046743152,3427.8491314042994,3380.4731572299816,3415.412841796875,817694,0.0,0.0,3310.8775146484377,3185.9362451171874,3309.0571042929255,3190.375836787353,72.75976231311121,58.64851425688539,0.9808719787822042,57.66764227810319
2023-07-18 00:00:00+05:30,3415.018361012379,3477.199331169541,3410.675659483313,3467.7734375,962485,0.0,0.0,3320.932568359375,3196.082099609375,3324.172945550742,3201.2541740702018,76.82479875379379,64.30538020752238,5.310190343535346,58.99518986398703
2023-07-19 00:00:00+05:30,3474.238307486118,3484.10830267784,3437.225825517161,3468.957763671875,620289,0.0,0.0,3330.6026977539063,3205.9506298828123,3337.961975847993,3211.7523540545812,76.90873560932356,68.09904900640367,7.283087313933308,60.81596169247037
2023-07-20 00:00:00+05:30,3464.41756278361,3489.043151543888,3449.513774292752,3480.16015625,589848,0.0,0.0,3340.9612426757812,3215.9137939453126,3351.504659695803,3222.2781502191074,77.7303475922024,71.18887725670083,8.298332451384368,62.890544805316466
2023-07-21 00:00:00+05:30,3489.9807580620577,3491.9547570192008,3459.4331723935998,3471.968017578125,857975,0.0,0.0,3354.26845703125,3223.7845263671875,3362.9773604465004,3232.069909723383,75.61160262246274,72.14490966978474,7.4034918915746175,64.74141777821012
2023-07-24 00:00:00+05:30,3460.42005195317,3521.614017503968,3453.0175561204123,3497.6298828125,680246,0.0,0.0,3366.408544921875,3232.338115234375,3375.8014101956433,3242.484026315113,77.66533186329694,74.1188740614698,7.501965026607735,66.61690903486206
2023-07-25 00:00:00+05:30,3501.7755463348644,3501.7755463348644,3306.4484351636606,3356.193115234375,2555630,0.0,0.0,3370.961083984375,3238.045322265625,3373.9339535326653,3246.9432062727315,51.782900042451054,63.53806272038719,-2.4630770515799014,66.00113977196709
2023-07-26 00:00:00+05:30,3355.65020174062,3368.629148219199,3321.25317426241,3329.149169921875,959076,0.0,0.0,3373.280517578125,3243.0920263671874,3369.6687360459237,3250.16696955309,48.457590332698146,52.36682101546012,-10.907455005205584,63.2742760206657
2023-07-27 00:00:00+05:30,3345.9282329142497,3369.6162204039083,3307.4352532435546,3325.595947265625,874078,0.0,0.0,3374.324255371094,3248.962841796875,3365.471327590657,3253.124968679072,48.02125906977326,42.73420281804829,-16.432058562093935,59.166261380142224
2023-07-28 00:00:00+05:30,3331.1232967416404,3354.8112846295808,3320.7598020406663,3346.619140625,553750,0.0,0.0,3375.738134765625,3254.928603515625,3363.675881212975,3256.791406794599,50.8416711923584,36.37734412432155,-18.231133804656544,54.6084779289781
2023-07-31 00:00:00+05:30,3279.996703374186,3343.9543194242783,3279.947305205653,3333.44287109375,933890,0.0,0.0,3376.6585083007812,3261.113232421875,3360.796546915906,3259.7973465710365,49.045433268389445,29.931244226466333,-19.741786962009414,49.67303118847575
2023-08-01 00:00:00+05:30,3328.162374423261,3340.9933681562097,3294.604390814011,3299.489990234375,698667,0.0,0.0,3376.4240844726564,3266.60998046875,3354.957827231951,3261.3539208323436,44.666256811848456,21.831292337923514,-22.273391080441783,44.1046834183653
2023-08-02 00:00:00+05:30,3297.762579624948,3328.1128133150632,3287.349687027364,3319.180419921875,857218,0.0,0.0,3375.856555175781,3271.8004833984373,3351.5504551071817,3263.621626678992,47.588929284472826,16.80713305743666,-21.83804028874291,38.64517334617957
2023-08-03 00:00:00+05:30,3326.188266380988,3336.008863069105,3274.8148949635797,3292.975830078125,711067,0.0,0.0,3372.7450439453123,3276.8414306640625,3345.9719193901287,3264.7727719103304,44.2399562963046,10.588897017582894,-22.445021062877345,33.03391808046024
2023-08-04 00:00:00+05:30,3294.7521668185223,3329.445342583958,3279.799221314453,3296.232666015625,519248,0.0,0.0,3372.545166015625,3281.515126953125,3341.2348476401758,3266.006493247793,44.760264294084266,5.856193049548438,-21.742180024729443,27.59837307427788
2023-08-07 00:00:00+05:30,3272.9399606576408,3306.448547746691,3272.890562485978,3299.53955078125,360358,0.0,0.0,3372.5377685546873,3286.1598583984373,3337.263866986945,3267.32151511185,45.31820496706346,2.345293932824461,-20.20246331316274,22.5477572459872
2023-08-08 00:00:00+05:30,3299.539286036437,3316.2688791528,3289.323744956236,3304.523681640625,500258,0.0,0.0,3370.34169921875,3290.727783203125,3334.1457540968195,3268.7804236031748,46.20021200871642,-0.03454301523242975,-18.065840208975704,18.031297193743274
2023-08-09 00:00:00+05:30,3289.225209908097,3313.3079011602754,3260.059326684929,3287.6953125,643222,0.0,0.0,3366.6034301757813,3294.8218798828125,3329.72190251617,3269.52218395207,43.64069385756968,-3.2411279855805333,-17.017940143459047,13.776812157878513
2023-08-10 00:00:00+05:30,3266.968176590156,3276.838171081365,3188.0082206604848,3195.805419921875,1253219,0.0,0.0,3358.675341796875,3296.126142578125,3316.9679517929035,3266.63133046069,32.91699100790513,-13.046721567036002,-21.458826979931615,8.412105412895611
2023-08-11 00:00:00+05:30,3195.80559597906,3206.7119886860123,3138.6584211133827,3143.93896484375,919023,0.0,0.0,3346.614208984375,3295.4567236328126,3300.489000654889,3261.819865142379,28.639217574743487,-24.717981085040265,-26.504069198348702,1.7860881133084359
2023-08-14 00:00:00+05:30,3143.939101574262,3168.169747665514,3111.2693202011,3160.96484375,815534,0.0,0.0,3333.891809082031,3295.195478515625,3287.2009857115663,3257.8647662642466,31.773639883923476,-32.22225411562749,-27.206673783148744,-5.01558033247875
2023-08-16 00:00:00+05:30,3153.364683921929,3167.133520059794,3135.598692483839,3152.52587890625,597686,0.0,0.0,3318.129431152344,3295.50080078125,3274.3747850634413,3253.7338295051095,31.045752129488402,-38.4076589092856,-26.713662861445478,-11.693996047840121
2023-08-17 00:00:00+05:30,3181.9873976387644,3182.08619396941,3120.892228700768,3141.865966796875,873392,0.0,0.0,3301.7748413085938,3295.3380078125,3261.754897609482,3249.3468544969437,30.107496417277776,-43.66644301663973,-25.577957575039687,-18.088485441600046
2023-08-18 00:00:00+05:30,3133.624418177848,3144.0867086035,3113.983225755468,3122.422119140625,592652,0.0,0.0,3283.887939453125,3294.5500439453126,3248.485109183877,3244.3694138947353,28.420317184703613,-48.8400258993488,-24.601232366199007,-24.238793533149796
2023-08-21 00:00:00+05:30,3118.819776474237,3146.061060395632,3111.170529974452,3140.9287109375,353330,0.0,0.0,3267.335974121094,3294.3783056640623,3238.241642684222,3240.3129157395497,32.308525048902546,-50.860511992896136,-21.29737476779707,-29.563137225099066
2023-08-22 00:00:00+05:30,3157.0164944796998,3157.0164944796998,3129.775213641285,3138.362060546875,377068,0.0,0.0,3249.3725830078124,3294.3615234375,3228.729301528284,3236.3148429868957,32.048513552918344,-52.068653983470085,-18.004413406696813,-34.06424057677327
2023-08-23 00:00:00+05:30,3144.580592253651,3154.4505878351124,3124.1003514221184,3127.604248046875,370811,0.0,0.0,3237.9431396484374,3293.8492724609373,3219.0983440538644,3232.0516824010124,30.925127932680855,-53.2800020788377,-15.372609201651542,-37.907392877186155
2023-08-24 00:00:00+05:30,3143.593253223684,3190.87043056682,3129.67646457,3183.66552734375,1167742,0.0,0.0,3230.6689575195314,3293.1139599609373,3215.7237900814725,3230.1541861242567,42.27975449744736,-49.1497596218519,-8.993893395732599,-40.1558662261193
2023-08-25 00:00:00+05:30,3182.9743215893027,3222.553094573948,3174.387474859879,3216.92724609375,1363431,0.0,0.0,3225.2355224609373,3292.8987890625,3215.8384049397846,3229.6354825936487,47.76596775757126,-42.700346974676904,-2.0355845988460857,-40.66476237583082
2023-08-28 00:00:00+05:30,3222.5040130703314,3229.462407833112,3189.0448259528634,3217.322265625,707315,0.0,0.0,3218.7706787109373,3292.214794921875,3215.9797250050433,3229.1526113399764,47.82938816264125,-37.12926317767733,2.8283993585227876,-39.95766253620012
2023-08-29 00:00:00+05:30,3218.6052919897998,3246.241277324272,3212.732693299557,3242.984130859375,533163,0.0,0.0,3214.2477416992188,3291.599892578125,3218.5515731816463,3229.6950238701493,51.913979656302416,-30.29422806813818,7.730747574449552,-38.024975642587734
2023-08-30 00:00:00+05:30,3258.3814805527013,3259.911377963059,3233.805048550849,3251.8671875,599080,0.0,0.0,3211.8666015625,3291.3037890625,3221.7244888310133,3230.5645204830844,53.27764046873788,-23.885290309354332,11.311748266586726,-35.19703857594106
2023-08-31 00:00:00+05:30,3257.1478685442016,3259.072469446995,3178.1385074558825,3213.769287109375,1601967,0.0,0.0,3206.596044921875,3290.0680712890626,3220.9668505718096,3229.905883880194,47.107426837507305,-21.630994486091367,10.852835271879755,-32.48382975797112
2023-09-01 00:00:00+05:30,3198.964466311682,3221.76401225194,3175.276476160745,3217.174560546875,650131,0.0,0.0,3202.8059814453127,3288.95177734375,3220.6056800932442,3229.4066162984955,47.69056422366562,-19.346655495801315,10.509739409735847,-29.85639490553716
2023-09-04 00:00:00+05:30,3217.1743164788686,3223.7871650343213,3174.2892357565547,3193.486328125,696213,0.0,0.0,3197.668664550781,3288.705029296875,3218.0228846676973,3227.9979775465936,44.05217702975108,-19.22611607557201,8.504223063972123,-27.73033913954413
2023-09-05 00:00:00+05:30,3202.813594359975,3206.613639078943,3178.138605189251,3181.395751953125,597022,0.0,0.0,3191.761474609375,3287.2363818359377,3214.5345863139287,3226.1704392880265,42.279203404137235,-19.877065727843274,6.2826187293606885,-26.159684457203962
2023-09-06 00:00:00+05:30,3167.281488391077,3188.008478498965,3153.463494985818,3183.36962890625,754106,0.0,0.0,3185.7037719726563,3285.600927734375,3211.566495132245,3224.4919761358,42.68477048544645,-20.00308947934036,4.925275982290881,-24.92836546163124
2023-09-07 00:00:00+05:30,3183.3696079528318,3211.449696173211,3159.6322212445616,3204.14599609375,923108,0.0,0.0,3181.5263061523438,3284.0286376953127,3210.8597809381026,3223.6940945655238,46.91294797450371,-18.21649658046408,5.369495104933726,-23.585991685397808
2023-09-08 00:00:00+05:30,3208.291106390868,3220.6285995004864,3189.9822184228624,3195.95361328125,395918,0.0,0.0,3181.5337158203124,3281.8532861328126,3209.4401459231644,3222.6062325543758,45.48797990339527,-17.262672321880473,5.0586554908138694,-22.321327812694342
2023-09-11 00:00:00+05:30,3199.852427871252,3222.553416717963,3199.852427871252,3217.026123046875,359345,0.0,0.0,3185.1880737304687,3279.8269775390627,3210.162619934946,3222.3874047305526,49.71865796898747,-14.63765057306182,6.14694179170602,-20.78459236476784
2023-09-12 00:00:00+05:30,3217.61822924608,3237.160866684527,3200.8392384800727,3214.50927734375,554905,0.0,0.0,3187.8652954101562,3277.816455078125,3210.5765873072132,3222.078458558521,49.227243172611935,-12.614972785227565,6.535695663632222,-19.150668448859786
2023-09-13 00:00:00+05:30,3202.813219145064,3241.947650998492,3183.3693781497504,3235.137451171875,880907,0.0,0.0,3191.9958740234374,3276.435634765625,3212.915717199086,3222.5905759159077,53.30126043050304,-9.240941018893864,7.9277819439727395,-17.168722962866603
2023-09-14 00:00:00+05:30,3239.332474737916,3251.373820874805,3181.346252041129,3198.125244140625,1102554,0.0,0.0,3194.808837890625,3273.78751953125,3211.507100717328,3221.631151140407,46.14643333563993,-9.444699699969533,6.179218610317658,-15.623918310287191
2023-09-15 00:00:00+05:30,3192.943323385887,3197.8783207945207,3143.593349299552,3155.091796875,1568607,0.0,0.0,3196.4423217773438,3269.785234375,3206.134214637106,3219.021764698626,39.50633849582319,-12.929575374993874,2.1554743482346552,-15.08504972322853
2023-09-18 00:00:00+05:30,3158.398553872476,3187.9097439735474,3148.5285583916248,3164.61669921875,673602,0.0,0.0,3197.6267211914064,3267.0729638671874,3202.180165549644,3216.888232719023,41.51237667379816,-14.752724216893967,0.2658604050676505,-15.018584621961617
2023-09-20 00:00:00+05:30,3164.6166173688275,3186.034458814985,3153.463474570594,3172.56201171875,901084,0.0,0.0,3199.33671875,3264.5304541015626,3199.359388994321,3215.149949542542,43.20429710858465,-15.379180868332242,-0.2884769970964989,-15.090703871235743
2023-09-21 00:00:00+05:30,3168.2683474406663,3218.802672888753,3139.201260795332,3202.023681640625,845739,0.0,0.0,3203.0576904296877,3261.6020263671876,3199.6131311511117,3214.6351939385454,49.08577123774432,-13.344514480468206,1.3969515126140308,-14.741465993082237
2023-09-22 00:00:00+05:30,3192.8939662184057,3240.911636201007,3179.27332500234,3232.275390625,896521,0.0,0.0,3205.48818359375,3258.9983203125,3202.7238225295773,3215.326966357622,54.31698761671696,-9.185086656687417,4.445103469115855,-13.630190125803272
2023-09-25 00:00:00+05:30,3229.7585654154523,3291.4460351848443,3228.623371391688,3280.046142578125,1422084,0.0,0.0,3208.6441284179687,3257.5118994140626,3210.0878530103914,3217.8649732682297,61.11180977013147,-2.0108300958499967,9.295488023962623,-11.30631811981262
2023-09-26 00:00:00+05:30,3279.799279530112,3281.6744821597267,3217.963858353566,3249.991943359375,834560,0.0,0.0,3210.2776123046874,3254.808505859375,3213.8882425674374,3219.124854448275,55.51709605755031,1.2354556491327457,10.033419015156293,-8.797963366023547
2023-09-27 00:00:00+05:30,3245.2543586953525,3265.981348212568,3229.166218638656,3258.875,516326,0.0,0.0,3211.072155761719,3251.6777490234376,3218.172695656253,3220.6836836855978,56.77663965408916,4.473382552867861,10.617076735113127,-6.143694182245265
2023-09-28 00:00:00+05:30,3239.135081815565,3246.2414301857248,3113.983494142889,3129.134033203125,2104381,0.0,0.0,3204.935498046875,3244.9049609375,3209.6928230416693,3217.093501313736,39.281775785937725,-3.390465600969037,2.2025828650209824,-5.5930484659900195
2023-09-29 00:00:00+05:30,3153.463418991276,3153.463418991276,3093.2564491764188,3119.954833984375,1550585,0.0,0.0,3200.244775390625,3237.92490234375,3201.1463478933556,3213.284141810624,38.38069026233147,-10.245206222126399,-3.7217262049091033,-6.523480017217295
2023-10-03 00:00:00+05:30,3124.9391937390174,3185.837014313769,3120.8923994277266,3125.679443359375,1219145,0.0,0.0,3195.67001953125,3230.8352880859375,3193.959023652024,3209.848663439987,39.31561701246436,-15.04231101822279,-6.815064800804395,-8.227246217418395
2023-10-04 00:00:00+05:30,3123.803854051831,3147.5412389642256,3110.380806142047,3128.689453125,892584,0.0,0.0,3192.43017578125,3223.969716796875,3187.7428740780215,3206.6659493099874,39.832543917736984,-18.389189369836004,-8.129554521934086,-10.259634847901918
2023-10-05 00:00:00+05:30,3168.2683867872806,3190.0811720674083,3133.032552921953,3164.567138671875,1002610,0.0,0.0,3191.5887451171875,3217.3084619140627,3185.535661182198,3205.015015559473,45.76301181489936,-17.93978650345889,-6.144121324445578,-11.795665179013312
2023-10-06 00:00:00+05:30,3172.956849142446,3175.177598161988,3148.528609927492,3154.203857421875,814257,0.0,0.0,3190.1304565429687,3213.2686767578125,3182.5516798716912,3203.022421122704,44.401618360250865,-18.20994872776828,-5.1314268390039715,-13.078521888764307
2023-10-09 00:00:00+05:30,3099.2280114900072,3121.879603161531,3091.9734683492256,3111.812255859375,700012,0.0,0.0,3185.51376953125,3208.9219384765624,3175.8145918705186,3199.445551896691,39.256997621148585,-21.595759726411416,-6.813790270117686,-14.78196945629373
2023-10-10 00:00:00+05:30,3109.048309398798,3123.75450501532,3099.227712932284,3110.52880859375,847367,0.0,0.0,3181.242529296875,3204.620595703125,3169.596898225112,3195.958620786772,39.109251205638714,-24.104738384983648,-7.458215142951932,-16.646523242031716
2023-10-11 00:00:00+05:30,3127.8016164256587,3143.5936094401145,3111.072022019308,3122.767822265625,1025317,0.0,0.0,3176.5296142578127,3200.1435693359376,3165.1369862289703,3193.088393393786,41.37512077477138,-24.81943295693509,-6.538327771922695,-18.281105185012393
2023-10-12 00:00:00+05:30,3144.580710302284,3147.0482092902803,3109.09812304824,3118.030517578125,992531,0.0,0.0,3171.705676269531,3195.835322265625,3160.6506558812707,3190.144947283368,40.74313455075279,-25.474440953256817,-5.754668614595538,-19.71977233866128
2023-10-13 00:00:00+05:30,3109.0483648556287,3130.762353435573,3087.581126145912,3107.864013671875,854688,0.0,0.0,3165.342004394531,3192.002802734375,3155.623356623233,3186.918244004486,39.35388289404062,-26.508319997560193,-5.430838127119131,-21.077481870441062
2023-10-16 00:00:00+05:30,3083.3863925327432,3087.3343904745266,3055.849203275473,3071.591796875,853011,0.0,0.0,3159.01533203125,3187.0510302734374,3147.6203509329252,3182.3956382347023,34.79525949866966,-29.909760246864153,-7.065822701138472,-22.84393754572568
2023-10-17 00:00:00+05:30,3096.217355135821,3096.217355135821,3051.605027029462,3073.072265625,792640,0.0,0.0,3154.91435546875,3182.652958984375,3140.520533284551,3178.108447151969,35.12557539504295,-32.115754271283095,-7.417453380445931,-24.698300890837164
2023-10-18 00:00:00+05:30,3069.568716821392,3074.701066482545,3049.828725073344,3056.19482421875,481985,0.0,0.0,3149.49326171875,3177.8522021484373,3132.4895133735226,3173.327520762431,33.068916283399965,-34.824454268448335,-8.100922702088937,-26.723531566359398
2023-10-19 00:00:00+05:30,3047.5583083179304,3070.45664852731,3036.109258696578,3061.47509765625,568124,0.0,0.0,3143.938916015625,3173.0909130859377,3125.7262356861634,3168.9411512288552,34.36375910782247,-36.12857684935034,-7.524036226392752,-28.604540622957586
2023-10-20 00:00:00+05:30,3052.2958727473874,3074.6021572420877,3024.7092856478225,3065.472412109375,711434,0.0,0.0,3137.1113525390624,3168.3098876953127,3119.9877762978977,3164.883553616327,35.38289772951845,-36.41972954924631,-6.252151141030982,-30.16757840821533
2023-10-23 00:00:00+05:30,3055.7998864501715,3068.482685595751,3024.16650390625,3032.0625,374476,0.0,0.0,3127.1007080078125,3163.1972314453124,3111.6139404600026,3159.6748848470593,31.044179483618098,-38.8979791598922,-6.984320601341494,-31.913658558550708
2023-10-25 00:00:00+05:30,3053.183848368388,3067.594135998801,3012.322169584408,3021.0078125,669290,0.0,0.0,3114.148791503906,3159.701279296875,3102.9847854161926,3154.2369604412925,29.744516398098938,-41.27820131455883,-7.491634204806495,-33.78656710975233
2023-10-26 00:00:00+05:30,3011.434300955283,3015.2835026571106,2901.7785590219,2921.814697265625,1834111,0.0,0.0,3097.7399291992188,3155.2587939453124,3085.7304913066146,3145.122361885384,21.177283241478474,-50.58548198076278,-13.439131896808355,-37.146350083954424
2023-10-27 00:00:00+05:30,2894.6721512998847,2935.977935359751,2892.895504025266,2916.7314453125,1708185,0.0,0.0,3080.6327514648438,3150.3741259765625,3069.63534406908,3136.1658553531142,20.845923604612075,-57.70653984392675,-16.448151807977858,-41.25838803594889
2023-10-30 00:00:00+05:30,2935.3365674772213,2953.0531606376903,2900.8903806746007,2928.5263671875,878885,0.0,0.0,3070.6023681640627,3145.8941357421877,3056.196393889882,3128.0231303270116,23.824328700839832,-61.68718639804183,-16.34303868967435,-45.34414770836748
2023-10-31 00:00:00+05:30,2930.4015557129533,2973.5827844305154,2927.4405571723205,2956.75439453125,1152306,0.0,0.0,3062.442346191406,3142.191904296875,3046.725727284298,3121.306709315413,30.558719929460135,-61.85113024751308,-13.205586031316479,-48.645544216196605
2023-11-01 00:00:00+05:30,2958.97483619647,2969.7824315542557,2891.908274408217,2896.399169921875,1029990,0.0,0.0,3050.9783325195312,3137.6714453125,3032.4089122974005,3112.4868058097845,25.39019007605696,-66.0893818904674,-13.955070139416627,-52.13431175105077
2023-11-02 00:00:00+05:30,2922.5547187191287,2923.492319986968,2895.856335868252,2916.97802734375,900125,0.0,0.0,3040.3927612304688,3133.192431640625,3021.4154946827675,3104.819794889548,29.75285275058838,-67.01517581194366,-11.904691248714315,-55.11048456322935
2023-11-03 00:00:00+05:30,2923.6523737189145,2949.2601893991286,2908.821536517094,2944.267333984375,715997,5.15,0.0,3029.3777709960937,3129.310537109375,3014.06805080673,3098.5236199520905,35.166743221606225,-64.7998824763904,-7.751518330528832,-57.04836414586156
2023-11-06 00:00:00+05:30,2964.1899019609345,2999.833394523152,2950.199575863177,2995.136962890625,620959,0.0,0.0,3021.424426269531,3126.66119140625,3012.265090052815,3094.469241243798,43.853440267391974,-58.26781750044256,-0.9755626836647906,-57.29225481677777
2023-11-07 00:00:00+05:30,2995.136983199001,3004.678058341163,2968.342508095771,2999.141357421875,757998,0.0,0.0,3015.790881347656,3122.9707080078124,3011.01521075463,3090.730892858625,44.484016860874824,-52.16664318345556,4.100489306657771,-56.26713249011333
2023-11-08 00:00:00+05:30,3023.513349272575,3064.0014866238585,3011.846375710147,3060.34326171875,783400,0.0,0.0,3013.281604003906,3119.8390283203125,3015.7131203702606,3089.5392210492178,53.145272730234424,-41.909826003347916,11.485845189412338,-53.395671192760254
2023-11-09 00:00:00+05:30,3065.039643723667,3076.310983277916,3039.382344015766,3045.462890625,849702,0.0,0.0,3009.416357421875,3116.4018408203124,3018.546431823093,3087.81073750317,51.05947270265305,-34.58329142238517,15.049903816300073,-49.633195238685246
2023-11-10 00:00:00+05:30,3035.3779154408185,3050.2087521612134,3005.815210799758,3041.755126953125,364232,0.0,0.0,3005.602587890625,3112.3772607421874,3020.756783740239,3086.0046351286587,50.52734305434871,-28.744793437650515,16.71072144082779,-45.455514878478304
2023-11-13 00:00:00+05:30,3063.06230855304,3063.06230855304,3030.434466015193,3050.80224609375,405941,0.0,0.0,3002.7494995117186,3108.3559619140624,3023.6182563453353,3084.6241492841527,51.84607276694375,-23.12118815135409,17.86746138169937,-40.98864953305346
2023-11-15 00:00:00+05:30,3050.900849704392,3083.6771441197307,3043.979792477224,3081.056884765625,700017,0.0,0.0,3003.22275390625,3105.7017138671877,3029.0886019091727,3084.484256557936,56.06380800720632,-16.0382648204436,19.960307770087894,-35.998572590531495
2023-11-16 00:00:00+05:30,3083.8251912440064,3105.4781154291427,3062.666628262981,3094.997802734375,675454,0.0,0.0,3004.3190307617188,3103.2581787109375,3035.36566865443,3084.896552486424,57.89391527899201,-9.194097645494821,21.44357995602934,-30.63767760152416
2023-11-17 00:00:00+05:30,3114.475839176124,3191.8433739112133,3110.1747997956645,3133.16259765625,1430175,0.0,0.0,3008.1674194335938,3102.0517041015623,3044.6796618926987,3086.789338571515,62.499147348823094,-0.6825972993256073,23.96406424175884,-24.64666154108445
2023-11-20 00:00:00+05:30,3133.162402494666,3136.128569775788,3096.6786414917847,3104.9345703125,406431,0.0,0.0,3010.3403930664062,3100.52248046875,3050.4182245993466,3087.5009162868478,57.49066367610941,3.7419275404718064,22.710871265245004,-18.968943724773197
2023-11-21 00:00:00+05:30,3121.297985656467,3121.297985656467,3091.735279253396,3097.914794921875,409069,0.0,0.0,3011.962512207031,3098.8133837890623,3054.9417074872063,3087.9093036843,56.28275285671191,6.6058104745029596,20.459803359420924,-13.853992884917966
2023-11-22 00:00:00+05:30,3104.5882930323373,3121.3965735997094,3086.0002638921355,3097.667236328125,489889,0.0,0.0,3015.2427490234377,3096.68380859375,3059.010805472056,3088.2919677095483,56.237877703317686,8.754565244690184,18.086846503686523,-9.332281258996337
2023-11-23 00:00:00+05:30,3112.4982584278137,3135.6342670975414,3080.0186295382773,3087.730712890625,792460,0.0,0.0,3018.578894042969,3094.5193505859374,3061.7460347500146,3088.2699577166495,54.364242266696856,9.545638306150522,15.102335652117489,-5.556697345966966
2023-11-24 00:00:00+05:30,3082.836522812745,3104.390719966833,3075.9154658340126,3100.78173828125,756329,0.0,0.0,3027.52724609375,3092.194462890625,3065.4637208006084,3088.7606157780065,56.41804051041512,11.09775012841419,13.323557979504926,-2.225807851090735
2023-11-28 00:00:00+05:30,3105.7254875338667,3124.3630026329824,3100.781875187929,3112.844482421875,647883,0.0,0.0,3037.332897949219,3090.1611669921876,3069.976174288348,3089.70508113659,58.286630219060164,13.149592255326752,12.30032008513399,0.8492721701927624
2023-11-29 00:00:00+05:30,3112.844482421875,3134.250227324859,3106.5659981876047,3112.844482421875,620725,0.0,0.0,3046.5488037109376,3087.7153076171876,3074.058870301065,3090.612508637974,58.28663021906017,14.607307970083184,11.006428639912336,3.600879330170847
2023-11-30 00:00:00+05:30,3112.844434818703,3118.381135729091,3073.2955366559986,3084.715087890625,1793116,0.0,0.0,3052.9468383789062,3085.4471044921875,3075.073748166737,3090.381237236117,52.230252410986154,13.338987579207696,7.790486599229479,5.5485009799782175
2023-12-01 00:00:00+05:30,3111.4599130242404,3154.6177906807293,3104.8355212118618,3137.611572265625,960196,0.0,0.0,3065.007458496094,3085.0975,3081.0297314142504,3092.2334072372746,60.534696515683905,16.412940584029457,8.691551683240991,7.721388900788466
2023-12-04 00:00:00+05:30,3154.0247019517265,3168.311693468369,3130.7897237398565,3158.5234375,1018189,0.0,0.0,3077.0847290039064,3084.975634765625,3088.4100843747983,3094.8330162671855,63.254353653437306,20.302449246571996,10.064848276626822,10.237600969945174
2023-12-05 00:00:00+05:30,3160.945591734066,3211.0242859896925,3144.1373105143352,3189.86572265625,1005550,0.0,0.0,3089.3646484375,3085.321708984375,3098.072526115889,3098.559789066757,66.93245150180287,25.61865742203645,12.30484516167302,13.313812260363429
2023-12-06 00:00:00+05:30,3228.178931494932,3251.908271267024,3196.49032739682,3215.869384765625,1229158,0.0,0.0,3100.40126953125,3085.598623046875,3109.2912745587214,3103.1601653686735,69.6470570552786,31.56619348365166,14.601904978630586,16.964288505021074
2023-12-07 00:00:00+05:30,3246.964499905513,3262.7345745797843,3210.233557735869,3215.127685546875,1071725,0.0,0.0,3111.2005859375,3085.2556689453127,3119.370932748069,3107.5510485129166,69.47187414384008,35.80704836936275,15.074207891473336,20.73284047788941
2023-12-08 00:00:00+05:30,3218.291642217353,3232.9247830615814,3191.3984392910347,3195.551025390625,895852,0.0,0.0,3117.960974121094,3083.5657666015627,3126.626179666408,3111.002027998317,64.83630872039622,37.159927046622215,13.14166925498624,24.018257791635975
2023-12-11 00:00:00+05:30,3193.5736274660244,3208.4044647452783,3149.575476870904,3196.539794921875,910426,0.0,0.0,3125.5148193359373,3082.4967236328125,3133.284619214548,3114.356450230613,64.96347030765794,37.87527597806047,11.085614549139596,26.789661428920876
2023-12-12 00:00:00+05:30,3191.5959161684045,3220.318350246576,3173.7989129183948,3188.382568359375,1019030,0.0,0.0,3132.84619140625,3081.086875,3138.5320429426265,3117.25943525527,62.94124769502625,37.353388537841965,8.450981687136867,28.9024068507051
2023-12-13 00:00:00+05:30,3203.460839576125,3218.2421923948523,3154.321380530462,3207.069580078125,1052079,0.0,0.0,3140.659558105469,3082.6455859375,3145.0594274317214,3120.7814017189116,65.58425824447208,38.00952451480407,7.285694131279175,30.723830383524895
2023-12-14 00:00:00+05:30,3218.2916193715696,3221.8511167958486,3181.7088882143503,3204.795654296875,923107,0.0,0.0,3146.8464965820312,3084.34240234375,3150.7485918950692,3124.0760782905963,64.97697859572513,37.90903840007559,5.748166413240554,32.16087198683503
2023-12-15 00:00:00+05:30,3213.348073566198,3288.837131787829,3205.438293692804,3276.52734375,1631687,0.0,0.0,3155.9229736328125,3087.3593603515624,3162.727520643158,3130.054559289005,73.35768361655401,43.12048418223185,8.767689756317452,34.3527944259144
2023-12-18 00:00:00+05:30,3275.6374454804145,3298.1803654019927,3258.8291639913814,3294.47265625,911936,0.0,0.0,3163.9884765625,3090.6750244140626,3175.2746764152384,3136.502327797279,74.97126367402275,48.14365912059111,11.032691755741368,37.11096736484974
2023-12-19 00:00:00+05:30,3298.3285214370694,3316.076040667027,3262.9322103871496,3298.427490234375,780448,0.0,0.0,3173.663122558594,3093.3522314453126,3187.0035158265846,3142.8523341673613,75.32593103699794,51.84603468506111,11.7880538561691,40.05798082889201
2023-12-20 00:00:00+05:30,3298.4275118235264,3322.0578813523684,3245.62958921402,3259.966064453125,979762,0.0,0.0,3181.7656860351562,3095.4674755859373,3193.952329981493,3147.4450294726853,65.59147856035904,51.08777035347657,8.823831619667644,42.26393873380893
2023-12-21 00:00:00+05:30,3243.009552229848,3282.5584492082608,3234.95156102542,3265.70068359375,1585879,0.0,0.0,3190.1673583984375,3098.545244140625,3200.785506515994,3152.082506104884,66.29096172583196,50.368954294610376,6.48401244864116,43.884941845969216
2023-12-22 00:00:00+05:30,3272.572378086064,3313.0112715854293,3249.930730277332,3303.618408203125,930563,0.0,0.0,3200.9617431640627,3102.4070361328127,3210.5791162004825,3158.025090500894,70.55349157747222,52.25654989488339,6.697286439131339,45.55926345575205
2023-12-26 00:00:00+05:30,3312.170859911057,3353.647720124318,3307.4744280795685,3345.1943359375,600190,0.0,0.0,3213.182373046875,3106.85556640625,3223.3996133182936,3165.3650609101724,74.37909465065985,56.45651732239912,8.717803093317656,47.73871422908147
2023-12-27 00:00:00+05:30,3342.920143185704,3371.494125908765,3316.1751521930278,3366.05615234375,837182,0.0,0.0,3225.8429565429688,3111.8160791015625,3236.985950368337,3173.2352997899206,76.05978968235173,60.7679014610103,10.423349785543067,50.34455167546723
2023-12-28 00:00:00+05:30,3366.599854647486,3381.381206612896,3335.010221469445,3358.937255859375,779250,0.0,0.0,3238.147595214844,3116.8375439453125,3248.600360415103,3180.517729439703,74.26939180671305,62.88536565107097,10.032651180482986,52.85271447058798
2023-12-29 00:00:00+05:30,3371.543439653335,3384.347346667226,3345.737688032444,3364.029052734375,615676,0.0,0.0,3252.1132934570314,3122.6862890625,3259.5935692074145,3187.714251921847,74.72762191306636,64.23388844925421,9.10493918293298,55.12894926632123
2024-01-01 00:00:00+05:30,3364.622381083081,3373.323186619882,3350.928479068857,3357.80029296875,283951,0.0,0.0,3263.1227294921873,3128.380849609375,3268.9465905180177,3194.3842927472156,73.01461713508512,64.06153215941413,7.146066314474318,56.91546584493981
2024-01-02 00:00:00+05:30,3357.7014667802177,3360.5686653529883,3307.276621431045,3353.10400390625,552394,0.0,0.0,3272.8517578125,3134.319033203125,3276.961582269278,3200.6085951456093,71.68043244720354,62.82181648393271,4.725080511194321,58.09673597273839
2024-01-03 00:00:00+05:30,3353.104022944824,3360.667653235218,3327.0510894782315,3335.55419921875,379131,0.0,0.0,3280.136181640625,3139.800615234375,3282.5418315025613,3205.900579619066,66.77031673711735,59.73462671771313,1.3103125959797879,58.42431412173334
2024-01-04 00:00:00+05:30,3333.972224042068,3362.8923567684114,3325.864747931293,3341.83251953125,777127,0.0,0.0,3286.4343383789064,3145.3278173828126,3288.1885636957695,3211.231243929348,67.6247154185618,57.13598647887784,-1.0306621142844037,58.16664859316224
2024-01-05 00:00:00+05:30,3341.832495611715,3342.2773724499325,3310.242860675742,3317.707763671875,416956,0.0,0.0,3291.563342285156,3151.04072265625,3290.9999160744464,3215.4067937231725,61.12144081974279,52.524410479853486,-4.513790490647011,57.0382009705005
2024-01-08 00:00:00+05:30,3317.163689321423,3338.421221160592,3257.6921328472304,3261.201904296875,545884,0.0,0.0,3294.8458862304688,3155.8446044921875,3288.1620101908684,3217.2026804123375,49.18942924659065,43.8051936589095,-10.5864058492728,54.3915995081823
2024-01-09 00:00:00+05:30,3272.671339272905,3277.6149515678794,3225.459841855902,3230.650634765625,670704,0.0,0.0,3296.5514282226563,3162.0213232421875,3282.6847363408456,3217.73005117129,44.16882084441857,34.03755563249888,-16.28323510054674,50.32079073304562
2024-01-10 00:00:00+05:30,3254.874294749036,3255.8630171958007,3221.4554277709294,3249.782470703125,691087,0.0,0.0,3299.6214233398437,3168.68234375,3279.551187232491,3218.98700879999,47.76435637772176,27.5231417477612,-18.238119188227536,45.76126093598874
2024-01-11 00:00:00+05:30,3249.782556993819,3271.880359433376,3233.8145442221867,3251.1171875,537469,0.0,0.0,3301.8238037109377,3175.13416015625,3276.843187257968,3220.247015807833,48.01587761606592,22.212075323312547,-18.839348490140956,41.0514238134535
2024-01-12 00:00:00+05:30,3257.7909660025066,3257.7909660025066,3207.415605798031,3240.83447265625,673004,0.0,0.0,3303.6257446289064,3180.81576171875,3273.4137858673284,3221.0543670567904,46.17135623513821,16.977580783023313,-19.259074424344156,36.23665520736747
2024-01-15 00:00:00+05:30,3245.18471594215,3250.128328098965,3221.851011394371,3236.978271484375,728116,0.0,0.0,3301.648291015625,3187.62734375,3269.9437368784756,3221.6788338970878,45.46597819464688,12.37538718039059,-19.089014421581503,31.464401601972092
2024-01-16 00:00:00+05:30,3238.016584339055,3282.558579607885,3236.9783774746666,3259.718994140625,748215,0.0,0.0,3299.910607910156,3194.4821630859374,3268.969951855823,3223.1706048870305,50.28911986574562,10.442724630331668,-16.81734157731234,27.26006620764401
2024-01-17 00:00:00+05:30,3256.95073471425,3267.085139875336,3157.0402823853005,3205.73486328125,2239241,0.0,0.0,3295.2759765625,3199.711513671875,3262.9475624677684,3222.486850314255,41.01536507896982,4.503098522496657,-18.205574148117883,22.70867267061454
2024-01-18 00:00:00+05:30,3221.2083171645063,3221.2083171645063,3014.219413268319,3128.169677734375,1979174,0.0,0.0,3288.6861572265625,3202.37216796875,3250.1115734455407,3218.7881376640635,31.910058402897103,-6.3893082269537445,-23.278384718054628,16.889076491100884
2024-01-19 00:00:00+05:30,3141.9621573081467,3165.4443148037344,3113.0915108962968,3130.14697265625,936201,0.0,0.0,3281.9084716796874,3204.9922802734377,3238.6863733703703,3215.31201354611,32.32251806961473,-14.692699581308261,-25.265420857927317,10.572721276619056
2024-01-23 00:00:00+05:30,3052.729871289691,3073.937918331695,2987.4741933836467,3020.250244140625,2365225,0.0,0.0,3267.7400634765627,3204.190419921875,3217.882932491347,3207.662532392954,23.721662655202717,-29.797458050139994,-32.29614346140724,2.498685411267246
2024-01-24 00:00:00+05:30,3020.5468674391554,3020.5468674391554,2942.536768301457,2965.623291015625,2665932,0.0,0.0,3248.761511230469,3202.5936279296875,3193.8582047317545,3198.17079743698,20.763965785160494,-45.64980401660159,-38.51879154229507,-7.131012474306522
2024-01-25 00:00:00+05:30,2976.1040428600445,2981.986893128375,2909.1180972335696,2915.940185546875,2001961,0.0,0.0,3226.255712890625,3200.0773291015626,3167.389821952242,3187.102930304035,18.504191372870345,-61.51283215858348,-43.505455747421564,-18.007376411161914
2024-01-29 00:00:00+05:30,2906.893298796886,2954.7473657171245,2906.893298796886,2942.4873046875,1862723,0.0,0.0,3205.433215332031,3197.9110302734375,3145.970534593695,3177.5101606720145,23.307089241541796,-71.12241071833614,-42.49202744573938,-28.63038327259676
2024-01-30 00:00:00+05:30,2956.279949395016,2971.1107852615464,2917.769260539053,2920.784912109375,1273188,0.0,0.0,3183.2710083007814,3194.7055908203124,3124.5242848332837,3167.442503865637,22.15744703916005,-79.57201599823975,-40.753306180514386,-38.81870981772536
2024-01-31 00:00:00+05:30,2932.550666864542,2938.3840325262413,2914.8031478897383,2924.49267578125,1771244,0.0,0.0,3161.6056274414063,3191.29548828125,3105.4736553997564,3157.9150596270338,22.857542468220526,-84.98949749444455,-36.936630141375346,-48.0528673530692
2024-02-01 00:00:00+05:30,2927.607178010001,2939.323635611675,2887.020073110684,2896.314208984375,3006472,0.0,0.0,3138.7661376953124,3186.5585205078123,3085.553708122101,3147.6562027390864,21.290381479860482,-90.5132766733368,-33.96832745621408,-56.54494921712273
2024-02-02 00:00:00+05:30,2916.7312403628976,2928.9420592291744,2891.0739409497114,2903.185791015625,1881911,0.0,0.0,3117.1477172851564,3182.523544921875,3068.1853350643414,3138.069127769539,22.68253063203017,-93.26137317084977,-29.37313916298163,-63.888234007868135
2024-02-05 00:00:00+05:30,2916.7311535092867,2931.561989883063,2879.1597013623878,2884.449462890625,923435,0.0,0.0,3094.278564453125,3178.25423828125,3050.6866805716068,3128.1232585586013,21.56264806081727,-95.84626841766658,-25.566427527838755,-70.27984088982782
2024-02-06 00:00:00+05:30,2897.9454804933644,2913.7650395816936,2869.915102678804,2897.89599609375,1471312,0.0,0.0,3073.287976074219,3174.2588134765624,3036.135186811811,3119.094738461941,24.44568866901318,-95.70654815987791,-20.341365816040067,-75.36518234383784
2024-02-07 00:00:00+05:30,2923.6522349495817,2969.0839824773043,2902.938548251666,2947.52978515625,1134012,0.0,0.0,3057.6043701171875,3171.454794921875,3027.696577130329,3112.366701077404,34.0776030149335,-90.54701722745267,-12.145467906891867,-78.4015493205608
2024-02-08 00:00:00+05:30,2965.920060052625,2965.920060052625,2886.871751366604,2896.561279296875,1633654,0.0,0.0,3040.89990234375,3167.3703857421874,3015.20750114619,3103.9037433605204,29.86691655143683,-89.53863856288217,-8.909671393857096,-80.62896716902507
2024-02-09 00:00:00+05:30,2896.956804151015,2925.629755454899,2877.7262006057017,2918.362548828125,1144765,0.0,0.0,3024.32890625,3163.4807470703126,3005.984172353994,3096.62761808474,33.6437700024599,-85.98908234099235,-4.288092137573827,-81.70099020341853
2024-02-12 00:00:00+05:30,2918.362383251901,2931.5124394847194,2887.118900160277,2920.48828125,614469,0.0,0.0,3007.7974609375,3159.633623046875,2997.8417065345657,3089.720193110829,34.01689252156375,-82.0585843404333,-0.2860753096118174,-81.77250903082148
2024-02-13 00:00:00+05:30,2931.512741138353,2947.628966237512,2912.479832928685,2938.087890625,717118,0.0,0.0,2992.6601318359376,3156.7010791015623,2992.1508669241307,3083.773828307463,37.16707802912071,-76.6400363346911,4.105978156904314,-80.74601449159542
2024-02-14 00:00:00+05:30,2936.4067999668127,2947.184019842841,2902.93868881508,2942.83349609375,750339,0.0,0.0,2977.9528930664064,3152.805517578125,2987.4539744640947,3078.246756455945,38.02625843794513,-71.14277764511053,7.682589477187918,-78.82536712229845
2024-02-15 00:00:00+05:30,2946.3929078102583,2990.391056936955,2933.984392756614,2982.53076171875,1068730,0.0,0.0,2964.0934814453126,3149.2856640625,2986.9850970597763,3074.4931880348786,44.82311262966829,-62.858331241363885,12.77362870474765,-75.63195994611154
2024-02-16 00:00:00+05:30,3000.772501091283,3000.772501091283,2966.1672168941845,2973.97802734375,1179473,0.0,0.0,2952.5056396484374,3144.96791015625,2985.7463285153926,3070.551417027383,43.710821984985174,-56.33360325419653,15.438685353532009,-71.77228860772854
2024-02-19 00:00:00+05:30,2973.978105077977,2984.6563556153674,2953.8082640308176,2964.288818359375,560700,0.0,0.0,2944.3115966796877,3139.936298828125,2983.702756119582,3066.3842562953046,42.426363409106386,-51.35258684985047,16.335761406302453,-67.68834825615292
2024-02-20 00:00:00+05:30,2964.288795283284,2983.074521335063,2938.58201226506,2977.685791015625,729371,0.0,0.0,2936.6885375976562,3135.1874609375,2983.129711823967,3062.905885107866,44.83992831409711,-45.79616208355537,17.513748938078045,-63.30991102163342
2024-02-21 00:00:00+05:30,2978.081426333256,2992.6155976927253,2949.853352842569,2967.947021484375,927130,0.0,0.0,2934.073376464844,3130.635380859375,2981.683741315435,3059.1820081030232,43.41511369173592,-41.69782615138956,17.289667896195084,-58.98749404758465
2024-02-22 00:00:00+05:30,2949.359137230597,2993.0606222637566,2899.033259905192,2983.37109375,2615821,0.0,0.0,2934.9607666015627,3126.3720068359376,2981.844441547298,3056.209031069571,46.324168356655086,-36.78127997079446,17.76497126143216,-54.546251232226616
2024-02-23 00:00:00+05:30,2965.1785105062763,2971.110844972111,2932.74836714892,2952.275634765625,1650523,0.0,0.0,2936.7775390625,3121.6498681640624,2979.028364710948,3052.1332116066715,41.67274232615169,-34.99067464890231,15.644461266659448,-50.63513591556176
2024-02-26 00:00:00+05:30,2887.069520053798,2896.956744437544,2815.6838082806157,2836.100830078125,3524491,0.0,0.0,2931.458215332031,3114.2304931640624,2965.4162185554414,3043.661353507513,29.68150362259477,-42.45653040142042,6.542884411313075,-48.9994148127335
2024-02-27 00:00:00+05:30,2822.8025342027813,2837.63337063467,2817.9578908566223,2827.30126953125,1296180,0.0,0.0,2926.784033203125,3106.68060546875,2952.2624138864708,3035.1766443319734,29.000803674954742,-48.523971728056495,0.3803544677416042,-48.9043261957981
2024-02-28 00:00:00+05:30,2818.00718942636,2827.152872073002,2754.0863796996205,2762.836669921875,2472196,0.0,0.0,2918.7012329101562,3096.4067919921877,2934.221866842224,3024.496645335499,24.557560945495542,-57.867160522858285,-7.1702674616481445,-50.69689306121014
2024-02-29 00:00:00+05:30,2753.592164019178,2805.994456548089,2745.435203389678,2790.075927734375,2284424,0.0,0.0,2913.3893188476563,3086.318857421875,2920.493682165286,3015.303676017808,29.474500192231364,-62.35493561610292,-9.326434043914219,-53.0285015721887
2024-03-01 00:00:00+05:30,2800.951875727143,2813.85475263897,2783.3033239217366,2799.81494140625,978174,0.0,0.0,2908.2207763671877,3076.3466064453123,2909.0004687596634,3006.8531374055897,31.200996516116373,-64.38349979093346,-9.083998574995803,-55.29950121593765
2024-03-04 00:00:00+05:30,2827.746352051514,2828.6855901497297,2796.10723202856,2799.81494140625,971299,0.0,0.0,2903.989050292969,3067.143583984375,2898.6018471069574,2998.733992464439,31.200996516116373,-65.23911559980706,-7.951691507095525,-57.28742409271154
2024-03-05 00:00:00+05:30,2802.039250341792,2802.879760927337,2773.3663010616533,2788.592529296875,736381,0.0,0.0,2898.523876953125,3057.6014208984375,2888.124769220283,2990.4931507715933,30.212562569746584,-66.06123931520142,-7.019052177991902,-59.04218713720952
2024-03-06 00:00:00+05:30,2796.057612101889,2806.9830434827286,2746.423793249084,2795.4150390625,1723066,0.0,0.0,2890.9181396484373,3047.437353515625,2879.295271110018,2982.843028743786,31.630586877953462,-65.40827290789457,-5.092868616548039,-60.31540429134653
2024-03-07 00:00:00+05:30,2793.140890711192,2861.3627390152883,2793.140890711192,2838.17724609375,1564364,0.0,0.0,2887.9989379882813,3037.29701171875,2875.3792687275163,2977.169860796726,39.876709600156,-60.74006592636715,-0.33972930801648715,-60.400336618350664
2024-03-11 00:00:00+05:30,2862.8953113630896,2863.8840338037608,2820.924092034058,2844.40625,866546,0.0,0.0,2884.301123046875,3026.864013671875,2872.429457420134,2971.9634446870505,40.993144964483236,-55.89354372408661,3.6054343154112445,-59.49897803949786
2024-03-12 00:00:00+05:30,2847.520789494012,2867.1962706164877,2833.1348288946238,2843.714111328125,663186,0.0,0.0,2880.4624145507814,3016.55955078125,2869.6946625542287,2966.9340590651323,40.90225889269967,-51.51466082462548,6.387453771897903,-57.90211459652338
2024-03-13 00:00:00+05:30,2846.1366542876626,2854.689007265278,2803.028257198741,2827.89453125,955841,0.0,0.0,2874.952746582031,3005.8368603515623,2865.7136976681118,2961.481528562578,38.78563580435523,-48.758811256354875,7.314642672134809,-56.073453928489684
2024-03-14 00:00:00+05:30,2827.746268651677,2865.3672069718677,2808.9605416921027,2859.632568359375,1381741,0.0,0.0,2870.7927001953126,2995.873505859375,2865.134542495851,2957.4874516918644,44.941517551935966,-43.51220465988081,10.048999414887106,-53.561204074767915
2024-03-15 00:00:00+05:30,2862.3515653036043,2864.27952585251,2817.859053925828,2835.211181640625,1356226,0.0,0.0,2863.426721191406,2985.5156494140624,2862.2846986048767,2952.692303846718,41.48452835014157,-40.85389467542291,10.16584751947601,-51.01974219489892
2024-03-18 00:00:00+05:30,2833.67852516248,2833.67852516248,2785.47830600628,2814.3984375,940424,0.0,0.0,2855.4477416992186,2975.0925341796874,2857.724102309174,2947.2690149703762,38.748921886710086,-39.965877614197325,8.843091664561278,-48.8089692787586
2024-03-19 00:00:00+05:30,2807.971876693855,2807.971876693855,2769.4116995139043,2783.352783203125,1199135,0.0,0.0,2846.4009399414062,2963.922939453125,2850.6411195371693,2940.8409274500923,35.037373224720874,-41.291262565817306,6.014165370353041,-47.30542793617035
2024-03-20 00:00:00+05:30,2783.352705149501,2805.0551149583043,2766.000577627664,2793.0419921875,818910,0.0,0.0,2837.16875,2953.4296240234376,2845.15548836101,2935.044890773128,37.06351670706009,-41.08618552840926,4.9753939262088736,-46.06157945461813
2024-03-21 00:00:00+05:30,2812.9153553783804,2813.3107478013635,2774.3551800322443,2789.334228515625,1167680,0.0,0.0,2828.2381103515627,2943.9922705078125,2839.839177899545,2929.330747155187,36.59317326116162,-40.75307001676174,4.246807550285112,-44.99987756704685
2024-03-22 00:00:00+05:30,2789.3342356270264,2822.950798835004,2776.332632000044,2809.454833984375,1652689,0.0,0.0,2819.5422973632812,2935.5683544921876,2836.945430860005,2924.6297309524102,40.97089689204209,-38.42259708543634,5.2618243852884135,-43.68442147072475
2024-03-26 00:00:00+05:30,2788.197476824573,2812.075028874362,2778.3102517294506,2782.90771484375,1372390,0.0,0.0,2811.0739013671873,2926.230859375,2831.7989817156003,2919.072004830502,37.31068228755151,-38.27658253125219,4.326271151578048,-42.602853682830236
2024-03-27 00:00:00+05:30,2786.170585620448,2810.7899212774046,2785.9234049896786,2798.5791015625,1156231,0.0,0.0,2809.1978149414062,2917.18009765625,2828.635183605781,2914.3467929376393,40.67974283248282,-36.475844181819866,4.901607600808305,-41.37745178262817
2024-03-28 00:00:00+05:30,2803.077747083018,2835.656104892092,2787.2087028210626,2814.645751953125,1864623,0.0,0.0,2808.5650390625,2908.6563232421877,2827.3028567817187,2910.4369481931485,44.00241265868062,-33.36766004005722,6.407833394056766,-39.77549343411398
2024-04-01 00:00:00+05:30,2828.685604991314,2853.8980288918906,2820.1827362729296,2838.622314453125,558086,0.0,0.0,2812.3543212890627,2900.6892041015626,2828.3809003694714,2907.620688046481,48.62692539072356,-28.639554543918166,8.908751112156658,-37.548305656074824
2024-04-02 00:00:00+05:30,2841.6376768660216,2859.780588168569,2823.7911891751805,2841.785888671875,562473,0.0,0.0,2814.9398193359375,2892.3305419921876,2829.6575659220816,2905.038931208261,49.22278145467228,-24.356456801071545,10.553479084002625,-34.90993588507417
2024-04-03 00:00:00+05:30,2812.915235596312,2852.0192548993737,2812.915235596312,2836.99072265625,816676,0.0,0.0,2816.7986083984374,2884.9556591796877,2830.355961801526,2902.370374010143,48.308169879816035,-21.105707347939187,11.043382829707987,-32.149090177647174
2024-04-04 00:00:00+05:30,2837.633330954643,2910.05724785096,2819.0947856740163,2885.388671875,1831347,0.0,0.0,2821.077294921875,2880.1000390625,2835.597172284714,2901.7044249068044,56.9939377211811,-14.45749792592187,14.153273801380244,-28.610771727302115
2024-04-05 00:00:00+05:30,2891.024630986492,2894.7323404140566,2847.520840369732,2850.931884765625,1155672,0.0,0.0,2824.1942626953123,2874.5157373046877,2837.05762109242,2899.713344901268,50.48936569886076,-11.83271859915294,13.422442502519342,-25.255161101672282
2024-04-08 00:00:00+05:30,2875.2050582020443,2876.144296308791,2841.390796647836,2859.385498046875,570695,0.0,0.0,2827.392785644531,2871.2984423828125,2839.1840855642727,2898.1318607109,51.93860050733352,-8.967059450625129,13.030481320837723,-21.99754077146285
2024-04-09 00:00:00+05:30,2860.374018682229,2883.559511620839,2812.9153415661744,2824.92822265625,1017670,0.0,0.0,2826.730334472656,2868.484541015625,2837.826384334937,2895.2611298067964,46.02493578864264,-9.368424713559307,10.103292846322837,-19.471717559882144
2024-04-10 00:00:00+05:30,2850.783518294711,2866.4053814461986,2825.7687917696016,2864.081787109375,740495,0.0,0.0,2827.714111328125,2867.447373046875,2840.326898884883,2894.0384104853288,52.62556788280633,-6.45276073568175,10.415165459360317,-16.867926195042067
2024-04-12 00:00:00+05:30,2857.407750851178,2860.3739180665943,2812.915242619931,2822.30810546875,1766311,0.0,0.0,2826.6438110351564,2865.0437890625,2838.610823321442,2891.225457347424,46.142119870828054,-7.427246345592266,7.55254387955984,-14.979790225152106
2024-04-15 00:00:00+05:30,2798.2822110653965,2821.3194922743446,2780.633660282893,2812.322021484375,884519,0.0,0.0,2825.865185546875,2862.87453125,2836.107127908388,2888.1312049606377,44.723638897936155,-8.902701926520422,4.861670638905348,-13.76437256542577
2024-04-16 00:00:00+05:30,2795.760878394349,2809.405296185117,2788.1972483712457,2798.08447265625,911249,0.0,0.0,2822.7877807617188,2860.3463671875,2832.48592264628,2884.5999605565444,42.70779092967223,-11.09298923203778,2.137106666710393,-13.230095898748173
2024-04-18 00:00:00+05:30,2822.802507386956,2826.955093270974,2768.5217431168207,2776.035888671875,1732434,0.0,0.0,2819.8290161132813,2857.94080078125,2827.1097289344316,2880.342545972832,39.721856022400765,-14.44147186352393,-0.9691007718206048,-13.472371091703325
2024-04-19 00:00:00+05:30,2758.5356152534014,2790.273702220383,2734.954488439051,2776.87646484375,1337807,0.0,0.0,2817.952917480469,2855.4146142578124,2822.325608544843,2876.285052595221,39.894387883554295,-16.833297229312848,-2.688740910087617,-14.14455631922523
2024-04-22 00:00:00+05:30,2814.497457085461,2814.497457085461,2782.314492667595,2809.801025390625,676040,0.0,0.0,2819.2753295898438,2853.9216455078126,2821.132791101584,2873.6778358420997,46.36952108153543,-15.888941364247785,-1.3955080360180414,-14.493433328229743
2024-04-23 00:00:00+05:30,2819.836380172883,2845.4936790432066,2811.926600705357,2842.47802734375,929062,0.0,0.0,2821.7471313476562,2852.8132861328127,2823.165670743695,2872.454313940204,51.907118521555766,-12.36127844961129,1.7057239028947624,-14.067002352506053
2024-04-24 00:00:00+05:30,2850.437469196116,2850.585922402789,2827.746336209245,2835.408935546875,718441,0.0,0.0,2824.0508666992187,2850.570869140625,2824.3316959630456,2871.0015540032105,50.68779430366514,-10.020486868383614,3.2372123872979532,-13.257699255681567
2024-04-25 00:00:00+05:30,2832.689944771123,2837.5345884358703,2797.1454193960503,2829.179931640625,1594152,0.0,0.0,2825.0371215820314,2849.2232421875,2824.7934326942436,2869.3614903811485,49.58254373321712,-8.569240364292,3.750767113111655,-12.320007477403655
2024-04-26 00:00:00+05:30,2837.633523891472,2845.7409999679826,2805.055166380705,2812.074951171875,625507,0.0,0.0,2826.4954833984375,2847.097490234375,2823.5821487397325,2867.1149594317653,46.57898559021994,-8.699068578089282,2.8967511194514994,-11.595819697540781
2024-04-29 00:00:00+05:30,2812.074693826916,2841.538669377332,2806.9828700645303,2835.853515625,566219,0.0,0.0,2828.3592041015627,2845.404794921875,2824.750850347853,2865.8890204589507,51.02085862045747,-6.804785614539924,3.8328272664006864,-10.63761288094061
2024-04-30 00:00:00+05:30,2822.8025942287427,2879.159773868336,2822.8025942287427,2843.466796875,1290649,0.0,0.0,2829.800256347656,2843.512373046875,2826.5333214456764,2865.0097175733054,52.38594491015424,-4.635786091935188,4.801461431204338,-9.437247523139526
2024-05-02 00:00:00+05:30,2842.676056407357,2954.3027261796315,2842.676056407357,2941.8447265625,2493406,0.0,0.0,2834.961376953125,2843.49259765625,2837.515360028231,2868.022855180725,65.69212163821128,4.964214034372617,11.521169246009714,-6.5569552116370975
2024-05-03 00:00:00+05:30,2949.40867382262,2963.2013042888416,2876.4409057398443,2896.709716796875,1594445,0.0,0.0,2837.707568359375,2841.7761767578127,2843.1529178157207,2869.1478301460643,57.722079280699994,8.828495815454062,12.308360821672927,-3.4798650062188656
2024-05-06 00:00:00+05:30,2916.731066705101,2925.6295682645405,2878.368589482502,2899.082275390625,768806,0.0,0.0,2840.812145996094,2840.27826171875,2848.479523299045,2870.3217299595763,58.010466810437876,11.94472130594022,12.339669049727268,-0.39494774378704856
2024-05-07 00:00:00+05:30,2913.765000107278,2934.4786867304765,2871.249935633368,2880.1484375,629534,0.0,0.0,2840.5501342773437,2838.5954541015626,2851.495610365803,2870.707091039593,54.798032794507435,12.7396947068587,10.507713960516599,2.231980746342101
2024-05-08 00:00:00+05:30,2867.295134352044,2872.238746652651,2789.186060002454,2811.234619140625,1652877,0.0,0.0,2838.5652709960937,2835.2664306640627,2847.6612302491194,2868.374837239633,45.02491561400633,7.719956793362144,4.390380837616034,3.32957595574611
2024-05-09 00:00:00+05:30,2796.106893249626,2821.764190757112,2673.3076218164765,2679.53662109375,3547959,0.0,0.0,2829.5728271484377,2829.49822265625,2831.649362710513,2860.969416998618,32.935812895928386,-6.806686222870212,-8.109009742893058,1.3023235200228456
2024-05-10 00:00:00+05:30,2668.561873801872,2761.106391026622,2639.987891752547,2739.9970703125,2478584,0.0,0.0,2825.32626953125,2824.6307421875,2822.9205729583214,2856.225403403084,40.79498078425996,-13.28733438938707,-11.671726327527931,-1.6156080618591377
2024-05-13 00:00:00+05:30,2739.9970304385297,2862.3514309858524,2723.0405373418457,2846.779052734375,2748823,0.0,0.0,2824.4611328125,2822.520810546875,2825.1928091274694,2855.854958278821,51.586115704477606,-9.69512185497706,-6.463611034494338,-3.2315108204827223
2024-05-14 00:00:00+05:30,2846.532085010328,2855.430587533806,2809.9493524138074,2833.826904296875,999330,0.0,0.0,2825.037072753906,2822.47533203125,2826.015103905508,2854.9911130246273,50.38647527943334,-7.803444424399913,-3.6575468831337528,-4.1458975412661605
2024-05-15 00:00:00+05:30,2833.8267050570607,2841.8354533200463,2774.503359071429,2781.96826171875,1230520,0.0,0.0,2823.519384765625,2821.568671875,2821.8201665543884,2852.127471796946,45.79453786769686,-10.369304598420513,-4.978725645723482,-5.390578952697031
2024-05-16 00:00:00+05:30,2789.2355102611323,2805.598915053308,2755.124585804481,2782.314453125,1534319,0.0,0.0,2822.7308837890623,2821.9582275390626,2818.0577176563515,2849.38970635883,45.83002904495334,-12.233808786702411,-5.474583867204304,-6.7592249194981076
2024-05-17 00:00:00+05:30,2782.858370375779,2806.192075917212,2754.6797798819634,2778.211181640625,1325150,0.0,0.0,2822.8396484375,2821.7209326171874,2814.262809464378,2846.5983916639984,45.45017950103424,-13.8825125422386,-5.698630098192394,-8.183882444046207
2024-05-21 00:00:00+05:30,2783.2536382029134,2834.617720122482,2769.411524194089,2819.638671875,921822,0.0,0.0,2824.9777587890626,2822.1174072265626,2814.7747963606275,2845.5411477507046,49.95964352503892,-11.711269681956765,-2.821909790328446,-8.889359891628319
2024-05-22 00:00:00+05:30,2819.638731641434,2862.351493210848,2804.610198676477,2853.205810546875,933846,0.0,0.0,2827.147998046875,2823.185224609375,2818.434892949794,2845.8417227623195,53.32641141759226,-7.1989712542699635,1.3523109098866843,-8.551282164156648
2024-05-23 00:00:00+05:30,2852.464140440029,2888.305327646598,2844.851026193612,2871.002685546875,1181894,0.0,0.0,2828.5742309570314,2824.833427734375,2823.4413493876114,2846.8284271852435,55.053071740759414,-2.161961417715247,5.111456597153121,-7.273418014868368
2024-05-24 00:00:00+05:30,2877.3799961999102,2877.3799961999102,2834.6672350754684,2842.329833984375,755822,0.0,0.0,2828.920275878906,2825.7717236328126,2825.2402526825413,2846.6520117656014,51.73251340430427,-0.4782414548271845,5.436141248032948,-5.914382702860133
2024-05-27 00:00:00+05:30,2855.331641173289,2865.6145001136465,2823.3466127948745,2839.90771484375,817091,0.0,0.0,2829.4566650390625,2825.8063330078126,2826.6371538407516,2846.387529533372,51.45020360391935,0.6531449260160116,5.254022103100915,-4.600877177084904
2024-05-28 00:00:00+05:30,2843.41745973214,2888.058180308656,2831.7010025347454,2878.36865234375,1084544,0.0,0.0,2832.771350097656,2826.4855810546874,2831.5639632219895,2847.6416912122104,55.59412802833077,4.600224484499449,7.360881329267483,-2.7606568447680333
2024-05-29 00:00:00+05:30,2863.340013910245,2888.750130811478,2848.6081469958067,2867.443115234375,1758297,0.0,0.0,2834.350830078125,2826.9601611328126,2834.9810253184073,2848.418217644452,54.17942139530144,6.7686887055324405,7.623476440240379,-0.8547877347079387
2024-05-30 00:00:00+05:30,2842.8242984353988,2878.022915127464,2842.5771178164578,2851.178955078125,1344426,0.0,0.0,2834.736437988281,2827.425849609375,2836.5236852955236,2848.526481857537,52.05578576923136,7.093065975010177,6.3582829677744925,0.7347830072356846
2024-05-31 00:00:00+05:30,2851.178837337331,2873.2273959137883,2823.3958817481166,2848.70703125,2520363,0.0,0.0,2830.079553222656,2827.2073388671874,2837.6840039578547,2848.533562225869,51.72394829151335,7.069184544864584,5.067521230103119,2.0016633147614646
2024-06-03 00:00:00+05:30,2916.7313475307296,2916.7313475307296,2827.795807770775,2834.12353515625,952701,0.0,0.0,2826.950244140625,2827.1855859375,2837.344911691035,2847.9684631251,49.71060993173319,5.80655770129033,3.0439155092230923,2.762642192067238
2024-06-04 00:00:00+05:30,2847.520650693118,2864.328932311793,2744.4463354727163,2825.422607421875,2683847,0.0,0.0,2823.2672607421873,2827.4060693359374,2836.2094541415913,2847.0843119210517,48.497682874915604,4.057057446731051,1.0355322037310497,3.021525243000001
2024-06-05 00:00:00+05:30,2832.1956134151183,2993.1596853839724,2832.1956134151183,2928.348876953125,2410576,0.0,0.0,2825.677282714844,2830.3059912109375,2844.9846372664997,2850.271157608584,60.71031967721842,10.850774674891,6.263399545512799,4.5873751293782
2024-06-06 00:00:00+05:30,2926.618446484684,2928.348710768923,2849.7452761420536,2872.041015625,1689408,0.0,0.0,2828.7176025390627,2831.8859716796874,2847.5614352054045,2851.1248775307963,53.26847772807906,11.55803684542343,5.576529372836184,5.981507472587246
2024-06-07 00:00:00+05:30,2872.0409700394675,2909.909087479518,2856.270895519456,2894.6826171875,1600180,0.0,0.0,2839.47490234375,2833.992939453125,2852.049166822747,2852.833024184001,55.624008523871424,13.786611755009744,6.244083425937998,7.542528329071747
2024-06-10 00:00:00+05:30,2894.979283348314,2918.609652938206,2882.125891721426,2904.421630859375,876867,0.0,0.0,2847.6961303710937,2835.892275390625,2857.0370205405206,2854.8561067987216,56.63650985518664,16.15243521919365,6.887925512097521,9.264509707096128
2024-06-11 00:00:00+05:30,2910.0119721393103,2915.3529149289507,2890.0461953150266,2897.4833984375,855430,28.15,0.0,2850.23134765625,2838.1837890625,2860.8890565307092,2856.52776529436,55.66213526964365,17.268450045294685,6.403152270558845,10.86529777473584
2024-06-12 00:00:00+05:30,2904.0223565358783,2913.00695647016,2860.746436029944,2900.827880859375,1701770,0.0,0.0,2853.581396484375,2840.2287646484374,2864.6927540858205,2858.2650247282822,56.05460627869514,18.212825500590952,5.8780221806840895,12.334803319906863
2024-06-13 00:00:00+05:30,2923.9879956641967,2923.9879956641967,2900.029063641001,2905.0205078125,726380,0.0,0.0,2859.7340087890625,2842.036259765625,2868.5334925359803,2860.098573084526,56.57356046440292,19.079621805125498,5.395854788174907,13.683767016950592
2024-06-14 00:00:00+05:30,2905.0205818161035,2926.3341464604987,2900.12906389257,2916.600830078125,982815,0.0,0.0,2866.4483276367187,2843.595830078125,2873.1113342066606,2862.314347868589,58.047214598393026,20.465090522971423,5.425058804816665,15.040031718154758
2024-06-18 00:00:00+05:30,2916.6008965404594,2922.9898478991777,2900.029203602155,2913.506103515625,741098,0.0,0.0,2873.2130737304688,2845.030234375,2876.9584550932286,2864.3218676978845,57.48579418557672,21.070478533130427,4.824357451980536,16.24612108114989
2024-06-19 00:00:00+05:30,2913.0069998462563,2915.00357763916,2877.7173898675364,2886.751953125,1018294,0.0,0.0,2876.568737792969,2846.025458984375,2877.8911691914927,2865.2014788911047,52.737075710534114,19.170431746018494,2.339448531894881,16.830983214123613
2024-06-20 00:00:00+05:30,2880.0634196200804,2919.495830391308,2867.48488223935,2910.51123046875,1129752,0.0,0.0,2879.4340087890623,2846.52791015625,2880.9978416940885,2866.9783318941495,56.1975899507567,19.358651609793924,2.0221347165362467,17.336516893257677
2024-06-21 00:00:00+05:30,2919.9950329036874,2922.989899604101,2875.171958776641,2885.903564453125,1722379,0.0,0.0,2880.179052734375,2847.22734375,2881.4650533854256,2867.7204978768546,51.95465478951527,17.322501204271703,-0.011212551188780395,17.333713755460483
2024-06-24 00:00:00+05:30,2878.0667641413866,2894.987711460704,2866.486515953649,2891.094482421875,892125,0.0,0.0,2882.61728515625,2847.8615234375,2882.3821418650873,2868.637124721757,52.76481837509572,15.943909571192762,-1.1118433474141796,17.05575291860694
2024-06-25 00:00:00+05:30,2871.078856710048,2889.9963824907354,2851.1130788469736,2853.558837890625,1217792,0.0,0.0,2883.299841308594,2848.4341357421877,2879.637065296091,2868.04581935583,46.640359967154616,11.687823006359395,-4.294343929798039,15.982166936157434
2024-06-26 00:00:00+05:30,2855.3056833822648,2868.9324722436054,2839.183416150813,2858.450439453125,960622,0.0,0.0,2882.3039306640626,2848.3215087890626,2877.6192914062844,2867.6695299478806,47.49564418309085,8.610300916317101,-5.8974928158722655,14.507793732189366
2024-06-27 00:00:00+05:30,2855.854950062552,2898.032655783129,2840.131900001034,2875.920654296875,1628022,0.0,0.0,2882.7278076171874,2849.393759765625,2877.4575164434837,2867.993103451763,50.544547152292594,7.494649170443154,-5.610515649396971,13.105164819840125
2024-06-28 00:00:00+05:30,2860.097609379526,2926.9829635953824,2857.302351802051,2912.05859375,1206712,0.0,0.0,2885.7717895507812,2851.3884912109374,2880.7528571393423,2869.7211618948313,56.209288604618465,9.417952526256613,-2.94976983486681,12.367722361123423
2024-07-01 00:00:00+05:30,2884.3561606446665,2933.9710701119197,2883.0583363331825,2922.790283203125,1104110,0.0,0.0,2889.4759521484375,2853.882607421875,2884.756421526369,2871.802303906921,57.756725266142105,11.673576222641259,-0.5553169107857308,12.22889313342699
2024-07-02 00:00:00+05:30,2922.790180893944,2930.976100823332,2907.017168119054,2920.593994140625,1064295,0.0,0.0,2893.7994750976563,2856.77376953125,2888.169523680108,2873.7157035239293,57.310380691773226,13.132568011430976,0.7229399024031888,12.409628109027787
2024-07-03 00:00:00+05:30,2924.686746481987,2943.9038065250325,2911.010238208911,2920.5439453125,925189,0.0,0.0,2898.5555419921875,2859.647119140625,2891.252801930812,2875.552105162697,57.299513740173,14.12200135241119,1.3698985947067204,12.752102757704469
2024-07-04 00:00:00+05:30,2934.969300452944,2963.3705702790794,2917.998389531958,2929.8779296875,968666,0.0,0.0,2898.6319946289063,2862.0486572265627,2894.9313855266873,2877.6825296538655,58.86602304790085,15.480855272240206,2.1830020116285898,13.297853260611616
2024-07-05 00:00:00+05:30,2932.1240818011665,2941.857398365891,2908.115429253143,2930.876220703125,817429,0.0,0.0,2901.5737548828124,2863.81662109375,2898.3547031625385,2879.7685567538365,59.039102058563664,16.448700159139207,2.5206775188220725,13.928022640317135
2024-07-08 00:00:00+05:30,2930.8760771430766,2930.8760771430766,2885.75347079266,2893.190673828125,828260,0.0,0.0,2901.499157714844,2864.972255859375,2897.8628908449755,2880.2949142861617,50.41513683287111,14.013279164154937,0.0682052190702418,13.945073945084696
2024-07-09 00:00:00+05:30,2903.9722448704574,2908.214972400275,2885.054720276194,2900.029052734375,685431,0.0,0.0,2901.2795288085936,2866.38923828125,2898.0691919772994,2881.0688020684447,51.79125614866366,12.491002010587636,-1.1632575475976488,13.654259558185284
2024-07-10 00:00:00+05:30,2895.087800526693,3009.3419174659725,2889.3976024875383,2991.32275390625,2299950,0.0,0.0,2905.9714965820312,2869.9741943359377,2906.9504835895805,2885.3924864542414,65.54071420634898,18.438675536339815,3.8275327825236243,14.61114275381619
2024-07-11 00:00:00+05:30,2993.868299220322,3024.8152539638468,2967.912788790269,3016.87890625,1968980,0.0,0.0,2911.7740478515625,2873.5947021484376,2917.419857176287,2890.54881664231,68.26895950683637,24.927073778680096,8.252744819891124,16.674328958788973
2024-07-12 00:00:00+05:30,3019.8239320419407,3046.7777324271087,2965.816404892139,2994.01806640625,1879930,0.0,0.0,2916.22392578125,2876.6057275390626,2924.714924721998,2894.606434280112,63.43102205582294,27.902850718577156,8.982817407830545,18.92003331074661
2024-07-15 00:00:00+05:30,2993.868440779981,2993.868440779981,2927.5321914619267,2951.441162109375,2425341,0.0,0.0,2917.9659423828125,2876.79765625,2927.2602806636532,2896.8352471361613,55.53719686458005,26.519870477223776,6.079869733181731,20.440000744042045
2024-07-16 00:00:00+05:30,2953.9368368971186,3010.7893406572043,2936.4667812547737,2969.3603515625,2085611,0.0,0.0,2920.758654785156,2878.2506689453126,2931.2698112254484,2899.679368878371,57.91120007332098,26.563569213424216,4.898854775505736,21.66471443791848
2024-07-18 00:00:00+05:30,2870.0804088800546,2952.838456050443,2837.136877230301,2926.53369140625,5384611,0.0,0.0,2922.7477416992188,2878.799697265625,2930.8187521950485,2900.732479565739,50.91431278192441,22.878715627175097,0.9712009514052937,21.907514675769804
2024-07-19 00:00:00+05:30,2919.9950033235214,2974.9008922749035,2912.2582644258264,2941.009033203125,2164746,0.0,0.0,2924.2726318359373,2880.0169091796874,2931.7892551481987,2902.3119522574016,52.9820954318922,20.885724093229783,-0.8174324660320167,21.7031565592618
2024-07-22 00:00:00+05:30,2931.9743839137263,2968.262281489786,2912.158252539429,2929.279052734375,1616347,0.0,0.0,2926.44140625,2882.3777978515627,2931.550188251644,2903.36948560944,51.10341430080383,18.150524602252972,-2.8421055656070635,20.992630167860035
2024-07-23 00:00:00+05:30,2929.279119992241,2942.2568754794843,2881.0617181681373,2892.142822265625,1906312,0.0,0.0,2926.4938232421873,2886.629921875,2927.7971057767854,2902.9292243018394,45.5916066570141,12.838284113498958,-6.523476843488865,19.361760956987823
2024-07-24 00:00:00+05:30,2896.036060360936,2921.991571415532,2881.2613360929754,2907.81591796875,1476148,0.0,0.0,2929.206677246094,2889.986298828125,2925.894135509354,2903.120859347601,48.1341439772241,9.780242543203258,-7.665214731027653,17.44545727423091
2024-07-25 00:00:00+05:30,2887.1014477989784,2903.7228604131305,2880.313034567769,2896.435302734375,1239922,0.0,0.0,2931.105920410156,2890.979423828125,2923.0885323879274,2902.8586806568865,46.43721660917608,6.365029926204443,-8.864341878421175,15.229371804625618
2024-07-26 00:00:00+05:30,2897.233904161355,2959.377386198566,2895.7364708592536,2945.101806640625,1359780,0.0,0.0,2934.564978027344,2893.204921875,2925.185034697708,2904.5152738327192,53.91864218646054,7.4989858236272084,-6.184308784798729,13.683294608425937
2024-07-29 00:00:00+05:30,2947.996963840532,2960.026393336161,2930.9760900498586,2949.64404296875,854408,0.0,0.0,2936.4442504882813,2896.5584375,2927.514464056855,2906.285029485113,54.55663526080209,8.664297919593537,-4.015197351065922,12.679495270659459
2024-07-30 00:00:00+05:30,2968.411897006057,3027.6104745861635,2964.917886029255,2999.907958984375,2144591,0.0,0.0,2940.3001342773437,2900.9103076171873,2934.409082621381,2909.956516916456,60.99254050318856,13.488210407200313,0.6469721092326814,12.841238297967632
2024-07-31 00:00:00+05:30,2999.9080787348225,3092.6989823496406,2999.9080787348225,3079.172119140625,3549501,0.0,0.0,2948.229040527344,2906.9295263671875,2948.1960384803565,2916.5924228860313,68.55546216306995,23.43698413038601,8.4765966659347,14.960387464451308
2024-08-01 00:00:00+05:30,3082.7159549735493,3123.595834453124,3057.559124810954,3094.046630859375,1675122,0.0,0.0,2956.9041748046875,2912.417685546875,2962.086571087882,2923.5514114340053,69.74108308276888,32.15109001494284,13.752562040393222,18.398527974549616
2024-08-02 00:00:00+05:30,3064.7468798337263,3123.6958872930177,3054.763990974333,3101.384033203125,1348780,0.0,0.0,2965.4794799804686,2917.38125,2975.3529960512387,2930.5252397386766,70.33527301994947,39.19730660701771,16.63902290597447,22.558283701043237
2024-08-05 00:00:00+05:30,3064.69686422285,3139.6184925756274,3050.072029783148,3088.106689453125,2019141,0.0,0.0,2973.3410034179688,2921.723330078125,2986.0914430418948,2936.704904433361,67.74294740869716,43.21199239446105,16.52296695473425,26.689025439726798
2024-08-06 00:00:00+05:30,3096.392419626358,3129.635486456738,3080.7692969040027,3096.4423828125,885743,0.0,0.0,2983.5035888671873,2926.8055810546875,2996.601056353381,2942.969119271759,68.52721939306457,46.52991272503505,15.872709828246599,30.657202896788448
2024-08-07 00:00:00+05:30,3096.442601821429,3113.163940930161,3054.814003352028,3096.14306640625,1907105,0.0,0.0,2993.309289550781,2931.9302880859377,3006.081247786987,2948.9759407280135,68.46285132458259,48.575290447635325,14.334470040677502,34.24082040695782
2024-08-08 00:00:00+05:30,3074.729772695924,3084.4131261575667,2985.282990910166,3000.25732421875,1280109,0.0,0.0,2993.7560180664063,2934.3680615234375,3005.526588399536,2950.9869753747093,51.70704646077424,41.975224723061274,6.187523452882758,35.787701270178516
2024-08-09 00:00:00+05:30,3033.7998571256285,3047.526329003048,2960.924770067329,3035.397216796875,1665414,0.0,0.0,2994.68193359375,2937.7271435546877,3008.371410151664,2954.297180920677,55.960875812884645,39.1290652331395,2.673091170368785,36.455974062770714
2024-08-12 00:00:00+05:30,3014.8324435804616,3078.722932451041,2998.560285951661,3047.9755859375,1736881,0.0,0.0,2997.3798095703123,2941.663076171875,3012.1432364169814,2957.9708438625134,57.40712085858193,37.45665559005192,0.8005452218249687,36.656110368226955
2024-08-13 00:00:00+05:30,3049.672675754675,3054.564437618665,3007.844468160544,3018.37646484375,502260,0.0,0.0,3000.7265747070314,2945.05646484375,3012.736877219531,2960.339691744131,52.99659529721158,33.35832321160706,-2.638229725295922,35.99655293690298
2024-08-14 00:00:00+05:30,3029.606999593386,3029.606999593386,2988.9267296424537,3020.67236328125,454671,0.0,0.0,3003.2921752929688,2948.78744140625,3013.4926377968377,2962.705678863234,53.29632801047983,29.95037580229473,-4.836941707686606,34.787317509981335
2024-08-16 00:00:00+05:30,3048.774169333953,3048.774169333953,2997.861437626019,3042.93408203125,514229,0.0,0.0,3009.112194824219,2953.1376708984376,3016.296584866782,2965.851890752176,56.21207537754032,28.714880315769733,-4.857949755369283,33.572830071139016
2024-08-19 00:00:00+05:30,3048.7242788370145,3082.56641813055,3033.1511185299382,3071.0361328125,542858,0.0,0.0,3015.6135498046874,2955.991416015625,3021.5098751473265,2969.976762989836,59.63769276605608,29.6614234548515,-3.1291252930300146,32.790548747881516
2024-08-20 00:00:00+05:30,3090.7022616444547,3101.0346486710737,3072.7330624488472,3097.889892578125,668282,0.0,0.0,3024.044091796875,2960.5083935546877,3028.7841625216884,2974.9929641501612,62.645046161473005,32.20717542882767,-0.4666986552430785,32.67387408407075
2024-08-21 00:00:00+05:30,3095.693677210704,3165.1746776130585,3078.7727302027056,3146.1572265625,1186536,0.0,0.0,3036.7448120117188,2965.5378857421874,3039.9625495731943,2981.7052881663317,67.35349704064349,37.68506272994,4.0089509166954045,33.676111813244596
2024-08-22 00:00:00+05:30,3161.580901286929,3193.176647032933,3150.649686732137,3181.1474609375,1540888,0.0,0.0,3050.4113891601564,2971.07240234375,3053.40873160789,2989.5265498436324,70.27820862181376,44.33863913844789,8.530021860162634,35.808617278285254
2024-08-23 00:00:00+05:30,3184.5415629179583,3193.126944871401,3143.3621461560883,3149.251953125,779284,0.0,0.0,3063.0522216796876,2976.1077734375,3062.5366574666623,2995.790291148784,64.59717624406176,46.50190049752382,8.554626575390856,37.947273922132965
2024-08-26 00:00:00+05:30,3149.601463065393,3172.013000008875,3136.124562985716,3165.923583984375,472874,0.0,0.0,3074.093310546875,2981.4096875,3072.3830314207303,3002.4621849854743,66.13799819913045,48.99675786452826,8.839587153916241,40.15717071061202
2024-08-27 00:00:00+05:30,3148.6031508807127,3198.168096651306,3144.609995331086,3160.7822265625,1003501,0.0,0.0,3084.6502197265627,2986.524921875,3080.802002386613,3008.6708140669266,65.19563681559804,49.982913809416004,7.860594479043179,42.122319330372825
2024-08-28 00:00:00+05:30,3147.554836137908,3160.083410169998,3113.463368800865,3120.15185546875,538366,0.0,0.0,3090.6624145507812,2990.5959423828126,3084.5496074420544,3013.042619612096,58.14488212130513,46.94476805152817,3.857958976924273,43.0868090746039
2024-08-29 00:00:00+05:30,3120.151945046598,3138.5703264367567,3087.4080205069413,3110.5185546875,849866,0.0,0.0,3092.229736328125,2994.53619140625,3087.0228405130492,3016.8652053013275,56.5824266207922,43.26100287346526,0.1393550390890823,43.121647834376176
2024-08-30 00:00:00+05:30,3124.694145879092,3161.3312988932234,3105.377158634332,3121.44970703125,1567031,0.0,0.0,3093.599890136719,2999.230146484375,3090.3015897052587,3020.9665583103438,57.96282732254684,40.75385993945838,-1.8942303159342373,42.64809025539262
2024-09-02 00:00:00+05:30,3142.613446109343,3178.5518463825124,3134.227916868087,3145.558349609375,702358,0.0,0.0,3095.8086059570314,3003.9310888671876,3095.564138267556,3025.852510910306,60.914364745944745,40.248339271588975,-1.9198007870429166,42.16814005863189
2024-09-03 00:00:00+05:30,3159.534231257093,3169.117901658295,3142.114139656311,3149.45166015625,577471,0.0,0.0,3098.8758544921875,3009.20205078125,3100.6962832093363,3030.6995363709316,61.38587588265764,39.70418301677955,-1.9711656334818741,41.67534865026143
2024-09-04 00:00:00+05:30,3150.1005175103,3246.4353931052115,3150.1005175103,3226.1201171875,2379110,0.0,0.0,3105.3597412109375,3015.9025634765626,3112.6414102548756,3038.3630885598163,69.25219063895891,44.941382716880526,2.612827253295279,42.328555463585246
2024-09-05 00:00:00+05:30,3234.455989925114,3251.426900983363,3211.4953455521886,3232.708984375,1482119,0.0,0.0,3112.188037109375,3023.48556640625,3124.076417313935,3045.9844962388433,69.82118251296595,49.058056984431005,5.38360121667661,43.674455767754395
2024-09-06 00:00:00+05:30,3232.459281494063,3280.2772197008926,3219.831025088551,3268.09814453125,2131256,0.0,0.0,3125.580078125,3031.6785205078127,3137.7927722870127,3054.6948353875655,72.73911974528954,54.547372312105836,8.698333235481151,45.849039076624685
2024-09-09 00:00:00+05:30,3268.098245147233,3308.329335601139,3252.4251585360626,3275.13623046875,1272289,0.0,0.0,3137.567028808594,3039.66283203125,3150.873101637654,3063.3395959789846,73.29219086801518,58.78793821555837,10.351119311146945,48.436818904411425
2024-09-10 00:00:00+05:30,3284.370457580748,3304.336235438381,3265.3030422375577,3289.411865234375,928920,0.0,0.0,3149.6388427734373,3047.2098974609376,3164.0672695992466,3072.2051751654703,74.42556351630496,62.57916797061489,11.313879252962764,51.265288717652126
2024-09-11 00:00:00+05:30,3309.327542625557,3377.161221338422,3309.327542625557,3361.687744140625,2561892,0.0,0.0,3166.804406738281,3055.9878466796877,3182.888267174616,3083.5574327723393,79.23099861141948,70.60194893965536,15.469328177602577,55.13262076205278
2024-09-12 00:00:00+05:30,3364.2336095100864,3387.1942543227665,3334.5844777791576,3377.4609375,1643536,0.0,0.0,3184.643835449219,3065.125185546875,3201.4189976817956,3095.083060408718,80.10938535974574,77.34128336925642,17.7669300857629,59.574353283493515
2024-09-13 00:00:00+05:30,3349.808232928117,3363.9339228080157,3315.2173776952886,3352.303955078125,1029400,0.0,0.0,3200.1123291015624,3073.7603857421873,3215.788993624303,3105.170154317322,74.68410782760856,79.73318173635244,16.12706276228714,63.606118974065296
2024-09-16 00:00:00+05:30,3354.2505827779646,3389.090766639696,3324.900987667804,3330.092041015625,1019280,0.0,0.0,3213.0651245117188,3081.76466796875,3226.6749981377625,3113.9906204623535,70.16579660685093,78.92664535531549,12.256421105000143,66.67022425031534
2024-09-17 00:00:00+05:30,3330.0919911828646,3344.1677177198103,3296.1501703174345,3307.13134765625,586834,0.0,0.0,3223.527197265625,3089.2897705078126,3234.3375076157135,3121.5647666268205,65.73837761523644,75.56367242007627,7.114758535808733,68.44891388426754
2024-09-18 00:00:00+05:30,3307.131498417973,3319.1609283411776,3245.9863036303323,3269.046630859375,410510,0.0,0.0,3229.671667480469,3096.8068896484374,3237.6431384008242,3127.348369145744,59.07934350632508,69.02964302639111,0.46458331369885286,68.56505971269226
2024-09-19 00:00:00+05:30,3288.363513027726,3314.319023452353,3269.396024640499,3288.2138671875,963456,0.0,0.0,3235.0249877929687,3104.5705859375,3242.4593982852693,3133.6568200493425,61.209033120293704,64.6527369347059,-3.129858222389089,67.78259515709499
2024-09-20 00:00:00+05:30,3298.346356406264,3319.1108132056943,3260.4613433392087,3301.291259765625,1504277,0.0,0.0,3242.626953125,3110.7699560546876,3248.06243271197,3140.2307196460597,62.637771906871095,61.529964482384,-5.002104539768794,66.5320690221528
2024-09-23 00:00:00+05:30,3311.274207103065,3319.2105548474315,3267.5990691922334,3271.841796875,522775,0.0,0.0,3247.9228637695314,3115.8692138671877,3250.32713406083,3145.39193836092,57.50156190562609,56.03290680929149,-8.399329770289057,64.43223657958055
2024-09-24 00:00:00+05:30,3271.841893911838,3292.1072072480697,3235.554238770848,3242.841552734375,1057933,0.0,0.0,3252.025830078125,3120.84568359375,3249.6142215535483,3149.2134918657616,52.90130763246123,48.77413380850794,-12.526482216858085,61.300616025366025
2024-09-25 00:00:00+05:30,3246.435348086332,3246.435348086332,3201.2627775140973,3239.19775390625,740636,0.0,0.0,3257.978125,3126.6008154296874,3248.6221770157103,3152.7422864555847,52.33476848542596,42.24055694914341,-15.248047260978097,57.48860421012151
2024-09-26 00:00:00+05:30,3244.438863971496,3280.227617852453,3221.5781460806606,3271.442626953125,951080,0.0,0.0,3266.0243286132813,3132.6424609375,3250.795553200226,3157.397201769214,56.748958739477416,39.212524416923316,-14.620863834558556,53.83338825148187
2024-09-27 00:00:00+05:30,3285.3187920610626,3332.2383701518465,3271.442673902088,3305.0849609375,1315996,0.0,0.0,3275.206091308594,3140.213486328125,3255.9659729847285,3163.188878599343,60.82525422149858,39.076986831550585,-11.80512113594503,50.882107967495614
2024-09-30 00:00:00+05:30,3305.0848662554413,3352.254015218839,3299.494351111373,3323.403564453125,1088162,0.0,0.0,3284.098352050781,3147.861376953125,3262.3886007436236,3169.471807456354,62.87690838372569,39.986787729367734,-8.716256190502307,48.70304391987004
2024-10-01 00:00:00+05:30,3311.324244455426,3323.2537479331136,3238.499118755315,3271.7421875,968660,0.0,0.0,3290.2128784179686,3154.7106396484373,3263.2794185299454,3173.4824105953203,54.24827186951168,36.12276932849818,-10.064219673097497,46.18698900159568
2024-10-03 00:00:00+05:30,3186.8375534821475,3220.3799127019206,3121.150098224486,3143.9111328125,1741363,0.0,0.0,3286.102429199219,3159.746005859375,3251.911010366379,3172.322752643053,39.7224160566962,22.486399901708864,-18.96047127990945,41.44687118161831
2024-10-04 00:00:00+05:30,3129.635483545438,3151.3482656083133,3049.3231958781344,3067.242431640625,1551818,0.0,0.0,3277.8291015625,3162.9345361328124,3234.3235266782117,3168.201955740997,33.86537662137119,5.430357665849897,-28.813210812614734,34.24356847846463
2024-10-07 00:00:00+05:30,3069.7381925150776,3093.247943514521,3032.8015053205872,3057.010009765625,909812,0.0,0.0,3267.274694824219,3166.1460302734376,3217.436525067489,3163.8414872713747,33.162570249998595,-8.810784379804318,-34.443482286615165,25.632697906810844
2024-10-08 00:00:00+05:30,3052.76748282999,3093.69732808703,3040.438517318291,3082.76611328125,817718,0.0,0.0,3257.6561889648438,3168.89931640625,3204.610771564038,3160.6620608403896,36.72229879688288,-17.813348558147027,-34.756837171966296,16.94348861381927
2024-10-09 00:00:00+05:30,3090.2531625058464,3141.3155407540926,3066.4938386381064,3073.581787109375,1225598,0.0,0.0,3246.8646850585938,3171.3780712890625,3192.1318206635938,3157.2471481450557,35.98628496556083,-25.396291257930898,-33.871823897400134,8.475532639469236
2024-10-10 00:00:00+05:30,3084.762469273772,3089.7039502719617,3037.792930752045,3053.865478515625,1161933,0.0,0.0,3231.4735717773438,3172.4572216796873,3178.9635976018826,3153.192965022333,34.39266438755836,-32.62073774805549,-32.87701631001978,0.2562785619642911
2024-10-11 00:00:00+05:30,3053.965284990248,3058.757120346331,3020.822143005221,3032.0029296875,976017,0.0,0.0,3214.2006713867186,3171.513837890625,3164.967343514799,3148.4404146170455,32.66526043765727,-39.65319131209981,-31.92757589925128,-7.725615412848528
2024-10-14 00:00:00+05:30,3031.8032393509247,3049.7724386621912,3012.0370713639586,3033.949462890625,716011,0.0,0.0,3198.2829467773436,3170.31189453125,3152.4894501220206,3143.950573372872,32.98798089568024,-44.555781155906516,-29.46413259444639,-15.091648561460126
2024-10-15 00:00:00+05:30,3069.738191008053,3091.5009365213987,3042.434893673683,3061.851806640625,1242322,0.0,0.0,3184.8709350585937,3169.52125,3143.8572935999828,3140.7310138931757,37.604396043657985,-45.663255393579675,-24.457285465695637,-21.205969927884038
2024-10-16 00:00:00+05:30,3082.715978619616,3098.2394190311365,3060.853550224121,3076.826171875,764001,0.0,0.0,3173.355676269531,3169.2956396484374,3137.4733772452228,3138.224941657169,39.993541387279855,-44.81601940276323,-18.888039579903356,-25.927979822859875
2024-10-17 00:00:00+05:30,3077.624612288031,3079.7211163717902,3031.803251352067,3050.62109375,674481,0.0,0.0,3162.4343994140627,3168.3792138671874,3129.2017311980585,3134.789496641202,37.30176094652457,-45.73194023585256,-15.84316833039415,-29.888771905458412
2024-10-18 00:00:00+05:30,3051.769161835095,3063.7486286136427,2975.499987500823,2987.030029296875,899318,0.0,0.0,3147.375207519531,3166.196953125,3115.6615691122315,3128.995007725738,31.722108624375846,-51.001171782415895,-16.88991990156599,-34.111251880849906
2024-10-21 00:00:00+05:30,3001.904642827151,3051.769123928912,2995.415765069369,3043.982421875,806970,0.0,0.0,3134.509765625,3167.071455078125,3108.834983661067,3125.6611808296307,40.33065176003535,-50.005066357879514,-12.715051581623683,-37.29001477625583
2024-10-22 00:00:00+05:30,3048.77430229705,3052.7174947096696,2990.124829389404,3001.705078125,541838,0.0,0.0,3121.0029296875,3166.3976123046873,3098.6321355147747,3120.8001571941554,36.63781949846746,-52.02733521207074,-11.789856348651924,-40.237478863418815
2024-10-23 00:00:00+05:30,2994.816689579249,3021.321308200821,2966.964527197655,2984.584228515625,624689,0.0,0.0,3108.0900634765626,3165.12978515625,3087.7704300862843,3115.4583560695073,35.23095877353785,-54.38459556283078,-11.31769335952957,-43.06690220330121
2024-10-24 00:00:00+05:30,2984.584215209229,2997.162752583924,2945.95048430534,2966.91455078125,571259,0.0,0.0,3094.4759033203127,3164.100546875,3076.2603463429477,3109.633108803301,33.78889815591356,-57.021231433971025,-11.163463384535852,-45.85776804943517
2024-10-25 00:00:00+05:30,2970.40853178219,3010.390049758112,2946.9487433443205,2952.9384765625,1047769,0.0,0.0,3078.5506958007813,3162.745869140625,3064.515406363858,3103.488221264446,32.6505102332302,-59.55205769309532,-10.955431714928118,-48.596625978167204
2024-10-28 00:00:00+05:30,2982.7872979549684,3016.52951141925,2957.9799650974296,2996.713623046875,504961,0.0,0.0,3063.13212890625,3161.8214599609373,3058.0580936670026,3099.3009821186592,39.52327681983134,-57.364208373790916,-7.014065916498964,-50.35014245729195
2024-10-29 00:00:00+05:30,3014.832449798568,3022.818760923862,2936.067553814503,2987.72900390625,613459,0.0,0.0,3046.3484008789064,3160.1553173828124,3051.360085118359,3094.925610424055,38.651470420507074,-55.713079996678516,-4.290350031509249,-51.42272996516927
2024-10-30 00:00:00+05:30,3000.856315133159,3000.856315133159,2958.479001742868,2991.522216796875,812725,0.0,0.0,3032.33740234375,3158.0279638671873,3045.661240516313,3090.8705753798517,39.26062797570113,-53.48196152194896,-1.6473852454237488,-51.83457627652521
2024-10-31 00:00:00+05:30,2989.0765727678768,2991.372685980249,2914.005296304471,2930.626708984375,1031171,0.0,0.0,3021.6731811523437,3153.717353515625,3034.7055708466046,3084.586502187872,33.50833443029996,-55.98221449092807,-3.3181105715222827,-52.66410391940579
2024-11-01 00:00:00+05:30,2952.93842525918,2960.675163864913,2924.9863373933053,2934.819580078125,112249,0.0,0.0,3015.052038574219,3148.7907958984374,3025.1926193448444,3078.7132895561176,34.22294455355163,-56.96865414300919,-3.443640178882717,-53.52501396412647
2024-11-04 00:00:00+05:30,2957.081209670205,2957.081209670205,2880.562467062204,2910.3115234375,1146008,0.0,0.0,3007.7171142578127,3144.0119873046874,3014.251562591764,3072.109298727936,32.054384551209026,-59.04734893984096,-4.417867980571586,-54.62948095926937
2024-11-05 00:00:00+05:30,2890.046395004524,2913.805719811659,2867.784503562677,2882.359619140625,935417,0.0,0.0,2997.6967895507814,3138.3407080078123,3001.690425120227,3064.668134822551,29.739768987865702,-62.23283325232478,-6.0826818344443225,-56.15015141788046
2024-11-06 00:00:00+05:30,2885.553872345962,2902.874281091014,2855.106062933559,2892.34228515625,1817087,0.0,0.0,2988.634814453125,3132.9719091796874,2991.276316552229,3057.9102583650492,31.63832725913699,-63.223038963111776,-5.658310036185057,-57.56472892692672
2024-11-07 00:00:00+05:30,2895.0377068155326,2899.979187949834,2820.1660419840964,2837.985595703125,1112489,0.0,0.0,2977.8408203125,3127.328583984375,2976.6772002808857,3049.2857617900722,27.310799071018092,-67.6144968528597,-8.039814340746382,-59.57468251211332
2024-11-08 00:00:00+05:30,2837.985734095904,2842.128535596117,2757.673196058693,2764.711181640625,2060410,0.0,0.0,2964.4762329101563,3120.4124365234375,2956.4899604103844,3038.125974333231,22.78618058551326,-76.12981459080629,-13.244105662954375,-62.885708927851915
2024-11-11 00:00:00+05:30,2560.660927214945,2594.303213553293,2501.7119204096407,2538.74853515625,8854840,0.0,0.0,2939.7161865234375,3108.7584130859377,2916.7050627671338,3018.542545345899,14.698913642780742,-99.95929385329782,-29.65886794035673,-70.3004259129411
2024-11-12 00:00:00+05:30,2530.662210641309,2530.662210641309,2465.7734360094805,2470.615234375,3445898,0.0,0.0,2910.1543579101562,3095.25955078125,2874.2203172059785,2997.0551998176284,13.1799371815663,-122.92511164146617,-42.09974858282007,-80.8253630586461
2024-11-13 00:00:00+05:30,2465.773560632653,2493.725649579096,2446.9059980829534,2466.272705078125,1803766,0.0,0.0,2879.6266845703126,3081.5959716796874,2835.3681636699926,2976.240200023922,13.087109489582275,-139.86383034657365,-47.23077383034203,-92.63305651623162
2024-11-14 00:00:00+05:30,2478.5516240398592,2497.469149144104,2461.97993151692,2478.90087890625,1206967,0.0,0.0,2851.040673828125,3066.6515869140626,2801.418898454398,2956.736697234994,14.962776591624635,-150.53364076062144,-46.320467395511855,-104.21317336510958
2024-11-18 00:00:00+05:30,2515.687884925493,2515.687884925493,2466.572122583425,2479.449951171875,945471,0.0,0.0,2825.661669921875,3051.58640625,2770.755189189396,2938.019569938401,15.048621716436882,-157.13389511214018,-42.33657739762447,-114.79731771451571
2024-11-19 00:00:00+05:30,2488.0,2503.199951171875,2472.35009765625,2483.699951171875,941508,4.25,0.0,2797.6475463867187,3035.8984423828124,2743.4165950924894,2920.2031143004983,15.757516584018747,-160.17530356290672,-36.30238867871279,-123.87291488419393
2024-11-21 00:00:00+05:30,2454.699951171875,2465.949951171875,2425.0,2428.14990234375,1377572,0.0,0.0,2768.9697875976562,3018.9587158203126,2713.3911957830855,2900.906909910038,14.101185245849985,-165.16415677343866,-33.03299351139577,-132.1311632620429
2024-11-22 00:00:00+05:30,2430.0,2493.949951171875,2422.949951171875,2472.199951171875,3805843,0.0,0.0,2743.3505737304686,3002.6144775390626,2690.4206010582084,2884.094872312463,21.176739626604206,-163.67662582932235,-25.23637005382355,-138.4402557754988
2024-11-25 00:00:00+05:30,2505.0,2507.949951171875,2450.050048828125,2459.699951171875,1857124,0.0,0.0,2717.98984375,2984.5747216796876,2668.447205830939,2867.4519342285184,20.65676294321912,-161.64307166137587,-18.562252708701664,-143.0808189526742
2024-11-26 00:00:00+05:30,2459.89990234375,2518.0,2457.60009765625,2505.0,1152258,0.0,0.0,2695.592919921875,2967.1255029296876,2652.8808052756112,2853.2381328862234,27.595255672124694,-154.59406582086785,-9.210597494554918,-145.38346832631294
2024-11-27 00:00:00+05:30,2517.5,2517.64990234375,2480.0,2491.89990234375,864653,0.0,0.0,2670.3522338867188,2949.917421875,2637.549290710672,2839.0680061982835,26.86364389022698,-148.35460674665592,-2.376910736274368,-145.97769601038155
2024-11-28 00:00:00+05:30,2500.0,2506.0,2453.300048828125,2458.050048828125,1506133,0.0,0.0,2643.8682861328125,2932.47658203125,2620.454124817096,2824.1261255171007,25.01792918927445,-144.47576408580926,1.2015455396578432,-145.6773096254671
2024-11-29 00:00:00+05:30,2458.050048828125,2491.5,2455.050048828125,2479.60009765625,1030854,0.0,0.0,2618.272180175781,2915.92595703125,2607.0394555636817,2810.615300895107,28.391133133107086,-138.0712451249442,6.084851600418347,-144.15609672536254
2024-12-02 00:00:00+05:30,2479.60009765625,2486.0,2461.35009765625,2479.050048828125,914624,0.0,0.0,2595.6933471679686,2900.126025390625,2594.8499882555334,2797.6127419905197,28.356068535852298,-131.5238766703851,10.105776043981962,-141.62965271436707
2024-12-03 00:00:00+05:30,2494.0,2494.0,2463.5,2469.39990234375,1341985,0.0,0.0,2572.42236328125,2883.74974609375,2582.90236102584,2784.741650239666,27.709474398973736,-125.66513669852566,12.77161281267314,-138.4367495111988
2024-12-04 00:00:00+05:30,2478.89990234375,2479.10009765625,2453.199951171875,2459.449951171875,1005012,0.0,0.0,2549.879284667969,2866.912919921875,2571.1449886587957,2771.9851130213215,27.02520599805426,-120.43660277760591,14.400117386874314,-134.83672016448023
2024-12-05 00:00:00+05:30,2465.0,2466.89990234375,2423.89990234375,2452.199951171875,3190834,0.0,0.0,2528.371301269531,2850.5200830078124,2559.816889850518,2759.44451843899,26.511477254807644,-115.54602374808019,15.432557133120042,-130.97858088120023
2024-12-06 00:00:00+05:30,2468.0,2468.0,2427.0,2429.699951171875,1735948,0.0,0.0,2505.2391845703123,2834.2572509765623,2547.4248004525516,2746.513358938319,24.92776118830091,-112.19248150274689,15.028879502762678,-127.22136100550956
2024-12-09 00:00:00+05:30,2438.14990234375,2439.0,2387.0,2391.85009765625,2301281,0.0,0.0,2482.932409667969,2817.3102978515626,2532.608162090999,2732.604995750787,22.493501894728677,-111.30587710092368,12.732387123668715,-124.0382642245924
2024-12-10 00:00:00+05:30,2399.89990234375,2404.64990234375,2385.050048828125,2388.89990234375,1657888,0.0,0.0,2464.141845703125,2799.659443359375,2518.9216611626894,2719.1263646367856,22.31062178054805,-109.57814419449824,11.56809602407533,-121.14624021857357
2024-12-11 00:00:00+05:30,2399.75,2428.0,2392.64990234375,2417.300048828125,1337700,0.0,0.0,2458.0694213867187,2781.9037451171876,2509.2434123689213,2707.290038526642,28.349844453902417,-104.71021477111526,13.148820357966656,-117.85903512908192
2024-12-12 00:00:00+05:30,2413.0,2415.0,2380.699951171875,2389.550048828125,1089028,0.0,0.0,2454.016162109375,2763.2266748046877,2497.844044412655,2694.829646773759,26.206210108841663,-101.91670636509025,12.753863011193332,-114.67056937628358
2024-12-13 00:00:00+05:30,2389.550048828125,2412.0,2354.0,2407.64990234375,1150861,0.0,0.0,2451.0850219726562,2745.9448291015624,2489.2541261203783,2683.567696011798,29.927914098105607,-97.12275327234192,14.038252883153334,-111.16100615549526
2024-12-16 00:00:00+05:30,2419.949951171875,2419.949951171875,2386.14990234375,2402.25,987775,0.0,0.0,2447.252478027344,2731.1116064453126,2480.9680188708185,2672.5356295015313,29.450700110170313,-92.69075655447796,14.776199680813846,-107.4669562352918
2024-12-17 00:00:00+05:30,2388.0,2399.89990234375,2350.5,2356.0,1258218,0.0,0.0,2441.07998046875,2716.8867578125,2469.066302787883,2660.122467560295,25.674543773517435,-91.85154822504637,12.492326408196348,-104.34387463324272
2024-12-18 00:00:00+05:30,2356.800048828125,2372.699951171875,2341.0,2345.449951171875,855682,0.0,0.0,2434.16748046875,2702.655556640625,2457.2933169196917,2647.782368878396,24.890543632381426,-90.98890686804816,10.683974212155647,-101.67288108020381
2024-12-19 00:00:00+05:30,2325.0,2325.0,2265.35009765625,2291.85009765625,2784409,0.0,0.0,2427.352490234375,2686.837236328125,2441.5368198469832,2633.8242405951746,21.32731699489466,-93.55190942585705,6.496777323477417,-100.04868674933446
2024-12-20 00:00:00+05:30,2297.0,2318.0,2276.0,2282.35009765625,1719502,0.0,0.0,2417.859997558594,2671.0126025390623,2426.376179638342,2620.04094087208,20.76005682838243,-95.25167599478573,3.837608603638998,-99.08928459842473
2024-12-23 00:00:00+05:30,2300.0,2302.550048828125,2266.050048828125,2279.199951171875,855647,0.0,0.0,2408.834997558594,2655.5192919921874,2412.3593959748687,2606.674627550503,20.56473044326054,-95.74920649062233,2.672062486241927,-98.42126897686425
2024-12-24 00:00:00+05:30,2282.10009765625,2295.0,2277.14990234375,2284.0,601558,0.0,0.0,2397.7849975585937,2640.5592333984373,2400.13469159631,2594.020720587738,21.772520093364797,-94.66494065929783,3.005062654053148,-97.67000331335097
2024-12-26 00:00:00+05:30,2284.0,2287.449951171875,2256.5,2262.39990234375,1267334,0.0,0.0,2386.3099975585938,2625.1282421875,2387.0170926198757,2581.015982617386,20.278333183624067,-94.45972660836742,2.5682213639868507,-97.02794797235427
2024-12-27 00:00:00+05:30,2270.25,2290.800048828125,2260.050048828125,2271.39990234375,821790,0.0,0.0,2376.977490234375,2609.3192041015627,2376.005931641197,2568.874175547832,22.65995141413369,-92.50453353019338,3.6187315537287077,-96.12326508392209
2024-12-30 00:00:00+05:30,2280.25,2298.800048828125,2256.800048828125,2288.25,1076940,0.0,0.0,2367.4099853515627,2593.5476806640627,2367.648223865845,2557.869305918505,27.053780514714425,-88.57433704872983,6.039142428153809,-94.61347947688364
2024-12-31 00:00:00+05:30,2280.0,2297.64990234375,2273.0,2281.35009765625,685486,0.0,0.0,2357.5249877929687,2578.1622607421873,2359.4293547030265,2547.025415398416,26.392561301436302,-85.03614868698514,7.661864631918803,-92.69801331890395
2025-01-01 00:00:00+05:30,2280.0,2323.199951171875,2280.0,2304.64990234375,1067328,0.0,0.0,2349.287487792969,2564.514658203125,2354.212264002143,2537.5204933178406,32.40087496314804,-79.43631699046728,10.60935706274934,-90.04567405321662
2025-01-02 00:00:00+05:30,2314.0,2347.949951171875,2294.0,2343.25,1342922,0.0,0.0,2343.477490234375,2550.500009765625,2353.1682388590816,2529.902042599494,40.99394371059655,-71.06451722158045,15.184925465308936,-86.24944268688938
2025-01-03 00:00:00+05:30,2344.0,2348.949951171875,2322.14990234375,2335.949951171875,1355319,0.0,0.0,2337.664990234375,2537.1849072265627,2351.5284019364904,2522.2960782297837,39.95940146213549,-64.27790286789741,17.577231855193588,-81.855134723091
2025-01-06 00:00:00+05:30,2335.949951171875,2340.0,2256.699951171875,2267.14990234375,1190987,0.0,0.0,2329.537487792969,2522.836220703125,2343.4923543562295,2512.290345842096,31.81128230945852,-63.71656613984351,14.510854866597995,-78.2274210064415
2025-01-07 00:00:00+05:30,2272.0,2316.0,2272.0,2292.60009765625,740798,0.0,0.0,2324.574987792969,2509.349931640625,2338.645472765755,2503.6750419916707,36.93422164816318,-60.52044268250984,14.165582659145343,-74.68602534165518
2025-01-08 00:00:00+05:30,2287.050048828125,2338.0,2272.699951171875,2334.35009765625,1439632,0.0,0.0,2321.8474975585937,2496.9781640625,2338.2363894219925,2497.0348480961643,44.32390006440831,-53.99618136770414,16.551875179160845,-70.54805654686498
2025-01-09 00:00:00+05:30,2341.89990234375,2361.39990234375,2321.300048828125,2350.199951171875,1362304,0.0,0.0,2318.4924926757812,2484.047890625,2339.3757762553146,2491.2766168442313,46.86915874833747,-47.004863745254625,18.834554241288288,-65.83941798654291
2025-01-10 00:00:00+05:30,2335.60009765625,2348.89990234375,2316.0,2320.75,1214334,0.0,0.0,2315.052490234375,2470.708310546875,2337.6018928024278,2484.5892985366145,42.94108075339086,-43.340951584735194,17.998773121446177,-61.33972470618137
2025-01-13 00:00:00+05:30,2291.75,2301.89990234375,2246.39990234375,2252.64990234375,1181928,0.0,0.0,2307.302490234375,2455.9308642578126,2329.5112270444583,2475.4936359408157,35.526406673693444,-45.408937578733,12.7446297019587,-58.1535672806917
2025-01-14 00:00:00+05:30,2269.0,2286.35009765625,2237.0,2239.949951171875,1316807,0.0,0.0,2299.1874877929686,2442.1173291015625,2320.98158172326,2466.2566286949746,34.33570208523506,-47.524775273454,8.503033605790165,-56.02780887924416
2025-01-15 00:00:00+05:30,2249.0,2253.75,2220.0,2229.699951171875,1308999,0.0,0.0,2292.8724853515623,2428.0149365234374,2312.2880930993188,2456.9798962430887,33.36377338955865,-49.458553806087366,5.255404058525443,-54.71395786461281
2025-01-16 00:00:00+05:30,2239.0,2239.85009765625,2207.800048828125,2215.60009765625,1936087,0.0,0.0,2286.379992675781,2414.1207080078125,2303.0797125809313,2447.514021788703,32.02101170398545,-51.53476685362966,2.5433528087865227,-54.078119662416185
2025-01-17 00:00:00+05:30,2225.64990234375,2269.050048828125,2212.5,2261.0,878848,0.0,0.0,2284.8374877929687,2401.693515625,2299.072120906557,2440.19974642444,40.34607935353572,-48.9524940759502,4.100500469172793,-53.05299454512299
2025-01-20 00:00:00+05:30,2272.25,2286.89990234375,2251.0,2280.550048828125,555716,0.0,0.0,2284.7474853515623,2389.4576708984373,2297.3081140419445,2433.9389739696826,43.55190553521842,-44.811934653292155,6.592847913464674,-51.40478256675683
2025-01-21 00:00:00+05:30,2280.550048828125,2315.0,2255.0,2260.35009765625,1410294,0.0,0.0,2283.8049926757812,2377.9049609375,2293.788302957593,2427.1315670554304,41.09452667190397,-42.66862141388583,6.9889289222968,-49.65755033618263
2025-01-22 00:00:00+05:30,2270.0,2270.0,2244.89990234375,2262.10009765625,835523,0.0,0.0,2282.709997558594,2367.8527392578126,2290.770378643179,2420.659744726051,41.40299656059736,-40.36353415892154,7.435212941808878,-47.79874710073042
2025-01-23 00:00:00+05:30,2262.10009765625,2301.800048828125,2246.199951171875,2276.35009765625,1142465,0.0,0.0,2283.407507324219,2362.6047705078126,2289.3970185491858,2415.0005428801765,43.97573023073196,-36.960818683848174,8.670342733505791,-45.631161417353965
2025-01-24 00:00:00+05:30,2283.0,2296.550048828125,2255.050048828125,2262.39990234375,543202,0.0,0.0,2282.9575073242186,2358.4404638671876,2286.8258646248587,2409.016204035611,42.03022995762101,-34.9865036934475,8.515726179125174,-43.50222987257268
2025-01-27 00:00:00+05:30,2255.300048828125,2277.75,2246.199951171875,2251.5,1097939,0.0,0.0,2281.120007324219,2354.145009765625,2283.4614965653486,2402.839097994999,40.52177047041709,-33.91047699399223,7.673402302864353,-41.58387929685659
2025-01-28 00:00:00+05:30,2260.0,2267.050048828125,2234.10009765625,2241.800048828125,897501,0.0,0.0,2279.1425048828123,2349.4029931640625,2279.493739637994,2396.5238411649257,39.17434349930058,-33.45477722899568,6.5032816542887275,-39.95805888328441
2025-01-29 00:00:00+05:30,2241.800048828125,2246.800048828125,2212.050048828125,2223.14990234375,1281088,0.0,0.0,2275.0675048828125,2344.2769921875,2274.127659895685,2389.7248631719385,36.65087137830048,-34.204257449144734,4.6030411473117425,-38.80729859645648
2025-01-30 00:00:00+05:30,2223.14990234375,2259.25,2215.0,2249.85009765625,1155718,0.0,0.0,2270.397509765625,2339.5999951171875,2271.8155111109772,2384.2395782497547,42.37398353965328,-32.27173483374463,5.228451010169479,-37.50018584391411
2025-01-31 00:00:00+05:30,2255.0,2305.0,2234.85009765625,2300.800048828125,1292909,0.0,0.0,2268.6400146484375,2337.052998046875,2274.5759432745153,2380.9674398410634,51.39729712936431,-26.325497536358853,8.939750646044203,-35.265248182403056
2025-02-01 00:00:00+05:30,2312.0,2389.0,2285.300048828125,2351.14990234375,1318619,0.0,0.0,2272.8400146484373,2334.6319970703125,2281.868701281109,2379.7981246450904,58.33968842334293,-17.350246409965166,14.332001417950316,-31.682247827915482
2025-02-03 00:00:00+05:30,2351.14990234375,2364.449951171875,2277.699951171875,2292.25,1070382,0.0,0.0,2272.822509765625,2331.282998046875,2282.857396397194,2376.364864855087,49.442546056946384,-14.81919860434391,13.49043937885726,-28.30963798320117
2025-02-04 00:00:00+05:30,2304.64990234375,2418.60009765625,2263.75,2354.35009765625,5373733,0.0,0.0,2273.822509765625,2328.27,2289.6662250885324,2375.501540651211,56.90491281834521,-7.713450241556984,16.47695019331535,-24.190400434872334
2025-02-05 00:00:00+05:30,2269.0,2295.550048828125,2237.25,2275.199951171875,3474642,0.0,0.0,2270.072509765625,2323.9360009765624,2288.2884847155174,2371.5681449853546,47.31830983622506,-8.372337708308805,12.654450181250827,-21.026787889559632
2025-02-06 00:00:00+05:30,2287.199951171875,2298.89990234375,2260.25,2263.39990234375,1285954,0.0,0.0,2267.2050048828123,2320.042998046875,2285.918143537254,2367.3262531170562,46.07215985064089,-9.734463263041107,9.03385970121482,-18.768322964255926
2025-02-07 00:00:00+05:30,2266.0,2276.300048828125,2243.199951171875,2271.0,1336756,0.0,0.0,2268.122509765625,2315.87099609375,2284.497367962277,2363.5487529948186,47.03957439277341,-10.084445998437332,6.947101572654876,-17.031547571092208
2025-02-10 00:00:00+05:30,2271.050048828125,2278.0,2254.0,2270.14990234375,1181565,0.0,0.0,2269.6325073242188,2311.6929931640625,2283.1309426652742,2359.886052969287,46.93814592966642,-10.311540592782876,5.376005582647467,-15.687546175430343
2025-02-11 00:00:00+05:30,2279.0,2282.89990234375,2226.0,2240.85009765625,1607942,0.0,0.0,2270.1900146484377,2307.1219970703123,2279.1041955215574,2355.2179762903443,43.459859301712505,-12.709259630742963,2.3826292357499064,-15.09188886649287
2025-02-12 00:00:00+05:30,2241.85009765625,2247.949951171875,2185.699951171875,2228.25,1181706,0.0,0.0,2270.822509765625,2302.497998046875,2274.2609388052188,2350.2388399652327,42.01785298564855,-15.448115560347105,-0.28498135508338684,-15.163134205263718
2025-02-13 00:00:00+05:30,2228.25,2249.949951171875,2220.0,2236.39990234375,921923,0.0,0.0,2269.5925048828126,2298.1819970703127,2270.655125808888,2345.7745679016452,43.327677265163224,-16.767761294748198,-1.2837016715875826,-15.484059623160615
2025-02-14 00:00:00+05:30,2236.39990234375,2250.550048828125,2203.0,2231.300048828125,1380052,0.0,0.0,2267.1300048828125,2294.2139990234373,2266.9070232392914,2341.2853710752324,42.67797772915183,-18.01741209309239,-2.0266819759454187,-15.99073011714697
2025-02-17 00:00:00+05:30,2231.300048828125,2260.0,2226.050048828125,2250.85009765625,923900,0.0,0.0,2266.6550048828126,2291.3939990234376,2265.377792231383,2337.7388897646842,46.019605205569356,-17.231608543191214,-0.9927027408353943,-16.23890580235582
2025-02-18 00:00:00+05:30,2248.0,2251.949951171875,2218.75,2237.60009765625,735853,0.0,0.0,2265.4300048828127,2288.3680029296875,2262.732297509942,2333.8118783094515,44.14143190666656,-17.47655894092486,-0.9901225108552296,-16.48643643006963
2025-02-19 00:00:00+05:30,2237.60009765625,2249.800048828125,2226.10009765625,2239.10009765625,645234,0.0,0.0,2263.5675048828125,2284.80400390625,2260.4816118095905,2330.0976908328553,44.417990451955745,-17.349650461189867,-0.690571224896189,-16.659079236293678
2025-02-20 00:00:00+05:30,2239.10009765625,2257.10009765625,2231.050048828125,2249.050048828125,637442,0.0,0.0,2262.900012207031,2281.99400390625,2259.3928915256415,2326.919351930709,46.31666760370387,-16.258775627615705,0.32024288694238123,-16.579018514558086
2025-02-21 00:00:00+05:30,2249.050048828125,2265.800048828125,2237.0,2257.60009765625,755585,0.0,0.0,2263.2050170898438,2278.9930078125,2259.222149252366,2324.2009498022994,47.96169212007353,-14.536761243197816,1.6338058170882164,-16.170567060286032
2025-02-24 00:00:00+05:30,2245.89990234375,2259.0,2241.0,2246.199951171875,765042,0.0,0.0,2263.425012207031,2275.8720068359376,2257.9819399113667,2321.1420871109103,45.940288022115205,-13.931356972185768,1.791368070480214,-15.722725042665981
2025-02-25 00:00:00+05:30,2246.199951171875,2257.10009765625,2217.699951171875,2224.75,947702,0.0,0.0,2263.505017089844,2273.2470068359376,2254.8169932531414,2317.3620052634233,42.32566512027319,-15.009382699807702,0.5706738742866229,-15.580056574094325
2025-02-27 00:00:00+05:30,2214.0,2228.39990234375,2198.0,2213.64990234375,1027196,0.0,0.0,2261.6950073242188,2270.611005859375,2250.8963179284374,2313.294863972456,40.547710020023594,-16.568420530781623,-0.7906911653498376,-15.777729365431785
2025-02-28 00:00:00+05:30,2210.0,2211.35009765625,2175.800048828125,2179.75,1701193,0.0,0.0,2255.6425048828123,2268.36900390625,2244.1204781257293,2308.0578104833403,35.625757339614985,-20.305340721721223,-3.6220890850315506,-16.683251636689672
2025-03-03 00:00:00+05:30,2179.75,2193.35009765625,2129.0,2166.39990234375,959068,0.0,0.0,2246.4050048828126,2266.05,2236.7185185274457,2302.5025983994346,33.88152348690101,-24.066692357038846,-5.906752576279338,-18.159939780759508
2025-03-04 00:00:00+05:30,2154.050048828125,2159.85009765625,2124.75,2132.10009765625,2180989,0.0,0.0,2238.397509765625,2263.1080029296877,2226.754859396856,2295.820147389898,29.83929341581702,-29.475522731780075,-9.052466360816453,-20.42305637096362
2025-03-05 00:00:00+05:30,2132.0,2182.800048828125,2124.75,2164.14990234375,1535212,0.0,0.0,2228.8875,2260.7110009765624,2220.7924825346554,2290.65660836848,37.35953040194267,-30.82062737815295,-8.31805680575146,-22.50257057240149
2025-03-06 00:00:00+05:30,2189.85009765625,2275.0,2183.10009765625,2267.699951171875,1985096,0.0,0.0,2228.5125,2260.817001953125,2225.259860500105,2289.756347301947,54.37517449985355,-23.26284931847249,-0.6082229968567994,-22.65462632161569
2025-03-07 00:00:00+05:30,2267.699951171875,2277.949951171875,2248.0,2270.0,921429,0.0,0.0,2228.8425048828126,2260.78900390625,2229.5208261667617,2288.9815885842236,54.66972055855585,-16.892929857294803,4.609357171456711,-21.502287028751514
2025-03-10 00:00:00+05:30,2270.0,2293.0,2261.85009765625,2278.60009765625,1072395,0.0,0.0,2229.222509765625,2260.596005859375,2234.1950424990937,2288.5744712929304,55.81825977231096,-11.023692519323049,8.382875607542775,-19.406568126865825
2025-03-11 00:00:00+05:30,2274.0,2290.89990234375,2257.89990234375,2287.39990234375,601228,0.0,0.0,2230.085009765625,2260.717001953125,2239.2621720081083,2288.5284097655117,57.01829878714496,-5.597682350464311,11.047108621121211,-16.644790971585522
2025-03-12 00:00:00+05:30,2287.39990234375,2295.949951171875,2247.0,2251.300048828125,749216,0.0,0.0,2230.6075073242187,2259.6500048828125,2240.4086364671575,2287.068474042477,50.90934113772244,-4.162503924821522,9.985829637411202,-14.148333562232724
2025-03-13 00:00:00+05:30,2255.25,2257.199951171875,2222.5,2231.300048828125,747470,0.0,0.0,2230.760009765625,2257.411005859375,2239.541151930107,2284.8814769752476,47.850555235936554,-4.586082036641983,7.649801220472593,-12.235883257114576
2025-03-17 00:00:00+05:30,2205.0,2239.25,2196.050048828125,2219.550048828125,838015,0.0,0.0,2229.917517089844,2255.0830078125,2237.6372373489658,2282.319460185164,46.09817677441726,-5.803004123832579,5.146303306625597,-10.949307430458177
2025-03-18 00:00:00+05:30,2219.550048828125,2219.550048828125,2219.550048828125,2219.550048828125,0,0.0,0.0,2229.3300170898438,2254.1310107421873,2235.9146479660285,2279.857914641751,46.09817677441726,-6.690302008397339,3.407204337648672,-10.09750634604601
2025-03-19 00:00:00+05:30,2274.0,2287.949951171875,2267.85009765625,2280.699951171875,663292,0.0,0.0,2230.822509765625,2253.8930078125,2240.179914938014,2279.890935682148,55.855759505828466,-2.4311807679318918,6.133060462491295,-8.564241230423187
2025-03-20 00:00:00+05:30,2290.0,2307.0,2268.75,2287.199951171875,1166849,0.0,0.0,2233.3025024414064,2252.9500048828127,2244.658013626953,2280.177563740569,56.75196467007404,1.4519618651161181,8.012962476431444,-6.561000611315326
2025-03-21 00:00:00+05:30,2291.64990234375,2314.5,2277.85009765625,2300.39990234375,1624115,0.0,0.0,2236.3674926757812,2251.95400390625,2249.9667649333146,2280.9705966269685,58.59052047484391,5.530751065799905,9.673401341692184,-4.14265027589228
2025-03-24 00:00:00+05:30,2302.39990234375,2330.25,2302.10009765625,2322.5,1100353,0.0,0.0,2240.039990234375,2251.98900390625,2256.874692082523,2282.599200680813,61.53861814967232,10.426325881468983,11.655180925889011,-1.228855044420028
2025-03-25 00:00:00+05:30,2325.0,2344.5,2308.0,2330.75,1828005,0.0,0.0,2243.6974853515626,2253.551005859375,2263.9104356937114,2284.487467320781,62.608796065044075,14.801191325295804,12.824037095772665,1.9771542295231384
2025-03-26 00:00:00+05:30,2340.0,2340.949951171875,2304.0,2323.14990234375,1934287,0.0,0.0,2247.5449829101562,2255.2150048828125,2269.552289660382,2286.0036412432505,60.92693416130661,17.453842314971553,12.381350468358733,5.072491846612821
2025-03-27 00:00:00+05:30,2315.0,2350.10009765625,2290.5,2338.10009765625,1497861,0.0,0.0,2253.2124877929687,2257.3830078125,2276.080652326655,2288.0466395339563,63.0307512719473,20.525834114546797,12.362673814347179,8.163160300199618
2025-03-28 00:00:00+05:30,2343.949951171875,2364.0,2325.0,2340.64990234375,1281871,0.0,0.0,2259.5624877929686,2259.88400390625,2282.2301047092355,2290.1095125853208,63.39277912565292,22.902155880002738,11.791196463842496,11.110959416160242
2025-04-01 00:00:00+05:30,2342.0,2361.699951171875,2305.75,2316.0,970583,0.0,0.0,2266.3749877929686,2260.98400390625,2285.446285213118,2291.124825817269,57.52773104156477,22.536579231442374,9.140495852225705,13.39608337921667
2025-04-02 00:00:00+05:30,2328.0,2328.39990234375,2292.14990234375,2306.64990234375,792693,0.0,0.0,2273.387487792969,2261.5060009765625,2287.465677320797,2291.7336523477193,55.43273261694854,21.24745493043156,6.28109724097191,14.966357689459649
2025-04-03 00:00:00+05:30,2295.0,2354.89990234375,2289.800048828125,2349.39990234375,608846,0.0,0.0,2284.252478027344,2263.2869970703123,2293.364174942031,2293.9950739161914,62.209118556196756,23.405577430432004,6.751375792777882,16.654201637654122
2025-04-04 00:00:00+05:30,2349.39990234375,2363.949951171875,2302.800048828125,2356.050048828125,1163188,0.0,0.0,2293.8474853515627,2265.16599609375,2299.3342581692777,2296.4286023441105,63.14781494181217,25.360179935677024,6.9647826384183205,18.395397297258704
2025-04-07 00:00:00+05:30,2190.0,2354.0,2190.0,2341.35009765625,1745817,0.0,0.0,2297.529992675781,2266.46599609375,2303.335766691847,2298.190229611253,59.62234864183422,25.42991308777755,5.627612632415076,19.802300455362474
2025-04-08 00:00:00+05:30,2356.0,2420.0,2356.0,2394.199951171875,1876867,0.0,0.0,2303.739990234375,2269.1019970703123,2311.989498547088,2301.955316731278,66.7990018355036,29.4106904749965,7.686712015707222,21.723978459289278
2025-04-09 00:00:00+05:30,2400.0,2429.449951171875,2390.89990234375,2411.14990234375,1186937,0.0,0.0,2310.36748046875,2272.2949951171877,2321.4333465277223,2306.237457343532,68.71929187344534,33.546501450488904,9.458018392959701,24.088483057529203
2025-04-11 00:00:00+05:30,2439.5,2448.0,2380.25,2393.60009765625,968152,0.0,0.0,2315.677490234375,2275.33099609375,2328.306370444725,2309.663443238148,64.55596432131988,35.0045284624789,8.732836323959756,26.271692138519146
2025-04-15 00:00:00+05:30,2414.89990234375,2425.0,2385.0,2415.699951171875,1141122,0.0,0.0,2323.8974853515624,2279.1819970703127,2336.6295686092153,2313.8217376669213,67.24697323302797,37.510896590355514,8.991363561469093,28.51953302888642
2025-04-16 00:00:00+05:30,2405.10009765625,2468.5,2403.699951171875,2459.89990234375,1166695,0.0,0.0,2335.3274780273437,2283.3829931640626,2348.369600393457,2319.550293144444,71.85021815136393,42.57302274880885,11.242791775937945,31.330230972870908
2025-04-17 00:00:00+05:30,2459.89990234375,2476.39990234375,2431.0,2467.89990234375,885840,0.0,0.0,2347.744970703125,2286.724990234375,2359.7534386744373,2325.3679248777503,72.60080899630987,46.692089992624915,12.289487215803206,34.40260277682171
2025-04-21 00:00:00+05:30,2465.89990234375,2470.89990234375,2441.0,2445.0,541913,0.0,0.0,2359.017468261719,2288.6019921875,2367.872158800681,2330.0593788041133,67.08649304863539,47.56040300246514,10.52624018051474,37.034162821950396
2025-04-22 00:00:00+05:30,2445.0,2450.0,2413.5,2432.0,543647,0.0,0.0,2366.582470703125,2291.3969921875,2373.9795722482354,2334.05705022356,64.10957100597828,46.6616692865,7.702005171639684,38.95966411486032
2025-04-23 00:00:00+05:30,2437.0,2456.60009765625,2425.60009765625,2453.10009765625,744684,0.0,0.0,2374.877478027344,2293.3719921875,2381.514860382332,2338.725405024842,66.69298430104477,47.108974942735586,6.5194486623002135,40.58952628043537
2025-04-24 00:00:00+05:30,2450.0,2491.0,2435.89990234375,2464.39990234375,1203452,0.0,0.0,2383.0774780273437,2297.1559912109374,2389.408673902467,2343.653816684407,68.02055400125961,47.82398259784668,5.787565053929043,42.036417543917636
2025-04-25 00:00:00+05:30,2464.300048828125,2468.699951171875,2413.699951171875,2431.60009765625,702217,0.0,0.0,2388.5324829101564,2300.5199951171876,2393.426904736161,2347.1026904480086,60.484396509675115,45.22266249389759,2.5489959599839622,42.673666533913625
2025-04-28 00:00:00+05:30,2419.89990234375,2459.800048828125,2405.0,2452.199951171875,554920,0.0,0.0,2394.60498046875,2304.143994140625,2399.0243377300385,2351.224151652866,63.23909194612653,44.31252636818817,1.3110878674196371,43.001438500768536
2025-04-29 00:00:00+05:30,2460.0,2472.0,2441.60009765625,2451.10009765625,1235066,0.0,0.0,2401.002490234375,2307.762998046875,2403.983933913487,2355.140855417705,62.98662257937752,43.00673309616468,0.004235676316916681,43.002497419847764
2025-04-30 00:00:00+05:30,2450.0,2462.199951171875,2401.5,2425.699951171875,1479669,0.0,0.0,2405.3824829101563,2311.4599951171876,2406.0521260333335,2357.907878780614,57.29750590185941,39.46734795726525,-2.828119570066015,42.29546752733126
2025-05-02 00:00:00+05:30,2425.0,2444.89990234375,2398.0,2410.0,744673,0.0,0.0,2408.849987792969,2315.0949951171874,2406.428114030159,2359.950707063727,54.04796061049706,34.99213730815154,-5.842664175343778,40.83480148349532
2025-05-05 00:00:00+05:30,2423.10009765625,2475.0,2423.10009765625,2436.89990234375,1229588,0.0,0.0,2414.894982910156,2319.1049951171876,2409.3301891076444,2362.9683225649046,58.401129349480065,33.233008498710205,-6.0814343878280965,39.3144428865383
2025-05-06 00:00:00+05:30,2442.0,2449.89990234375,2391.10009765625,2418.0,702802,0.0,0.0,2420.4624877929687,2322.838994140625,2410.1558853831066,2365.1264275623594,54.49496401461896,29.968365415473272,-7.476861976852028,37.4452273923253
2025-05-07 00:00:00+05:30,2388.0,2405.699951171875,2318.5,2334.10009765625,1711738,0.0,0.0,2419.6974975585936,2324.503994140625,2402.912477028168,2363.909708742512,41.291759654012246,20.37620708163513,-13.655216248552136,34.031423330187266
2025-05-08 00:00:00+05:30,2322.0,2349.10009765625,2293.5,2302.60009765625,2292261,0.0,0.0,2417.025,2325.803994140625,2393.3589170879854,2361.5054102685413,37.607646867848075,10.115955314877738,-19.132374412247625,29.248329727125363
2025-05-09 00:00:00+05:30,2246.60009765625,2331.800048828125,2245.0,2299.60009765625,1503010,0.0,0.0,2414.9375,2327.013994140625,2384.429505713534,2359.0777509504123,37.26662286385288,1.7226987418926,-22.020504788186212,23.743203530078812
2025-05-12 00:00:00+05:30,2330.0,2378.5,2321.0,2356.39990234375,940135,0.0,0.0,2413.047497558594,2329.1609912109375,2381.7600196783164,2358.972737279563,47.05563379955911,-0.34180787146533476,-19.268009121235316,18.92620124976998
2025-05-13 00:00:00+05:30,2354.0,2358.0,2315.10009765625,2324.60009765625,1220489,0.0,0.0,2408.720007324219,2330.5009912109376,2376.316217580977,2357.6247906276685,43.00927353978179,-4.492140117726194,-18.73467309399694,14.242532976270747
2025-05-14 00:00:00+05:30,2319.0,2319.0,2277.10009765625,2282.300048828125,1549845,0.0,0.0,2403.1550048828126,2331.2229931640627,2367.362296747372,2354.670879184549,38.29228035521272,-11.066995315555687,-20.247622633461148,9.180627317905461
2025-05-15 00:00:00+05:30,2285.0,2335.5,2268.0,2329.89990234375,1675015,0.0,0.0,2398.8650024414064,2333.3259912109374,2363.7944496613127,2353.699468328047,45.53159172881501,-12.294976226391555,-17.180482835437612,4.885506609046058
2025-05-16 00:00:00+05:30,2333.89990234375,2355.0,2315.0,2353.60009765625,785113,0.0,0.0,2393.550012207031,2336.1249951171876,2362.8235589941637,2353.695571438957,48.75517410729304,-11.22634197232992,-12.889478865100783,1.6631368927708627
2025-05-19 00:00:00+05:30,2353.60009765625,2378.89990234375,2326.60009765625,2331.39990234375,552961,0.0,0.0,2386.7250122070313,2339.1579931640626,2359.8308297893623,2352.8212314744387,46.00841296218005,-12.03211314325199,-10.956200028818282,-1.0759131144337082
2025-05-20 00:00:00+05:30,2347.5,2347.699951171875,2291.39990234375,2295.60009765625,1095824,0.0,0.0,2379.255017089844,2341.7419970703127,2353.713617205256,2350.577265442353,41.90818862571034,-15.382122119550331,-11.444967204093299,-3.937154915457033
2025-05-21 00:00:00+05:30,2296.0,2316.199951171875,2290.0,2312.39990234375,469330,0.0,0.0,2373.275012207031,2345.3479931640627,2349.7789776946365,2349.0801139482905,44.411768670209646,-16.49132282825076,-10.04333433023498,-6.4479884980157784
2025-05-22 00:00:00+05:30,2309.199951171875,2310.0,2283.10009765625,2299.199951171875,916504,0.0,0.0,2365.5800048828123,2348.048994140625,2344.9619275496116,2347.1240291335293,42.84918978132002,-18.225406977516286,-9.421934783600406,-8.80347219391588
2025-05-23 00:00:00+05:30,2301.800048828125,2329.0,2295.0,2315.5,458035,0.0,0.0,2358.135009765625,2349.0049951171877,2342.1560296877437,2345.8838711282933,45.403704016040514,-18.076034173956486,-7.4180495840324845,-10.657984589924002
2025-05-26 00:00:00+05:30,2316.0,2338.0,2302.800048828125,2327.199951171875,1258062,0.0,0.0,2352.915002441406,2350.148994140625,2340.731641257661,2345.1511683849044,47.227082667498124,-16.819680070003415,-4.929356384063528,-11.890323685939887
2025-05-27 00:00:00+05:30,2313.10009765625,2351.60009765625,2301.10009765625,2327.60009765625,2485428,0.0,0.0,2346.685009765625,2351.128994140625,2339.481018057527,2344.462891101428,47.29191782052269,-15.611759271059327,-2.9771484680955513,-12.634610802963776
2025-05-28 00:00:00+05:30,2327.60009765625,2333.0,2300.300048828125,2303.199951171875,774808,0.0,0.0,2339.290002441406,2351.4449951171873,2336.0256783541317,2342.8447365943866,43.7613221574746,-16.43392122196701,-3.0394483352025876,-13.394472886764424
2025-05-29 00:00:00+05:30,2303.199951171875,2309.0,2286.5,2294.300048828125,1414643,0.0,0.0,2332.720007324219,2352.3049951171874,2332.0518088754648,2340.941023348651,42.51458056825626,-17.60074776680085,-3.3650199040291398,-14.23572786277171
2025-05-30 00:00:00+05:30,2296.5,2304.0,2255.0,2259.10009765625,3610431,0.0,0.0,2325.175012207031,2352.86099609375,2325.104026854587,2337.7315752822824,37.91386320336034,-21.122323098922152,-5.509276188920353,-15.613046910001799
2025-06-02 00:00:00+05:30,2259.10009765625,2272.300048828125,2257.89990234375,2266.699951171875,702789,0.0,0.0,2316.6650146484376,2353.803994140625,2319.541733932424,2334.9460213956,39.43769795623948,-23.034425735675086,-5.937103060538629,-17.097322675136457
2025-06-03 00:00:00+05:30,2272.60009765625,2287.300048828125,2246.699951171875,2255.699951171875,792587,0.0,0.0,2308.550012207031,2354.5269921875,2313.4615641457053,2331.8383323672188,37.98450960661999,-25.147504146400024,-6.440145177010855,-18.70735896938917
2025-06-04 00:00:00+05:30,2249.5,2261.0,2240.89990234375,2249.0,768079,0.0,0.0,2304.2950073242187,2353.8929931640623,2307.3223675604,2328.589770313602,37.08809582842799,-27.050937705306296,-6.6748629887337,-20.376074716572596
2025-06-05 00:00:00+05:30,2251.10009765625,2261.0,2233.0,2243.5,996614,0.0,0.0,2301.3400024414063,2353.018994140625,2301.2440468403615,2325.2529165758137,36.330138445872365,-28.67270544854864,-6.637304585580832,-22.03540086296781
2025-06-06 00:00:00+05:30,2249.10009765625,2252.60009765625,2239.0,2245.199951171875,822087,0.0,0.0,2298.6199951171875,2351.9149951171876,2295.906513919553,2322.113584599189,36.76032646534063,-29.48095808326343,-5.956445776236496,-23.524512307026935
2025-06-09 00:00:00+05:30,2240.0,2255.800048828125,2236.0,2244.89990234375,675122,0.0,0.0,2293.0449951171877,2350.3629931640626,2291.048741388524,2319.0855970597604,36.7131759403755,-29.802174634263338,-5.0221298617891215,-24.780044772474216
