Date,Open,High,Low,Close,Volume,Dividends,Stock Splits,SMA_20,SMA_50,EMA_20,EMA_50,RSI_14,MACD_12_26_9,MACDh_12_26_9,MACDs_12_26_9
2020-06-09 00:00:00+05:30,433.0631071269891,440.58034147721503,414.6931349723391,418.2277221679688,46273705,0.0,0.0,,,,,,,,
2020-06-10 00:00:00+05:30,420.3684177193612,430.8228664603264,413.4983270957207,425.59564208984375,36163051,0.0,0.0,,,,,,,,
2020-06-11 00:00:00+05:30,424.6497775305895,433.6605050873041,406.9270088170341,411.6564025878906,45562670,0.0,0.0,,,,,,,,
2020-06-12 00:00:00+05:30,388.3080987369313,410.71048904867735,387.4617801370058,406.2300109863281,47813512,0.0,0.0,,,,,,,,
2020-06-15 00:00:00+05:30,404.1888961068335,404.1888961068335,381.985621040776,387.9098205566406,39577100,0.0,0.0,,,,,,,,
2020-06-16 00:00:00+05:30,403.1434861961879,403.2430584604999,358.83653285917,379.894775390625,96186227,0.0,0.0,,,,,,,,
2020-06-17 00:00:00+05:30,375.8125364747269,396.0244576726446,373.6718394224025,387.9098205566406,56949066,0.0,0.0,,,,,,,,
2020-06-18 00:00:00+05:30,384.32543406814153,406.2797634197735,382.3341105755605,403.6412658691406,43773580,0.0,0.0,,,,,,,,
2020-06-19 00:00:00+05:30,405.7321948714076,420.46797777033095,405.7321948714076,415.2407531738281,52085319,0.0,0.0,,,,,,,,
2020-06-22 00:00:00+05:30,418.177944123353,434.0089602166999,416.2861928341179,428.2839050292969,40454004,0.0,0.0,,,,,,,,
2020-06-23 00:00:00+05:30,428.6324251043317,443.0695218848493,428.5328528426009,441.7253723144531,30757220,0.0,0.0,,,,,,,,
2020-06-24 00:00:00+05:30,446.0564784690632,446.5543093602117,420.3684166398747,422.8077697753906,33577082,0.0,0.0,,,,,,,,
2020-06-25 00:00:00+05:30,417.18230637621247,426.8402382721712,408.5698376318795,419.87060546875,49853200,0.0,0.0,,,,,,,,
2020-06-26 00:00:00+05:30,424.1519324985805,426.8900024853671,416.1866379915649,423.0069274902344,32610915,0.0,0.0,,,,,,,,
2020-06-29 00:00:00+05:30,413.199615499613,413.9961327248156,400.6045007668424,403.0438537597656,36319455,0.0,0.0,,,,,43.94417687144316,,,
2020-06-30 00:00:00+05:30,408.2213681286012,413.00053296725065,402.29716782729344,404.8858947753906,26951915,0.0,0.0,,,,,44.987790614254735,,,
2020-07-01 00:00:00+05:30,408.2213460896928,435.4527029363719,404.8858729165565,431.3704833984375,53380512,0.0,0.0,,,,,57.29756986566147,,,
2020-07-02 00:00:00+05:30,439.0868421215831,439.5846730083423,419.47229302919766,421.3640747070313,50362770,0.0,0.0,,,,,52.51618163805092,,,
2020-07-03 00:00:00+05:30,428.1346028512513,429.7276679156426,421.8121439181544,426.5913391113281,31044457,0.0,0.0,,,,,54.64539933508245,,,
2020-07-06 00:00:00+05:30,432.26659173756616,435.7016373189372,429.2298352095397,432.11724853515625,18424079,0.0,0.0,414.56868438720704,,414.56868438720704,,56.84825852238778,,,
2020-07-07 00:00:00+05:30,431.6193800773803,447.0521376118657,424.35106126360034,445.4093017578125,37991679,0.0,0.0,415.9277633666992,,417.5058860415504,,61.67072272581996,,,
2020-07-08 00:00:00+05:30,448.0478334786666,459.3983725164218,439.08687680909327,442.2232055664063,45877067,0.0,0.0,416.75914154052737,,419.8599164724891,,59.94150443962908,,,
2020-07-09 00:00:00+05:30,445.9071564582466,455.01745612194384,444.1149469338747,451.7815551757813,29162679,0.0,0.0,418.76539916992186,,422.9000725394693,,63.268963188714295,,,
2020-07-10 00:00:00+05:30,447.948236486056,449.4915305028377,435.1042053791327,437.6929321289063,25676354,0.0,0.0,420.33854522705076,,424.3089163098919,,55.898593874112095,,,
2020-07-13 00:00:00+05:30,442.0240660016336,444.46341916803607,430.872641744636,438.1409606933594,21326370,0.0,0.0,422.85010223388673,,425.6262538702222,,56.07383806414055,,,
2020-07-14 00:00:00+05:30,433.0133039118473,433.9093934406734,413.5978991181401,415.887939453125,25685579,0.0,0.0,424.6497604370117,,424.6987953543082,,46.24459388938102,9.751049470724013,,
2020-07-15 00:00:00+05:30,422.1606050784999,442.5219011331768,420.9160278229619,424.7991027832031,43250557,0.0,0.0,426.49422454833984,,424.70834844277437,,50.02260766914968,8.62602263078628,,
2020-07-16 00:00:00+05:30,430.07615387011407,434.2579154635346,416.6347187198269,432.11724853515625,30183647,0.0,0.0,427.91802368164065,,425.4139579753821,,52.94728153669649,8.23007280044061,,
2020-07-17 00:00:00+05:30,432.11721991138415,437.9916184368288,422.7580050963316,431.22113037109375,33464985,0.0,0.0,428.71704254150393,,425.9670220130689,,52.541812392191595,7.754580483800794,,
2020-07-20 00:00:00+05:30,435.8012095822734,440.879060775342,427.43762562505486,432.11724853515625,30400586,0.0,0.0,428.90870971679686,,426.5527578723153,,52.93000120400642,7.3651576905888305,,
2020-07-21 00:00:00+05:30,438.0911973546144,449.0434772884798,436.5977046363601,444.2643127441406,43147019,0.0,0.0,429.03565673828126,,428.23957262201293,,57.950877616409294,7.945117516674031,,
2020-07-22 00:00:00+05:30,475.9263320529056,482.49770589469,458.1039922225223,476.8722229003906,89611937,0.0,0.0,431.73887939453124,,432.871253600906,,67.86143617089081,10.910160156223185,,
2020-07-23 00:00:00+05:30,470.8982521702375,472.6904312245975,457.2079026613629,458.8507385253906,40249567,0.0,0.0,433.6878860473633,,435.34549026038076,,59.51299687630282,11.67125566263661,,
2020-07-24 00:00:00+05:30,454.61921161874494,454.61921161874494,439.63448238587375,443.66693115234375,30566635,0.0,0.0,434.72088623046875,,436.13800844056766,,53.53699101442438,10.923305905280017,1.6814478700406426,9.241858035239375
2020-07-27 00:00:00+05:30,445.0608440827861,446.0565059263717,428.0350204804338,429.6778564453125,21924237,0.0,0.0,436.0525863647461,,435.522755869591,,48.68634731904823,9.09688568108902,-0.11597788332028358,9.212863564409304
2020-07-28 00:00:00+05:30,432.1172352644538,438.0912062588933,422.5588755963131,435.1539916992188,33057573,0.0,0.0,437.5659912109375,,435.48763547241265,,50.57420369562952,7.999104150412279,-0.9710075311976194,8.970111681609898
2020-07-29 00:00:00+05:30,433.8596220630811,445.0608171249506,432.4159003232545,438.9872741699219,24404819,0.0,0.0,437.9468307495117,,435.8209343959849,,51.908002061678495,7.353649938566036,-1.2931693944350897,8.646819333001126
2020-07-30 00:00:00+05:30,439.98292245378434,443.9655694646992,422.90732947152384,424.0025634765625,26861618,0.0,0.0,438.0787551879883,,434.6953752608018,,46.6125658744841,5.568788378947659,-2.4624247632427743,8.031213142190433
2020-07-31 00:00:00+05:30,427.1389071235516,432.5652760231351,419.4722992005927,429.77740478515625,27499638,0.0,0.0,438.23805847167966,,434.2269971202641,,48.781137304251196,4.567601695841574,-2.770889157079087,7.338490852920661
2020-08-03 00:00:00+05:30,429.72763990997856,430.0263262965662,413.8966233319099,415.5394592285156,23824107,0.0,0.0,437.40916900634767,,432.44723160676426,,44.032194187046066,2.5953532051764228,-3.794510118195391,6.389863323371814
2020-08-04 00:00:00+05:30,420.0199198263885,429.3293633659275,415.5394419032592,427.2882385253906,24746211,0.0,0.0,436.50311584472655,,431.9558989323477,,48.48854115026195,1.9577921583356215,-3.5456569320289537,5.503449090364575
2020-08-05 00:00:00+05:30,437.0955284715419,444.9114796476717,431.2709008875376,433.0631103515625,36932321,0.0,0.0,436.04511108398435,,432.06134763893954,,50.57183020920191,1.8966410318918747,-2.88544644677816,4.782087478670035
2020-08-06 00:00:00+05:30,434.1085368590322,436.3985468030673,425.2471530781672,431.1215515136719,33465135,0.0,0.0,435.0121109008789,,431.9718432460569,,49.84197979601809,1.6722342758789637,-2.4878825622328575,4.160116838111821
2020-08-07 00:00:00+05:30,429.5783074962037,435.104218483046,425.2969434081641,431.4202575683594,15569399,0.0,0.0,434.69847717285154,,431.91931127675235,,49.96162809003818,1.501188619252673,-2.1271425750873187,3.628331194339992
2020-08-10 00:00:00+05:30,432.1172104343074,435.10419575989016,427.43758793682,429.2297973632813,14888044,0.0,0.0,434.25291900634767,,431.663167094517,,49.03783765460445,1.175333360587672,-1.962398267001856,3.137731627589528
2020-08-11 00:00:00+05:30,433.4115709766255,447.9482393870151,433.4115709766255,446.0564880371094,30469633,0.0,0.0,435.7613464355469,,433.0339595652401,,55.79894108687752,2.2489396548667173,-0.7110335781782489,2.959973233044966
2020-08-12 00:00:00+05:30,442.870378523011,450.7859023809596,437.0457810113304,449.14306640625,23184137,0.0,0.0,436.9785446166992,,434.5681602167648,,56.92777568894701,3.3106780213715865,0.2805638306612961,3.0301141907102904
2020-08-13 00:00:00+05:30,452.13000687862575,454.7685044398274,443.41796656368655,446.1560363769531,21885850,0.0,0.0,437.68048400878905,,435.67176747011604,,55.45186274050703,3.866514197676622,0.6691200055730651,3.197394192103557
2020-08-14 00:00:00+05:30,449.5412989614221,449.5412989614221,423.7536646329205,433.9591979980469,36725538,0.0,0.0,437.81738739013673,,435.5086656156333,,49.776973626225484,3.2849683774025493,0.07005934823919358,3.2149090291633557
2020-08-17 00:00:00+05:30,437.1951279798413,439.0868794332416,423.5047774306189,436.2492370605469,30198343,0.0,0.0,438.02398681640625,428.0648809814453,435.57919622943456,428.0648809814453,50.79516479711534,2.9745869519466623,-0.1922576617733549,3.1668446137200172
2020-08-18 00:00:00+05:30,437.5933705112016,445.3097496271557,433.41157870719024,443.8660278320313,21768516,0.0,0.0,438.00407257080076,428.57764709472656,436.3684182868247,428.6845337991154,54.126384214876325,3.3051194356886526,0.11061985757490822,3.1944995781137444
2020-08-19 00:00:00+05:30,444.0651588061348,449.989358616928,440.5305716019992,442.2729797363281,18127671,0.0,0.0,436.2741104125977,428.91119384765625,436.9307574724917,429.21741403194727,53.31341609722912,3.3993376938271354,0.1638704925707124,3.235467201256423
2020-08-20 00:00:00+05:30,436.0002944188356,439.3855384484116,431.3704731441812,433.0631103515625,16688938,0.0,0.0,434.98472900390624,429.3393280029297,436.5624101276413,429.3682256523244,48.7542420304081,2.699726091090156,-0.4285928881330139,3.12831897922317
2020-08-21 00:00:00+05:30,438.09118564789065,442.9201513849104,434.357453952028,438.5392456054688,25087973,0.0,0.0,434.7283447265625,429.9855126953125,436.7506801731486,429.7278734936242,51.41472048703238,2.557673931524164,-0.4565160381592053,3.014189969683369
2020-08-24 00:00:00+05:30,442.0738487075621,447.5002177883402,440.38121145708425,443.8660278320313,18196776,0.0,0.0,435.43775329589846,431.1046368408203,437.4283323311374,430.2823109186598,53.92073087377676,2.8421607199487653,-0.13762339978768345,2.9797841197364487
2020-08-25 00:00:00+05:30,448.99370810239685,454.420046768764,445.160404033562,449.8399963378906,26273592,0.0,0.0,436.172053527832,432.5035412597656,438.61039556987583,431.04927897431594,56.622951643931316,3.509215825649619,0.4235453647305363,3.085670460919083
2020-08-26 00:00:00+05:30,450.0391371880214,462.7835961755543,447.0521517642071,461.33990478515625,25914508,0.0,0.0,437.28968505859376,433.9721429443359,440.77511073323586,432.23714665317243,61.32475495372986,4.909217897696863,1.4588379494222234,3.450379948274639
2020-08-27 00:00:00+05:30,461.9870755908269,472.4415244996711,461.9870755908269,470.997802734375,19544214,0.0,0.0,439.6394470214844,435.31927368164065,443.65346235239195,433.75717238184706,64.77773923514435,6.720570720489832,2.616152617772154,4.104418102717678
2020-08-28 00:00:00+05:30,474.3830735831052,510.7744999750082,473.9847845576264,506.9909973144531,59179945,0.0,0.0,443.50012664794923,437.15427856445314,449.68560853925493,436.62908708508655,74.06945061088379,10.934386081254218,5.463974382829232,5.470411698424986
2020-08-31 00:00:00+05:30,522.1748453502454,531.534029847205,484.19032321306753,494.5950012207031,55830536,0.0,0.0,447.4529037475586,438.4805004882812,453.9626935565357,438.9022601884441,67.46824006992826,13.12234559481601,6.1215471171128195,7.000798477703191
2020-09-01 00:00:00+05:30,492.9023391162475,501.2161208383855,477.5691541831584,483.5929260253906,33276725,0.0,0.0,450.2681381225586,439.3178515625,456.7846204583314,440.65483531930477,62.17211801512523,13.809358068837355,5.44684767290733,8.362510395930025
2020-09-02 00:00:00+05:30,484.88731081731606,485.8332017091252,470.051955639368,482.298583984375,20750575,0.0,0.0,452.7299118041992,440.5076678466797,459.2145217465261,442.2879235022487,61.559886688839,14.08699174670653,4.579585080621204,9.507406666085327
2020-09-03 00:00:00+05:30,486.2812204757672,487.8245145077738,471.0476069823033,472.88958740234375,14045705,0.0,0.0,454.8183135986328,441.56804748535154,460.5169089518421,443.48798875323286,57.15388576504523,13.393400265596313,3.108794879608787,10.284605385987525
2020-09-04 00:00:00+05:30,466.9653705277704,470.8982466766949,450.63652356289833,453.2252502441406,29405304,0.0,0.0,455.9085632324219,442.1724139404297,459.8224652653943,443.8698421450332,49.22435496349482,11.128691722014025,0.6752690688211995,10.453422653192826
2020-09-07 00:00:00+05:30,455.0174457819013,465.1234070455341,448.69498723065146,456.7100830078125,25967554,0.0,0.0,457.28257751464844,443.2457385253906,459.5260479075294,444.3733810023971,50.53412407606775,9.505517081015853,-0.758324457741578,10.26384153875743
2020-09-08 00:00:00+05:30,457.8052895461941,460.39401633750015,439.33577506577575,442.4223327636719,21052285,0.0,0.0,457.1008697509766,443.99646728515626,457.8971226557334,444.2968693067608,45.36703141715969,6.985710524222384,-2.6225048116280387,9.608215335850423
2020-09-09 00:00:00+05:30,437.9916188663504,441.42666422355006,423.15626415307975,429.379150390625,31657672,0.0,0.0,456.1126739501953,443.956640625,455.18112529715165,443.71186072181433,41.22315205442584,3.891412086443438,-4.573442599525588,8.464854685969026
2020-09-10 00:00:00+05:30,434.5566219704705,446.7534795034086,428.8813373316812,444.9114990234375,34434841,0.0,0.0,456.05044708251955,444.42758911132813,454.203065652036,443.7589053610937,47.38631574144897,2.6618053712974756,-4.642439451737241,7.304244823034717
2020-09-11 00:00:00+05:30,444.0651424710912,447.8984463026433,437.34442562875967,445.2599487304688,18620781,0.0,0.0,456.6154846191406,444.80096130371095,453.35134023093434,443.81776980695156,47.51926471182636,1.695900880262002,-4.4866751542181715,6.1825760344801735
2020-09-14 00:00:00+05:30,450.0391024014921,453.0260875944224,436.0998381678176,438.6387634277344,17622727,0.0,0.0,456.7349609375,444.9313916015625,451.9501424401534,443.6146715175705,45.18289974389645,0.3916258744717993,-4.6327601280067,5.024386002478499
2020-09-15 00:00:00+05:30,439.136636437378,449.93957333227576,434.0089841077814,447.5997619628906,17328721,0.0,0.0,456.921647644043,444.9752008056641,451.5358204899379,443.77094957424976,48.84841803289915,0.08013250949795747,-3.955402794384433,4.035535303882391
2020-09-16 00:00:00+05:30,447.5997422033704,448.6452053061879,438.0911843338355,444.0651550292969,20016188,0.0,0.0,457.0112564086914,445.01203979492186,450.8243285413055,443.78248704307515,47.499221470450905,-0.4467911359335517,-3.5858611518527543,3.1390700159192026
2020-09-17 00:00:00+05:30,439.0370848898878,444.5132248151559,436.5977013145573,440.9786071777344,14306232,0.0,0.0,457.40703125,444.7959808349609,449.88664079239396,443.67253096992454,46.296704070473176,-1.1007517564283376,-3.3918574178780325,2.291105661449695
2020-09-18 00:00:00+05:30,442.6214727919513,447.35086668126326,434.1583468847615,441.42669677734375,20809690,0.0,0.0,457.55140380859376,444.8706561279297,449.08093183857966,443.5844590408037,46.50842645868608,-1.5648248470872659,-3.084744406829569,1.5199195597423028
2020-09-21 00:00:00+05:30,441.07817596362486,442.0738377603825,418.7255564723417,421.513427734375,19013877,0.0,0.0,456.43377380371095,444.53810546875,446.45545525722684,442.718928401336,39.12607799553168,-3.499105000209738,-4.015219647961633,0.5161146477518946
2020-09-22 00:00:00+05:30,422.1605876441141,424.7990852398527,404.5373622794247,410.212646484375,27558176,0.0,0.0,454.45240631103513,444.424599609375,443.0037591836219,441.4441722477296,35.666130710208414,-5.87617764154254,-5.113833831435548,-0.7623438101069924
2020-09-23 00:00:00+05:30,416.2862107139935,421.0653752694556,404.3382689401512,417.9290466308594,18612700,0.0,0.0,452.2818634033203,444.2871984863281,440.61569132145405,440.52201045883277,39.59414583353099,-7.056038216182969,-5.034955524860782,-2.0210826913221878
2020-09-24 00:00:00+05:30,412.2040145343895,412.5027009415708,399.409753416852,400.7041320800781,21177182,0.0,0.0,448.76717987060545,443.65893615722655,436.814590441323,438.96052503221495,34.52643082951208,-9.27408696998151,-5.802403422927458,-3.4716835470540524
2020-09-25 00:00:00+05:30,405.73218568952376,414.8922864530308,398.4140653429944,413.2494201660156,20460096,0.0,0.0,444.0801010131836,443.299501953125,434.57028851034136,437.952246410011,40.49965651225675,-9.905423132398653,-5.14699166827568,-4.758431464122973
2020-09-28 00:00:00+05:30,418.1779328000498,438.68857081918446,416.2363802436898,437.3444213867188,19387091,0.0,0.0,441.2175720214844,443.40404541015624,434.8344916414249,437.9284101345878,49.945066129098265,-8.36506905249962,-2.885310070701318,-5.479758981798303
2020-09-29 00:00:00+05:30,440.480789883732,441.37687945851343,422.9571355044577,424.9982604980469,19996904,0.0,0.0,438.2878387451172,443.0187243652344,433.89770772300795,437.42134544295874,45.922386586339215,-8.047789441959878,-2.0544243681292604,-5.993365073830618
2020-09-30 00:00:00+05:30,425.14758104082586,426.2428150783898,416.9333713368755,422.8077697753906,18485278,0.0,0.0,435.313298034668,441.9374353027344,432.8415231565682,436.8482640442306,45.2263871153019,-7.8822358509858645,-1.5110966217241977,-6.371139229261667
2020-10-01 00:00:00+05:30,428.3337419660136,443.3682116610249,425.5458705422613,441.7751770019531,21083211,0.0,0.0,433.75757751464846,441.59592407226563,433.6923473323192,437.0414763170824,52.00897895431084,-6.149633049659485,0.17720494368174577,-6.326837993341231
2020-10-05 00:00:00+05:30,442.1236333041511,454.4698645792695,437.145324043277,442.2232055664063,24252318,0.0,0.0,433.20747528076174,441.5670495605469,434.50481002127987,437.24468138568335,52.15967464661997,-4.686359253739056,1.3123829916817407,-5.998742245420797
2020-10-06 00:00:00+05:30,447.5499976211695,450.7361276670973,440.779509255058,447.6993408203125,19387351,0.0,0.0,432.7569381713867,441.9274792480469,435.76143200214017,437.65466803017864,54.058559382311294,-3.049671168262023,2.3592568617270198,-5.408928029989043
2020-10-07 00:00:00+05:30,445.0608258227605,453.9720111113178,441.5760095131864,451.1343688964844,19873734,0.0,0.0,433.19253997802736,442.24708679199216,437.22552123017294,438.1832837504259,55.258220384921906,-1.458592267088079,3.160268610320771,-4.61886087740885
2020-10-08 00:00:00+05:30,453.5737348001605,459.6472780441849,445.309753759811,449.9395751953125,20909290,0.0,0.0,434.2205612182617,442.4661328125,438.4363835125672,438.6443147874803,54.72295300976311,-0.2907095227621994,3.462521083717321,-3.7532306064795202
2020-10-09 00:00:00+05:30,451.33348894933073,467.7619089100768,448.19716030658935,466.0195007324219,28048230,0.0,0.0,435.2759613037109,443.3064715576172,441.0633470573153,439.71785149120353,60.297026673397035,1.9103403570661044,4.5308567708365,-2.6205164137703956
2020-10-12 00:00:00+05:30,471.4458665114183,477.9176682692308,460.2944420977281,465.9697265625,21261504,0.0,0.0,436.3114501953125,444.0303179931641,443.4353832006662,440.7473367881171,60.272291384426914,3.609068786600801,4.983668160296958,-1.3745993736961561
2020-10-13 00:00:00+05:30,463.8788515753136,470.9480568138273,457.75553725191776,459.3486022949219,15582492,0.0,0.0,437.34694213867186,444.9065008544922,444.9509278763096,441.4767981805408,56.9268702570738,4.37067153156795,4.596216724211285,-0.22554519264333484
2020-10-14 00:00:00+05:30,456.0130819594811,472.5908440366479,452.03043495546814,469.25537109375,13984621,0.0,0.0,438.42972259521486,445.7458435058594,447.26563675416105,442.5661539810588,60.46295206677349,5.707844167200108,4.746711487874754,0.9611326793253537
2020-10-15 00:00:00+05:30,471.3463058116832,479.85923271759214,458.0044433223733,460.5931701660156,28971494,0.0,0.0,439.2561233520508,446.29644470214845,448.5349256505282,443.27309579223356,56.12436586196536,5.9994381049592675,4.030644340507131,1.9687937644521367
2020-10-16 00:00:00+05:30,463.1320685859888,473.43717403476046,460.9914018466753,470.3506164550781,16288157,0.0,0.0,440.72472381591797,447.0810260009766,450.61261048905675,444.3349593476392,59.637759039432105,6.937897012531039,3.9752825984631217,2.962614414067917
2020-10-19 00:00:00+05:30,474.98044610608855,493.7486769776005,474.18392882591496,490.8114929199219,28131936,0.0,0.0,443.1939636230469,448.2688507080078,454.44107548247246,446.1575685073366,65.81882143434436,9.2262991565417,5.010947793979026,4.215351362562673
2020-10-20 00:00:00+05:30,483.74229274777264,496.4867516637513,482.9955463960117,491.8071594238281,21376064,0.0,0.0,446.70865020751955,449.52039794921876,457.9997501435539,447.94774854327744,66.09095229620166,10.993490196673122,5.422511067288358,5.570979129384764
2020-10-21 00:00:00+05:30,494.744348210705,505.2983694929147,484.4890437031503,499.2746276855469,27029535,0.0,0.0,451.1617492675781,450.5847607421875,461.93069086183897,449.9605673331704,68.13968367530822,12.848455115697618,5.821980789050283,7.026474326647335
2020-10-22 00:00:00+05:30,493.84829001687046,510.7745418924487,493.4998022835708,508.0862426757813,30022336,0.0,0.0,455.6696090698242,451.7636242675781,466.32645770126203,452.2400055819002,70.41143184283722,14.858274921952557,6.265440476244176,8.59283444570838
2020-10-23 00:00:00+05:30,511.6706103515317,513.2636448829809,502.31136536074456,504.9996643066406,18810262,0.0,0.0,460.88438568115237,452.94049682617185,470.0096202351076,454.30901180639984,68.5671277126567,16.017372223081793,5.93963022189873,10.077742001183063
2020-10-26 00:00:00+05:30,506.0451332613266,507.6381982920645,488.77039415510257,491.2097778320313,17446937,0.0,0.0,464.78240356445315,454.08550842285155,472.02868286338605,455.7561006701501,60.89306626644621,15.642914808919784,4.452138246189376,11.190776562730408
2020-10-27 00:00:00+05:30,491.8569149041279,510.0277422259909,480.5561477255485,505.895751953125,24239860,0.0,0.0,468.20997009277346,455.47843872070314,475.25411801478975,457.7223615047766,65.3418513532746,16.34280035667024,4.121619035151863,12.221181321518376
2020-10-28 00:00:00+05:30,508.584041308222,515.2549876012894,491.3591041183311,502.5105285644531,30343575,0.0,0.0,472.08558349609376,456.65132873535157,477.84996663856725,459.4787602129992,63.54730751243568,16.434854685222547,3.370938690963335,13.063915994259212
2020-10-29 00:00:00+05:30,503.8048652255152,514.1099404333426,487.2271025159817,491.7075805664063,50934336,0.0,0.0,475.5305740356445,457.6400207519531,479.1697393935995,460.74263552097597,58.06669173167171,15.45791160164913,1.9151964859119346,13.542715115737195
2020-10-30 00:00:00+05:30,492.8525883243773,499.3741609248981,479.51072635384566,490.3634338378906,23140833,0.0,0.0,477.9599868774414,458.78602722167966,480.2358055311511,461.90423545497265,57.40331799172703,14.409116437011676,0.6931210570195834,13.715995379992092
2020-11-02 00:00:00+05:30,494.6945384355362,529.3933559298896,492.95213040166806,520.3826293945312,37597227,0.0,0.0,481.86795806884766,460.42289489746094,484.0593125657587,464.1975058055436,66.58479209964341,15.81789803120705,1.681522120971966,14.136375910235085
2020-11-03 00:00:00+05:30,522.7224340839767,534.6703754344677,521.7267723047692,531.832763671875,25991938,0.0,0.0,486.07462921142576,462.18222961425784,488.6091650520555,466.84986885912525,69.30269021248147,17.654784373214284,2.8147267703833574,14.840057602830926
2020-11-04 00:00:00+05:30,522.8219944648524,531.5340353413784,508.7831871891147,522.871826171875,28905623,0.0,0.0,489.6615020751953,463.6428662109375,491.87227563489546,469.04680836158605,64.85667220167679,18.177913594180495,2.670284793079654,15.507628801100841
2020-11-05 00:00:00+05:30,532.5795127943696,540.146518047812,525.2613622166596,536.9603881835938,23728389,0.0,0.0,494.0125427246094,465.15527587890625,496.1663815919144,471.71008600166476,68.29999943303483,19.50449085263375,3.1974896412263263,16.307001211407425
2020-11-06 00:00:00+05:30,536.4127948727539,543.6313429244059,528.8955604351085,539.3997802734375,22256961,0.0,0.0,497.68155670166016,466.5233154296875,500.2838481330118,474.3645838162441,68.86876254854491,20.51615398989793,3.367322222792403,17.148831767105527
2020-11-09 00:00:00+05:30,547.6139363447755,565.5358469887864,545.8715283654967,562.5986328125,26041462,0.0,0.0,502.5130020141602,467.6354681396484,506.2185895310583,477.824742600411,73.70130736514153,22.925585949675167,4.621403346055711,18.304182603619456
2020-11-10 00:00:00+05:30,569.518584034516,585.4491737977193,565.7848520587653,581.0682373046875,34935409,0.0,0.0,508.59898376464844,469.3649328613281,513.3471274142611,481.8735070986179,76.79034981040517,26.025416066260107,6.176986770112521,19.848429296147586
2020-11-11 00:00:00+05:30,577.3344738909298,608.498737034488,573.8994892765885,606.0095825195312,50289937,0.0,0.0,515.4366943359375,471.8132659912109,522.1721231385725,486.7415884876733,80.17657189538852,30.14709493751775,8.238932513096131,21.90816242442162
2020-11-12 00:00:00+05:30,599.338688967485,607.8018150625328,586.2457107593477,597.0984497070312,34244439,0.0,0.0,522.2619583129883,474.10926330566406,529.3079637641399,491.0693085354913,75.91497820312509,32.32191428536896,8.331001488757874,23.990912796611088
2020-11-13 00:00:00+05:30,592.4187642887872,609.6934720149413,581.7651709954016,607.7021484375,28813262,0.0,0.0,529.1295349121094,476.8055145263672,536.7740765901742,495.6431453943936,77.45087951703181,34.503370775314124,8.40996638296243,26.093404392351694
2020-11-14 00:00:00+05:30,611.2866296627983,615.3190481641673,602.9230454766872,610.4901123046875,3211214,0.0,0.0,535.1134658813477,479.9508117675781,543.7946514201279,500.1469480183267,77.85081366641151,36.041689977350984,7.958628467999432,28.083061509351552
2020-11-17 00:00:00+05:30,610.4901319680356,628.163131088908,606.358110682327,626.0722045898438,25960060,0.0,0.0,541.8267181396484,483.33805419921873,551.6306088648628,505.0851933740725,79.98724560627046,38.07921021847653,7.996918967299983,30.08229125117655
2020-11-18 00:00:00+05:30,622.2886452641063,637.2235727504449,619.3514307043846,633.5396118164062,24928180,0.0,0.0,548.5399673461914,487.16039978027345,559.4314662888194,510.12262154828164,80.9362502982168,39.8372974771072,7.804004980744523,32.03329249636268
2020-11-19 00:00:00+05:30,616.314631189953,630.2538958695319,606.4077844957495,608.84716796875,26525371,0.0,0.0,553.5780136108399,490.74976013183596,564.1377235916699,513.9941723883001,69.24343658822671,38.790962373063394,5.406135901360571,33.38482647170282
2020-11-20 00:00:00+05:30,612.3320190131273,613.8255117424275,589.4317971638558,605.2130126953125,29556191,0.0,0.0,558.5886810302734,493.95579040527343,568.0496558872549,517.5713818121045,67.6933845911035,37.239217784001994,3.0835130498393326,34.15570473416266
2020-11-23 00:00:00+05:30,608.2996201958366,609.9424257882287,590.1287914099096,593.0161743164062,23728765,0.0,0.0,563.6790008544922,496.91091491699217,570.427419547174,520.5300011259988,62.626356929959,34.62611776195854,0.3763304222366983,34.24978733972184
2020-11-24 00:00:00+05:30,600.3840599010317,619.8990066941433,597.9446763592996,616.9618530273438,30742369,0.0,0.0,569.2323059082031,500.47737670898437,574.8592703548093,524.311642377032,67.73294616527971,34.09441413459797,-0.12429856409909945,34.21871269869707
2020-11-25 00:00:00+05:30,622.2885981622602,627.2669069475583,593.4144072075313,597.2476806640625,35115637,0.0,0.0,573.9691635131836,503.4703350830078,576.9914999080715,527.1718791726018,60.414141115738126,31.716656356152384,-2.00164507403575,33.718301430188134
2020-11-26 00:00:00+05:30,599.6373345098291,615.5181527833425,591.4728953852591,609.8926391601562,35476456,0.0,0.0,579.8784164428711,506.786884765625,580.1249417416034,530.4158305446629,63.163562918737696,30.50101197835602,-2.5738315614656955,33.074843539821714
2020-11-27 00:00:00+05:30,609.344957203356,610.9878233078845,596.1524397475644,598.9900512695312,29921076,0.0,0.0,585.3097473144531,509.9471136474609,581.9216188395012,533.1050156711283,59.336876682490775,28.331272056005787,-3.7948571870527417,32.12612924305853
2020-12-01 00:00:00+05:30,608.3493396798165,612.3319867480967,593.6135576812536,601.03125,21285697,0.0,0.0,589.3421783447266,513.1392047119141,583.7415837119297,535.7687895663781,59.827586264035546,26.47130053914759,-4.523862963128753,30.995163502276345
2020-12-02 00:00:00+05:30,604.3667103946458,610.83851207103,598.6416550655367,605.4619140625,19070722,0.0,0.0,593.0236358642578,516.8181744384766,585.8101866024602,538.5018532721084,60.929730485589154,25.065833942160225,-4.743463648092899,29.809297590253124
2020-12-03 00:00:00+05:30,607.5030808610135,608.3493690957956,597.745546455616,600.0853881835938,17746316,0.0,0.0,596.8843139648437,520.615629272461,587.1697296101872,540.9168938568725,58.820815167402344,23.250137718372457,-5.247327897504533,28.49746561587699
2020-12-04 00:00:00+05:30,603.9684150631322,613.7757201171909,600.5832014530473,611.8341674804688,20019707,0.0,0.0,600.6280029296875,524.4937316894532,589.5187236930711,543.697963410739,61.92234370867345,22.499849421783665,-4.798092955274662,27.297942377058327
2020-12-07 00:00:00+05:30,614.2735885392407,621.691281451999,609.7931102286268,616.5635986328125,24658169,0.0,0.0,604.4861938476563,528.8109210205079,592.0944260682846,546.5554393018008,63.12631310018834,22.032884729523175,-4.212046118028123,26.2449308475513
2020-12-08 00:00:00+05:30,616.414195127316,621.1435886700691,608.9467316387585,617.95751953125,16005349,0.0,0.0,607.2541381835938,532.9050830078126,594.5575778266624,549.3555208794262,63.49269909729122,21.527138165040242,-3.7742341460088475,25.30137231104909
2020-12-09 00:00:00+05:30,616.4640920067445,633.9379462632481,616.3147184130321,631.4487915039062,22000284,0.0,0.0,609.7731658935547,536.7871704101562,598.0710267483047,552.5748648254843,66.91882044760243,21.96180129136917,-2.671656815743937,24.633458107113107
2020-12-10 00:00:00+05:30,621.7908472960806,629.7063714373523,617.6588261644245,624.3297729492188,16126862,0.0,0.0,610.689175415039,540.7738006591796,600.5718597198203,555.3887827911209,63.53070202832112,21.484173470980863,-2.519427708905795,24.003601179886658
2020-12-11 00:00:00+05:30,623.6326825584847,628.9097381938466,605.7107719276883,610.5895385742188,17950692,0.0,0.0,611.3637298583984,544.5294360351562,601.5259243726201,557.5535183120267,57.48151251738354,19.769042681833525,-3.387646798442507,23.156689480276032
2020-12-14 00:00:00+05:30,613.3276912895631,621.0938414602583,609.7433329862808,613.2281494140625,14567480,0.0,0.0,611.6400299072266,547.9584954833985,602.6404219956147,559.7368371787732,58.3025980814854,18.410478481755945,-3.7969687988160707,22.207447280572016
2020-12-15 00:00:00+05:30,613.0787463382424,613.0787463382424,599.6870831273276,604.4662475585938,22311290,0.0,0.0,611.3388366699219,551.2033563232421,602.8143101444699,561.490931703472,54.536386667055524,16.437315174344462,-4.616105684982042,21.053420859326504
2020-12-16 00:00:00+05:30,610.8882116905838,612.2323914209811,602.1761719894336,603.4705200195312,14860853,0.0,0.0,610.2087524414062,554.3187799072266,602.8768063230472,563.1371900688076,54.10861694839898,14.624638418420432,-5.143025952724859,19.76766437114529
2020-12-17 00:00:00+05:30,604.6156316735146,608.3493634458912,600.5832135134226,602.773681640625,14598759,0.0,0.0,608.6704559326172,557.3515661621094,602.8669849247212,564.6915622873103,53.790632008818456,12.982199284055355,-5.428372069671948,18.410571353727303
2020-12-18 00:00:00+05:30,601.778105406902,608.3494499525739,593.9123517131101,606.85595703125,17301814,0.0,0.0,608.5708953857422,560.4898937988281,603.2468870301049,566.3450679635432,55.442648605346214,11.873094303573453,-5.2299816401230785,17.10307594369653
2020-12-21 00:00:00+05:30,602.6243293467509,604.6156530290202,570.9125240147625,579.9730224609375,18580262,0.0,0.0,607.3088958740234,562.7689642333985,601.0303284997079,566.8794975516763,44.22892555213599,8.724323890993674,-6.703001642162288,15.427325533155962
2020-12-22 00:00:00+05:30,582.4621349171391,591.3733199045612,565.9341738584083,587.1915283203125,19896386,0.0,0.0,607.0176635742188,565.1934002685547,599.7123475302417,567.6760477778973,47.310584408819935,6.733751255777179,-6.954859421903027,13.688610677680206
2020-12-23 00:00:00+05:30,586.4447765517863,591.9209162309625,581.765154126416,589.8798217773438,12247401,0.0,0.0,605.6635620117188,567.8040246582032,598.7759165061562,568.5467840131697,48.45291988271417,5.311898654891934,-6.701369618230618,12.013268273122552
2020-12-24 00:00:00+05:30,592.4187845842123,611.3363592179938,591.5724963429562,607.5528564453125,15488083,0.0,0.0,606.1788208007813,570.5699743652344,599.6118155479807,570.0764339124694,55.31219802168743,5.547191848168609,-5.172861139963155,10.720052988131764
2020-12-28 00:00:00+05:30,611.3363909048381,618.1068794969399,611.3363909048381,614.9705810546875,8444506,0.0,0.0,606.4327178955078,573.6575225830078,601.074555120048,571.8369887023603,57.84756742992011,6.260049824866314,-3.568002530612361,9.828052355478675
2020-12-29 00:00:00+05:30,618.007277565088,629.6565325181133,615.9163513697196,627.466064453125,13765454,0.0,0.0,607.8565185546875,576.7998315429687,603.5880321993886,574.0185210847432,61.78122091790819,7.744007885973588,-1.6672355756040709,9.411243461577659
2020-12-30 00:00:00+05:30,629.5071282298788,631.2495362558216,615.5180930899553,622.3881225585938,10262221,0.0,0.0,608.9243621826172,579.4313641357422,605.3785169955033,575.9153682013648,59.35703992431378,8.413324302537035,-0.7983353272324987,9.211659629769533
2020-12-31 00:00:00+05:30,619.6999756629999,623.2345631671982,613.3277153511998,617.7584228515625,12306502,0.0,0.0,609.5391876220704,581.9503894042969,606.5575556484613,577.5562723052941,57.155061639945686,8.4725183924171,-0.5913129898819474,9.063831382299048
2021-01-01 00:00:00+05:30,617.5592845305816,622.73673848967,614.8709852854416,621.0938720703125,6047062,0.0,0.0,610.5896118164062,584.3867742919922,607.9419667362567,579.2636291588243,58.35374088973561,8.688418333363984,-0.3003304391480519,8.988748772512036
2021-01-04 00:00:00+05:30,625.0764564243497,630.2539098600549,618.6046548223111,621.9899291992188,14068156,0.0,0.0,611.0973999023438,586.6648480224609,609.2798679232055,580.939170336879,58.688124075382085,8.830037735176802,-0.12696882986818814,8.95700656504499
2021-01-05 00:00:00+05:30,615.3190014393255,665.0025502973497,615.3190014393255,661.5675048828125,37973963,0.0,0.0,613.3475952148438,589.7962048339843,614.2596428717395,584.1010658092684,70.10534019063789,11.997551420927266,2.4324358847058214,9.565115536221445
2021-01-06 00:00:00+05:30,659.1280604804523,664.2557426609176,646.333831650875,651.4116821289062,20829645,0.0,0.0,615.0203033447266,593.0002429199219,617.797932324803,586.7406978218033,65.13112580995804,13.53234635194815,3.1737846525813644,10.358561699366785
2021-01-07 00:00:00+05:30,656.1411153599964,673.565196572136,656.1411153599964,668.1885986328125,17887570,0.0,0.0,616.8572937011719,596.2460998535156,622.5970434017563,589.9347331477253,69.0392358415966,15.918935761441958,4.448299249660137,11.470636511781821
2021-01-08 00:00:00+05:30,675.0587339292767,675.9050221931612,665.5999463594712,669.78173828125,12272794,0.0,0.0,619.1298919677735,599.5915240478515,627.0908238664699,593.0659882510008,69.39008254630045,17.734446458653565,5.011047957497395,12.72339850115617
2021-01-11 00:00:00+05:30,673.0673057749168,673.7145101847702,657.2860922183706,664.0565795898438,7928365,0.0,0.0,621.8032440185547,603.0385040283203,630.6113720306008,595.8499330093869,66.4747968884715,18.49804535477665,4.619717482896384,13.878327871880266
2021-01-12 00:00:00+05:30,658.431182555115,682.0283810309928,656.3900878754482,672.7687377929688,13301893,0.0,0.0,624.7802734375,606.6866101074219,634.6263592460645,598.8663567263901,68.63433614518563,19.580489641677445,4.561729415837743,15.018760225839703
2021-01-13 00:00:00+05:30,673.0674252135187,688.2014978161824,666.1475630517007,684.8162231445312,15645903,0.0,0.0,628.7977722167968,609.9752819824218,639.4063462840137,602.23693972318,71.37981128607078,21.166472006847812,4.918169424806486,16.248302582041326
2021-01-14 00:00:00+05:30,675.5565373347356,684.8161800033771,671.7232636786424,673.0673828125,9337503,0.0,0.0,632.2776153564453,612.7999743652343,642.6121592867268,605.0146041580554,65.37045671812399,21.230607998578876,3.9858443332300375,17.244763665348838
2021-01-15 00:00:00+05:30,674.6604333203267,679.9872605858465,666.6951386611947,671.92236328125,12339771,0.0,0.0,635.7350494384766,615.7809851074219,645.4036072862051,607.638437849161,64.79790336283314,20.94757215486584,2.962246791613598,17.98532536325224
2021-01-18 00:00:00+05:30,671.5241529007741,672.0717547691031,648.325243742079,654.1498413085938,13460603,0.0,0.0,638.0997436523437,618.1247741699219,646.236581955004,609.4624144554133,56.52270802480218,19.069350613911638,0.8672202005275196,18.20213041338412
2021-01-19 00:00:00+05:30,660.6713625036723,669.0349457706413,656.8878598906615,665.8488159179688,9010539,0.0,0.0,642.3935333251953,620.6537548828124,648.1044137610006,611.6736458853175,60.13202405126928,18.313746519451342,0.08929288485377995,18.224453634597563
2021-01-20 00:00:00+05:30,661.119514919765,677.9959966188563,661.119514919765,672.8185424804688,9980614,0.0,0.0,646.6748840332032,622.8581530761719,650.4581403057119,614.0714849674803,62.14808168551011,18.069034928840665,-0.12433496460552007,18.193369893446185
2021-01-21 00:00:00+05:30,677.7967356282228,691.9849155513989,666.8444563892798,672.91796875,15849438,0.0,0.0,650.826791381836,624.6951477050782,652.5971715861203,616.3791902138537,62.1774649117143,17.67932583600168,-0.4112352459556021,18.090561081957283
2021-01-22 00:00:00+05:30,667.0934168399074,670.9765222311552,636.0287560210487,641.7040405273438,21392223,0.0,0.0,652.5343505859375,625.4090368652344,651.5597305329035,617.3723215986964,49.251499074848645,14.682524428283386,-2.7264293229391185,17.408953751222505
2021-01-25 00:00:00+05:30,651.1628259202134,665.1020913068846,636.5763560467256,655.5437622070312,21325345,0.0,0.0,654.5630096435547,626.5779431152343,651.9391621209156,618.869240838239,53.834127579588404,13.271304263598495,-3.310119590099209,16.581423853697704
2021-01-27 00:00:00+05:30,657.0870689008409,660.9203428250936,624.6782869082278,629.3578491210938,24462588,0.0,0.0,654.6575988769531,627.0110571289063,649.7885608828374,619.2805588101156,45.46803495797363,9.925502757191111,-5.324736877205275,15.250239634396387
2021-01-28 00:00:00+05:30,619.3016617269172,671.7730526157328,613.3276907134743,667.7904052734375,64303975,0.0,0.0,656.9277130126953,628.1570629882813,651.5030222533708,621.1829057302459,56.22137417521077,10.256882093301897,-3.9946860328755918,14.251568126177489
2021-01-29 00:00:00+05:30,668.0890672219034,672.9180026395754,650.1671548374112,660.0242309570312,31273252,0.0,0.0,659.0410034179688,628.836103515625,652.3145659394337,622.7060949548257,53.90804044028104,9.780098355973792,-3.577175816162958,13.35727417213675
2021-02-01 00:00:00+05:30,662.1151265833132,713.8895424965948,651.5113036313847,706.272705078125,30648270,0.0,0.0,663.2999450683594,630.2907653808594,657.4534363335947,625.9832169204453,63.531473126080726,12.984432698428236,-0.29827317896681116,13.282705877395047
2021-02-02 00:00:00+05:30,716.1297031445582,741.7182218969152,701.1450061817387,711.1016235351562,28703320,0.0,0.0,667.7555297851562,632.3358544921875,662.5627874956482,629.321193650434,64.36800430872151,15.73219318326619,1.9595898446969127,13.772603338569278
2021-02-03 00:00:00+05:30,716.8765170933791,733.6036236714829,712.4458097989352,730.6166381835938,23541361,0.0,0.0,671.2079864501953,634.8439270019531,669.0441066087859,633.2935640242833,67.60231397853013,19.262466034416093,4.3918901566774515,14.870575877738641
2021-02-04 00:00:00+05:30,726.833127968377,742.2658861649658,717.4738825603603,740.6728515625,20490289,0.0,0.0,675.671044921875,637.797060546875,675.8658918424729,637.5045164767624,69.15599717218988,22.611039095777755,6.1923705744312905,16.418668521346465
2021-02-05 00:00:00+05:30,745.7506282906271,762.9755638927988,713.8894532501731,716.4781494140625,31121503,0.0,0.0,678.0855224609375,639.7873864746093,679.73372589691,640.6015216899899,61.51265297371638,23.046827629495965,5.302527286519599,17.744300342976366
2021-02-08 00:00:00+05:30,722.8504298370577,744.5558438130771,722.8504298370577,732.9564208984375,15662890,0.0,0.0,681.2442565917969,642.5015612792969,684.8025539922936,644.2232824432624,64.39865131521064,24.44012146943055,5.356656901163348,19.083464568267203
2021-02-09 00:00:00+05:30,732.558213112571,746.7463946101642,723.0496545086104,739.2789306640625,22307807,0.0,0.0,685.0053741455079,645.089287109375,689.9907803419859,647.9509549225095,65.46858058918329,25.75757330288286,5.339286987692525,20.418286315190336
2021-02-10 00:00:00+05:30,738.3329604823564,743.161956444662,722.9499742506977,731.6122436523438,15140744,0.0,0.0,687.9475494384766,647.7417309570312,693.9547292286867,651.2317897746599,62.99625173357187,25.884643743508832,4.3730859426547966,21.511557800854035
2021-02-11 00:00:00+05:30,727.8287840519856,740.9217611785808,727.8287840519856,736.8892822265625,11897710,0.0,0.0,690.5512023925781,650.4588916015625,698.0437342761035,654.5909071257149,64.00387070104617,26.11017900355523,3.6788969621609553,22.431282041394276
2021-02-12 00:00:00+05:30,732.3092679083763,751.4259869881356,731.3633770262076,747.1446533203125,15668442,0.0,0.0,694.2550659179688,653.2925463867188,702.7200122803139,658.2204658000128,65.9446737089379,26.807420801627927,3.5009110081869217,23.306509793441005
2021-02-15 00:00:00+05:30,756.6034373802506,795.533790031068,750.6294664914066,790.5554809570312,20648115,0.0,0.0,700.1867218017578,657.1019482421875,711.0852950114298,663.410074237543,72.6635809560546,30.511167197900363,5.763725923567485,24.74744127433288
2021-02-16 00:00:00+05:30,795.5337959001038,795.5337959001038,763.6726175912135,771.6876831054688,23968943,0.0,0.0,706.0636138916016,660.2990185546874,716.8569510203858,667.6562549774617,66.52062044546626,31.560133723084164,5.450153959001025,26.10997976408314
2021-02-17 00:00:00+05:30,770.6422447565092,781.594524720749,760.9843129976045,774.3759765625,16956357,0.0,0.0,711.4899719238281,663.4552661132813,722.3349534529682,671.8413420984436,66.94934771279566,32.23676470977966,4.901427956557217,27.335336753222446
2021-02-18 00:00:00+05:30,771.6379487222993,778.6075818075329,760.6856681597892,773.6292724609375,19685663,0.0,0.0,716.5305084228515,666.568701171875,727.2201266918224,675.8330256420709,66.6938740145904,32.33995202504582,4.0036922174586955,28.336259807587123
2021-02-19 00:00:00+05:30,769.5470248941975,773.828358454342,738.1338466770582,746.3978881835938,15634787,0.0,0.0,720.2045043945312,668.8676831054687,729.0465801672292,678.6002751535032,58.001386328630524,29.87994616701826,1.2349490875449085,28.644997079473352
2021-02-22 00:00:00+05:30,746.3979179908399,746.5970017412926,711.8982111426974,716.3289184570312,18123202,0.0,0.0,723.9357482910157,670.707666015625,727.8353742900675,680.0798297928571,50.21827190059292,25.213414691321987,-2.745265910521095,27.95868060184308
2021-02-23 00:00:00+05:30,729.172871713846,731.7616287736756,709.508551789719,712.8440551757812,16804763,0.0,0.0,726.8007629394531,672.7527563476563,726.4076296125164,681.3647013765012,49.39106282017605,20.991973134465184,-5.57336597390232,26.565339108367503
2021-02-24 00:00:00+05:30,718.8677700341337,751.6250653036707,713.9392323098813,746.14892578125,11207286,0.0,0.0,732.6403167724609,675.411171875,728.2877530571577,683.9052591962953,56.727312265259776,20.102149932982684,-5.170551340307856,25.27270127329054
2021-02-25 00:00:00+05:30,761.6813100085299,780.1010541067753,758.8436980637074,767.3068237304688,26635119,0.0,0.0,737.6161376953125,678.6679833984375,732.0038550260444,687.1759087858708,60.63161858006167,20.863720196340182,-3.5271848615602863,24.39090505790047
2021-02-26 00:00:00+05:30,742.7636813530269,755.4085980019852,715.5323562174688,721.6556396484375,31306177,0.0,0.0,740.6977081298828,681.0316857910157,731.0183107043677,688.5280550942067,50.123287004293374,17.58093896369371,-5.447972875365409,23.02891183905912
2021-03-01 00:00:00+05:30,734.7984206173921,740.2745606084432,719.116747006655,725.389404296875,14301187,0.0,0.0,741.6535430908203,683.4840002441406,730.4822243798445,689.9735982001938,50.87323704121588,15.106456956068769,-6.337963906392282,21.44442086246105
2021-03-02 00:00:00+05:30,727.2811804608657,737.2875694861779,718.8678260216345,728.0776977539062,14503453,0.0,0.0,742.5023468017578,685.9084350585938,730.2532218440408,691.467876614065,51.43938906883469,13.210057630928645,-6.587490585225925,19.79754821615457
2021-03-03 00:00:00+05:30,737.2875962834735,757.4995195845698,731.9109980118784,750.6792602539062,13603791,0.0,0.0,743.5054779052734,689.3225598144531,732.1985588354565,693.7898916587646,56.027582639934515,13.376706363301082,-5.1366734822827915,18.513379845583874
2021-03-04 00:00:00+05:30,727.9283530057575,748.1901080814945,727.9283530057575,733.6036376953125,16896947,0.0,0.0,743.1520172119141,692.2508020019532,732.3323758697286,695.351215032747,52.02797594332479,11.992672586402477,-5.21656580734512,17.209238393747597
2021-03-05 00:00:00+05:30,728.8244111892748,740.8718942245555,717.3743009041973,727.579833984375,16358252,0.0,0.0,743.7071014404297,695.0048022460937,731.8797528330283,696.6150824426147,50.654218772948866,10.291115655066392,-5.534498190944966,15.825613846011358
2021-03-08 00:00:00+05:30,731.8113979153122,749.2354788180578,728.8244126176987,740.0753784179688,13898556,0.0,0.0,744.0630493164062,697.6552526855469,732.6602886030227,698.3194077749815,53.40276020628046,9.837504901228613,-4.790487155826197,14.62799205705481
2021-03-09 00:00:00+05:30,755.4085826541613,755.4085826541613,736.7896957559832,742.216064453125,18951683,0.0,0.0,744.2099060058594,700.2001623535157,733.5703624935086,700.0408452917715,53.87673449433518,9.540770519673288,-4.069777229905219,13.610547749578506
2021-03-10 00:00:00+05:30,747.2441134670632,762.3781836154066,745.8999944665089,757.4496459960938,13377990,0.0,0.0,745.5017761230469,702.799833984375,735.8445799699452,702.292170809588,57.21214174521926,10.414774070091084,-2.556618943589939,12.971393013681023
2021-03-12 00:00:00+05:30,769.2482475739642,773.2308945938044,741.768007445216,747.3436889648438,16343307,0.0,0.0,746.0244964599609,705.2989453125,736.9397332075546,704.058897011755,54.40153500076827,10.17467459205568,-2.237374737300275,12.412049329355956
2021-03-15 00:00:00+05:30,750.7289830890643,750.7289830890643,713.5410398662098,741.170654296875,22466579,0.0,0.0,745.725796508789,707.7671899414063,737.3426780732041,705.514260042544,52.698528450848116,9.378175943819087,-2.4270987084294955,11.805274652248583
2021-03-16 00:00:00+05:30,747.7420184795673,748.7376802884615,732.7573204097839,734.5494995117188,11358574,0.0,0.0,742.9254974365234,710.0363024902343,737.0766610673484,706.6528968844725,50.85946521902716,8.119081453720128,-2.9489545588227646,11.068036012542892
2021-03-17 00:00:00+05:30,735.7940702071137,738.7810556071425,721.5561186210507,724.7422485351562,12380976,0.0,0.0,740.5782257080078,712.0913488769531,735.9019551119015,707.362283223715,48.177572979420724,6.257741459600879,-3.848235642353611,10.10597710195449
2021-03-18 00:00:00+05:30,732.807125,739.8762998596482,704.1818466796875,715.6319580078125,12261544,0.0,0.0,737.6410247802735,713.1726379394531,733.9714791972264,707.6865841956405,45.76345780125956,4.0013665337125985,-4.883688454593514,8.885054988306113
2021-03-19 00:00:00+05:30,705.9242591739727,726.1859537292779,700.4481189406063,723.0994262695312,20377672,0.0,0.0,735.1145324707031,714.6063928222657,732.9360455850649,708.2910093750088,48.06084294110181,2.7836472760885727,-4.881126169774033,7.664773445862606
2021-03-22 00:00:00+05:30,715.8808585589107,726.8331387315783,706.2229266162105,713.093017578125,14802230,0.0,0.0,733.4492889404297,715.5044812011719,731.0462333939278,708.4793234221899,45.29227320653315,0.9996392182243881,-5.332107382110574,6.331746600334962
2021-03-23 00:00:00+05:30,714.8851934999542,736.2919228317772,711.0020880571942,727.3807373046875,15949688,0.0,0.0,734.0018798828125,716.6564611816407,730.6971385282859,709.2205553391506,49.743932841741675,0.7302813252277929,-4.481172220085735,5.211453545313528
2021-03-24 00:00:00+05:30,720.112449538426,721.8548578159126,700.2489830210021,703.3355712890625,14379147,0.0,0.0,733.5264556884765,717.442041015625,728.0912749816932,708.9897716509118,43.35072032042331,-1.4072092568588914,-5.294930241737935,3.887720984879044
2021-03-25 00:00:00+05:30,706.4220552205622,707.8160060647356,677.0500317829208,691.586669921875,21179280,0.0,0.0,730.7983428955079,717.8183996582031,724.6146459283772,708.3072970733026,40.604665982645706,-4.003079089701373,-6.312640059664334,2.3095609699629605
2021-03-26 00:00:00+05:30,703.9328932368205,703.9328932368205,690.1430016024947,695.1710815429688,13143312,0.0,0.0,727.1915557861328,718.0254968261719,721.8104969392907,707.7921513662308,41.81561144847361,-5.705325136089414,-6.4119088848419,0.7065837487524855
2021-03-30 00:00:00+05:30,701.9415961077941,710.2055772128602,688.0023303694833,692.3334350585938,25965218,0.0,0.0,725.7254455566406,718.4108178710937,719.0031577125577,707.1859271973038,41.10119442295194,-7.200340702399558,-6.3255395609216345,-0.8748011414779232
2021-03-31 00:00:00+05:30,692.9806555881887,700.4978904882668,689.0975500202763,694.4243774414062,14924620,0.0,0.0,724.1771942138672,718.8608581542969,716.6623214962575,706.6854742657,41.889037766887455,-8.122795207262698,-5.798395252627819,-2.3243999546348784
2021-04-01 00:00:00+05:30,703.2359141661337,713.8895075344604,692.5325498620954,709.9068603515625,13090326,0.0,0.0,723.26865234375,719.9759985351562,716.0189442443818,706.8118031318123,47.48995319317445,-7.5178786446527965,-4.154782952014335,-3.363095692638462
2021-04-05 00:00:00+05:30,704.1320094862523,705.3765866874191,674.5110720984803,682.2772216796875,16239521,0.0,0.0,719.8485504150391,720.3045666503906,712.8054468572681,705.8496626827094,40.06800459114995,-9.162341076322832,-4.6393963069474955,-4.522944769375337
2021-04-06 00:00:00+05:30,687.1061308516954,690.4914050186221,672.5694940015562,674.9591064453125,12062011,0.0,0.0,716.9163238525391,720.3473779296875,709.2010334847009,704.6382683204586,38.358061812915864,-10.930104697309957,-5.125727942347696,-5.804376754962261
2021-04-07 00:00:00+05:30,677.5478423839476,688.8984110024228,665.500359134645,685.2642211914062,14433515,0.0,0.0,714.8005432128906,720.5943029785157,706.9213370758158,703.878501766378,42.104891934101865,-11.368484651986932,-4.451286317619736,-6.917198334367196
2021-04-08 00:00:00+05:30,688.5001426481916,692.4827898941681,676.4028273303882,678.64306640625,9026398,0.0,0.0,711.7289276123047,721.3330834960938,704.2281684406191,702.8888768502945,40.405499090983646,-12.11057263749285,-4.154699442500524,-7.955873194992327
2021-04-09 00:00:00+05:30,676.3530919110467,683.8205558893898,664.1064631406397,665.30126953125,12509114,0.0,0.0,707.883187866211,721.5282336425781,700.520844734965,701.4148530338615,37.15160043725855,-13.618271264171312,-4.529918455343189,-9.088352808828123
2021-04-12 00:00:00+05:30,648.1758682577804,652.1585156817913,623.9315263722646,632.8426513671875,14649541,0.0,0.0,701.6528381347656,721.5979296875,694.0753025094624,698.7257470861488,30.67867589830421,-17.233614129908233,-6.516209056864087,-10.717405073044146
2021-04-13 00:00:00+05:30,632.8426123958267,661.9657198904637,627.2669306537207,658.1324462890625,12737650,0.0,0.0,697.1922760009766,721.4047705078125,690.6521733456149,697.1338529372435,39.520309980835606,-17.852333713228745,-5.707942912147679,-12.144390801081066
2021-04-15 00:00:00+05:30,663.558812422872,668.4375187340253,649.4701737793587,665.9483642578125,15195951,0.0,0.0,693.4311614990235,721.5232531738282,688.2994296229671,695.9108925968737,41.983166317562336,-17.51014809338608,-4.292605833844009,-13.21754225954207
2021-04-16 00:00:00+05:30,665.7492731753457,672.3206166119414,659.4765553481553,666.296875,12242522,0.0,0.0,690.0185302734375,720.7237365722656,686.2039482303035,694.749558573467,42.09639487817486,-17.01470667284036,-3.0377315306386325,-13.976975142201729
2021-04-19 00:00:00+05:30,647.1801457536238,652.4571409418484,628.2625722623641,645.3381958007812,17292072,0.0,0.0,686.0483276367188,719.4084680175781,682.3119718084442,692.8118580725774,37.372632158245715,-18.104557955566065,-3.3020662506914675,-14.802491704874598
2021-04-20 00:00:00+05:30,653.1541702627541,659.1281413322305,640.2105662788886,648.922607421875,12296248,0.0,0.0,682.7128601074219,717.7745874023437,679.1320323430567,691.0907109882361,38.64075643475342,-18.466174324616304,-2.930946095793365,-15.53522822882294
2021-04-22 00:00:00+05:30,638.219182088151,658.0826461652495,631.6478388428175,655.8424072265625,19385102,0.0,0.0,679.3500091552735,716.077978515625,676.9139728081525,689.7084245662097,41.11948840940048,-17.987044437605277,-1.9614529670258705,-16.025591470579407
2021-04-23 00:00:00+05:30,653.154116252544,674.560844148016,648.076265571534,668.4375,19167768,0.0,0.0,677.1172332763672,715.1171655273438,676.1066896835666,688.8742706616525,45.43982746435011,-16.40194046514182,-0.3010791956499297,-16.10086126949189
2021-04-26 00:00:00+05:30,690.9893456642733,700.7468199475317,681.5305577913473,697.411376953125,21646184,0.0,0.0,675.618765258789,714.4062646484375,678.1357075187627,689.2090591436711,53.83204639887024,-12.66182676435676,2.751227604108104,-15.413054368464865
2021-04-27 00:00:00+05:30,688.1018434173966,700.8463630319401,681.1322108402314,696.5151977539062,46559967,0.0,0.0,675.2777465820312,713.5509899902344,679.886135160205,689.4955743832882,53.557639246392554,-9.658734008814918,4.603456287719958,-14.262190296534875
2021-04-28 00:00:00+05:30,704.9285683134336,709.4090465018664,685.1647055014964,705.0779418945312,54060587,0.0,0.0,675.9523101806641,713.0203039550781,682.2853548491884,690.1066476190232,55.87220516517557,-6.512744607827017,6.199556550966287,-12.712301158793304
2021-04-29 00:00:00+05:30,708.911252646002,723.7466388423912,703.9329432875329,716.2791748046875,25939327,0.0,0.0,677.00771484375,712.6081018066407,685.5228615116168,691.1330212341473,58.76712428826544,-3.0801731400566723,7.705702414989306,-10.785875555045978
2021-04-30 00:00:00+05:30,701.9416290828199,726.6838026224812,701.9416290828199,711.7987060546875,23011654,0.0,0.0,677.9809783935547,711.9011828613282,688.0253228966712,691.9434402467176,57.15202892364561,-0.7131511423443726,8.058179530161285,-8.771330672505657
2021-05-03 00:00:00+05:30,702.9372559462269,704.9285796174627,689.097532122988,699.7013549804688,13752878,0.0,0.0,678.2448272705078,710.0841003417969,689.137325952271,692.2476721970608,52.922828259316056,0.18444949543948042,7.16462413435611,-6.98017463891663
2021-05-04 00:00:00+05:30,700.9458963649417,715.5323658176169,695.0714675275979,697.3117065429688,11980155,0.0,0.0,677.6150695800782,708.5965808105469,689.9158383894803,692.4462617792532,52.10263770977296,0.6949686440401592,6.140114626365431,-5.445145982325272
2021-05-05 00:00:00+05:30,705.9242448367552,715.930634178603,696.9632882732421,714.0886840820312,11155033,0.0,0.0,679.2056427001953,707.3908349609375,692.2180141697232,693.2949842224994,57.126368724082724,2.4253625539627137,6.2964068290303885,-3.8710442750676752
2021-05-06 00:00:00+05:30,714.8851976251419,719.7141332173843,707.168818402865,712.6449584960938,9484934,0.0,0.0,681.0899353027344,706.1711486816406,694.1634374389014,694.0538067430325,56.57644049415093,3.638275826346103,6.007456081131023,-2.36918025478492
2021-05-07 00:00:00+05:30,717.8721264299301,723.7465551013746,710.9024941344938,713.6405639648438,7131970,0.0,0.0,682.5087524414063,705.5160021972656,696.0184018699435,694.8219148693781,56.884680009303146,4.626523688810494,5.596563154876331,-0.9700394660658372
2021-05-10 00:00:00+05:30,720.361304487477,721.8547971712796,710.9025174900603,712.1470947265625,7980462,0.0,0.0,684.1839538574219,705.4323657226563,697.5544678562882,695.501333687307,56.23976852829588,5.228930893228153,4.959176287435192,0.26975460579296073
2021-05-11 00:00:00+05:30,701.7424465545422,710.6038611613682,699.9502674122559,704.2813720703125,12736700,0.0,0.0,686.132958984375,705.2611120605469,698.1951254004811,695.8456489180131,52.841872992253556,5.013848338433149,3.7952749861121506,1.2185733523209987
2021-05-12 00:00:00+05:30,700.9459430514524,702.6883512905717,686.060786226043,688.301025390625,10856584,0.0,0.0,688.9058776855469,704.1041540527344,697.2528301614472,695.5497813287038,46.67226429202901,3.513413002383004,1.835871720049604,1.6775412823334
2021-05-14 00:00:00+05:30,691.984938127281,695.5692962324532,678.4439622073278,682.0283203125,9377968,0.0,0.0,690.1006713867188,702.398583984375,695.8028768424998,695.0195279555194,44.47708937391591,1.7974326274234045,0.0959130760720035,1.701519551351401
2021-05-17 00:00:00+05:30,688.500159160411,707.2185895113478,681.4309844374131,706.1731567382812,12099197,0.0,0.0,692.1119110107422,702.0889343261719,696.7905225468598,695.4569251626866,53.53608662286838,2.358603813458444,0.5256674096856344,1.8329364037728098
2021-05-18 00:00:00+05:30,716.8765576121597,722.8505289255943,705.4264459280765,708.5628051757812,19519055,0.0,0.0,694.2252075195313,701.75240234375,697.9116923210429,695.9708812416316,54.33028794386147,2.9620163979478775,0.9032639953400539,2.0587524026078237
2021-05-19 00:00:00+05:30,700.9459696658333,720.5605210278877,699.1537904201954,713.6904296875,20244016,0.0,0.0,697.6428192138671,701.4646569824218,699.4144292130864,696.6657654944107,56.065633908442386,3.8100616443038007,1.4010473933567815,2.409014250947019
2021-05-20 00:00:00+05:30,705.5259458343414,711.3008330433969,701.4935275917511,702.8377075195312,18840413,0.0,0.0,700.33857421875,700.5078259277344,699.740455718462,696.9078024365724,51.59686151050434,3.5653208336699436,0.9250452661783397,2.640275567491604
2021-05-21 00:00:00+05:30,703.9329062570512,730.2184025951673,703.9329062570512,727.729248046875,15883692,0.0,0.0,703.9329162597656,700.3903381347657,702.4060549878346,698.116486578153,59.55871558173066,5.318591855056411,2.1426530300518456,3.1759388250045655
2021-05-24 00:00:00+05:30,727.231389270454,744.2571814202122,723.5971994610558,737.9347534179688,15716900,0.0,0.0,707.4077789306641,700.5974365234375,705.7897405526094,699.6779872385379,62.29703213658727,7.445740897368864,3.4158416578914395,4.029899239477425
2021-05-25 00:00:00+05:30,741.1706327532848,741.7680054965432,722.7010586310006,728.3763427734375,11344261,0.0,0.0,708.9560272216797,700.3634558105468,707.9408455260216,700.8034129457889,58.314398440667645,8.26496461531633,3.3880523006711236,4.876912314645207
2021-05-26 00:00:00+05:30,734.7983931753544,738.1836675333626,726.335268050706,731.9109497070312,9081086,0.0,0.0,710.7258148193359,700.157353515625,710.2237125908797,702.0233163481905,59.349328159475874,9.094581874903042,3.374135648206268,5.720446226696774
2021-05-27 00:00:00+05:30,734.001871735549,750.5796038056529,727.828756584452,747.0947875976562,23040846,0.0,0.0,712.8266571044921,699.9502563476562,713.735243543906,703.7908250246402,63.53725652008348,10.852171276111676,4.105380039531921,6.746791236579755
2021-05-28 00:00:00+05:30,749.3351312830346,756.4043673263118,735.2963226203713,736.6404418945312,17149692,0.0,0.0,713.8447204589844,699.73619140625,715.9166910058703,705.0790452940478,59.02814830420777,11.271563642323827,3.6198179245952566,7.65174571772857
2021-05-31 00:00:00+05:30,734.6988999100159,749.7333694649744,730.8157944054333,747.443359375,9275086,0.0,0.0,715.626953125,699.8616455078125,718.9192308505493,706.7403909442812,62.02707043001347,12.33346773232995,3.7453776116811035,8.588090120648847
2021-06-01 00:00:00+05:30,750.2809421461043,750.7290021131113,737.9347722075295,741.9174194335938,6660243,0.0,0.0,717.7377563476563,700.00900390625,721.109534525125,708.1198822575876,59.62302118223705,12.584075810572017,3.1967885519385355,9.387287258633481
2021-06-02 00:00:00+05:30,741.5688841315429,742.0667150232491,731.0148935355195,733.802734375,9973043,0.0,0.0,719.5623077392578,700.1902136230469,722.3184107013036,709.1270529288587,56.179594185980925,11.989687595853184,2.081920269775761,9.907767326077423
2021-06-03 00:00:00+05:30,739.7767780203518,748.9866504250467,735.7941304939973,747.3936157226562,8170508,0.0,0.0,721.2275543212891,700.8254467773437,724.706525465242,710.6277024501841,60.31367033885889,12.471537078198594,2.051015801696936,10.420521276501658
2021-06-04 00:00:00+05:30,747.7420573894159,756.6034722578408,736.8893187995811,738.8308715820312,10336011,0.0,0.0,722.5368499755859,701.1400756835938,726.0517012858886,711.7337090828055,56.68521403267778,12.023860791573838,1.2826716120577437,10.741189179516095
2021-06-07 00:00:00+05:30,739.8763187294281,750.6792865897951,738.2832840295589,747.8416137695312,6986728,0.0,0.0,724.2469024658203,701.8350476074219,728.1269310462355,713.14970534503,59.44980787323975,12.25489885214904,1.2109677381063548,11.043931114042685
2021-06-08 00:00:00+05:30,747.7420344354908,747.8415763103548,736.2919233888755,743.1121826171875,6426815,0.0,0.0,725.7951568603515,702.1496765136719,729.5540978625166,714.3247044537421,57.379729965427735,11.918978051533486,0.7000375499926399,11.218940501540846
2021-06-09 00:00:00+05:30,742.7637046811376,747.9909291443762,726.9824894193192,733.5538330078125,8004726,0.0,0.0,727.2587799072265,702.7540417480469,729.9350250192115,715.0787879264508,53.3374432363512,10.75747400185287,-0.36917319975038154,11.126647201603252
2021-06-10 00:00:00+05:30,736.2420760993995,742.1164438258012,729.7205039423746,741.021240234375,7795125,0.0,0.0,729.8947906494141,703.7427331542968,730.9908550397033,716.0961389973497,55.94841265866676,10.320562015169571,-0.6448681491469443,10.965430164316516
2021-06-11 00:00:00+05:30,743.0126097581034,743.0126097581034,733.8027382133631,735.2464599609375,4840759,0.0,0.0,732.555697631836,704.5442407226562,731.3961507464875,716.847131976314,53.457315249330314,9.39997257911591,-1.2523660681604838,10.652338647276395
2021-06-14 00:00:00+05:30,732.7075729373153,738.1837130615991,721.8548345646752,733.0560302734375,5190670,0.0,0.0,733.8998413085938,705.3586926269531,731.5542345109588,717.4827750467895,52.50240906050747,8.396855723044041,-1.8043863393858839,10.201242062429925
2021-06-15 00:00:00+05:30,732.8070712018276,748.7376597062153,728.8244240757308,747.6424560546875,9686490,0.0,0.0,735.8538238525391,706.4230541992188,733.0864460865521,718.6655076353345,57.89603488462102,8.678836815816226,-1.2179241972909587,9.896761013107184
2021-06-16 00:00:00+05:30,745.5515793632915,753.566645082767,743.0126538058693,746.5472412109375,8614096,0.0,0.0,737.4966644287109,707.1558618164063,734.3684265745887,719.7589089520247,57.369261758339256,8.713490484260888,-0.9466164230770389,9.660106907337926
2021-06-17 00:00:00+05:30,738.7313166248138,742.1663621375036,732.8071165044323,735.3958129882812,6674329,0.0,0.0,739.1245697021484,708.2182336425781,734.4662728997023,720.3721208750153,52.164883139881596,7.7517691356880505,-1.5266702173199,9.27843935300795
2021-06-18 00:00:00+05:30,738.930431939774,739.9758646796064,719.1167377375743,733.1057739257812,8143792,0.0,0.0,739.3933959960938,709.3811669921874,734.3367015688526,720.8714798181826,51.13890495343075,6.72726332044499,-2.0409408260503685,8.768204146495359
2021-06-21 00:00:00+05:30,721.8548077142892,737.6858547019659,717.3743295974419,736.3416748046875,6464497,0.0,0.0,739.3137420654297,710.4027160644531,734.5276514008369,721.4781541313789,52.55878829594209,6.10605839775485,-2.129716598992408,8.235774996747258
2021-06-22 00:00:00+05:30,739.9758514277449,745.7506776318342,733.8525071363706,736.1425170898438,6727233,0.0,0.0,739.70205078125,711.552705078125,734.6814481331232,722.0532271885736,52.45775006449341,5.533887448049768,-2.161510038957992,7.69539748700776
2021-06-23 00:00:00+05:30,739.975879851754,740.5234817009537,727.6296489243209,729.1729125976562,6154147,0.0,0.0,739.5651489257813,712.8301379394532,734.1568257011741,722.3324305379494,48.91395306173558,4.466561274994774,-2.5830689696103892,7.049630244605163
2021-06-24 00:00:00+05:30,732.7075196629039,739.7269229759461,727.9282945583572,735.9434204101562,5313822,0.0,0.0,739.0075805664062,714.8921533203124,734.32697757822,722.8661948466635,52.28606661031672,4.119533571461716,-2.344077338514759,6.463610909976475
2021-06-25 00:00:00+05:30,734.3503203266027,762.6271386723774,734.3503203266027,758.0470581054688,11170037,0.0,0.0,740.0779113769531,716.8904455566407,736.5860328665293,724.2458365430872,61.273494103658095,5.5639526675054185,-0.7197265939768451,6.283679261482264
2021-06-28 00:00:00+05:30,761.233226767172,766.261306767374,754.462738594696,759.0925903320312,7672743,0.0,0.0,740.6603729248047,718.753330078125,738.7295145299105,725.6123759073596,61.64154647742666,6.715617462621481,0.3455505609113727,6.370066901710108
2021-06-29 00:00:00+05:30,757.6985929081362,760.2375182204429,746.7960845748977,748.6878662109375,7500655,0.0,0.0,740.9988952636719,720.4011499023437,739.6779289757226,726.5172970957352,55.94346684798148,6.711381204546797,0.27305144226935063,6.438329762277446
2021-06-30 00:00:00+05:30,749.2355026412,757.2007970214387,743.3113027918228,745.0537109375,5459970,0.0,0.0,741.5614440917968,722.3954602050782,740.1899082101776,727.2442152856083,54.06363993381316,6.341675097865846,-0.07732373152928051,6.418998829395126
2021-07-01 00:00:00+05:30,746.7463180416877,751.1272540823473,741.2701783760486,743.2117309570312,5695690,0.0,0.0,741.3523498535156,724.2812426757813,740.4777008527351,727.8703923707621,53.08989224292805,5.832810940652735,-0.4689503109939128,6.3017612516466475
2021-07-02 00:00:00+05:30,744.3567983675082,749.5840232458485,740.7724399019405,747.3936157226562,3557647,0.0,0.0,741.7804870605469,726.1122668457032,741.1363594117752,728.6360089727972,55.068518361869074,5.701255061568077,-0.48040495206285705,6.181660013630934
2021-07-05 00:00:00+05:30,753.8154908956948,758.694257806536,750.1315910160804,757.0513916015625,4680089,0.0,0.0,742.2409759521485,727.8845446777344,742.6520767631835,729.750337703337,59.33444831848538,6.303633516311038,0.0975788021440831,6.206054714166955
2021-07-06 00:00:00+05:30,753.7160004751785,763.6726187113103,751.9238213467497,755.0601196289062,5529485,0.0,0.0,742.8383728027344,729.03751953125,743.8337951313475,730.7428781710064,58.10941576082882,6.544898262050879,0.27107483830713885,6.27382342374374
2021-07-07 00:00:00+05:30,752.6207606358022,760.685596711638,748.9865708459813,759.5903930664062,3573368,0.0,0.0,744.1402008056641,730.2990234375,745.3344235061151,731.8741532649437,60.1264096537656,7.020726946610239,0.5975228182931982,6.423204128317041
2021-07-08 00:00:00+05:30,756.7029398653247,763.8219457787851,748.4389593866591,751.1272583007812,4188267,0.0,0.0,744.6455017089844,731.220009765625,745.886122057988,732.6291769918394,54.81645696471894,6.638397052108417,0.17215433903310018,6.466242713075316
2021-07-09 00:00:00+05:30,748.7377009684774,749.6338209293824,737.0386743908449,744.1078491210938,5782119,0.0,0.0,745.0885711669922,731.7765832519531,745.7167627306648,733.0793209969082,50.80856252711322,5.703246720975244,-0.6103967936800583,6.313643514655302
2021-07-12 00:00:00+05:30,749.235423887392,754.5124187055488,745.0536326232495,750.3306274414062,4475466,0.0,0.0,745.9523010253906,732.5472216796875,746.1561784174021,733.755842818261,54.018225926553555,5.401988786568609,-0.729323782469355,6.131312569037964
2021-07-13 00:00:00+05:30,755.7072852100988,769.6465500229333,751.7246381207175,767.4063110351562,9810976,0.0,0.0,746.9404937744141,733.9013208007813,748.1800005714739,735.0754690228453,61.4511522741829,6.466562158411648,0.2681996714989463,6.198362486912702
2021-07-14 00:00:00+05:30,767.6054705066651,770.0946249860497,760.6856088999017,766.7093505859375,5621924,0.0,0.0,747.948599243164,735.2892736816407,749.9447005728514,736.3160133978686,61.01759754441717,7.171338614380488,0.7783809019742289,6.392957712406259
2021-07-15 00:00:00+05:30,767.1574967552777,774.8738765084943,763.1748491407143,770.7916870117188,4239868,0.0,0.0,749.718392944336,736.4233337402344,751.9301278527435,737.6680005984117,62.678552002426805,7.967445710835591,1.2595903987434651,6.707855312092126
2021-07-16 00:00:00+05:30,772.6335619186859,772.6335619186859,763.2245456922767,767.8046264648438,2913553,0.0,0.0,751.453335571289,737.5265270996093,753.4419848634197,738.8498290637621,60.64251237571404,8.262095207614266,1.2433919164177123,7.0187032911965535
2021-07-19 00:00:00+05:30,749.0363237015661,763.3241063016702,746.3480248177162,751.9237670898438,5554486,0.0,0.0,752.2324401855469,738.2921911621094,753.2973926945078,739.3625325157653,51.132539252234956,7.131941840901277,0.09059083976377824,7.041351001137499
2021-07-20 00:00:00+05:30,751.7246419489084,751.923786458466,740.9715069068925,742.5147705078125,5815740,0.0,0.0,752.5510528564453,738.8995446777344,752.270476295775,739.4861496919241,46.48163407200025,5.414643130056334,-1.3013662968649324,6.716009426921266
2021-07-22 00:00:00+05:30,746.8459409880805,755.20952496626,737.7854423203675,743.510498046875,7876163,0.0,0.0,753.2679321289063,739.6841271972656,751.4361926530227,739.6439672744712,47.03072722320437,4.086907098977122,-2.103281862355316,6.190188961332438
2021-07-23 00:00:00+05:30,745.7507256913399,760.6856534421678,736.889310917698,752.1229858398438,6604465,0.0,0.0,754.0769104003906,740.96056640625,751.501601527958,740.1333405515446,51.65134809418807,3.687119695160618,-2.002455412937456,5.689575108098074
2021-07-26 00:00:00+05:30,750.7289720244635,756.7029426241277,741.7680161249673,753.0189819335938,7890992,0.0,0.0,753.8255065917969,742.3803796386719,751.6461139475423,740.638659821429,52.119297626772365,3.4033529595334358,-1.8289777188517107,5.232330678385146
2021-07-27 00:00:00+05:30,747.2442492696761,752.7203896707197,725.9370604920093,728.5258178710938,15441543,0.0,0.0,752.29716796875,742.8274328613281,749.4441809878805,740.1636464116119,40.561975760224,1.1883733074375868,-3.2351658967580477,4.4235392041956345
2021-07-28 00:00:00+05:30,731.6122545863512,731.6122545863512,709.0107203106007,719.763916015625,11102486,0.0,0.0,750.8509704589844,743.051455078125,746.6174890857609,739.3636569843184,37.36959136756028,-1.259507460394957,-4.5464373316724735,3.286929871277516
2021-07-29 00:00:00+05:30,716.876497690833,725.3396230107943,712.8938504814395,714.138427734375,6855673,0.0,0.0,749.3052062988281,743.0604150390625,743.5242451475336,738.37443230785,35.44096483273061,-3.611766301384705,-5.518956938129778,1.9071906367450722
2021-07-30 00:00:00+05:30,714.9349146381802,715.5323481564232,704.0822379160346,705.8246459960938,10358450,0.0,0.0,747.4358520507812,743.1201538085937,739.9338071331108,737.0979700995459,32.75082353504841,-6.076752069870395,-6.387154165292373,0.31040209542197883
2021-08-02 00:00:00+05:30,711.8982009123408,722.4024209535459,708.9112154539673,718.0215454101562,6823345,0.0,0.0,745.9672485351563,742.9259997558594,737.8469250642579,736.3498750136876,39.952002304057466,-6.965785957221783,-5.820950442115009,-1.1448355151067737
2021-08-03 00:00:00+05:30,720.8591743875122,737.6360521352037,716.1795515709766,735.3958129882812,9265839,0.0,0.0,744.8844696044922,742.8752209472656,737.6134858189268,736.3124608166129,48.424338413082964,-6.196958843276661,-4.04169866253591,-2.1552601807407514
2021-08-04 00:00:00+05:30,737.2875565200698,753.7159760779106,735.4456065141579,750.5298461914062,9744349,0.0,0.0,744.6579559326171,743.318291015625,738.8436153782105,736.8700053411146,54.45271041804287,-4.316707500269558,-1.7291578556230451,-2.587549644646513
2021-08-05 00:00:00+05:30,749.7333382695812,751.724661877203,740.2745511333779,746.0493774414062,7246991,0.0,0.0,743.9809051513672,743.6010595703125,739.5298784318483,737.2299807175966,52.496398068502906,-3.15179916885063,-0.451399619363293,-2.700399549487337
2021-08-06 00:00:00+05:30,743.75939196674,754.3632148350588,735.5949527522536,737.6360473632812,6522599,0.0,0.0,743.3063446044922,743.411884765625,739.3495135681752,737.2459048997804,48.9407522523865,-2.874352600109546,-0.13916244049776694,-2.735190159611779
2021-08-09 00:00:00+05:30,737.7854372298457,754.114316019197,736.5408599065835,752.2225341796875,6064688,0.0,0.0,743.7120788574218,743.7235266113281,740.5755155311764,737.8332236950708,54.672864906917056,-1.460629387392828,1.0196486177751614,-2.4802780051679894
2021-08-10 00:00:00+05:30,752.2224742100312,760.6855993335062,751.7246433204151,758.2462158203125,8309248,0.0,0.0,744.1078582763672,743.9395837402344,742.2584393682371,738.6337331901784,56.828302346559774,0.1441554758100665,2.099546784782445,-1.9553913089723785
2021-08-11 00:00:00+05:30,761.6813035787477,765.6639509177215,749.2355306444545,757.49951171875,6429468,0.0,0.0,743.6125183105469,744.2512255859375,743.709970068286,739.3735676422793,56.469822468001766,1.3402566172168235,2.6365183409513615,-1.296261723734538
2021-08-12 00:00:00+05:30,755.7073194319148,760.0882557367714,750.0818058552666,754.064453125,3572081,0.0,0.0,742.9802734375,744.6564599609375,744.6961113117826,739.9496807984646,54.75853787346228,1.988077548250999,2.6274714175884295,-0.6393938693374306
2021-08-13 00:00:00+05:30,754.2137810294162,761.183413329358,750.9281093849464,756.6033935546875,4239376,0.0,0.0,742.2708587646484,744.8406555175782,745.8301381920593,740.6027675732184,55.82413712012209,2.6755099638426145,2.651923066544036,0.023586897298578435
2021-08-16 00:00:00+05:30,752.7203042338214,762.4777775050002,752.7203042338214,758.6942749023438,3967629,0.0,0.0,741.8153411865235,745.2379235839844,747.0552940692293,741.3122384488704,56.72804740066099,3.3504004258559235,2.661450822845876,0.6889496030100475
2021-08-17 00:00:00+05:30,755.7073412045497,756.7030030506689,746.0494091431171,753.4671020507812,5576110,0.0,0.0,741.8925079345703,745.3504333496094,747.6659424484247,741.7888997665924,53.76614114555259,3.423997108210642,2.1880380041604757,1.2359591040501665
2021-08-18 00:00:00+05:30,760.486442410577,760.486442410577,747.2441531170081,751.1272583007812,5370460,0.0,0.0,742.3231323242187,745.5107348632813,747.9955915772206,742.155109905188,52.446088487534276,3.2559842142354682,1.6160200881482414,1.6399641260872269
2021-08-20 00:00:00+05:30,742.5646074911563,745.7507376163564,733.0062778859334,737.0386962890625,6092036,0.0,0.0,741.9995422363281,745.5804321289063,746.9520777402531,741.9544662339675,45.24329291843636,1.963371054610775,0.2587255428188384,1.7046455117919366
2021-08-23 00:00:00+05:30,746.2485084486556,746.2485084486556,731.2140397913948,732.9066162109375,3614761,0.0,0.0,741.0387237548828,745.4181396484375,745.6144147374612,741.5996485860056,43.36230050032864,0.5986407261129898,-0.8848038285431576,1.4834445546561474
2021-08-24 00:00:00+05:30,732.8071069833838,746.4476862103833,728.3266287477518,743.1121826171875,4537435,0.0,0.0,740.5433837890625,745.5754541015625,745.3761069164827,741.658963646052,49.00180223129198,0.3367047037017983,-0.9173918807634793,1.2540965844652776
2021-08-25 00:00:00+05:30,744.9542022314541,748.1901032174893,732.0105982873137,735.8438720703125,6726509,0.0,0.0,740.9092864990234,745.6312109375,744.4682750263712,741.4309208391603,45.52510307417389,-0.45216116607139156,-1.3650062004293355,0.9128450343579438
2021-08-26 00:00:00+05:30,730.9153251979668,746.7463726053504,729.1729169952209,743.1121826171875,6492155,0.0,0.0,742.0766998291016,745.54060546875,744.3391233683537,741.4968526735928,49.391969569516974,-0.48525738889429704,-1.1184819386017928,0.6332245497074958
2021-08-27 00:00:00+05:30,743.2615572141298,756.3047028986186,737.7854171408843,749.135986328125,5841967,0.0,0.0,743.8265777587891,745.5923803710938,744.7959674597605,741.796426542398,52.40723610648577,-0.025126129106524786,-0.5266805430512165,0.5015544139446917
2021-08-30 00:00:00+05:30,752.7203193242967,786.074989558905,750.7289957282006,780.6486206054688,12517507,0.0,0.0,747.5677764892578,746.4974365234375,748.2105058545899,743.3200419958517,64.36771412472493,2.8494902832118214,1.8783486954137039,0.9711415877981177
2021-08-31 00:00:00+05:30,781.4949781092313,785.5771672175481,775.0231763514188,783.0880126953125,12114870,0.0,0.0,750.8210998535156,747.4970812988281,751.5321731727539,744.8795702585757,65.09890085371735,5.26380518569124,3.4341308783144973,1.8296743073767423
2021-09-01 00:00:00+05:30,794.6376260775367,815.4469811626062,791.949387942748,795.4342041015625,19972195,0.0,0.0,753.8230194091797,748.6789318847656,755.7133189754976,746.862104919085,68.60977399067751,8.080257427326842,5.0004664959600795,3.0797909313667624
2021-09-02 00:00:00+05:30,792.048996014656,802.6029872410818,788.9624686098645,799.2177734375,6799617,0.0,0.0,756.2574157714844,749.9404370117187,759.8566003528312,748.9152683903955,69.61842222130085,10.496620043129496,5.933463289410187,4.563156753719309
2021-09-03 00:00:00+05:30,801.0099489216816,806.3865471567146,784.282842192122,794.5381469726562,7509746,0.0,0.0,758.6818542480469,751.2477416992188,763.1596047928144,750.7044008838175,66.76107647803578,11.89685849941884,5.866961396559624,6.029897102859216
2021-09-06 00:00:00+05:30,797.3756986684556,802.4038391883948,791.8995589714195,797.325927734375,4539192,0.0,0.0,761.6663482666015,752.4753918457031,766.4135403110583,752.5326960544276,67.61384300672982,13.080721755287755,5.64065972194283,7.440062033344924
2021-09-07 00:00:00+05:30,794.5380587155355,795.9320094424824,778.6572420044281,784.4320678710938,6926921,0.0,0.0,763.2768249511719,753.0030920410156,768.1295905548712,753.7836518119439,59.95258447960133,12.830611875432965,4.3124398736704315,8.518172001762533
2021-09-08 00:00:00+05:30,786.572818811147,793.8909087033293,779.6031862394027,791.25244140625,5903035,0.0,0.0,764.9271362304687,753.6462890625,770.3317668264311,755.2530161097598,62.38078277330942,13.032514423930479,3.611473937734356,9.421040486196123
2021-09-09 00:00:00+05:30,785.5771326307847,790.2567550806317,780.7979683125805,786.72216796875,4909325,0.0,0.0,766.3882690429688,754.4069750976563,771.8927574114139,756.4871004963869,59.78766531498027,12.68079216436081,2.607801342531749,10.07299082182906
2021-09-13 00:00:00+05:30,782.5902116437755,787.0209190164447,780.1010570265879,784.9299926757812,4814443,0.0,0.0,767.9315460205078,755.2045007324218,773.1343988651631,757.6025080328338,58.747266647821135,12.117750289026844,1.6358075737582247,10.48194271526862
2021-09-14 00:00:00+05:30,787.5684610213247,797.5250787333515,786.572799250122,790.9537353515625,6301208,0.0,0.0,769.6490631103516,756.1593408203125,774.8314785305345,758.910399300235,61.19172763706296,12.019053075491115,1.2296882881779965,10.789364787313119
2021-09-15 00:00:00+05:30,792.5468169866218,793.9905387947555,783.585860513155,787.966796875,4075592,0.0,0.0,771.1126892089844,756.9708044433594,776.0824612300073,760.0498658717945,59.31483991528409,11.56648263854504,0.6216942809855368,10.944788357559503
2021-09-16 00:00:00+05:30,789.0620038421882,803.9471604220561,785.676729296734,799.1181640625,15446511,0.0,0.0,773.3952423095703,757.8121398925781,778.2763376902446,761.5819559969202,63.781313748116716,11.969660645769068,0.8198978305676512,11.149762815201417
2021-09-17 00:00:00+05:30,805.3410268875982,817.1396557423176,793.7913742545712,803.8475341796875,14641298,0.0,0.0,776.0312561035156,758.7878881835937,780.7116897368583,763.2394296511463,65.51062800275676,12.526406151993683,1.1013146694338136,11.42509148255987
2021-09-20 00:00:00+05:30,796.5294819331791,805.0423786172646,788.066356187639,792.3974609375,6306484,0.0,0.0,778.7991943359375,759.4440295410157,781.8246203273956,764.3828818584543,58.2581330340232,11.906455550348369,0.38509125423079915,11.52136429611757
2021-09-21 00:00:00+05:30,791.8000552950061,795.5337870867148,768.9496045756746,791.8995971679688,7833561,0.0,0.0,781.7488433837891,760.2594763183594,782.7841419312597,765.4619687333372,57.95768205519509,11.245337535531576,-0.2208214084687974,11.466158944000373
2021-09-22 00:00:00+05:30,789.0620136484632,793.3433474359506,782.5902116437755,784.9299926757812,4359142,0.0,0.0,783.8397338867187,761.0759191894531,782.9885086688332,766.2254206526488,53.77656423121304,10.043235740665523,-1.1383385626678795,11.181574303333402
2021-09-23 00:00:00+05:30,790.903881340514,810.9664897725628,789.1117023569691,808.626708984375,9043492,0.0,0.0,787.4788757324219,762.2418408203125,785.4302420322182,767.8882162735009,63.43508618320546,10.877301609867118,-0.2434181547730283,11.120719764640146
2021-09-24 00:00:00+05:30,809.0249867847601,813.4059230310438,791.6506761487672,794.587890625,5184626,0.0,0.0,790.0526611328125,762.7854724121094,786.3023990410545,768.9352623265008,55.97309337692231,10.286908429036657,-0.6670490684827914,10.953957497519449
2021-09-27 00:00:00+05:30,799.4168755864716,805.2912436858896,789.3606550441494,793.49267578125,7715259,0.0,0.0,792.2704956054688,763.3211389160156,786.9871873020255,769.8982981482557,55.42533744760334,9.619752377556438,-1.067364095970408,10.687116473526846
2021-09-28 00:00:00+05:30,798.5207650615963,802.1051232400076,774.6248818178577,785.7763061523438,7369680,0.0,0.0,792.5268798828125,763.6208312988281,786.8718652877701,770.5209651288081,51.59436987244024,8.371874106113069,-1.8521938939310214,10.22406800004409
2021-09-29 00:00:00+05:30,779.6031851899367,786.0749868549873,775.1227071141325,778.7568969726562,14241004,0.0,0.0,792.3103240966797,763.8398767089843,786.0990111625212,770.8439428481747,48.32231850132096,6.738832857957391,-2.78818811366936,9.52702097162675
2021-09-30 00:00:00+05:30,776.5166078681086,783.9342391434938,761.5318502088879,763.2244873046875,9178187,0.0,0.0,790.699838256836,764.0658911132813,783.9204850808228,770.5451406699988,41.978285185607945,4.143536147479267,-4.306787859317987,8.450324006797254
2021-10-01 00:00:00+05:30,760.0882334589329,768.3522141473413,750.7289883412247,764.817626953125,6089895,0.0,0.0,788.9798309326172,764.5119482421875,782.1011652591372,770.3205322889448,42.807668296188055,2.19005230185212,-5.008217363956108,7.198269665808228
2021-10-04 00:00:00+05:30,767.7548522989771,777.7613028215198,766.9583349480785,775.62060546875,5845527,0.0,0.0,788.0339538574219,765.154150390625,781.4839690886242,770.528378295996,48.213421284956496,1.4963632183269056,-4.5615251579850575,6.057888376311963
2021-10-05 00:00:00+05:30,771.0405169319108,780.5988458381057,767.8543870397215,779.2048950195312,3945224,0.0,0.0,787.1279022216797,765.6957885742188,781.2669144153773,770.8686338537817,49.90524424603076,1.2217482798058654,-3.868912077204879,5.090660357010744
2021-10-06 00:00:00+05:30,778.8564726922235,790.7546438091265,772.6335862053888,775.57080078125,5092479,0.0,0.0,786.6848388671875,766.1468249511719,780.7244274026033,771.0530325568197,48.18638687828572,0.7027718128988454,-3.510310835289519,4.213082648188364
2021-10-07 00:00:00+05:30,786.5728212820509,786.722194860064,770.7417743683513,773.728759765625,6622698,0.0,0.0,785.8086547851562,767.0508837890625,780.0581733419388,771.1579630355965,47.29715209876543,0.14121408045298267,-3.2574948541883053,3.398708934641288
2021-10-08 00:00:00+05:30,778.5080293542544,781.5945567990681,772.6336000969131,778.5578002929688,4295686,0.0,0.0,785.4004364013672,768.2267614746094,779.9152806706082,771.4481527319641,49.907000905176425,0.08486052495777585,-2.6510787277468095,2.7359392527045854
2021-10-11 00:00:00+05:30,778.6075467876736,789.559826857577,775.6205613140636,783.7352294921875,4417455,0.0,0.0,785.3406982421875,769.6186975097656,780.2790853202824,771.9299988794238,52.616248571586496,0.4527561024992792,-1.826546520164245,2.2793026226635242
2021-10-12 00:00:00+05:30,784.5815036569027,796.2307589490305,782.042578203966,793.6918334960938,5098502,0.0,0.0,785.4776031494141,771.3760412597657,781.556489908455,772.7834041585089,57.38906259235672,1.530092773505885,-0.5993678793261115,2.1294606528319964
2021-10-13 00:00:00+05:30,796.479659056544,801.0099080355482,789.7589419909879,791.15283203125,4381414,0.0,0.0,785.6369049072266,772.8386669921875,782.4704272534831,773.5037738790086,55.844304921778146,2.154181583811237,0.01977674478339253,2.1344048390278445
2021-10-14 00:00:00+05:30,795.5337394175858,800.5120481748925,784.5814601515115,798.5704956054688,7157116,0.0,0.0,785.609521484375,774.1021606445313,784.0037670965294,774.486782574164,59.29178783892134,3.2103134259103854,0.8607268695060326,2.3495865564043528
2021-10-18 00:00:00+05:30,816.4427362572023,816.4427362572023,798.5705934740819,809.7717895507812,11014585,0.0,0.0,785.9057342529297,775.2869995117187,786.4578644731248,775.8705083379529,63.878176067023375,4.894732894122399,2.036117070174437,2.8586158239479618
2021-10-19 00:00:00+05:30,816.4426718756495,823.4123044404416,795.035943283788,798.1723022460938,10633732,0.0,0.0,786.1944763183594,776.3294580078125,787.5735252134075,776.7450884912133,56.748082058661126,5.2333390982548735,1.899778619445529,3.3335604788093445
2021-10-20 00:00:00+05:30,797.1268628085849,810.2696115476477,788.564195099244,801.3086547851562,9023067,0.0,0.0,786.6649291992187,777.60291015625,788.8816327916693,777.7083656007796,58.109614119882536,5.689183032264054,1.8844980427637674,3.804684989500287
2021-10-21 00:00:00+05:30,804.4450278869868,809.9709391654474,788.862895160963,804.295654296875,7405639,0.0,0.0,787.6332122802735,778.6443725585938,790.3496348397841,778.7510043731755,59.41979629513862,6.219770884262857,1.9320687158100558,4.287702168452801
2021-10-22 00:00:00+05:30,808.4773599332118,821.4209629863298,803.2999065578903,813.156982421875,10646970,0.0,0.0,787.8597259521484,779.742587890625,792.5217631809356,780.100258414301,63.10632479627534,7.271479611506834,2.3870219544432256,4.884457657063608
2021-10-25 00:00:00+05:30,826.4987896554481,863.1391904628782,821.8689990065623,841.4337158203125,29193770,0.0,0.0,790.202017211914,781.4212719726562,797.1800443846857,782.5054920380662,71.88388452941746,10.268295898408041,4.307070593075546,5.961225305332495
2021-10-26 00:00:00+05:30,844.7195437695857,847.9554448047692,819.9275392226446,838.2477416992188,16771909,0.0,0.0,792.4397705078125,783.1049377441407,801.0912536527366,784.6914626130134,69.8669520436696,12.245059487905337,5.027067346058273,7.217992141847064
2021-10-27 00:00:00+05:30,836.3559244791667,837.1524417769767,782.2417291498847,784.0836791992188,39606414,0.0,0.0,792.3551391601562,783.6545434570312,799.4714846571635,784.6676279693352,46.15626453013175,9.3334811379342,1.6923911968697087,7.641089941064491
2021-10-28 00:00:00+05:30,784.0836860953805,785.5771788308002,751.3762194978375,755.0601196289062,19320926,0.0,0.0,791.1703002929687,783.5818603515625,795.2418308449486,783.506549210887,38.59742960392633,4.630695842314367,-2.4083152790000995,7.039011121314466
2021-10-29 00:00:00+05:30,758.6942405186574,758.6942405186574,710.9024773363797,738.781005859375,21343427,0.0,0.0,789.9481262207031,783.2881384277343,789.8646094177511,781.7526063343571,35.12302139632307,-0.4052127765219211,-5.955379118269111,5.55016634174719
2021-11-01 00:00:00+05:30,751.7245873971383,756.7028959229472,736.7896618197117,749.0860595703125,11694854,0.0,0.0,789.1615478515625,783.247314453125,785.9809380037094,780.4715652847867,38.87406537377005,-3.5240518510736365,-7.259374554256661,3.7353227031830247
2021-11-02 00:00:00+05:30,749.2354802377226,758.0470625742303,744.8047732171262,752.5709228515625,11812106,0.0,0.0,788.0090637207031,783.557958984375,782.799031798743,779.3774224442681,40.134608006451025,-5.649431811821387,-7.50780361200353,1.8583718001821425
2021-11-03 00:00:00+05:30,756.1553319584624,759.3414617284086,745.252823587576,747.3436889648438,10529505,0.0,0.0,786.4160034179688,783.8467004394531,779.4223324812288,778.1211976019378,38.840738792725254,-7.667221871042102,-7.620474936979395,-0.04674693406270647
2021-11-04 00:00:00+05:30,753.7160120434493,753.7657829813188,748.140330053788,749.68359375,793433,0.0,0.0,785.1216430664062,783.9781286621094,776.5900716496832,777.0059974508814,39.776676636946966,-8.974076699580905,-7.1418638124145595,-1.8322128871663463
2021-11-08 00:00:00+05:30,757.6986564951427,757.6986564951427,738.2832507111016,747.7918090820312,13872770,0.0,0.0,783.8247955322265,784.2170874023437,773.8473799765735,775.8603430050441,39.25365093271928,-10.046608727367243,-6.571516672160717,-3.4750920552065256
2021-11-09 00:00:00+05:30,746.7463481101958,750.6792243643174,740.1251728488027,741.8178100585938,12120207,0.0,0.0,781.9877960205079,784.1911999511718,770.7969447462897,774.5253417130265,37.573477700456806,-11.248978657247676,-6.21910928163292,-5.029869375614756
2021-11-10 00:00:00+05:30,739.4780068027567,750.0817681633538,728.8244137374923,746.09912109375,10844883,0.0,0.0,780.105990600586,784.1304626464844,768.4447710650954,773.4105879632509,39.56977194595354,-11.721283805691314,-5.353131544061247,-6.368152261630067
2021-11-11 00:00:00+05:30,744.7550529841068,744.7550529841068,731.9109909974874,734.8482055664062,6195359,0.0,0.0,777.1638092041015,783.2144543457031,765.2450981604584,771.8983376731786,36.28588012622069,-12.855256499038546,-5.189683389926783,-7.665573109111763
2021-11-12 00:00:00+05:30,739.5775282679837,739.5775282679837,730.3178862406829,732.8568115234375,9372897,0.0,0.0,774.2490081787109,782.2098303222656,762.160499433123,770.3672974320124,35.720812218397626,-13.756055638290604,-4.872386023343072,-8.883669614947532
2021-11-15 00:00:00+05:30,734.798424414795,740.7723953449965,724.8418061977924,730.0690307617188,12849161,0.0,0.0,770.8239349365234,780.9025268554688,759.1041690834655,768.7869732488635,34.90141937387522,-14.527432852163088,-4.515010589772444,-10.012422262390643
2021-11-16 00:00:00+05:30,730.0689911367693,730.1187620710781,718.1708208591568,722.9998168945312,8978763,0.0,0.0,766.4853363037109,779.3781677246094,755.6656593511862,766.9913984898701,32.84399443845499,-15.530159321358383,-4.414189647174192,-11.115969674184191
2021-11-17 00:00:00+05:30,717.872204022537,721.7553096007127,703.6840224589847,709.2597045898438,18083445,0.0,0.0,762.0397064208985,777.6725988769531,751.2460446120107,764.7274104937907,29.236466983104552,-17.234866689661885,-4.895117612382155,-12.33974907727973
2021-11-18 00:00:00+05:30,711.8981428755851,712.8938046138726,698.8549984121663,703.28564453125,13458109,0.0,0.0,757.1385559082031,775.7917932128906,746.6783874614621,762.3179294756519,27.806381064083475,-18.850618088993656,-5.20869520937114,-13.641922879622516
2021-11-22 00:00:00+05:30,709.9068825316926,709.9068825316926,674.4613458045998,683.4223022460938,16741079,0.0,0.0,751.0948883056641,773.7715979003906,740.6539983933317,759.223983309787,23.662028948168803,-21.486238449234747,-6.275452455689784,-15.210785993544963
2021-11-23 00:00:00+05:30,678.0456854337266,689.6451697056101,674.4114955575403,682.675537109375,16575348,0.0,0.0,744.5708160400391,771.6000598144532,735.1322401758121,756.2220834587904,23.520101056366673,-23.3658967657517,-6.524088617765386,-16.841808147986313
2021-11-24 00:00:00+05:30,687.0066699936164,692.0845210723753,679.091146207006,682.177734375,11463429,0.0,0.0,736.6080169677734,769.5091711425781,730.0889539090681,753.3183834947201,23.419257808459818,-24.611996271568614,-6.21615049886584,-18.395845772702774
2021-11-25 00:00:00+05:30,683.0239517421007,684.0196134793341,673.6149361711714,676.950439453125,9760486,0.0,0.0,728.5431518554688,767.349580078125,725.0281430085021,750.3235621597556,22.336272060882067,-25.72479865568789,-5.863162306388091,-19.8616363492998
2021-11-26 00:00:00+05:30,666.0977596431396,671.9721887074846,657.5848632098471,658.8792114257812,10252753,0.0,0.0,722.2829284667969,764.7080895996094,718.7282447625287,746.7375091897958,19.055569276608363,-27.74507172057588,-6.306748297020864,-21.438323423555016
2021-11-29 00:00:00+05:30,662.164885252301,662.5631742908662,646.532982429434,648.275390625,12084376,0.0,0.0,716.9436920166015,761.9142614746094,712.018449130383,742.8762496382351,17.437149814094745,-29.857612428221728,-6.73543120373337,-23.122181224488358
2021-11-30 00:00:00+05:30,645.1888875338968,674.5111415674063,645.1888875338968,652.8057250976562,24699809,0.0,0.0,712.6449279785156,758.9880126953125,706.3791420796472,739.3440722052712,20.542128769437415,-30.811085019832603,-6.1511230362753935,-24.65996198355721
2021-12-01 00:00:00+05:30,662.0155535887698,678.4439732505688,657.1367864719649,676.6517333984375,16184200,0.0,0.0,709.0232116699219,756.4440966796875,703.5479603004843,736.8855491148072,34.50440386597878,-29.304738553142556,-3.715821255668274,-25.588917297474282
2021-12-02 00:00:00+05:30,672.0717274601881,675.8552302162594,665.1518656678194,673.1669311523438,8612601,0.0,0.0,705.053012084961,754.0594860839843,700.6545289530424,734.3867797829458,33.57587848409615,-28.068585363223065,-1.9837344525990233,-26.08485091062404
2021-12-03 00:00:00+05:30,676.1538958992217,684.3681056499371,668.0890597248502,670.0803833007812,9505985,0.0,0.0,701.1898468017578,751.6231018066406,697.7427055575889,731.864960313057,32.73560778453892,-27.02643969702069,-0.7532710291173181,-26.273168667903374
2021-12-06 00:00:00+05:30,671.0761278065726,675.8055218823607,658.2818965623294,660.223388671875,8022785,0.0,0.0,696.7168365478516,749.1289697265624,694.1694372827591,729.0554869153636,30.14136322337085,-26.688263151766137,-0.332075587090209,-26.356187564675928
2021-12-07 00:00:00+05:30,669.0847263919213,688.5499023345164,667.0934028014692,684.0196533203125,15123987,0.0,0.0,693.5282287597656,746.6368286132813,693.2027911910975,727.2893757939892,42.075744774215806,-24.220892745189758,1.7082358555889385,-25.929128600778697
2021-12-08 00:00:00+05:30,691.9850010760609,698.5065741839252,684.6669106246308,694.0758666992188,11670826,0.0,0.0,691.1411315917969,744.6265881347656,693.28594123949,725.9868852412532,46.254369296491674,-21.209541157159492,3.775669954895367,-24.98521111205486
2021-12-09 00:00:00+05:30,695.1213058493927,696.8637139890435,685.015314331269,690.9395141601562,7021395,0.0,0.0,688.3831512451172,742.5755249023438,693.062471993839,724.6124785321905,45.160152525432856,-18.85870930461465,4.901201445952168,-23.759910750566817
2021-12-10 00:00:00+05:30,687.1062803694529,688.9482914203701,680.7838513596766,685.065185546875,5549743,0.0,0.0,685.8940002441407,740.5613024902344,692.3008256655568,723.0616042974723,43.10340840499277,-17.270582821718904,5.1914623430783315,-22.462045164797235
2021-12-13 00:00:00+05:30,695.9676137404009,708.811675555348,690.0931846810802,700.9459228515625,13634563,0.0,0.0,684.2984558105469,739.0050830078125,693.1241682547002,722.1943226721424,49.76432795901654,-14.56266897951241,6.319500948227862,-20.88216992774027
2021-12-14 00:00:00+05:30,697.9589031392967,710.9025061932351,694.5736288016564,707.8159790039062,8612512,0.0,0.0,683.1858032226562,737.8969128417968,694.5233883260531,721.6304660577018,52.3625187385313,-11.727089051334474,7.324064701124637,-19.05115375245911
2021-12-15 00:00:00+05:30,709.3095157418126,716.876521381579,704.480519378614,709.4090576171875,7692888,0.0,0.0,682.5062652587891,736.7887414550781,695.941071115685,721.151195138466,52.969948240787595,-9.244755610804305,7.845118513323847,-17.08987412412815
2021-12-16 00:00:00+05:30,715.8808245288988,718.8180389532936,701.9913304524624,706.5714111328125,7309187,0.0,0.0,682.3718505859375,735.4077575683593,696.9534844506495,720.5794389029503,51.70524833958362,-7.420919095059162,7.735164023255193,-15.156083118314355
2021-12-17 00:00:00+05:30,704.4306604678789,704.9284913233332,682.1278138353777,685.911376953125,7844705,0.0,0.0,681.5031372070313,733.5418872070312,695.9018551651709,719.2199070617806,43.55211388433257,-7.555512368053769,6.0804566002084695,-13.635968968262238
2021-12-20 00:00:00+05:30,677.9959037461839,678.891962889266,657.2363190943789,671.4244995117188,9934646,0.0,0.0,680.9032470703125,731.4589611816406,693.5706784362707,717.345577353935,38.9179788222343,-8.730508575918861,3.9243683138747034,-12.654876889793565
2021-12-21 00:00:00+05:30,680.0369883968575,680.0369883968575,659.6259221272593,662.9613647460938,10116104,0.0,0.0,679.9175384521484,729.24361328125,690.6555057038729,715.2128631340197,36.47617961964296,-10.226718536878252,1.9425266823322502,-12.169245219210502
2021-12-22 00:00:00+05:30,667.0933714368042,673.9136301052861,661.1194009463253,666.4461669921875,7489534,0.0,0.0,679.1309600830078,727.0013806152343,688.3498543979981,713.3004436774772,38.19571001299778,-11.004429084529875,0.9318529077445028,-11.936281992274377
2021-12-23 00:00:00+05:30,674.0630455050906,681.5305090815872,669.682109232063,675.855224609375,6884683,0.0,0.0,679.0761993408203,724.8437805175781,687.1598896562245,711.8320037140222,42.705331892037805,-10.737759771096194,0.9588177769425474,-11.696577548038741
2021-12-24 00:00:00+05:30,678.1949935711167,679.0412817108497,659.5761075636811,664.6041870117188,6028893,0.0,0.0,679.3624481201172,722.2620275878907,685.011727499605,709.9799324707947,39.037305343875175,-11.303981857864756,0.3140765521391895,-11.618058410003945
2021-12-27 00:00:00+05:30,660.1736318512028,671.6735150115989,653.1044564422338,669.2341918945312,6996729,0.0,0.0,680.4103881835938,719.8236547851562,683.5091050610265,708.3820602913333,41.272748352629996,-11.249437725987605,0.29489654721307446,-11.544334273200679
2021-12-28 00:00:00+05:30,674.3617254136439,677.896312651811,669.0847300243715,672.519775390625,4645547,0.0,0.0,681.3960906982422,717.3026403808594,682.4625022352741,706.9756961775802,42.87360343814933,-10.816407170258913,0.5823416823534142,-11.398748852612327
2021-12-29 00:00:00+05:30,671.5738948221797,676.651745775102,664.3553466569301,667.5912475585938,3969894,0.0,0.0,680.94306640625,714.4590295410156,681.0461922660664,705.4312079964434,41.06527837073963,-10.747033232339845,0.5213724962179871,-11.268405728557832
2021-12-30 00:00:00+05:30,665.1020760440493,670.1799268673742,661.6172597773515,665.9483642578125,5119705,0.0,0.0,680.5821380615234,711.81455078125,679.608303884328,703.8828611831638,40.452774253857854,-10.701263336512966,0.45371391363589453,-11.15497725014886
2021-12-31 00:00:00+05:30,670.0305807655334,683.5217852021203,668.288172718769,675.6062622070312,5586980,0.0,0.0,680.858432006836,709.3005029296875,679.2271570579189,702.7739749488056,45.59048528225517,-9.773021406950193,1.1055646745589343,-10.878586081509127
2022-01-03 00:00:00+05:30,677.2989105397336,695.4697376141182,676.054333342858,693.3290405273438,8550860,0.0,0.0,682.5137145996093,707.0811706542969,680.5701935788165,702.4035853636503,53.51628115574694,-7.520609984652992,2.6863808774849076,-10.2069908621379
2022-01-04 00:00:00+05:30,697.9589402062913,707.9653294061011,697.013049317272,706.0736083984375,9705906,0.0,0.0,683.6164123535157,704.9395031738281,682.9990902283042,702.5475078356028,58.22850626334625,-4.653534538895315,4.44276505859407,-9.096299597489384
2022-01-05 00:00:00+05:30,708.811714903834,727.7292905764256,704.6796938040377,723.7466430664062,11312955,0.0,0.0,685.099951171875,702.58576171875,686.8798095462187,703.3788464721049,63.72079788405535,-0.9444038937612049,6.521516562982543,-7.465920456743748
2022-01-06 00:00:00+05:30,716.8267601118046,730.3179660073538,715.8808692014825,727.1318359375,7955578,0.0,0.0,686.9095672607422,700.3634436035156,690.7133358691979,704.3103362550617,64.67879900348376,2.242416457741797,7.766669531588437,-5.52425307384664
2022-01-07 00:00:00+05:30,730.81575535812,737.6858460313524,722.103714677761,727.4304809570312,10454143,0.0,0.0,689.02783203125,699.2303796386718,694.2102068299439,705.2170085963154,64.76719082899459,4.737481960246782,8.209388027274738,-3.4719060670279553
2022-01-10 00:00:00+05:30,730.4673066413555,740.7723820021881,730.0192466755859,739.5775756835938,9595787,0.0,0.0,690.9594146728516,698.9207287597657,698.5309086255296,706.5644818154244,68.24777853124615,7.607315970764262,8.863377630233774,-1.256061659469512
2022-01-11 00:00:00+05:30,739.6771774428723,743.8091374613442,734.101434886215,740.025634765625,7252279,0.0,0.0,692.5698974609375,698.9456213378907,702.4827873055387,707.8766838919029,68.37189403800059,9.804810965938259,8.848698100326217,0.9561128656120423
2022-01-12 00:00:00+05:30,746.3978257226167,748.1900046477748,739.9260246031689,743.6099243164062,5294563,0.0,0.0,694.2799407958985,698.8360986328125,706.3996574970499,709.2779874379618,69.40226518960507,11.700685573434043,8.5956581662576,3.1050274071764425
2022-01-13 00:00:00+05:30,745.7507366944062,745.7507366944062,733.8525652566216,737.4867553710938,5196538,0.0,0.0,695.8257080078125,698.5344152832031,709.3603334850541,710.384213631418,65.47786868876024,12.564258349214242,7.56738475363024,4.9968735955840025
2022-01-14 00:00:00+05:30,731.6122984599782,732.7573338693887,712.9436392002973,718.5691528320312,16302342,0.0,0.0,697.4585968017578,697.9589245605468,710.237363899052,710.7051916392852,55.10970473235922,11.588567776134369,5.273355344440293,6.315212431694076
2022-01-17 00:00:00+05:30,715.8808388070701,717.4738733891726,706.4220516461977,709.5584106445312,19680557,0.0,0.0,699.3652923583984,697.1564208984375,710.1727016843357,710.6602198355695,50.96972017078488,9.973268744933307,2.9264450505913846,7.0468236943419225
2022-01-18 00:00:00+05:30,714.3873470049725,732.707548574295,711.151446130037,722.053955078125,24055886,0.0,0.0,702.319921875,696.6416638183593,711.3042496266014,711.1070329823364,55.915511063137735,9.590861153994979,2.0352299677224446,7.555631186272534
2022-01-19 00:00:00+05:30,722.0539997258584,728.7747173432184,715.5821975758079,726.4348754882812,7746270,0.0,0.0,705.3193572998047,696.3340051269531,712.745261613428,711.7081248453146,57.53291570888177,9.531431636503157,1.580640360184498,7.950791276318659
2022-01-20 00:00:00+05:30,727.8784902455482,733.9520632164046,719.0171373754986,725.7378540039062,8505400,0.0,0.0,707.8134887695312,695.9267797851562,713.9826513649022,712.2583103025144,57.17350321972676,9.32064689172023,1.0958844923212574,8.224762399398973
2022-01-21 00:00:00+05:30,718.8678450520833,722.103746016653,704.9783502962401,709.4090576171875,10689060,0.0,0.0,710.0537322998047,695.4179968261719,713.5470710079769,712.1465749030898,49.389483044670776,7.746701902516975,-0.38244839750559834,8.129150300022573
2022-01-24 00:00:00+05:30,711.8981808646896,713.2921316808256,685.2144570087311,701.5432739257812,8812501,0.0,0.0,711.6691864013671,694.7917260742188,712.403852238244,711.7307591784895,46.13128688131978,5.797802691689981,-1.8650780866660748,7.6628807783560555
2022-01-25 00:00:00+05:30,710.9025351660108,751.7246695382887,705.5259370624879,748.9368286132812,38088158,0.0,0.0,715.4900390625,695.16908203125,715.8831833215809,713.1898207249519,62.278398256174135,7.985497955239339,0.25809374150662645,7.727404213732712
2022-01-27 00:00:00+05:30,740.7723784932247,773.6292178618758,734.8979495706801,770.4928588867188,34927774,0.0,0.0,720.6351196289063,696.1189428710937,721.0841048039749,715.43699869208,67.10772255017291,11.328070756696093,2.880533234370704,8.447537522325389
2022-01-28 00:00:00+05:30,774.7244617318635,781.2958664087972,758.1964993181734,761.3826293945312,17765524,0.0,0.0,725.4068328857422,697.1614013671875,724.922059526885,717.2387881313919,63.41269508147927,13.091058823911453,3.7148170412688515,9.376241782642602
2022-01-31 00:00:00+05:30,772.0859627499028,774.4257436953482,759.0427565761491,769.6963500976562,12319200,0.0,0.0,730.1113372802735,698.4896154785156,729.1862776764823,719.2959474241865,65.29088501133234,14.98633421672082,4.488073947262574,10.498260269458246
2022-02-01 00:00:00+05:30,774.7244321011659,790.4559373570582,765.7634757874738,778.5079956054688,15457534,0.0,0.0,734.3702850341797,700.3913293457031,733.8835841459095,721.6179885293349,67.2120707214517,17.003375442858896,5.204092138720521,11.799283304138376
2022-02-02 00:00:00+05:30,786.572826154776,802.4038731665469,783.9342980626894,800.6116333007812,13478899,0.0,0.0,739.0971862792969,702.7500512695312,740.2386364463734,724.7157785203719,71.47700508236183,20.153160886976366,6.68310206627039,13.470058820705976
2022-02-03 00:00:00+05:30,798.7198878745705,808.377819243914,789.6095583272763,796.0813598632812,10802708,0.0,0.0,742.7139221191406,705.0281237792968,745.5569910575075,727.5144287691135,69.48212497415685,22.0298865204079,6.847862159761537,15.182024360646363
2022-02-04 00:00:00+05:30,793.4927197502333,801.0099545280244,787.7178932016826,795.0857543945312,10776387,0.0,0.0,746.1116180419922,707.390830078125,750.2740161372241,730.1642846759927,69.02618062531747,23.169781249715584,6.390205511255374,16.77957573846021
2022-02-07 00:00:00+05:30,799.0186225255292,800.1138262357939,780.6984204547997,786.174560546875,10939179,0.0,0.0,749.0488220214844,709.9367370605469,753.6931156048099,732.360766082694,64.91988877346097,23.08795360819522,5.046702295788009,18.041251312407212
2022-02-08 00:00:00+05:30,790.5555051525811,797.5251380695433,772.7829655224776,795.0857543945312,12300670,0.0,0.0,751.8242309570312,712.8729443359375,757.6352716800214,734.8205695459034,67.03198386463856,23.471597516695283,4.344276963430456,19.127320553264827
2022-02-09 00:00:00+05:30,797.5251200468206,805.988245540451,796.6788318056075,800.3627319335938,9399830,0.0,0.0,754.8410858154297,715.8240844726563,761.7045536089331,737.390850423852,68.25101930065176,23.9256461089019,3.8386604445096566,20.086985664392245
2022-02-10 00:00:00+05:30,804.0466871840125,812.4102707447657,799.6159799496893,806.2869262695312,12848281,0.0,0.0,757.9749359130859,718.4167883300781,765.9504938623234,740.0926573197611,69.60960966087036,24.481310552854552,3.5154599107698417,20.96585064208471
2022-02-11 00:00:00+05:30,797.4752546602388,806.3864390727931,795.0358713292626,800.3128662109375,9717894,0.0,0.0,761.1162414550781,720.95970703125,769.2231007526675,742.454234139023,66.51842009609379,24.16110769882323,2.556205645390815,21.604902053432415
2022-02-14 00:00:00+05:30,786.5728500210646,799.5164538821707,766.6098423739722,769.9950561523438,8617389,0.0,0.0,763.6875366210937,722.9580004882813,769.2966203145414,743.5342663748395,53.52734557056001,21.21638149570481,-0.3108164461820877,21.527197941886897
2022-02-15 00:00:00+05:30,773.6292109145056,795.6333121677601,760.9842940260498,793.49267578125,7426563,0.0,0.0,767.8842498779297,725.6233862304688,771.601006549466,745.4934196848948,60.04104862618364,20.541931688778845,-0.7882130024864438,21.33014469126529
2022-02-16 00:00:00+05:30,791.5511295888074,804.793419351124,785.8758451848507,793.5922241210938,7457765,0.0,0.0,771.4611633300781,727.8148376464844,773.6954082229544,747.3796473098438,60.06658514908449,19.787361688368264,-1.2342264023176206,21.021588090685885
2022-02-17 00:00:00+05:30,793.5424625908208,798.5207716409515,777.1140427253897,779.404052734375,6516308,0.0,0.0,774.1096221923829,729.5214013671875,774.2390886526135,748.6355063461,54.70096689895756,17.83885742713028,-2.5461845308444886,20.385041957974767
2022-02-18 00:00:00+05:30,777.7613051185408,787.1204903674032,775.6206077594486,783.9841918945312,5466662,0.0,0.0,777.021939086914,731.382294921875,775.1671937232724,750.0217293087836,56.065333541137306,16.47432692837083,-3.128572023683155,19.602898952053984
2022-02-21 00:00:00+05:30,780.1508605902695,793.3433806130665,772.733167366772,785.4278564453125,5635224,0.0,0.0,780.8228790283204,733.3895483398437,776.1443996968,751.4102048827651,56.5099690872648,15.332672833070319,-3.4161808951869332,18.748853728257252
2022-02-22 00:00:00+05:30,762.7764626614352,783.5858180982412,762.7764626614352,775.7698974609375,6923558,0.0,0.0,784.5342102050781,734.8860278320312,776.108732817194,752.3654869446542,52.66970180224926,13.49304770742242,-4.204644816667866,17.697692524090286
2022-02-23 00:00:00+05:30,780.1010263754015,782.0923499909098,768.899831038167,773.828369140625,6303173,0.0,0.0,785.7787872314453,736.2062756347656,775.8915553241875,753.2071685993982,51.9060464665654,11.74309929331514,-4.763674584620119,16.50677387793526
2022-02-24 00:00:00+05:30,749.1359992555713,765.8133352209743,722.1535266940962,727.1318359375,13085009,0.0,0.0,783.6107360839844,736.5607312011718,771.2477725254553,752.1846065342257,37.73489192147636,6.513153023399923,-7.994896683628271,14.508049707028194
2022-02-25 00:00:00+05:30,739.0797402608217,761.5319016443409,734.2010339144333,754.7614135742188,10066136,0.0,0.0,783.2796752929687,737.52453125,769.677643101528,752.2856577906961,46.961694236605446,4.545461677268349,-7.970070423807876,12.515532101076225
2022-02-28 00:00:00+05:30,746.6467845532824,746.6467845532824,733.0062061698997,739.1793212890625,14463418,0.0,0.0,781.7538238525391,738.5898901367187,766.7730410241504,751.7716838102399,43.08412176321322,1.7090071163578386,-8.64521998777471,10.354227104132548
2022-03-02 00:00:00+05:30,725.538799656223,753.1684158949832,721.854838670313,746.9953002929688,11691602,0.0,0.0,780.178189086914,740.1013061523438,764.8894466687998,751.5843746526999,45.51431537398317,0.09073469297766223,-8.210793928923907,8.30152862190157
2022-03-03 00:00:00+05:30,752.7203208960572,756.1553662605702,729.222726721208,734.449951171875,8357181,0.0,0.0,776.8701049804688,741.5310778808594,761.9904470976642,750.9124364769813,42.385977266712565,-2.1789451662591546,-8.38437903052858,6.205433864269425
2022-03-04 00:00:00+05:30,719.8634878305288,729.322275015024,706.9696552512737,711.898193359375,11660648,0.0,0.0,772.6609466552734,742.4401184082031,757.2197562654461,749.3824661586438,37.40840885930274,-5.731353711487259,-9.549430060605347,3.8180763491180882
2022-03-07 00:00:00+05:30,689.9935954914718,701.9415365389431,652.755821585371,664.6539916992188,20147061,0.0,0.0,766.1393585205078,742.21609375,748.4039691639007,746.0597808857252,29.573263066414256,-12.218033431077515,-12.828887824156483,0.6108543930789678
2022-03-08 00:00:00+05:30,662.1151011568456,670.827141961541,634.2365705818205,667.49169921875,24828458,0.0,0.0,760.2052154541016,742.2738439941406,740.698038692934,742.9786796438831,30.51466439112061,-16.934583227704593,-14.036350096626848,-2.8982331310777445
2022-03-09 00:00:00+05:30,668.586908466188,677.5478647970825,656.2406776576946,671.2752075195312,20438651,0.0,0.0,754.0146881103516,742.3146643066407,734.0863404859433,740.1667787762615,31.823200145682065,-20.135080745481673,-13.789478091523142,-6.345602653958531
2022-03-10 00:00:00+05:30,704.8290131393177,717.2747856501096,685.2642344442033,691.9351806640625,23224756,0.0,0.0,748.593310546875,742.7029724121094,730.0719443124308,738.2753435561752,38.62048727470574,-20.765044410324663,-11.535553405092905,-9.229491005231758
2022-03-11 00:00:00+05:30,688.8983987418163,703.5844097591549,684.4676917384432,687.8529052734375,14224356,0.0,0.0,742.6716094970703,743.1082055664062,726.0510834515743,736.2979930352836,37.818150824346226,-21.34761860157255,-9.694502077072633,-11.653116524499916
2022-03-14 00:00:00+05:30,691.6863405625055,709.3095685116431,682.0284078879721,706.9697265625,10720884,0.0,0.0,738.0044525146484,743.9286328125,724.2338113669006,735.1478649383117,43.71511662416811,-20.03578507477232,-6.706134840217924,-13.329650234554396
2022-03-15 00:00:00+05:30,709.906891906187,714.8852011060901,691.9849787865356,695.121337890625,12157425,0.0,0.0,734.2607666015625,744.3189343261719,721.4611948453505,733.5781972109515,41.11274257039894,-19.724837845836078,-5.116150089025343,-14.608687756810735
2022-03-16 00:00:00+05:30,707.9155478644313,722.850475034567,706.0237661147312,720.7097778320312,10038170,0.0,0.0,730.6216217041016,744.8665490722656,721.3896313202725,733.073553313739,48.27438946779222,-17.21519067290103,-2.0852023328722353,-15.129988340028795
2022-03-17 00:00:00+05:30,733.8027906008253,743.5104937329259,733.2551887320644,736.0430297851562,13657428,0.0,0.0,727.7441619873047,745.4659375,722.7851930788329,733.1900033714417,52.03847679023884,-13.829592980775033,1.0403162874030123,-14.869909268178045
2022-03-21 00:00:00+05:30,741.7680313518391,746.1489675230058,720.5604474417604,722.7509155273438,7495685,0.0,0.0,724.9115051269531,745.4460229492188,722.7819285501196,732.7806273775556,48.72809578133046,-12.079796576105537,2.2320901536580067,-14.311886729763543
2022-03-22 00:00:00+05:30,725.8374990340691,732.8071320837789,703.2857335007855,728.2271118164062,11117081,0.0,0.0,722.1236511230469,745.4679284667968,723.3005174326231,732.6020581398635,50.13548629112066,-10.13436440037242,3.3420178635128988,-13.476382263885318
2022-03-23 00:00:00+05:30,732.9065809093229,739.6771293428701,721.5063026274526,723.59716796875,5886245,0.0,0.0,719.0321166992187,745.3912622070312,723.3287698646352,732.2489251919768,48.9130085839152,-8.864014320048454,3.689894355069491,-12.553908675117945
2022-03-24 00:00:00+05:30,715.9803403968751,727.2811377260173,715.8807985299844,719.11669921875,7559843,0.0,0.0,716.1994567871094,744.9820446777344,722.9276202793128,731.7339359381248,47.70086413986113,-8.12512769791374,3.543024781763364,-11.668152479677104
2022-03-25 00:00:00+05:30,720.1621883441919,723.4976919316337,712.3960382365685,718.12109375,5430894,0.0,0.0,713.4140930175781,744.5439538574219,722.4698558479497,731.2000989895708,47.4196501975119,-7.533055393772202,3.3080776687239233,-10.841133062496125
2022-03-28 00:00:00+05:30,722.8505103069803,734.6989107482622,711.9480007867045,732.80712890625,7077669,0.0,0.0,713.6978576660156,744.3278979492187,723.4543580439783,731.2631197706171,51.92218707728873,-5.811798728276358,4.023467467375813,-9.83526619565217
2022-03-29 00:00:00+05:30,738.4325774481545,738.4325774481545,727.8287552691218,734.5992431640625,6174137,0.0,0.0,712.6897491455078,744.2701477050781,724.5157756744625,731.3939481389875,52.457200129309726,-4.254043807640414,4.464977910409406,-8.71902171804982
2022-03-30 00:00:00+05:30,743.7594124228683,762.5276142514925,738.0841276438794,747.1944580078125,16618114,0.0,0.0,713.0905059814453,744.8426538085937,726.6756501824005,732.0135759769806,56.15045542473225,-1.9803549357588963,5.390933425832739,-7.371288361591636
2022-03-31 00:00:00+05:30,759.6899113456666,759.6899113456666,748.0406567764624,757.8479614257812,20449544,0.0,0.0,713.6331390380859,745.8084448242188,729.6444417293892,733.0266891318356,59.04825621894295,0.673445506445205,6.435787094429473,-5.762341587984268
2022-04-01 00:00:00+05:30,756.7030124835435,772.3846867554064,751.874076777819,771.1898803710938,9321859,0.0,0.0,715.4701354980468,746.7911633300781,733.6011501714563,734.5232848667085,62.399511128844345,3.8092719168414533,7.657290803860577,-3.8480188870191236
2022-04-04 00:00:00+05:30,776.6162360526374,782.0923761786496,763.6726321184267,780.6984252929688,10959783,0.0,0.0,718.9101470947265,747.8764343261719,738.0866049449337,736.3340746873463,64.62156281366708,6.981221868419993,8.663392604351294,-1.6821707359313005
2022-04-05 00:00:00+05:30,772.633523585946,792.5467587299138,772.633523585946,779.7026977539062,7334134,0.0,0.0,724.6625823974609,748.9557312011718,742.050042355312,738.034805003682,64.19373946805898,9.307378501231028,8.791639389729863,0.5157391115011651
2022-04-06 00:00:00+05:30,773.6291774706202,776.5663917785403,765.8630279975761,770.343505859375,9954921,0.0,0.0,729.8051727294921,750.1744201660156,744.7446579271276,739.3018128803758,60.16200570292672,10.277196697730233,7.809166068983254,2.4680306287469786
2022-04-07 00:00:00+05:30,766.1617636656416,791.5511398494933,765.8630772763771,788.6636962890625,9820244,0.0,0.0,735.6745971679687,751.9168286132813,748.9274234854072,741.2375730140498,64.81973829635506,12.381346410771926,7.930652625619957,4.450693785151969
2022-04-08 00:00:00+05:30,791.4515991210938,797.2264254799326,785.5771701187732,791.4515991210938,8104237,0.0,0.0,740.6504180908203,752.7671240234375,752.9773449745202,743.2067505084436,65.48114082850766,14.111195598065933,7.728401450331171,6.382794147734762
2022-04-11 00:00:00+05:30,786.0252280755038,790.804392609532,780.6486299932384,782.6399536132812,6340427,0.0,0.0,745.3897705078125,753.0100659179687,755.8023553210688,744.753150630202,61.542844246259705,14.602755911156692,6.575969410737542,8.02678650041915
2022-04-12 00:00:00+05:30,776.7157748801116,797.5251315854349,774.4257648086605,794.9862060546875,7672215,0.0,0.0,749.7905944824219,753.6821374511719,759.5341506290325,746.7230743723387,64.74252201341085,15.806354574446573,6.2236544592219385,9.582700115224634
2022-04-13 00:00:00+05:30,802.3042457302203,802.3042457302203,787.4190900475157,789.6095581054688,7640132,0.0,0.0,754.515005493164,754.0804016113282,762.3984751505978,748.404897263834,62.31112539130256,16.14030919418667,5.246087263169628,10.894221931017043
2022-04-18 00:00:00+05:30,776.6162585100438,798.1723623011981,772.6336110305051,795.3844604492188,11478317,0.0,0.0,758.2487396240234,754.4179309082032,765.5399975599903,750.2472330750255,63.88015036672053,16.678695374462563,4.627578754756417,12.051116619706146
2022-04-19 00:00:00+05:30,801.5077665286656,812.6591910866176,782.1421319410719,794.3389892578125,8711816,0.0,0.0,761.1635375976563,754.2924780273438,768.2827586740686,751.9763215527819,63.36584151054024,16.827037895028297,3.82073702025772,13.006300874770577
2022-04-20 00:00:00+05:30,797.3757249892014,798.9688203249669,785.1788679886489,791.25244140625,6676491,0.0,0.0,764.5886138916015,754.1958996582031,770.470347505705,753.5165615470355,61.78429561142012,16.505279210503318,2.799182668586191,13.706096541917127
2022-04-21 00:00:00+05:30,791.6507087569722,800.512123486805,787.120459515693,798.3216552734375,6851615,0.0,0.0,768.0933410644532,754.2606176757813,773.1228530073938,755.2736240461102,64.00048097223373,16.629020615616923,2.338339258959836,14.290681356657087
2022-04-22 00:00:00+05:30,792.5468399879587,794.5381637065215,774.824071046826,777.213623046875,6255027,0.0,0.0,770.7741638183594,754.0813989257813,773.5124501540112,756.1340161637872,53.94160626180014,14.852632870887646,0.44956121138444516,14.403071659503201
2022-04-25 00:00:00+05:30,768.6509016620998,785.3780075752834,757.947537422634,777.3131713867188,8023525,0.0,0.0,773.6839874267578,753.725947265625,773.8744236047452,756.964571270569,53.97834289650476,13.299556495478896,-0.8828121312194455,14.182368626698342
2022-04-26 00:00:00+05:30,787.5684668756301,793.1441485276627,765.6639077463458,771.6378784179688,11087204,0.0,0.0,776.3598266601563,753.1514501953125,773.6614193012426,757.539995080271,51.458427060697566,11.478466944640331,-2.1631213456464096,13.641588290286741
2022-04-27 00:00:00+05:30,762.2786454235304,769.596796074009,745.7506839459614,762.577392578125,11485697,0.0,0.0,777.84833984375,752.2772595214843,772.6057977085649,757.7375400801868,47.63509998080392,9.19810484271784,-3.5547867580551227,12.752891600772962
2022-04-28 00:00:00+05:30,773.5296704881725,782.0425666554253,763.0253899666106,776.4170532226562,11037317,0.0,0.0,779.9392303466797,751.7993432617187,772.9687744241926,758.4700700073424,53.33813077540497,8.410693163650421,-3.473758749698032,11.884451913348453
2022-04-29 00:00:00+05:30,761.6812610168629,763.5232110000619,721.8547898525825,725.4391479492188,34401710,0.0,0.0,778.85146484375,750.9082250976562,768.442143331338,757.1747397305533,37.24670502255651,3.631313300247484,-6.602510890480774,10.233824190728258
2022-05-02 00:00:00+05:30,718.8678137992575,734.997546983177,715.3829975273775,724.194580078125,16136040,0.0,0.0,777.1687957763672,749.5222631835937,764.2280896881749,755.8814001363404,36.953592293134655,-0.2538793380072093,-8.390162822988374,8.136283484981165
2022-05-04 00:00:00+05:30,729.8201439314597,731.9608412402282,700.9459499696421,704.132080078125,14548684,0.0,0.0,773.8159057617188,747.7330603027344,758.5046602015035,753.8520150360182,32.511973337250154,-4.895367822816297,-10.42532104623797,5.529953223421673
2022-05-05 00:00:00+05:30,712.8939096236459,718.6687364022757,695.8681156991656,699.3031005859375,12726146,0.0,0.0,769.7461395263672,746.1310412597657,752.8664164285925,751.7128419203287,31.529640529009964,-8.861291719717997,-11.512995954511736,2.6517042347937387
2022-05-06 00:00:00+05:30,687.0065982137564,689.4957525551106,665.2015818753458,670.4786376953125,15511195,0.0,0.0,764.2849365234375,743.8609301757813,745.0199613111373,748.5271868526811,26.401751642740948,-14.166901023725359,-13.454884206815278,-0.7120168169100811
2022-05-09 00:00:00+05:30,657.3359234939135,666.0977350596065,645.9853548215199,660.8207397460938,13999329,0.0,0.0,758.8087982177734,741.3687878417969,737.0009878287522,745.0877183386973,24.938255033084264,-18.93270187012206,-14.576548042569582,-4.356153827552477
2022-05-10 00:00:00+05:30,660.8207547171758,669.1842774496629,654.6974102843266,656.8878784179688,9523698,0.0,0.0,752.2200073242187,738.9911474609376,729.3711678848681,741.6289010869041,24.346414512491062,-22.764566663472806,-14.726730268736263,-8.037836394736543
2022-05-11 00:00:00+05:30,658.8294051195488,673.0673562712116,652.606519059349,669.4331665039062,9352398,0.0,0.0,746.1190856933594,736.9032434082031,723.662786800967,738.7976958091394,30.049211808367208,-24.50655095153934,-13.174971645442238,-11.331579306097101
2022-05-12 00:00:00+05:30,664.1064343538335,664.1064343538335,641.2062124795633,646.8317260742188,11166084,0.0,0.0,739.3286743164062,735.2972412109375,716.345542922229,735.1911871920837,26.215213003218743,-27.395040431434836,-12.850768900270188,-14.544271531164648
2022-05-13 00:00:00+05:30,653.5524589817235,656.5394445149665,630.6522365601937,633.191162109375,9618627,0.0,0.0,731.2389221191406,732.8658361816406,708.4260780829096,731.1911862084481,24.207721592831675,-30.434043953546507,-12.711817937905487,-17.72222601564102
2022-05-16 00:00:00+05:30,637.0741597174052,646.3836337363039,627.3166865179585,636.1781005859375,6159695,0.0,0.0,723.567349243164,730.8058117675781,701.5453183212932,727.4651828507026,25.552129988882513,-32.229928612870594,-11.606162077783658,-20.623766535086936
2022-05-17 00:00:00+05:30,640.1109911592431,654.6476290318778,638.3685830211355,652.1087036132812,8152237,0.0,0.0,716.4035614013671,728.9080798339844,696.8370693014825,724.5100268021763,32.43570608163902,-31.998850784087267,-9.100067399200263,-22.898783384887004
2022-05-18 00:00:00+05:30,651.9096104477155,667.4917430468277,647.4789029649002,656.5892333984375,13013873,0.0,0.0,709.5160736083984,727.3508654785156,693.0039420726212,721.8464662765396,34.276331740903046,-31.09572645349988,-6.5575544548902975,-24.53817199860958
2022-05-19 00:00:00+05:30,640.5092425665041,654.8965681524343,638.4183770333466,647.3793334960938,9216948,0.0,0.0,702.3224182128906,726.06048828125,688.658741255809,718.9261865596593,32.32683869465685,-30.768476027688166,-4.984243223262865,-25.7842328044253
2022-05-20 00:00:00+05:30,656.8878709511274,672.8184597123521,655.1454628053684,670.179931640625,9708672,0.0,0.0,695.91533203125,726.1710070800781,686.8988546257915,717.0145687196972,41.23738765850046,-28.342594206446506,-2.0466891216169607,-26.295905084829545
2022-05-23 00:00:00+05:30,670.0803851157178,681.8291820914582,665.6496779931961,672.420166015625,7919353,0.0,0.0,690.6756591796875,726.2695764160156,685.5199319010138,715.2657686136553,42.0448310281281,-25.940273864089704,0.2845049765918759,-26.22477884068158
2022-05-24 00:00:00+05:30,666.7947027893299,678.4937286441369,658.3315777028738,661.169189453125,8088546,0.0,0.0,684.8684600830078,726.0674560546875,683.2008135726435,713.1443341367717,39.136309426407536,-24.660012194988667,1.2518133165543333,-25.911825511543
2022-05-25 00:00:00+05:30,665.1020977737312,669.7319495588989,657.1865741266904,662.1151123046875,5169619,0.0,0.0,679.3923217773438,725.4710546875,681.1926515471239,711.1431881825723,39.51514998727591,-23.300474167562697,2.0890810751842466,-25.389555242746944
2022-05-26 00:00:00+05:30,670.0306449463864,682.2772733797924,665.1021067022274,680.2859497070312,10114633,0.0,0.0,675.2777496337891,725.3197155761719,681.1062989909246,709.9331003992179,46.41507996144791,-20.520251086428743,3.8954433250545613,-24.415694411483305
2022-05-27 00:00:00+05:30,686.0109402172029,690.790104424584,681.2815469428463,685.31396484375,5539060,0.0,0.0,670.7225952148438,724.8866003417969,681.5070290721461,708.9676441029251,48.176767536349324,-17.707069389888375,5.366900017275945,-23.07396940716432
2022-05-30 00:00:00+05:30,692.0844690494774,694.9719124782375,687.1061602208367,690.6408081054688,3818060,0.0,0.0,668.9826782226562,724.7969897460938,682.3769127896054,708.2489446520445,50.050366491289,-14.876286325967385,6.558146464957549,-21.434432790924934
2022-05-31 00:00:00+05:30,686.0110420897611,692.9806753185395,680.0868416912236,682.2275390625,10410424,0.0,0.0,666.884326171875,724.0273449707031,682.3626867203573,707.2284973740232,47.15087753313491,-13.160049987850584,6.6195062424594795,-19.779556230310064
2022-06-01 00:00:00+05:30,680.0369742896128,689.4459899678989,677.5478199181281,683.07373046875,6966674,0.0,0.0,665.8314086914063,722.967958984375,682.4304051725852,706.281251613032,47.480429478663225,-11.59794585021939,6.545288304072539,-18.143234154291928
2022-06-02 00:00:00+05:30,679.0413082379149,690.1429609725332,679.0413082379149,688.5498657226562,6347433,0.0,0.0,665.2937469482422,722.2839379882812,683.0132109392587,705.5859031467428,49.66779950388848,-9.805062065721359,6.670537670856458,-16.475599736577816
2022-06-03 00:00:00+05:30,694.2749294308736,694.9719048132706,670.2297345159608,674.3616943359375,8475726,0.0,0.0,665.4878997802734,721.2066296386719,682.1892569770375,704.3614243698485,44.49688195244366,-9.42046237862246,5.644109886364285,-15.064572264986746
2022-06-06 00:00:00+05:30,674.0630390004835,681.0326716046244,667.3920927824454,669.2838745117188,6756864,0.0,0.0,665.9110565185547,720.1203637695312,680.9601729327214,702.9858341793336,42.780271416786896,-9.416850388911485,4.51817750086021,-13.935027889771694
2022-06-07 00:00:00+05:30,669.2838534430459,675.0586795506141,658.2319713421625,662.9613647460938,8312778,0.0,0.0,666.214730834961,718.9972570800782,679.2460007244712,701.416247142736,40.67611248855675,-9.811065701479265,3.2991697506339452,-13.11023545211321
2022-06-08 00:00:00+05:30,667.0934280907413,670.6280154437142,652.6065605750846,655.7428588867188,9282494,0.0,0.0,665.5302154541016,717.7496923828126,677.0076062637328,699.6251338777942,38.35649484007689,-10.583952061059676,2.0210267128428274,-12.604978773902504
2022-06-09 00:00:00+05:30,654.1000477156146,659.8748741432535,647.1801858817273,658.43115234375,5682743,0.0,0.0,666.1101867675782,716.2621728515625,675.2384201761154,698.0096836215571,39.73483794625134,-10.854424208761998,1.400443652112406,-12.254867860874404
2022-06-10 00:00:00+05:30,652.6563474575167,660.8207868414191,649.3706754825154,657.8338012695312,6758832,0.0,0.0,667.342318725586,714.7268640136718,673.5808374231074,696.4341588234385,39.52336172219491,-10.99028738215577,1.0116643829749083,-12.001951765130679
2022-06-13 00:00:00+05:30,644.1434419375944,649.1715220942183,637.3231218460046,646.134765625,6135431,0.0,0.0,667.8401519775391,712.7056701660156,670.9669258232876,694.4616335999704,35.53452950148221,-11.9047438528155,0.07776632985214427,-11.982510182667644
2022-06-14 00:00:00+05:30,642.201824855035,652.855417669495,640.3100432333606,647.9268798828125,5391833,0.0,0.0,667.6310607910157,710.5072485351562,668.7726357337185,692.6367412973367,36.59024830996594,-12.342571074471948,-0.28804871344344285,-12.054522361028505
2022-06-15 00:00:00+05:30,651.1628560587409,653.50263712022,644.3923675687805,647.6780395507812,4638336,0.0,0.0,667.1855010986328,708.03701171875,666.7636265734387,690.8736549543346,36.500863442462276,-12.564792530182785,-0.40821613532342305,-12.156576394859362
2022-06-16 00:00:00+05:30,654.6476229263766,655.3445983291939,628.3123565876592,632.1456909179688,5960283,0.0,0.0,666.4238189697265,705.06595703125,663.4666803205369,688.5705975411438,31.352472874699494,-13.834756894622956,-1.3425443998108726,-12.492212494812083
2022-06-17 00:00:00+05:30,627.2669433811496,638.0200788278945,623.8816689023714,632.4443969726562,6849201,0.0,0.0,664.5370422363281,702.120791015625,660.5121771445482,686.3695700678697,31.552421313174914,-14.648253769583789,-1.724833019817364,-12.923420749766425
2022-06-20 00:00:00+05:30,632.4941412611751,634.3859229379128,619.500767278361,625.5742797851562,5305222,0.0,0.0,662.1947479248047,699.2254064941407,657.1847583484157,683.9854410371751,29.42928611864276,-15.666720740483811,-2.194639992573908,-13.472080747909903
2022-06-21 00:00:00+05:30,629.2582305884231,642.5502907396979,625.4249571311198,633.7387084960938,10333886,0.0,0.0,660.8232238769531,696.1269067382813,654.9518012196231,682.0149809375249,35.02478747567441,-15.634833361934966,-1.7302020912200486,-13.904631270714917
2022-06-22 00:00:00+05:30,629.805865956145,630.9011304097081,618.5548996537414,624.080810546875,5899024,0.0,0.0,658.9215087890625,692.7794909667969,652.0117068698376,679.7430526869111,31.811563468117736,-16.20210623951175,-1.8379799750374648,-14.364126264474285
2022-06-23 00:00:00+05:30,624.6781981703394,638.0697999181599,615.5678689676441,626.6196899414062,8450777,0.0,0.0,656.2381958007812,689.6590856933594,649.5934195433204,677.6597835596364,33.53773819361133,-16.259379724778682,-1.5162027682435166,-14.743176956535166
2022-06-24 00:00:00+05:30,631.5980911399429,639.6629888540492,628.9098526722861,631.2496337890625,6918584,0.0,0.0,653.5349792480469,686.3843542480469,647.8463923286291,675.8397776862805,36.685456342143965,-15.74961978692943,-0.8051542643154104,-14.944465522614019
2022-06-27 00:00:00+05:30,641.2061497688404,644.0935930743942,631.9465078967493,634.3360595703125,4552114,0.0,0.0,650.7197418212891,683.2788842773438,646.5596939706942,674.212180897419,38.76739650788229,-14.924541770031283,0.01593900206618848,-14.940480772097471
2022-06-28 00:00:00+05:30,631.2496024899418,641.9031962633267,629.2582788227811,639.5633544921875,10711123,0.0,0.0,648.5865325927734,680.1624621582031,645.8933759251221,672.8534033913314,42.232033152164526,-13.691040688721955,0.9995520667004136,-14.690592755422369
2022-06-29 00:00:00+05:30,633.5893782351783,635.0331000359695,620.7951480879473,622.8362426757812,13620084,0.0,0.0,645.574658203125,676.7324072265625,643.6974584728039,670.8919461083688,35.34102517597798,-13.902955705087606,0.6301096402678112,-14.533065345355418
2022-06-30 00:00:00+05:30,621.2929558163161,636.5265690211992,620.9444984986067,634.0374145507812,10563138,0.0,0.0,642.8490356445312,673.5881066894531,642.7774542897541,669.4466703610124,42.148451298750366,-13.017006970558327,1.212846699837673,-14.229853670396
2022-07-01 00:00:00+05:30,630.2539241590688,643.7949004331678,629.0591178359721,641.1564331054688,6549359,0.0,0.0,641.1887725830078,670.4448022460938,642.6230713198222,668.3372492921675,46.03703351166665,-11.60664671583163,2.0985655636514977,-13.705212279483128
2022-07-04 00:00:00+05:30,638.766892127013,652.30793069075,637.7214592658992,651.5113525390625,3933384,0.0,0.0,640.300146484375,667.9307568359375,643.4695742930832,667.6774102038105,51.17755418959674,-9.543360672943436,3.329481285231754,-12.87284195817519
2022-07-05 00:00:00+05:30,653.2536505070805,657.037213777085,643.197491130373,645.6866455078125,5044787,0.0,0.0,639.436410522461,665.2982263183594,643.6807239325813,666.8150272745557,48.38541046589689,-8.282718770917768,3.6720985498059395,-11.954817320723707
2022-07-06 00:00:00+05:30,649.1715636567586,656.5394860800334,648.1759017493096,655.0957641601562,6684686,0.0,0.0,639.4040557861329,662.9673840332031,644.7678706209217,666.355448328893,52.859568674402546,-6.450061447822691,4.403804698320814,-10.853866146143504
2022-07-07 00:00:00+05:30,661.5773251466373,662.6243491917468,649.8106445871392,656.2922973632812,11171714,1.0,0.0,639.2971130371094,660.8416821289062,645.865435072575,665.9608149576926,53.41262277021008,-4.845263899874226,4.806881797015423,-9.652145696889649
2022-07-08 00:00:00+05:30,665.117335716789,674.889662209917,659.5331665386813,667.2612915039062,12669533,0.0,0.0,639.7684875488281,658.6585668945313,647.9031356850827,666.0118140379363,58.24847615557051,-2.657707725450223,5.595550377151541,-8.253258102601764
2022-07-11 00:00:00+05:30,664.6685830411044,680.0251393287817,663.4719579898904,677.9310302734375,14864123,0.0,0.0,641.35830078125,657.7084045410156,650.7629351696879,666.4792342824659,62.34316023495248,-0.062375917999247577,6.552705747682014,-6.615081665681261
2022-07-12 00:00:00+05:30,675.0891115973023,683.3158252910656,671.1004019275989,674.2913818359375,6446810,0.0,0.0,642.6765258789062,656.7103405761719,653.0037396140926,666.7855930100529,60.17517768060028,1.681372214396788,6.63716310406244,-4.955790889665652
2022-07-13 00:00:00+05:30,678.080589384677,683.066476071329,675.039210678394,677.9808959960938,9614674,0.0,0.0,644.1916687011719,656.1873168945312,655.3825164123784,667.2246244997016,61.63175432137201,3.322715929598303,6.622805455411164,-3.300089525812861
2022-07-14 00:00:00+05:30,676.6845308421392,678.5293454722969,663.7212251872103,666.36376953125,8026311,0.0,0.0,645.9025726318359,655.5285302734375,656.4283500427472,667.1908654813309,54.83151832165721,3.6440809351435064,5.5553363687650945,-1.911255433621588
2022-07-15 00:00:00+05:30,668.1088429542968,672.2970001125559,657.2395851939194,660.3308715820312,6015057,0.0,0.0,647.2968963623047,655.3255749511719,656.8000187607743,666.9218461127309,51.644701009542935,3.373077830317925,4.227466611151611,-0.8543887808336854
2022-07-18 00:00:00+05:30,666.1642921140283,686.0579916910153,661.5773008170573,682.56787109375,12464664,0.0,0.0,650.1465759277344,655.760517578125,659.2540999353434,667.5354157198298,60.70935014744988,4.896205525986829,4.600475445456412,0.2957300805304176
2022-07-19 00:00:00+05:30,676.684475407871,701.8632016365236,676.684475407871,698.6223754882812,10171314,0.0,0.0,653.3907592773437,656.5952075195313,663.0034595118136,668.7545121813376,65.70752210219348,7.314443181975207,5.614970481155831,1.6994727008193755
2022-07-20 00:00:00+05:30,704.3063509131692,712.4832173648086,700.7165367943401,703.7080688476562,11620331,0.0,0.0,657.3721221923828,657.2807055664063,666.88008897237,670.1252398937423,67.13381659957744,9.531414682634477,6.265553585452081,3.2658610971823956
2022-07-21 00:00:00+05:30,705.9517495740891,716.4221122306552,702.3618744312539,713.5302734375,8036515,0.0,0.0,661.7176513671875,658.6146765136718,671.3229636833348,671.8273980719289,69.75061561822342,11.943275743792242,6.9419317172878765,5.001344026504365
2022-07-22 00:00:00+05:30,714.9761888136653,732.9253818382762,713.0815274270275,728.6873779296875,9713490,0.0,0.0,666.5895385742188,660.5246008300782,676.7862412306065,674.0572012036057,73.2853913336115,14.905918520500109,7.923659595196595,6.982258925303514
2022-07-25 00:00:00+05:30,731.4296012084349,736.7146290991243,720.4606501337344,725.2969360351562,6230411,0.0,0.0,671.137582397461,662.3069775390625,681.4063074024684,676.0666025695489,71.27892800731394,16.786746772539345,7.843590277788664,8.943156494750681
2022-07-26 00:00:00+05:30,720.8595117673458,721.4079471228969,700.0683280470308,704.4559326171875,14135744,0.0,0.0,674.382211303711,663.3539221191406,683.6015098038703,677.1799096302406,60.34231627744972,16.406498016178944,5.970673217142609,10.435824799036334
2022-07-27 00:00:00+05:30,705.9517637571596,718.5161748523154,701.6140054802781,716.9207153320312,6106880,0.0,0.0,679.0864349365235,664.5605517578125,686.774767473219,678.7383725989383,63.90905023459285,16.91595532658289,5.184104422037244,11.731850904545645
2022-07-28 00:00:00+05:30,722.9535902443307,731.629045499838,721.0090822083396,723.85107421875,6964838,0.0,0.0,683.5771179199219,666.0899865722656,690.3058443061267,680.5074981526565,65.75329218347662,17.67517751428352,4.754661287790297,12.920516226493222
2022-07-29 00:00:00+05:30,731.8284817688442,732.8755058141393,720.9592243048519,722.7042846679688,6624854,0.0,0.0,687.6545104980469,667.1404736328125,693.3914100548735,682.1622740944334,65.15993945640201,17.97710140071831,4.045268139380072,13.93183326133824
2022-08-01 00:00:00+05:30,723.9507435924569,730.2329486163455,718.3665748740835,728.7371826171875,5493105,0.0,0.0,691.5158020019531,668.2668139648438,696.7576741084273,683.9887410953257,66.85446236134533,18.490041018225043,3.6465662055094423,14.8434748127156
2022-08-02 00:00:00+05:30,724.9479704233723,732.2771999745233,719.064599413162,728.3882446289062,7275626,0.0,0.0,695.6508819580079,669.6111950683594,699.770109396092,685.7298980966426,66.65253639006984,18.65336855973385,3.0479149976145994,15.60545356211925
2022-08-03 00:00:00+05:30,727.9394606447318,736.4154680631977,725.4465172863594,728.4380493164062,9458761,0.0,0.0,699.3179962158204,670.9376538085937,702.5003893885029,687.4047275562413,66.66801135434405,18.572730756104193,2.3738217551879544,16.198909000916238
2022-08-04 00:00:00+05:30,733.1248202408549,734.6205863073708,710.1897405542793,719.5631713867188,7466635,0.0,0.0,702.4815399169922,671.7231982421876,704.1254162454758,688.6658430005738,61.21655446645491,17.5899304682016,1.1128171738282902,16.47711329437331
2022-08-05 00:00:00+05:30,721.9563666915108,729.136055438918,719.164282418317,726.4436645507812,4583196,0.0,0.0,705.4406585693359,672.5457922363281,706.2509637031238,690.1473261986212,63.695128245616296,17.16834644412097,0.5529865197981287,16.615359924322842
2022-08-08 00:00:00+05:30,727.9394611141252,745.2404636872355,726.0447998153904,743.445556640625,8191870,0.0,0.0,708.7163848876953,673.6018872070313,709.7933058876478,692.2374528826214,68.97194886757002,17.998671190892992,1.106649013256117,16.892022177636875
2022-08-10 00:00:00+05:30,742.8971266069012,745.7390577125292,734.0721313943721,736.9140625,9069541,0.0,0.0,711.8475189208984,674.6956176757812,712.3762350888242,693.9894767891852,65.05975967940073,17.923066588788288,0.8248355289211275,17.09823105986716
2022-08-11 00:00:00+05:30,740.952677617127,758.5030369129978,740.952677617127,756.7080688476562,12384073,0.0,0.0,715.7838775634766,676.1683044433594,716.5983144944272,696.4490294189292,70.51754917136914,19.23858979619672,1.7122869890636458,17.526302807133074
2022-08-12 00:00:00+05:30,756.5584445460939,759.8491175281688,751.2734169248375,758.4031982421875,4614341,0.0,0.0,720.3858489990234,677.56537109375,720.579731994214,698.8786046669002,70.93624292420768,20.185251180525597,2.127158698714016,18.05809248181158
2022-08-16 00:00:00+05:30,762.840748015689,769.8209901543946,756.3092479013336,762.4917602539062,7051498,0.0,0.0,725.4938934326171,679.3279724121094,724.5713537332323,701.3732382193318,71.97020644077686,21.023059192766254,2.3719733687637365,18.651085824002518
2022-08-17 00:00:00+05:30,769.2226787998328,771.5660213693409,764.0871907906396,769.920654296875,7674390,0.0,0.0,729.8615325927734,681.3407080078125,728.8903347392935,704.061372183157,73.79445854495333,22.032500787633012,2.7051319709043966,19.327368816728615
2022-08-18 00:00:00+05:30,769.8209591243551,773.8096687571237,759.948878438101,762.8905639648438,9449924,0.0,0.0,733.0749420166015,683.3392919921876,732.1284518083935,706.3683993118506,69.20438152290299,22.011486275213997,2.147293966788304,19.864192308425693
2022-08-19 00:00:00+05:30,769.8209496828589,770.4691393353856,748.13234132068,755.3618774414062,7553270,0.0,0.0,735.6576324462891,685.3316723632812,734.3411590115376,708.2897121796763,64.57220767927876,21.143599783270133,1.0235259798755507,20.120073803394583
2022-08-22 00:00:00+05:30,751.2734903374986,752.320514452807,737.1135588430601,739.7560424804688,4994311,0.0,0.0,736.9689208984375,686.9581701660156,734.8568621990548,709.5236859169622,56.17816309877117,18.977769118529636,-0.9138437478919563,19.891612866421593
2022-08-23 00:00:00+05:30,735.9169624467725,748.7306684098054,731.7288049594583,744.94140625,6594634,0.0,0.0,737.7816223144531,688.700322265625,735.8172949658115,710.9126161261009,58.12597599425675,17.47826962072088,-1.9306745965605714,19.40894421728145
2022-08-24 00:00:00+05:30,742.8971052177226,749.9271931683492,739.9055732504029,748.0325927734375,6875820,0.0,0.0,738.9184051513672,690.7382788085938,736.9806566617759,712.3683014848201,59.2877260048767,16.350855895011364,-2.4464706578160715,18.797326552827435
2022-08-25 00:00:00+05:30,751.7719780104849,756.4586625503604,737.9111894314218,741.251708984375,6320890,0.0,0.0,740.7581939697266,692.604775390625,737.3874235496426,713.5009841318615,55.640956235009746,14.740294800299353,-3.2456254020224655,17.985920202321818
2022-08-26 00:00:00+05:30,745.8887110119414,752.8689529599142,739.2076101177345,742.7974853515625,4613713,0.0,0.0,742.0520324707031,694.5071643066407,737.9026675307778,714.6498665326341,56.30083138312444,13.433788412932586,-3.6417054315113866,17.075493844443972
2022-08-29 00:00:00+05:30,727.9395069327711,732.825700571033,720.0119343764754,726.6431884765625,5904146,0.0,0.0,742.1916381835938,696.3971142578125,736.830336192281,715.1201928833764,48.226741240087726,10.968418832654606,-4.8856600094314935,15.8540788420861
2022-08-30 00:00:00+05:30,730.9309435328562,751.4229243883859,730.9309435328562,749.3787231445312,9193270,0.0,0.0,743.5253601074219,698.73580078125,738.0254206639239,716.4636646583236,57.470889123584634,10.72552612836978,-4.102842170973059,14.828368299342838
2022-09-01 00:00:00+05:30,731.4295972639453,752.7692172211591,731.4295972639453,742.049560546875,9353805,0.0,0.0,744.1909790039062,701.0653063964844,738.4086720813478,717.4670331245413,54.116416283682085,9.828334815189692,-4.000026787322517,13.828361602512208
2022-09-02 00:00:00+05:30,746.8858335061524,752.4201556138967,738.1605317128563,748.0824584960938,7767812,0.0,0.0,745.1756896972656,703.3521813964844,739.3299850732284,718.6676380410728,56.3736748081006,9.494660149072502,-3.4669611627517654,12.961621311824267
2022-09-05 00:00:00+05:30,748.0825100725499,756.6582115097759,747.23487275075,753.9658203125,5894055,0.0,0.0,746.4520782470703,705.9498815917968,740.7238741436353,720.0518804830896,58.51695457850152,9.594360881496527,-2.6938083442621927,12.28816922575872
2022-09-06 00:00:00+05:30,755.8604142252605,759.4003815652183,746.6863706399253,747.8829956054688,7606181,0.0,0.0,747.8680694580078,708.3751477050781,741.4056952352385,721.1432967623986,55.48203596524593,9.077896967233755,-2.5682178068199732,11.646114774053729
2022-09-07 00:00:00+05:30,741.0523392330565,755.8603978806888,736.963875761097,753.2677612304688,10156460,0.0,0.0,749.2092742919922,710.8155102539063,742.5354158062128,722.4030796827151,57.579466777889685,8.999362133070804,-2.1174021127863405,11.116764245857144
2022-09-08 00:00:00+05:30,759.5998195637186,779.992107824351,754.9629207046588,777.5490112304688,13410790,0.0,0.0,750.9144470214844,713.6797692871094,745.8700439418561,724.5656652336074,65.4778633501399,10.772240970885377,-0.2756186199774149,11.047859590862792
2022-09-09 00:00:00+05:30,785.7259299551806,785.7259299551806,777.7983575993807,782.6346435546875,8732302,0.0,0.0,753.2004760742187,716.5411950683593,749.3714343811733,726.8428800697283,66.86926490997477,12.444179493944034,1.1170559224649939,11.32712357147904
2022-09-12 00:00:00+05:30,786.7729462470007,802.727784193708,784.5791438567531,798.7390747070312,15521649,0.0,0.0,755.3020263671875,720.0592517089843,754.0731144122075,729.6623386829558,70.8727597269929,14.89697279346251,2.855879377586774,12.041093415875736
2022-09-13 00:00:00+05:30,802.7278097179063,806.6666726338184,800.8830558668117,803.2762451171875,9887516,0.0,0.0,757.5456787109375,723.4440283203126,758.7591268603007,732.5491585431218,71.90289477198527,17.010850393684905,3.975805582247334,13.03504481143757
2022-09-14 00:00:00+05:30,792.1576561643291,809.0597623825607,792.1576561643291,800.783203125,10494713,0.0,0.0,759.4602508544922,726.6365637207032,762.7614198378911,735.2250034286857,70.42896990468988,18.274291313072922,4.1913972013082805,14.082894111764642
2022-09-15 00:00:00+05:30,803.2263289825826,804.2235062997552,785.4267382161999,787.7700805664062,5996899,0.0,0.0,760.3527221679688,729.36173828125,765.1431970501308,737.2855946889885,63.151968285700676,18.017828794379966,3.1479477460922585,14.869881048287708
2022-09-16 00:00:00+05:30,783.8312560812323,790.3627556535364,773.9093291206341,787.0720825195312,11467351,0.0,0.0,761.5617980957031,732.1894470214844,767.2316623329308,739.2380059764607,62.77728781713438,17.555884483466684,2.148802748143181,15.407081735323503
2022-09-19 00:00:00+05:30,787.0720803827568,799.7362450644574,784.4794435843068,795.8472290039062,11427799,0.0,0.0,763.5860656738281,735.0044763183594,769.9569543968332,741.4579755069489,65.54494303625665,17.693906928274373,1.829460154360694,15.864446773913679
2022-09-20 00:00:00+05:30,804.5226543206677,813.8961455287777,799.7362153291775,810.4558715820312,8274079,0.0,0.0,767.1210571289063,738.0877478027344,773.8139941287568,744.1637753530306,69.59770019877841,18.765766007466596,2.321055386842332,16.444710620624264
2022-09-21 00:00:00+05:30,806.9657674723591,813.6967145597096,801.0823967841915,804.2733764648438,6567084,0.0,0.0,770.0876556396485,740.8279895019531,776.7148876845746,746.5210146123175,66.05649001233427,18.89849626235764,1.9630285133866998,16.93546774897094
2022-09-22 00:00:00+05:30,802.7278027738513,806.5170647013263,782.0862185299482,786.972412109375,7804275,0.0,0.0,772.0346466064453,743.0088171386719,777.6917947726508,748.1073439259276,57.2742125212376,17.40698581532763,0.37721445308535095,17.02977136224228
2022-09-23 00:00:00+05:30,786.7729857405162,786.7729857405162,762.0928445528384,766.4305419921875,10278805,0.0,0.0,773.293588256836,744.8516003417968,776.6192945078449,748.8259007128397,48.95236602732105,14.40138558890078,-2.1027086186732014,16.50409420757398
2022-09-26 00:00:00+05:30,756.8576398084025,761.3449380681361,738.908446769468,740.50390625,11090327,0.0,0.0,773.1789093017578,746.102060546875,773.1797337213834,748.4995479888069,40.87904556418163,9.814230587749194,-5.351890895859832,15.166121483609025
2022-09-27 00:00:00+05:30,744.2433306353173,752.0213630716478,728.4380931375795,735.4183349609375,11358306,0.0,0.0,773.6176666259765,747.4831518554688,769.5834100299123,747.986559242616,39.502834554187714,5.702776047118391,-7.570676349192507,13.273452396310898
2022-09-28 00:00:00+05:30,731.8284915436424,731.8284915436424,705.7024324428746,714.427734375,13170668,0.0,0.0,771.8701171875,748.5650891113281,764.3304885389683,746.6705268948663,34.36098168721148,0.7420982144453774,-10.025083345492417,10.767181559937795
2022-09-29 00:00:00+05:30,720.2113464313024,728.7372006650792,708.9931011597868,716.9705200195312,12090981,0.0,0.0,770.6161651611328,749.2531420898438,759.820015346641,745.5058207428924,35.45698087260083,-2.950086397508926,-10.973814365957377,8.023727968448451
2022-09-30 00:00:00+05:30,717.9676791715202,735.6675768177626,712.383510456447,731.1304321289062,9536017,0.0,0.0,769.7685638427735,749.9033032226563,757.0876740878091,744.9420800129321,41.331700500868614,-4.679638772537146,-10.162693392788478,5.483054620251332
2022-10-03 00:00:00+05:30,728.9366744314251,739.9056257566585,719.0147471964792,720.7099609375,6405645,0.0,0.0,768.1057708740234,750.2433410644531,753.6231299782559,743.9918008335035,38.550816151349444,-6.812634616987225,-9.836551389790845,3.0239167728036205
2022-10-04 00:00:00+05:30,731.3299379896071,742.3985829128676,729.9338652682593,740.703369140625,5438934,0.0,0.0,767.7467895507813,750.7868029785157,752.3926765651482,743.8628427279004,46.05092878685605,-6.811232591540943,-7.868119491475651,1.056886899934708
2022-10-06 00:00:00+05:30,747.8829869285663,758.2536553591251,743.8942776649474,752.9685668945312,9376433,0.0,0.0,767.7318298339844,751.2724267578125,752.4475232631847,744.2199299501212,50.07651357678213,-5.75409292067684,-5.448783856489238,-0.3053090641876015
2022-10-07 00:00:00+05:30,751.6722942059739,755.361862671466,740.2047543766381,753.5669555664062,7500540,0.0,0.0,766.5327270507812,751.8378271484376,752.5541358634915,744.5864799742893,50.27147293830397,-4.812541171438056,-3.6057856858003636,-1.2067554856376925
2022-10-10 00:00:00+05:30,745.8886833737826,776.5020412409772,742.8971512212139,774.6572265625,14106654,0.0,0.0,766.1338562011719,753.2418530273437,754.65919212054,745.7657249385329,56.69097154197746,-2.3375996226715188,-0.904675309627061,-1.4329243130444578
2022-10-11 00:00:00+05:30,777.7983801810831,793.2546300436559,772.3139044233959,783.3327026367188,15953495,0.0,0.0,765.3635375976562,754.5700927734375,757.3900026458904,747.2389397502265,59.0336803066376,0.3201572276977913,1.4024652325937992,-1.0823080048960079
2022-10-12 00:00:00+05:30,787.2715405531324,808.5114065487415,781.2386295840404,806.4173583984375,21228018,0.0,0.0,765.5205932617188,756.2214184570313,762.0592746223234,749.5596620501564,64.53157628563788,4.240307843848427,4.258092678995548,-0.017784835147120814
2022-10-13 00:00:00+05:30,804.7221540417754,812.6497264679224,793.35430744622,799.7362670898438,13024911,0.0,0.0,765.4682464599609,757.7620581054688,765.6475596192302,751.5273720517129,61.9406559663407,6.730363773835279,5.3985188871859195,1.3318448866493593
2022-10-14 00:00:00+05:30,813.2480478282229,818.3835359818531,792.2076282201941,798.2405395507812,8220645,0.0,0.0,765.9917694091797,759.1521252441406,768.7516529460446,753.359260973245,61.34682391746209,8.485245695650974,5.7227206472012915,2.7625250484496826
2022-10-17 00:00:00+05:30,801.232026284662,814.6939209391024,794.8500666959244,811.8519897460938,9463827,0.0,0.0,767.2307647705078,760.8214001464844,772.8564469270017,755.6530934741411,64.66660742366301,10.849268918401663,6.469395095961584,4.379873822440079
2022-10-18 00:00:00+05:30,817.6854370494138,820.5772757451049,809.2592761657806,814.0457153320312,8470882,0.0,0.0,768.1406890869141,762.5335534667969,776.7792343941474,757.9430002136662,65.18558225856236,12.752783525208088,6.698327762214406,6.0544557629936815
2022-10-19 00:00:00+05:30,816.1399039089963,836.0834530992076,814.5942910193314,827.5076904296875,10868663,0.0,0.0,768.9932800292969,764.6924438476562,781.6105159213417,760.6710272809612,68.26591807062378,15.172700008129254,7.294595396108457,7.878104612020797
2022-10-20 00:00:00+05:30,822.5716510708714,829.5518927814788,814.6440786698204,823.5189208984375,11813817,0.0,0.0,769.9555572509765,766.6339489746093,785.6017925858271,763.1356505600779,66.3915008751349,16.57754526709175,6.959552524056761,9.61799274303499
2022-10-21 00:00:00+05:30,857.6722241549669,903.4426893862416,853.4342203692147,897.8585205078125,58057724,0.0,0.0,775.4998626708984,769.7222082519531,796.2929095307782,768.4189003619499,78.33243654994914,23.419514082501337,11.041217071573078,12.378297010928259
2022-10-24 00:00:00+05:30,913.4144953813076,915.8575921758091,902.4455440175582,906.8829956054688,3085307,0.0,0.0,782.5224853515625,773.1215869140625,806.8252986807487,773.8488648813036,79.29419873725278,29.233043058689418,13.483796838208924,15.749246220480494
2022-10-25 00:00:00+05:30,903.1435055347264,908.029637855994,889.0832688884763,900.301513671875,13187308,0.0,0.0,790.5123657226562,775.9934558105468,815.7277953465702,778.8077922848555,76.62301784010486,32.92964363440535,13.744317931139886,19.185325703265466
2022-10-27 00:00:00+05:30,906.4342293603936,917.3533337348352,898.7061047426346,912.56689453125,11967044,0.0,0.0,799.3697937011718,779.0767297363282,824.9505666974921,784.0532472749103,78.10342156959827,36.42900901288624,13.79494664769662,22.63406236518962
2022-10-28 00:00:00+05:30,912.417319683032,915.359005181362,896.3627879113563,900.5010375976562,7320207,0.0,0.0,808.6734588623046,781.8369152832031,832.1458496403649,788.6198272875671,73.19295431997806,37.79301314077827,12.12716062047092,25.66585252030735
2022-10-31 00:00:00+05:30,905.4370427079022,915.4088163060068,899.55367193987,903.4426879882812,9038777,0.0,0.0,817.9970672607421,784.5073559570312,838.9360247211188,793.1226845699481,73.62827457262263,38.66564930472316,10.399837427532646,28.265811877190515
2022-11-01 00:00:00+05:30,901.4483376873028,901.4483376873028,866.5471299228608,869.2893676757812,29191921,0.0,0.0,824.9050140380859,786.63533203125,841.8268192882294,796.1096133191965,61.201734922516145,36.1842230343982,6.3347289257661465,29.849494108632054
2022-11-02 00:00:00+05:30,872.5302424591665,874.5245972990732,859.16804068664,861.112548828125,11029140,0.0,0.0,831.9251434326172,788.7503454589844,843.6635554348862,798.6587480450368,58.64958232086527,33.17544797966514,2.6607630968264644,30.514684882838672
2022-11-03 00:00:00+05:30,855.4784797505638,877.9149703049662,853.583818425264,861.611083984375,10185978,0.0,0.0,837.9705291748047,791.1874462890624,845.3728438681709,801.1274671014814,58.76249206263956,30.479846989365342,-0.027870314778667193,30.50771730414401
2022-11-04 00:00:00+05:30,866.5471421892083,870.436158311733,859.8660415785803,865.649658203125,7323879,0.0,0.0,843.6045837402344,793.601611328125,847.3039690429284,803.6577491054676,59.72197367655125,28.342725672656115,-1.731993305190315,30.07471897784643
2022-11-07 00:00:00+05:30,873.7766961945512,874.3251315916269,858.8688819014523,870.4860229492188,9931261,0.0,0.0,849.450537109375,796.0506799316406,849.5117837006704,806.2784657267912,60.89537882524127,26.73115572423717,-2.6748506028874104,29.40600632712458
2022-11-09 00:00:00+05:30,872.5800518329529,878.263975056133,866.0485521842196,871.23388671875,10190209,0.0,0.0,854.2793701171875,798.6503234863281,851.580555416678,808.8257371382406,61.084175428263926,25.223559789293404,-3.3459572302649434,28.569517019558347
2022-11-10 00:00:00+05:30,841.3185424804688,854.2818480322082,838.6261514625323,841.3185424804688,18956575,0.0,0.0,857.178662109375,800.6207446289062,850.6032208513247,810.0999647987201,50.567193303801105,21.36853768120625,-5.76078347068168,27.12932115188793
2022-11-11 00:00:00+05:30,844.6092595647154,852.287537733334,841.7673283139288,848.298828125,19329819,0.0,0.0,859.2727355957031,803.053857421875,850.3837548773892,811.5979594389663,52.61716260516627,18.66153701909252,-6.774227306236327,25.435764325328847
2022-11-14 00:00:00+05:30,848.099311729996,851.4897389674229,844.9581788228836,848.597900390625,6985306,0.0,0.0,861.7158172607421,805.0382409667968,850.2136734976973,813.048937515502,52.70765468480505,16.3518580825679,-7.267124994208757,23.618983076776658
2022-11-15 00:00:00+05:30,848.8472424570955,857.4229435570326,844.8086862514609,856.2263793945312,7124767,0.0,0.0,864.6151092529296,807.32177734375,850.7863121545387,814.7421705303659,55.064987336031095,14.96447424278108,-6.923607067196464,21.888081309977544
2022-11-16 00:00:00+05:30,855.5781714484198,859.1679855848712,848.1990346688658,852.9855346679688,6521854,0.0,0.0,866.6717864990235,809.4198388671875,850.9957619177225,816.241910300468,53.83721579153016,13.448428358860156,-6.751722360893911,20.200150719754067
2022-11-17 00:00:00+05:30,852.9855035681978,858.9685674860589,850.2931126325857,855.777587890625,4909607,0.0,0.0,868.7583801269532,811.45607421875,851.4511739151417,817.7923290294939,54.772818976397026,12.330112571739619,-6.296030518411559,18.626143090151178
2022-11-18 00:00:00+05:30,856.8745347042634,863.3561878576434,852.5866840215263,856.7748413085938,7065304,0.0,0.0,870.2217376708984,813.6339111328125,851.9581898573751,819.3210550012234,55.12267805956312,11.392978110081458,-5.786531984055777,17.179510094137235
2022-11-21 00:00:00+05:30,857.5725566347402,868.4916612435371,856.5753792433044,867.5941772460938,7209207,0.0,0.0,872.4255004882813,815.920439453125,853.4473315134436,821.2141186186692,58.842501768794854,11.392002374621939,-4.6300061756122375,16.022008550234176
2022-11-22 00:00:00+05:30,872.4803708092801,874.5245722891478,865.8989635080775,867.5941772460938,5535233,0.0,0.0,870.9122833251953,817.7213427734375,854.7946501546484,823.0329444471956,58.842501768794854,11.261414520633707,-3.808475223680375,15.069889744314082
2022-11-23 00:00:00+05:30,871.4333493585749,875.322304679219,866.2978614319851,872.2310791015625,5861417,0.0,0.0,869.1796875,819.513271484375,856.4552624353068,824.9622830610924,60.47107428757251,11.400662195915174,-2.9353820387191263,14.3360442346343
2022-11-24 00:00:00+05:30,875.5217550336203,878.3138395741358,870.6355614405592,876.0701904296875,4928778,0.0,0.0,867.9681213378906,821.0598937988282,858.3233508157241,826.966514722606,61.81818170117983,11.686091196217944,-2.1199624307330858,13.80605362695103
2022-11-25 00:00:00+05:30,880.5076699070245,889.2828191106453,878.4136216510386,885.2442626953125,7614047,0.0,0.0,866.6019897460938,822.6992541503906,860.8872471852087,829.2519166038886,64.89676227025747,12.50837790201831,-1.0381405799461767,13.546518481964487
2022-11-28 00:00:00+05:30,885.1943958431083,896.9610770661756,882.8011457225717,889.18310546875,7928147,0.0,0.0,866.0360931396484,824.4672521972657,863.5820908312602,831.6021593044715,66.15840366605066,13.324283685902287,-0.17778783684975963,13.502071522752047
2022-11-29 00:00:00+05:30,891.8754542804074,899.3542844732904,887.4878495554325,890.0306396484375,5661158,0.0,0.0,865.3654907226562,826.5124633789062,866.1010002424199,833.8934722591368,66.43792235606695,13.879291984636438,0.3017763695075111,13.577515615128927
2022-11-30 00:00:00+05:30,892.473696471914,902.5451630031516,882.9506652910733,898.7060546875,10452798,0.0,0.0,866.8363250732422,828.7451428222656,869.2062435229037,836.4351421582883,69.23872239129688,14.848014877249284,1.0163994096962838,13.831615467553
2022-12-01 00:00:00+05:30,906.9328437352748,906.9328437352748,896.9610697524789,901.2987670898438,7053100,0.0,0.0,868.8456359863281,830.8541735839843,872.2626743388028,838.9788137242316,70.04331454371987,15.644603718346616,1.4503906006348934,14.194213117711723
2022-12-02 00:00:00+05:30,895.7643914833172,904.439846505504,888.8839043616947,902.5950927734376,7988851,0.0,0.0,870.8948364257812,832.6969580078126,875.1514760944823,841.473569765377,70.45935528032942,16.193836298315432,1.5996985444829672,14.594137753832465
2022-12-05 00:00:00+05:30,904.439836217808,904.7389772435412,895.0663449923413,896.661865234375,5098164,0.0,0.0,872.4454467773437,834.5447277832031,877.2000845839959,843.6378166465141,65.94509926748349,15.966295680664075,1.0977263414652878,14.868569339198787
2022-12-06 00:00:00+05:30,894.9666543222254,904.340145576154,893.1717472995023,902.0964965820312,5351099,0.0,0.0,874.0259704589844,836.8472094726562,879.5711714409516,845.9303138988873,67.9694058351721,16.039602874845173,0.9368268285171091,15.102776046328064
2022-12-07 00:00:00+05:30,900.251710084473,915.4088181568123,897.3100246945093,912.0682983398438,9103656,0.0,0.0,876.0676910400391,839.7599645996094,882.6661359075127,848.5239603475522,71.33621453004396,16.709721154387125,1.285556086447249,15.424165067939876
2022-12-08 00:00:00+05:30,913.065492152492,941.2855998280548,911.1708307857348,936.6985473632812,17466047,0.0,0.0,880.8366912841797,843.683857421875,887.8120798556812,851.9817872893456,77.59937378391204,19.009124615677024,2.867967638189718,16.141156977487306
2022-12-09 00:00:00+05:30,941.3354288061224,942.332606167146,924.9816957401875,931.0645141601562,8018981,0.0,0.0,884.9749755859375,847.5967810058594,891.9313593132503,855.0830706960439,73.6358237735922,20.14458479717132,3.2027422557472107,16.94184254142411
2022-12-12 00:00:00+05:30,927.2753079198188,938.4935539034892,919.3975819505786,936.0006103515624,7621788,0.0,0.0,889.3451110839844,852.0282385253906,896.1284308407086,858.2563075452799,74.84795149384541,21.19838509370004,3.4052340418207443,17.793151051879295
2022-12-13 00:00:00+05:30,937.5461719265118,946.6204616142912,933.9562968902642,941.9337158203124,8136559,0.0,0.0,893.6304779052734,856.5275024414062,900.4908389340043,861.5377745364577,76.260762533083,22.255731231294362,3.5700641435320506,18.68566708776231
2022-12-14 00:00:00+05:30,942.9808167296424,947.4681149538588,935.8509740949032,939.739990234375,8573479,0.0,0.0,897.9682006835938,860.6996936035156,904.2288533435634,864.6045280932389,74.59240080530923,22.655511705673348,3.1758756943288304,19.479636011344517
2022-12-15 00:00:00+05:30,937.0974736754788,942.2828083945964,929.9676308288324,935.5020141601562,7359261,0.0,0.0,901.9544219970703,864.9955346679687,907.2072496118104,867.3848216644906,71.34516015055311,22.372475391010767,2.3142715037329964,20.05820388727777
2022-12-16 00:00:00+05:30,929.6185791679716,942.5320379484576,926.4774461884648,932.4605102539062,6926928,0.0,0.0,905.7387054443359,868.8306774902344,909.6123220539148,869.9368094523109,69.02281317235852,21.653139215878923,1.2759482628809238,20.377190952998
2022-12-19 00:00:00+05:30,932.4605305600098,945.4238363174336,929.7682003622306,943.5292358398438,4842336,0.0,0.0,909.5354583740234,872.6418908691406,912.8425043192415,872.8227869577044,72.52753923062085,21.725772581638125,1.0788653029120994,20.646907278726026
2022-12-20 00:00:00+05:30,941.0861496047994,950.0607459983815,937.7954764330614,947.0692138671876,9511818,0.0,0.0,913.5092102050781,876.5119360351563,916.1021909428554,875.7344115423899,73.55791452396122,21.817483322443877,0.9364608349742802,20.881022487469597
2022-12-21 00:00:00+05:30,950.4097967111322,956.1934745716464,925.3806672334824,929.6685180664062,8368960,0.0,0.0,916.3810821533203,879.6121618652344,917.3942220974793,877.8494745433317,61.37291872087541,20.25261448486549,-0.5027264020832867,20.755340886948776
2022-12-22 00:00:00+05:30,933.3581103348108,933.3581103348108,910.3731818629244,916.9545288085938,9202717,0.0,0.0,918.4252990722656,882.2845983886718,917.3523465461568,879.3830060831459,54.295718686868646,17.781557255542793,-2.379026905124789,20.160584160667582
2022-12-23 00:00:00+05:30,909.4257979845336,914.6609793874052,901.4483787039676,904.041015625,6371695,0.0,0.0,919.36513671875,884.2370715332031,916.0846007441419,880.3499868494931,48.21426383555927,14.612767123843241,-4.438253629459474,19.051020753302716
2022-12-26 00:00:00+05:30,905.437089723913,930.3166783156646,902.5452508851496,926.0786743164062,4764440,0.0,0.0,921.2099151611328,886.7639196777344,917.0364172748338,882.1432687109407,57.05452401807482,13.721559399189687,-4.263569083290424,17.98512848248011
2022-12-27 00:00:00+05:30,929.8180199201504,935.1528943271584,919.9957866344344,929.5687255859376,3346083,0.0,0.0,923.1868194580078,889.3904833984375,918.2299704473198,884.0030905491759,58.26947777958356,13.145357329874514,-3.871816922084477,17.01717425195899
2022-12-28 00:00:00+05:30,928.3223246505258,934.803977833948,918.6995382715248,922.0899658203124,5956496,0.0,0.0,924.3560150146484,891.5952429199219,918.5975890542716,885.4966935009852,54.69839921079009,11.947516099621907,-4.055726521869669,16.003242621491577
2022-12-29 00:00:00+05:30,920.1952751465648,941.3354477993806,913.2150334785608,931.912109375,12204113,0.0,0.0,925.8866821289063,893.9525708007812,919.8656386086267,887.3169058882014,58.31192760399302,11.656415292822317,-3.47746186293541,15.133877155757727
2022-12-30 00:00:00+05:30,938.593210243317,940.8368593514684,927.7239524408996,931.1143798828124,3704449,0.0,0.0,927.312646484375,896.0247045898437,920.9369473014062,889.0344538879901,57.90791962692072,11.231871677943445,-3.121604382251425,14.35347606019487
2023-01-02 00:00:00+05:30,929.6186155189538,942.3326271551744,929.1698735239236,938.9421997070312,3498198,0.0,0.0,929.4266632080078,898.3331701660156,922.6517332447992,890.9916203906977,60.779466408918935,11.395694966475276,-2.3662248749756767,13.761919841450952
2023-01-03 00:00:00+05:30,942.0834099681962,962.8745357662948,939.9394540734992,959.5838623046876,6927819,0.0,0.0,932.3010314941406,899.5676770019531,926.1690788695504,893.681512230462,67.14464025124354,13.0408094314746,-0.5768883279810844,13.617697759455684
2023-01-04 00:00:00+05:30,960.7804699742032,967.2621233782844,952.3044616765584,954.74755859375,9059392,0.0,0.0,934.4349945068359,900.5249682617188,928.8908388432837,896.0762591466694,64.50325366710675,13.795301557522066,0.1420830384531051,13.653218519068961
2023-01-05 00:00:00+05:30,957.2902048648532,959.1848660737973,935.601598660884,946.8696899414062,6998980,0.0,0.0,934.9435516357422,901.4563317871093,930.6031103764383,898.0681583935218,60.33934620273072,13.60078248677371,-0.041948825836200854,13.64273131260991
2023-01-06 00:00:00+05:30,943.8782635593038,948.2658685005362,931.6628403088516,937.2470703125,5787783,0.0,0.0,935.2526794433594,901.9499353027344,931.235868465587,899.6045863119132,55.61661460746152,12.52577045255066,-0.8935686880474023,13.419339140598062
2023-01-09 00:00:00+05:30,944.1275412518866,957.2902949804432,938.6929123005158,956.0438232421876,7025747,0.0,0.0,936.2548400878907,903.060791015625,933.5985308252632,901.8178897209435,61.89128808925524,13.040236808133841,-0.3032818659713783,13.34351867410522
2023-01-10 00:00:00+05:30,961.2789909452716,961.2789909452716,940.0889716946626,949.4624633789062,7140150,0.0,0.0,936.6312774658203,903.9811865234375,935.1093815446577,903.686304374197,58.7589938960641,12.769693287851737,-0.45906030900278516,13.228753596854522
2023-01-11 00:00:00+05:30,950.3100403426478,953.0522781295756,940.1388189240124,947.0692138671876,7100355,0.0,0.0,936.9977386474609,905.5367834472656,936.2484131944224,905.3875949425495,57.617059541937486,12.221290930139162,-0.8059701333722895,13.027261063511451
2023-01-12 00:00:00+05:30,946.6703376663008,947.01938627304,921.391914992976,932.9093017578124,8661375,0.0,0.0,936.8681030273438,906.9727185058593,935.930402581412,906.4668775627559,51.26850697568732,10.5227913542019,-2.003575767447643,12.526367121649542
2023-01-13 00:00:00+05:30,932.8594097044949,934.8039177070258,920.3946928458032,931.5132446289062,9083608,0.0,0.0,936.8207397460938,908.37076171875,935.5097208716495,907.4490880359384,50.67564954193172,8.960773837367356,-2.8524746274257513,11.813248464793107
2023-01-16 00:00:00+05:30,937.7954388973036,939.0917572630264,909.1265904541794,910.572509765625,10008273,0.0,0.0,935.1729034423828,909.26921875,933.1347483853615,907.5715751625928,42.69946112486213,5.964367886795117,-4.679104462398392,10.643472349193509
2023-01-17 00:00:00+05:30,912.3674424216036,917.1040349060922,904.1407291590708,915.1096801757812,6904960,0.0,0.0,933.5749267578125,910.1616918945313,931.4180752225443,907.8671871238944,44.72933307324164,3.9107259025495296,-5.386197157315184,9.296923059864714
2023-01-18 00:00:00+05:30,919.2977976716764,922.9873050734788,910.6721894895876,921.391845703125,5730939,0.0,0.0,933.1610931396484,911.1648510742187,930.4631962206948,908.3975658917074,47.50238787974599,2.758321872600618,-5.230880949811278,7.989202822411896
2023-01-19 00:00:00+05:30,920.9930329995686,935.3524120716194,918.1511017216882,926.0786743164062,7721730,0.0,0.0,933.617300415039,912.8600537109374,930.0456227060007,909.090942692676,49.53659279186378,2.1978854208784924,-4.633053921226723,6.830939342105215
2023-01-20 00:00:00+05:30,928.6214372190558,932.21125145,922.0400908413656,927.9234008789062,4511360,0.0,0.0,934.8114196777344,914.4525451660156,929.8435063415155,909.829470464685,50.35203689493576,1.8809075799749735,-3.960025409704194,5.8409329896791675
2023-01-23 00:00:00+05:30,933.3580560941022,937.0476246849988,921.8406691770552,930.0673828125,5236124,0.0,0.0,935.010855102539,916.0819348144531,929.8648279101808,910.6231140861679,51.33626745698382,1.7821581713488968,-3.2470198546642166,5.029178026013113
2023-01-24 00:00:00+05:30,932.3608461154328,932.3608461154328,901.1990531302914,907.630859375,18527897,0.0,0.0,933.9139617919922,917.1100244140625,927.7473070973065,910.5057707641613,41.961411123251025,-0.10532723123674259,-4.107604205799885,4.002276974563142
2023-01-25 00:00:00+05:30,902.4455563792222,904.8886532071892,881.7042784162314,889.8312377929688,11921748,0.0,0.0,932.301025390625,917.8469384765625,924.1362528778458,909.695004765291,36.298171141564566,-3.002838858253881,-5.604092666253619,2.601253807999738
2023-01-27 00:00:00+05:30,889.8311653845982,889.9807663291309,848.5979071664879,871.28369140625,17300736,0.0,0.0,929.2696044921875,918.157060546875,919.1026755948367,908.1886787512109,31.523822458016138,-6.718325014449874,-7.45566305795969,0.7373380435098156
2023-01-30 00:00:00+05:30,849.4953988763689,883.0005330994182,843.7616291809181,869.3890380859375,21233998,0.0,0.0,926.1833374023438,918.4093444824218,914.368043451132,906.6671242153178,31.074190485090064,-9.70389676905063,-8.352987850048356,-1.3509089190022736
2023-01-31 00:00:00+05:30,870.5358431696154,876.8180484219755,858.6694081329202,869.1397705078125,16856151,0.0,0.0,922.6932159423828,918.4402563476563,910.0605888851017,905.1954632856117,31.01152013936759,-11.952318813570628,-8.481127915654683,-3.4711908979159443
2023-02-01 00:00:00+05:30,873.82653947673,892.6732165962414,830.9479114715717,854.830322265625,12409819,0.0,0.0,917.4555389404297,918.1849792480468,904.8005634927705,903.2203597162005,27.57358781416511,-14.719188721746946,-8.9983982590648,-5.720790462682145
2023-02-02 00:00:00+05:30,848.5481139015828,869.5386858307706,834.6873238075237,865.9987182617188,9567053,0.0,0.0,913.0180969238281,918.06033203125,901.1051496612417,901.7606875022992,33.74709285879118,-15.828298072091457,-8.08600608752745,-7.742291984564007
2023-02-03 00:00:00+05:30,870.5358254109569,882.5019535952999,856.8246368663972,880.1087036132812,7365732,0.0,0.0,909.6800476074219,918.1411022949219,899.1054881328645,900.9115900948867,40.63213650100626,-15.391296047056244,-6.11920324999379,-9.272092797062454
2023-02-06 00:00:00+05:30,869.3890660799539,896.612056983486,868.1425943668938,880.1586303710938,10129098,0.0,0.0,906.8256256103516,918.0393896484375,897.3010254888862,900.097748537091,40.65563676369664,-14.869533396652741,-4.477952479672229,-10.391580916980512
2023-02-07 00:00:00+05:30,884.346777408406,885.8924511116412,869.0401282384008,876.61865234375,5055187,0.0,0.0,902.8543670654296,917.7881005859375,895.33127566554,899.176999666764,39.46285315151319,-14.573683032886265,-3.345681692724602,-11.228001340161663
2023-02-08 00:00:00+05:30,879.6101290552585,883.9478871094221,865.799246899337,869.2893676757812,6572818,0.0,0.0,898.8457122802735,917.3732751464844,892.8510939522297,898.0049356671176,37.03984034732476,-14.760481860623713,-2.8259844163696393,-11.934497444254074
2023-02-09 00:00:00+05:30,873.6770158149313,873.6770158149313,860.1153664637973,865.2508544921875,5993312,0.0,0.0,894.7547943115235,916.7041711425782,890.2224997179399,896.7204618955517,35.73775603670339,-15.060784194885628,-2.5010294005052423,-12.559754794380385
2023-02-10 00:00:00+05:30,869.5885021300257,870.2366917573236,862.7080148834167,864.8020629882812,4603464,0.0,0.0,891.3494323730469,915.9742370605469,887.8015057436867,895.4687599776196,35.588035347300696,-15.160231964833883,-2.0803817363627974,-13.079850228471086
2023-02-13 00:00:00+05:30,864.8020686876071,867.9930484240916,854.0824120275992,856.675048828125,5707194,0.0,0.0,887.6075225830078,915.0558361816406,884.837081275538,893.9474379717572,32.900077049604285,-15.713689529964313,-2.107071441194581,-13.606618088769732
2023-02-14 00:00:00+05:30,860.1153693316724,869.4390147034546,851.838808938617,868.292236328125,7527755,0.0,0.0,885.4935089111328,914.4884436035156,883.2613817567368,892.9413516327912,39.8892433447541,-15.041509536491503,-1.147913158177417,-13.893596378314086
2023-02-15 00:00:00+05:30,869.5386896328872,869.7381372847365,859.1680203655088,865.84912109375,7322266,0.0,0.0,883.0304809570313,913.76349609375,881.6030712174047,891.8789112194955,38.969936100556154,-14.538351958746489,-0.515804464345921,-14.022547494400568
2023-02-16 00:00:00+05:30,870.3364704407151,871.8322366230249,859.8162604643796,862.3092041015625,5843235,0.0,0.0,880.0763488769531,912.7683142089844,879.765560063515,890.7193148619295,37.61716367929888,-14.260847497397208,-0.1906400023973127,-14.070207494999895
2023-02-17 00:00:00+05:30,858.5696959494047,865.7992317166907,847.6007451300743,852.4869384765625,8420479,0.0,0.0,876.396762084961,911.08408203125,877.1675961028528,889.220005984072,34.081897689756936,-14.664455248506556,-0.4753982028053283,-14.189057045701228
2023-02-20 00:00:00+05:30,857.2733212518664,858.7690871744196,840.1218598340162,844.35986328125,5992322,0.0,0.0,872.2185852050782,909.3499890136719,874.043050119843,887.4607847016085,31.448349931552904,-15.461869539189593,-1.0182499947906916,-14.443619544398901
2023-02-21 00:00:00+05:30,846.6036430189932,846.6036430189932,835.0364091085266,841.6676025390625,9677064,0.0,0.0,867.7985961914062,907.4633288574219,870.9596741597686,885.6649736364107,30.604679573314232,-16.125187922558098,-1.345254702527356,-14.779933220030742
2023-02-22 00:00:00+05:30,837.6289340706038,840.6204659779987,827.2084190872699,830.9976806640625,6984037,0.0,0.0,863.9669372558594,905.2446081542969,867.1537700173203,883.5211582257303,27.460468620797556,-17.312280846307658,-2.025878101021531,-15.286402745286127
2023-02-23 00:00:00+05:30,830.6986430913676,845.8557521488988,827.8567117705904,841.9667358398438,8437003,0.0,0.0,861.5737121582031,903.2891430664063,864.7550048575606,881.891573034127,34.868573073689774,-17.17002411047872,-1.506897092154075,-15.663127018324646
2023-02-24 00:00:00+05:30,847.7005078593153,852.1878062888178,842.0664919044458,848.9968872070312,7763814,0.0,0.0,860.4593719482422,901.5590405273438,863.2542317479864,880.601585354633,39.157231493737626,-16.3020898168146,-0.5111702387919621,-15.790919578022638
2023-02-27 00:00:00+05:30,849.4455939506064,856.0270016965471,843.562283461298,851.9385375976562,8064267,0.0,0.0,859.5868469238281,899.9486010742188,862.1765465908121,879.4775442661241,40.910514943784186,-15.201643945126875,0.4714205063166119,-15.673064451443487
2023-02-28 00:00:00+05:30,853.5339957690785,855.179301938348,837.629004288875,841.7174072265625,13012372,0.0,0.0,858.2157287597656,897.9123645019531,860.2280571275503,877.9967545782982,36.92854549912208,-14.981593973320514,0.5531763824983784,-15.534770355818893
2023-03-01 00:00:00+05:30,843.6618839293163,866.2978219236667,842.6647065803395,862.7080078125,12345125,0.0,0.0,858.6096130371094,896.2251403808593,860.4642429070693,877.3971958816003,48.10066115448811,-12.963995869200062,2.0566195892950656,-15.020615458495127
2023-03-02 00:00:00+05:30,863.5555809031471,864.353310606695,841.1190906371877,843.0635986328125,13900508,0.0,0.0,857.462857055664,894.4930419921875,858.8070386904734,876.0507803032165,40.81425693039235,-12.802594145329294,1.7744170505326675,-14.577011195861962
2023-03-03 00:00:00+05:30,847.3514474920146,856.1764426353075,843.213137172058,850.2432861328125,7977804,0.0,0.0,855.9695861816406,893.1588171386719,857.9914432087915,875.0387217082987,44.14452517621055,-11.957502690497904,2.095606804291247,-14.053109494789151
2023-03-06 00:00:00+05:30,854.5311844139997,861.3119785559601,853.1849584073574,857.073974609375,10781567,0.0,0.0,854.8153533935547,892.2194763183594,857.9040652469423,874.3342218220664,47.1891175627295,-10.614227937835949,2.7511052455625613,-13.36533318339851
2023-03-08 00:00:00+05:30,856.0767397890444,860.0654491182886,850.6421111553742,858.5198364257812,8785735,0.0,0.0,853.9104125976562,890.8682995605469,857.9627101211174,873.7140498457416,47.83726050089669,-9.325505431873694,3.2318622012198546,-12.557367633093548
2023-03-09 00:00:00+05:30,860.065496919933,871.7823312257988,859.5669082260664,865.3505249023438,14746065,0.0,0.0,853.7134704589844,889.583935546875,858.6663115288533,873.3860684754122,50.90292990213291,-7.6646507646063355,3.9141734947897717,-11.578824259396107
2023-03-10 00:00:00+05:30,857.1736393904818,859.1679941223003,843.1134628763112,849.4954223632812,11198583,0.0,0.0,852.9256988525391,888.1320446777344,857.7928935130844,872.4491803925836,44.38263459606602,-7.540859410010285,3.2303718795086596,-10.771231289518944
2023-03-13 00:00:00+05:30,843.2131493056123,854.5809955282682,826.1115941391956,830.0005493164062,8315798,0.0,0.0,851.1856231689453,886.0938134765624,855.1460035895914,870.7845281935179,37.946409634135456,-8.913082729550297,1.486518847974919,-10.399601577525216
2023-03-14 00:00:00+05:30,825.6629203042136,833.3411987646429,815.0928637855679,830.4992065429688,12573734,0.0,0.0,849.8768310546875,884.0815100097657,852.7986895851511,869.2047116582022,38.19330902509613,-9.846833953514647,0.44221409920845645,-10.289048052723103
2023-03-15 00:00:00+05:30,835.6845442661496,841.1191735052386,817.0373139020523,821.7240600585938,6652641,0.0,0.0,847.5484222412109,881.7371472167969,849.8392010588123,867.3427253209626,35.515337290756925,-11.16620247869605,-0.7017235407783566,-10.464478937917693
2023-03-16 00:00:00+05:30,819.1812450584157,835.5349789823355,812.0015555097954,828.2056884765625,8791383,0.0,0.0,845.6662506103515,879.1095837402344,847.7788665271694,865.8079395623587,38.92191687315079,-11.555592617747266,-0.8728909438636574,-10.682701673883608
2023-03-17 00:00:00+05:30,832.6431268541414,839.1247799374371,820.6769980849801,835.036376953125,7762461,0.0,0.0,844.3026092529296,876.7153601074219,846.5652960915461,864.6012116168986,42.376733587301715,-11.184084470808102,-0.4011062375395955,-10.782978233268507
2023-03-20 00:00:00+05:30,833.64023937762,838.6261259767684,823.219724212825,835.1858520507812,10744023,0.0,0.0,843.4375549316406,874.4816833496094,845.4815395162351,863.4476681045019,42.45344288545162,-10.753638940819883,0.023471433958899723,-10.777110374778783
2023-03-21 00:00:00+05:30,837.7287471617868,854.9300580872656,836.3825819562496,853.1849975585938,11489951,0.0,0.0,843.8788116455078,872.8004418945312,846.2152021869359,863.0452104360348,50.92524830889834,-8.858017428772087,1.5352743568053562,-10.393291785577443
2023-03-22 00:00:00+05:30,853.1849266334881,857.3730837267159,844.6590723604493,847.2517700195312,8018924,0.0,0.0,844.1580200195312,870.6246008300782,846.3139229328974,862.425859831466,48.39600871259196,-7.745203712434545,2.1184704585143184,-9.863674170948864
2023-03-23 00:00:00+05:30,844.6092676363596,858.7193523558377,842.7146062091429,846.4041748046875,9857892,0.0,0.0,844.9283447265625,868.5634350585938,846.3225183492583,861.7975584578669,48.029028376805215,-6.852691117485961,2.4087864427703227,-9.261477560256283
2023-03-24 00:00:00+05:30,843.8613488253185,850.0937073838511,834.8867525010315,837.529296875,8078718,0.0,0.0,844.7064727783203,866.37263671875,845.4850686850432,860.8458619252054,44.24578943710222,-6.783303237002883,1.9825394586027212,-8.765842695605604
2023-03-27 00:00:00+05:30,838.6759580656175,839.8227363086013,826.8594313765562,830.9976806640625,10602508,0.0,0.0,843.8065124511719,864.334404296875,844.1053174449498,859.6753450130038,41.6457856363079,-7.172677521405717,1.2745321393599092,-8.447209660765626
2023-03-28 00:00:00+05:30,835.0363821172557,835.0363821172557,823.7183820687029,830.100341796875,11002402,0.0,0.0,842.7146026611329,862.3061462402344,842.7715102403712,858.5155409653124,41.28683548920486,-7.467585516865483,0.7836993151201153,-8.251284831985599
2023-03-29 00:00:00+05:30,830.1502119714964,846.0552041812441,827.6572683920025,840.2216796875,17121194,0.0,0.0,842.6398162841797,860.8991296386719,842.5286692353359,857.7981346406923,46.85128229544679,-6.806137926399629,1.156117524468776,-7.962255450868405
2023-03-31 00:00:00+05:30,852.4869072182222,858.4699710821109,845.107770774277,856.0767211914062,12946752,0.0,0.0,842.308251953125,859.7184704589844,843.8189598978188,857.7306282309164,54.177494321088155,-4.945557296219931,2.413358523718779,-7.35891581993871
2023-04-03 00:00:00+05:30,861.5612028175851,864.353287135623,854.0325262386867,862.1594848632812,13266882,0.0,0.0,843.2630462646484,858.5338232421875,845.5656765611963,857.9043088831661,56.64653771472471,-2.946243093095177,3.530138181474827,-6.476381274570004
2023-04-05 00:00:00+05:30,868.5415298665837,868.5415298665837,854.5810460340554,858.0711669921875,11890015,0.0,0.0,843.6544403076172,857.1736730957032,846.7566756498621,857.9108523384218,54.52018359087549,-1.6723870308699134,3.8431953949600732,-5.515582425829987
2023-04-06 00:00:00+05:30,859.3674610149769,860.8133804005045,846.603602618046,849.5452880859375,19677316,0.0,0.0,843.2780059814453,855.6061108398437,847.0222577866313,857.5827909951872,50.28133223497577,-1.3354202050568347,3.344129776618522,-4.679549981675357
2023-04-10 00:00:00+05:30,852.3871742402578,852.5367751857373,841.5678244948843,844.9581909179688,15656078,0.0,0.0,842.5999237060547,853.9039270019531,846.8256799896158,857.0877086392179,48.113902989015344,-1.42211867452761,2.6059450457181974,-4.028063720245807
2023-04-11 00:00:00+05:30,845.8556850246848,853.2846684362034,841.6675279925711,850.8914184570312,23930907,0.0,0.0,841.8769683837891,852.7691381835938,847.2128931769886,856.8447168673674,51.05292376163827,-1.000532444649025,2.422025020477426,-3.422557465126451
2023-04-12 00:00:00+05:30,852.4869967152056,854.2320571920421,844.2602830386902,848.6478271484375,13480335,0.0,0.0,841.8345886230469,851.9454699707031,847.3495535552219,856.5232702117232,49.90184333472523,-0.8378037085960841,2.0678030052242935,-2.9056067138203776
2023-04-13 00:00:00+05:30,851.2404683408822,865.2507979221174,842.6148599266604,861.9102172851562,23934570,0.0,0.0,843.4300720214844,851.7580004882813,848.7362834342632,856.7345230381324,56.18997067492107,0.35720637994256776,2.6102504750103566,-2.253044095067789
2023-04-17 00:00:00+05:30,879.510437396623,879.510437396623,858.5697126967035,862.1096801757812,22577380,0.0,0.0,845.010595703125,851.6124133300781,850.0099402667888,856.9453135141187,56.278853145861476,1.3053086869676918,2.8466822256283844,-1.5413735386606926
2023-04-18 00:00:00+05:30,862.9073795655684,869.5386331659399,854.6806665797668,860.9130249023438,17238709,0.0,0.0,846.9700439453125,851.4478784179687,851.0483292796988,857.1009100391472,55.55069831988714,1.9377888921751492,2.7833299446686732,-0.8455410524935243
2023-04-19 00:00:00+05:30,862.5583785809235,872.0315630855696,860.1152819834665,870.9346923828125,23494247,0.0,0.0,849.106494140625,851.7699658203124,852.9422686228525,857.6434113075263,60.195491417732114,3.210688009885871,3.244983249903516,-0.03429524001764517
2023-04-20 00:00:00+05:30,872.3307625576404,873.1284922915397,861.7108599454208,866.2978515625,19444753,0.0,0.0,850.6695678710937,851.7759484863282,854.2142289028188,857.982801121447,57.21636732705544,3.801494170461865,3.068631528383608,0.7328626420782569
2023-04-21 00:00:00+05:30,868.3420273409432,871.3834060968434,855.0795807106591,861.7606811523438,15520786,0.0,0.0,851.9983093261719,851.4089880371093,854.9329386408688,858.1309532795213,54.38031688761071,3.8591150992145913,2.5010019657090674,1.3581131335055239
2023-04-24 00:00:00+05:30,865.5499462734276,881.903679280887,858.0711160924936,879.8095703125,18201632,0.0,0.0,853.3295379638672,851.4020068359375,857.3021416572146,858.981095123952,62.37073454682949,5.300078607745945,3.153572379392337,2.146506228353608
2023-04-25 00:00:00+05:30,882.501981462434,893.2714849958408,871.9319255776393,875.8707275390625,36394389,0.0,0.0,854.7604858398438,851.3870483398438,859.0705784078668,859.6434336500347,59.90479921043183,6.054429185406661,3.126338365642442,2.9280908197642193
2023-04-26 00:00:00+05:30,874.923463040937,886.9394383726745,872.7296606186114,885.14453125,19468723,0.0,0.0,856.6975036621094,851.7041516113281,861.5538120118795,860.6434766931706,63.55802617376783,7.316238860680869,3.5105184327333196,3.8057204279475494
2023-04-27 00:00:00+05:30,885.4935782901542,887.4879331962131,875.023215033345,878.9122314453125,15992383,0.0,0.0,858.766650390625,851.9773791503907,863.2069948150636,861.3598984481565,59.626181266751395,7.7242967259984425,3.1348610384407145,4.589435687557728
2023-04-28 00:00:00+05:30,882.6016365775881,887.537676568,851.2404580212263,857.572509765625,23004117,0.0,0.0,860.0953918457031,851.8327880859375,862.6703771913076,861.2113734017828,48.551032997344656,6.253660028070044,1.3313794724098527,4.922280555660191
2023-05-02 00:00:00+05:30,867.5443152446628,873.926274782418,861.8105453450573,868.1925048828125,12947953,0.0,0.0,862.0,852.0631372070312,863.1962941143081,861.4851432637839,53.208987532265574,5.877364105672996,0.7640668400102433,5.1132972656627524
2023-05-03 00:00:00+05:30,861.4116832820674,864.4032155190087,851.6393568139687,857.4229736328125,15103015,0.0,0.0,862.8600646972657,851.845751953125,862.6464540684514,861.3258424939419,48.4214364404123,4.656458948744557,-0.36547065353455643,5.021929602279114
2023-05-04 00:00:00+05:30,857.5725199071733,864.7023622957377,855.07957653535,863.5057373046875,9756391,0.0,0.0,863.2315155029297,851.7988842773437,862.7282905671406,861.4113285649515,51.09780316728549,4.132078973992975,-0.7118805026289108,4.843959476621886
2023-05-05 00:00:00+05:30,864.702419715847,882.502012227487,860.3148147449315,862.8576049804688,14343308,0.0,0.0,863.2664215087891,851.8098522949218,862.7406062255527,861.4680452871287,50.79535718557945,3.6224478798881137,-0.9772092773870185,4.599657157275132
2023-05-08 00:00:00+05:30,862.857612552759,878.9122055920145,862.857612552759,875.9705200195312,7007882,0.0,0.0,864.1613891601562,852.2795239257813,864.0005980154555,862.0367697864386,56.41607953154678,4.227927306370702,-0.2973838807235438,4.525311187094246
2023-05-09 00:00:00+05:30,879.709886942796,887.6873058933306,877.5160845588235,885.7427978515625,12117151,0.0,0.0,865.9712646484375,853.1071826171875,866.0712837141323,862.9664179458553,60.0762291975256,5.43367919341938,0.7266944050601065,4.706984788359273
2023-05-10 00:00:00+05:30,889.4822317673336,889.9808204622705,875.0730063110832,887.38818359375,11893027,0.0,0.0,868.0927642822265,854.0215942382813,868.1014646550483,863.9241342457726,60.67505062264707,6.447690170473379,1.392564305691284,5.055125864782095
2023-05-11 00:00:00+05:30,888.4850413628221,897.4596377402244,886.4906866122883,893.4210815429688,13816121,0.0,0.0,870.2192474365235,855.2700622558593,870.5128567396122,865.0808772770353,62.87386443115944,7.649922080975102,2.0758369729544057,5.574085108020697
2023-05-12 00:00:00+05:30,892.6731874148157,911.0212143739188,891.4765624067951,908.07958984375,10533272,0.0,0.0,873.1908355712891,856.5923193359375,874.0906408447681,866.7671012992594,67.6124322396635,9.674002763271233,3.2799341242004285,6.394068639070804
2023-05-15 00:00:00+05:30,908.0795998975512,916.9045953115162,906.583833836684,913.2150268554688,7339579,0.0,0.0,875.7560760498047,857.8766821289063,877.8167728457872,868.5885885759734,69.100396738951,11.55924040687944,4.132137414246907,7.427102992632532
2023-05-16 00:00:00+05:30,913.613952115657,919.8961576047724,909.4257948352872,915.2094116210938,12567615,0.0,0.0,878.4110626220703,859.142099609375,881.3779765386736,870.4168561463704,69.68292599768937,13.063645431956957,4.509233951459539,8.554411480497418
2023-05-17 00:00:00+05:30,915.10967315457,916.3062981561508,908.67786702609,912.2178344726562,10248327,0.0,0.0,880.9763031005859,860.5521081542969,884.3151058657196,872.0561101983816,67.62353572522412,13.854792554498886,4.240304859201174,9.614487695297711
2023-05-18 00:00:00+05:30,917.403253406662,926.876439175535,910.0241159362818,912.1182250976562,13614127,0.0,0.0,883.0354797363282,861.5403125,886.9630219830469,873.627173527765,67.55194861176184,14.308801745328196,3.755451240024387,10.55335050530381
2023-05-19 00:00:00+05:30,918.3006393137408,924.3833967595652,906.3843578949125,921.4417114257812,8393002,0.0,0.0,885.7926727294922,863.1078747558594,890.2467066918788,875.5022534453343,70.68058494784964,15.245197579186424,3.7534776591060925,11.491719920080332
2023-05-22 00:00:00+05:30,920.394711842949,925.1313043470162,911.8190108123148,914.9600830078124,9383158,0.0,0.0,888.4526428222656,864.4022106933594,892.6003615791105,877.0496193105295,65.92190304608559,15.288053614204046,3.03706695529897,12.250986658905076
2023-05-23 00:00:00+05:30,914.9600376089006,919.89607751448,909.8246109296604,913.5640258789062,8273445,0.0,0.0,890.1403656005859,865.53201171875,894.5969010362339,878.4815568230149,64.90824803635968,15.03604106595219,2.228043525637691,12.8079975403145
2023-05-24 00:00:00+05:30,908.578180606588,918.2507523582952,907.6308499371148,915.1096801757812,6248545,0.0,0.0,892.1023132324219,866.66380859375,896.5504990495242,879.917953817241,65.5400328069096,14.790544499796624,1.5860375675856986,13.204506932210926
2023-05-25 00:00:00+05:30,914.1124981413808,920.9431387126548,909.8744943611176,918.4501953125,8149350,0.0,0.0,893.7675964355469,867.7258020019531,898.6361844079029,881.4290221111728,66.92594987681855,14.69613051158069,1.1932988634958122,13.502831648084879
2023-05-26 00:00:00+05:30,915.4088076702216,925.2808877843644,912.4172756190118,924.3335571289062,4908462,0.0,0.0,896.0386627197265,869.2225646972656,901.0835532384746,883.1115528961819,69.27007445844255,14.924010175551189,1.1369428219730473,13.787067353578141
2023-05-29 00:00:00+05:30,928.3721010515862,935.0532013842532,925.4304157338962,927.1754760742188,7133871,0.0,0.0,899.5188110351562,871.1660632324218,903.5684982704502,884.839549883556,70.36277621530652,15.159179968595254,1.0976900920136892,14.061489876581565
2023-05-30 00:00:00+05:30,928.17270109905,937.047604202385,925.43046328051,934.803955078125,7804403,0.0,0.0,902.8493835449219,873.252158203125,906.5433036807049,886.7989383225587,73.12523472883412,15.779215254413089,1.3741803022652181,14.40503495214787
2023-05-31 00:00:00+05:30,934.704191207129,937.2470422121032,907.63086190393,912.2677001953124,34757004,0.0,0.0,905.5916198730469,875.0630310058593,907.0884843011436,887.7977132979609,56.400190054090764,14.287413846616914,-0.09409688442476494,14.38151073104168
2023-06-01 00:00:00+05:30,919.397560783801,928.3223106668052,913.4643430942366,917.1040649414062,11817533,0.0,0.0,908.2715362548828,876.8409985351562,908.0423491240258,888.9469819898607,58.58914199471724,13.341610913170257,-0.8319198542971389,14.173530767467396
2023-06-02 00:00:00+05:30,920.045748588822,927.8735668007756,917.652498493728,923.4859619140624,11616991,0.0,0.0,911.3029541015625,878.609990234375,909.5131693897436,890.3014517908098,61.34687174059536,12.957653263266593,-0.9727020033606433,13.930355266627236
2023-06-05 00:00:00+05:30,924.9817028384458,951.2075163249184,924.9817028384458,948.1660766601562,14520005,0.0,0.0,914.9127319335937,880.8695947265625,913.1943986535923,892.5706527660783,69.73946454535286,14.477950260742546,0.4380759952922464,14.0398742654503
2023-06-06 00:00:00+05:30,948.4153931653824,968.0099532629064,948.4153931653824,965.4671630859376,14457988,0.0,0.0,918.8989501953125,883.1152380371094,918.1727571709584,895.4293394452885,74.00110898425531,16.88421890229472,2.2754757094755345,14.608743192819185
2023-06-07 00:00:00+05:30,970.2037191827042,978.480279052047,965.3673724959062,973.9929809570312,15795824,0.0,0.0,923.2291900634766,885.6500622558593,923.4889689601082,898.510266563396,75.80911441291039,19.25718158379982,3.718750712784507,15.538430871015313
2023-06-08 00:00:00+05:30,970.3034429242376,972.0983500458138,957.1905968208008,959.3843383789062,10209982,0.0,0.0,926.5273529052735,887.9096655273438,926.9075755714223,900.897485065965,67.18744214465426,19.731523517962728,3.354474117557931,16.377049400404797
2023-06-09 00:00:00+05:30,964.2705930331696,978.9291137037682,960.5810242998666,971.9987182617188,12947464,0.0,0.0,929.7233093261718,890.5990539550781,931.2019701133553,903.6857687207006,70.3257174533272,20.884573587882187,3.6060193499819135,17.278554237900273
2023-06-12 00:00:00+05:30,970.2535703091222,975.1397637133832,965.8659655843622,971.4501953125,7465375,0.0,0.0,932.6350677490234,893.4081042480469,935.0351344180357,906.3431972144967,70.01214499049695,21.506202739728906,3.382118801462905,18.124083938266
2023-06-13 00:00:00+05:30,971.5499349057294,986.906491309801,971.5499349057294,983.0673217773438,15233785,0.0,0.0,936.027963256836,896.4674438476562,939.6096284522555,909.3519864130399,72.78033050249498,22.67487153407228,3.6406300766450244,19.034241457427257
2023-06-14 00:00:00+05:30,983.2168674525803,985.410669795942,973.2450939490044,974.9403076171876,8644423,0.0,0.0,939.1640869140625,899.16181640625,942.9744550393918,911.9240774406536,68.04792797822624,22.68378331704605,2.919633487695034,19.764149829351016
2023-06-15 00:00:00+05:30,985.5601830325868,986.2083726378116,969.4558057807452,974.391845703125,15978311,0.0,0.0,942.2777679443359,901.5281188964843,945.9665874835569,914.3737938431035,67.72786519131658,22.388508882447127,2.09948724247689,20.289021639970237
2023-06-16 00:00:00+05:30,980.0259517498044,982.6684962459474,974.4417825683328,978.7794799804688,8860900,0.0,0.0,945.1446563720704,903.8605187988281,949.0916248642151,916.8995070249609,68.98466298724449,22.2520395226785,1.570414306166608,20.681625216511893
2023-06-19 00:00:00+05:30,981.0729573705328,983.2169131185289,958.2874782017304,962.9243774414062,11025846,0.0,0.0,947.54287109375,905.9575830078124,950.4090298715665,918.7044039040372,59.90582825844004,20.62674008358772,-0.04390810633934095,20.67064818992706
2023-06-20 00:00:00+05:30,963.2234856268364,974.2422833115722,955.8443487980568,972.0983276367188,7596593,0.0,0.0,950.4695861816406,908.4086437988282,952.4746772777715,920.7982832661032,62.94461937581257,19.850119853913725,-0.65642266881067,20.506542522724395
2023-06-21 00:00:00+05:30,975.5386464149568,975.5386464149568,960.4314451962016,963.2733764648438,7805855,0.0,0.0,952.8777709960938,910.7749475097656,953.5031248193975,922.4639731954657,58.362228955433864,18.311459810071824,-1.7560661701220575,20.06752598019388
2023-06-22 00:00:00+05:30,959.4840990579476,970.70234472149,955.9939781848456,963.8716430664062,10135883,0.0,0.0,955.1488433837891,913.0345520019531,954.490602747684,924.087803386483,58.582362350701416,16.94500429311165,-2.498017349665787,19.44302164277744
2023-06-23 00:00:00+05:30,957.2903448167818,962.774820750628,951.8557155824852,955.6948852539062,6188008,0.0,0.0,956.716909790039,915.1754931640625,954.6052963197052,925.3272967930486,54.35283606550476,15.029037047850807,-3.531187675941304,18.56022472379211
2023-06-26 00:00:00+05:30,956.7917210135108,960.7804306373296,950.4097612702494,957.8387451171876,5799528,0.0,0.0,958.2500732421875,917.0940637207032,954.9132438242274,926.602255550858,55.26479281725273,13.527672191821807,-4.0260420255762455,17.553714217398053
2023-06-27 00:00:00+05:30,964.2705101328706,973.2451064009118,958.0879983089782,970.5028686523438,6921886,0.0,0.0,960.0350189208984,919.2619274902344,956.3979699983337,928.3238482215045,60.309236978992175,13.207471151391815,-3.476994452804991,16.684465604196806
2023-06-28 00:00:00+05:30,976.2366335224516,981.2225203126584,964.2705052259558,975.4389038085938,10010996,0.0,0.0,963.1935791015625,921.5524450683594,958.2113922659775,930.1714974602139,62.10296616566937,13.199846688859566,-2.7876951322697927,15.987541821129359
2023-06-30 00:00:00+05:30,974.3419587309068,987.0559698702168,973.2450879973712,984.6627807617188,7096350,0.0,0.0,966.5715148925781,923.8270068359375,960.7305721227146,932.3084105308612,65.26225271327041,13.779255351924235,-1.7666291753640984,15.545884527288333
2023-07-03 00:00:00+05:30,987.2056065089917,987.2056065089917,975.2394779452462,979.327880859375,5562743,0.0,0.0,969.3636108398438,926.087607421875,962.501744383349,934.1523113280579,62.040751449792424,13.65060339656668,-1.5162249045773226,15.166828301144003
2023-07-04 00:00:00+05:30,979.3278684819704,982.0701062431706,966.2648693101318,967.9600830078124,7396806,0.0,0.0,970.3533111572266,928.2115954589843,963.0215861571074,935.4781062958914,55.728185892094395,12.487412396129798,-2.143532724011365,14.630945120141163
2023-07-05 00:00:00+05:30,966.2648550034556,972.7465077975965,959.3843069229866,963.7719116210938,8200047,0.0,0.0,970.2685485839844,929.8908422851563,963.0930457251062,936.5876672890366,53.56572325806063,11.09967457979701,-2.825016432275323,13.924691012072334
2023-07-06 00:00:00+05:30,959.2800296916012,984.3350820592772,959.2800296916012,979.1943359375,10221727,1.0,0.0,970.5286163330078,931.957314453125,964.6265019358103,938.2585170399568,59.758195130314704,11.116202451730487,-2.246790848273477,13.362993300003964
2023-07-07 00:00:00+05:30,975.4971731949246,988.6870063258824,971.0505925765974,975.9468383789062,6236524,1.0,0.0,971.3567413330078,933.7733605957031,965.7046292161051,939.736490425798,58.004053833305996,10.743411635018674,-2.095665331988233,12.839076967006907
2023-07-10 00:00:00+05:30,975.946787350126,985.239603051473,959.6593700043974,963.3065185546876,7138850,0.0,0.0,970.9221313476562,935.4612463378907,965.4762377245415,940.6608052543819,51.648951824860944,9.320562415035965,-2.814811641576755,12.13537405661272
2023-07-11 00:00:00+05:30,967.153642325792,971.0006490588056,949.8669341798096,952.4649658203124,10616390,0.0,0.0,969.9728698730469,937.3590954589844,964.2370689717578,941.1237135118694,46.90240867852062,7.234724062563259,-3.9205199952395695,11.155244057802829
2023-07-12 00:00:00+05:30,955.9622404241288,956.8115605402268,946.2697085089432,949.2673950195312,10141257,0.0,0.0,968.2828735351562,938.9805932617187,962.8113857382124,941.4430735709933,45.572171713355495,5.262996354295183,-4.713798162806118,9.9767945171013
2023-07-13 00:00:00+05:30,955.5625392593752,965.2550713243284,951.4157761151728,959.4096069335938,13079930,0.0,0.0,967.5063385009765,941.0203259277343,962.4874068044392,942.1476435067816,50.379383095577936,4.467283614702183,-4.407608721919294,8.874892336621476
2023-07-14 00:00:00+05:30,963.7062685068852,966.2542898554218,947.01913465406,956.3119506835938,5383514,0.0,0.0,966.60234375,942.8764501953125,961.8992681262633,942.7031065333233,48.957141135822575,3.5458462561640545,-4.263236864365938,7.809083120529992
2023-07-17 00:00:00+05:30,959.2596606474326,968.1528214799196,949.7170376792344,964.1058959960938,8472444,0.0,0.0,965.8686645507812,944.901416015625,962.1094231614852,943.5424316102948,52.58418398826757,3.405253122623776,-3.5230639983249734,6.9283171209487495
2023-07-18 00:00:00+05:30,963.256627094681,979.1943397094776,950.566408295297,962.9069213867188,14457717,0.0,0.0,965.8677917480469,946.6401440429687,962.1853753734123,944.301823366233,51.97235867927095,3.160650805596447,-3.014133052281843,6.17478385787829
2023-07-19 00:00:00+05:30,963.2565790019185,969.1520534138664,955.7623628789784,963.5563354492188,7574544,0.0,0.0,965.4406921386719,948.1964147949219,962.3159429996795,945.0569022714482,52.29611809411891,2.984797111423063,-2.5519893971641814,5.5367865085872445
2023-07-20 00:00:00+05:30,963.15667073599,979.14433163593,956.8614804661696,977.1458740234376,15329753,0.0,0.0,966.1343170166016,949.9915686035156,963.7283173828945,946.3152933205458,58.58730197273486,3.89707097391522,-1.31177242773762,5.20884340165284
2023-07-21 00:00:00+05:30,970.8507208111672,984.2404117211884,967.2535213666094,970.5509643554688,6230317,0.0,0.0,966.4682830810547,951.5341662597656,964.3780932850444,947.2657117925036,54.80962912199463,4.041314727723034,-0.934022939143845,4.975337666866879
2023-07-24 00:00:00+05:30,972.6993018432654,984.1904332120312,968.0528634597908,970.7507934570312,9167788,0.0,0.0,967.221078491211,952.7875903320313,964.9850171109479,948.186695387191,54.904512143003956,4.124212130087699,-0.6809004294233443,4.805112559511043
2023-07-25 00:00:00+05:30,976.8960926753438,976.8960926753438,953.0644484228168,961.7577514648438,13448045,0.0,0.0,967.4170288085937,953.7584448242187,964.6776584779856,948.718893664746,49.833479788566294,3.42476700572513,-1.1042764430287306,4.5290434487538604
2023-07-26 00:00:00+05:30,966.1043530121096,979.2442362922868,962.5571029251988,976.0466918945312,8298226,0.0,0.0,967.6942199707031,954.9751904296875,965.7604235652756,949.7905720266984,56.679795608971524,3.9775985009064243,-0.44115595827794873,4.418754459184373
2023-07-27 00:00:00+05:30,988.587030651874,989.2365537945504,955.0129659486278,959.1597900390624,17858061,0.0,0.0,966.8802642822266,955.9140295410157,965.1317918008743,950.1579923409088,48.29191868123322,3.0182965499607235,-1.1203663273789193,4.138662877339643
2023-07-28 00:00:00+05:30,959.1598076216482,969.0021875026704,941.4734445925816,949.2174682617188,8504392,0.0,0.0,965.1079986572265,956.6560144042969,963.6161419400023,950.1211090436857,44.14934224463204,1.4391904745319835,-2.1595779222461275,3.598768396778111
2023-07-31 00:00:00+05:30,953.9637995969264,957.8607555366564,947.568710532836,953.1644287109376,6601991,0.0,0.0,963.7998260498047,957.29046875,962.6207406800914,950.2404549129898,46.12513727903093,0.5004553176574973,-2.4786504632964914,2.9791057809539887
2023-08-01 00:00:00+05:30,955.262773159182,963.2566038969156,951.2658577903152,959.1597900390624,8409096,0.0,0.0,963.3598114013672,958.174462890625,962.2911263333267,950.5902327610711,49.07230523714096,0.23753830277541965,-2.1932539825428554,2.430792285318275
2023-08-02 00:00:00+05:30,950.7662373532444,958.160555134096,935.877703303187,944.5210571289062,9324465,0.0,0.0,962.3972686767578,958.793603515625,960.5987387900485,950.3522258735352,42.901224771634915,-1.1389199701250163,-2.855769804354633,1.7168498342296168
2023-08-03 00:00:00+05:30,943.3719468423336,945.8700190042804,926.4350663748066,934.8285522460938,17076611,0.0,0.0,960.1789794921875,959.1879809570313,958.1444353096718,949.7434543587335,39.37088018104253,-2.9775538216515542,-3.7555229247049366,0.7779691030533825
2023-08-04 00:00:00+05:30,946.269734497551,954.1136566871152,933.9292824186108,951.5156860351562,12376086,0.0,0.0,958.957421875,959.8492907714843,957.513125854956,949.8129536401619,47.39672235906641,-3.052979313929427,-3.0647587335862476,0.011779419656820611
2023-08-07 00:00:00+05:30,951.5156691041644,954.2635484321104,943.8215947882984,946.66943359375,10922609,0.0,0.0,958.1255676269532,960.2960083007813,956.4803932586506,949.6896783442243,45.51242976171325,-3.4638772098840036,-2.7805253036326594,-0.6833519062513442
2023-08-08 00:00:00+05:30,949.2673731773522,959.1597628299088,943.321949537203,952.1651611328124,11512735,0.0,0.0,958.1105773925781,960.7958020019531,956.0694187704755,949.7867561006394,48.03539632950989,-3.3079257610356763,-2.099659083827466,-1.2082666772082107
2023-08-09 00:00:00+05:30,951.2658526932566,952.5648379835604,943.5717784517964,949.2673950195312,7701831,0.0,0.0,958.1105773925781,961.0850708007813,955.4216069846713,949.7663889994195,46.804767830511445,-3.3792052473445437,-1.7367508561090665,-1.6424543912354772
2023-08-10 00:00:00+05:30,947.2689061876496,951.2158721610488,936.5771457872816,939.0252685546876,13590891,0.0,0.0,957.0913604736328,961.6202221679688,953.8600509437205,949.3451685898222,42.64608110245349,-4.21357726660699,-2.05689830029721,-2.1566789663097796
2023-08-11 00:00:00+05:30,936.777051380699,944.9707401877268,932.2805215340716,936.477294921875,9558237,0.0,0.0,956.0996276855469,962.0076867675781,952.2045503702115,948.84054609304,41.65452391917875,-5.022526719454845,-2.2926782025160524,-2.7298485169387927
2023-08-14 00:00:00+05:30,934.2789637445528,942.5725509042396,928.1836922265884,939.2251586914062,7172522,0.0,0.0,954.8555908203125,962.322470703125,950.9684178293728,948.4634720772897,43.188641898935835,-5.379879446259338,-2.120024743456436,-3.259854702802902
2023-08-16 00:00:00+05:30,935.2282323279222,939.2750968774895,930.5817938896232,932.3304443359376,7394623,0.0,0.0,953.3267669677734,962.0057580566406,949.1933727347599,947.8308043227269,40.32368834814821,-6.148553189961262,-2.310958789726688,-3.8375944002345745
2023-08-17 00:00:00+05:30,935.228245879731,942.2727970107728,930.9315740612868,935.8277587890624,9336994,0.0,0.0,951.9403381347656,961.4129699707031,947.920457120884,947.36009665474,42.4105518444685,-6.401733423780911,-2.0513112188370695,-4.3504222049438415
2023-08-18 00:00:00+05:30,934.129065146359,945.2205419637528,930.3320077175576,942.32275390625,6648744,0.0,0.0,950.1991821289063,960.7795654296875,947.3873425290141,947.162553801858,46.17502930118794,-6.009020510174196,-1.3268786441842835,-4.682141865989912
2023-08-21 00:00:00+05:30,943.4718708892456,953.514108405514,943.2220636824326,951.8653564453124,6822155,0.0,0.0,949.2649017333985,960.6291857910156,947.813820044852,947.3469774349347,51.22018551456833,-4.871627335312837,-0.15158837545833936,-4.720038959854498
2023-08-22 00:00:00+05:30,953.1144061927628,958.360357611316,947.9184650067616,956.3119506835938,10860061,0.0,0.0,948.5429595947265,960.3154504394531,948.6231658199703,947.6985450133136,53.41154907236112,-3.570276135597851,0.9198102594053177,-4.490086395003169
2023-08-23 00:00:00+05:30,961.2581150424032,979.6938987811144,957.6609157223024,978.4948120117188,12677151,0.0,0.0,949.3798126220703,960.4563427734375,951.4680845048987,948.9062417583491,62.46955753502422,-0.7404390938555707,2.9997178409180787,-3.7401569347736494
2023-08-24 00:00:00+05:30,984.040552389564,993.4832771535392,978.344935786842,980.5932006835938,11899556,0.0,0.0,949.6071380615234,960.4068603515625,954.2419050933457,950.1488675985548,63.1984667107007,1.6525005804094235,4.314126012146458,-2.661625431737035
2023-08-25 00:00:00+05:30,973.2488997715916,987.4379616373374,970.0513552543956,982.3418579101562,6228241,0.0,0.0,950.7662414550781,960.5548913574219,956.9180910758992,951.411337806853,63.828922470172955,3.6479729748397176,5.047678725261402,-1.3997057504216848
2023-08-28 00:00:00+05:30,979.3441535739584,991.7346154825268,979.3441535739584,989.4364013671876,8451441,0.0,0.0,952.7771881103515,960.8557824707032,960.0150730084029,952.9025167700034,66.34779763613604,5.735751417477331,5.708365734319213,0.027385683158118512
2023-08-29 00:00:00+05:30,989.436399469071,990.2357703352964,976.7461811329488,979.9437255859376,8114141,0.0,0.0,954.1161529541016,960.8790673828125,961.9130399205491,953.9629563314126,60.297289285198254,6.5488600903560155,5.217179525758318,1.331680564597698
2023-08-30 00:00:00+05:30,982.2419690990234,997.230401994736,979.2442825198808,982.5916748046876,9023083,0.0,0.0,955.2877471923828,961.2724133300782,963.8824337190384,955.0856511735018,61.35594259450462,7.322512576980671,4.792665609906378,2.5298469670742927
2023-08-31 00:00:00+05:30,981.0428546829198,993.9329310060008,967.8530219079718,972.749267578125,21558300,0.0,0.0,956.6991577148438,961.2854321289062,964.7268940865705,955.7783420128987,55.438655382586774,7.060053833875486,3.6241654934409544,3.4358883404345315
2023-09-01 00:00:00+05:30,973.4986894976672,992.2342300961598,968.2527381300896,990.3856811523438,10946742,0.0,0.0,959.4770141601563,961.8276782226562,967.1705880928346,957.1354925673868,62.43054468345227,8.180860701079837,3.7959778885162443,4.384882812563593
2023-09-04 00:00:00+05:30,992.9836856709028,993.7830565661518,979.2442887622487,981.4925537109376,6727188,0.0,0.0,960.9758575439453,962.1800964355468,968.5345848183682,958.0906714357614,57.52880197402562,8.256333286029985,3.097160378773114,5.159172907256871
2023-09-05 00:00:00+05:30,984.6900917071874,985.439513351748,977.1459260162292,980.6931762695312,10548660,0.0,0.0,962.6770446777343,962.6800622558594,969.6925459089551,958.9770441743406,57.09485921133846,8.157606959413897,2.39874724172562,5.758859717688277
2023-09-06 00:00:00+05:30,980.6931636109132,982.3918648476084,961.0582923816348,964.3057861328124,16351052,0.0,0.0,963.2840759277344,962.8094030761719,969.1795211683701,959.1860144472217,48.94422884649788,6.680036898202502,0.7369417444113795,5.9430951537911225
2023-09-07 00:00:00+05:30,964.3057948650268,979.0444204846052,962.357286399058,977.4456787109376,8686550,0.0,0.0,964.6929901123046,962.9482592773437,969.9667742676622,959.9020797124656,54.54723620412653,6.494467319175669,0.4410977323076377,6.0533695868680315
2023-09-08 00:00:00+05:30,977.445650207397,986.5386081326374,971.750033699152,979.5440063476562,6439351,0.0,0.0,966.7189270019531,963.030361328125,970.878891608614,960.6723513452182,55.38917929016671,6.4424549839021665,0.31126831762730767,6.131186666274859
2023-09-11 00:00:00+05:30,981.0428473176864,1003.2257394106388,978.245018807784,999.6285400390624,7130484,0.0,0.0,969.8764892578125,963.3296765136719,973.6169533638947,962.2000450194865,62.541485853389304,7.930471312174518,1.4394277167197274,6.491043595454791
2023-09-12 00:00:00+05:30,1009.2211319085008,1009.2211319085008,997.2803350313716,1000.128173828125,8958327,0.0,0.0,972.9216400146485,963.7456823730469,976.1418315033452,963.6874226198253,62.70168854569489,9.045777155821042,2.043786848293001,7.001990307528041
2023-09-13 00:00:00+05:30,1002.1765927716942,1016.215745993156,992.9337258587772,1013.667724609375,12254423,0.0,0.0,976.9885040283203,964.6598352050781,979.7157260848719,965.6474344625527,66.84040454033206,10.896584620933709,3.115675450724533,7.780909170209176
2023-09-14 00:00:00+05:30,1013.6676938141206,1021.6115751712346,1008.2718337633786,1020.1127319335938,7855558,0.0,0.0,981.2027526855469,965.7866516113281,983.5630599752263,967.783328481025,68.62509428015247,12.736601485607025,3.9645538523182786,8.772047633288746
2023-09-15 00:00:00+05:30,1020.2126284982684,1030.9543383477849,1013.767590390941,1026.35791015625,8986157,0.0,0.0,985.4045104980469,966.7299230957032,987.6387599924667,970.0803708996614,70.2935342806649,14.531254539957786,4.607365525335231,9.923889014622555
2023-09-18 00:00:00+05:30,1020.762233271337,1029.1058308740933,1018.2142118671284,1023.9597778320312,6397319,0.0,0.0,989.0092315673828,967.6901818847656,991.0979045486157,972.1932888185778,68.7809849616899,15.580419402375242,4.525224310202148,11.055195092173093
2023-09-20 00:00:00+05:30,1011.5193192568336,1046.6921858130372,1011.5193192568336,1026.5078125,13619788,0.0,0.0,992.5190246582031,968.9542077636719,994.4702767344619,974.3232701394179,69.53116733141631,16.428122052684103,4.298341568408807,12.129780484275296
2023-09-21 00:00:00+05:30,1025.808318610245,1032.8029205983985,1011.3195002062128,1013.667724609375,8156588,0.0,0.0,994.2776702880859,970.1782629394531,996.2986051035012,975.8661899225534,61.50994846014653,15.880780969170473,3.000800387916142,12.879980581254332
2023-09-22 00:00:00+05:30,1009.2211446520917,1026.4578424196643,1007.2226869399092,1017.4647827148438,7108110,0.0,0.0,996.1212493896485,971.5422106933594,998.3144315426767,977.497507286957,62.87391564923197,15.573874146122648,2.155114851894652,13.418759294227996
2023-09-25 00:00:00+05:30,1014.4171374301122,1025.208796777521,1004.3748997177748,1018.1642456054688,7123890,0.0,0.0,997.9123687744141,972.7173034667969,1000.2048900248474,979.0922813386633,63.13309134444164,15.21173764474031,1.4343826804098505,13.77735496433046
2023-09-26 00:00:00+05:30,1018.2141552449308,1019.9128564159696,1010.2203247817714,1013.367919921875,6387615,0.0,0.0,999.1089447021484,973.8584228515625,1001.4585119198024,980.4364240282009,60.038023442046544,14.37204645499753,0.4757531925336558,13.896293262463875
2023-09-27 00:00:00+05:30,1009.171123772174,1027.1571809170086,1003.225700302842,1024.4093017578125,5158686,0.0,0.0,1001.3322235107422,975.0644909667968,1003.6443014281842,982.1608506058328,64.36859768176687,14.431178729661383,0.4279083737580063,14.003270355903377
2023-09-28 00:00:00+05:30,1026.2079638058983,1037.1494702283562,1024.4093031996072,1030.10498046875,15818489,0.0,0.0,1003.7078887939454,976.4084521484375,1006.1643660987143,984.0410125612414,66.39184923147737,14.767405694106287,0.6113082705623292,14.156097423543958
2023-09-29 00:00:00+05:30,1030.1050584800194,1040.1972455934228,1023.7099693664378,1035.9005126953125,9528626,0.0,0.0,1006.8654510498047,977.8553356933594,1008.9963800602951,986.0747184488521,68.3605444811116,15.324863514019853,0.9350128723807156,14.389850641639137
2023-10-03 00:00:00+05:30,1034.201809344485,1043.8942799266165,1031.8036358261324,1040.2471923828125,11589322,0.0,0.0,1009.3585266113281,979.1173620605468,1011.9726479005349,988.1991291913604,69.78988357238663,15.933719575758118,1.2350951472951834,14.698624428462935
2023-10-04 00:00:00+05:30,1034.5515208815343,1036.2002728082382,988.0873813583108,994.7822265625,22584212,0.0,0.0,1010.0230102539062,979.6019873046876,1010.3354649159602,988.4572898725817,46.2529593214361,12.602327825633552,-1.677037282263509,14.27936510789706
2023-10-05 00:00:00+05:30,999.2288246791676,1008.4217420638336,988.137409120464,1002.476318359375,7950412,0.0,0.0,1011.1121673583984,980.2364978027343,1009.586974767714,989.0070556955933,49.36518877832083,10.46242049721684,-3.0535556885441775,13.515976185761017
2023-10-06 00:00:00+05:30,1004.224965113404,1007.222651576429,998.629308110992,1000.1781005859376,5289753,0.0,0.0,1012.9057830810547,981.0049047851562,1008.6908915123067,989.4451358873716,48.46249322285775,8.483291451747505,-4.02614778721081,12.509439238958315
2023-10-09 00:00:00+05:30,994.032856445536,998.9291022484432,987.4879196186138,995.4817504882812,6823214,0.0,0.0,1013.8075866699219,981.3936059570312,1007.4328780814471,989.681865871721,46.58773167839057,6.461378471561034,-4.838448613917826,11.29982708547886
2023-10-10 00:00:00+05:30,999.128908974664,1014.1672903293224,995.7315066340648,1011.4693603515624,5728499,0.0,0.0,1015.4038543701172,982.4397973632813,1007.8173049643153,990.5362774199501,53.22195532808006,6.078989561972207,-4.176670018805321,10.255659580777529
2023-10-11 00:00:00+05:30,1018.2141884252522,1024.8590846095235,1011.2195865420562,1018.3140869140624,7396783,0.0,0.0,1016.3381317138671,983.8217297363282,1008.8169984833389,991.6256032824643,55.75570447471076,6.25613895047718,-3.1996165042402804,9.45575545471746
2023-10-12 00:00:00+05:30,1021.21186195729,1030.204921407012,1014.1673109192924,1017.6646118164062,4920222,0.0,0.0,1017.2149536132813,985.1117333984375,1009.6596283245834,992.6467408720307,55.44879889924413,6.271826196353459,-2.5471434066912018,8.81896960304466
2023-10-13 00:00:00+05:30,1008.2218691352938,1010.6699919170354,991.484786570362,993.2833862304688,12173162,0.0,0.0,1016.1957366943359,985.7942053222656,1008.099986220382,992.6717073566754,45.35568995897062,4.2677018984170445,-3.641014163702093,7.9087160621191375
2023-10-16 00:00:00+05:30,989.2365715517248,1008.6715850793234,989.2365715517248,1004.025146484375,4646960,0.0,0.0,1015.391357421875,986.984287109375,1007.7119062455242,993.116940263644,49.699858167727285,3.5057768203065507,-3.5223513934500694,7.02812821375662
2023-10-17 00:00:00+05:30,1008.0720149364598,1013.9175403830484,1002.3264489691136,1007.2726440429688,6105067,0.0,0.0,1014.4370941162109,988.4331689453124,1007.6700717500428,993.672065902049,50.96894399690237,3.1279347344915323,-3.1201547834120706,6.248089517903603
2023-10-18 00:00:00+05:30,1009.2211499531502,1013.3179638894072,988.5870495712484,992.0843505859376,7818946,0.0,0.0,1012.8433227539062,989.2445422363281,1006.1857173534613,993.6098025563192,45.22224167345756,1.5846568731413981,-3.7307461158097643,5.3154029889511625
2023-10-19 00:00:00+05:30,978.9445084014824,998.229612848485,978.9445084014824,990.635498046875,4836625,0.0,0.0,1011.04970703125,990.1238635253907,1004.7047440861674,993.493163163792,44.70443980559976,0.24189929348983696,-4.05880295636906,4.300702249858897
2023-10-20 00:00:00+05:30,988.2373482245796,992.134365196232,976.9960234849168,979.593994140625,5664400,0.0,0.0,1009.3460205078125,990.6724401855469,1002.3132440913538,992.9480977119032,40.864321969539354,-1.6936791707639713,-4.795505136498296,3.101825965734324
2023-10-23 00:00:00+05:30,979.244240064191,984.1404856597468,960.3587910391468,963.5563354492188,5896695,0.0,0.0,1006.6505981445313,990.9582189941407,998.6221099349599,991.7954795839548,36.02391160700893,-4.470214225881136,-6.057632153292368,1.5874179274112317
2023-10-25 00:00:00+05:30,959.2596747700426,973.248878360439,950.6663312454626,954.7131958007812,6957048,0.0,0.0,1003.4780456542969,991.2719775390625,994.4403085888476,990.3412723767716,33.656585239010184,-7.300055232747013,-7.109978528126596,-0.19007670462041726
2023-10-26 00:00:00+05:30,955.26274377723,974.2480911953968,952.015250139912,971.3003540039062,17540495,0.0,0.0,1001.3746673583985,991.9684387207031,992.2365033902818,989.5945696954828,41.43127746175127,-8.110783512717376,-6.336565446477566,-1.774218066239809
2023-10-27 00:00:00+05:30,979.244229248473,1003.9751421810236,972.5493840549732,1001.9766845703124,13443016,0.0,0.0,1000.2530364990234,993.2234692382813,993.1641396931418,990.0801428278291,52.514426582727225,-6.206424216653659,-3.54576492033108,-2.660659296322579
2023-10-30 00:00:00+05:30,1001.9767336017226,1001.9767336017226,978.4449062816934,988.4371948242188,5270567,0.0,0.0,998.1696472167969,994.3456042480469,992.71395446753,990.0157134943543,48.18076779931336,-5.723749600147926,-2.4504722430602772,-3.2732773570876486
2023-10-31 00:00:00+05:30,997.2304050009232,997.2304050009232,977.2458277463955,981.0928344726562,7816805,0.0,0.0,995.4292633056641,995.2509057617187,991.6071811346849,989.6657966699739,45.9649247166405,-5.866232710985855,-2.074364283118565,-3.79186842786729
2023-11-01 00:00:00+05:30,977.095920576024,978.5448146269,967.2535406577488,971.0505981445312,5703984,0.0,0.0,991.96943359375,995.8254626464844,989.6494113260987,988.9357888846625,43.049545837019515,-6.712103200512843,-2.336187818116442,-4.375915382396401
2023-11-02 00:00:00+05:30,977.2458215647366,987.5878158332996,973.248906139114,982.1920166015624,5193982,0.0,0.0,991.3399230957032,996.4319958496094,988.9391832570954,988.6713272265018,47.06131839468323,-6.409556918521275,-1.6269132288999,-4.782643689621375
2023-11-03 00:00:00+05:30,985.2396245786916,990.6354846460616,980.7430948519128,988.08740234375,4268048,0.0,0.0,990.6204772949219,997.0675048828125,988.8580612653482,988.6484282114919,49.104355045643366,-5.629188667800463,-0.6772359825432703,-4.951952685257193
2023-11-06 00:00:00+05:30,994.2326628173522,1015.4163257202237,992.3341036890996,1008.62158203125,6552178,0.0,0.0,991.0426513671875,997.6700402832031,990.7403013382913,989.4316891456001,55.54039136785659,-3.3155845228734506,1.3090945299069938,-4.624679052780444
2023-11-07 00:00:00+05:30,1007.2226556946476,1021.4117172085984,1004.4747764256392,1020.1127319335938,6559859,0.0,0.0,992.2742004394531,998.4604309082031,993.537675680701,990.6348672941489,58.688701624876956,-0.5484743370841443,3.2609637725570404,-3.8094381096411847
2023-11-08 00:00:00+05:30,1023.2103234899084,1026.157999752461,1014.8167769097952,1020.912109375,7643314,0.0,0.0,992.746337890625,999.2318359375,996.1447646039676,991.8222101208489,58.906701364409656,1.6895079045108332,4.399156811321614,-2.709648906810781
2023-11-09 00:00:00+05:30,1023.9597773760796,1028.056591319211,1015.8660479808826,1021.1119995117188,4407935,0.0,0.0,992.8862335205079,999.8653479003906,998.5225964999439,992.9708293126478,58.96501439002434,3.43960479524776,4.919402961646833,-1.4797981663990731
2023-11-10 00:00:00+05:30,1017.1150375499366,1030.204910661654,1015.8660015282808,1028.40625,3294063,0.0,0.0,993.4233154296875,1000.8345983886719,1001.3686587380445,994.3604536533282,61.13249502345531,5.353443084260675,5.466593000527799,-0.11314991626712345
2023-11-13 00:00:00+05:30,1029.255652548331,1031.05419116474,1022.710655255738,1024.5592041015625,5985481,0.0,0.0,994.9871063232422,1001.6739489746094,1003.5772821059985,995.5447183767885,59.35189287705363,6.484994286497908,5.278515362212025,1.206478924285883
2023-11-15 00:00:00+05:30,1044.1940844749793,1044.1940844749793,1030.754506053784,1040.546875,7240388,0.0,0.0,996.8131927490234,1003.0299011230469,1007.0981957149511,997.3095088326007,64.03961270526416,8.573003940701597,5.893220013132571,2.6797839275690256
2023-11-16 00:00:00+05:30,1041.9958589009864,1043.194884690621,1021.3617594397924,1025.5584716796875,6908825,0.0,0.0,997.7274841308594,1003.7333569335938,1008.8563172354022,998.4173112971924,57.36090867719744,8.91555478450357,4.988616685547635,3.9269380989559344
2023-11-17 00:00:00+05:30,1014.1173927477992,1019.2134355302144,991.0851187720614,993.5831909179688,13268353,0.0,0.0,997.8024261474609,1003.9751696777344,1007.401733776599,998.2277379489876,46.273716784578475,6.5315986636471735,2.0837284517529913,4.447870211894182
2023-11-20 00:00:00+05:30,980.2434868105852,993.982883287288,979.5939636728148,987.9375610351562,8215656,0.0,0.0,997.667529296875,1004.1200573730468,1005.5480030393187,997.8242015994256,44.63332530131151,4.139028963906867,-0.24707299838985275,4.38610196229672
2023-11-21 00:00:00+05:30,989.1866072820292,996.7307728639834,985.8891642912246,991.03515625,7061614,0.0,0.0,998.2395874023438,1004.6546447753906,1004.1658271546216,997.5579645268991,45.769265716358305,2.4644417352214987,-1.5373281816601772,4.001769916881676
2023-11-22 00:00:00+05:30,990.2357610009742,999.1289218976304,987.2380745398208,997.3302612304688,6103988,0.0,0.0,999.9282836914062,1005.0523364257813,1003.5148208761309,997.5490349858627,48.09971599085234,1.6265320048046306,-1.9001903296616365,3.526722334466267
2023-11-23 00:00:00+05:30,998.2295917722128,1002.626222978056,994.6323924133136,998.279541015625,3112891,0.0,0.0,1002.1066009521485,1005.4270471191406,1003.0162227941779,997.5776822811475,48.459398876984096,1.0272400677691849,-1.9995858133576658,3.0268258811268507
2023-11-24 00:00:00+05:30,1001.2273025474868,1009.9705549399924,998.9290884019318,1007.7222900390624,6956281,0.0,0.0,1003.9276977539063,1005.5889221191406,1003.4644196746431,997.9755100363599,52.02134240733313,1.299270636716301,-1.3820441955284402,2.681314832244741
2023-11-28 00:00:00+05:30,1012.268758675162,1021.1619196981726,1008.47170130137,1020.362548828125,6173384,0.0,0.0,1004.8469909667969,1005.9936096191407,1005.073765308308,998.8534331262331,56.368267994019384,2.5059332293297985,-0.14030528233195394,2.6462385116617524
2023-11-29 00:00:00+05:30,1026.3579665533805,1062.6799118777064,1020.3625932846768,1059.33251953125,9422396,0.0,0.0,1008.3917572021485,1006.9069055175781,1010.2412657104929,1001.2251620048612,66.45803989684072,6.531482117474752,3.1081948846503993,3.423287232824353
2023-11-30 00:00:00+05:30,1061.8804884348078,1080.0665273469688,1054.6360790108092,1073.421630859375,24755589,0.0,0.0,1013.0081970214844,1007.9730834960938,1016.2584433437198,1004.0563960775874,69.2285811542873,10.734887054675369,5.849279857480813,4.885607197194556
2023-12-01 00:00:00+05:30,1074.5707727398865,1108.1448390498572,1069.3747093259897,1103.7982177734375,14428758,0.0,0.0,1019.6455780029297,1009.5218896484375,1024.5955647179785,1007.96784006566,74.18040959772806,16.329021650416962,9.154731562577924,7.174290087839038
2023-12-04 00:00:00+05:30,1119.635891015154,1128.1293359715387,1098.2523699061985,1124.73193359375,14043213,0.0,0.0,1026.7725738525392,1011.5373327636719,1034.1323617537664,1012.5468241255851,76.9350369973937,22.195730967214786,12.017152703500596,10.17857826371419
2023-12-05 00:00:00+05:30,1135.923403226104,1150.9617242031843,1126.2808204474204,1131.57666015625,15804808,0.0,0.0,1033.947036743164,1013.6387097167968,1043.4127711254316,1017.21466083267,77.77014863533665,27.085230915934062,13.525322121775897,13.559908794158165
2023-12-06 00:00:00+05:30,1134.2245802625462,1144.8163810892063,1117.0877820413225,1119.6358642578125,7342767,0.0,0.0,1039.497750854492,1015.7580725097656,1050.6721133285155,1021.2311786140482,72.81694606632739,29.654829995927912,12.875936961415796,16.778893034512116
2023-12-07 00:00:00+05:30,1118.3868597860512,1128.728853705568,1107.6451499422271,1116.9879150390625,6439419,0.0,0.0,1044.3415100097657,1017.74853515625,1056.9879039676152,1024.9863447483624,71.72598131318169,31.118869451453975,11.471981133553484,19.64688831790049
2023-12-08 00:00:00+05:30,1114.9894981255077,1133.4752320204163,1110.642876983292,1130.32763671875,7300989,0.0,0.0,1049.8122863769531,1019.9918029785156,1063.9726404201042,1029.1173758060247,73.85141813028402,32.9754152619812,10.662821555264564,22.312593706716633
2023-12-11 00:00:00+05:30,1128.1293990139036,1138.5214037012076,1112.9910571739724,1115.6390380859375,6924589,0.0,0.0,1054.538638305664,1022.0372253417969,1068.8932497216122,1032.510382169943,67.80701318955728,32.88244567545212,8.455881574988389,24.42656410046373
2023-12-12 00:00:00+05:30,1119.1362904785587,1133.0255956216974,1108.14477333993,1130.1278076171875,9044111,0.0,0.0,1059.6247161865235,1024.1515954589843,1074.7251123783335,1036.3385165012073,70.38206140282571,33.590676809006936,7.331290166834563,26.259386642172373
2023-12-13 00:00:00+05:30,1149.1131520704762,1150.1123808983634,1110.592831964948,1113.990234375,8184523,0.0,0.0,1064.0962677001953,1025.8293005371095,1078.4646478065874,1039.3836819080227,64.22052070754921,32.475431235531914,4.972835674687634,27.50259556084428
2023-12-14 00:00:00+05:30,1131.5267956704654,1137.7219658679007,1117.037977069714,1119.5859375,9421193,0.0,0.0,1068.0482208251954,1027.5030090332032,1082.380961110722,1042.5288684018258,65.35316118120099,31.677953827703504,3.340286613487379,28.337667214216125
2023-12-15 00:00:00+05:30,1118.3368243985929,1126.9801779155976,1107.7450235116578,1119.4859619140625,12048410,0.0,0.0,1072.744595336914,1029.0877844238282,1085.91477071104,1045.5467936375999,65.31337940295259,30.68417200756153,1.877203834676319,28.80696817288521
2023-12-18 00:00:00+05:30,1118.836456137652,1119.1362735728285,1106.3460959415263,1110.492919921875,7922468,0.0,0.0,1078.5900817871093,1031.4019982910156,1088.2555468263577,1048.0937005507087,61.6764544547311,28.83849718035208,0.025223205973492924,28.813273974378586
2023-12-19 00:00:00+05:30,1122.9334195721392,1125.9809943494906,1113.3407251238689,1119.3861083984375,6824641,0.0,0.0,1085.1625091552735,1033.7401940917969,1091.2203622141749,1050.8894812506196,63.82188135181966,27.77323994713197,-0.832027221797297,28.605267168929267
2023-12-20 00:00:00+05:30,1121.1347374781865,1122.9832864023226,1101.8495724369775,1109.393798828125,9848057,0.0,0.0,1091.0804412841796,1035.9245080566407,1092.9511657012179,1053.1837682144433,59.77290299352827,25.825025226639582,-2.22419355383175,28.04921878047133
2023-12-21 00:00:00+05:30,1103.0487430080157,1103.0487430080157,1076.369259742627,1094.5552978515625,10914682,0.0,0.0,1095.9416931152343,1037.9059790039062,1093.103940191727,1054.806181141389,54.26709272556669,22.820645806737048,-4.182858378987429,27.003504185724477
2023-12-22 00:00:00+05:30,1094.555315929369,1105.4469348815903,1084.9627432835898,1087.4608154296875,10600025,0.0,0.0,1100.4007568359375,1039.4258081054688,1092.5664997381994,1056.0867550350479,51.8098686888994,19.64078132949294,-5.890178284985232,25.53095961447817
2023-12-26 00:00:00+05:30,1090.358431261507,1099.801216724054,1085.8619016058674,1093.4061279296875,5687517,0.0,0.0,1104.6849487304687,1040.9276489257813,1092.646464327865,1057.5502598544456,53.70182341617531,17.39987789199995,-6.504865377982579,23.90474326998253
2023-12-27 00:00:00+05:30,1095.2048420874228,1109.693660574541,1088.8097529806314,1105.496826171875,6132936,0.0,0.0,1108.9416625976562,1042.6842932128907,1093.870308313009,1059.43051735709,57.367505162170374,16.410395253546085,-5.995478413149158,22.405873666695243
2023-12-28 00:00:00+05:30,1106.3960925819351,1112.141658201575,1097.1532261503407,1106.99560546875,14097667,0.0,0.0,1111.3248168945313,1044.9585375976562,1095.1203366135558,1061.2958149300962,57.813403999912474,15.567707258456267,-5.470533126591182,21.038240385047448
2023-12-29 00:00:00+05:30,1100.6005091139134,1105.996369010245,1093.106293140167,1101.449951171875,8786731,0.0,0.0,1112.7262329101563,1046.9070336914062,1095.7231570476813,1062.8704869395776,55.50032273041378,14.287683474991809,-5.400445528044514,19.688129003036323
2024-01-01 00:00:00+05:30,1094.1555246132327,1103.1485837196428,1092.1570670340304,1096.8533935546875,4083732,0.0,0.0,1112.3789916992187,1048.6986486816406,1095.8307986197772,1064.2031499440918,53.586582400504916,12.755316273755625,-5.546250183424558,18.301566457180183
2024-01-02 00:00:00+05:30,1094.2555314704807,1098.5022542468748,1081.4654748825794,1092.406982421875,7895577,0.0,0.0,1110.762744140625,1050.7051013183593,1095.5047208866436,1065.3091825902795,51.72844214579946,11.054684486992755,-5.797505576149941,16.852190063142697
2024-01-03 00:00:00+05:30,1090.1586926320354,1101.7497230805498,1080.466221423854,1097.7528076171875,10225290,0.0,0.0,1109.071551513672,1052.8474475097655,1095.7188243847907,1066.5814816109428,53.80254506477172,10.022748948989829,-5.463552891322296,15.486301840312125
2024-01-04 00:00:00+05:30,1102.14939889011,1129.1285772854253,1099.2017226336843,1122.53369140625,11411683,0.0,0.0,1109.2164428710937,1055.706241455078,1098.2726212439773,1068.7756859166411,61.961725182178846,11.076855722058326,-3.527556894603041,14.604412616661367
2024-01-05 00:00:00+05:30,1123.1331561213815,1139.020918223315,1118.1370121884574,1136.0731201171875,8025466,0.0,0.0,1110.170703125,1059.1565771484375,1101.8726687557116,1071.4148009833293,65.54252581546758,12.856559265112082,-1.3982826812394293,14.254841946351512
2024-01-08 00:00:00+05:30,1144.117029091466,1145.1162579378342,1117.6374646627116,1121.134765625,4735538,0.0,0.0,1109.7110595703125,1062.4850085449218,1103.7071541718344,1073.3646035182967,58.94892946142128,12.912736790747658,-1.0736841244830835,13.986420915230742
2024-01-09 00:00:00+05:30,1127.6797104374443,1134.674312033766,1111.492130700254,1115.68896484375,6359362,0.0,0.0,1109.713555908203,1065.3727807617188,1104.848278997731,1075.024382393805,56.70919596508531,12.375173971692675,-1.2889975548304538,13.664171526523129
2024-01-10 00:00:00+05:30,1114.3900005061453,1115.1394221608232,1098.2025415555734,1106.1463623046875,5934163,0.0,0.0,1108.5144836425782,1067.4561743164063,1104.971905979346,1076.2448521942317,52.9152507946621,11.051745646277823,-2.0899407041962466,13.14168635047407
2024-01-11 00:00:00+05:30,1110.1932211807507,1127.030202280117,1110.1932211807507,1124.8818359375,4683035,0.0,0.0,1109.059063720703,1070.185067138672,1106.8680897848844,1078.1521848900463,58.750257116131756,11.383493480022935,-1.406554296360909,12.790047776383844
2024-01-12 00:00:00+05:30,1125.4813347152906,1128.5789196006906,1117.187808859295,1119.4859619140625,5616755,0.0,0.0,1109.0540649414063,1072.9529296875,1108.0697918924252,1079.7731173223606,56.57569038125554,11.083243359520338,-1.3654435334908044,12.448686893011143
2024-01-15 00:00:00+05:30,1121.1347909222868,1129.578226074144,1115.7389306349114,1118.63671875,6719079,0.0,0.0,1109.0116027832032,1075.9046520996094,1109.0761658788608,1081.2971801234446,56.22296908121808,10.653954000061503,-1.4357863143597118,12.089740314421215
2024-01-16 00:00:00+05:30,1115.7888766790272,1126.9303023217112,1114.2400232308407,1118.2369384765625,5229753,0.0,0.0,1109.3988037109375,1078.6255505371093,1109.9486204119753,1082.7457980980766,56.04582807843771,10.164312297760489,-1.540342413328581,11.70465471108907
2024-01-17 00:00:00+05:30,1081.1656366502816,1114.1401893392458,1078.3677470255943,1081.4654541015625,24913719,0.0,0.0,1107.5027709960937,1080.4931115722657,1107.2359379062218,1082.695588529586,42.714927717539574,6.7315194777495435,-3.978508186671622,10.710027664421165
2024-01-18 00:00:00+05:30,1065.1779770696896,1107.8950113283474,1065.1779770696896,1096.6536865234375,11473135,0.0,0.0,1106.8657653808593,1082.2537536621094,1106.2281044411948,1083.2429649215019,48.195939665762936,5.176893849255293,-4.426507052132699,9.603400901387992
2024-01-19 00:00:00+05:30,1106.296189733455,1125.4314456386269,1104.1478234193503,1115.68896484375,12303696,0.0,0.0,1107.9224487304687,1084.1652783203126,1107.1291387652477,1084.5153570753157,54.12072367337222,5.418370116309006,-3.3480246280631896,8.766394744372196
2024-01-23 00:00:00+05:30,1125.0317962409188,1140.7196405297414,1077.9681413982723,1088.4100341796875,18924087,0.0,0.0,1107.9699096679688,1085.5152368164063,1105.3463668999564,1084.6680895107813,46.00119801870851,3.3697160832055033,-4.317342928933355,7.6870590121388584
2024-01-24 00:00:00+05:30,1034.0020540559233,1072.372343991597,1020.1127487627466,1058.333251953125,20884046,0.0,0.0,1106.2162658691407,1086.2596618652344,1100.8689273812106,1083.6353507830302,39.045689697822105,-0.6730435344013586,-6.688082037232174,6.015038502830816
2024-01-25 00:00:00+05:30,1057.1841437544974,1062.8796995192245,1025.0090229524417,1041.4462890625,20835434,0.0,0.0,1103.013739013672,1086.5204626464845,1095.2096284937143,1081.980877774382,35.774966238593144,-5.17988593224095,-8.955939548057412,3.776053615816463
2024-01-29 00:00:00+05:30,1035.2011116018846,1067.1764355123676,1035.2011116018846,1060.431640625,11188604,0.0,0.0,1100.6855407714843,1087.2379113769532,1091.8974391728843,1081.1358096508768,41.68886641615764,-7.137356792431774,-8.730728326598589,1.5933715341668155
2024-01-30 00:00:00+05:30,1059.2325942350576,1069.624476723568,1049.9897273463614,1053.287109375,9426983,0.0,0.0,1098.2773986816405,1087.4927160644531,1088.220264906419,1080.0437037577053,40.189119692678325,-9.1595845257159,-8.602364847906172,-0.5572196778097276
2024-01-31 00:00:00+05:30,1047.3916623637872,1083.2640035215095,1041.8959035283087,1066.9266357421875,12600390,0.0,0.0,1096.7810607910155,1088.320079345703,1086.1923002241112,1079.5293089335673,44.30819173523536,-9.551514868362801,-7.1954361524424595,-2.3560787159203422
2024-02-01 00:00:00+05:30,1071.8227887606329,1086.8112206493954,1055.9850367934082,1083.413818359375,9756682,0.0,0.0,1096.3314025878906,1090.1166918945312,1085.9276829036603,1079.6816426365401,48.8901936934495,-8.434516781391721,-4.862750452377103,-3.5717663290146184
2024-02-02 00:00:00+05:30,1087.2109783014316,1095.3545956927023,1064.1787049576526,1066.2271728515625,8667415,0.0,0.0,1094.7551208496093,1091.6824841308594,1084.0514438510795,1079.1540163704626,44.756403017239876,-8.83427043716415,-4.210003286519625,-4.624267150644525
2024-02-05 00:00:00+05:30,1066.227165247043,1078.6675153131257,1057.184095601007,1060.681396484375,12569454,0.0,0.0,1091.6625061035156,1093.0754089355469,1081.8257250542506,1078.4295999043416,43.47890213222867,-9.489190414001996,-3.891938610685976,-5.59725180331602
2024-02-06 00:00:00+05:30,1060.7313654013533,1064.2785544020471,1047.3915635419985,1049.240234375,8011171,0.0,0.0,1087.3208618164062,1094.1136083984375,1078.72234498956,1077.2849189031908,40.88607296824782,-10.806850730346241,-4.167679141624177,-6.639171588722064
2024-02-07 00:00:00+05:30,1060.2317938376364,1072.8719408962954,1056.6844827174764,1068.2755126953125,7281793,0.0,0.0,1084.6778991699218,1095.5135278320313,1077.727408580584,1076.931608855823,46.592584164945784,-10.197566944319306,-2.846716284477793,-7.350850659841512
2024-02-08 00:00:00+05:30,1071.1733335941522,1074.7705330803894,1030.8544736512126,1035.1011962890625,9869141,0.0,0.0,1080.6485107421875,1096.0611059570313,1073.6677693147249,1075.2912005198718,39.445822301836635,-12.25038047833732,-3.9196238547966455,-8.330756623540674
2024-02-09 00:00:00+05:30,1039.1479899225592,1054.0865343604987,1033.7522517334637,1050.5892333984375,8233454,0.0,0.0,1077.870654296875,1096.6656396484375,1071.4698135131737,1074.3224959268744,43.78144306850994,-12.483591762893184,-3.322268111482007,-9.161323651411177
2024-02-12 00:00:00+05:30,1050.5892711979318,1056.4347357638858,1034.5515988472694,1045.892822265625,8694379,0.0,0.0,1073.9212036132812,1096.396845703125,1069.0339095848358,1073.207606763688,42.781179744388105,-12.898686486312045,-2.9898902679206927,-9.908796218391352
2024-02-13 00:00:00+05:30,1050.1895461526674,1074.720663789998,1043.9943759268251,1069.92431640625,8413609,0.0,0.0,1071.4431213378907,1096.3268994140626,1069.1187102344943,1073.0788502790826,49.1794552565485,-11.159867304139425,-1.0008568685984578,-10.159010435540967
2024-02-14 00:00:00+05:30,1060.4816376132223,1100.05107606297,1059.732215968431,1096.004150390625,16609115,0.0,0.0,1070.3114929199219,1096.1710180664063,1071.679228344602,1073.977881656006,55.05339710856523,-7.589924011043877,2.055269139597673,-9.64519315064155
2024-02-15 00:00:00+05:30,1096.6537086970943,1096.7037189321554,1068.425492505119,1071.3731689453125,11780823,0.0,0.0,1067.9683044433593,1095.1038427734375,1071.6500798303841,1073.8757360595082,49.262231484741044,-6.671329648717119,2.3790908015395438,-9.050420450256663
2024-02-16 00:00:00+05:30,1072.1725036549708,1075.1701900584796,1057.184071637427,1067.92578125,8660907,0.0,0.0,1067.2913208007812,1093.8308251953124,1071.2953847274905,1073.6424044983512,48.493353937616604,-6.150611948529331,2.319846801381866,-8.470458749911197
2024-02-19 00:00:00+05:30,1068.1756323092036,1069.1748611514013,1059.28247121841,1062.1302490234375,7562645,0.0,0.0,1065.5651489257812,1092.680712890625,1070.4225146604379,1073.1909474209037,47.160718397019124,-6.134871455645907,1.868469835412231,-8.003341291058138
2024-02-20 00:00:00+05:30,1058.1833485818438,1089.6590572507089,1056.8843022907529,1087.760498046875,8722800,0.0,0.0,1064.1687255859374,1092.0961645507812,1072.073751173432,1073.7623023474125,53.275961499652446,-4.008047825954463,3.1962347720829403,-7.204282598037404
2024-02-21 00:00:00+05:30,1093.0064745881868,1093.106373079908,1072.272475544528,1083.3638916015625,9177213,0.0,0.0,1063.9164184570313,1091.1568896484375,1073.1490026427778,1074.13883525934,52.16076795024667,-2.646783697748333,3.6459991202312567,-6.29278281797959
2024-02-22 00:00:00+05:30,1089.4592243607065,1109.8433945791191,1080.6659620097323,1100.051025390625,14633340,0.0,0.0,1066.0023071289063,1090.8451293945313,1075.7111000473346,1075.154999578214,55.931263162302336,-0.21893607341394272,4.859077395652518,-5.078013469066461
2024-02-23 00:00:00+05:30,1098.1524782565048,1106.546024778541,1089.159418834932,1095.9542236328125,6250943,0.0,0.0,1068.7277038574218,1090.1616577148438,1077.639016579285,1075.9706554234924,54.789542777874935,1.3589083475742427,5.149537453312563,-3.7906291057383203
2024-02-26 00:00:00+05:30,1092.60667464962,1093.9557311007786,1078.8173904952766,1084.363037109375,5354189,0.0,0.0,1069.9242736816407,1089.5691137695312,1078.2793994869126,1076.299768430782,51.5813152010225,1.6549720504949619,4.356480924986625,-2.701508874491664
2024-02-27 00:00:00+05:30,1080.8158660168594,1087.7105691965337,1071.2232938424388,1078.2178955078125,6546815,0.0,0.0,1071.1708129882813,1088.7417529296874,1078.2735419650935,1076.3749891004695,49.91265894462694,1.3778599857014342,3.263495088154479,-1.8856351024530447
2024-02-28 00:00:00+05:30,1076.5691875374089,1084.1633024032465,1063.2295067832588,1073.37158203125,7643191,0.0,0.0,1071.4930603027344,1087.8194653320313,1077.806688638061,1076.2572084310884,48.57797580288231,0.7584467802748804,2.1152655061823404,-1.3568187259074598
2024-02-29 00:00:00+05:30,1070.174060279414,1081.4653946732049,1054.536104937986,1074.2708740234375,13648997,0.0,0.0,1071.0359130859374,1087.0950244140624,1077.469944389049,1076.1793129641217,48.85129868228189,0.3362466582457273,1.3544523073225498,-1.0182056490768225
2024-03-01 00:00:00+05:30,1075.1702723447804,1100.8504057097548,1075.1702723447804,1098.40234375,4819390,0.0,0.0,1072.6446716308594,1086.6753491210939,1079.4635062329492,1077.0508043674895,55.661711997678616,1.92664874415118,2.355883514582402,-0.4292347704312221
2024-03-04 00:00:00+05:30,1098.4022683074036,1108.0448507096123,1092.2569867367397,1105.896484375,5895441,0.0,0.0,1074.9054260253906,1086.6054028320314,1081.9809327226683,1078.1820075050389,57.55196191886867,3.7485573371636747,3.342233686075917,0.40632365108775725
2024-03-05 00:00:00+05:30,1101.349994690422,1110.0433589106815,1093.655981300887,1099.951171875,4851446,0.0,0.0,1077.4409729003905,1086.7133203125,1083.6923840705094,1079.0357002254295,55.529404512565556,4.658990054342439,3.4021331226037455,1.2568569317386937
2024-03-06 00:00:00+05:30,1099.351522238175,1131.0770379445553,1094.5052867538532,1124.1324462890625,13787638,0.0,0.0,1080.233819580078,1087.4467529296876,1087.5438185675146,1080.8042000710623,61.46169625704716,7.248188688532082,4.79306540543471,2.4551232830973717
2024-03-07 00:00:00+05:30,1125.131724575887,1126.031054967676,1106.69600043703,1110.5928955078125,6943879,0.0,0.0,1084.0084045410156,1087.79048828125,1089.7389687523048,1081.9723842058368,56.885926678749165,8.114084551133146,4.527169014428619,3.586915536704527
2024-03-11 00:00:00+05:30,1111.3923135688265,1119.136337331612,1101.0503191324713,1104.247802734375,6751641,0.0,0.0,1086.6913330078125,1087.7655078125,1091.120762464883,1082.8459300304855,54.82594144707476,8.19386354359608,3.685558405513243,4.508305138082838
2024-03-12 00:00:00+05:30,1104.1478835656194,1120.535261164906,1083.413884847079,1096.154052734375,9817138,0.0,0.0,1089.20439453125,1087.5486767578125,1091.6001234429298,1083.367817195344,52.22783018333537,7.517335819245545,2.407224544930166,5.110111274315379
2024-03-13 00:00:00+05:30,1095.1548404934017,1098.702151769049,1069.9243115495528,1079.56689453125,11503890,0.0,0.0,1089.6865234375,1087.111015625,1090.4541016418175,1083.2187614045954,47.28266833878043,5.578432978331421,0.3746573632128323,5.203775615118588
2024-03-14 00:00:00+05:30,1074.1710436645478,1080.4162241509696,1054.7859790394584,1057.4339599609375,10253613,0.0,0.0,1087.7580139160157,1086.322626953125,1087.3093262436385,1082.2075927205303,41.619871763026474,2.2301874480365314,-2.378870533665646,4.609057981702177
2024-03-15 00:00:00+05:30,1055.4353966450965,1055.4353966450965,1029.4554484199862,1045.593017578125,17798175,0.0,0.0,1086.4690063476562,1085.38634765625,1083.3363444659706,1080.7717270286712,38.93339429446964,-1.3630736839918427,-4.777705332555216,3.4146316485633736
2024-03-18 00:00:00+05:30,1043.1948983383784,1066.0772629366295,1042.7951824112129,1060.531494140625,7612407,0.0,0.0,1086.0992919921875,1084.6419213867186,1081.1644539587949,1079.9779924056106,43.8569951996708,-2.9710998173875396,-5.108585172760731,2.137485355373191
2024-03-19 00:00:00+05:30,1054.736083229447,1060.1318215501374,1045.892810143046,1049.98974609375,6728886,0.0,0.0,1085.4922668457032,1083.1910424804687,1078.195434162124,1078.801982746322,41.32488984384263,-5.038027830854162,-5.740410548981883,0.7023827181277205
2024-03-20 00:00:00+05:30,1049.1902659439932,1056.634471897602,1030.1549080428251,1033.9520263671875,12619644,0.0,0.0,1082.8018432617187,1081.1486206054688,1073.9817762768919,1077.0431609275324,37.753668808757375,-7.879364710408481,-6.865397942828961,-1.0139667675795199
2024-03-21 00:00:00+05:30,1038.5484998576344,1049.7399363681436,1027.3571853233052,1034.8013916015625,9903738,0.0,0.0,1080.3737182617188,1079.421953125,1070.2503110697178,1075.3866209539651,38.058964050536524,-9.9479343869707,-7.147174095512945,-2.800760291457756
2024-03-22 00:00:00+05:30,1039.2978565218912,1046.442366878627,1029.1556597477422,1032.503173828125,9891194,0.0,0.0,1076.9963256835938,1077.7582373046876,1066.6553456181375,1073.7049171451088,37.522696280910864,-11.638575472905131,-7.0702521451579,-4.5683233277472315
2024-03-26 00:00:00+05:30,1028.2064173634878,1043.3946460695458,1026.7075741894887,1039.74755859375,9656767,0.0,0.0,1074.1859924316407,1076.4302612304687,1064.0926992348625,1072.3732560254477,40.374701478911646,-12.252618844138397,-6.147436413112931,-6.105182431025465
2024-03-27 00:00:00+05:30,1044.99359562618,1056.7345347878932,1043.4447420952267,1052.0380859375,17027308,0.0,0.0,1072.5697448730468,1074.9733862304688,1062.9446408255899,1071.5757983749402,44.964802612825935,-11.613635043818022,-4.406762090234045,-7.206872953583977
2024-03-28 00:00:00+05:30,1052.0380010101264,1057.5837695526957,1043.2947491487057,1046.392333984375,10235318,0.0,0.0,1070.978466796875,1073.511513671875,1061.368230650236,1070.5882115360944,43.31524158139226,-11.431030968103187,-3.3793264116153683,-8.051704556487818
2024-04-01 00:00:00+05:30,1051.5384201848306,1062.9296530831418,1048.0911295598953,1052.287841796875,5484556,0.0,0.0,1069.9242797851562,1072.1845361328126,1060.5034317118207,1069.8705499776936,45.56113363833349,-10.687400018120343,-2.1085563693060188,-8.578843648814324
2024-04-02 00:00:00+05:30,1050.18945215466,1055.0356873626135,1039.3977324952384,1046.392333984375,13617893,0.0,0.0,1068.5303527832032,1070.7476440429687,1059.15951764254,1068.9498356250144,43.69666305649972,-10.45328636408135,-1.499554172213621,-8.95373219186773
2024-04-03 00:00:00+05:30,1042.9951017540034,1069.4746657543228,1042.945091522023,1062.4300537109375,11573590,0.0,0.0,1066.73173828125,1070.3669360351562,1059.4709972681017,1068.694157902894,49.724029057684575,-8.871375957640112,0.0658849873820948,-8.937260945022206
2024-04-04 00:00:00+05:30,1069.1748611514013,1079.8665609724444,1058.333252608793,1062.1302490234375,17964844,0.0,0.0,1064.5434265136719,1069.6764672851561,1059.7242593400383,1068.436749711543,49.61709765387234,-7.554805204500781,1.1059645924171413,-8.660769796917922
2024-04-05 00:00:00+05:30,1060.2816607352734,1062.1802198602677,1047.2916862684967,1058.283203125,9210187,0.0,0.0,1062.460028076172,1068.5283520507812,1059.587015890987,1068.0385714140314,48.18515428374424,-6.744096108275471,1.5333389509139614,-8.277435059189433
2024-04-08 00:00:00+05:30,1066.1771452802848,1078.6174952327765,1062.729854660054,1075.22021484375,4967186,0.0,0.0,1060.0144165039062,1068.2645556640625,1061.0758919817263,1068.3202044897066,54.42173287175468,-4.680968717904989,2.8771730730275555,-7.558141790932544
2024-04-09 00:00:00+05:30,1089.1594023527923,1089.1594023527923,1070.5237606604203,1079.1671142578125,11385226,0.0,0.0,1058.4431274414062,1068.6812329101563,1062.7988655318297,1068.7455735002206,55.75811233395208,-2.6963616215596176,3.8894241354983414,-6.585785757057959
2024-04-10 00:00:00+05:30,1085.3623179146566,1092.1571228214916,1079.1671478931482,1086.961181640625,9064074,0.0,0.0,1057.5787963867188,1069.5915307617188,1065.1000384945721,1069.459911074354,58.354856288601844,-0.4889932890810087,4.87743397438156,-5.366427263462569
2024-04-12 00:00:00+05:30,1078.6675758969318,1095.5545683631806,1070.2740289101862,1072.6221923828125,18045983,0.0,0.0,1056.4022033691406,1069.835341796875,1065.816434102976,1069.5839221060583,52.27581165924743,0.10214792279703033,4.374860149007679,-4.272712226210649
2024-04-15 00:00:00+05:30,1062.2802084516309,1070.1741410770342,1054.4362860611957,1057.1341552734375,8889435,0.0,0.0,1055.28056640625,1069.9122827148437,1064.9895504049248,1069.0956959557595,46.625825471249065,-0.67138426377619,2.881062369947567,-3.552446633723757
2024-04-16 00:00:00+05:30,1049.1402977156006,1057.0342301420742,1043.5446404684403,1051.0888671875,7107881,0.0,0.0,1054.963311767578,1069.59552734375,1063.665675812789,1068.3895458079846,44.59962187030386,-1.7520221004108407,1.4403396266503332,-3.192361727061174
2024-04-18 00:00:00+05:30,1043.3448125710563,1050.5892216255745,1013.0681300768774,1023.2103271484376,17832438,0.0,0.0,1053.8441772460938,1068.3914575195313,1059.8127854638033,1066.6178117429045,36.68271210999178,-4.80263873222475,-1.2882216041308605,-3.5144171280938896
2024-04-19 00:00:00+05:30,1014.2172939391752,1036.1503186481762,994.9321891190332,1028.306396484375,21598007,0.0,0.0,1052.2329223632812,1067.6330419921876,1056.812176989572,1065.1154033013936,38.82057521580467,-6.731468012605774,-2.573640707609507,-4.157827304996267
2024-04-22 00:00:00+05:30,1038.198784381393,1057.6837471296478,1031.2041823691984,1053.13720703125,9410832,0.0,0.0,1052.3902954101563,1067.482158203125,1056.4621798506842,1064.6456701143293,48.02852392454271,-6.185141758308873,-1.6218515626500851,-4.563290195658788
2024-04-23 00:00:00+05:30,1057.184055784543,1059.4323205534608,1047.9411895123246,1054.935791015625,8300012,0.0,0.0,1053.4394836425781,1067.5960693359375,1056.3168094854404,1064.2648905418312,48.63160816616507,-5.5431456371482,-0.7838843531915289,-4.759261283956671
2024-04-24 00:00:00+05:30,1055.185644691982,1068.1256092526114,1055.185644691982,1062.4300537109375,5641163,0.0,0.0,1054.8209167480468,1067.47916015625,1056.899023221202,1064.192936156306,51.17402484282146,-4.3791545507192495,0.30408538658993756,-4.683239937309187
2024-04-25 00:00:00+05:30,1099.1516817324757,1133.0754507554773,1085.262376995349,1126.130859375,46136295,0.0,0.0,1059.5023010253906,1069.2997534179688,1063.4925314263257,1066.6218743217448,66.3977229566336,1.6642549238235915,5.077995888906223,-3.4137409650826314
2024-04-26 00:00:00+05:30,1129.1285273005278,1140.4697496175602,1122.133925803976,1129.4283447265625,10133766,0.0,0.0,1063.9863403320312,1070.8765356445313,1069.772132693015,1069.0848731611495,66.97180857022741,6.643201293190259,8.045553806618312,-1.4023525134280534
2024-04-29 00:00:00+05:30,1129.428451816995,1163.1024162814049,1124.4323074171607,1158.3560791015625,15183242,0.0,0.0,1069.3022399902343,1073.12580078125,1078.2086990176385,1072.585704766656,71.56193117451734,12.77600473735879,11.342685800629475,1.4333189367293153
2024-04-30 00:00:00+05:30,1159.2554104976905,1181.9878675367204,1154.2592660935077,1165.0009765625,18965164,0.0,0.0,1075.2326721191407,1075.027333984375,1086.4746302123872,1076.2098330723754,72.50711936205046,17.965389515430388,13.225656462960858,4.73973305246953
2024-05-02 00:00:00+05:30,1155.1085385948045,1173.094657707872,1147.1147078778852,1148.9632568359375,12302236,0.0,0.0,1080.0664428710938,1076.0865161132813,1092.4259279860587,1079.0629085140836,66.74141202248718,20.547050779146048,12.645854181341214,7.901196597804834
2024-05-03 00:00:00+05:30,1150.012526715802,1162.3529788203998,1133.22543297009,1140.6197509765625,9993632,0.0,0.0,1084.777813720703,1077.4714477539062,1097.0158158899162,1081.4769023361416,63.894801142517146,21.66998662057813,11.015032018218637,10.654954602359492
2024-05-06 00:00:00+05:30,1143.0178736116911,1155.1085179598072,1134.7742358321336,1142.76806640625,7490104,0.0,0.0,1088.7947143554688,1078.9682934570312,1101.373173081948,1083.8804773977145,64.31681862031289,22.474203834090304,9.455399385384649,13.018804448705655
2024-05-07 00:00:00+05:30,1145.1662691938045,1147.9141485237717,1123.183234554065,1126.830322265625,7115509,0.0,0.0,1092.029718017578,1080.262294921875,1103.7976634803933,1085.5647850395933,58.82361273938238,21.576785265549006,6.846384653474679,14.730400612074327
2024-05-08 00:00:00+05:30,1123.78274769608,1134.5743460629888,1117.387658677072,1127.7796630859375,8175609,0.0,0.0,1095.504541015625,1081.0626782226564,1106.081663442826,1087.2202704531755,59.04797853738822,20.703521150328697,4.7784964306034965,15.9250247197252
2024-05-09 00:00:00+05:30,1121.1347515511131,1133.6751222060811,1111.3422601891623,1114.7896728515625,5226693,0.0,0.0,1097.4830139160156,1081.6911938476562,1106.9109976722295,1088.3014234884065,54.65920587587361,18.747163763293656,2.2577112348547637,16.489452528438893
2024-05-10 00:00:00+05:30,1122.8334055051978,1139.1208844861285,1112.4914113439145,1119.2362060546875,7242718,0.0,0.0,1099.4864685058594,1082.0748974609376,1108.0848270419874,1089.514552216496,55.86837044477293,17.355471436227162,0.6928151262306166,16.662656309996546
2024-05-13 00:00:00+05:30,1119.2362273064157,1134.5244777315943,1104.19790607367,1131.1270751953125,5513160,0.0,0.0,1101.6947631835938,1082.7783544921874,1110.2793268661137,1091.146415862724,59.01602532381065,17.01589041129637,0.2825872810398593,16.73330313025651
2024-05-14 00:00:00+05:30,1129.0786315585926,1135.2239136060675,1117.2377936482965,1121.984130859375,5471143,0.0,0.0,1104.162860107422,1083.5307763671874,1111.3940701035672,1092.3557380194557,55.72490585690018,15.826571935776656,-0.725384955583884,16.55195689136054
2024-05-15 00:00:00+05:30,1124.682103605835,1130.3276491413287,1117.7373897724729,1127.18017578125,5436338,0.0,0.0,1107.6651611328125,1084.5100219726562,1112.897508739537,1093.7214022454084,57.186171782998294,15.12890922723409,-1.138438131301161,16.26734735853525
2024-05-16 00:00:00+05:30,1133.2754556753214,1143.0678254879326,1110.4431002224337,1138.4215087890625,10750526,0.0,0.0,1112.0317932128905,1085.8110205078126,1115.3283658871107,1095.4743476000615,60.24327410789024,15.306642681537369,-0.7685637415983066,16.075206423135675
2024-05-17 00:00:00+05:30,1131.1270830750875,1145.11628728273,1125.231608335202,1140.4698486328125,9909986,0.0,0.0,1117.8947692871093,1087.135,1117.722792815273,1097.2388770523262,60.79264087829278,15.434858193880245,-0.5122785834043455,15.947136777284591
2024-05-21 00:00:00+05:30,1135.1239531101508,1144.8664342217917,1128.3291482623308,1136.772705078125,8162017,0.0,0.0,1123.3180847167969,1087.9024072265624,1119.53707017364,1098.7892232494164,59.20248144491565,15.064487292420154,-0.7061195878915498,15.770606880311703
2024-05-22 00:00:00+05:30,1141.1193758759575,1141.1193758759575,1117.0878726285528,1125.1317138671875,9094033,0.0,0.0,1126.9178100585937,1088.2871118164062,1120.0698933825493,1099.8222620971724,54.37932036544228,13.674009511857776,-1.6772778947631437,15.35128740662092
2024-05-23 00:00:00+05:30,1125.1317072935665,1168.748071851648,1124.881900076139,1164.3514404296875,12818081,0.0,0.0,1132.3885925292968,1089.5751171875,1124.2871835775147,1102.3528181102122,64.78774455286165,15.557413831082386,0.16490113956917263,15.392512691513213
2024-05-24 00:00:00+05:30,1164.6011597407537,1176.0922908750465,1159.704914253516,1173.0946044921875,8814997,0.0,0.0,1137.9218200683595,1090.5543603515625,1128.9355093789122,1105.1270058114662,66.61629328241646,17.553183421431413,1.7285365839345594,15.824646837496854
2024-05-27 00:00:00+05:30,1177.990865779518,1195.0776539957612,1167.0992473804758,1186.0845947265625,10450046,0.0,0.0,1140.9195068359375,1092.0641943359376,1134.3782794120218,1108.3018132199015,69.17728658700764,19.9530228237752,3.3027007890226763,16.650322034752524
2024-05-28 00:00:00+05:30,1187.0838549997818,1191.4804862653866,1178.0907954922077,1182.4874267578125,4018776,0.0,0.0,1143.5724609375,1093.6289868164063,1138.9601029687637,1111.2110529664862,67.63007283040596,21.31890043410135,3.734862719479061,17.58403771462229
2024-05-29 00:00:00+05:30,1171.0961435149009,1184.985448110525,1155.1084828525811,1158.8555908203125,9418064,0.0,0.0,1143.5974365234374,1094.883017578125,1140.854911335578,1113.0794662156559,58.390527098750276,20.260921331119334,2.141506893197633,18.1194144379217
2024-05-30 00:00:00+05:30,1154.3091482430082,1178.8902761624431,1154.109351258371,1167.04931640625,7232217,0.0,0.0,1143.699853515625,1096.632666015625,1143.3496165804038,1115.1959309290125,60.41011889203637,19.85475716519818,1.3882741818211812,18.466482983377
2024-05-31 00:00:00+05:30,1172.095392356549,1177.091536398989,1152.5105321054166,1161.2537841796875,10057642,0.0,0.0,1144.3143798828125,1098.7090625,1145.0547753993833,1117.0021212525685,58.25629190569023,18.847950679064752,0.3051741565502013,18.54277652251455
2024-06-03 00:00:00+05:30,1196.1269073455996,1241.2419909715975,1192.4796977586634,1222.9561767578125,22197339,0.0,0.0,1148.431201171875,1102.2563256835938,1152.4739564811384,1121.1571822527742,70.36899096873994,22.766478900673064,3.378961902526811,19.387516998146253
2024-06-04 00:00:00+05:30,1223.0560333218232,1223.0560333218232,1100.7005173408393,1130.3775634765625,24135989,0.0,0.0,1147.8116760253906,1103.6532470703125,1150.3695380997503,1121.5187658301777,47.90721197305739,18.191915292310114,-0.9564813646689139,19.148396656979028
2024-06-05 00:00:00+05:30,1137.1224073069466,1192.079992897353,1109.8434114870568,1183.5865478515625,21039499,0.0,0.0,1150.6494873046875,1106.3251831054688,1153.5330628380182,1123.952796497683,56.501271708044754,18.6451315573554,-0.4026120796989048,19.047743637054303
2024-06-06 00:00:00+05:30,1191.180712075699,1194.977830573905,1162.3529835582713,1170.0469970703125,12006879,0.0,0.0,1152.7628540039063,1109.0470825195312,1155.105818479189,1125.7604122064138,54.05739200160865,17.707657268987987,-1.072069094453056,18.779726363441043
2024-06-07 00:00:00+05:30,1177.091624730284,1194.2783127355335,1165.8502997912217,1185.8848876953125,8583998,0.0,0.0,1156.3176147460938,1112.0687524414063,1158.0371584045342,1128.118234774606,56.43135229126942,18.03479367674595,-0.5959461493560738,18.630739826102023
2024-06-10 00:00:00+05:30,1184.0861526489257,1211.465046734102,1184.0861526489257,1199.0745849609375,9995057,0.0,0.0,1160.3095336914062,1115.4001806640624,1161.9454847432391,1130.9008367426975,58.361009509781155,19.137741998295724,0.4056017377549601,18.732140260540763
2024-06-11 00:00:00+05:30,1203.521090311751,1208.417335871501,1189.5318869845637,1193.6787109375,9390212,0.0,0.0,1163.4371154785156,1118.4788037109374,1164.9676967617402,1133.3627141621014,57.2440230882923,19.353341279711003,0.4969608153361911,18.856380464374812
2024-06-12 00:00:00+05:30,1191.1807212869594,1205.219935815906,1183.1868902614938,1186.9840087890625,7199718,0.0,0.0,1166.687109375,1121.1777221679688,1167.06448838339,1135.4655100298255,55.816632365436625,18.767656884024518,-0.07097886428023514,18.838635748304753
2024-06-13 00:00:00+05:30,1200.873227086074,1201.0730240566793,1172.5449928728506,1173.744140625,5321148,0.0,0.0,1169.0153076171875,1123.7247583007813,1167.7006457397338,1136.9666327982638,53.00187453759771,17.03873909216236,-1.4399173249139174,18.478656417076277
2024-06-14 00:00:00+05:30,1180.039261760608,1183.7364816917643,1169.0977546422478,1180.1392822265625,4451031,0.0,0.0,1171.1011962890625,1126.281787109375,1168.8852777860984,1138.6596778738835,54.20320820552555,16.000153951743414,-1.9828019722662908,17.982955924009705
2024-06-18 00:00:00+05:30,1193.0791910524788,1193.0791910524788,1180.2391253262522,1190.9808349609375,6837181,0.0,0.0,1173.6267456054688,1129.1735571289062,1170.9896165646546,1140.711487955729,56.24511387525718,15.868962917955287,-1.691194404843536,17.560157322798823
2024-06-19 00:00:00+05:30,1192.08002613667,1242.3911746802282,1184.585809710832,1225.7041015625,17987437,0.0,0.0,1178.0733154296875,1132.4390380859375,1176.2005198977827,1144.0445316265825,62.07709359864876,18.355282231004367,0.6360999265644338,17.719182304439933
2024-06-20 00:00:00+05:30,1229.151413641302,1240.542647201335,1219.458942352956,1238.544189453125,8206858,0.0,0.0,1183.7439392089843,1135.9673168945312,1182.1380122363867,1147.750400560957,63.988540656903844,21.118356712776404,2.7193395266691773,18.399017186107226
2024-06-21 00:00:00+05:30,1245.039183245061,1245.039183245061,1222.8063406871136,1236.4957275390625,29311314,0.0,0.0,1187.3511535644532,1139.5315673828125,1187.314937503308,1151.2306094620592,63.43917341935076,22.879083556202204,3.58405309607598,19.295030460126224
2024-06-24 00:00:00+05:30,1230.0507422274725,1234.797079372542,1224.1053792257,1227.1529541015625,6676530,0.0,0.0,1190.0540710449218,1142.5702221679687,1191.1090343221895,1154.2079563106672,60.872252270145005,23.252547634456278,3.1660137394640415,20.086533894992236
2024-06-25 00:00:00+05:30,1233.4980146843652,1277.7639018740715,1225.0545796266756,1270.469482421875,17607952,0.0,0.0,1194.2733154296875,1146.39626953125,1198.6671722364451,1158.7672318444402,67.44863053148595,26.73561095055561,5.319261644450698,21.416349306104912
2024-06-26 00:00:00+05:30,1280.1120805464843,1291.952918256907,1258.2289439053473,1284.4088134765625,13956370,0.0,0.0,1199.369384765625,1150.3452221679688,1206.833042830742,1163.6943526927587,69.24029653680734,30.271796812824505,7.084358005375673,23.18743880744883
2024-06-27 00:00:00+05:30,1308.9897479685253,1308.9897479685253,1279.012883511231,1287.9559326171875,22311393,0.0,0.0,1205.8244018554688,1154.6518969726562,1214.5590323342128,1168.56735582705,69.6973706542361,32.98029613137214,7.834285859138646,25.146010272233497
2024-06-28 00:00:00+05:30,1282.110502421738,1288.905307335937,1260.627082324657,1264.2742919921875,7167069,0.0,0.0,1210.6856506347656,1158.7946997070312,1219.2938189683055,1172.3205690099967,62.96981084257572,32.83736220138621,6.153081543322173,26.68428065806404
2024-07-01 00:00:00+05:30,1272.0182954558095,1272.0182954558095,1255.481009595588,1260.9268798828125,5797015,0.0,0.0,1215.6693054199218,1162.9914599609374,1223.2588723887347,1175.7953262991268,62.05796632278082,32.084131948924096,4.319881032688041,27.764250916236055
2024-07-02 00:00:00+05:30,1264.0245020064078,1266.872279848894,1237.295130126035,1252.4334716796875,9945447,0.0,0.0,1217.1431701660156,1167.5759228515626,1226.0374056545397,1178.8007437650313,59.69590880048686,30.450826316701296,2.149260320372189,28.301565996329106
2024-07-03 00:00:00+05:30,1259.02836227417,1287.60628324484,1242.640984592191,1279.012939453125,15171347,0.0,0.0,1224.5749389648438,1172.5900537109376,1231.0826945877384,1182.7306337920154,64.2781303002382,30.944452366639098,2.1143090962479896,28.83014327039111
2024-07-04 00:00:00+05:30,1287.0067317358885,1292.002875880826,1267.5217695706324,1279.9122314453125,4817380,0.0,0.0,1229.3912231445313,1177.1255541992186,1235.7331266694123,1186.541676837243,64.42549887843975,31.050291483583806,1.7761185705541536,29.274172913029652
2024-07-05 00:00:00+05:30,1271.0190526611905,1294.4010313270792,1269.9199253599415,1286.0574951171875,8593502,0.0,0.0,1235.191748046875,1181.74798828125,1240.5259236644386,1190.4442579462604,65.47370142914798,31.26958485691125,1.596329555105278,29.673255301805973
2024-07-08 00:00:00+05:30,1284.0090337814916,1296.399495545513,1278.6131737579144,1286.8568115234375,4216951,0.0,0.0,1240.2403442382813,1186.2365234375,1244.9383891748196,1194.2251424002675,65.61561715285524,31.148810491134554,1.180444151462865,29.96836633967169
2024-07-09 00:00:00+05:30,1283.0097797309702,1294.001296535519,1278.2134326985165,1288.4056396484375,6930340,0.0,0.0,1244.7068969726563,1189.4820190429687,1249.0781273151642,1197.918495233529,65.90803355502506,30.822767741695543,0.68352112161908,30.139246620076463
2024-07-10 00:00:00+05:30,1283.2096027640755,1293.0020939974938,1274.1666551223634,1290.6539306640625,9020489,0.0,0.0,1249.5556579589843,1192.7065307617188,1253.037727634107,1201.555178975903,66.35532522694369,30.395415380940904,0.20493500869155312,30.19048037224935
2024-07-11 00:00:00+05:30,1300.0467328082077,1300.396438507439,1275.965220151114,1295.75,7848846,0.0,0.0,1254.9939575195312,1195.4544091796874,1257.1055630975254,1205.2490935258675,67.39940055248627,30.120732704800957,-0.055798133958717244,30.176530838759675
2024-07-12 00:00:00+05:30,1293.9000244140625,1339.6500244140625,1293.9000244140625,1317.300048828125,11278987,1.0,0.0,1262.1717529296875,1198.500390625,1262.8383712623443,1209.6432486357598,71.43613420550925,31.281361480954047,0.8838645137554977,30.39749696719855
2024-07-15 00:00:00+05:30,1316.699951171875,1324.4000244140625,1305.0,1307.449951171875,11537127,0.0,0.0,1268.537286376953,1201.6701245117188,1267.08709315849,1213.4788055979607,67.33216539018001,31.048440492758345,0.5207548204478343,30.52768567231051
2024-07-16 00:00:00+05:30,1307.449951171875,1318.449951171875,1299.699951171875,1304.0,5433264,0.0,0.0,1274.1882446289062,1204.9377294921876,1270.6026080957765,1217.0286563588252,65.90407572337442,30.23691437726734,-0.2326170360345401,30.46953141330188
2024-07-18 00:00:00+05:30,1300.0,1318.5999755859375,1294.5,1309.4000244140625,6787511,0.0,0.0,1278.3730407714843,1208.2703686523437,1274.2976001260895,1220.6510629492268,67.08099598693072,29.687294275628346,-0.6257897101388288,30.313083985767175
2024-07-19 00:00:00+05:30,1305.6500244140625,1309.0,1288.199951171875,1292.3499755859375,4496066,0.0,0.0,1281.063330078125,1211.58076171875,1276.0168739794085,1223.4627850134113,60.034690965856164,27.558245636765605,-2.2038706792012555,29.76211631596686
2024-07-22 00:00:00+05:30,1283.3499755859375,1292.3499755859375,1278.199951171875,1282.5,6695557,0.0,0.0,1283.363543701172,1214.6751684570313,1276.634314552798,1225.7779699148462,56.35199836772791,24.790380466849683,-3.9773886792937425,28.767769146143426
2024-07-23 00:00:00+05:30,1288.5,1291.0999755859375,1251.0,1263.25,8789327,0.0,0.0,1285.1683959960938,1217.644375,1275.3596179287222,1227.2474612907345,49.90854931278564,20.803701140369867,-6.371254404618849,27.174955544988716
2024-07-24 00:00:00+05:30,1262.9000244140625,1267.3499755859375,1226.6500244140625,1239.25,10344860,0.0,0.0,1283.607421875,1220.0446508789062,1271.9206066974152,1227.7181490832547,43.26618261360967,15.528625301784814,-9.317064194563123,24.845689496347937
2024-07-25 00:00:00+05:30,1200.0,1200.0,1155.5,1175.9000244140625,32979871,0.0,0.0,1278.181982421875,1220.9401098632814,1262.7757893370958,1225.6860657628943,31.390352280510214,6.165207429351085,-14.944385653597482,21.109593082948567
2024-07-26 00:00:00+05:30,1165.0,1183.1500244140625,1155.25,1177.3499755859375,18554648,0.0,0.0,1272.6516845703125,1222.0474267578124,1254.6399975512713,1223.7905328147783,31.851419059252443,-1.1253968778403305,-17.787991968631122,16.66259509079079
2024-07-29 00:00:00+05:30,1182.3499755859375,1194.5999755859375,1163.6500244140625,1170.050048828125,19598573,0.0,0.0,1267.9404724121093,1222.90482421875,1246.5838119585908,1221.6830628545174,30.731685161554886,-7.406914103438794,-19.255607355383667,11.848693251944875
2024-07-30 00:00:00+05:30,1164.0999755859375,1180.0,1160.199951171875,1170.0,18090045,0.0,0.0,1263.3941284179687,1223.5363940429688,1239.290115581582,1219.656276075909,30.723710361635536,-12.247913954759042,-19.277285765363132,7.029371810604092
2024-07-31 00:00:00+05:30,1157.0,1171.0,1154.0,1166.0999755859375,17347076,0.0,0.0,1259.0774536132812,1224.0489965820314,1232.3196260581874,1217.5560289978712,30.068909570477693,-16.212255797743637,-18.593302086678182,2.3810462889345465
2024-08-01 00:00:00+05:30,1168.0,1175.6500244140625,1165.449951171875,1172.300048828125,11190500,0.0,0.0,1253.7418090820313,1224.7595434570312,1226.6034758458006,1215.7812846774889,32.53072644846835,-18.63887384004738,-16.815936103185543,-1.8229377368618394
2024-08-02 00:00:00+05:30,1164.0,1167.800048828125,1156.0999755859375,1160.8499755859375,10581445,0.0,0.0,1247.7886962890625,1225.4739086914062,1220.3412377258137,1213.6271156935065,30.40216549293836,-21.2410576493196,-15.534495929966209,-5.706561719353392
2024-08-05 00:00:00+05:30,1142.0,1151.449951171875,1124.300048828125,1133.5,12013362,0.0,0.0,1240.160821533203,1224.8568798828126,1212.0706436566886,1210.4848758623887,26.02220852026217,-25.219506747208243,-15.61035602228388,-9.609150724924362
2024-08-06 00:00:00+05:30,1140.0,1151.0,1123.0999755859375,1126.0999755859375,8571122,0.0,0.0,1232.122979736328,1223.9169873046876,1203.8829609832837,1207.1756640868416,24.973845625929226,-28.639438822775674,-15.224230478281049,-13.415208344494625
2024-08-07 00:00:00+05:30,1138.800048828125,1144.800048828125,1127.0,1136.800048828125,8370312,0.0,0.0,1224.5427001953126,1222.9312963867187,1197.4941122066018,1204.4158360374802,29.402723616775955,-30.138930317672475,-13.37897757854228,-16.759952739130195
2024-08-08 00:00:00+05:30,1133.0999755859375,1142.800048828125,1126.0,1138.1500244140625,7903428,0.0,0.0,1216.9175048828124,1222.0445483398437,1191.842294321598,1201.8171767581305,29.96444820173096,-30.862591637956484,-11.282111119061028,-19.580480518895456
2024-08-09 00:00:00+05:30,1152.0,1155.699951171875,1139.949951171875,1142.75,6262086,0.0,0.0,1209.2675048828125,1221.7224365234374,1187.166837719541,1199.5008168852626,31.951318404284592,-30.7109026924295,-8.904337738827234,-21.806564953602265
2024-08-12 00:00:00+05:30,1146.0,1169.0999755859375,1135.8499755859375,1164.300048828125,9078384,0.0,0.0,1201.6175048828125,1221.667451171875,1184.989048301311,1198.120394608512,40.47157628870544,-28.522984065714127,-5.37313528968949,-23.149848776024637
2024-08-13 00:00:00+05:30,1161.3499755859375,1179.5999755859375,1155.4000244140625,1159.5999755859375,6180463,0.0,0.0,1194.2250061035156,1221.634375,1182.571041376037,1196.6097899409601,39.31536711648191,-26.858689171616106,-2.967072316473171,-23.891616855142935
2024-08-14 00:00:00+05:30,1159.0,1159.0,1148.6500244140625,1153.0999755859375,5021841,0.0,0.0,1186.6800048828125,1220.2372509765626,1179.7642732055515,1194.9035227113516,37.71084407442025,-25.767191016164816,-1.5004593288175059,-24.26673168734731
2024-08-16 00:00:00+05:30,1166.4000244140625,1170.0,1149.5999755859375,1166.8499755859375,6107134,0.0,0.0,1179.5525024414062,1220.96669921875,1178.5343400989216,1193.8033836083941,43.009437444351754,-23.521519344330954,0.5961698744130857,-24.11768921874404
2024-08-19 00:00:00+05:30,1169.0,1171.300048828125,1150.199951171875,1153.25,6691823,0.0,0.0,1172.5975036621094,1220.3599682617187,1176.126307708548,1192.2130548394375,39.43618910668245,-22.578936806651427,1.2310019296740933,-23.80993873632552
2024-08-20 00:00:00+05:30,1158.0,1177.0,1154.6500244140625,1168.0,6721749,0.0,0.0,1166.8725036621095,1220.3190283203126,1175.3523736410673,1191.2635232771065,44.79329060602818,-20.40649821665602,2.7227524157356022,-23.12925063239162
2024-08-21 00:00:00+05:30,1166.5999755859375,1178.0,1161.5,1174.4000244140625,9480630,0.0,0.0,1162.4300048828125,1220.0893310546876,1175.261673714686,1190.6022095962028,46.984548231775015,-17.961349245974816,4.134321109133445,-22.09567035510826
2024-08-22 00:00:00+05:30,1179.699951171875,1181.0,1168.949951171875,1169.949951171875,5841326,0.0,0.0,1158.9650024414063,1219.5068383789062,1174.7557953772755,1189.7923171089742,45.628400398829214,-16.195938097427643,4.719785806144493,-20.915723903572136
2024-08-23 00:00:00+05:30,1170.0,1173.949951171875,1163.5,1165.949951171875,5121962,0.0,0.0,1158.4674987792969,1218.9522631835937,1173.9171435481899,1188.8573223663427,44.38818565903824,-14.947300438623643,4.774738771958798,-19.72203921058244
2024-08-26 00:00:00+05:30,1171.699951171875,1175.25,1166.0999755859375,1170.300048828125,3392612,0.0,0.0,1158.1150024414062,1218.618583984375,1173.572658336755,1188.1295861491578,46.103891202075374,-13.451667127226074,5.0162976666850945,-18.467964793911168
2024-08-27 00:00:00+05:30,1170.0,1184.8499755859375,1164.25,1181.25,8702113,0.0,0.0,1158.675,1218.768701171875,1174.3038337332546,1187.859798457034,50.263467135392496,-11.253078916525965,5.771908701908163,-17.024987618434128
2024-08-28 00:00:00+05:30,1177.0,1181.699951171875,1169.3499755859375,1170.949951171875,5483503,0.0,0.0,1158.7224975585937,1218.5849145507811,1173.9844163464566,1187.1966671909493,46.618748241193394,-10.223954396807812,5.440826577301053,-15.664780974108865
2024-08-29 00:00:00+05:30,1169.0,1179.9000244140625,1163.4000244140625,1175.4000244140625,7290114,0.0,0.0,1159.1875,1218.2732983398437,1174.1192361624192,1186.7340537487185,48.360965330615905,-8.946156358941607,5.3748996921338055,-14.321056051075413
2024-08-30 00:00:00+05:30,1177.0,1182.949951171875,1171.8499755859375,1175.25,10190506,0.0,0.0,1159.3349975585938,1217.2642163085939,1174.2269279564744,1186.283698699749,48.303728755802865,-7.855049799810104,5.172805001012248,-13.027854800822352
2024-09-02 00:00:00+05:30,1176.0,1194.0,1174.0999755859375,1188.800048828125,6432362,0.0,0.0,1160.7325012207032,1216.2693334960939,1175.6148442299648,1186.3823790969402,53.64052683800349,-5.82976242047107,5.758473904281027,-11.588236324752097
2024-09-03 00:00:00+05:30,1188.0,1193.550048828125,1176.699951171875,1191.5999755859375,7920246,0.0,0.0,1163.6375,1215.3714184570313,1177.1372376924382,1186.5869907239598,54.681612569265624,-3.9532067845200345,6.108023632185651,-10.061230416705685
2024-09-04 00:00:00+05:30,1182.699951171875,1189.6500244140625,1173.300048828125,1177.699951171875,6527941,0.0,0.0,1166.2174987792969,1214.3823583984374,1177.1908294523846,1186.2384793689762,48.820213968638534,-3.5467539542325994,5.211581169978469,-8.758335124211069
2024-09-05 00:00:00+05:30,1182.0,1182.8499755859375,1173.449951171875,1180.550048828125,4234766,0.0,0.0,1168.4049987792969,1212.5839697265626,1177.510755107217,1186.015403661492,50.003602926863294,-2.960530938503325,4.638243348566196,-7.598774287069521
2024-09-06 00:00:00+05:30,1176.0,1181.3499755859375,1150.800048828125,1158.75,9874576,0.0,0.0,1169.4349975585938,1210.0707934570312,1175.7240165255773,1184.9461721453551,42.00347893855987,-4.206536391802274,2.7137903162137977,-6.920326708016072
2024-09-09 00:00:00+05:30,1158.0,1175.5999755859375,1145.0,1170.8499755859375,7700940,0.0,0.0,1170.8399963378906,1207.7286743164063,1175.2598221503736,1184.393380123417,47.065734034547255,-4.16957353620046,2.2006025374524905,-6.37017607365295
2024-09-10 00:00:00+05:30,1178.9000244140625,1190.8499755859375,1173.3499755859375,1187.199951171875,8723854,0.0,0.0,1171.9849914550782,1206.1871875,1176.3969772952785,1184.5034417331606,53.031498287383094,-2.788825969700383,2.865080083162054,-5.653906052862437
2024-09-11 00:00:00+05:30,1187.199951171875,1194.8499755859375,1181.0,1186.0999755859375,6000329,0.0,0.0,1173.309991455078,1204.6906494140626,1177.3210723705793,1184.5660509038578,52.60197975887266,-1.7630095359108964,3.1127172135612327,-4.875726749472129
2024-09-12 00:00:00+05:30,1190.0999755859375,1205.699951171875,1176.75,1203.3499755859375,7592871,0.0,0.0,1175.822491455078,1203.7089794921876,1179.8000155339466,1185.3026754011944,58.30520571167569,0.4368524510853149,4.250063360445955,-3.8132109093606403
2024-09-13 00:00:00+05:30,1209.9000244140625,1219.550048828125,1201.0,1217.449951171875,6762566,0.0,0.0,1178.352490234375,1202.4777197265626,1183.3857236899398,1186.5633528823976,62.298513577563604,3.2801970466007333,5.674726364769099,-2.394529318168366
2024-09-16 00:00:00+05:30,1222.0,1234.0,1215.0,1231.050048828125,4039284,0.0,0.0,1182.2424926757812,1201.5004760742188,1187.92518322691,1188.3079291939948,65.70987958703613,6.5554155934821665,7.159955929320426,-0.6045403358382593
2024-09-17 00:00:00+05:30,1235.199951171875,1240.5999755859375,1227.5999755859375,1232.0999755859375,8030427,0.0,0.0,1185.447491455078,1200.4213256835938,1192.132306308722,1190.0252643466201,65.96590654284535,9.130519260824485,7.788047677330195,1.3424715834942897
2024-09-18 00:00:00+05:30,1231.9000244140625,1250.4000244140625,1225.0,1240.449951171875,8210034,0.0,0.0,1188.7499877929688,1199.4931884765624,1196.7339867718795,1192.0027030456497,68.01150937219334,11.710094041115326,8.294097966096828,3.415996075018497
2024-09-19 00:00:00+05:30,1248.449951171875,1261.699951171875,1239.0,1242.699951171875,8449864,0.0,0.0,1192.3874877929688,1198.5790747070312,1201.1116976671171,1193.9908304231487,68.55987892605931,13.77716722748437,8.288936921972699,5.488230305511672
2024-09-20 00:00:00+05:30,1244.0,1250.0,1229.9000244140625,1245.0,15009629,0.0,0.0,1196.339990234375,1197.66599609375,1205.2915359845347,1195.9911900143977,69.14222797830911,15.42314393554443,7.947930904026206,7.475213031518225
2024-09-23 00:00:00+05:30,1251.5,1252.449951171875,1240.550048828125,1246.800048828125,5462814,0.0,0.0,1200.164990234375,1196.6869970703126,1209.2447276839243,1197.9836942816028,69.61654448778879,16.680558141133588,7.364276087692289,9.316282053441299
2024-09-24 00:00:00+05:30,1241.0999755859375,1247.0999755859375,1235.3499755859375,1239.550048828125,9225946,0.0,0.0,1203.0799926757813,1195.1319970703125,1212.1309487452768,1199.6137474010743,65.26519731824266,16.897272311995494,6.0647922068433555,10.832480105152138
2024-09-25 00:00:00+05:30,1238.0,1271.0,1231.0999755859375,1268.0999755859375,6853324,0.0,0.0,1207.9374938964843,1194.3449975585938,1217.4613322539112,1202.2994818396965,72.5432086916067,19.15198814378391,6.655606430905419,12.496381712878492
2024-09-26 00:00:00+05:30,1267.550048828125,1281.6500244140625,1262.25,1277.0999755859375,7270078,0.0,0.0,1213.0224914550781,1193.8069970703125,1223.1412030474376,1205.2328345356275,74.36658597717272,21.418195839415603,7.137451301229689,14.280744538185914
2024-09-27 00:00:00+05:30,1273.0,1281.550048828125,1257.25,1273.1500244140625,13372027,0.0,0.0,1217.9174926757812,1193.0819970703126,1227.9039479394971,1207.8962537465466,72.1034194062044,22.634536865422888,6.683033861789578,15.95150300363331
2024-09-30 00:00:00+05:30,1263.5,1275.0,1229.3499755859375,1232.199951171875,8466919,0.0,0.0,1220.0874877929687,1191.8789965820313,1228.3130911044855,1208.849339920089,53.817718962393535,20.062894654337697,3.2891133205635086,16.77378133377419
2024-10-01 00:00:00+05:30,1228.0999755859375,1242.949951171875,1224.6500244140625,1226.6500244140625,11164280,0.0,0.0,1221.839990234375,1190.7619970703124,1228.1547038006356,1209.5474059786764,51.89678068640925,17.376709082016987,0.4823421985942389,16.894366883422748
2024-10-03 00:00:00+05:30,1207.5,1219.1500244140625,1173.0999755859375,1175.699951171875,17300892,0.0,0.0,1221.739990234375,1189.01099609375,1223.159013074087,1208.2200548097821,38.36014805734676,11.00972925438873,-4.707710103227214,15.717439357615945
2024-10-04 00:00:00+05:30,1175.5,1202.800048828125,1174.0,1178.4000244140625,13064515,0.0,0.0,1221.6324890136718,1187.7939965820312,1218.8962522493227,1207.0506418530872,39.26427592128529,6.111278203579332,-7.684928923229291,13.796207126808623
2024-10-07 00:00:00+05:30,1182.949951171875,1184.8499755859375,1130.9000244140625,1145.699951171875,20047013,0.0,0.0,1220.9799865722657,1187.1899951171874,1211.9251759562326,1204.6447324146084,32.95904800577288,-0.40473661855207865,-11.360754996288563,10.956018377736484
2024-10-08 00:00:00+05:30,1153.0,1168.3499755859375,1142.5,1153.300048828125,8464570,0.0,0.0,1220.102490234375,1186.7089965820312,1206.3418305154605,1202.6312154112168,35.549552009432276,-4.898988456833877,-12.68400546765629,7.785017010822413
2024-10-09 00:00:00+05:30,1154.0,1185.0,1154.0,1170.1500244140625,9807734,0.0,0.0,1219.2499938964843,1186.71099609375,1202.894991839137,1201.35744321525,40.99343997049939,-7.0201394120872465,-11.844125138327728,4.8239857262404815
2024-10-10 00:00:00+05:30,1177.0,1191.0,1175.050048828125,1184.25,6806243,0.0,0.0,1219.1574951171874,1186.99599609375,1201.1192783306476,1200.6865630891618,45.16719958851738,-7.477223852657289,-9.840967663118217,2.363743810460927
2024-10-11 00:00:00+05:30,1182.5,1188.199951171875,1166.0,1172.449951171875,4754158,0.0,0.0,1217.6124938964845,1187.1229956054688,1198.3888662202883,1199.5792449747585,42.460369283579794,-8.691442351043634,-8.844148929203648,0.15270657816001498
2024-10-14 00:00:00+05:30,1171.550048828125,1175.0,1156.5999755859375,1164.3499755859375,9765296,0.0,0.0,1214.9574951171876,1186.963994140625,1195.1470671122547,1198.1977049987263,40.659093755802054,-10.189857262890882,-8.274051072840718,-1.9158061900501644
2024-10-15 00:00:00+05:30,1166.0999755859375,1172.0,1149.5,1153.8499755859375,8741516,0.0,0.0,1211.0974914550782,1186.823994140625,1191.2140107764149,1196.4585783550876,38.3857916411329,-12.085312168037262,-8.135604782389677,-3.949707385647584
2024-10-16 00:00:00+05:30,1151.0,1162.949951171875,1148.0999755859375,1153.199951171875,7739854,0.0,0.0,1207.152490234375,1187.2179931640626,1187.5936241474112,1194.7621616028048,38.243237720118294,-13.484484629111193,-7.627821794770886,-5.856662834340307
2024-10-17 00:00:00+05:30,1151.0,1151.3499755859375,1124.0,1131.8499755859375,6595231,0.0,0.0,1201.7224914550782,1187.3329931640626,1182.2847052367947,1192.2950170531237,33.80290884464695,-16.130164984339444,-8.218801719999309,-7.911363264340135
2024-10-18 00:00:00+05:30,1158.0,1203.8499755859375,1156.050048828125,1196.8499755859375,20829666,0.0,0.0,1199.4299926757812,1188.5339916992189,1183.671873841475,1192.4736428779402,52.05475148543637,-12.833986744312142,-3.9380987839776047,-8.895887960334537
2024-10-21 00:00:00+05:30,1196.8499755859375,1214.800048828125,1185.550048828125,1190.300048828125,7456038,0.0,0.0,1196.6949951171875,1189.5769921875,1184.3031286021082,1192.3884038955944,50.542472004948905,-10.627755935861842,-1.385494380421843,-9.242261555439999
2024-10-22 00:00:00+05:30,1194.25,1198.0,1173.3499755859375,1175.75,7256246,0.0,0.0,1193.1424926757813,1190.2369921875,1183.488544925717,1191.735917468316,47.25804139618537,-9.938801152728502,-0.5572316778308029,-9.381569474897699
2024-10-23 00:00:00+05:30,1175.0999755859375,1183.1500244140625,1158.6500244140625,1160.4000244140625,6501834,0.0,0.0,1189.184991455078,1190.1589916992189,1181.2896382103213,1190.507058917169,44.00887606509416,-10.51025854997556,-0.902951260062288,-9.607307289913273
2024-10-24 00:00:00+05:30,1165.0,1175.199951171875,1154.6500244140625,1167.3499755859375,5046700,0.0,0.0,1184.1474914550781,1190.3139916992188,1179.9620512937133,1189.5989380022188,45.82503349359933,-10.283794496501287,-0.5411897652704116,-9.742604731230875
2024-10-25 00:00:00+05:30,1187.0,1201.75,1170.0,1189.3499755859375,12798716,0.0,0.0,1179.759991455078,1191.0389916992187,1180.8561393215443,1189.5891747702078,51.219026510101266,-8.234185400514207,1.2067354645733346,-9.440920865087541
2024-10-28 00:00:00+05:30,1194.0,1194.0,1167.050048828125,1171.5999755859375,8572243,0.0,0.0,1174.6824890136718,1191.1339916992188,1179.9745999181532,1188.8837159786679,47.14081993612906,-7.9504838535099225,1.192349609262095,-9.142833462772018
2024-10-29 00:00:00+05:30,1176.4000244140625,1191.199951171875,1157.5999755859375,1186.8499755859375,9908946,0.0,0.0,1172.414990234375,1191.8059912109375,1180.6293976007992,1188.8039614534628,50.767785570743264,-6.421082540574616,2.177400737757921,-8.598483278332537
2024-10-30 00:00:00+05:30,1178.75,1187.6500244140625,1164.300048828125,1170.4000244140625,9686560,0.0,0.0,1169.602490234375,1191.8539916992188,1179.6551715830146,1188.0822384323099,47.01991718582413,-6.461905735996652,1.7092620338687095,-8.171167769865361
2024-10-31 00:00:00+05:30,1165.5,1178.0,1153.8499755859375,1159.550048828125,8682294,0.0,0.0,1168.7949951171875,1191.5569921875,1177.7403979873109,1186.9633290360673,44.67714348635905,-7.28577488757287,0.7083143058339934,-7.994089193406864
2024-11-01 00:00:00+05:30,1164.050048828125,1172.5,1164.0,1169.550048828125,460781,0.0,0.0,1168.3524963378907,1191.548994140625,1176.960364734055,1186.2804553024225,47.284170018350025,-7.0505068452171145,0.754865878551799,-7.8053727237689134
2024-11-04 00:00:00+05:30,1172.0,1176.949951171875,1135.449951171875,1139.25,9288653,0.0,0.0,1168.0299987792969,1191.0149951171875,1173.36890142605,1184.4361237219355,40.98235340626863,-9.20293028726519,-1.1180460507970196,-8.08488423646817
2024-11-05 00:00:00+05:30,1138.949951171875,1174.9000244140625,1133.449951171875,1171.699951171875,11701049,0.0,0.0,1168.9499938964843,1191.0429931640624,1173.2099537827953,1183.9366659748744,48.845388026736316,-8.195825137982183,-0.08875272121120936,-8.107072416770974
2024-11-06 00:00:00+05:30,1171.800048828125,1183.550048828125,1161.449951171875,1166.5,10353506,0.0,0.0,1168.7674926757813,1190.7479931640626,1172.5709105653862,1183.2528751523303,47.74757217954963,-7.728193845126725,0.3031028573153982,-8.031296702442123
2024-11-07 00:00:00+05:30,1168.5999755859375,1172.9000244140625,1151.050048828125,1159.9000244140625,6252889,0.0,0.0,1167.5499938964845,1190.5269946289063,1171.3641595033553,1182.337077084163,46.324444395183704,-7.800239245384319,0.184845965646244,-7.985085211030563
2024-11-08 00:00:00+05:30,1156.0,1167.75,1151.0999755859375,1160.949951171875,3786168,0.0,0.0,1166.9749938964844,1190.2379931640626,1170.3723301384523,1181.4983662640734,46.59712771853858,-7.684038615386044,0.24083727651561482,-7.924875891901658
2024-11-11 00:00:00+05:30,1152.0,1176.800048828125,1142.949951171875,1171.0,6620678,0.0,0.0,1167.3074951171875,1190.1529931640625,1170.4321082205047,1181.0866656262667,49.25462219846276,-6.703717547298993,0.9769266756821331,-7.680644222981126
2024-11-12 00:00:00+05:30,1171.6500244140625,1187.0,1153.800048828125,1158.1500244140625,9606088,0.0,0.0,1167.5224975585938,1189.5399926757811,1169.2623859532246,1180.187189500298,46.09605359000368,-6.884333366367628,0.6370486852907993,-7.521382051658427
2024-11-13 00:00:00+05:30,1151.9000244140625,1165.5,1135.0999755859375,1139.1500244140625,8079113,0.0,0.0,1166.820001220703,1188.4909936523438,1166.394541997114,1178.577888908681,41.825176379469525,-8.463057060893107,-0.7533400073877434,-7.709717053505363
2024-11-14 00:00:00+05:30,1137.550048828125,1150.75,1131.5999755859375,1140.699951171875,5975873,0.0,0.0,1167.2625,1187.7509936523438,1163.947438108996,1177.0924795856688,42.29486502256115,-9.479862868676719,-1.4161166521370845,-8.063746216539634
2024-11-18 00:00:00+05:30,1131.199951171875,1135.0,1121.550048828125,1126.199951171875,9474971,0.0,0.0,1163.729998779297,1186.6639916992187,1160.3524393530797,1175.096694157677,39.11329898907421,-11.325168126984181,-2.609137528355637,-8.716030598628544
2024-11-19 00:00:00+05:30,1130.0,1139.0,1122.050048828125,1133.949951171875,19225966,0.0,0.0,1160.9124938964844,1186.1679907226562,1157.8379166691554,1173.4830963935278,41.640184649648255,-12.023624746718042,-2.6460753184715973,-9.377549428246445
2024-11-21 00:00:00+05:30,1138.0,1152.0,1115.75,1139.1500244140625,8126248,0.0,0.0,1159.0824951171876,1185.5339916992189,1156.0581174067656,1172.136701413941,43.33935568994847,-12.019006571956652,-2.113165714968165,-9.905840856988487
2024-11-22 00:00:00+05:30,1136.6500244140625,1147.9000244140625,1127.550048828125,1142.4000244140625,16687505,0.0,0.0,1158.1824951171875,1184.6379931640624,1154.7573466455558,1170.9705572178673,44.4283732490162,-11.619160348745027,-1.3706555934052318,-10.248504755339795
2024-11-25 00:00:00+05:30,1160.0,1164.5,1142.0,1155.9000244140625,12385823,0.0,0.0,1157.6099975585937,1184.033994140625,1154.8661730996994,1170.3795559314437,48.82804684428799,-10.096555355074997,0.12155952021183936,-10.218114875286837
2024-11-26 00:00:00+05:30,1157.0999755859375,1159.5999755859375,1142.6500244140625,1144.800048828125,5127437,0.0,0.0,1155.382501220703,1182.8629956054688,1153.9074945976447,1169.3764380058235,45.62927093843677,-9.674038892757835,0.4352607860232016,-10.109299678781037
2024-11-27 00:00:00+05:30,1145.199951171875,1155.449951171875,1133.550048828125,1149.6500244140625,5989943,0.0,0.0,1154.2850036621094,1181.5069970703125,1153.5020212468273,1168.602853159088,47.25518086758953,-8.845869379611031,1.0107442393360042,-9.856613618947035
2024-11-28 00:00:00+05:30,1148.5,1154.449951171875,1129.4000244140625,1132.5,10731275,0.0,0.0,1151.5675048828125,1179.53599609375,1151.5018287471296,1167.1870549959867,42.42400481712755,-9.464304108841816,0.3138476080841759,-9.778151716925992
2024-11-29 00:00:00+05:30,1133.550048828125,1140.9000244140625,1127.699951171875,1136.300048828125,6406277,0.0,0.0,1149.8625061035157,1177.6199975585937,1150.0540401834148,1165.975799852149,43.79515894581868,-9.537839627119865,0.19224967184490183,-9.730089298964767
2024-12-02 00:00:00+05:30,1132.699951171875,1141.4000244140625,1126.5999755859375,1137.0999755859375,4785858,0.0,0.0,1148.7400024414062,1175.552998046875,1148.8203197455598,1164.8434145868075,44.09696361218269,-9.422947774696013,0.2457132194150038,-9.668660994111017
2024-12-03 00:00:00+05:30,1144.4000244140625,1164.9000244140625,1138.0,1160.5,8382042,0.0,0.0,1148.2875,1173.9089990234374,1149.9326702459825,1164.6730846030111,52.185383251962456,-7.358880156151599,1.8478246703675332,-9.206704826519132
2024-12-04 00:00:00+05:30,1157.5,1168.0,1153.9000244140625,1159.449951171875,18379798,0.0,0.0,1149.2974975585937,1172.197998046875,1150.8390779532103,1164.4682558410057,51.82303266490049,-5.741635858325708,2.7720551745547404,-8.513691032880448
2024-12-05 00:00:00+05:30,1164.0,1176.9000244140625,1150.0999755859375,1166.4000244140625,10640451,0.0,0.0,1149.0325012207031,1170.5899975585937,1152.3210728542438,1164.5440114713215,54.09501281455537,-3.8547105702441513,3.727184370109038,-7.581894940353189
2024-12-06 00:00:00+05:30,1167.5,1193.8499755859375,1160.0,1184.550048828125,7542210,0.0,0.0,1149.9350036621095,1169.4899975585938,1155.3904991374704,1165.328561955902,59.470401701933135,-0.8845567807936732,5.357870527647614,-6.242427308441287
2024-12-09 00:00:00+05:30,1184.25,1186.0,1161.0,1163.25,6308112,0.0,0.0,1150.1025024414062,1167.392998046875,1156.13902302914,1165.2470497223371,51.80384914115751,-0.24658198867246028,4.796676255815061,-5.043258244487522
2024-12-10 00:00:00+05:30,1157.0,1165.050048828125,1151.25,1153.6500244140625,4714389,0.0,0.0,1149.7375061035157,1164.9239990234375,1155.9019755419897,1164.7922644161304,48.753303633066444,-0.5097441556758895,3.6268112710493057,-4.136555426725195
2024-12-11 00:00:00+05:30,1150.0,1158.3499755859375,1144.550048828125,1147.25,7788242,0.0,0.0,1148.5500061035157,1162.4059985351562,1155.077977871324,1164.104332478243,46.77573185821952,-1.2206595485447451,2.33271670254436,-3.553376251089105
2024-12-12 00:00:00+05:30,1145.0,1154.550048828125,1143.5999755859375,1145.6500244140625,4825283,0.0,0.0,1147.9250061035157,1160.675,1154.180077542061,1163.3806341227848,46.270433160700364,-1.8913672729065638,1.3296071825460332,-3.220974455452597
2024-12-13 00:00:00+05:30,1141.0,1152.699951171875,1113.6500244140625,1148.1500244140625,8731618,0.0,0.0,1148.3750061035157,1159.105,1153.605786767966,1162.783355310678,47.229676257196175,-2.1958662903077766,0.8200865321158566,-3.015952822423633
2024-12-16 00:00:00+05:30,1146.5,1155.0,1141.75,1150.9000244140625,3975202,0.0,0.0,1148.885009765625,1158.6090014648437,1153.3480951152135,1162.31734233434,48.32260864042436,-2.190036559892178,0.6607330100251643,-2.8507695699173423
2024-12-17 00:00:00+05:30,1145.25,1151.8499755859375,1130.0,1136.25,7292817,0.0,0.0,1149.3875122070312,1157.7660009765625,1151.7197051042408,1161.2950936153463,43.190645078527716,-3.3291743419149498,-0.3827238175980856,-2.946450524316864
2024-12-18 00:00:00+05:30,1136.199951171875,1139.9000244140625,1115.949951171875,1122.25,7222127,0.0,0.0,1148.8025146484374,1157.297001953125,1148.9130665228845,1159.763913473568,38.93515597835798,-5.300531016241166,-1.8832643935394415,-3.4172666227017245
2024-12-19 00:00:00+05:30,1104.9000244140625,1119.050048828125,1101.050048828125,1108.9000244140625,11677610,0.0,0.0,1147.2900146484376,1156.4090014648436,1145.1023006077587,1157.769251157509,35.357650483285745,-7.84959163669987,-3.545860011198516,-4.303731625501354
2024-12-20 00:00:00+05:30,1103.949951171875,1105.8499755859375,1065.0,1071.8499755859375,12623056,0.0,0.0,1143.7625122070312,1154.4430004882813,1138.1258887009187,1154.399867801761,27.739768784364642,-12.712824318371759,-6.727274154296323,-5.985550164075436
2024-12-23 00:00:00+05:30,1075.0999755859375,1083.550048828125,1072.4000244140625,1079.1500244140625,3886921,0.0,0.0,1139.9250122070312,1152.3410009765626,1132.5091397212182,1151.4488935512632,30.89882894590797,-15.795833785604827,-7.848226897223513,-7.947606888381315
2024-12-24 00:00:00+05:30,1077.300048828125,1084.75,1076.0,1078.9000244140625,4343694,0.0,0.0,1136.6300109863282,1150.4700024414062,1127.4035096919654,1148.6038398596083,30.849089627558193,-18.05123056152138,-8.08289893851205,-9.968331623009329
2024-12-26 00:00:00+05:30,1083.0,1092.5999755859375,1072.75,1076.699951171875,4775460,0.0,0.0,1132.9825073242187,1148.717001953125,1122.5745993567186,1145.784079518913,30.385529123689796,-19.788071706570463,-7.855792066848906,-11.932279639721557
2024-12-27 00:00:00+05:30,1078.0999755859375,1086.25,1076.0,1077.449951171875,3801667,0.0,0.0,1130.2300048828124,1147.1890014648438,1118.277013815305,1143.1043097798133,30.767458581044373,-20.86351053295857,-7.1449847145896115,-13.71852581836896
2024-12-30 00:00:00+05:30,1074.0999755859375,1096.5,1063.949951171875,1069.949951171875,9452155,0.0,0.0,1126.9125,1145.5240014648436,1113.6744364206927,1140.2355114030313,29.05101466263298,-22.06662060453914,-6.678475828936143,-15.388144775602996
2024-12-31 00:00:00+05:30,1062.0,1070.449951171875,1058.5,1064.699951171875,5292136,0.0,0.0,1123.292498779297,1144.1810009765625,1109.010199730329,1137.273332570437,27.87857296265902,-23.176560169401,-6.230732315038402,-16.945827854362598
2025-01-01 00:00:00+05:30,1064.1500244140625,1076.949951171875,1053.949951171875,1071.800048828125,2985355,0.0,0.0,1118.8575012207032,1141.6800024414063,1105.466375834881,1134.7057528158368,31.882432069642842,-23.215661039157112,-5.015866547835611,-18.1997944913215
2025-01-02 00:00:00+05:30,1072.0,1088.699951171875,1067.5,1086.5999755859375,6557076,0.0,0.0,1115.2150024414063,1139.6060009765624,1103.669575811172,1132.8192517479977,39.43069458832659,-21.80110874801062,-2.8810514053512932,-18.920057342659327
2025-01-03 00:00:00+05:30,1086.0,1093.5,1079.800048828125,1084.9000244140625,7357220,0.0,0.0,1111.1400024414063,1137.7890014648438,1101.8819994876378,1130.940066362353,38.89751770216967,-20.580004240190647,-1.3279575180250554,-19.25204672216559
2025-01-06 00:00:00+05:30,1087.75,1090.0,1059.9000244140625,1063.4000244140625,5283413,0.0,0.0,1105.082501220703,1135.8490014648437,1098.2170494806307,1128.2914372663417,32.8478616316849,-21.103868181469124,-1.4814571674428265,-19.622411014026298
2025-01-07 00:00:00+05:30,1064.550048828125,1070.5,1056.0,1067.5,4619462,0.0,0.0,1100.2950012207032,1133.852001953125,1095.2916161967612,1125.9074593343282,34.926321528494874,-20.946739391496067,-1.0594627019758143,-19.887276689520252
2025-01-08 00:00:00+05:30,1063.75,1082.3499755859375,1059.0999755859375,1074.949951171875,8780098,0.0,0.0,1096.3599975585937,1131.5640014648438,1093.3543147658197,1123.9091256808988,38.64257854167288,-19.990625409669747,-0.0826789761195954,-19.90794643355015
2025-01-09 00:00:00+05:30,1079.5999755859375,1080.1500244140625,1054.25,1061.75,9054190,0.0,0.0,1092.0849975585938,1129.367001953125,1090.3443800262178,1121.471512909099,34.84549143391403,-20.066707421554383,-0.12700879040338364,-19.939698631151
2025-01-10 00:00:00+05:30,1056.25,1064.8499755859375,1037.0,1040.699951171875,5612886,0.0,0.0,1086.8374938964844,1126.4440014648437,1085.616339182947,1118.3040006841097,29.814263295007887,-21.57684158329107,-1.3097143617120537,-20.267127221579017
2025-01-13 00:00:00+05:30,1026.5999755859375,1063.0,1023.25,1049.300048828125,7180930,0.0,0.0,1081.8949951171876,1124.022001953125,1082.15764486344,1115.597963356424,34.00666103022803,-21.82805751995602,-1.248744238701601,-20.579313281254418
2025-01-14 00:00:00+05:30,1052.949951171875,1061.0,1045.5,1051.6500244140625,6892897,0.0,0.0,1076.9324951171875,1121.8640014648438,1079.2521572015946,1113.0902010449588,35.146624284613324,-21.58866389060222,-0.8074804874782409,-20.78118340312398
2025-01-15 00:00:00+05:30,1043.0,1052.9000244140625,1014.6500244140624,1026.800048828125,11418721,0.0,0.0,1071.4599975585938,1119.0090014648438,1074.2567183088831,1109.706273507044,29.36924553472026,-23.137414354338716,-1.8849847609717862,-21.25242959336693
2025-01-16 00:00:00+05:30,1033.9000244140625,1046.449951171875,1027.050048828125,1038.0,10261727,0.0,0.0,1067.2474975585938,1116.9840014648437,1070.803697517561,1106.8942627812776,34.58814056650555,-23.193705201340663,-1.5530204863789834,-21.64068471496168
2025-01-17 00:00:00+05:30,1000.0,1011.7000122070312,974.5999755859376,991.0499877929688,33831617,0.0,0.0,1061.354995727539,1113.3710021972656,1063.208106115219,1102.351350036638,25.93647189042984,-26.71879210708721,-4.062485913700421,-22.65630619338679
2025-01-20 00:00:00+05:30,992.0499877929688,994.2000122070312,976.5,988.0499877929688,33440507,0.0,0.0,1057.1649963378907,1109.802001953125,1056.0501900845284,1097.8689436741413,25.497595598003542,-29.415440912363465,-5.407307775181337,-24.008133137182128
2025-01-21 00:00:00+05:30,993.5999755859376,994.4500122070312,963.0,970.2000122070312,11894500,0.0,0.0,1051.717495727539,1106.0080017089845,1047.8739826676237,1092.8623189107252,23.003432122539138,-32.61691092435149,-6.887022229735486,-25.729888694616
2025-01-22 00:00:00+05:30,975.75,975.75,954.0,959.2999877929688,17303146,0.0,0.0,1045.7374938964845,1101.9750024414063,1039.4383641081329,1087.624580435519,21.613103850263364,-35.62300007874762,-7.914489107305297,-27.708510971442326
2025-01-23 00:00:00+05:30,954.0,963.7000122070312,948.0,951.0499877929688,24649522,0.0,0.0,1039.454995727539,1097.5760021972656,1031.0204235066888,1082.2687140573798,20.598333068891026,-38.23035767744841,-8.417477364804867,-29.812880312643543
2025-01-24 00:00:00+05:30,948.0,961.7999877929688,946.0999755859376,948.5,14421921,0.0,0.0,1033.0074981689454,1093.3830017089845,1023.1613355536708,1077.022882133561,20.281364053545694,-40.04090345276484,-8.182418512097037,-31.8584849406678
2025-01-27 00:00:00+05:30,943.0999755859376,949.75,933.5,948.0999755859376,12713296,0.0,0.0,1026.9149993896485,1089.562000732422,1016.0126346043629,1071.9670818767918,20.228775960988408,-41.03502641001478,-7.3412331754775835,-33.693793234537196
2025-01-28 00:00:00+05:30,960.0,993.8499755859376,958.2000122070312,983.7999877929688,21781371,0.0,0.0,1022.8700012207031,1086.4240014648437,1012.9447634794682,1068.5095487754654,36.14240899504783,-38.498397822569586,-3.8436836704259107,-34.654714152143676
2025-01-29 00:00:00+05:30,988.0,988.6500244140624,977.5999755859376,983.4000244140624,11175206,0.0,0.0,1018.45,1083.5680029296875,1010.1309788065723,1065.171920369136,36.0556263914655,-36.10418848288782,-1.1595794645953106,-34.94460901829251
2025-01-30 00:00:00+05:30,984.6500244140624,991.4000244140624,974.7999877929688,984.7000122070312,10473118,0.0,0.0,1013.3550018310547,1080.5830041503907,1007.7089819875684,1062.0161592647398,36.588576811260666,-33.713236971357446,0.9850976375480514,-34.6983346089055
2025-01-31 00:00:00+05:30,982.0,990.0,978.0499877929688,986.0999755859376,9036312,0.0,0.0,1008.4149993896484,1077.5220031738281,1005.6509813778894,1059.039054022434,37.19564339346303,-31.344109939546343,2.6833797354873283,-34.02748967503367
2025-02-01 00:00:00+05:30,989.5,1004.9500122070312,982.0,998.1500244140624,4830391,0.0,0.0,1005.1524993896485,1074.6370031738281,1004.9366045241916,1056.6512489397526,42.31470935813418,-28.169500991700943,4.6863909466661795,-32.85589193836712
2025-02-03 00:00:00+05:30,987.0999755859376,1000.5,983.3499755859376,989.4000244140624,7124605,0.0,0.0,1001.2475006103516,1071.3070031738282,1003.4569302279888,1054.0139460171765,39.77922353574695,-26.05925750274298,5.437307548499316,-31.496565051242296
2025-02-04 00:00:00+05:30,994.0,1017.0999755859376,987.7999877929688,1015.2999877929688,16058171,0.0,0.0,998.2650024414063,1068.717001953125,1004.5848404722725,1052.4957515770116,49.43702406772744,-22.042867291677908,7.562958207651512,-29.60582549932942
2025-02-05 00:00:00+05:30,1020.5999755859376,1022.0499877929688,1010.5,1013.2999877929688,7858373,0.0,0.0,995.8425018310547,1065.990001220703,1005.414854502815,1050.9586628011668,48.78637626045533,-18.804466217006734,8.641087425858153,-27.445553642864887
2025-02-06 00:00:00+05:30,1012.0,1021.8499755859376,1010.0499877929688,1020.7000122070312,5815563,0.0,0.0,994.8425048828125,1063.7540014648437,1006.8705838079785,1049.7720490523773,51.338306006791846,-15.462646148641056,9.586325995379067,-25.048972144020123
2025-02-07 00:00:00+05:30,1019.5,1027.3499755859375,1007.6500244140624,1024.0999755859375,8638651,0.0,0.0,993.5825012207031,1061.51,1008.5114782630222,1048.765301073301,52.509202329558704,-12.396976410736556,10.121596586626854,-22.51857299736341
2025-02-10 00:00:00+05:30,1021.0,1026.75,1006.2000122070312,1011.75,3960565,0.0,0.0,991.5875,1059.0030004882813,1008.8199089046392,1047.313720639054,47.99193281377991,-10.839005564125614,9.34365394659024,-20.182659510715855
2025-02-11 00:00:00+05:30,1009.0,1016.3499755859376,1002.5999755859376,1007.4000244140624,4808215,0.0,0.0,990.6174987792969,1055.9410009765625,1008.6846818102986,1045.7484776498388,46.47534146249301,-9.841858302962464,8.272640966202712,-18.114499269165176
2025-02-12 00:00:00+05:30,1000.0,1010.6500244140624,984.0,1006.9000244140624,7669283,0.0,0.0,989.0625,1052.8900024414063,1008.5147144392284,1044.2250088954947,46.29425113027186,-8.988345681789497,7.300922869900543,-16.28926855169004
2025-02-13 00:00:00+05:30,1003.0,1017.4500122070312,1001.0499877929688,1008.2000122070312,6348246,0.0,0.0,989.9200012207032,1049.7260021972656,1008.4847427980668,1042.8122639273197,46.87385982709848,-8.11350519246514,6.540610687379919,-14.65411587984506
2025-02-14 00:00:00+05:30,1010.5499877929688,1016.0,987.6500244140624,997.5,5375755,0.0,0.0,990.3925018310547,1045.9850012207032,1007.4385768172986,1041.0353124007581,42.78127643970575,-8.189189484382041,5.171941116370416,-13.361130600752457
2025-02-17 00:00:00+05:30,992.4500122070312,999.6500244140624,978.0499877929688,992.9500122070312,7166803,0.0,0.0,991.5300018310547,1042.5790014648437,1006.0587135210826,1039.1496143539453,41.136507562068026,-8.518124186782984,3.8744051311755783,-12.392529317958562
2025-02-18 00:00:00+05:30,992.9500122070312,997.3499755859376,986.5499877929688,994.1500244140624,3090004,0.0,0.0,993.2725036621093,1039.3890014648437,1004.9245526537474,1037.3849245523813,41.77233697943302,-8.583036450647,3.047594293849251,-11.630630744496251
2025-02-19 00:00:00+05:30,991.6500244140624,1013.4500122070312,988.1500244140624,1011.3499755859376,6401381,0.0,0.0,996.2875030517578,1036.6710009765625,1005.5364976949083,1036.3639461615403,50.093399955926145,-7.164005379272339,3.5733002921791304,-10.73730567145147
2025-02-20 00:00:00+05:30,1008.4000244140624,1019.6500244140624,1006.5,1017.2000122070312,5011212,0.0,0.0,999.7225036621094,1034.1020007324219,1006.6473086008249,1035.612419339795,52.57576603238645,-5.503918223899859,4.186709958041288,-9.690628181941147
2025-02-21 00:00:00+05:30,1012.0,1021.9000244140624,1000.6500244140624,1008.9500122070312,5019937,0.0,0.0,1002.765005493164,1031.3180004882813,1006.8666137061779,1034.5668347463534,48.88304783196452,-4.798677082523909,3.91356087953379,-8.7122379620577
2025-02-24 00:00:00+05:30,1001.3499755859376,1013.0,998.5499877929688,1010.0499877929688,4265454,0.0,0.0,1004.077505493164,1028.5009997558593,1007.1697921906341,1033.6053897677893,49.39341341985932,-4.10370460783804,3.6868266833757275,-7.790531291213767
2025-02-25 00:00:00+05:30,1004.0,1013.7000122070312,997.0999755859376,1009.0999755859376,5708975,0.0,0.0,1005.3625030517578,1025.957999267578,1007.353619180663,1032.644393133207,48.93894692010115,-3.588229088826324,3.3618417619099557,-6.95007085073628
2025-02-27 00:00:00+05:30,1007.6500244140624,1023.5499877929688,1005.1500244140624,1016.7000122070312,9777690,0.0,0.0,1006.9625030517578,1023.8469995117188,1008.243751849841,1032.0191232929649,52.689229872437274,-2.53720427550968,3.5302932601812804,-6.06749753569096
2025-02-28 00:00:00+05:30,1014.7999877929688,1035.5,1009.9500122070312,1015.5499877929688,15026849,0.0,0.0,1008.4350036621094,1021.9799987792969,1008.9395838444245,1031.3732748419848,52.06606199575873,-1.7765776169045466,3.4327359350291315,-5.209313551933678
2025-03-03 00:00:00+05:30,1017.0499877929688,1019.4000244140624,992.0,1007.25,6763184,0.0,0.0,1008.8900024414063,1020.6879992675781,1008.7786710973365,1030.4272640638678,47.6827759313064,-1.8225064391812111,2.7094456902019743,-4.5319521293831855
2025-03-04 00:00:00+05:30,1001.0999755859376,1011.0999755859376,998.5999755859376,1001.7999877929688,5786420,0.0,0.0,1009.5100006103515,1019.1409985351562,1008.1140345921586,1029.3046257787346,45.00362438843793,-2.272480063586272,1.807577652637531,-4.080057716223803
2025-03-05 00:00:00+05:30,1003.0,1017.4000244140624,1002.5499877929688,1014.4500122070312,5133873,0.0,0.0,1009.4675018310547,1017.8519982910157,1008.7174610316703,1028.7220919131776,51.776499305145826,-1.590007536131452,1.992040144073881,-3.582047680205333
2025-03-06 00:00:00+05:30,1022.5999755859376,1039.5,1015.1500244140624,1034.0999755859375,7861120,0.0,0.0,1010.5075012207031,1016.9999987792969,1011.1348433701719,1028.9329893121094,60.01410298465105,0.5303313521990276,3.289903225923489,-2.7595718737244614
2025-03-07 00:00:00+05:30,1033.699951171875,1050.3499755859375,1030.699951171875,1037.6500244140625,7597321,0.0,0.0,1011.3550018310547,1016.2040002441406,1013.6600987076853,1029.2748338259116,61.300298639018614,2.4687166401465674,4.182630811096823,-1.7139141709502559
2025-03-10 00:00:00+05:30,1036.0,1050.5,1032.3499755859375,1035.8499755859375,5995655,0.0,0.0,1011.9425018310546,1015.5220007324219,1015.7734203151379,1029.5326825223833,60.24217724080322,3.815667410623746,4.423665265259201,-0.6079978546354554
2025-03-11 00:00:00+05:30,1030.4000244140625,1036.800048828125,1021.0999755859376,1025.6500244140625,4771085,0.0,0.0,1012.6375030517578,1014.7410021972656,1016.7140492769402,1029.3804214200964,54.501300021293126,4.0138160129776,3.697451094090444,0.3163649188871557
2025-03-12 00:00:00+05:30,1025.199951171875,1029.800048828125,999.2000122070312,1011.2000122070312,7504702,0.0,0.0,1012.8275024414063,1013.5290014648438,1016.1889028893298,1028.6674641960547,47.58321095495892,2.970611624939238,2.123397364841666,0.8472142600975723
2025-03-13 00:00:00+05:30,1015.0,1016.0,1005.0999755859376,1010.2000122070312,4004140,0.0,0.0,1012.9925018310547,1012.0010021972656,1015.6185323481585,1027.9432503925636,47.13728747143109,2.0396610459924887,0.9539574287159329,1.0857036172765557
2025-03-17 00:00:00+05:30,1011.0999755859376,1039.0,1011.0999755859376,1034.1500244140625,5938668,0.0,0.0,1014.2900024414063,1010.9860021972656,1017.383436354435,1028.1866532953675,57.42753493711465,3.197582095572443,1.6895027826367097,1.5080793129357333
2025-03-18 00:00:00+05:30,1034.1500244140625,1034.1500244140625,1034.1500244140625,1034.1500244140625,0,0.0,0.0,1016.1225036621094,1010.4010021972656,1018.9802542648757,1028.4205109862967,57.42753493711464,4.0683455150945065,2.0482129617270184,2.020132553367488
2025-03-19 00:00:00+05:30,1047.800048828125,1058.550048828125,1043.5,1052.050048828125,4822365,0.0,0.0,1019.077505493164,1010.0920031738282,1022.1297585089947,1029.3471595291135,63.57375408184399,6.132126831054393,3.2895954221495236,2.842531408904869
2025-03-20 00:00:00+05:30,1056.25,1058.9000244140625,1046.9000244140625,1054.3499755859375,3742644,0.0,0.0,1022.0875030517578,1009.6800036621094,1025.1983506115605,1030.327662119577,64.28717930956392,7.862637668044499,4.016085007311704,3.8465526607327956
2025-03-21 00:00:00+05:30,1054.3499755859375,1075.550048828125,1050.550048828125,1070.1500244140625,6848565,0.0,0.0,1025.027505493164,1009.8480041503906,1029.479462402275,1031.8893233860276,68.80699175658495,10.389251048920642,5.234158710550276,5.155092338370365
2025-03-24 00:00:00+05:30,1082.0,1104.949951171875,1073.699951171875,1097.8499755859375,8284863,0.0,0.0,1029.0600036621095,1010.9910046386718,1035.990939848338,1034.4760156291613,74.82296730295258,14.460078138259178,7.4439886399110495,7.016089498348128
2025-03-25 00:00:00+05:30,1109.949951171875,1123.5,1096.3499755859375,1118.550048828125,11720528,0.0,0.0,1034.540005493164,1012.3760046386719,1043.8537121321274,1037.7730365389245,78.20571083976216,19.135973260185892,9.695907009470211,9.440066250715681
2025-03-26 00:00:00+05:30,1115.0,1118.8499755859375,1089.050048828125,1096.25,7127060,0.0,0.0,1038.8500061035156,1013.2680041503907,1048.8438347862104,1040.0662507923,67.65917480326235,20.80242881090271,9.089890048149623,11.712538762753088
2025-03-27 00:00:00+05:30,1092.0,1108.0,1088.0999755859375,1098.3499755859375,8508917,0.0,0.0,1043.3125061035157,1014.6990026855469,1053.5587053385655,1042.3518870587172,68.09550608341294,22.03851108329536,8.260777856433819,13.777733226861542
2025-03-28 00:00:00+05:30,1098.4000244140625,1107.0,1086.5,1102.0,4921190,0.0,0.0,1047.5775054931642,1015.9790026855469,1058.1721619729879,1044.691028742689,68.88137808136138,23.046970525370853,7.415389838807446,15.631580686563407
2025-04-01 00:00:00+05:30,1093.199951171875,1101.25,1070.0,1085.5999755859375,6638140,0.0,0.0,1051.0800048828125,1017.8700024414062,1060.7843346980308,1046.2953011679144,61.54583863637025,22.26616648228105,5.307668636574114,16.958497845706937
2025-04-02 00:00:00+05:30,1091.699951171875,1095.5999755859375,1080.75,1084.449951171875,4065344,0.0,0.0,1054.9400024414062,1019.7980017089844,1063.038202933635,1047.7915619523835,61.05482060816489,21.308940096604374,3.4803538007179498,17.828586295886424
2025-04-03 00:00:00+05:30,1078.9000244140625,1091.949951171875,1075.300048828125,1089.8499755859375,5345660,0.0,0.0,1059.3425018310547,1022.1910009765625,1065.591705090997,1049.4409115066405,62.565071492466835,20.7469106582746,2.334659489910539,18.41225116836406
2025-04-04 00:00:00+05:30,1081.5,1101.9000244140625,1075.449951171875,1091.300048828125,6059991,0.0,0.0,1063.1850036621095,1024.8310021972657,1068.0401187802472,1051.0824463035615,62.98022438754723,20.18581753180024,1.418853090748943,18.766964441051297
2025-04-07 00:00:00+05:30,1035.0,1069.0,1032.3499755859375,1047.949951171875,9720457,0.0,0.0,1063.8775024414062,1026.7690014648438,1066.1267694842118,1050.9596033572209,46.41002624547901,16.058049399940728,-2.1671320328884534,18.22518143282918
2025-04-08 00:00:00+05:30,1061.0,1084.949951171875,1060.300048828125,1077.8499755859375,8723357,0.0,0.0,1065.8875,1029.3560009765624,1067.2432653034239,1052.014127758347,55.17093783300734,15.026232447612074,-2.5591591881736875,17.58539163578576
2025-04-09 00:00:00+05:30,1073.0999755859375,1081.8499755859375,1058.0,1061.6500244140625,6690201,0.0,0.0,1067.1775024414062,1031.627001953125,1066.7105756949134,1052.3920060585713,50.366582878779134,12.754285939083957,-3.864884557361446,16.619170496445403
2025-04-11 00:00:00+05:30,1063.300048828125,1072.699951171875,1057.550048828125,1068.949951171875,8144072,0.0,0.0,1069.3424987792969,1033.330001220703,1066.923849549862,1053.041337239485,52.37897647208194,11.411253220044728,-4.16633382112054,15.577587041165268
2025-04-15 00:00:00+05:30,1090.0,1117.0,1083.0,1112.800048828125,9320299,0.0,0.0,1074.4225006103516,1035.9180017089843,1071.293011385887,1055.3848161253143,62.27398961391837,13.72699032477135,-1.4804773731151357,15.207467697886486
2025-04-16 00:00:00+05:30,1122.699951171875,1163.5,1112.5999755859375,1161.300048828125,12836428,0.0,0.0,1081.9775024414062,1039.4500024414062,1079.8651101899097,1059.5383546626795,69.75868567366467,19.253827197992678,3.2370876000849513,16.016739597907726
2025-04-17 00:00:00+05:30,1155.5999755859375,1199.199951171875,1153.5999755859375,1190.800048828125,13446336,0.0,0.0,1089.8100036621095,1043.54400390625,1090.4303424411682,1064.6858720809323,73.23674639141045,25.71782956649372,7.760871974868792,17.956957591624928
2025-04-21 00:00:00+05:30,1202.0,1238.699951171875,1198.0999755859375,1223.0,15166580,0.0,0.0,1099.2525024414062,1048.0410034179688,1103.0560241134378,1070.8942692542291,76.42405093748324,33.057795281264134,12.080670151711363,20.97712512955277
2025-04-22 00:00:00+05:30,1230.4000244140625,1235.0,1212.0999755859375,1216.800048828125,8461710,0.0,0.0,1107.4900024414062,1052.58900390625,1113.8887883719794,1076.6160645316368,74.58226993405071,37.93717065911096,13.56803642364655,24.36913423546441
2025-04-23 00:00:00+05:30,1225.300048828125,1230.0,1194.9000244140625,1206.9000244140625,9433911,0.0,0.0,1115.1175048828125,1056.4210046386718,1122.7470013283682,1081.725239428987,71.61442553678275,40.53796513967427,12.935064723367887,27.602900416306383
2025-04-24 00:00:00+05:30,1199.0999755859375,1220.0,1199.0999755859375,1207.0999755859375,9078137,0.0,0.0,1121.9650024414063,1060.2970043945313,1130.780617924327,1086.6418957488675,71.63897261808135,42.129604041123685,11.621362899853843,30.508241141269842
2025-04-25 00:00:00+05:30,1177.0,1179.9000244140625,1146.0,1166.300048828125,17243807,0.0,0.0,1125.3875061035155,1063.2090051269531,1134.163420867546,1089.7657448892305,60.19929708881636,39.641810116665965,7.3068551803169015,32.334954936349064
2025-04-28 00:00:00+05:30,1166.300048828125,1196.0,1164.300048828125,1192.800048828125,5523502,0.0,0.0,1129.1000061035156,1066.583006591797,1139.7478616256965,1093.8063058280109,64.19819613524143,39.35488541668724,5.615944384270534,33.738941032416705
2025-04-29 00:00:00+05:30,1194.0,1210.0,1184.4000244140625,1187.300048828125,6074520,0.0,0.0,1133.6525085449218,1070.0940075683593,1144.276641359261,1097.4727271221332,62.78816409334388,38.242851701128984,3.6031285349698194,34.639723166159165
2025-04-30 00:00:00+05:30,1185.0999755859375,1193.9000244140625,1175.0,1185.0,6288257,0.0,0.0,1137.985009765625,1073.646007080078,1148.1550564679028,1100.905169195775,62.173173824229465,36.75230456218151,1.6900651168178698,35.06223944536364
2025-05-02 00:00:00+05:30,1182.0999755859375,1210.5,1180.0999755859375,1183.4000244140625,5249372,0.0,0.0,1142.0550109863282,1077.176007080078,1151.511720081823,1104.1402615572765,61.720297669137885,35.038033912992205,-0.019364425897151705,35.05739833888936
2025-05-05 00:00:00+05:30,1190.0,1190.0,1164.300048828125,1173.199951171875,7236056,0.0,0.0,1146.435009765625,1080.476005859375,1153.577265899923,1106.8484846794179,58.780713575877996,32.4819694829057,-2.060343084786929,34.542312567692626
2025-05-06 00:00:00+05:30,1178.0,1178.800048828125,1157.699951171875,1161.4000244140625,5348267,0.0,0.0,1150.2825134277343,1083.7540063476563,1154.3222905203174,1108.9877607474432,55.48825980069186,29.167885307908136,-4.299541807827595,33.46742711573573
2025-05-07 00:00:00+05:30,1159.0,1168.5999755859375,1152.9000244140625,1161.300048828125,4263817,0.0,0.0,1153.8550170898438,1087.121007080078,1154.986838930585,1111.039223025117,55.459915655302495,26.231007798613973,-5.789135453697412,32.020143252311385
2025-05-08 00:00:00+05:30,1170.0,1179.0,1165.5999755859375,1172.199951171875,9912347,0.0,0.0,1157.9000122070313,1090.6820056152344,1156.6261829535651,1113.4376829524408,57.98009069021494,24.500614406518935,-6.015623076633961,30.516237483152896
2025-05-09 00:00:00+05:30,1160.0,1172.199951171875,1148.5,1151.0999755859375,5379571,0.0,0.0,1163.0575134277344,1093.4770056152345,1156.0998774899817,1114.9146356047347,51.862541192413055,21.1824948713097,-7.466994089474561,28.64948896078426
2025-05-12 00:00:00+05:30,1185.0,1209.0,1175.199951171875,1203.0,7616208,0.0,0.0,1169.3150146484375,1097.1930053710937,1160.5665558242692,1118.3689636202355,62.377669731006556,22.48160550357761,-4.934306765765321,27.415912269342932
2025-05-13 00:00:00+05:30,1205.199951171875,1214.800048828125,1190.0,1193.5999755859375,5569926,0.0,0.0,1175.9125122070313,1100.886004638672,1163.712595801571,1121.3191993835965,59.8285738044223,22.49336709407794,-3.938036140211995,26.431403234289935
2025-05-14 00:00:00+05:30,1195.9000244140625,1199.4000244140625,1185.9000244140625,1195.5,4084921,0.0,0.0,1182.2400146484374,1104.5950048828124,1166.7399676299929,1124.2282503881615,60.18276924598539,22.397816246798584,-3.2268695899930826,25.624685836791667
2025-05-15 00:00:00+05:30,1197.0,1217.0,1185.0,1209.0999755859375,6705748,0.0,0.0,1187.0550109863282,1108.5950048828124,1170.7742541019875,1127.5565533370939,62.71674889996542,23.152607040010025,-1.977663037425316,25.13027007743534
2025-05-16 00:00:00+05:30,1206.0,1213.300048828125,1203.199951171875,1208.800048828125,4016269,0.0,0.0,1189.4300109863282,1112.4370056152343,1174.3957583616195,1130.7425727681148,62.622098717089045,23.456194193156534,-1.3392607074230476,24.795454900579582
2025-05-19 00:00:00+05:30,1208.0,1219.0,1201.0999755859375,1202.800048828125,4550022,0.0,0.0,1190.030010986328,1116.1820068359375,1177.1009288822393,1133.5683561430171,60.65017241071718,22.948107840856437,-1.47787764777852,24.425985488634957
2025-05-20 00:00:00+05:30,1208.0,1210.699951171875,1192.9000244140625,1195.800048828125,4724482,0.0,0.0,1188.6700134277344,1119.9530078125,1178.8817974485141,1136.008814679688,58.34196113181057,21.73011303103908,-2.1566979660767025,23.886810997115784
2025-05-21 00:00:00+05:30,1197.0999755859375,1204.9000244140625,1182.699951171875,1197.800048828125,3712472,0.0,0.0,1187.7200134277343,1123.873009033203,1180.6835356751437,1138.4320003325677,58.824134143719405,20.687751136953466,-2.559247888129857,23.246999025083323
2025-05-22 00:00:00+05:30,1196.699951171875,1196.699951171875,1177.5,1188.5,4795583,0.0,0.0,1186.8000122070312,1127.3540087890624,1181.4279608489396,1140.3954512999178,55.60136324115825,18.893443750603637,-3.4828442195837503,22.376287970187388
2025-05-23 00:00:00+05:30,1188.5,1213.0999755859375,1188.0999755859375,1210.0999755859375,3676469,0.0,0.0,1186.9500122070312,1130.8740087890626,1184.1586289191298,1143.1289620562325,60.95221596968579,18.995412440511245,-2.704700423740917,21.700112864252162
2025-05-26 00:00:00+05:30,1216.199951171875,1224.199951171875,1208.699951171875,1215.199951171875,3607612,0.0,0.0,1189.3950073242188,1134.4250073242188,1187.1149453241533,1145.955275354885,62.11323777179199,19.26566616235982,-1.9475573615138728,21.213223523873694
2025-05-27 00:00:00+05:30,1215.199951171875,1216.699951171875,1190.4000244140625,1195.5999755859375,7249163,0.0,0.0,1189.5350036621094,1137.6200073242187,1187.9230434443232,1147.902126344338,55.30715232475152,17.69432084171217,-2.815122145729223,20.509442987441393
2025-05-28 00:00:00+05:30,1195.5999755859375,1202.199951171875,1191.699951171875,1194.699951171875,3525421,0.0,0.0,1189.9049987792969,1141.001005859375,1188.5684632278997,1149.7373351611043,55.00907358381999,16.18976833419447,-3.455739722597542,19.64550805679201
2025-05-29 00:00:00+05:30,1200.0,1209.0,1189.0,1201.699951171875,7788068,0.0,0.0,1190.7399963378907,1144.8110046386719,1189.8190811273257,1151.7750848085855,56.95232005798058,15.384893653555764,-3.4084915225889993,18.793385176144763
2025-05-30 00:00:00+05:30,1201.4000244140625,1208.800048828125,1189.5999755859375,1192.199951171875,9998488,0.0,0.0,1191.1799926757812,1148.4510034179686,1190.0458306553778,1153.360373685577,53.570584924420906,13.821132651305334,-3.977802019871543,17.798934671176877
2025-06-02 00:00:00+05:30,1189.800048828125,1200.9000244140625,1179.199951171875,1194.4000244140625,3761853,0.0,0.0,1192.2399963378907,1151.6560034179688,1190.4605157752526,1154.9697717533609,54.24812545327523,12.613962407878716,-4.14797781063853,16.761940218517246
2025-06-03 00:00:00+05:30,1195.0,1198.9000244140625,1174.9000244140625,1181.5,8155665,0.0,0.0,1193.2449951171875,1154.6030029296876,1189.6071333204668,1156.010172861072,49.671094276016845,10.495363119651984,-5.01326167909221,15.508624798744194
2025-06-04 00:00:00+05:30,1181.800048828125,1191.300048828125,1168.5999755859375,1171.0,4306355,0.0,0.0,1193.7299926757812,1156.982001953125,1187.835025385184,1156.5980092194616,46.250518681434976,7.878279767113554,-6.104276025304513,13.982555792418067
2025-06-05 00:00:00+05:30,1172.5,1175.5,1157.0,1159.0,10481600,0.0,0.0,1193.0699951171875,1159.0750024414062,1185.088832491357,1156.6922049363454,42.63678192154799,4.780812413790045,-7.361394702902418,12.142207116692463
2025-06-06 00:00:00+05:30,1158.9000244140625,1201.199951171875,1151.199951171875,1194.5999755859375,14715421,0.0,0.0,1195.2449951171875,1161.5640014648438,1185.994655643222,1158.1787841775058,54.09575907805316,5.139423651930201,-5.602226771809809,10.74165042374001
2025-06-09 00:00:00+05:30,1212.5,1224.5,1206.199951171875,1221.300048828125,5955193,0.0,0.0,1196.1599975585937,1164.0330029296874,1189.357074041784,1160.6541278892948,60.473263152029645,7.491738314784925,-2.5999296871640674,10.091668001948992
