Date,Open,High,Low,Close,Volume,Dividends,Stock Splits,SMA_20,SMA_50,EMA_20,EMA_50,RSI_14,MACD_12_26_9,MACDh_12_26_9,MACDs_12_26_9
2020-06-09 00:00:00+05:30,559.065930180309,570.2954451457827,545.282089549879,547.3062744140625,15219451,0.0,0.0,,,,,,,,
2020-06-10 00:00:00+05:30,550.3908266852034,555.2103432249114,542.7277893933896,546.631591796875,19489440,0.0,0.0,,,,,,,,
2020-06-11 00:00:00+05:30,549.4268917245579,553.0897480584297,526.967862031899,531.9319458007812,27803048,0.0,0.0,,,,,,,,
2020-06-12 00:00:00+05:30,520.5096527518356,541.7155833646306,520.5096527518356,539.8841552734375,19224358,0.0,0.0,,,,,,,,
2020-06-15 00:00:00+05:30,535.9321976492364,543.4024779826445,529.1848747388968,530.823486328125,13838935,0.0,0.0,,,,,,,,
2020-06-16 00:00:00+05:30,537.8599680621429,539.1130662074497,517.617940754185,525.2327880859375,19430678,0.0,0.0,,,,,,,,
2020-06-17 00:00:00+05:30,527.1124390226685,545.0893368960953,521.4735869135767,543.11328125,20916747,0.0,0.0,,,,,,,,
2020-06-18 00:00:00+05:30,543.8844898104418,552.2222959995603,538.05288035766,540.6553955078125,19692591,0.0,0.0,,,,,,,,
2020-06-19 00:00:00+05:30,541.6192471253657,557.3309546224699,540.751722179295,551.836669921875,41924711,0.0,0.0,,,,,,,,
2020-06-22 00:00:00+05:30,555.0176025192036,566.777259176767,549.8125125190875,560.078125,12954502,0.0,0.0,,,,,,,,
2020-06-23 00:00:00+05:30,560.0780529172351,563.4999033248819,553.619865437178,557.9092407226562,9944839,0.0,0.0,,,,,,,,
2020-06-24 00:00:00+05:30,560.0298127473555,560.9937759111484,534.9682689081332,537.2334594726562,12619809,0.0,0.0,,,,,,,,
2020-06-25 00:00:00+05:30,533.9080188140458,543.3542949702834,530.1487840197562,538.8239135742188,15881470,0.0,0.0,,,,,,,,
2020-06-26 00:00:00+05:30,539.7877665787772,545.9567590080205,537.0406244947167,540.17333984375,11317405,0.0,0.0,,,,,,,,
2020-06-29 00:00:00+05:30,538.7275487096854,548.4148308976012,531.3054572764665,546.631591796875,13162970,0.0,0.0,,,,,51.626417909377665,,,
2020-06-30 00:00:00+05:30,551.354716369574,556.1742327901953,537.2816804719364,539.6432495117188,13182057,0.0,0.0,,,,,46.513047639244135,,,
2020-07-01 00:00:00+05:30,554.2464155568739,554.2464155568739,538.1491950596816,539.9324340820312,13894655,0.0,0.0,,,,,46.748095350818524,,,
2020-07-02 00:00:00+05:30,544.4145659203647,546.5351890652756,537.4744264508081,538.2937622070312,13795692,0.0,0.0,,,,,45.52719386227567,,,
2020-07-03 00:00:00+05:30,541.5228810630399,562.3914896022908,540.3661611297905,560.463623046875,21005887,0.0,0.0,,,,,60.541691766548894,,,
2020-07-06 00:00:00+05:30,566.3916308537065,568.0303023273307,554.2945912223397,555.7886352539062,16114629,0.0,0.0,543.6193481445313,,543.6193481445313,,56.97537082826503,,,
2020-07-07 00:00:00+05:30,558.1019577272189,561.5720569919329,545.619406029902,546.6796875,12759442,0.0,0.0,543.5880187988281,,543.9108090355282,,50.70762272116674,,,
2020-07-08 00:00:00+05:30,551.3547564416406,553.2825631500008,538.8239529005161,541.0409545898438,9581306,0.0,0.0,543.3084869384766,,543.6374895645107,,47.242971094897506,,,
2020-07-09 00:00:00+05:30,543.6434182230545,549.6678435849427,540.0770001248139,548.1256103515625,8611659,0.0,0.0,544.1181701660156,,544.064929639468,,51.70761559412861,,,
2020-07-10 00:00:00+05:30,548.5594285568887,558.1020838172494,545.2339559680726,553.957275390625,13532330,0.0,0.0,544.821826171875,,545.0070578062449,,55.07760082685041,,,
2020-07-13 00:00:00+05:30,553.7644495645724,567.7411064897831,549.4268849819548,565.6204833984375,16660491,0.0,0.0,546.5616760253906,,546.9702411959776,,60.9472377726905,,,
2020-07-14 00:00:00+05:30,563.4036030409702,575.2596381613102,557.6683122067301,568.0785522460938,32935464,0.0,0.0,548.7039642333984,,548.9805565340838,,62.0720206791457,6.677130746038301,,
2020-07-15 00:00:00+05:30,567.6928977597227,567.6928977597227,539.4503899356037,543.2578735351562,20062926,0.0,0.0,548.7111938476562,,548.4355391056146,,47.26777188975796,5.4314736813740865,,
2020-07-16 00:00:00+05:30,545.4748760953402,545.7640710646776,533.3296463716671,542.4385986328125,11528871,0.0,0.0,548.8003540039062,,547.8644019177286,,46.8704066314265,4.328279137859113,,
2020-07-17 00:00:00+05:30,542.775899835336,553.1860780258188,541.4746125773327,546.2941284179688,12189475,0.0,0.0,548.523226928711,,547.7148520606086,,49.04150955601743,3.7221914397574665,,
2020-07-20 00:00:00+05:30,550.3907899758261,561.4757372146033,547.1135069600532,554.9693603515625,9789671,0.0,0.0,548.267788696289,,548.405757612128,,53.63281673236262,3.8969595634146117,,
2020-07-21 00:00:00+05:30,559.065963311229,562.7288199010287,545.9086410407613,547.2581176757812,12005925,0.0,0.0,547.7352325439454,,548.2964585705712,,49.374387123295385,3.3743344945546596,,
2020-07-22 00:00:00+05:30,547.4990732103876,554.7283474448947,542.4867404457303,548.6075439453125,11034525,0.0,0.0,548.3039367675781,,548.326085749118,,50.120746993504575,3.034062994931219,,
2020-07-23 00:00:00+05:30,549.4269195266271,554.9693934768375,543.64343978273,546.7279663085938,9718786,0.0,0.0,548.6991394042968,,548.1738838976395,,49.03634118081617,2.5829544815286454,,
2020-07-24 00:00:00+05:30,544.6074077407382,546.9207277342099,535.353888019728,539.2576904296875,9960443,0.0,0.0,548.6533569335937,,547.3247226149774,,44.88020132634021,1.604167063519526,-2.2460055590335437,3.8501726225530697
2020-07-27 00:00:00+05:30,538.0528089029921,543.4024659555367,524.5099142753113,539.3058471679688,10895560,0.0,0.0,548.2870697021484,,546.5610201914528,,44.912615082291886,0.8228712813694301,-2.4218410729469118,3.244712354316342
2020-07-28 00:00:00+05:30,538.3419439731836,553.5235100922039,535.25747754254,544.2218017578125,14210206,0.0,0.0,548.5159973144531,,546.3382374834871,,48.25766961301057,0.5935234275200401,-2.1209511414370414,2.7144745689570815
2020-07-29 00:00:00+05:30,544.8482630651993,548.6074973351101,540.0287473183317,545.7639770507812,9979767,0.0,0.0,548.8075744628907,,546.2835460137055,,49.29780147240834,0.5300936687863214,-1.7475047201366083,2.2775983889229297
2020-07-30 00:00:00+05:30,555.2103114390306,559.4996869074814,523.4495733934225,532.7512817382812,45326361,0.0,0.0,548.5304504394531,,544.9947589398556,,41.683578158237765,-0.5636927331422612,-2.2730328976521528,1.7093401645098916
2020-07-31 00:00:00+05:30,531.0163071853093,539.1131675804176,526.5823635814236,534.8237915039062,13917435,0.0,0.0,547.2484588623047,,544.0260953745271,,43.1886160539224,-1.2488956281858918,-2.366588634156627,1.1176930059707348
2020-08-03 00:00:00+05:30,534.486310290159,536.4141167189293,526.678646304219,527.5943603515625,9392745,0.0,0.0,545.8387451171875,,542.461168229483,,39.37153695916411,-2.3482098330002827,-2.7727222711768142,0.42451243817653134
2020-08-04 00:00:00+05:30,528.2209722140105,533.3778727123921,526.1485382185837,529.1848754882812,12035116,0.0,0.0,544.9640045166016,,541.1967593969875,,40.61506763059972,-3.0558569645211264,-2.7842955221581263,-0.27156144236300017
2020-08-05 00:00:00+05:30,532.0765020638937,540.2696786133127,526.823224047354,538.775634765625,12920232,0.0,0.0,544.8507385253906,,540.9661760987625,,47.59501873219611,-2.8103819603745706,-2.031056414409256,-0.7793255459653142
2020-08-06 00:00:00+05:30,543.3707108306218,543.3707108306218,534.6160071620459,537.1795654296875,10620956,1.963142,0.0,544.3034362792969,,540.6055465112315,,46.613117709744216,-2.713352864717649,-1.547221855001868,-1.166131009715781
2020-08-07 00:00:00+05:30,537.8566870289202,545.0151968918647,534.0355909544567,542.5000610351562,7346008,0.0,0.0,543.7305755615234,,540.785976465891,,50.29437969773549,-2.1819845179437607,-0.8126828065823837,-1.369301711361377
2020-08-10 00:00:00+05:30,545.8858515688529,546.5630428784599,536.6958878905402,540.6137084960938,9594610,0.0,0.0,542.4802368164062,,540.7695699925771,,49.00419790850056,-1.8912826309327784,-0.4175847356571212,-1.4736978952756572
2020-08-11 00:00:00+05:30,539.7914045820727,542.2098159600562,532.2459370219624,533.1165771484375,8290695,0.0,0.0,540.7321380615234,,540.0407135312305,,44.15602234851693,-2.240033423760792,-0.613068422788108,-1.6269650009726841
2020-08-12 00:00:00+05:30,532.0525384222775,542.9354207270403,527.5542507279833,529.8275756835938,12613101,0.0,0.0,540.0606231689453,,539.0680337362174,,42.18428364243073,-2.7501142652089356,-0.8985194113890009,-1.8515948538199347
2020-08-13 00:00:00+05:30,516.5746540128363,530.4079927306127,507.1428184888951,517.8805541992188,37464752,0.0,0.0,538.8327209472657,,537.0501785422175,,35.91134118565418,-4.071448669482038,-1.7758830525296823,-2.2955656169523557
2020-08-14 00:00:00+05:30,525.1358054260378,525.1358054260378,507.8682694667737,511.350830078125,18550546,0.0,0.0,537.0855560302734,,534.6026215456372,,33.021112558696714,-5.581173575145272,-2.6284863665543323,-2.9526872085909392
2020-08-17 00:00:00+05:30,513.2372313916165,515.1235984650739,501.19347539092274,504.3857727050781,19369462,0.0,0.0,534.5563766479493,541.4795404052734,531.7248264179649,541.4795404052734,30.22660968866554,-7.256020473157037,-3.4426666116528777,-3.813353861504159
2020-08-18 00:00:00+05:30,505.01452505402114,511.83449930923865,503.176520367594,509.1258544921875,13771669,0.0,0.0,532.6497634887695,540.7159320068359,529.5725433774147,540.2107684086818,34.301484186232976,-8.107406584329624,-3.4352421782603724,-4.6721644060692515
2020-08-19 00:00:00+05:30,511.7377313098256,522.2820774920717,509.8997265638562,518.3641967773438,17395288,0.0,0.0,531.1375961303711,540.1505841064453,528.5050817964556,539.3540401094137,41.47539244814787,-7.945093109260483,-2.618342962552985,-5.326750146707498
2020-08-20 00:00:00+05:30,513.6725020486151,516.1876378537687,505.6432920530752,508.4002990722656,13690809,0.0,0.0,529.2212127685547,539.679951171875,526.5903405846279,538.1401679118786,36.807160088571074,-8.522222903166949,-2.55637820516756,-5.965844697999389
2020-08-21 00:00:00+05:30,512.5116406651928,512.5116406651928,499.16195539189727,503.2732849121094,22244899,0.0,0.0,527.4219924926758,538.9477337646484,524.3696686158166,536.7728391667897,34.64624326255322,-9.286263353867753,-2.6563349246946917,-6.629928429173061
2020-08-24 00:00:00+05:30,500.9999871070854,515.0268042778683,491.6165141317866,509.706298828125,29714401,0.0,0.0,525.9420150756836,538.5253900146485,522.9731572074651,535.7114062123322,39.44972883688593,-9.26586928229733,-2.108752682499415,-7.157116599797916
2020-08-25 00:00:00+05:30,517.0583013710514,518.1707526107301,508.8356421539211,511.3992004394531,19881871,0.0,0.0,524.3008850097656,538.2487182617188,521.8708756105116,534.7579863781017,40.68525100295809,-9.009250786775397,-1.4817073495819848,-7.527543437193412
2020-08-26 00:00:00+05:30,511.1573166410373,511.1573166410373,495.2924955521681,497.7109069824219,26386996,0.0,0.0,521.8982315063477,537.3406707763672,519.5699262173601,533.3051597351338,34.54697098333893,-9.797470522904177,-1.8159416685686116,-7.981528854335566
2020-08-27 00:00:00+05:30,497.6141797614293,501.58039253037657,491.42300442833954,494.47021484375,22268191,0.0,0.0,519.9841781616211,536.4169671630859,517.1794775151116,531.7822207197854,33.26729409615947,-10.561886264290536,-2.064285927963976,-8.49760033632656
2020-08-28 00:00:00+05:30,495.3892297355972,512.2698380944402,495.3892297355972,506.3688659667969,22217757,0.0,0.0,518.5614318847656,535.5076110839843,516.1498954628911,530.7856185726095,41.79265511617825,-10.091243963375405,-1.2749149016390753,-8.81632906173633
2020-08-31 00:00:00+05:30,501.5803779978811,505.2563873055216,491.9550647471931,496.3565673828125,190329697,0.0,0.0,516.9995422363281,534.2331799316406,514.2648165981217,529.4354597024213,37.456346327549305,-10.406209068066005,-1.271904005063739,-9.134305063002266
2020-09-01 00:00:00+05:30,500.6130132721983,537.3246561007224,497.4207161192858,528.4248657226562,75732733,0.0,0.0,516.9615417480469,533.6434924316407,515.6133927052202,529.39582856596,53.94048905501264,-7.97623246978111,0.9264580745769244,-8.902690544358034
2020-09-02 00:00:00+05:30,532.0524892024206,540.7587701800136,527.3123908619966,532.5845336914062,35680638,0.0,0.0,516.651986694336,533.5505139160156,517.2296918467617,529.5208758257814,55.576053603185436,-5.649682049460694,2.6024067959178723,-8.252088845378566
2020-09-03 00:00:00+05:30,532.584509487769,534.8578341297628,518.170706119725,520.4440307617188,25084656,0.0,0.0,515.8152099609375,533.1829162597656,517.5358193624719,529.1649211173868,49.995908108460576,-4.73097546326494,2.816890705690901,-7.547866168955841
2020-09-04 00:00:00+05:30,514.1562165124554,520.4440864949823,502.5477810080889,506.0786437988281,28610361,0.0,0.0,513.9941390991211,532.5010223388672,516.444659784982,528.2595769088159,44.3247767214686,-5.103233645327805,1.9557060189024291,-7.058939664230234
2020-09-07 00:00:00+05:30,507.8683002113474,510.77039412848455,493.6480039261685,498.62994384765625,16450037,0.0,0.0,511.8949508666992,531.5409893798828,514.7480201719034,527.0976305142607,41.684452932876134,-5.9309306940992315,0.9024071761048029,-6.833337870204034
2020-09-08 00:00:00+05:30,499.1619366879359,499.9842145915684,477.8798566810098,481.8460693359375,33745174,0.0,0.0,509.33142547607423,530.3850457763672,511.6145010446685,525.3230594876597,36.42006616087555,-7.850706910520557,-0.813895232253218,-7.036811678267339
2020-09-09 00:00:00+05:30,477.15436934835503,490.1170972554279,475.0745234021746,487.79541015625,32068518,0.0,0.0,507.22981719970704,529.3423052978516,509.3460161981525,523.8513869648594,39.34426474967252,-8.79074704985112,-1.4031482972670242,-7.387598752584096
2020-09-10 00:00:00+05:30,491.4230506618738,491.4230506618738,475.1712702760366,481.1205749511719,21400064,0.0,0.0,505.3918182373047,528.1988415527344,506.65787893653527,522.1756688466756,37.27299137517779,-9.959531767397209,-2.05754641185049,-7.901985355546719
2020-09-11 00:00:00+05:30,483.006918686524,486.0541292412298,472.60771904345023,475.6065673828125,15888599,0.0,0.0,503.60460510253904,526.5017004394531,503.70061116951405,520.3494295735829,35.605423068139544,-11.201611203777986,-2.6397006785850134,-8.561910525192973
2020-09-14 00:00:00+05:30,479.8145980704002,481.0238037750025,453.0185034132019,458.6292419433594,53032505,0.0,0.0,501.3167785644531,524.5585125732422,499.4080998146422,517.9290300586722,31.005830611211557,-13.401413233676294,-3.8716021667866567,-9.529811066889637
2020-09-15 00:00:00+05:30,459.6449933339644,471.73708110352106,454.7114157493923,469.7056274414063,31436333,0.0,0.0,499.34576721191405,523.0190313720703,496.5792929219531,516.0379162305442,36.74696900196689,-14.088595887072358,-3.6470278561461775,-10.441568030926181
2020-09-16 00:00:00+05:30,471.1083270361433,474.6875822417406,464.8687889778946,466.0296325683594,13379581,0.0,0.0,496.72903900146486,521.5188049316406,493.6698014597061,514.0768070673213,35.68566230532606,-14.75967481180436,-3.4544854247025434,-11.305189387101816
2020-09-17 00:00:00+05:30,464.336718840773,466.6100436792818,458.5325012084122,463.3693542480469,13750507,0.0,0.0,494.4774917602539,519.8236798095703,490.7840445824052,512.0882795057811,34.900095969244774,-15.329463410160031,-3.2194192184465713,-12.11004419171346
2020-09-18 00:00:00+05:30,467.23881112252144,481.4107745429802,459.79009776718544,478.4119262695313,55830089,0.0,0.0,493.234423828125,518.3127728271485,489.6057476002268,510.76763820239876,42.59523942430993,-14.401206983680254,-1.8329302335734354,-12.568276750106818
2020-09-21 00:00:00+05:30,479.8146207129608,479.8146207129608,446.1985802346542,452.4864501953125,23162880,0.0,0.0,490.37343139648436,516.050092163086,486.07057641880635,508.48210141780714,34.93146814085818,-15.5779533792969,-2.407741303352065,-13.170212075944836
2020-09-22 00:00:00+05:30,453.2120124140919,462.8856887688122,445.9567476290504,455.5820617675781,18950065,0.0,0.0,487.58257446289065,513.8001623535156,483.1669083567846,506.4075900589746,36.40284381725018,-16.075435776031895,-2.3241789600696467,-13.751256815962249
2020-09-23 00:00:00+05:30,451.7609511532791,451.7609511532791,410.06739588816095,419.6443481445313,86810146,0.0,0.0,483.6792465209961,511.3278918457031,477.1171407175224,503.0051099838984,28.379635865132922,-19.14883149524354,-4.318059743425033,-14.830771751818508
2020-09-24 00:00:00+05:30,411.3732873673479,419.3540751492401,402.57025173100783,405.6174621582031,36458719,0.0,0.0,479.2366088867187,508.59146911621093,470.30764752139675,499.18598653975357,25.973405824964498,-22.457496180199144,-6.101379542704507,-16.356116637494637
2020-09-25 00:00:00+05:30,411.1314722434884,430.430492887746,408.3744950737418,425.3034362792969,34232784,0.0,0.0,475.18333740234374,506.1716552734375,466.02153216500625,496.2886316275788,34.38217588824003,-23.22343785612901,-5.493856974907498,-17.729580881221512
2020-09-28 00:00:00+05:30,431.4462069426063,433.0423705678706,419.8861638461841,429.1728820800781,21445626,0.0,0.0,471.824153137207,503.6557257080078,462.5121369188226,493.65664144924546,35.922897293026885,-23.2502063092183,-4.416500342397427,-18.833705966820872
2020-09-29 00:00:00+05:30,429.511494691538,430.0435392289602,415.48464724309207,421.3855895996094,18187111,0.0,0.0,466.47218933105466,501.1382751464844,458.5953228884213,490.8224825531813,34.18333828186875,-23.627427644875866,-3.8349773424439952,-19.79245030243187
2020-09-30 00:00:00+05:30,423.7072430005173,426.0289299846081,404.50497820676793,407.213623046875,27686374,0.0,0.0,460.2036437988281,498.3103967285156,453.7018276654169,487.5437037490125,31.220325334486212,-24.784240238046493,-3.993431948491697,-20.790808289554796
2020-10-01 00:00:00+05:30,412.0988549066688,420.41820854114894,409.8255300431752,418.24163818359375,13593932,0.0,0.0,455.09352416992186,495.7406701660156,450.3246667623861,484.82597568762355,35.87808902857594,-24.528405703407145,-2.9900779310818777,-21.538327772325268
2020-10-05 00:00:00+05:30,418.2416178534077,423.2235573489368,409.1967111300661,410.5993957519531,15282146,0.0,0.0,450.31956176757814,493.1675042724609,446.54130761853537,481.9151294156365,34.15208162500201,-24.6580771229128,-2.4957994804700263,-22.162277642442774
2020-10-06 00:00:00+05:30,413.0661819491609,415.9682754953418,409.2934483087251,412.8243408203125,11078299,0.0,0.0,446.02928161621094,490.6378741455078,443.3301679234665,479.2056867256238,35.1305276704708,-24.301179316526316,-1.7111213392668319,-22.590057977259484
2020-10-07 00:00:00+05:30,413.8400913522329,417.6611874230448,407.3587126350554,408.6646728515625,10393534,0.0,0.0,442.3702117919922,487.92673156738283,440.02869220233276,476.4393724560528,34.11005516071291,-24.076447376647707,-1.1891115195105755,-22.88733585713713
2020-10-08 00:00:00+05:30,412.09883487507545,421.2888282362657,405.4239773299564,410.5993957519531,17018635,0.0,0.0,438.51041107177736,485.22343994140624,437.22590206420136,473.85741258530385,35.05500147994702,-23.471663005752703,-0.467461718892455,-23.004201286860248
2020-10-09 00:00:00+05:30,414.0335962011598,420.80517869836655,409.4869463414325,411.324951171875,20948615,0.0,0.0,435.0206298828125,482.79491333007815,434.7591448363608,471.40515919654194,35.42899325673219,-22.672466692997943,0.26538767508984407,-22.937854368087788
2020-10-12 00:00:00+05:30,414.03357143013926,416.5487072914208,398.41056138208495,401.5061340332031,14326607,0.0,0.0,431.315608215332,480.12856018066407,431.59219142653626,468.6640209548424,32.685844747408886,-22.571207510955844,0.29331748570555405,-22.864524996661398
2020-10-13 00:00:00+05:30,407.4071168679407,413.5499001197336,399.6197777059628,401.74798583984375,28303313,0.0,0.0,428.47154541015624,477.6116326904297,428.74988613256556,466.0398627150385,32.823813488578196,-22.215358634342408,0.5193330898551913,-22.7346917241976
2020-10-14 00:00:00+05:30,402.8121030825493,405.810951372428,397.8785256028149,399.764892578125,14374547,0.0,0.0,424.97450866699216,475.0232330322266,425.9894105559522,463.4408442782968,32.240298729584694,-21.84158865064461,0.7144824588423937,-22.556071109487004
2020-10-15 00:00:00+05:30,399.91001393582656,401.9414675783337,382.1104330003095,386.1733703613281,28378188,0.0,0.0,420.9816955566406,471.97118774414065,422.1974067278927,460.4107472619451,28.50067734605673,-22.38406592115973,0.13760415066181864,-22.52167007182155
2020-10-16 00:00:00+05:30,391.2520407891304,394.0090477943278,385.3510990054464,388.54339599609375,23786283,0.0,0.0,417.24039764404296,468.99846435546874,418.99226284867376,457.59241976132347,30.024877056915482,-22.36493278136942,0.1253898323617051,-22.490322613731124
2020-10-19 00:00:00+05:30,390.3814215056127,391.4455406099685,381.1430655256334,384.7223205566406,17237471,0.0,0.0,412.55591735839846,465.84290954589846,415.7284588208611,454.7347688121202,28.95322418442638,-22.399886535605503,0.07234886250049755,-22.472235398106
2020-10-20 00:00:00+05:30,384.7223028276612,399.7165135711304,383.9967794119452,391.7840881347656,26395238,0.0,0.0,409.5207992553711,462.8663171386719,413.44804256504244,452.26611466791024,33.66544066695828,-21.608670706787905,0.6908517530544778,-22.299522459842382
2020-10-21 00:00:00+05:30,392.4612672129832,406.4881140410303,390.3814212961344,405.3272705078125,23929199,0.0,0.0,407.0080596923828,460.3105310058594,412.6746357024491,450.42537568123976,41.657486825197964,-19.66215178314883,2.1098965413548427,-21.772048324503672
2020-10-22 00:00:00+05:30,405.3272673443961,418.2416327531505,404.3599027535985,416.59710693359375,27014551,0.0,0.0,406.85569763183594,458.04592163085937,413.04820439112956,449.09877690682225,47.34283631697737,-17.0140129482337,3.8064283010159805,-20.82044124924968
2020-10-23 00:00:00+05:30,420.7084137491093,423.32030420481306,413.3564246857949,420.2247314453125,18512271,0.0,0.0,407.58606109619143,456.0928051757812,413.73168315819464,447.96646139852777,49.06347907489,-14.455985262414004,5.091564789468542,-19.547550051882546
2020-10-26 00:00:00+05:30,420.1763422644684,425.10991949217646,414.0335593548716,419.8861389160156,11956996,0.0,0.0,407.31519622802733,454.26351135253907,414.31782180179664,446.8652722815665,48.90285627159619,-12.314102174579943,5.7867583018420845,-18.100860476422028
2020-10-27 00:00:00+05:30,419.88614558281,424.5778817486338,413.5498836483056,419.208984375,13021129,0.0,0.0,406.81700134277344,452.5599755859375,414.7836468087684,445.78071197150507,48.56046177504418,-10.54967502157632,6.040948363876566,-16.590623385452886
2020-10-28 00:00:00+05:30,431.446215082499,472.075679552833,427.5767265217028,437.1053161621094,125905730,0.0,0.0,407.6029876708984,451.11956481933595,416.9095200805152,445.44050037113664,57.10781466017488,-7.619437251771842,7.176948906944837,-14.796386158716679
2020-10-29 00:00:00+05:30,433.0907208596182,442.18398998338427,430.47883048836695,436.0895690917969,25537340,0.0,0.0,409.04678497314455,449.474072265625,418.736191414923,445.0737971837116,56.533635105946736,-5.31786398187279,7.582817741475111,-12.900681723347901
2020-10-30 00:00:00+05:30,440.0558116985328,440.0558116985328,416.4520121797106,419.595947265625,23483928,0.0,0.0,409.11450042724607,447.6979852294922,418.8180729245137,444.0746658143749,48.0801939992579,-4.769765138519745,6.504733267862527,-11.274498406382271
2020-11-02 00:00:00+05:30,420.8051730091869,444.98937870024366,420.8051730091869,442.4742126464844,28703578,0.0,0.0,410.70824127197267,446.4820037841797,421.07103861232036,444.01190294504585,57.55989810955994,-2.460939858917925,7.050846837971477,-9.511786696889402
2020-11-03 00:00:00+05:30,443.054584924807,445.6664752068543,432.8488649324371,439.7655334472656,16337850,0.0,0.0,412.0553009033203,445.0831884765625,422.851466691839,443.84537865101527,56.250395218043785,-0.8400632385531708,6.937378766668986,-7.777442005222157
2020-11-04 00:00:00+05:30,438.2177815847264,440.6845552639524,432.55868071073326,438.2661437988281,10191499,0.0,0.0,413.5353744506836,443.62052734375,424.3195311782189,443.6265851274001,55.49772754311085,0.3198182811000265,6.477808229057747,-6.15798994795772
2020-11-05 00:00:00+05:30,442.0872380468713,446.8273365287369,437.83082185597146,442.37744140625,9407770,0.0,0.0,415.12427673339846,442.51385803222655,426.03933215231706,443.5775990991197,57.18925691482195,1.552879471379356,6.168695535469661,-4.615816064090305
2020-11-06 00:00:00+05:30,442.0872707077853,445.3279603422764,434.10648224123537,435.2189636230469,12195207,0.0,0.0,416.31897735595703,441.3288330078125,426.91358276857704,443.24980947260707,53.384401301348575,1.9302097605862514,5.236820659741245,-3.306610899154994
2020-11-09 00:00:00+05:30,441.4100854113628,459.2580284624141,437.7824681585494,456.404296875,24953555,0.0,0.0,419.0638854980469,440.32954162597656,429.72222220728395,443.7656717236813,61.539635307100696,3.8938403062962834,5.760360964361022,-1.8665206580647387
2020-11-10 00:00:00+05:30,458.53250041216353,458.67761713122206,449.8261890167429,451.1805114746094,9800899,0.0,0.0,421.53551177978517,439.4260205078125,431.76586880417204,444.05644975312947,58.80767803005496,4.971210812376455,5.470185176352955,-0.49897436397649986
2020-11-11 00:00:00+05:30,452.67994628874817,465.6426746514855,448.9072121389664,462.982421875,16032885,0.0,0.0,424.6963882446289,438.1171716308594,434.73887385853664,444.7986447383009,62.82320545071042,6.70011547657441,5.759271872440728,0.9408436041336823
2020-11-12 00:00:00+05:30,461.2895259838868,467.4323094282121,459.5482756655918,464.1916198730469,14785276,0.0,0.0,428.59730072021483,436.7493133544922,437.54389728849003,445.5591535671145,63.21882857557357,8.074776059746682,5.7071459644904,2.367630095256282
2020-11-13 00:00:00+05:30,461.4346386846408,462.4020033059247,454.6630562596495,460.2254028320313,8428163,0.0,0.0,432.18140106201173,435.5449407958984,439.7040406735892,446.13430059711123,60.928519505489746,8.743375714974377,5.100596495774475,3.6427792191999013
2020-11-14 00:00:00+05:30,471.1082854032503,471.1082854032503,463.36933884272855,465.7877502441406,4014491,0.0,0.0,436.2346725463867,434.7391229248047,442.1882034898322,446.9050241126811,62.955447492760634,9.611287765876853,4.774806837341561,4.836480928535291
2020-11-17 00:00:00+05:30,474.8810030103557,478.79885340771455,465.5458932131437,468.73822021484375,19050384,0.0,0.0,440.08237915039064,434.14128845214844,444.71677651126186,447.7612278813934,64.02164467371229,10.417110620903543,4.464503753894601,5.952606867008942
2020-11-18 00:00:00+05:30,468.1578382467493,469.1735951803592,455.7271544912833,462.7889404296875,10504589,0.0,0.0,442.95546264648436,433.76014587402346,446.43793497968335,448.35054994211083,60.25573871913112,10.455153380631032,3.602037210897671,6.853116169733361
2020-11-19 00:00:00+05:30,460.46721748800246,465.7393904617976,451.7609063214816,453.2603454589844,11541941,0.0,0.0,444.7886245727539,433.06944458007814,447.0876883586644,448.54309094277255,54.705370869279285,9.60569607642259,2.202063925351382,7.403632151071207
2020-11-20 00:00:00+05:30,455.1467360849957,470.0925554934254,450.1647962821858,467.9159851074219,12090462,0.0,0.0,447.1731872558594,432.80535278320315,449.0713356680699,449.30281228256274,60.70136755185392,9.999811082671215,2.076943145280006,7.922867937391209
2020-11-23 00:00:00+05:30,470.86647719847184,470.86647719847184,459.59663717320376,461.6764831542969,10193531,0.0,0.0,449.26270446777346,432.5267510986328,450.2718259048534,449.78805427753275,57.22798241761181,9.696894637372566,1.4192213599850856,8.27767327738748
2020-11-24 00:00:00+05:30,462.788897426308,465.54590444191024,455.8238666447901,458.7743225097656,9346208,0.0,0.0,451.24097137451173,432.52965270996094,451.08158748627363,450.1404569533066,55.63340248485698,9.117549625824097,0.6719010787492934,8.445648547074804
2020-11-25 00:00:00+05:30,460.9509599865916,462.3052524213999,443.6834231637333,448.95556640625,14497115,0.0,0.0,451.83348388671874,432.1146514892578,450.87910928817615,450.0939906573437,50.50596643664193,7.776480544406581,-0.5353344021345787,8.31181494654116
2020-11-26 00:00:00+05:30,453.4054377330899,454.3244400970442,445.08608431982367,453.115234375,11535113,0.0,0.0,452.6847671508789,431.85636352539063,451.09207358215934,450.2124708031341,52.50314264081077,6.968989899271435,-1.0742600378157814,8.043249937087216
2020-11-27 00:00:00+05:30,453.018516024644,457.2265700394088,446.92409504298496,448.13330078125,18491882,0.0,0.0,454.1116348266602,431.5516424560547,450.81028569635845,450.1309347238446,49.90574734418699,5.859502641054235,-1.7469978368263863,7.606500477880621
2020-12-01 00:00:00+05:30,452.4864552765071,466.755143576394,445.4730617800929,463.8046875,18534936,0.0,0.0,455.17815856933595,431.2594976806641,452.04784777289575,450.6671603229095,57.096007938903064,6.173610394760885,-1.1463120664957884,7.319922461256674
2020-12-02 00:00:00+05:30,465.30407883935686,471.9789064936654,458.5808588950866,469.0768127441406,20948620,0.0,0.0,456.6437225341797,431.59130493164065,453.66965396063335,451.3891074766833,59.21681352369541,6.769920074322727,-0.4400019095471581,7.209921983869885
2020-12-03 00:00:00+05:30,471.20502125452816,473.1881427125746,458.5324970822448,464.239990234375,20094168,0.0,0.0,457.94241485595705,431.76446350097655,454.67635265337066,451.89306366325945,56.45942041460103,6.774120790302106,-0.34864095485422286,7.122761745156329
2020-12-04 00:00:00+05:30,470.9632034563821,481.55588226774734,467.62578946085705,477.6380615234375,31622330,0.0,0.0,459.70544586181643,432.92433776855466,456.8631820695675,452.9026714224822,61.76981581402429,7.769006003484151,0.5169954066622573,7.2520105968218935
2020-12-07 00:00:00+05:30,481.7493621828543,493.8414802590251,478.4603103970807,492.342041015625,22541162,0.0,0.0,462.5615997314453,434.6588293457031,460.24212101681104,454.44931336731133,66.58634236670747,9.632905819416862,1.904716178075975,7.7281896413408875
2020-12-08 00:00:00+05:30,497.22726035430657,499.40383079762455,483.3455296275365,487.1666259765625,19661141,0.0,0.0,464.09971618652344,435.8960931396484,462.80635958440644,455.7323452343408,63.55141853534908,10.570595862180596,2.2739249766717666,8.29667088550883
2020-12-09 00:00:00+05:30,488.4242251558366,490.358954443082,482.81348616202047,486.6345825195313,11826802,0.0,0.0,465.8724197387695,437.0453271484375,465.0757141496564,456.9441976768973,63.2323466471214,11.14234845908777,2.2765420588631518,8.865806400224619
2020-12-10 00:00:00+05:30,485.1351535297879,492.14857742050856,477.9766429850561,488.66607666015625,13441906,0.0,0.0,467.15660247802737,438.39093688964846,467.32241534113257,458.1881929311428,63.97606348289828,11.625380955528328,2.207659644242966,9.417721311285362
2020-12-11 00:00:00+05:30,491.9067036279987,491.9067036279987,481.07218401750407,487.94049072265625,14019094,0.0,0.0,468.3440460205078,440.0054742431641,469.2860415679443,459.3549497072806,63.48214953502056,11.813460745981445,1.916591547756866,9.896869198224579
2020-12-14 00:00:00+05:30,490.455678877042,495.2925321711611,484.7965776662459,486.6345825195313,14147649,0.0,0.0,469.6645050048828,441.37333312988284,470.9382835633335,460.42473922932965,62.54621964235443,11.722015360520459,1.460116929836703,10.261898430683756
2020-12-15 00:00:00+05:30,489.3431733324455,490.2621757136885,481.8460977147324,487.7470397949219,13320211,0.0,0.0,470.76246948242186,442.91628601074217,472.53911749015145,461.4962019966078,63.0460333143317,11.605528925383908,1.0749043957601216,10.530624529623786
2020-12-16 00:00:00+05:30,487.7470629723642,501.87063486428985,485.7155791789756,499.35546875,17707777,0.0,0.0,472.2933319091797,444.64690856933595,475.09305570537515,462.9808791241918,67.8651123478231,12.308036405093617,1.4219295003758639,10.886106904717753
2020-12-17 00:00:00+05:30,500.129325987588,505.4498612907339,495.2925030538225,498.2913513183594,20023766,0.0,0.0,474.0684524536133,446.4394421386719,477.302417192326,464.3656035239631,67.00254095257634,12.63328461937806,1.397742171728245,11.235542447649815
2020-12-18 00:00:00+05:30,497.1305067242007,498.09787130886224,488.56928202834,493.9865417480469,11000487,0.0,0.0,476.1047622680664,448.10718505859376,478.89138143572796,465.52720894451545,63.48707521252293,12.400736050950627,0.9321548826406492,11.468581168309978
2020-12-21 00:00:00+05:30,490.93937464356,494.5186299381854,464.4818727183082,474.8810729980469,15539470,0.0,0.0,476.45301666259763,449.3783074951172,478.5094472988059,465.8940271426932,50.758288644627214,10.553137972542231,-0.7323545566141991,11.28549252915643
2020-12-22 00:00:00+05:30,477.8798832053328,488.52092379941786,469.7056163070566,483.9743041992188,21632475,0.0,0.0,477.5679077148437,451.0276708984375,479.02990986074997,466.60305761549813,55.347065209260094,9.710711904679897,-1.259824499581228,10.970536404261125
2020-12-23 00:00:00+05:30,483.9742814810251,492.8740413299491,482.1362768110507,490.6491088867188,13326963,0.0,0.0,479.1616470336914,452.805693359375,480.1365002441756,467.5460400182911,58.410788067695236,9.472491149606242,-1.198436203723908,10.67092735333015
2020-12-24 00:00:00+05:30,503.0314767207314,505.93357063616446,493.7930902864598,500.4195861816406,21241048,0.0,0.0,481.73484802246094,454.8187872314453,482.06822271441035,468.8351986913636,62.469984883517505,9.957313633977037,-0.5708909754824916,10.528204609459529
2020-12-28 00:00:00+05:30,503.1281767454918,509.8030044575684,499.74240067507696,504.5792236328125,13124256,0.0,0.0,484.30804748535155,457.186904296875,484.212127563782,470.2369251596557,64.07748331045988,10.555509580697446,0.02184397699033447,10.533665603707112
2020-12-29 00:00:00+05:30,505.93353749365616,507.8199044303173,498.2913453199022,503.2732849121094,11457626,0.0,0.0,487.0650466918945,459.4815020751953,486.02747588267033,471.53246867935974,63.16277002357161,10.79971346344854,0.21283828779314362,10.586875175655397
2020-12-30 00:00:00+05:30,506.3205220033463,506.3205220033463,496.5500911589022,499.3070983886719,10691466,0.0,0.0,488.8401672363281,461.77319763183596,487.29220183562285,472.6216698444308,60.34530801329608,10.55157668637304,-0.02823879142588659,10.579815477798926
2020-12-31 00:00:00+05:30,500.2260753755514,501.5320055239095,489.77848380866897,493.0675354003906,15816475,0.0,0.0,490.0397033691406,463.79886657714843,487.84223360369595,473.42346849368414,56.10530150085518,9.739178725936767,-0.6725094014897266,10.411688127426494
2021-01-01 00:00:00+05:30,495.53435230183794,499.5489274328978,491.6165016006332,498.3397216796875,10377082,0.0,0.0,491.74468994140625,465.65911560058595,488.84199437283803,474.40057646176274,58.74309570454328,9.412270070086606,-0.7995344458719114,10.211804515958518
2021-01-04 00:00:00+05:30,500.1293197156857,503.5151258028655,494.90553898232656,500.22607421875,13489114,0.0,0.0,492.87409057617185,467.3316949462891,489.9261924534011,475.41334107968385,59.67678165643893,9.199360983062775,-0.809954826316595,10.00931580937937
2021-01-05 00:00:00+05:30,497.2272338867188,500.03260322806665,494.4218645453709,497.2272338867188,10689423,0.0,0.0,493.11835021972655,468.8717449951172,490.62152973276466,476.2687878564303,57.45083033670194,8.68849211650803,-1.056658954297074,9.745151070805104
2021-01-06 00:00:00+05:30,498.1945988791167,514.3980159264025,496.3565941262656,508.1585083007813,30837593,0.0,0.0,494.1679443359375,470.6371923828125,492.2917181678139,477.51936512875784,62.88531300330636,9.061235070425937,-0.5471328003033342,9.608367870729271
2021-01-07 00:00:00+05:30,514.6398485537615,536.3572481548613,509.8996902321106,527.4574584960938,39444841,0.0,0.0,496.20908813476564,472.8021618652344,495.6408362943167,479.4777217313985,70.13712191522458,10.789525604655182,0.9449261871407284,9.844599417514454
2021-01-08 00:00:00+05:30,531.3753098911143,531.8106299649983,519.7668748408859,522.6206665039062,14538362,0.0,0.0,497.9068176269531,474.5124688720703,498.21034393332525,481.1696019185557,66.62364313076291,11.634800871644302,1.4321611633038778,10.202639708340424
2021-01-11 00:00:00+05:30,523.8298798785477,536.2605937584011,523.8298798785477,529.2955322265625,19892197,0.0,0.0,499.9745697021484,476.3765881347656,501.1708380564907,483.0568933031834,68.93630586466968,12.69693117127332,1.9954331703463168,10.701498000927003
2021-01-12 00:00:00+05:30,531.085186006878,550.4325394554467,527.2156671955543,547.28857421875,25857074,0.0,0.0,503.00726928710935,478.9304406738281,505.56300340527736,485.57578275085274,74.13837306210732,14.819732548749414,3.294587638257928,11.525144910491486
2021-01-13 00:00:00+05:30,568.8124494866066,582.0653796510753,548.4977341858004,559.380615234375,85239439,0.0,0.0,506.58894805908204,481.26856872558596,510.68849024614383,488.47008990706934,76.9339749056044,17.27861744062534,4.6027780241070815,12.675839416518258
2021-01-14 00:00:00+05:30,563.6854065646651,565.7168600965449,551.4482028569025,561.6055908203125,16974338,0.0,0.0,509.70145416259766,483.7053698730469,515.5377379198742,491.3381487664122,77.41769929323536,19.185677816436282,5.207870719934418,13.977807096501865
2021-01-15 00:00:00+05:30,589.6592639477419,590.7234131520166,574.4232410971872,582.9844360351562,57451072,0.0,0.0,513.9361083984375,486.59973571777346,521.9612329784725,494.9321208161669,81.44435848441911,22.166608181387573,6.551040867908565,15.615567313479009
2021-01-18 00:00:00+05:30,582.9844129633561,583.3230086127712,564.9430213966352,567.7967529296875,21359539,0.0,0.0,517.6266189575196,489.1081219482422,526.326520592874,497.7895573696383,71.66766678537887,23.037930946865913,5.937890906709523,17.10004004015639
2021-01-19 00:00:00+05:30,571.8113552973898,577.9541390573341,567.3614898024437,572.9722290039062,11034273,0.0,0.0,522.5311767578125,491.8631872558594,530.7689690129723,500.7378974337273,72.86312449546092,23.870909199849507,5.416695327754493,18.454213872095014
2021-01-20 00:00:00+05:30,572.9721615800015,582.8393162402236,569.7798344527519,576.696533203125,13333007,0.0,0.0,527.1672882080078,494.2690319824219,535.1430227453678,503.7166674638998,73.72237062452875,24.54858982762505,4.875500764424029,19.673089063201022
2021-01-21 00:00:00+05:30,580.6627811277023,584.3387909507378,555.6563261001769,562.3795166015625,17380638,0.0,0.0,530.75380859375,496.4930120849609,537.7369745411959,506.0171713516513,65.17850860339132,23.65768198854812,3.1876743402776775,20.470007648270443
2021-01-22 00:00:00+05:30,564.846220242399,566.4424138627988,554.0600633595976,558.0263061523438,12662954,0.0,0.0,533.6341445922851,498.3938897705078,539.6692918374956,508.056745265404,62.79550177409232,22.342809406558217,1.4982414066302177,20.844567999928
2021-01-25 00:00:00+05:30,560.1060932715985,568.6673473339964,550.9644926889057,561.7990112304688,12503932,0.0,0.0,536.495133972168,500.3460375976563,541.776884160636,510.1642851071713,64.0231443692158,21.358976200045504,0.41152656009400346,20.9474496399515
2021-01-27 00:00:00+05:30,561.0734961966878,562.7664142714839,543.9994694167445,552.1737060546875,15567653,0.0,0.0,538.9401550292969,502.18500366210935,542.7670576743552,511.8117133796229,58.70120583618766,19.576928959267548,-1.0964165445471643,20.673345503814712
2021-01-28 00:00:00+05:30,548.0140915384466,557.058968601809,544.3864442093301,552.2705078125,15201598,0.0,0.0,541.5883255004883,503.91465881347654,543.6721481637023,513.3983327691475,58.73835361289366,17.965361273135727,-2.1663873845431887,20.131748657678916
2021-01-29 00:00:00+05:30,559.6224219598013,559.6224219598013,532.6328795743065,535.5349731445312,25521965,0.0,0.0,543.7116973876953,505.25059387207034,542.8971791142575,514.2664363132802,50.3125253502075,15.162975149255658,-3.9750188067386105,19.13799395599427
2021-02-01 00:00:00+05:30,540.7587832639628,562.137648677602,531.2785863537364,560.2512817382812,14212955,0.0,0.0,546.807275390625,507.1998406982422,544.5499507927359,516.0697635848489,59.54281267923485,14.76624738846067,-3.497397254026879,18.26364464248755
2021-02-02 00:00:00+05:30,565.8136291894796,585.8865354865796,560.3480370765127,579.7921142578125,21711996,0.0,0.0,550.7855773925781,509.73047607421876,547.9063473132194,518.5686792975142,65.06787782696632,15.845957322290928,-1.9341498561572976,17.780107178448226
2021-02-03 00:00:00+05:30,589.5141612108304,602.1866855165139,579.888817331288,588.9821166992188,30641248,0.0,0.0,555.3733215332031,512.1517987060547,551.8183253499813,521.3299905681694,67.32772144915083,17.244408806261163,-0.4285586977496507,17.672967504010813
2021-02-04 00:00:00+05:30,594.8346183775722,602.6703190785989,576.2128213689883,581.0012817382812,51976676,0.0,0.0,559.0154602050782,514.5382946777344,554.5976545298194,523.6700412022914,63.486643083329845,17.506896395892227,-0.1328568864948707,17.639753282387097
2021-02-05 00:00:00+05:30,584.0968456919294,586.1283593720844,557.4458981560415,562.1376342773438,35465208,0.0,0.0,560.7494689941407,516.6055609130859,555.3157478391074,525.1785742640582,55.4362818282022,16.008247884948446,-1.305204317950924,17.31345220289937
2021-02-08 00:00:00+05:30,569.7798705324705,583.951804422167,565.6201785762298,577.8090209960938,21646080,0.0,0.0,563.50888671875,519.1826300048829,557.457964330249,527.242513351589,59.97685480092147,15.901802004822116,-1.1293201584618053,17.03112216328392
2021-02-09 00:00:00+05:30,579.356728121253,587.9179823170558,575.5839944645277,579.4050903320312,20927436,0.0,0.0,566.0143646240234,521.7084271240234,559.5481668066092,529.2881046057239,60.419181365725755,15.764508889016383,-1.0132906194140325,16.777799508430416
2021-02-10 00:00:00+05:30,585.2093294867839,587.9179741648236,561.3153299415094,570.9406127929688,31642664,0.0,0.0,567.1969665527344,524.1645733642578,560.633161662453,530.9215362993414,56.83196504263325,14.802061557118009,-1.5805903610499286,16.382651918167937
2021-02-11 00:00:00+05:30,572.6819139171351,583.8550285088297,569.7798202924885,578.5828857421875,19253595,0.0,0.0,568.157080078125,526.4601373291016,562.3426591938562,532.7906088265119,59.187979226862744,14.488962924860402,-1.5149511946460308,16.003914119506433
2021-02-12 00:00:00+05:30,578.3410452711157,578.3410452711157,565.5234343383008,567.1195678710938,15905053,0.0,0.0,568.4327789306641,528.4209924316406,562.7976028774026,534.1368425145347,54.39254970805658,13.164088634373456,-2.271860388106383,15.43594902247984
2021-02-15 00:00:00+05:30,572.7787065136307,583.3230534539194,570.7472527649932,574.3265380859375,17972742,0.0,0.0,567.9998840332031,530.6227233886718,563.8955967067869,535.7129090075309,56.76427207911267,12.550978610425318,-2.3079763296436173,14.858954940068935
2021-02-16 00:00:00+05:30,575.5840251242973,581.9686794151578,573.6492959820988,574.5682983398438,15064854,0.0,0.0,568.3384613037109,532.561328125,564.9120444813638,537.2366497656608,56.84534439347715,11.94687637704044,-2.329662850422798,14.276539227463237
2021-02-17 00:00:00+05:30,577.4704370258947,579.2600796674058,570.7956089350803,574.4716186523438,16436661,0.0,0.0,568.4134307861328,534.2039196777343,565.8224801166951,538.6968446239621,56.79947646288073,11.329717827356717,-2.3574571200852183,13.687174947441935
2021-02-18 00:00:00+05:30,577.5188020622263,578.4861667133852,566.1038751177475,569.8282470703125,22193564,0.0,0.0,568.0700164794922,535.8571520996094,566.2039817313254,539.9176839355837,54.52393717581329,10.346664047387208,-2.6724087200437836,13.019072767430991
2021-02-19 00:00:00+05:30,570.7472631404169,576.5514511860436,556.7204152114725,562.3795166015625,19465126,0.0,0.0,568.0700164794922,537.37205078125,565.8397469570622,540.7985401185632,50.99456543249586,8.86435379437819,-3.3237751784422436,12.188128972820433
2021-02-22 00:00:00+05:30,563.0083260120349,565.8136353474807,549.4651608949326,551.6900634765625,20227667,0.0,0.0,567.7532043457031,538.6325305175782,564.4921580541575,541.225658681622,46.357064271164944,6.749261423281268,-4.351094039631333,11.100355462912601
2021-02-23 00:00:00+05:30,556.2366943269855,558.1714235414504,545.5956234954191,547.0950927734375,23764401,0.0,0.0,567.0180084228516,539.8156225585938,562.8352946940889,541.4558325675756,44.48431769035626,4.648672741138057,-5.1613461774196345,9.810018918557692
2021-02-24 00:00:00+05:30,549.5618646989714,555.3660523232742,546.7564953168232,554.2536010742188,8888950,0.0,0.0,567.1220031738281,541.1680029296875,562.0179905398155,541.957705842346,48.00820771564468,3.5209851453200827,-5.031227018590087,8.55221216391017
2021-02-25 00:00:00+05:30,560.9767750946316,565.3783380543846,558.2197680060849,560.2512817382812,16230241,0.0,0.0,567.5210418701172,542.6180877685547,561.849732558717,542.6751009755199,50.82464237879992,3.0757914962105133,-4.381136534159726,7.456928030370239
2021-02-26 00:00:00+05:30,555.7529826328484,566.8293729671049,533.7453487541508,538.1469116210938,198547005,0.0,0.0,567.6516387939453,543.3939166259765,559.5923210408482,542.4975249224051,41.83088047391579,0.9286297219335893,-5.222638646749321,6.15126836868291
2021-03-01 00:00:00+05:30,539.7914025268511,540.8554914987112,503.9987939649641,514.8333129882812,55091122,0.0,0.0,565.3807403564454,543.724755859375,555.3295583691752,541.4126538661649,34.83021849694102,-2.6239764562219534,-7.020195859923891,4.396219403701938
2021-03-02 00:00:00+05:30,522.8624815528058,526.2482575905672,511.5926420635665,523.5396728515625,30622757,0.0,0.0,562.5681182861329,544.3158184814453,552.3019502246407,540.711752649906,38.93993041235592,-4.682930065897381,-7.263319575679455,2.580389509782074
2021-03-03 00:00:00+05:30,530.8433160513365,532.7780453856815,522.3788451375705,528.4732666015625,24669015,0.0,0.0,559.54267578125,545.3876623535157,550.0325517843476,540.2318120205591,41.20266798922795,-5.849140599792236,-6.743624087659448,0.8944834878672123
2021-03-04 00:00:00+05:30,522.3787791374438,528.1829664071469,520.4440500475426,521.9918212890625,17678275,0.0,0.0,556.5922027587891,546.1480126953124,547.3620060228918,539.5165182663828,39.15007585079313,-7.213219811108274,-6.48616263918039,-0.727057171927885
2021-03-05 00:00:00+05:30,517.5419342881761,520.9277100507637,507.2878224284519,515.4136962890625,16658703,0.0,0.0,554.256005859375,546.6433044433594,544.3193098577652,538.5713095613899,37.12845748943841,-8.724491616998648,-6.397947556056611,-2.326544060942038
2021-03-08 00:00:00+05:30,513.6725584591532,517.9773372041034,507.6264992683312,508.5455017089844,15293359,0.0,0.0,550.7928298950195,546.8058227539062,540.9122805102622,537.3938269005113,35.091004850457644,-10.357002239203894,-6.4243665426094845,-3.932635696594409
2021-03-09 00:00:00+05:30,512.8019076449752,514.6399124883202,497.5174621455834,504.7243347167969,20181762,0.0,0.0,547.0587921142578,546.808724975586,537.4658094823131,536.1126703442873,33.97397422823137,-11.822828700545301,-6.312154403160713,-5.510674297384588
2021-03-10 00:00:00+05:30,503.2249298009113,513.1887790499488,499.5005580885791,508.6905517578125,19013738,0.0,0.0,543.9462890625,546.9170703125,534.7253087466464,535.0372931448177,36.24261086178278,-12.520141762990647,-5.607573972484847,-6.9125677905058005
2021-03-12 00:00:00+05:30,513.2372037153227,515.3653817593274,504.5308622254646,507.0943603515625,11624491,0.0,0.0,540.3718627929687,547.0728155517578,532.0937898518765,533.9414918588077,35.71081769360842,-13.051121490897913,-4.910842960313689,-8.140278530584224
2021-03-15 00:00:00+05:30,510.5769128226869,510.5769128226869,499.5489145318064,505.7884521484375,10875944,0.0,0.0,537.305307006836,547.3272338867188,529.5885195944061,532.837451085852,35.25503607523352,-13.422575533343661,-4.22583760220755,-9.196737931136111
2021-03-16 00:00:00+05:30,506.90089783550513,516.3327324400432,506.90089783550513,512.0279541015625,13252045,0.0,0.0,534.1903778076172,547.6009985351562,527.9160847855638,532.0213923805857,39.24493125731279,-13.062898908989496,-3.0929287822827067,-9.969970126706789
2021-03-17 00:00:00+05:30,511.5442856398536,513.6725238360261,502.06408856601206,505.8368225097656,8482758,0.0,0.0,530.7538040161132,547.7132135009765,525.8132979021545,530.9945465032986,36.82028999660561,-13.126115482314162,-2.5249162844858972,-10.601199197828265
2021-03-18 00:00:00+05:30,512.5600191559358,514.8333440252346,498.5332022954228,509.99652099609375,12465338,0.0,0.0,527.5300491333007,547.968599243164,524.3069381968154,530.1710945226239,39.523781724541536,-12.69423097552749,-1.6744254221593788,-11.01980555336811
2021-03-19 00:00:00+05:30,510.77037130420393,517.3001124019801,508.3519598146587,512.65673828125,49597558,0.0,0.0,524.6714736938477,548.0585638427734,523.197395347714,529.4842570229622,41.25502493407132,-11.998985256858418,-0.7833437627922457,-11.215641494066173
2021-03-22 00:00:00+05:30,515.6556312259678,516.5746336331733,505.9335626263742,510.7703857421875,13581706,0.0,0.0,522.0910171508789,547.7248223876953,522.0138706233781,528.7503797178338,40.37245515705287,-11.468014765212615,-0.20189861691715372,-11.266116148295461
2021-03-23 00:00:00+05:30,512.4149343471962,515.0751569467537,505.1112774102088,511.9796142578125,15239339,0.0,0.0,520.1054946899415,547.5120013427735,521.0582271599909,528.0927026409702,41.24026038542593,-10.824859942702687,0.3530049644742199,-11.177864907176907
2021-03-24 00:00:00+05:30,510.77037092885,516.0425741393931,504.4825010606532,506.5623168945313,10801499,0.0,0.0,518.0788558959961,547.0573370361328,519.6776642775662,527.2483737881687,38.53453081019696,-10.62975256438608,0.43848987423266195,-11.068242438618743
2021-03-25 00:00:00+05:30,506.3205111154505,506.5623221907514,483.248757007309,491.1811828613281,17572322,0.0,0.0,514.9252349853516,545.9351892089844,516.9637136664959,525.8339741439789,32.0957840531091,-11.582738928018728,-0.41159719151998786,-11.17114173649874
2021-03-26 00:00:00+05:30,495.3892557539215,507.7715773078262,493.9382087909807,505.4498901367188,11148490,0.0,0.0,512.1851654052734,544.8565747070312,515.8671590446123,525.0345983005569,41.80947916956813,-11.059139186069842,0.08960204034311836,-11.14874122641296
2021-03-30 00:00:00+05:30,510.57690370086704,510.6736281264961,499.4037888925629,504.48248291015625,10691124,0.0,0.0,510.50194396972654,543.7141125488281,514.782904174664,524.2286329911295,41.37730450185519,-10.60005347827365,0.43895019851144923,-11.0390036767851
2021-03-31 00:00:00+05:30,505.3048016667572,508.7389401181519,499.4038292504347,500.4195861816406,7712521,0.0,0.0,509.78125762939453,542.0628155517578,513.4149691277095,523.2949448809535,39.52925208042157,-10.443678335371658,0.4762602731307535,-10.919938608502411
2021-04-01 00:00:00+05:30,502.9830504364009,506.8041765913625,497.7592697112424,503.8053283691406,7111516,0.0,0.0,508.79454040527344,540.7829870605469,512.499765245941,522.5306461942158,41.859662555295735,-9.932058224575371,0.790304307141632,-10.722362531717003
2021-04-05 00:00:00+05:30,503.8053352890171,511.73773091261694,497.8076387621937,511.0122375488281,9376649,0.0,0.0,507.9214889526367,539.5437872314453,512.358095941454,522.0789438943967,46.57897916154871,-8.843120274721912,1.5033938055960743,-10.346514080317986
2021-04-06 00:00:00+05:30,511.25402807129046,520.2989647881174,507.4329320934247,514.8333129882812,13115141,0.0,0.0,507.56356353759764,538.3065228271485,512.5938308982948,521.7948015059216,48.94522143590216,-7.584372327105768,2.2097134025697738,-9.794085729675542
2021-04-07 00:00:00+05:30,519.4767701408007,529.0536927265773,517.783851835308,523.9266357421875,21391503,0.0,0.0,507.9892105102539,537.5374652099609,513.6731456453322,521.8784028485202,54.15006227571459,-5.786348931059365,3.2061894388929417,-8.992538369952307
2021-04-08 00:00:00+05:30,528.956954660065,530.6498729219458,522.8625331301129,525.2809448242188,11367448,0.0,0.0,508.82598266601565,536.8825579833984,514.7786503290357,522.011835867175,54.88770463804117,-4.203663791646704,3.8310996626444833,-8.034763454291188
2021-04-09 00:00:00+05:30,521.8950824403637,531.8105988280552,518.9929888857228,527.4574584960938,11641539,0.0,0.0,509.96263885498047,536.1957269287109,515.9861558687555,522.2253896957601,56.10979413002463,-2.742138289317495,4.234100131978955,-6.97623842129645
2021-04-12 00:00:00+05:30,520.0087737552108,521.266371830298,501.5804234860215,505.4015197753906,9869735,0.0,0.0,509.7981872558594,535.260283203125,514.978095288435,521.5656300910398,43.3067667103928,-3.325267115191764,2.9207770448837493,-6.246044160075513
2021-04-13 00:00:00+05:30,509.2225843496125,522.378790570487,506.03025722060494,518.6544189453125,6657701,0.0,0.0,510.3761901855469,534.5879614257813,515.3282213509948,521.4514649480701,50.600744473541496,-2.6870283171770097,2.8472126743188033,-5.534240991495813
2021-04-15 00:00:00+05:30,522.378830005,528.3281646421761,512.9469946972883,521.7500610351562,9989813,0.0,0.0,511.1742706298828,534.3122631835937,515.9398251304387,521.463174598544,52.149366503883975,-1.9094164617970364,2.8998596237590215,-4.809276085556058
2021-04-16 00:00:00+05:30,522.4271787959794,526.3934218361727,520.4440873518876,523.1043701171875,6273393,0.0,0.0,511.72809143066405,533.5693249511719,516.6221627482244,521.5275352071183,52.84582764032867,-1.1703806202768874,2.9111163722233364,-4.081496992500224
2021-04-19 00:00:00+05:30,514.8817043299613,517.5419870621228,506.1754229098106,509.2709655761719,7368743,0.0,0.0,511.89979858398436,532.158901977539,515.9220487318383,521.0468854176694,45.55262075243451,-1.6815457150042903,1.9199610219967473,-3.6015067370010376
2021-04-20 00:00:00+05:30,511.7377469741605,519.4767240601868,508.7389286926309,512.8986206054688,7369109,0.0,0.0,512.0449035644531,530.6372320556641,515.6341031959936,520.7273456211126,47.59511656985542,-1.7734826875674798,1.4624192395468465,-3.2359019271143263
2021-04-22 00:00:00+05:30,512.7050658535117,515.9941172874609,508.8839699430122,513.52734375,6675147,0.0,0.0,512.0884338378906,529.2877532958985,515.4334594392324,520.4449926065591,47.95948765753073,-1.7751478974186057,1.1686032237565764,-2.943751121175182
2021-04-23 00:00:00+05:30,511.7377459064954,515.0751598425281,502.1608241902284,505.5466003417969,7123670,0.0,0.0,511.8272445678711,528.1559326171875,514.4918538109052,519.8607419295097,43.796718702546514,-2.39286344314246,0.4407101424261777,-2.8335735855686375
2021-04-26 00:00:00+05:30,505.6917385099632,511.2540548737482,505.6917385099632,510.3350524902344,5929161,0.0,0.0,511.74501647949216,526.8064532470703,514.0959679708413,519.4871854809106,46.78146338854226,-2.4675747284566114,0.2927990856896212,-2.7603738141462326
2021-04-27 00:00:00+05:30,510.2382811594202,520.9760753342913,509.0774678090571,516.86474609375,9875033,0.0,0.0,512.2601379394531,525.5556463623047,514.359661125404,519.3843447206298,50.63160627847228,-1.9771014624997179,0.6266178813172116,-2.6037193438169295
2021-04-28 00:00:00+05:30,518.461000536561,530.1177983796249,518.122404872934,526.5385131835938,12195400,0.0,0.0,514.0280044555664,524.6676043701171,515.5195517976126,519.6649003466284,55.740300274576995,-0.7985999453949262,1.444095518737603,-2.242695464132529
2021-04-29 00:00:00+05:30,531.7622439546067,532.0524773748767,521.5081317984531,523.2010498046875,8846896,0.0,0.0,514.9155624389648,523.5599676513672,516.2511230363816,519.8035728743955,53.67657787466095,-0.13240808677380755,1.6882299018869773,-1.8206379886607849
2021-04-30 00:00:00+05:30,516.0909582895293,529.1503808785453,516.0909582895293,519.23486328125,8331737,0.0,0.0,515.6531814575195,522.6022735595703,516.5352887739881,519.7812705374095,51.24827670388487,0.07465507793176585,1.5162344532740406,-1.4415793753422748
2021-05-03 00:00:00+05:30,512.7051015023354,544.1445712321588,511.78609911930334,540.6137084960938,14556346,0.0,0.0,517.6628875732422,521.9280169677735,518.8284716046649,520.5982288887304,61.38817964883454,1.9414682289230996,2.7064380834122996,-0.7649698544891999
2021-05-04 00:00:00+05:30,547.4820305755869,547.4820305755869,528.8602304470651,534.422607421875,14196229,0.0,0.0,519.193751525879,521.125103149414,520.3136273967801,521.1403613802263,57.648776774893136,2.888069122167508,2.9224311813253663,-0.03436205915785828
2021-05-05 00:00:00+05:30,538.7273394138292,546.514618379874,535.9219700609914,541.6777954101562,12095639,0.0,0.0,520.7270294189453,520.4692266845703,522.3483100647207,521.9457509500274,60.672094425629396,4.1755569649749305,3.367935219306231,0.8076217456686995
2021-05-06 00:00:00+05:30,541.6777811949033,545.9825595401826,534.5676335704075,540.5169677734375,9169742,0.0,0.0,522.0112121582031,519.8830010986328,524.0786584179319,522.6740339627102,59.93486760945052,5.044086181738635,3.3891715488559484,1.6549146328826867
2021-05-07 00:00:00+05:30,542.8870062324607,554.2052075516815,538.7273146092248,549.9487915039062,12894499,0.0,0.0,523.3123199462891,519.6343865966796,526.5424806165961,523.743632297659,63.785301174799365,6.419471521727701,3.8116455110760112,2.6078260106516895
2021-05-10 00:00:00+05:30,553.3345326948619,558.171355138278,550.5291636472801,553.8665771484375,8365615,0.0,0.0,524.7416015625,519.6779168701172,529.1447755243905,524.9249242525915,65.27801737461229,7.7364261669041525,4.10288012500197,3.6335460419021826
2021-05-11 00:00:00+05:30,547.0467423644856,556.091619682916,545.6440576385252,549.8521118164062,8033470,0.0,0.0,525.8613342285156,519.7330572509766,531.1169027902968,525.9024610198,62.43804954272502,8.359821589864396,3.7810204383697705,4.578801151494625
2021-05-12 00:00:00+05:30,549.4651877922123,550.5776391374836,539.9849897917718,543.4191284179688,6815070,0.0,0.0,527.7622146606445,519.5163677978516,532.2885433262655,526.5893891530615,58.0776629137224,8.239795720343977,2.9287956550794814,5.311000065264496
2021-05-14 00:00:00+05:30,545.5955985408833,550.7710169984657,538.0017686758333,542.1130981445312,7697716,0.0,0.0,528.9351486206054,519.1536041259766,533.2242152137194,527.1981620546877,57.20423047834626,7.947672801096928,2.1093381886659452,5.838334612430983
2021-05-17 00:00:00+05:30,545.5472662940174,545.5472662940174,527.9895564049802,531.7139282226562,13677009,0.0,0.0,529.4333419799805,519.0249444580078,533.0803783574277,527.3752509240198,50.669909998666206,6.798666385684214,0.768265418602585,6.030400967081629
2021-05-18 00:00:00+05:30,529.6340589883664,534.8579001648787,517.1066810336105,518.8479614257812,34968901,0.0,0.0,529.2205215454102,519.1052374267579,531.7249100782233,527.0408474142849,43.97684841855334,4.794625074875967,-0.9886207137645302,5.783245788640497
2021-05-19 00:00:00+05:30,520.3473706950822,522.9108689156456,509.029168447594,510.9638977050781,19583966,0.0,0.0,529.3051681518555,518.8537219238282,529.7476708045904,526.4103787982376,40.45075583222593,2.540939476723679,-2.5938450495334546,5.134784526257134
2021-05-20 00:00:00+05:30,513.6725500505889,513.6725500505889,503.03147883068976,503.6602478027344,14036583,0.0,0.0,528.8432495117188,518.3574615478516,527.2631543282231,525.518216798414,37.454696585586305,0.1636474691327976,-3.976909645699469,4.140557114832267
2021-05-21 00:00:00+05:30,506.1754014125649,515.8974092369724,504.9661656351181,513.6240844726562,10492773,0.0,0.0,528.8480865478516,518.1901068115235,525.9641952943596,525.0517802366195,43.59274179220144,-0.9059322038193613,-4.037191454921302,3.131259251101941
2021-05-24 00:00:00+05:30,513.6725255011462,515.6072546937522,508.8356423676231,509.6095581054688,6386039,0.0,0.0,529.0512344360352,518.0740240478516,524.4066108001795,524.446202898143,41.812284054609385,-2.053845079966891,-4.148083464855065,2.0942383848881745
2021-05-25 00:00:00+05:30,512.6083518807674,513.4789920063267,507.38457127941655,508.9323425292969,9412913,0.0,0.0,528.9810989379882,518.0817608642578,522.9328709648573,523.8378162170119,41.504328400530405,-2.9838242729969124,-4.06245012630807,1.078625853311157
2021-05-26 00:00:00+05:30,511.7377157719021,513.4789960366884,507.86825754082673,508.59381103515625,6908901,0.0,0.0,528.5675521850586,518.159150390625,521.5672462096477,523.2400120922332,41.34041444182298,-3.7054421158095465,-3.8272543752965626,0.12181225948701624
2021-05-27 00:00:00+05:30,508.9323731958696,509.8030133738909,501.77386306281903,502.8379821777344,22783169,0.0,0.0,527.3825256347657,518.0420989990234,519.7835067780369,522.439932487743,38.55256507131859,-4.687739398766894,-3.847641326603128,-0.8400980721637659
2021-05-28 00:00:00+05:30,505.207986305211,511.2540450033902,503.4183738634485,506.5139465332031,10248988,0.0,0.0,526.5481704711914,518.0304907226563,518.5197391356718,521.8153840189376,41.27624697176844,-5.110684678724397,-3.4164692852485046,-1.6942153934758921
2021-05-31 00:00:00+05:30,508.3520121801957,518.5094016346105,507.9650542716062,517.4453125,12803471,0.0,0.0,526.4586929321289,518.2636279296875,518.4174127894173,521.6440086652538,48.57597263160057,-4.511792844545198,-2.2540619608554446,-2.2577308836897534
2021-06-01 00:00:00+05:30,519.9119997790815,520.8310021017612,512.9953012532288,515.5104370117188,8435896,0.0,0.0,525.2035293579102,518.3332775878906,518.140557953446,521.4034764435465,47.4516085932037,-4.14550819467172,-1.510221848785573,-2.635286345886147
2021-06-02 00:00:00+05:30,512.6083934287101,517.1550432742551,510.7703886040009,512.221435546875,10567595,0.0,0.0,524.0934707641602,518.4609698486328,517.576832009963,521.0433964083829,45.5227105086725,-4.0736612702322645,-1.150699939476894,-2.9229613307553706
2021-06-03 00:00:00+05:30,512.7051417392665,515.9941936600302,511.25409472881313,514.6882934570312,6290021,0.0,0.0,522.7439956665039,518.5548052978515,517.3017331001599,520.7941766848005,47.25455176479124,-3.7741610685623073,-0.6809597902455491,-3.093201278316758
2021-06-04 00:00:00+05:30,516.5263135904083,518.3158961829677,513.8660305835001,515.3170776367188,4878809,0.0,0.0,521.484001159668,518.6080120849609,517.1127182941179,520.5793884868365,47.710847435261066,-3.4463401091185233,-0.28251106464141174,-3.1638290444771116
2021-06-07 00:00:00+05:30,516.5746527189224,523.3462053312478,515.6072880600188,518.9447021484375,9674473,0.0,0.0,519.9337966918945,518.771498413086,517.2871929469103,520.5152831402326,50.37796020202335,-2.8608426429885867,0.24238912119082023,-3.103231764179407
2021-06-08 00:00:00+05:30,520.5408011166187,530.1177827842529,516.5746183097051,528.9569091796875,12822963,0.0,0.0,518.688313293457,519.1110443115234,518.3985944928891,520.8463272986426,56.910648148345174,-1.5708227836361175,1.2259271844346316,-2.796749968070749
2021-06-09 00:00:00+05:30,531.9557052975396,533.5035367060049,517.8804968958444,522.3787841796875,12674395,0.0,0.0,517.3146469116211,519.4273736572266,518.777660177346,520.9064236469188,52.06123944241596,-1.0669730615378512,1.3838215252263182,-2.4507945867641694
2021-06-10 00:00:00+05:30,526.1514820870474,529.9725778310778,522.717344168742,527.3607177734375,7018193,0.0,0.0,516.5117263793945,520.1509643554688,519.5950942341166,521.1595332205078,55.17641375149647,-0.26264056453464946,1.7505232177836159,-2.0131637823182653
2021-06-11 00:00:00+05:30,527.6992768308465,531.8106061659843,522.4271341186368,523.2010498046875,7777365,0.0,0.0,515.5661239624023,520.5059875488281,519.9385185741709,521.2395926943972,52.130398914087685,0.03870215856795767,1.6414927527089784,-1.6027905941410208
2021-06-14 00:00:00+05:30,523.2011079938802,523.2011079938802,512.0279922748954,521.7500610351562,5714387,0.0,0.0,515.0679306030273,520.8513391113281,520.111046427598,521.2596110607014,51.07127848958662,0.15860744253404846,1.4091184293400554,-1.250510986806007
2021-06-15 00:00:00+05:30,523.3461333869011,525.9096914869921,520.8309976499096,524.7971801757812,7264778,0.0,0.0,515.3653915405273,521.338890991211,520.5573448798059,521.3983392612928,53.22068339377493,0.49381786777053094,1.3954630836612303,-0.9016452158906993
2021-06-16 00:00:00+05:30,526.0548381034347,526.0548381034347,517.4452808106442,519.23486328125,10045600,0.0,0.0,515.778939819336,521.6474816894531,520.431394251372,521.313497065997,48.989979761032735,0.30710197723522015,0.9669977545007357,-0.6598957772655155
2021-06-17 00:00:00+05:30,521.8951243505348,523.5880424693582,509.8513689644119,511.3992004394531,10214732,0.0,0.0,516.1658874511719,521.6552209472657,519.5711853169036,520.9247011198581,43.7177464613016,-0.4677522603045645,0.15371481356876082,-0.6214670738733253
2021-06-18 00:00:00+05:30,514.0594080454906,524.2167961588827,502.0640753749768,521.1695556640625,15000348,0.0,0.0,516.5431610107422,521.7819458007813,519.7234110642521,520.9343032588466,50.82427390475681,-0.2900997246727002,0.2650938793605001,-0.5551936040332003
2021-06-21 00:00:00+05:30,517.5419564126911,524.2167838032507,515.6072273227901,521.9918212890625,5742834,0.0,0.0,517.1622741699218,521.7432495117188,519.9394501332816,520.9757745541492,51.38066660529982,-0.08201344633232566,0.37854412616069977,-0.4605575724930254
2021-06-22 00:00:00+05:30,530.1661408124903,531.0851431851783,518.025661110984,518.8963012695312,9114558,0.0,0.0,517.6604721069336,521.615556640625,519.8401026224483,520.8942265822034,49.12716182849422,-0.16498433014407965,0.23645859387915663,-0.4014429240232363
2021-06-23 00:00:00+05:30,520.4440820425056,521.6048955070066,515.3170255782734,516.6229858398438,4767421,0.0,0.0,518.061930847168,521.3988671875,519.5337105479146,520.7267269452482,47.48020542261324,-0.409456944841736,-0.006411216654799767,-0.40304572818693624
2021-06-24 00:00:00+05:30,517.5419692767558,517.9772893480044,510.1899504307855,511.4959106445313,6419922,0.0,0.0,518.4948272705078,521.5207550048829,518.7682057952114,520.3647341491417,43.9052429722244,-1.0053265936487605,-0.48182469236945946,-0.5235019012793011
2021-06-25 00:00:00+05:30,513.9627232087433,518.412648684773,512.0763561411247,517.6387329101562,5504204,0.0,0.0,519.0510665893555,521.5004412841797,518.6606369490157,520.2578321397697,48.87228906961625,-0.9706936124803178,-0.35775336896081344,-0.6129402435195044
2021-06-28 00:00:00+05:30,519.4767671352403,519.4767671352403,513.1404742332994,513.8660278320312,5265796,0.0,0.0,518.872102355957,521.3427606201171,518.2040075093029,520.0071731473093,46.16839139305003,-1.2334540054040417,-0.49641100950762984,-0.7370429958964119
2021-06-29 00:00:00+05:30,513.914367675398,514.8817323302442,506.9009438517575,507.8199462890625,8713975,0.0,0.0,518.4875778198242,521.0370721435547,517.2150492978514,519.52924268228,42.144262718116764,-1.907572453368516,-0.9364235659776834,-0.9711488873908327
2021-06-30 00:00:00+05:30,509.80300002776505,513.0920516408474,507.2395019280425,508.4970397949219,5760552,0.0,0.0,518.3013580322265,521.0215936279296,516.3847626785248,519.0966072749327,42.746117053875956,-2.359976057963081,-1.1110617364577986,-1.2489143215052825
2021-07-01 00:00:00+05:30,511.737754151256,513.672543563905,504.9662017390205,505.594970703125,6575188,0.0,0.0,517.8466918945312,520.8755206298828,515.3571634427724,518.5671313309402,40.78764501798972,-2.9190330995641034,-1.3360950224470567,-1.5829380771170467
2021-07-02 00:00:00+05:30,508.4486928697484,515.6072631826584,503.03146307166463,507.8682861328125,13309063,0.0,0.0,517.474252319336,520.7623394775391,514.6439370323001,518.147568774151,42.99107957468157,-3.1424283189679727,-1.2475921934807408,-1.894836125487232
2021-07-05 00:00:00+05:30,510.770359570359,511.2540418571565,506.2237701352653,506.8525390625,6373586,0.0,0.0,516.8696441650391,520.7884582519531,513.9018991304143,517.7046264325176,42.2348231721038,-3.362670170902277,-1.1742672363320357,-2.188402934570241
2021-07-06 00:00:00+05:30,506.4172067292407,510.4801739311826,504.0955197784175,508.9323425292969,10494366,0.0,0.0,515.8684158325195,520.7604040527344,513.428608025546,517.3606152990579,44.391826172742036,-3.3309930527485676,-0.9140720945426608,-2.416920958205907
2021-07-07 00:00:00+05:30,506.12697099424577,513.2855408152936,506.12697099424577,512.3181762695312,6669192,0.0,0.0,515.3653854370117,520.66947265625,513.3228526202113,517.1628725920177,47.80856582075889,-2.998119763774639,-0.4649590444549858,-2.5331607193196533
2021-07-08 00:00:00+05:30,512.7050978165636,515.4137427315028,506.4655901909423,508.1585083007813,5400962,0.0,0.0,514.4052749633789,520.3018725585938,512.8310103040751,516.8097602668712,44.21427293826079,-3.03498036093157,-0.40145571328953356,-2.6335246476420364
2021-07-09 00:00:00+05:30,508.35190036784905,519.9603343121809,505.9334891611135,518.7510986328125,7303645,0.0,0.0,514.1827774047852,520.2128735351563,513.3948282401453,516.8858911831826,53.74988833986166,-2.184280114428816,0.35939562657057644,-2.5436757409993924
2021-07-12 00:00:00+05:30,521.3630921637708,521.3630921637708,511.3992125296709,512.3665771484375,8932790,0.0,0.0,513.7136032104493,520.0755078125,513.2968995647445,516.70866318182,48.38181272534664,-2.0021915483790735,0.4331873540962552,-2.4353789024753287
2021-07-13 00:00:00+05:30,516.1393162378453,518.0256832780824,510.96389743124575,512.7535400390625,8138019,0.0,0.0,513.1114212036133,519.5183044433594,513.2451510384891,516.5535603134766,48.71612134272882,-1.8058437341491071,0.5036281346609774,-2.3094718688100846
2021-07-14 00:00:00+05:30,511.7377530426185,514.0594401807573,509.4644882727001,512.7535400390625,6666859,0.0,0.0,512.7873550415039,519.0849230957032,513.1983309433056,516.4045399105585,48.716121342728826,-1.6314305607877486,0.5424330464178686,-2.173863607205617
2021-07-15 00:00:00+05:30,515.1235632873422,515.1235632873422,507.86826879134753,508.3035888671875,6886797,0.0,0.0,512.6325744628906,518.4174389648438,512.7321650312944,516.0868555559165,44.842723571489,-1.8311721217421564,0.27415318837076885,-2.1053253101129252
2021-07-16 00:00:00+05:30,509.8030204660307,525.6678724479892,508.787293628212,523.4912719726562,11251138,0.0,0.0,512.7486602783204,518.0769250488281,513.7568418828527,516.3772248271612,57.31655395582453,-0.7552436710935808,1.0800653112154757,-1.8353089823090565
2021-07-19 00:00:00+05:30,521.4114390407191,526.9254532966842,512.0279664235186,520.87939453125,9130551,0.0,0.0,512.6930389404297,517.495537109375,514.4351802303191,516.5537805018313,55.012440379856336,-0.11202791538607926,1.3786248535383818,-1.490652768924461
2021-07-20 00:00:00+05:30,518.9446478944865,519.2831833833014,505.933528425289,508.59381103515625,7646460,0.0,0.0,512.1779144287109,516.5900817871094,513.8788593545894,516.2416248364715,45.70526817096884,-0.5868538225357725,0.7230391571109509,-1.3098929796467234
2021-07-22 00:00:00+05:30,513.769233126673,530.1177664518965,506.5623009527218,528.8601684570312,20220601,0.0,0.0,512.7897735595703,516.1702429199219,515.3056506976791,516.7364696843366,58.25258848149396,0.6645088516422675,1.5795214650311928,-0.9150126133889253
2021-07-23 00:00:00+05:30,529.8275522549088,542.3549899892673,515.3653853209905,530.407958984375,33200836,0.0,0.0,513.7353759765625,515.91001953125,516.7439657726026,517.2726065196323,59.0312824871599,1.7608189221779185,2.140665228453475,-0.3798463062755565
2021-07-26 00:00:00+05:30,527.2155721052522,535.7768260424591,524.4102030528345,526.2965698242188,5214592,0.0,0.0,514.1682678222656,515.5936889648438,517.6537375870422,517.6264874335377,56.04105214191562,2.271710937061698,2.121245794669804,0.15046514239189446
2021-07-27 00:00:00+05:30,527.9895216127042,527.9895216127042,518.6544115758559,522.9108276367188,5835018,0.0,0.0,514.6205078125,515.417626953125,518.1544128298685,517.8337164611135,53.63173349291735,2.3760063190982237,1.7804329413650635,0.5955733777331603
2021-07-28 00:00:00+05:30,521.8951206565487,552.076992078111,520.2989871302191,549.3683471679688,32532037,0.0,0.0,516.6979278564453,516.0280346679688,521.1271684811162,519.070368645696,65.95073747455929,4.541213588781034,3.1565121688382987,1.384701419942735
2021-07-29 00:00:00+05:30,555.3660735713595,557.8812697597282,546.5630673681023,548.6428833007812,15844335,0.0,0.0,518.7052200317382,516.7816143798829,523.7477127496558,520.2300751027582,65.4373658164984,6.127977567488642,3.794620918036726,2.3333566494519165
2021-07-30 00:00:00+05:30,547.4336574188848,549.9488536531776,539.5980157136203,543.3223876953125,10125413,0.0,0.0,520.5915908813477,517.5748571777344,525.611967506385,521.1356559887407,61.6472956712006,6.876907216837708,3.634840453908633,3.242066762929075
2021-08-02 00:00:00+05:30,547.5304078370165,551.3515040157182,541.7261600948802,546.7081298828125,6372299,0.0,0.0,522.5335830688476,518.2365380859375,527.6211258279495,522.1384981022337,63.111491012019044,7.6553938434863085,3.5306616644457867,4.124732179040522
2021-08-03 00:00:00+05:30,549.4651444579971,563.0083091699634,543.7576812201848,561.2670288085938,21680353,0.0,0.0,525.2543075561523,519.2696875,530.8254975403919,523.6729502867969,68.6533285443963,9.339471954244914,4.171791820163513,5.167680134081401
2021-08-04 00:00:00+05:30,556.2366566946702,567.7483669243202,551.6900072570767,555.65625,21816567,0.0,0.0,527.5905029296875,520.2041656494141,533.1903311079736,524.9271973343735,64.62397254438122,10.104890147979972,3.9497680111188567,6.155122136861116
2021-08-05 00:00:00+05:30,558.6551630950902,598.8009788653396,558.6551630950902,579.1633911132812,72423461,0.0,0.0,530.932763671875,521.6155572509765,537.5687177751458,527.0541068943307,72.0305735794001,12.46463485982349,5.047610178369899,7.417024681453592
2021-08-06 00:00:00+05:30,575.1004123840304,596.8178759506551,569.2962242555506,588.0631713867188,29055626,0.0,0.0,534.9279968261719,523.3200610351563,542.3777133572004,529.4466192273655,74.23036876157737,14.881344557755028,5.971455901041148,8.90988865671388
2021-08-09 00:00:00+05:30,590.0946352197336,592.7065560131024,578.0509386334624,579.6954345703125,10078649,0.0,0.0,537.9752136230469,524.7836907958985,545.9317820441635,531.4171610055204,68.75496485074916,15.937678340777097,5.622231747250574,10.315446593526524
2021-08-10 00:00:00+05:30,582.5491313007326,607.5072233832587,578.8731215846994,601.896484375,34514358,0.0,0.0,542.451708984375,526.4727142333984,551.2617536947193,534.1810560396176,74.19382988444123,18.35468823108829,6.431393310049412,11.923294921038877
2021-08-11 00:00:00+05:30,601.8964151523747,608.7163892599318,593.6738166060768,600.5905151367188,18731287,0.0,0.0,546.8435577392578,528.1743157958985,555.9597309749097,536.7853485532294,73.38459188591547,19.93500683006073,6.40936952721748,13.525637302843249
2021-08-12 00:00:00+05:30,602.6703430499333,608.4261681641436,596.8661557232009,602.8154296875,8430316,0.0,0.0,551.3466522216797,529.9861956787109,560.4221784713468,539.3747634996713,73.90674963905049,21.123454678548114,6.07825390056389,15.045200777984224
2021-08-13 00:00:00+05:30,602.8155213565132,617.954821042349,597.9303356288328,616.261962890625,21079044,0.0,0.0,556.7445709228516,532.0176690673828,565.7402531779447,542.3899477895126,76.86128693901803,22.886509576859567,6.273047039100273,16.613462537759293
2021-08-16 00:00:00+05:30,617.9063917893901,622.9850859976333,611.3766506862215,613.3598022460938,10506327,0.0,0.0,561.2379974365234,533.9785235595704,570.2754483272922,545.1730793368295,74.89030476227606,23.775494080225258,5.729625233972772,18.045868846252485
2021-08-17 00:00:00+05:30,613.3598154225159,617.1809116764399,602.6703822634568,605.9110717773438,11311229,0.0,0.0,565.4895812988282,535.7178509521484,573.6693172272971,547.5549613933202,69.93345746789943,23.606845387859607,4.448781233285697,19.15806415457391
2021-08-18 00:00:00+05:30,605.4757408628658,613.3114422453546,600.5905556475168,602.6220092773438,7136872,0.0,0.0,570.1909912109375,537.1911529541015,576.4267164701587,549.7144534672036,67.79952275297302,22.943313986286967,3.0281998653704463,19.91511412091652
2021-08-20 00:00:00+05:30,599.2846282088375,612.3441111774586,587.1925098932986,593.6738891601562,12770173,0.0,0.0,573.4316772460937,538.6170550537109,578.0693043453966,551.4383529061429,62.23562022606913,21.448180782130635,1.2264533289712887,20.221727453159346
2021-08-23 00:00:00+05:30,598.2204574059629,609.9256174079536,587.7728954684535,602.331787109375,12790616,0.0,0.0,577.0278686523437,540.1164764404297,580.3800169895851,553.4341738552891,65.21048097343304,20.723014936850404,0.401029986952846,20.32198494989756
2021-08-24 00:00:00+05:30,607.4588202403513,607.4588202403513,596.9145342777107,599.864990234375,5885050,0.0,0.0,580.7062896728515,541.6497552490234,582.2357287271841,555.2549901838808,63.671494028044556,19.721923826595457,-0.48004889864168376,20.20197272523714
2021-08-25 00:00:00+05:30,602.0416430117011,602.0416430117011,591.0619758648962,592.4646606445312,8127668,0.0,0.0,584.1839813232422,543.0640472412109,583.2099127193123,556.7141929470434,59.16069810966428,18.12250223359797,-1.663576393311338,19.78607862690931
2021-08-26 00:00:00+05:30,590.0945839396683,591.5456308703257,565.2332169511903,567.7484130859375,26316897,0.0,0.0,585.1029846191407,543.923071899414,581.7373889447052,557.1469074622942,47.146963742299675,14.691203434027216,-4.075900154305675,18.76710358833289
2021-08-27 00:00:00+05:30,569.5864037785755,585.6447042014698,565.9587564658347,575.7291870117188,16444274,0.0,0.0,586.4572998046875,545.0529583740234,581.1651792368017,557.8756243073697,50.63297546007508,12.472085731189168,-5.03601428571498,17.508100016904148
2021-08-30 00:00:00+05:30,576.5513632484506,604.6050548274937,570.8439005103702,600.2035522460938,40506274,0.0,0.0,589.3013580322265,546.8290454101563,582.978357618639,559.5355430500647,59.46299511229013,12.543699735055952,-3.9715202254785567,16.51521996053451
2021-08-31 00:00:00+05:30,605.6208234763582,646.2986790810155,604.6050966682052,642.3807983398438,60781970,0.0,0.0,594.0849914550781,549.2532702636719,588.6357329254204,562.7843765908403,69.56573204184258,15.821426067671837,-0.5550351142901384,16.376461181961975
2021-09-01 00:00:00+05:30,646.2020064001173,651.3290632179492,632.6588408521845,644.6541748046875,30796359,0.0,0.0,598.2543487548828,551.7065173339844,593.9708226282078,565.994956912952,69.99973264730826,18.390496091074397,1.611227927289935,16.77926816378446
2021-09-02 00:00:00+05:30,648.0883294309049,651.7642788399226,642.3808060770956,644.7509155273438,18951106,0.0,0.0,602.70908203125,554.2236096191406,598.807021951935,569.0834258782223,70.01932522283795,20.20143914607661,2.737736785833718,17.46370236024289
2021-09-03 00:00:00+05:30,646.2019479218592,647.7497192252099,632.6587835995196,636.9635620117188,7920313,0.0,0.0,605.5990905761719,556.6304211425781,602.4409781481049,571.7453920011046,66.267584709279,20.76883995833805,2.6441100784761247,18.124729879861924
2021-09-06 00:00:00+05:30,642.7193938540627,644.0253541008371,632.078383325994,633.2391967773438,10223448,0.0,0.0,607.8578918457031,559.0652868652344,605.37414182708,574.1569137570357,64.48791158657664,20.679602456845373,2.0438980615867592,18.635704395258614
2021-09-07 00:00:00+05:30,636.4799195690007,658.2940464316288,626.854575192392,648.6687622070312,28185127,0.0,0.0,611.3065582275391,561.6858874511719,609.497439006123,577.0789470295845,68.28764953218737,21.604870574490405,2.375332943385434,19.22953763110497
2021-09-08 00:00:00+05:30,655.8756167038791,661.4863555458279,643.2998165251654,646.0568237304688,20876941,0.0,0.0,613.5145751953125,564.3297033691406,612.9792851703464,579.7839618021682,66.9811066060235,21.87522662209915,2.1165511927953418,19.758675429303807
2021-09-09 00:00:00+05:30,646.0568472338746,665.7427961125368,645.2829916029766,663.7597045898438,19784500,0.0,0.0,616.6730346679688,567.4484985351562,617.8155155912509,583.0771281859986,71.02721447470155,23.24994933055075,2.7930191209975526,20.456930209553196
2021-09-13 00:00:00+05:30,669.4187325948074,674.2555553286412,663.4693985257883,670.6763305664062,19704664,0.0,0.0,620.0660797119141,570.6920843505859,622.8498789222181,586.5123910244461,72.4477964788822,24.613808233245095,3.325502418953519,21.288305814291576
2021-09-14 00:00:00+05:30,672.3208526469234,676.8675022865433,666.6133895663834,671.5469970703125,11694600,0.0,0.0,622.8303314208985,574.0111248779297,627.4876996982271,589.8470814576173,72.62972360913835,25.47131429426304,3.3464067839771694,22.12490751028587
2021-09-15 00:00:00+05:30,674.2555517816111,710.967162457493,673.4333340275883,701.8255615234375,56796797,0.0,0.0,627.2536193847657,577.8902703857422,634.5674960625329,594.238394401375,78.05623182789883,28.268262198224306,4.914683750350747,23.35357844787356
2021-09-16 00:00:00+05:30,711.0156080194766,712.9503371659561,692.0551541103664,695.1507568359375,45001991,0.0,0.0,631.7156036376953,581.6562347412109,640.3373304219048,598.1957419478284,74.54740621744882,29.604994658470673,5.0011329684776875,24.603861689992986
2021-09-17 00:00:00+05:30,697.4723998689453,710.7736919883951,697.4723998689453,704.3890380859375,26649321,0.0,0.0,636.803955078125,585.5653686523438,646.4374930565746,602.3601849336367,76.14570541507162,31.051870222384878,5.158406825913513,25.893463396471365
2021-09-20 00:00:00+05:30,701.3418802783603,709.7579878944691,696.7952308346221,701.2935180664062,14330899,0.0,0.0,642.1849365234375,589.3448754882812,651.6618763908443,606.2399234878629,74.45850198266608,31.58465865155847,4.552956204069684,27.031702447488787
2021-09-21 00:00:00+05:30,699.310462172158,716.5779381861608,698.4398220088959,702.9380493164062,14216876,0.0,0.0,647.2152496337891,593.2404663085938,656.5453214313741,610.0320068536882,74.77823734202906,31.77333403166267,3.793305267339104,27.980028764323567
2021-09-22 00:00:00+05:30,703.2766621521396,708.1619075982459,700.4712927362004,703.0348510742188,16348622,0.0,0.0,652.3737426757813,596.9261413574219,660.9728956830736,613.6791772152777,74.79823600856295,31.56678942374458,2.869408527536809,28.697380896207772
2021-09-23 00:00:00+05:30,709.4678467374557,715.9492261102864,699.6006910234786,703.083251953125,26497345,0.0,0.0,657.904672241211,600.7404748535156,664.9834058040309,617.1852193618599,74.80899139077188,31.049092271997893,1.8813691006320958,29.167723171365797
2021-09-24 00:00:00+05:30,705.2597320275167,728.4282401841623,704.2440052272979,715.2720336914062,72175065,0.0,0.0,665.2808532714844,604.7908447265625,669.7727989361618,621.0317611002735,77.4221686407797,31.261977750213077,1.675403663077823,29.586574087135254
2021-09-27 00:00:00+05:30,720.4227762714095,721.3097777585381,707.758733745225,712.0950317382812,11282248,0.0,0.0,672.0991455078125,608.7776745605469,673.803487774459,624.6028697527444,75.23155780314252,30.819070459104296,0.985997097575229,29.833073361529067
2021-09-28 00:00:00+05:30,713.9182607493686,716.2834976676263,676.0738685372131,686.0770263671875,21944239,0.0,0.0,676.3928192138671,612.3331433105469,674.9723962118617,627.0136209925265,60.20737682606438,28.04533844405603,-1.4301879339784307,29.47552637803446
2021-09-29 00:00:00+05:30,686.9147641946533,691.8424167355046,679.1783737663204,684.0567016601562,16729859,0.0,0.0,678.4766143798828,615.5444519042969,675.8375681593184,629.2506045481198,59.218415309213725,25.391416080205886,-3.2672882382628607,28.658704318468747
2021-09-30 00:00:00+05:30,685.7321160233624,699.5295431471807,676.862341443765,678.3406372070312,13911568,0.0,0.0,680.1609375,618.6936767578125,676.075955687672,631.1757038680771,56.39589048291311,22.566788960356575,-4.873532286489738,27.440321246846313
2021-10-01 00:00:00+05:30,677.404331699105,677.404331699105,657.9894299284124,666.1200561523438,14952128,0.0,0.0,681.22939453125,621.8442016601563,675.1277747795455,632.5460706243229,50.81906468298265,19.121729463686393,-6.654873426527935,25.776602890214328
2021-10-04 00:00:00+05:30,665.2331078896223,676.2710618583409,660.0098081099279,671.54052734375,8917898,0.0,0.0,682.9582427978515,624.6978088378906,674.7861321666126,634.0752650054769,53.037372821986644,16.637099588815545,-7.311602641119027,23.94870222993457
2021-10-05 00:00:00+05:30,674.497098283743,693.2714422789799,670.5549762836089,689.1322021484375,25598885,0.0,0.0,685.7528930664063,627.8722937011719,676.1524245458339,636.2343605797107,59.43261421469006,15.90418016028707,-6.435617655718001,22.33979781600507
2021-10-06 00:00:00+05:30,695.5382139298924,697.7063932584117,678.2421641048653,681.3958740234375,10406502,0.0,0.0,687.3892486572265,630.9742797851562,676.6518006865581,638.005400322602,55.83181674948989,14.531568334114809,-6.246583585512212,20.77815191962702
2021-10-07 00:00:00+05:30,685.6828324631233,692.0395160988243,681.2972097903059,682.4798583984375,8121590,0.0,0.0,689.210400390625,634.1656604003906,677.2068538019752,639.7494967177328,56.2319493065067,13.377029977892903,-5.920897553387299,19.2979275312802
2021-10-08 00:00:00+05:30,685.0915507883219,689.4278488949177,678.9319851664461,685.4364624023438,6297352,0.0,0.0,690.29423828125,636.8870227050782,677.9906260496293,641.5411424308548,57.366439583982235,12.55588679908044,-5.393632585759811,17.94951938484025
2021-10-11 00:00:00+05:30,683.0712035140646,685.9785306813098,675.0884300804868,680.853759765625,8792050,0.0,0.0,690.803109741211,639.531240234375,678.2633054511527,643.082813698885,54.987303957272424,11.4038822543572,-5.236509704386442,16.640391958743642
2021-10-12 00:00:00+05:30,681.0015640509453,688.2945136891389,674.2999687940147,676.4188232421875,8579567,0.0,0.0,691.0467010498047,642.1931689453126,678.0876404788703,644.3901081907793,52.70907628156492,10.017571708851165,-5.298256199913983,15.315827908765147
2021-10-13 00:00:00+05:30,679.0305399598454,686.717666117668,673.2158857310252,679.9175415039062,7062149,0.0,0.0,689.9513000488281,644.8573571777343,678.261916766969,645.7833408697255,54.31710772197229,9.096370638989583,-4.975565815820451,14.071936454810034
2021-10-14 00:00:00+05:30,682.9726012840523,683.9581317332356,671.9839127148562,675.8767700195312,9820591,0.0,0.0,688.9876007080078,647.1495520019531,678.0347599338797,646.9634753461885,52.11314607148112,7.948628820384329,-4.898646107540564,12.847274927924893
2021-10-18 00:00:00+05:30,689.8713293486205,691.793125796493,669.8158083347881,670.7520141601562,8574445,0.0,0.0,687.3057495117188,649.4514672851562,677.341165098287,647.896359221246,49.37672305763191,6.5500058019785,-5.037815300757115,11.587821102735615
2021-10-19 00:00:00+05:30,688.885832351627,688.885832351627,665.6766006740448,671.2448120117188,7328862,0.0,0.0,685.8033142089844,651.293095703125,676.7605600424233,648.8119848208725,49.65050911884318,5.418886105608863,-4.935147997701403,10.354034103310266
2021-10-20 00:00:00+05:30,673.5115696170485,703.5702499498924,671.5405086116161,698.1990966796875,21217306,0.0,0.0,685.5663665771484,653.4958142089844,678.8023254364484,650.7487343055318,61.81507701498931,6.621126874209949,-2.986325783280254,9.607452657490203
2021-10-21 00:00:00+05:30,700.6628822892371,702.0425888217947,679.2275950986757,685.9784545898438,8908979,0.0,0.0,684.7135467529297,655.621474609375,679.4857663082004,652.1302919637401,55.2925065583601,6.512732929346271,-2.4757757825151465,8.988508711861417
2021-10-22 00:00:00+05:30,688.393049708367,695.094645033752,674.3492401760203,684.450927734375,6587256,0.0,0.0,683.7819305419922,657.2725634765625,679.958638824979,653.3977678763141,54.51814295652963,6.231735725619728,-2.205418388993351,8.43715411461308
2021-10-25 00:00:00+05:30,682.9726296482676,693.81346503951,665.2330808262346,681.10009765625,9540441,0.0,0.0,682.0733337402344,658.8827551269532,680.067349189862,654.4841337500371,52.772192074455454,5.673261605634593,-2.2111140071827897,7.884375612817383
2021-10-26 00:00:00+05:30,684.9437550787745,699.5788601732495,679.0305715816916,686.1264038085938,10953878,0.0,0.0,680.77490234375,660.548974609375,680.6444020106935,655.7250070856668,55.09527251853804,5.572016998361619,-1.849886891564612,7.421903889926231
2021-10-27 00:00:00+05:30,689.2800500651609,704.3093900659709,683.9581613483334,692.1873168945312,11878571,0.0,0.0,681.0804168701172,662.0674816894531,681.7437272377257,657.1549015879751,57.79140458968972,5.912687173326731,-1.2073733732796006,7.120060546606331
2021-10-28 00:00:00+05:30,692.5816118351659,695.8338507034557,674.4971498380908,679.7697143554688,8884507,0.0,0.0,680.8660675048828,663.3956799316406,681.5557260108441,658.041756990622,51.03107050934944,5.121634974831977,-1.598740457419484,6.720375432251461
2021-10-29 00:00:00+05:30,682.1842084351023,690.8568646051652,667.2533976428185,675.4332885742188,8602343,0.0,0.0,680.7207000732421,664.7861242675781,680.9726367311655,658.7237778370376,48.880662646220195,4.097572819958941,-2.0982420898340166,6.195814909792958
2021-11-01 00:00:00+05:30,679.9667896782568,712.3414429791925,679.6218179073982,702.1904907226562,17121001,0.0,0.0,682.5242218017578,666.7774938964844,682.993384730355,660.4283548129442,60.063452090985145,5.383026598552647,-0.6502306489922489,6.033257247544896
2021-11-02 00:00:00+05:30,702.1904755920503,712.6370747470729,699.2831486100748,703.6195068359375,7725455,0.0,0.0,684.1281707763671,668.97640625,684.9577773118391,662.1221254805126,60.55968596411554,6.442799059780327,0.32763344978834485,6.115165609991982
2021-11-03 00:00:00+05:30,715.2487878964077,721.9011190273767,685.929254393248,688.984375,23261507,0.0,0.0,684.1207794189453,670.7094580078125,685.3412628059497,663.1755470302965,53.26063463676506,6.032208003347932,-0.06636608531524057,6.098574088663173
2021-11-04 00:00:00+05:30,693.8134457032588,694.6018580429751,689.082911512956,690.9553833007812,1064714,0.0,0.0,684.5987548828125,672.5312658691406,685.8759409483146,664.264952374237,54.063635336396594,5.7990081739735615,-0.23965273175168988,6.038660905725251
2021-11-08 00:00:00+05:30,697.2135896022118,704.5558041245355,693.8134972232017,698.7411499023438,7565546,0.0,0.0,685.4118194580078,674.6567956542968,687.1011989439364,665.6169601204373,57.19225703724891,6.171302986138471,0.10611366433057512,6.065189321807896
2021-11-09 00:00:00+05:30,701.4020753301563,706.083345248203,694.9468625261989,702.88037109375,5278131,0.0,0.0,686.2840148925782,677.3594348144532,688.6039772439187,667.0782703546848,58.798856573030164,6.722852999700194,0.5261309423138378,6.196722057386356
2021-11-10 00:00:00+05:30,707.1181858703678,727.3215626095212,697.1150264972503,724.8084716796875,15180490,0.0,0.0,688.4817504882812,680.3410205078125,692.0520243330396,669.3421998184104,66.06494842665998,8.827615558494813,2.1047148008867644,6.722900757608048
2021-11-11 00:00:00+05:30,724.3649759218563,727.912861947199,713.7705221923869,718.0575561523438,7421118,0.0,0.0,690.563687133789,682.6981005859375,694.5287416491639,671.252605949153,62.415474749784,9.837511873790959,2.4916888929463274,7.345822980844631
2021-11-12 00:00:00+05:30,722.3938127016171,734.2201779845905,714.755951789697,732.7418823242188,9207508,0.0,0.0,693.2049041748047,684.505322265625,698.1680883801215,673.6639501207243,66.72169610838036,11.688032022006837,3.473767232929763,8.214264789077074
2021-11-15 00:00:00+05:30,729.2925524198531,735.2057352773113,725.5475486405309,726.8779907226562,5454742,0.0,0.0,695.7549652099609,686.1497985839844,700.9023647936962,675.7507752423687,63.588535216215234,12.536897970233667,3.4581065449252737,9.078791425308394
2021-11-16 00:00:00+05:30,730.6230720798055,731.312955516829,716.5299968035233,719.7329711914062,4639931,0.0,0.0,698.2040130615235,687.6494396972656,702.6957558791923,677.4755672403702,59.89767374280962,12.48912018392707,2.7282630068949416,9.760857177032129
2021-11-17 00:00:00+05:30,714.0661128427579,721.7532387241783,705.8862217105798,709.6312255859375,8002927,0.0,0.0,700.1233337402343,689.10279296875,703.3562768036443,678.7365734500004,55.03406935387198,11.503524033148892,1.394133484893409,10.109390548255483
2021-11-18 00:00:00+05:30,710.173298922711,712.9820971156431,697.7556379022053,704.0137329101562,4469597,0.0,0.0,700.4140655517579,690.5182836914063,703.4188916709312,679.7278346053006,52.482017029444606,10.15211995189975,0.03418352291541282,10.117936428984336
2021-11-22 00:00:00+05:30,729.2925317015181,745.0117543814315,722.4923475478236,731.3621215820312,36884348,0.0,0.0,702.6832489013672,692.1721508789062,706.0801516624646,681.7527086043881,61.77541677781595,11.159271748655783,0.8330682557371567,10.326203492918626
2021-11-23 00:00:00+05:30,734.2202302623377,749.9887184290457,725.0548085458405,747.9191284179688,18240414,0.0,0.0,705.8566589355469,694.2093969726562,710.0648161153697,684.347470165705,66.09829436419189,13.141966473782645,2.2526103846912147,10.88935608909143
2021-11-24 00:00:00+05:30,752.9453099603035,770.4877410153642,745.3074485045543,747.9191284179688,21653712,0.0,0.0,709.1976104736328,695.8925854492187,713.6699887156171,686.8404763716761,66.09829436419187,14.545593777243539,2.924990150521687,11.620603626721852
2021-11-25 00:00:00+05:30,748.0669022694296,757.3801773788554,741.9073367409744,754.0786743164062,8483653,0.0,0.0,712.5952239990235,697.5606323242188,717.5184349633114,689.4772684479401,67.67553431120972,15.970899812853304,3.4802369489051603,12.490662863948144
2021-11-26 00:00:00+05:30,751.9597839665291,751.9597839665291,722.4923974671945,728.0606689453125,11142921,0.0,0.0,714.3888916015625,698.6909057617188,718.5224572473115,690.9903429772489,55.85474943268286,14.830077619550366,1.8715318044817764,12.95854581506859
2021-11-29 00:00:00+05:30,741.1189007975393,744.0754921571039,716.5791684523506,728.6519165039062,15885643,0.0,0.0,716.8330017089844,699.2274328613281,719.4871676527015,692.4672674292747,56.04264917146697,13.814432371698786,0.6847092453041572,13.129723126394628
2021-11-30 00:00:00+05:30,729.2926308251803,739.345054793984,712.1936992848815,717.712646484375,14272616,0.0,0.0,718.9469696044922,699.6786706542969,719.3181656366703,693.4572822941806,51.6612691217571,11.988621166021062,-0.9128815682988538,12.901502734319916
2021-12-01 00:00:00+05:30,722.3938918702946,726.7302503434173,707.8573162835459,711.7994384765625,10488561,0.0,0.0,719.4274169921875,699.8268786621094,718.6020963833267,694.1765825366269,49.41248154975685,9.949810936835433,-2.361353437987587,12.31116437482302
2021-12-02 00:00:00+05:30,713.425575416446,725.0548236512693,703.8166527396709,721.9503784179688,11507427,0.0,0.0,720.343960571289,700.2400158691406,718.920980386626,695.265751002562,53.180218139186664,9.048825927108737,-2.609870758171427,11.658696685280164
2021-12-03 00:00:00+05:30,719.4373269565959,724.0200682370563,705.9355459134463,707.9558715820312,11024093,0.0,0.0,721.2925354003906,700.3403723144531,717.8766843099978,695.7634027899921,47.885122777231956,7.123434551640003,-3.6282097069121306,10.751644258552133
2021-12-06 00:00:00+05:30,707.6109512612911,711.4545445559667,683.8103638676725,687.506103515625,8804487,0.0,0.0,721.1200714111328,700.0297973632812,714.9842480438671,695.4395871321739,41.39843406927608,3.9024377644041124,-5.479365195318417,9.38180295972253
2021-12-07 00:00:00+05:30,692.1872715345186,695.488834557086,684.0566455095149,688.7379150390625,10238693,0.0,0.0,720.6199096679687,699.742890625,712.4845972815048,695.1767764618559,41.908906815162915,1.4326567248278934,-6.359316987915709,7.791973712743602
2021-12-08 00:00:00+05:30,694.7989659143649,708.5963921878417,692.1380216740791,704.8021240234375,8296393,0.0,0.0,720.7159973144531,699.5334924316406,711.7529331616888,695.554241072114,48.241021885153394,0.7627918780465279,-5.62334546775766,6.386137345804188
2021-12-09 00:00:00+05:30,706.4282446775027,713.4748117565276,700.7121798539619,703.6195068359375,9069515,0.0,0.0,719.6565490722656,699.3639819335938,710.9783211306649,695.8705260040286,47.82770012400456,0.13493637483543353,-5.0009607767750035,5.135897151610437
2021-12-10 00:00:00+05:30,700.7121510112968,708.497865638891,696.7700292053261,700.41650390625,4251339,0.0,0.0,718.7744964599609,699.650771484375,709.9724337759586,696.0487996472531,46.66161731518278,-0.6140211491349419,-4.599934640596302,3.985913491461361
2021-12-13 00:00:00+05:30,704.6542893453673,708.0051170198402,688.2451828823264,692.9264526367188,9896899,0.0,0.0,716.783724975586,699.8281665039062,708.349007000793,695.9263546664478,43.96236735265143,-1.7913108073747708,-4.621779439068906,2.830468631694135
2021-12-14 00:00:00+05:30,690.8569066188552,696.0802064359281,678.4392459101906,681.5928955078125,9275631,0.0,0.0,714.5194702148438,699.8932116699219,705.8008059062234,695.3642582288543,40.175255797929836,-3.5973763697562617,-5.142276001160317,1.5448996314040557
2021-12-15 00:00:00+05:30,681.7407517648728,684.8451970299551,674.2014190651075,675.5319213867188,7674319,0.0,0.0,712.3094177246094,700.0814489746094,702.918054999604,694.5865195291627,38.27628751859148,-5.4548857702305895,-5.599828321307716,0.14494255107712672
2021-12-16 00:00:00+05:30,679.9175368505082,679.9175368505082,667.7954632073561,671.54052734375,9633006,0.0,0.0,710.4048828125,700.0814489746094,699.9297190323798,693.6827551297348,37.03481780091569,-7.166437266676894,-5.849103854203216,-1.3173334124736775
2021-12-17 00:00:00+05:30,671.1462287090576,675.7782338010335,651.5341489194597,656.4125366210938,13850460,0.0,0.0,708.0248229980468,699.4270556640626,695.7852254694002,692.2211779333176,32.70506882794029,-9.63251889827336,-6.652148388639747,-2.980370509633614
2021-12-20 00:00:00+05:30,649.6124653947295,651.5835264319256,635.7657134868191,648.7254638671875,11812939,0.0,0.0,703.8929901123047,698.7736474609375,691.3033434120465,690.5154636562145,30.738540641177696,-12.068075622505035,-7.270164090297136,-4.797911532207898
2021-12-21 00:00:00+05:30,654.3429600494946,661.1924087674968,649.6616903709183,657.3488159179688,8084499,0.0,0.0,699.3644744873047,698.2710266113281,688.069578888801,689.2148108037343,35.429071003348184,-13.150844680202454,-6.682346518395644,-6.46849816180681
2021-12-22 00:00:00+05:30,657.3488738334017,676.0739541974717,657.3488738334017,674.842041015625,8522226,0.0,0.0,695.7106201171875,698.0591381835937,686.8098133770699,688.6511727728281,43.750992733160196,-12.453829892201497,-4.78826538431575,-7.6655645078857475
2021-12-23 00:00:00+05:30,679.030520725426,679.030520725426,665.7258588534473,668.9288330078125,5602466,0.0,0.0,691.4531280517579,697.8206396484375,685.1068628657121,687.877747684004,41.79034098043714,-12.237520598610786,-3.6575648725800303,-8.579955726030756
2021-12-24 00:00:00+05:30,672.2303350004497,672.9694828809597,662.9171198276292,667.25341796875,3756020,0.0,0.0,688.4127655029297,697.6373315429687,683.4065347802872,687.0689504402686,41.22660717140427,-12.06223992328853,-2.7858273578062196,-9.27641256548231
2021-12-27 00:00:00+05:30,665.1838166418503,668.53458421859,658.9749865816493,665.9722290039062,3658572,0.0,0.0,685.2787811279297,697.3584252929687,681.7461247063461,686.2416280309995,40.77365404260556,-11.889653443541533,-2.0905927024473776,-9.799060741094156
2021-12-28 00:00:00+05:30,670.0129038371141,673.6101143167272,665.2823693441505,670.2100219726562,3892590,0.0,0.0,682.9036499023438,697.2450903320313,680.6474482555185,685.612937597339,43.00429182049362,-11.280883931206631,-1.1854585520899796,-10.095425379116651
2021-12-29 00:00:00+05:30,670.1115162763068,673.6101377337683,665.2331279740945,667.0563354492188,3847574,0.0,0.0,680.6664947509765,697.1711767578125,679.3530565596805,684.8852277091776,41.74428017190726,-10.926946811660514,-0.66521714603509,-10.261729665625424
2021-12-30 00:00:00+05:30,667.6968733126274,675.8767639368314,664.4446348899926,669.5200805664062,5701612,0.0,0.0,678.0449798583984,697.1366821289063,678.4165826555591,684.282672919265,43.14576221972588,-10.328583967207237,-0.05348344126544902,-10.275100525941788
2021-12-31 00:00:00+05:30,670.6535230130124,684.0567141072078,670.160757749961,673.90576171875,4598628,0.0,0.0,676.3424743652344,696.6508154296876,677.9869806615773,683.8757352251272,45.6521998219453,-9.392221601511778,0.7063031395440085,-10.098524741055787
2022-01-03 00:00:00+05:30,677.847884366811,682.5784188654968,673.2158788600105,681.2972412109375,2939833,0.0,0.0,676.03203125,696.5571911621093,678.3022435710402,683.774617812806,49.67867588238108,-7.961936807342113,1.7092703469709392,-9.671207154313052
2022-01-04 00:00:00+05:30,682.2334450291113,693.0742798363633,680.4102377814206,687.3582153320312,6473875,0.0,0.0,675.9630462646485,696.6153369140625,679.1647170720869,683.9151510488541,52.7687462020312,-6.267112473961447,2.7232757442812847,-8.990388218242732
2022-01-05 00:00:00+05:30,690.7584004994908,692.5816079929897,681.740771724156,689.8713989257812,4586105,0.0,0.0,675.2165100097657,696.7907629394531,680.184401058153,684.1487293969689,54.02930707277307,-4.667356684216315,3.4584252272211327,-8.125781911437448
2022-01-06 00:00:00+05:30,691.8424301545278,710.0747449093125,689.8713690999566,700.1209106445312,21642414,0.0,0.0,675.0415802001953,697.0706530761719,682.0831162568556,684.775089445893,58.85256770754568,-2.54317264706026,4.466087411501751,-7.009260058562011
2022-01-07 00:00:00+05:30,703.5702495842726,704.8021627120277,691.3003828014306,694.5033569335938,4315015,0.0,0.0,674.7459228515625,697.1169738769531,683.265996321307,685.1565901316852,55.42047757237384,-1.2980678125876466,4.568953796779492,-5.867021609367138
2022-01-10 00:00:00+05:30,695.1932566261738,701.0571151302594,693.4685782068524,694.749755859375,3565324,0.0,0.0,674.8370880126953,697.4165747070313,684.3596877058849,685.5327927092417,55.54294208200533,-0.28810977654131875,4.463129466260656,-4.751239242801975
2022-01-11 00:00:00+05:30,692.8279835926536,699.2831967294375,684.5495028288926,693.271484375,10642484,0.0,0.0,675.4210174560546,697.7733386230469,685.2084302458006,685.8362708137812,54.57430054758602,0.38852639854803783,4.111812513080011,-3.7232861145319727
2022-01-12 00:00:00+05:30,697.7063452928813,722.0982257198132,694.0106058342553,719.6343994140625,12366953,0.0,0.0,677.6261413574218,698.122216796875,688.4870939761113,687.1616876216353,65.9715546062056,3.0172513662093934,5.392429984593093,-2.3751786183837
2022-01-13 00:00:00+05:30,718.451708371383,725.0055100188379,715.6429706093343,721.211181640625,5829874,0.0,0.0,680.1096740722656,698.4740502929687,691.603673753684,688.4969618968898,66.5127340190124,5.168192286396788,6.034696723824391,-0.8665044374276021
2022-01-14 00:00:00+05:30,719.3879635664864,720.3242295238128,708.0543633984406,710.1732177734375,5344096,0.0,0.0,682.7977081298828,698.8978271484375,693.3722017555652,689.3470111469505,59.39193733236284,5.913984296723584,5.424390987320948,0.489593309402635
2022-01-17 00:00:00+05:30,709.5820172295735,724.1185932769848,709.1385164384023,718.0575561523438,4340924,0.0,0.0,686.2643127441406,699.4398706054687,695.7231878885918,690.4729148726523,62.48171831645764,7.059848513995348,5.2562041636741705,1.8036443503211776
2022-01-18 00:00:00+05:30,716.4807185803718,720.1271936902066,702.2397899289429,704.0137329101562,4312058,0.0,0.0,688.59755859375,699.545322265625,696.5127636049314,691.0039273447112,54.5236905076665,6.7568462772787825,3.9625615415660835,2.794284735712699
2022-01-19 00:00:00+05:30,703.6687743469511,704.6543048432354,691.5467612730565,693.517822265625,5879490,0.0,0.0,689.53134765625,699.3580712890625,696.227531096426,691.1025114592569,49.45408556950021,5.605169644079069,2.248707926693096,3.356461717385973
2022-01-20 00:00:00+05:30,695.7845726950527,709.2370888483324,695.0454247778837,705.048583984375,4812496,0.0,0.0,691.3373352050781,698.9628735351563,697.0676313714688,691.6494162641635,54.463334923926205,5.558815158092671,1.7618827525653575,3.796932405527313
2022-01-21 00:00:00+05:30,699.3324017471351,703.6687599025755,679.3754096070411,685.1900634765625,6704622,0.0,0.0,692.2341674804687,698.3055236816406,695.9364344290968,691.3961083117086,46.00696861564939,3.874993737872387,0.06244906587605881,3.8125446719963283
2022-01-24 00:00:00+05:30,680.3117176274808,696.7700896249793,667.5490851435519,679.9175415039062,11091633,0.0,0.0,692.9314331054687,697.2490368652344,694.4108255790786,690.9459684368929,44.051303399487246,2.0910009152328257,-1.3772350054108022,3.468235920643628
2022-01-25 00:00:00+05:30,674.1028652270652,710.0254641544354,672.2796578541404,701.5498657226562,14128764,0.0,0.0,694.4984252929687,696.7424743652343,695.0907341641812,691.3618075461385,52.897975579170655,2.3951121637746837,-0.8584990054951556,3.2536111692698393
2022-01-27 00:00:00+05:30,696.2773315818034,705.6398717800017,691.3496788459096,697.0164794921875,8937312,0.0,0.0,695.9964324951172,696.28814453125,695.2741384811342,691.58355938716,51.07531728874709,2.244443588962099,-0.8073340642461924,3.0517776532082914
2022-01-28 00:00:00+05:30,704.5557466695699,743.0899634172764,691.4974681347172,705.4426879882812,21450677,0.0,0.0,697.7925628662109,696.2043737792969,696.2425717675292,692.1270546264196,54.23194131904524,2.772996880874757,-0.2230246178668276,2.9960214987415847
2022-01-31 00:00:00+05:30,717.466197879612,724.3649113207621,709.1384531952507,718.7473754882812,10745370,0.0,0.0,700.0346435546875,696.4990466308594,698.3858864076008,693.1709887778653,58.7567937600223,4.21684707390159,0.976660460128004,3.240186613773586
2022-02-01 00:00:00+05:30,722.3938702823318,724.3649313199371,707.9065596255313,712.5878295898438,4814511,0.0,0.0,701.5991729736328,696.1235607910156,699.7384524249572,693.93243351559,55.996644101346064,4.808653711025613,1.2547736778016212,3.553880033223992
2022-02-02 00:00:00+05:30,715.5936328285945,721.1619039096762,710.0746863914202,714.558837890625,3286577,0.0,0.0,702.9592041015625,695.4563549804687,701.1499177074018,694.7413121185326,56.69763217186704,5.374751838623638,1.4566974443197163,3.9180543943039217
2022-02-03 00:00:00+05:30,715.4951636205615,718.4517552057704,708.1036846575391,711.2081298828125,3651578,0.0,0.0,704.0260406494141,694.7221350097657,702.1078426764885,695.3870696779161,55.090921498907264,5.489732332971812,1.2573423509343122,4.2323899820375
2022-02-04 00:00:00+05:30,710.6660551728611,712.7849699150585,706.1326387060344,709.7791137695312,3284198,0.0,0.0,704.5089508056641,693.8361437988282,702.838439923445,695.9514635638618,54.38310290772731,5.4032601262538265,0.9366961153730609,4.466564010880766
2022-02-07 00:00:00+05:30,707.6109452406228,709.6805353650622,689.3786297991861,696.27734375,6833983,0.0,0.0,704.5976501464844,693.2004772949218,702.2135736212122,695.9642431790046,48.0955060148806,4.19687135730976,-0.2157541228568043,4.4126254801665645
2022-02-08 00:00:00+05:30,700.9093474213727,704.3587043868794,690.8569236629221,698.6426391601562,7167684,0.0,0.0,704.7922943115234,692.6002917480469,701.873484624921,696.0692783155204,49.20349116189196,3.392551911712985,-0.816058854762864,4.208610766475849
2022-02-09 00:00:00+05:30,696.8685965200127,715.593676128322,691.9902686384021,708.9413452148438,10185173,0.0,0.0,705.5757873535156,692.4248657226562,702.5466142049137,696.5740652527487,53.82532938762026,3.5452747446055355,-0.5306688174962506,4.075943562101786
2022-02-10 00:00:00+05:30,712.4893047416299,716.4314268397624,698.3469056233737,713.5733642578125,6074014,0.0,0.0,705.2727355957031,692.4603442382812,703.5967808766184,697.2407044294179,55.77439738792835,3.9940331869706824,-0.06552830010488364,4.059561487075566
2022-02-11 00:00:00+05:30,711.2573364281275,714.9038111165187,700.6136196189892,704.8021240234375,5646980,0.0,0.0,704.4522827148437,692.1173791503907,703.7115754620297,697.537230688007,51.353892209783126,3.600408435802592,-0.36732244101837974,3.967730876820972
2022-02-14 00:00:00+05:30,693.813472070244,693.813472070244,675.0883925683482,679.7203979492188,7441445,0.0,0.0,702.9296417236328,691.5526696777343,701.4267014131906,696.8385313649172,41.27887181486534,1.2501612267069504,-2.174055720091217,3.4242169467981673
2022-02-15 00:00:00+05:30,685.9292242646382,702.781771662061,676.6652135542838,701.2542114257812,4650249,0.0,0.0,702.0894744873046,691.8276318359375,701.410273795342,697.0116952888727,50.29501369184661,1.1123496880620678,-1.84949380698888,2.961843495050948
2022-02-16 00:00:00+05:30,707.0195979291983,717.6633151959513,697.7555872579089,711.3558959960938,5433910,0.0,0.0,702.4565826416016,692.2799914550782,702.3574759096994,697.5742129636657,53.87300322348029,1.797533722504113,-0.9314478180374683,2.7289815405415814
2022-02-17 00:00:00+05:30,713.9675804425545,716.9734364274157,704.6543052173226,706.6253662109375,5107708,0.0,0.0,703.1119598388672,692.3164562988281,702.7639416526744,697.9291601498331,51.98577555180299,1.936509906541687,-0.6339773071999155,2.5704872137416026
2022-02-18 00:00:00+05:30,701.7469808435051,709.13845959718,701.0570974627605,702.23974609375,4099366,0.0,0.0,702.9715179443359,692.2888610839843,702.7140182661102,698.0982027358691,50.22901065168814,1.6734758544132546,-0.7176090874626788,2.3910849418759335
2022-02-21 00:00:00+05:30,697.804836213051,706.1818451955653,692.82791937737,699.6773681640625,4307430,0.0,0.0,703.6958831787109,692.2740783691406,702.4248134944867,698.1601307918767,49.183224292838474,1.2439178778199675,-0.9177336512447729,2.1616515290647405
2022-02-22 00:00:00+05:30,684.1552851536699,692.3351762735464,677.5522187730437,689.1322021484375,9148804,0.0,0.0,704.1566162109375,692.198193359375,701.1588505091486,697.8060943744869,45.02825003639345,0.05198407864065757,-1.6877339603392665,1.739718038979924
2022-02-23 00:00:00+05:30,689.9698733994449,698.691854344989,689.3785791650383,694.2077026367188,4124469,0.0,0.0,703.7895080566407,692.4504895019531,700.49683642606,697.6649809730058,47.33440492560506,-0.47757636984079,-1.7738355270565713,1.2962591572157813
2022-02-24 00:00:00+05:30,672.1318084582405,678.5870212744685,636.1106803139375,661.1924438476562,14139461,0.0,0.0,701.9983062744141,692.1636999511719,696.7535609424025,696.2346853994626,36.583315237688154,-3.5207275491762857,-3.8535893651136535,0.33286181593736797
2022-02-25 00:00:00+05:30,667.6969186930031,685.0915562075799,667.6969186930031,678.6856079101562,6452099,0.0,0.0,700.6604522705078,692.3066015625,695.03280351076,695.5464862822349,43.859299295963574,-4.469374473309017,-3.841789031397108,-0.6275854419119091
2022-02-28 00:00:00+05:30,671.1462934901049,680.0160682939389,656.8068362543087,676.5667114257812,8301523,0.0,0.0,698.5514190673828,692.7096850585938,693.2741280740954,694.8021813859034,43.21256732907382,-5.330712102385178,-3.762501328378615,-1.568210774006563
2022-03-02 00:00:00+05:30,674.1028801532954,674.1028801532954,656.363330675577,664.4939575195312,10220908,0.0,0.0,696.1467254638671,693.0250549316406,690.5331594498513,693.6136235872222,39.62717229210334,-6.9078691079732835,-4.271726667173376,-2.6361424407999072
2022-03-03 00:00:00+05:30,665.2331328677387,669.9636675599513,658.9257131767805,662.3258056640625,6517030,0.0,0.0,693.5350738525391,693.1245947265625,687.8467448035857,692.3866503353336,39.00131654700493,-8.237769256286583,-4.48130145238934,-3.7564678038972428
2022-03-04 00:00:00+05:30,655.3778162000579,658.2851433549566,640.5948579399062,644.2413330078125,7094874,0.0,0.0,690.186734008789,692.5125805664062,683.6938484420835,690.4985986754308,34.155737689208884,-10.628472099978808,-5.497603436865251,-5.1308686631135565
2022-03-07 00:00:00+05:30,630.7394579709616,669.5200552713441,629.753927567882,665.6272583007812,12615451,0.0,0.0,687.9791412353516,692.4465490722656,681.9732208095786,689.523251994072,43.150683033881855,-10.674407955854349,-4.434831434192633,-6.239576521661716
2022-03-08 00:00:00+05:30,665.2330658271756,676.9115778108946,657.9401163039715,673.1173095703125,8462985,0.0,0.0,686.8211395263672,692.5638269042969,681.1298006915533,688.8798817029442,45.9363389568954,-9.991254944445473,-3.001342738227005,-6.9899122062184675
2022-03-09 00:00:00+05:30,672.1317842142873,687.9002718204875,664.5431875234021,681.4943237304688,9896395,0.0,0.0,685.9637237548828,692.8742687988281,681.16451717145,688.5902519785334,48.94929704497251,-8.673908806554891,-1.347197280269138,-7.326711526285753
2022-03-10 00:00:00+05:30,689.8221098710477,697.2628533784654,680.607363279363,687.6539306640625,5989327,0.0,0.0,684.8993530273438,693.2231469726562,681.7825565516988,688.553533495613,51.10695765727398,-7.051587389783549,0.22009930920176402,-7.271686698985313
2022-03-11 00:00:00+05:30,686.6191049013439,692.2366407287375,681.4943343193005,684.7958374023438,3353880,0.0,0.0,683.4604766845703,693.5779370117187,682.0695356803317,688.4061728645044,50.049914242420115,-5.9281739201449,1.0748102230723307,-7.002984143217231
2022-03-14 00:00:00+05:30,678.1928157298001,694.6511264265812,678.1928157298001,690.2655639648438,4016137,0.0,0.0,682.7336486816406,693.9928466796875,682.8501098026662,688.479090162557,52.092093645524606,-4.544117670625951,1.967093178073024,-6.511210848698975
2022-03-15 00:00:00+05:30,688.8858017516249,699.2338717350183,685.4364450904936,692.9264526367188,6006439,0.0,0.0,683.3939514160156,694.3732604980469,683.8097615011475,688.6534965340927,53.096724694983074,-3.195693676002861,2.652413738156892,-5.848107414159753
2022-03-16 00:00:00+05:30,699.7266319360626,705.1470495073983,694.7989795984847,701.6976928710938,3843706,0.0,0.0,683.4161254882813,694.78126953125,685.5133740125709,689.1650336453478,56.34638944099009,-1.4031178931314798,3.5559916168226184,-4.959109509954098
2022-03-17 00:00:00+05:30,709.5819400111145,717.4169192958051,704.6542876499262,712.4400024414062,8168953,0.0,0.0,683.4703308105469,695.2829052734374,688.0778148153172,690.077777519703,60.00149935248482,0.8742481462729756,4.666686124981659,-3.7924379787086835
2022-03-21 00:00:00+05:30,711.5530063433642,713.8689789098564,696.5729310215236,697.9526977539062,6317305,0.0,0.0,683.0366973876953,695.44453125,689.0182798570876,690.3865979210442,53.49605933450701,1.4928639212048438,4.2282415199308225,-2.7353775987259783
2022-03-22 00:00:00+05:30,698.2483812636453,710.5675129020301,695.6367012955038,708.8428344726562,3000133,0.0,0.0,683.3668518066406,695.6189697265625,690.9063326776179,691.1103719034604,57.24836114723451,2.8292505609383625,4.451702527731472,-1.6224519667931099
2022-03-23 00:00:00+05:30,708.8428303411432,709.4341245955353,692.8279593045862,694.749755859375,7974713,0.0,0.0,683.1204711914063,695.6238977050781,691.2723729806423,691.2530928429081,51.461444755883605,2.7198007675226563,3.473802187452613,-0.7540014199299567
2022-03-24 00:00:00+05:30,687.9002998227401,698.5932818551696,687.7524461846107,696.1294555664062,3597143,0.0,0.0,683.4703338623046,695.6514916992187,691.7349522745246,691.4443227536335,51.973280314989836,2.713116139424301,2.773694047483406,-0.060577908059105234
2022-03-25 00:00:00+05:30,701.9933253842759,704.1122399061778,695.6366419705748,699.0859985351562,2930336,0.0,0.0,683.7142486572266,695.7677819824219,692.4350519183943,691.7439963136932,53.11423634958398,2.912809774296875,2.378710145884784,0.5340996284120908
2022-03-28 00:00:00+05:30,704.9007440577418,726.3360340727797,699.8252375336059,722.4431762695312,7960258,0.0,0.0,686.7767852783203,695.8239575195313,695.2929685232644,692.947885723726,60.99739781808582,4.899321133428543,3.492177204013162,1.4071439294153814
2022-03-29 00:00:00+05:30,729.6867887173447,751.9597534210449,726.3359610371036,744.0262451171875,15833573,0.0,0.0,690.0438171386719,696.2802587890625,699.934232960781,694.9509586411167,66.58778855093176,8.121598247280076,5.371563454291755,2.7500347929883207
2022-03-30 00:00:00+05:30,751.7133691137516,758.7599360643127,733.8259669481773,738.6550903320312,9938988,0.0,0.0,693.1482360839843,696.8498962402343,703.6219336628048,696.6648461584074,64.12451945148281,10.125152319461563,5.900094021178594,4.225058298282969
2022-03-31 00:00:00+05:30,742.1044486579906,748.0176315158232,728.9969053535297,744.0262451171875,7371181,0.0,0.0,697.1248504638672,697.3692700195312,707.469963325127,698.5221559214968,65.49898489000454,12.007970252670702,6.226329563510187,5.781640689160516
2022-04-01 00:00:00+05:30,748.8060799943592,755.5570001739692,738.4087449980946,747.52490234375,5920139,0.0,0.0,701.3848052978516,698.2394934082031,711.2847194221387,700.4438322517813,66.4019451606265,13.625364705564152,6.27497921312291,7.350385492441243
2022-04-04 00:00:00+05:30,746.8842670891387,763.786139263977,745.258177851588,756.6903076171875,5783224,0.0,0.0,707.0072540283203,699.5029431152344,715.6090611550005,702.649576383758,68.71213494858424,15.468422720890999,6.494429782759806,8.973992938131193
2022-04-05 00:00:00+05:30,756.6903391120445,762.6035223718187,749.9887434480358,755.5076904296875,3990794,0.0,0.0,711.5012756347656,700.5121252441406,719.4089306097326,704.7224436012455,68.06183402712641,16.641795889213768,6.134242360866059,10.507553528347708
2022-04-06 00:00:00+05:30,752.9453034052682,769.4036748163871,751.9597729034289,764.4267578125,7490027,0.0,0.0,716.066748046875,702.0968591308593,723.696342724282,707.0637892565888,70.34159180832769,18.082947810725614,6.060315425902324,12.02263238482329
2022-04-07 00:00:00+05:30,763.7861913887594,766.5949294511261,748.5597320590585,751.3685302734375,5818505,0.0,0.0,719.5604583740235,703.52587890625,726.3317891575348,708.8012300807791,63.22581025627391,17.964299993287113,4.7533340867710585,13.210965906516055
2022-04-08 00:00:00+05:30,757.2323193993534,757.2323193993534,746.6378667512156,751.07275390625,5583587,0.0,0.0,722.7313995361328,704.5163366699219,728.6880715145553,710.4589368974641,63.07017843607187,17.643026238158996,3.5456482653143517,14.097377972844644
2022-04-11 00:00:00+05:30,746.046564901415,754.1279267761909,745.0610344325888,747.0813598632812,4927865,0.0,0.0,725.8456756591797,705.5176342773437,730.439813262053,711.895110347104,60.89191964025716,16.871854099082043,2.219580900989918,14.652273198092125
2022-04-12 00:00:00+05:30,748.9539593832303,748.9539593832303,729.3911417209284,730.9187622070312,3904026,0.0,0.0,727.8783355712891,706.0271557617187,730.485427447289,712.6411359102384,52.92137853734103,14.786063532080789,0.10703226719093095,14.679031264889858
2022-04-13 00:00:00+05:30,731.2636697237122,745.5538627304423,727.2722830177519,729.9332275390625,6343030,0.0,0.0,729.7286743164062,706.2508728027344,730.4328369798388,713.3192571505845,52.47036698179813,12.904776834767858,-1.4194035440976016,14.32418037886546
2022-04-18 00:00:00+05:30,725.9910863678675,729.4404432104315,712.9328068924469,718.9445190429688,8950327,0.0,0.0,730.591015625,706.3780065917969,729.3387114620417,713.5398556561682,47.59937717227809,10.407179151033574,-3.1336009822655093,13.540780133299084
2022-04-19 00:00:00+05:30,728.3070336627235,728.3070336627235,706.4775092018808,713.0313110351562,9957060,0.0,0.0,730.6205810546875,706.3474560546875,727.7856257071002,713.519912729854,45.16936583659995,7.860062615848847,-4.54457401396019,12.404636629809037
2022-04-20 00:00:00+05:30,719.4864953196568,733.7274223986276,713.4747836160108,728.6519165039062,6632292,0.0,0.0,732.1555419921875,706.6963317871093,727.8681295925103,714.113324642562,52.12274151421374,7.020973315238621,-4.306930651656334,11.327903966894954
2022-04-21 00:00:00+05:30,733.1361625724064,733.1361625724064,719.4372645697948,725.1040649414062,6111830,0.0,0.0,732.968603515625,707.0028308105469,727.6048853400241,714.5443340660461,50.55459960590917,6.000536578262086,-4.261893910906295,10.26243048916838
2022-04-22 00:00:00+05:30,720.4228074436866,730.1795836162446,718.4517464110089,728.0606689453125,5182247,0.0,0.0,734.6341491699219,707.6384973144532,727.6482933024325,715.0743864142527,51.85454703932121,5.36852137349797,-3.9151272925363294,9.2836486660343
2022-04-25 00:00:00+05:30,719.38796633514,732.2491267188453,718.5995540029905,728.6519165039062,3571031,0.0,0.0,736.2602722167969,708.2386828613281,727.7438764644776,715.6068385746313,52.1256061842341,4.859338082433737,-3.539448466880451,8.398786549314188
2022-04-26 00:00:00+05:30,734.2202070676017,747.9191047904711,728.4055531790153,745.356689453125,4987848,0.0,0.0,738.5738067626953,708.9669897460938,729.4212872253012,716.7734993933957,59.12722979619335,5.737602712649618,-2.128947069331657,7.866549781981275
2022-04-27 00:00:00+05:30,739.1478681089078,750.5307332473834,735.599982402788,741.6116943359375,4571399,0.0,0.0,739.5322326660156,709.5277563476562,730.582278378695,717.7475462538875,57.11068352051341,6.061569946773602,-1.4439838681661392,7.505553814939741
2022-04-28 00:00:00+05:30,740.1334042272738,743.3856428412796,733.8259849773167,736.5361938476562,6101866,0.0,0.0,739.1577301025391,710.1624377441407,731.1493179471674,718.4843559634471,54.40265605105095,5.841429479323779,-1.3312994684927704,7.172728947816549
2022-04-29 00:00:00+05:30,741.1189648701793,749.9887397157,724.906975483242,728.3070678710938,7219115,0.0,0.0,738.6403289794922,711.1341711425781,730.8786274637318,718.8695603519823,50.242881739502245,4.945931263341663,-1.7814381475799088,6.727369410921572
2022-05-02 00:00:00+05:30,723.3793609861392,732.1998706743414,719.7821507296973,730.6229858398438,3938533,0.0,0.0,737.970166015625,711.7215466308594,730.8542806424092,719.3304789985651,51.36984425404158,4.372711800881689,-1.8837260880319064,6.256437888913595
2022-05-04 00:00:00+05:30,726.3359870332404,728.6519596746459,706.6253768016735,711.947265625,6785271,0.0,0.0,736.1912841796875,711.7333740234375,729.053612545513,719.0409412192097,42.92643332638267,2.383975717133353,-3.0979697374241937,5.481945454557547
2022-05-05 00:00:00+05:30,715.4950966854757,722.4923387217359,703.9151140600566,708.547119140625,4836692,0.0,0.0,733.7841247558594,711.7718090820313,727.100613173619,718.6294187847554,41.586249465572244,0.5274445847635434,-3.9636006958352032,4.491045280598747
2022-05-06 00:00:00+05:30,700.9586140606782,713.425599763476,697.5092570846327,699.9730834960938,5912312,0.0,0.0,731.0073944091797,711.7264758300781,724.5170389186165,717.8977977930432,38.33598606694923,-1.6170820186200672,-4.886501839375051,3.269419820754984
2022-05-09 00:00:00+05:30,695.8830672536236,710.0747306217883,694.256978007527,701.2049560546875,4819274,0.0,0.0,727.846304321289,711.7570275878907,722.2968405506233,717.2431765484018,39.072778833013416,-3.180569358264961,-5.159991343215956,1.9794219849509949
2022-05-10 00:00:00+05:30,700.7121975148985,717.9589815606239,699.8745206363384,709.237060546875,6746893,0.0,0.0,725.7397308349609,712.1591247558594,721.0530519788377,716.9292112150085,43.788889419651,-3.7285403417067755,-4.5663698613262165,0.8378295196194409
2022-05-11 00:00:00+05:30,709.2370366091282,724.364905472131,706.5268277791304,712.3906860351562,6919703,0.0,0.0,723.8056274414063,712.5227844238282,720.2280647461062,716.7512298354065,45.57033961279519,-3.8638005850338004,-3.761304083722593,-0.10249650131120747
2022-05-12 00:00:00+05:30,704.9006886485515,712.3414318775649,691.1032616774509,695.1932373046875,6754953,0.0,0.0,721.2112213134766,713.2028002929687,717.8437954659711,715.9058183636137,38.4197112803904,-5.297618046651905,-4.156097236272558,-1.141520810379347
2022-05-13 00:00:00+05:30,702.6832728466906,702.6832728466906,674.8420351778,679.9175415039062,11938252,0.0,0.0,718.6611602783203,713.2274389648437,714.2317712791078,714.4945133887232,33.405510557532565,-7.579181614116919,-5.150128642990058,-2.4290529711268616
2022-05-16 00:00:00+05:30,675.9260536715001,687.9002730293028,669.8158128349654,683.1697387695312,5412233,0.0,0.0,716.3229858398438,713.3594995117187,711.273482468672,713.2660908546372,35.34033528454825,-9.020924437931512,-5.273497173443721,-3.7474272644877917
2022-05-17 00:00:00+05:30,684.9437053075337,699.7266629760417,680.8537296251097,696.8193359375,4847812,0.0,0.0,715.2167266845703,714.0060070800781,709.8968970847509,712.621120073573,42.84582345627955,-8.95883571455306,-4.169126760052215,-4.7897089545008456
2022-05-18 00:00:00+05:30,710.5674332584995,716.6284694060412,679.2275779135599,686.0770263671875,18992703,0.0,0.0,713.8690124511719,714.4810314941407,707.6283379687925,711.5801752223423,39.00818745174918,-9.665032085440316,-3.9002585047515765,-5.76477358068874
2022-05-19 00:00:00+05:30,675.0884106798352,682.9726548921545,658.186538088872,664.4939575195312,7322668,0.0,0.0,710.6611145019531,714.886083984375,703.5203017355295,709.7336568810556,32.67562593320692,-11.829903314462172,-4.852103787018745,-6.977799527443427
2022-05-20 00:00:00+05:30,678.5377053337396,681.4942966423833,673.1172879345594,677.9464111328125,5577407,0.0,0.0,708.3032318115235,715.1324670410156,701.0846931066993,708.4870982242618,39.29093557766384,-12.318083580989992,-4.272227242837252,-8.04585633815274
2022-05-23 00:00:00+05:30,671.9346998304331,683.8596552726452,669.7665206453028,675.9260864257812,3788601,0.0,0.0,705.6965026855469,715.188642578125,698.6886353275643,707.2101958007919,38.676286858962214,-12.721349480614094,-3.7403945139690826,-8.980954966645012
2022-05-24 00:00:00+05:30,679.2768794971466,679.2768794971466,666.0707470790546,668.3867797851562,4053608,0.0,0.0,702.6832458496094,714.9264916992188,695.8027443235254,705.687708898218,36.38860844584057,-13.493752074379472,-3.6102376861875687,-9.883514388191903
2022-05-25 00:00:00+05:30,671.39261679492,679.9174792194299,669.7172030051776,678.2420654296875,4188088,0.0,0.0,699.3275146484375,714.7382543945313,694.1302987145884,704.6114091543542,41.27819450074863,-13.158959216661856,-2.620355862775961,-10.538603353885895
2022-05-26 00:00:00+05:30,680.016010014112,685.436427485239,666.120054739843,683.6132202148438,5780597,0.0,0.0,696.4275909423828,714.7146020507812,693.1286721908032,703.7879507645695,43.813064427898674,-12.318229282977086,-1.4237007432729527,-10.894528539704133
2022-05-27 00:00:00+05:30,686.9639945297187,689.8713214146529,666.218590394722,674.4970703125,7131633,0.0,0.0,693.325634765625,714.3992321777343,691.354233916679,702.6392887860569,40.608960291498214,-12.24637329542827,-1.0814758045793091,-11.164897490848961
2022-05-30 00:00:00+05:30,677.5029292760527,693.5670638033708,673.1173066823478,688.93505859375,4675033,0.0,0.0,691.3570343017578,714.319404296875,691.1238362668762,702.1018679942017,47.19545311727398,-10.898767706731292,0.21290382729413615,-11.111671534025428
2022-05-31 00:00:00+05:30,687.4075370135678,696.3758406758085,682.5784134095863,690.0684814453125,44593174,0.0,0.0,689.3293090820313,714.0868200683594,691.0233262838701,701.6299704824805,47.685933607287524,-9.628333383191944,1.1866705206667891,-10.815003903858733
2022-06-01 00:00:00+05:30,691.3989405750737,695.9816816619137,681.2479880101705,684.5988159179688,3749781,0.0,0.0,687.9618865966797,713.5299963378907,690.4114681537842,700.962082068186,45.48999692763693,-8.959580854016735,1.4843384398735981,-10.443919293890334
2022-06-02 00:00:00+05:30,678.9320264690601,686.8655354422671,673.1666366050439,685.8800048828125,3466993,0.0,0.0,686.8285308837891,713.2885424804688,689.9799002232155,700.3706280609164,46.11592874452487,-8.231322848447462,1.7700771563542972,-10.00140000480176
2022-06-03 00:00:00+05:30,686.9640465265402,690.6597860281377,675.334798258582,676.5667114257812,6673615,0.0,0.0,685.6582122802735,712.6430200195313,688.702453671079,699.4371411340484,42.31234728722047,-8.30988687657134,1.3532105025843357,-9.663097379155676
2022-06-06 00:00:00+05:30,672.3289063382822,679.8189139349697,666.7113705647631,673.0680541992188,6407024,0.0,0.0,684.2513671875,712.2093859863281,687.2134632451874,698.4030592934668,40.94607630443123,-8.555835487886384,0.8858095130154346,-9.441645000901818
2022-06-07 00:00:00+05:30,668.337526286275,677.3058296902686,663.5576673154811,675.384033203125,8349903,0.0,0.0,682.5587158203125,711.7944775390625,686.0868508602291,697.5003523879632,42.274855023963106,-8.466277408258748,0.7802940741144582,-9.246571482373206
2022-06-08 00:00:00+05:30,672.6245909020348,677.8478907130699,650.8936546109866,653.702392578125,13904149,0.0,0.0,679.624301147461,710.8868054199219,683.002616738124,695.7827853365969,34.45793952375235,-10.029218593356632,-0.6261176887867403,-9.403100904569891
2022-06-09 00:00:00+05:30,650.4501377904686,669.5694537802647,645.6210142218267,666.5635375976562,6774925,0.0,0.0,678.1928161621094,709.7692126464843,681.4369901533175,694.6369324840895,41.381937424758995,-10.113491787036423,-0.5683127059732254,-9.545179081063198
2022-06-10 00:00:00+05:30,658.3343695154696,666.6621142141431,658.3343695154696,663.60693359375,3221484,0.0,0.0,677.3772857666015,708.1608264160157,679.7388895285968,693.4200697825075,40.327226604194905,-10.300118776276236,-0.6039517561704297,-9.696167020105806
2022-06-13 00:00:00+05:30,650.5487153354385,663.6069955914606,648.4791251669875,661.586669921875,5982102,0.0,0.0,676.2981323242187,706.6194580078125,678.0101067089091,692.1717011605219,39.58480488630552,-10.490116866727362,-0.6351598772972444,-9.854956989430118
2022-06-14 00:00:00+05:30,659.4184588130645,679.4247768529802,659.4184588130645,672.1810913085938,8878530,0.0,0.0,675.0662200927734,705.1825549316407,677.4549623850695,691.3877556761327,45.27458220330586,-9.67429125014337,0.14453259142939956,-9.818823841572769
2022-06-15 00:00:00+05:30,672.0825531922228,675.0884092614522,663.7548082300556,672.2303466796875,6005970,0.0,0.0,674.3738861083984,703.6766638183594,676.957379936938,690.6364847350957,45.30037476476643,-8.9209340992835,0.7183117938314147,-9.639245893114914
2022-06-16 00:00:00+05:30,673.2158653903681,674.0043379177148,640.5948296636825,644.7340698242188,9525587,0.0,0.0,673.3858917236328,701.4375390625,673.8884932595361,688.8363900327084,35.298765474082344,-10.422469139367536,-0.6265785970020961,-9.79589054236544
2022-06-17 00:00:00+05:30,646.5079463759257,652.1747462107757,628.7683990668302,634.336669921875,11085830,0.0,0.0,671.2054046630859,699.0141186523438,670.1216529416636,686.6991461067935,32.38688952494355,-12.30953311865892,-2.010914061034784,-10.298619057624135
2022-06-20 00:00:00+05:30,635.6179124011077,638.0817386681466,625.0234594528401,631.6265258789062,3883001,0.0,0.0,668.9904266357422,696.3581140136719,666.4554503642581,684.5394355096215,31.653908050325814,-13.863916295392983,-2.852237790215076,-11.011678505177906
2022-06-21 00:00:00+05:30,632.8090966887161,648.6269090028612,631.2322719826612,644.8325805664062,3515991,0.0,0.0,667.8127166748047,694.2273950195313,664.3961294311293,682.9823039432209,38.90935050167933,-13.870270076504767,-2.2868732570614885,-11.583396819443278
2022-06-22 00:00:00+05:30,639.2150793709319,640.9397578029478,632.168572154187,633.5482788085938,4348884,0.0,0.0,665.57802734375,691.8769055175782,661.4582388956497,681.0437147222551,35.44667349303343,-14.617354574278238,-2.4271662038679676,-12.19018837041027
2022-06-23 00:00:00+05:30,638.7716467953179,654.9835761387757,638.377410516518,650.6472778320312,4336533,0.0,0.0,663.9297302246093,689.9482238769531,660.4286235562575,679.8516975893052,43.6325809638005,-13.672074933065687,-1.1855092501243334,-12.486565682941354
2022-06-24 00:00:00+05:30,652.5197343065458,665.92298549184,652.5197343065458,661.4880981445312,5621332,0.0,0.0,663.2792816162109,688.5596105957031,660.5295258979979,679.1315564346082,48.124069028803525,-11.910869321055202,0.4605570895089226,-12.371426410564125
2022-06-27 00:00:00+05:30,665.2330789748236,677.0594448232648,661.4880751532186,674.0535888671875,5284297,0.0,0.0,662.5352081298828,687.4420178222656,661.8175318950636,678.932420451572,52.81705382168888,-9.392895643500992,2.3828246136505076,-11.7757202571515
2022-06-28 00:00:00+05:30,673.1173357937957,674.9898678165438,666.5142693712734,671.2941284179688,3216376,0.0,0.0,661.5964904785156,686.4890100097656,662.7200648972449,678.6328795875093,51.71070243682618,-7.5332105969959,3.39400772812448,-10.92721832512038
2022-06-29 00:00:00+05:30,667.2041824789699,679.1290780754705,665.2331213785889,677.847900390625,5011798,0.0,0.0,661.2589447021485,685.785341796875,664.1608111347098,678.6020960895924,54.16629179955684,-5.46753582374447,4.367746001100729,-9.835281824845199
2022-06-30 00:00:00+05:30,679.8189223677002,681.5928652255512,669.1752050685867,675.0391235351562,6505666,0.0,0.0,660.7169006347656,684.7130859375,665.1968408871332,678.4623716756929,52.92415512810478,-4.010883533186075,4.6595186333273,-8.670402166513375
2022-07-01 00:00:00+05:30,674.9405786777792,675.8768447384095,656.3633517177437,663.70556640625,4488771,0.0,0.0,660.073843383789,683.4851159667969,665.0548147460968,677.8836734298325,48.12821536036777,-3.728025087525225,3.9539016631905204,-7.681926750715745
2022-07-04 00:00:00+05:30,660.7981925306004,675.5811498579069,656.4125698264313,672.0332641601562,4229588,0.0,0.0,660.022103881836,682.3645678710938,665.7194289760072,677.6542456153354,51.59892434131496,-2.799609959273994,3.9058534331534016,-6.705463392427395
2022-07-05 00:00:00+05:30,673.4130025426831,679.3261857527498,670.210028303897,674.54638671875,3494504,0.0,0.0,659.9802215576171,681.2824572753906,666.5600916181733,677.5323687958614,52.62900890263048,-1.8398377890550819,3.8925004826978507,-5.7323382717529325
2022-07-06 00:00:00+05:30,674.595659841524,684.8944660944886,674.3000127076422,683.908935546875,4697006,0.0,0.0,661.4905487060547,680.0535021972656,668.2123624685258,677.7824302370776,56.35559810618613,-0.32004273163659036,4.329836432093074,-4.649879163729664
2022-07-07 00:00:00+05:30,681.9870750855963,686.4219621345634,675.531862633612,676.8623046875,3485283,0.0,0.0,662.0054870605469,678.7585144042969,669.0361664893805,677.7463468821923,52.97757047775636,0.3122027032754886,3.9696654936041225,-3.657462790328634
2022-07-08 00:00:00+05:30,678.0449855821296,686.5205238411029,676.7145434648284,685.091552734375,2732170,0.0,0.0,663.0797180175781,677.7296215820312,670.5652508936657,678.0343941705131,56.273896983328996,1.4604580568374104,4.094336677732835,-2.633878620895425
2022-07-11 00:00:00+05:30,665.2331158625713,671.1462991146831,649.4153626935745,650.9921875,18687521,0.0,0.0,662.5499938964844,676.1833239746094,668.7011496180785,676.9739154775518,42.864864601682726,-0.37673236071327665,1.8057170081457188,-2.1824493688589954
2022-07-12 00:00:00+05:30,653.6530598544068,657.2502699965783,650.4500859463377,653.4066772460938,7416645,0.0,0.0,661.6112731933594,674.6389978027344,667.244533201699,676.0497100567103,43.88448186450806,-1.6192244475878397,0.4505799370169248,-2.0698043846047645
2022-07-13 00:00:00+05:30,660.3053996242473,660.3053996242473,631.7250166554365,634.1888427734375,12030163,0.0,0.0,659.7091979980469,673.0838293457032,664.0963722085313,674.4081074181506,38.06221923425774,-4.107280833156324,-1.6299811588412476,-2.477299674315076
2022-07-14 00:00:00+05:30,640.5948789636703,642.7630582767192,619.6523540744735,632.36572265625,11379990,0.0,0.0,659.0907806396484,671.5602014160156,661.0744055845046,672.7593864470957,37.55321261394276,-6.1552402234126475,-2.942352439278057,-3.2128877841345904
2022-07-15 00:00:00+05:30,639.5600365212503,647.9863103516957,633.9425005836171,642.3687744140625,5567877,0.0,0.0,659.4923858642578,670.408115234375,659.2929169016053,671.567597739918,42.1263291686867,-6.891657380700622,-2.943015677252825,-3.9486417034477967
2022-07-18 00:00:00+05:30,647.4935460878725,660.305442738013,639.7571556330141,653.4559936523438,8982417,0.0,0.0,660.5838592529296,669.4531359863281,658.7370194492946,670.8573387560916,46.77858303422518,-6.50563444639738,-2.0455941943596665,-4.460040252037714
2022-07-19 00:00:00+05:30,665.2330419960682,667.2041028612417,653.5052057874841,663.1634521484375,7836419,0.0,0.0,661.5004028320312,668.5316638183593,659.1585844682606,670.5556177126542,50.528366715103516,-5.354672387680466,-0.7157057085142018,-4.6389666791662645
2022-07-20 00:00:00+05:30,670.1607927971875,670.1607927971875,658.5315440114035,660.9461059570312,4458819,0.0,0.0,662.8702941894531,667.5027722167969,659.3288246100483,670.1787741143945,49.667560768164556,-4.568781896687483,0.05614782598302526,-4.624929722670508
2022-07-21 00:00:00+05:30,661.7838073234273,670.1115530424124,661.4881601696202,668.53466796875,3550107,0.0,0.0,663.7646636962891,666.9696008300781,660.2055715965913,670.1142993635849,52.64115539595648,-3.2956344638158726,1.0634362070837087,-4.359070670899581
2022-07-22 00:00:00+05:30,669.8650807510357,672.0332598421778,665.430193581339,669.02734375,2415220,0.0,0.0,664.1416259765625,666.751796875,661.0457403731065,670.0716736532482,52.835974285235686,-2.221295421736272,1.7102201993306476,-3.9315156210669198
2022-07-25 00:00:00+05:30,670.1607480980946,676.6159609206965,666.7606558016068,668.5839233398438,2913348,0.0,0.0,663.8681427001953,666.4600805664063,661.7636625604148,670.013330503703,52.62614280077443,-1.3896354594157856,2.0335041293209075,-3.423139588736693
2022-07-26 00:00:00+05:30,672.7231202107505,675.4333291863537,660.5518421447546,674.201416015625,5016687,0.0,0.0,664.0135070800782,666.0077221679687,662.9482105085301,670.1775691512294,55.06101255310951,-0.2740946434681746,2.519235956214815,-2.7933305996829896
2022-07-27 00:00:00+05:30,674.0536218360717,674.0536218360717,660.0098117041457,665.1345825195312,6237523,0.0,0.0,663.3778411865235,665.5888732910156,663.1564364143397,669.9798049695942,50.54540226218752,-0.12025200794437296,2.1384628733908935,-2.2587148813352664
2022-07-28 00:00:00+05:30,668.9781523842281,669.5695068293679,654.5894298326976,657.2010498046875,7374170,0.0,0.0,662.4859375,665.4430151367187,662.58925673723,669.4786773160685,46.919459680661426,-0.6312240398954145,1.3019926731518816,-1.9332167130472961
2022-07-29 00:00:00+05:30,663.0648749791626,670.8013251057774,661.290932198896,668.140380859375,7669970,0.0,0.0,662.7076782226562,665.24689453125,663.1179352250534,669.4261951020806,52.0294788991336,-0.15171162706246832,1.4252040687878624,-1.5769156958503308
2022-08-01 00:00:00+05:30,671.1101936213842,690.7599033625062,670.2192495282952,687.4437255859375,8812526,3.0,0.0,663.4782012939453,665.4772473144532,665.4346771641852,670.132764924977,59.44812454426942,1.7655715990941871,2.6739898359556142,-0.9084182368614272
2022-08-02 00:00:00+05:30,692.9376244331164,693.2345856168574,674.2778282857711,679.8707885742188,6236599,0.0,0.0,663.7444213867187,665.7069274902344,666.8095449175219,670.5146482053394,55.80211885265308,2.64348716738084,2.841524323393814,-0.19803715601297378
2022-08-03 00:00:00+05:30,681.0587337549982,689.8194214967442,680.0688228047729,686.1567993164062,5237250,0.0,0.0,663.8568145751954,665.8652221679688,668.6521405745585,671.1280658959695,58.09930339369027,3.8026356955590472,3.200538281257617,0.6020974143014304
2022-08-04 00:00:00+05:30,691.1558429193489,691.4528041228576,673.8324011553545,687.295166015625,6352142,0.0,0.0,664.3784576416016,665.9388610839844,670.4276668070411,671.7620698222305,58.51976600218808,4.758275496256715,3.3249424655642277,1.4333330306924874
2022-08-05 00:00:00+05:30,690.9578214253559,702.8367524527258,689.3244442413454,696.5508422851562,5811092,0.0,0.0,664.9514221191406,666.3799365234376,672.9155882811473,672.7341785462669,61.87005997419653,6.191115321765892,3.8062258328587237,2.3848894889071683
2022-08-08 00:00:00+05:30,700.8074901927592,702.6882848026477,691.9477748401873,697.2437744140625,5918607,0.0,0.0,667.2640014648438,666.5461108398438,675.232558389044,673.6953391685335,62.1167525868056,7.298433242954843,3.9308350032381396,3.3675982397167035
2022-08-10 00:00:00+05:30,706.6974578495627,710.7560686140117,698.8771371051424,708.0338134765625,12201239,0.0,0.0,669.9953582763671,666.9054174804687,678.3564874449982,675.0419460041425,65.82459057892251,8.94356084724302,4.4607700860210535,4.482790761221967
2022-08-11 00:00:00+05:30,711.5479926692667,712.141975502486,698.580183138815,702.6387939453125,7142902,0.0,0.0,673.417855834961,667.2662170410156,680.6690880640757,676.1241753351687,62.52916962501398,9.700185636175434,4.173915899962774,5.52626973621266
2022-08-12 00:00:00+05:30,702.6882453088701,705.3115334254982,699.5205786872255,702.539794921875,4540159,0.0,0.0,676.9265594482422,667.5994128417968,682.7520125267233,677.1600819856278,62.4673681964456,10.17454205143315,3.7186178521763917,6.455924199256758
2022-08-16 00:00:00+05:30,707.786392375711,708.7763034139987,693.4326823205392,696.996337890625,6679663,0.0,0.0,679.6579376220703,668.0080053710938,684.108614942333,677.9379743740591,58.95369518595137,9.988026521846677,2.8256818580719347,7.162344663774743
2022-08-17 00:00:00+05:30,699.8670363137012,717.33898861573,695.2144428003021,715.6561279296875,8812954,0.0,0.0,682.7679443359375,668.8597668457031,687.1131399887478,679.4171176507505,65.9055749910868,11.216602716633247,3.243406442286803,7.973196274346444
2022-08-18 00:00:00+05:30,717.6854523473353,728.5744730036397,713.6268415431882,725.802734375,10354897,0.0,0.0,685.8999084472656,669.8681408691406,690.7978632636289,681.2361614438584,68.98196387024896,12.860753779791366,3.9100460043559373,8.95070777543543
2022-08-19 00:00:00+05:30,722.833015292825,730.1583203500848,718.6753770606658,724.9118041992188,13743828,0.0,0.0,689.098193359375,671.2923291015625,694.0468100193993,682.9489317479902,68.39836942843152,13.931273672462112,3.9844527176213465,9.946820954840765
2022-08-22 00:00:00+05:30,724.4663380403481,726.9906594148986,717.0915494578295,720.2592163085938,8118490,0.0,0.0,691.6844207763672,672.3662426757812,696.5432296659892,684.4120801621315,65.29187667396138,14.24009251820894,3.4346172506945383,10.805475267514401
2022-08-23 00:00:00+05:30,717.6854708354385,735.1078801665914,715.2601768156375,730.1583251953125,8229797,0.0,0.0,694.7409698486329,673.6972705078125,699.7446673354486,686.2060505555895,68.56337504971405,15.109436852498561,3.4431692679873276,11.666267584511234
2022-08-24 00:00:00+05:30,715.5570841042827,746.5908276870621,710.7560403117069,731.2966918945312,14922081,0.0,0.0,697.8766082763672,675.0914709472656,702.7496220553613,687.9743110002539,68.92610386022255,15.70916965049787,3.2343216527893084,12.474847997708562
2022-08-25 00:00:00+05:30,737.2856975515423,746.4423742622399,727.8320596259937,733.5240478515625,9849958,0.0,0.0,700.842739868164,676.318330078125,705.6805197502376,689.7605751905014,69.66367055602143,16.177704715012737,2.96228537384334,13.215419341169397
2022-08-26 00:00:00+05:30,734.0190168967632,734.0190168967632,720.6552182074762,723.4764404296875,5928897,0.0,0.0,703.7598327636719,677.343251953125,707.3753693387566,691.082765984195,62.461316962064146,15.558910743699471,1.874793122024057,13.684117621675414
2022-08-29 00:00:00+05:30,710.459067580468,717.5864381700895,707.88526297955,713.3297729492188,5878942,0.0,0.0,706.5662689208984,678.715166015625,707.9424553968959,691.9551976298823,56.1481275865142,14.087370360397358,0.3226021909775536,13.764768169419805
2022-08-30 00:00:00+05:30,714.7157208121154,722.7339755066637,704.6186168275715,719.269287109375,8894800,0.0,0.0,709.1227142333985,680.413818359375,709.0212012742749,693.0263383937839,58.7748381844867,13.247721669897942,-0.4136371996174901,13.661358869515432
2022-09-01 00:00:00+05:30,719.1703066471733,738.473570211688,719.1703066471733,727.634033203125,11869518,0.0,0.0,711.1322296142578,682.3339685058594,710.7938519341653,694.383502896111,62.20811747971013,13.106179259806822,-0.4441436877668874,13.55032294757371
2022-09-02 00:00:00+05:30,717.6854845942283,733.425093872389,712.3894848411788,727.5845947265625,5693707,0.0,0.0,713.517919921875,683.9890087890625,712.392970295346,695.6855064973053,62.17515949304861,12.84198223086662,-0.5666725733656719,13.408654804232292
2022-09-05 00:00:00+05:30,727.5845712791514,734.4644646832844,725.8522270618201,732.9301147460938,3660135,0.0,0.0,715.8565856933594,685.9766455078125,714.3488888144649,697.1460793698068,64.37302983555573,12.915066130196806,-0.39487093922838845,13.309937069425194
2022-09-06 00:00:00+05:30,732.9300832425628,757.2818681688732,732.9300832425628,753.5697021484375,10166270,0.0,0.0,719.1703125,688.0350939941407,718.0842043700814,699.3587704591648,71.30590306120938,14.47160816740643,0.9293368783849871,13.542271289021443
2022-09-07 00:00:00+05:30,747.8777024732572,754.2131565494475,679.2768875797691,745.5018920898438,126794211,0.0,0.0,721.6178649902344,689.7153698730468,720.6954127243444,701.1683046407601,65.90700322006855,14.882616560347742,1.072276217061038,13.810340343286704
2022-09-08 00:00:00+05:30,751.3424209486487,768.1709073203575,749.4120824868434,762.033447265625,10648073,0.0,0.0,724.8573486328125,691.4749670410156,724.6323683949424,703.5551729789902,70.78776201563434,16.353785753337434,2.034756328040583,14.31902942529685
2022-09-09 00:00:00+05:30,765.2012078225749,766.9830355499302,755.2031308273124,758.0243530273438,4627905,0.0,0.0,727.3568756103516,693.2095715332031,727.812557407552,705.6912192553962,68.23649385477577,17.00022947523746,2.144960039952487,14.855269435284974
2022-09-12 00:00:00+05:30,759.2616819849046,763.6173142370503,756.7869046642237,761.3900146484375,2654087,0.0,0.0,730.2944366455079,694.8804138183593,731.0104104781126,707.8754857413978,69.23882162732166,17.581453495215214,2.180947247944191,15.400506247271023
2022-09-13 00:00:00+05:30,766.1910594566863,780.9407564744396,762.2314157385639,776.337646484375,8335652,0.0,0.0,733.9843292236328,696.9063842773437,735.3272900977566,710.5602763587696,73.27270196348555,19.02887367447238,2.9026939417610826,16.126179732711297
2022-09-14 00:00:00+05:30,768.1709554770201,780.4458763560006,767.9234777207454,775.44677734375,6645392,0.0,0.0,737.906851196289,699.1412084960938,739.1481936449941,713.1048450248472,72.66112884239382,19.874972588034552,2.999034284258606,16.875938303775946
2022-09-15 00:00:00+05:30,780.0498431246393,782.6731313587331,774.1103773140456,777.1790771484375,5485310,0.0,0.0,740.9829986572265,701.2441247558594,742.770182550084,715.6175600100861,73.13075839265814,20.449564341335645,2.8589008300477587,17.590663511287886
2022-09-16 00:00:00+05:30,780.0498511561099,780.0498511561099,768.6163914368711,771.7841186523438,20211162,0.0,0.0,743.2820678710938,703.1888793945312,745.5334145598231,717.8201701529198,69.14695729391023,20.23633253763728,2.1165352210795163,18.119797316557765
2022-09-19 00:00:00+05:30,765.696107068179,778.0699937370249,764.4092349384928,774.852783203125,5760313,0.0,0.0,745.7791168212891,705.0077563476563,748.3257353829947,720.0567432137121,70.14324809621426,20.083450860298967,1.5709228349929596,18.512528025306008
2022-09-20 00:00:00+05:30,778.7629930049085,788.9095807187011,777.0801322270393,784.1580200195312,7936714,0.0,0.0,748.9740570068359,707.1536706542969,751.7383339198078,722.5705187747246,72.99133914848903,20.477098627108603,1.5716564814420764,18.905442145666527
2022-09-21 00:00:00+05:30,784.1580004424244,788.9590444876814,771.1406469961152,772.3285522460938,9966193,0.0,0.0,751.082568359375,708.8984106445313,753.6993070937398,724.5218142049744,64.55998744346478,19.60849362342742,0.5624411822087154,19.046052441218706
2022-09-22 00:00:00+05:30,783.2176134994609,786.781269014593,768.5173985559488,776.189208984375,7721133,0.0,0.0,753.3271942138672,711.4023510742187,755.8412025118955,726.5479865492647,65.9426536458815,19.012476638145017,-0.026860642458949258,19.039337280603966
2022-09-23 00:00:00+05:30,780.0498520390973,780.0498520390973,760.9445822138922,763.5678100585938,9271829,0.0,0.0,754.8293823242187,713.6055737304688,756.5770698972954,727.9997443339444,57.97879322283632,17.3220101212587,-1.3738617274762142,18.695871848734914
2022-09-26 00:00:00+05:30,762.1819483044991,763.3698535287908,745.6009398861661,747.4322509765625,13144297,0.0,0.0,756.0271728515625,715.8704418945313,755.7061347619874,728.7618034179686,49.71293696285284,14.513001611498908,-3.3462961897888057,17.859297801287713
2022-09-27 00:00:00+05:30,751.1938644162072,757.2818406361266,749.5605476782199,752.9262084960938,5965026,0.0,0.0,758.0069946289062,718.2816516113281,755.4413798795214,729.7094271465226,52.21115956063392,12.58508555428216,-4.219369797604443,16.804455351886602
2022-09-28 00:00:00+05:30,747.8777179961809,763.2213376241634,747.3827625243105,753.7677001953125,5546932,0.0,0.0,759.7319152832031,720.5096301269531,755.2819818143586,730.6528888347103,52.5995837239868,10.99831777544,-4.644910061157281,15.643227836597282
2022-09-29 00:00:00+05:30,756.2425360417593,761.2415746103975,751.6394256296165,756.9354858398438,5413233,0.0,0.0,761.196987915039,722.5792199707031,755.4394583882143,731.683578913343,54.11165672231828,9.882487541147952,-4.608592236359463,14.491079777507416
2022-09-30 00:00:00+05:30,758.2223434115963,800.8379999270538,753.7677439064396,791.829833984375,7469164,0.0,0.0,764.4092498779297,725.1525476074219,758.9052084449916,734.0422555827953,66.70947276664718,11.679235357250604,-2.24947553620545,13.928710893456055
2022-10-03 00:00:00+05:30,795.2945390037718,807.3219216658364,789.9984787860375,795.2449951171875,12619046,0.0,0.0,767.5249938964844,727.838525390625,762.3661405090102,736.4423630155167,67.64566734802496,13.226281567273304,-0.5619434609462015,13.788225028219506
2022-10-04 00:00:00+05:30,804.7976207233031,808.5097868705509,799.3531103740065,800.541015625,5772140,0.0,0.0,769.8735595703125,730.47865234375,766.0018429010092,738.956035666869,69.09700723915114,14.710102523700243,0.737501996384589,13.972600527315654
2022-10-06 00:00:00+05:30,802.3722948616735,807.6188107240232,778.7134598086267,780.6437377929688,6503205,0.0,0.0,771.6306518554687,732.7109802246093,767.3963090811959,740.5908475149513,58.482676509594654,14.117756579614138,0.11612484183878635,14.001631737775352
2022-10-07 00:00:00+05:30,784.0094497908674,788.7610101299688,776.7831121481332,785.0983276367188,6025982,0.0,0.0,772.7838958740234,735.0412683105469,769.0822156102932,742.3362388922756,59.965424512240816,13.848133658482652,-0.12279846343416168,13.970932121916814
2022-10-10 00:00:00+05:30,777.0306518796141,786.7812510662036,771.8336191273017,784.35595703125,3519416,0.0,0.0,774.1004760742187,737.2443591308594,770.5368576503844,743.984070976157,59.58351380084188,13.419856692960707,-0.44086034316488565,13.860717036125592
2022-10-11 00:00:00+05:30,789.4540327750111,789.4540327750111,768.1709459980045,772.4275512695312,3699862,0.0,0.0,774.6523529052735,739.3902185058594,770.7169237093508,745.0995015758972,53.668856474734234,11.979825486070467,-1.5047132400441008,13.484538726114568
2022-10-12 00:00:00+05:30,772.4275411165816,773.466935582573,761.4395531857466,767.7254638671875,5984299,0.0,0.0,774.2217437744141,741.6007067871094,770.4320227720019,745.9867942147713,51.49869198592533,10.33997838890582,-2.5156482697670004,12.85562665867282
2022-10-13 00:00:00+05:30,767.1810109466379,771.1406548741044,759.9051893976667,761.142578125,2842056,0.0,0.0,773.5065338134766,743.4607507324218,769.5473137580017,746.5811386818391,48.539482209488625,8.412232901563584,-3.55471500568739,11.966947907250974
2022-10-14 00:00:00+05:30,772.0811052303188,772.0811052303188,755.3515849741344,758.2223510742188,3608210,0.0,0.0,772.5586975097656,744.8763232421875,768.4687458833557,747.0376568148736,47.242606397835324,6.573072508266591,-4.315100319187508,10.888172827454099
2022-10-17 00:00:00+05:30,753.3222347887005,763.2213443128621,752.183813025674,758.2717895507812,4566333,0.0,0.0,771.8830810546875,746.4443432617187,767.4976071850152,747.4782110398112,47.2682930925295,5.061171879075687,-4.661600758702729,9.722772637778416
2022-10-18 00:00:00+05:30,762.0829154174643,777.674012772101,760.8950706211778,775.248779296875,4391263,0.0,0.0,771.902880859375,748.2261828613281,768.2358140528114,748.5672529322451,55.31419554486425,5.173246956986873,-3.6396205446332353,8.812867501620108
2022-10-19 00:00:00+05:30,780.0003596780654,780.693309439858,771.6355999107457,775.4962768554688,5219180,0.0,0.0,771.4697937011719,749.990205078125,768.9272867006836,749.6232930860971,55.42098498706914,5.221844080172787,-2.872818737157857,8.094662817330644
2022-10-20 00:00:00+05:30,774.1103976529985,785.9893295862926,770.4477148896917,784.9004516601562,4756732,0.0,0.0,772.098388671875,751.757197265625,770.4485405063476,751.0067110693936,59.3920272037117,5.950601137399872,-1.7152493439446186,7.66585048134449
2022-10-21 00:00:00+05:30,782.0296314982885,794.7499627289628,781.7821537668017,789.4044799804688,4807736,0.0,0.0,772.7591522216796,753.6004113769532,772.2538680753115,752.5125059286515,61.17580831600669,6.813047231863152,-0.6822425995850709,7.495289831448223
2022-10-24 00:00:00+05:30,791.9287794809858,799.35311178862,791.9287794809858,794.007568359375,522406,0.0,0.0,774.2811401367187,755.3198864746093,774.3256490547461,754.139763278876,62.96625254021287,7.778309230892546,0.22641551955545847,7.551893711337088
2022-10-25 00:00:00+05:30,798.0167599272071,798.2146937875196,790.6419110494261,794.20556640625,3184277,0.0,0.0,776.6198059082031,757.1512219238281,776.2189745167941,755.7109712446554,63.045197704587395,8.461721647194622,0.7278623486860276,7.7338592985085945
2022-10-27 00:00:00+05:30,798.3631694240675,813.9047831941878,796.0863863564529,808.856201171875,8159181,0.0,0.0,779.4163055419922,759.2775500488282,779.327281817278,757.7950979084679,68.41109824549527,10.069440454407527,1.8684649247191452,8.200975529688382
2022-10-28 00:00:00+05:30,810.7370974358286,816.0826409273299,803.1147707606772,808.6087646484375,3905093,0.0,0.0,782.1583587646485,761.5097985839843,782.1159944678647,759.7877907218001,68.23090234893162,11.194559222241423,2.394866954042433,8.79969226819899
2022-10-31 00:00:00+05:30,814.6966976019053,825.3877235910577,811.7269648038424,823.6058959960938,5487233,0.0,0.0,785.4918792724609,763.6687939453125,786.0674136610294,762.2904615168706,72.89160332332747,13.144841564120952,3.4761194367375694,9.668722127383383
2022-11-01 00:00:00+05:30,819.6463012826258,832.9606162073835,812.7664078051353,827.1201171875,10488759,0.0,0.0,787.2563934326172,765.6951416015625,789.9771949492647,764.8328009549344,73.85936425859684,14.803378518878162,4.107725113195823,10.69565340568234
2022-11-02 00:00:00+05:30,821.62611272252,821.62611272252,799.1056379460895,801.6793823242188,11729925,0.0,0.0,787.5781127929688,767.2304931640625,791.0916889849747,766.2777649302005,57.778315367553795,13.904642257655382,2.567191081578434,11.337451176076948
2022-11-03 00:00:00+05:30,801.5804537313046,816.0826744376941,796.0864596179473,810.3906860351562,5897840,0.0,0.0,788.0705963134766,769.0331225585937,792.9296887040396,768.0076834049047,60.91624550647096,13.736965514177996,1.919611470480838,11.817354043697158
2022-11-04 00:00:00+05:30,807.4703803238232,813.5088129983747,801.035959098422,808.163330078125,3768226,0.0,0.0,789.4465759277343,770.59322265625,794.3805116920477,769.5824146469919,59.694631111372765,13.271367413580037,1.1632106959063027,12.108156717673735
2022-11-07 00:00:00+05:30,808.7572755693121,815.7361359368009,800.8379876812405,814.3997802734375,7171570,0.0,0.0,790.9116485595703,772.2552844238281,796.2871086997991,771.3399583970486,61.992887138831506,13.252836525118482,0.9157438459557987,12.337092679162684
2022-11-09 00:00:00+05:30,815.8846256725706,817.1714978372592,806.232993808351,810.7865600585938,3969171,0.0,0.0,792.2331787109375,773.8005346679688,797.6680088292081,772.8868839524033,59.86309921119011,12.799054455480018,0.3695694210538676,12.42948503442615
2022-11-10 00:00:00+05:30,811.5290238274893,822.3190778701271,809.3017240826728,817.4190063476562,4425290,0.0,0.0,794.4827514648438,775.6793859863282,799.5490562119176,774.6332416933936,62.41560125719596,12.826753056965345,0.3178144180313538,12.50893863893399
2022-11-11 00:00:00+05:30,822.3685059636417,828.4564823573011,815.488612909022,818.557373046875,4325441,0.0,0.0,797.0243469238281,777.7839379882812,801.3593721009612,776.3557566484321,62.852265590540625,12.793090295594084,0.2273213253280737,12.56576897026601
2022-11-14 00:00:00+05:30,809.747172176465,822.4180204885063,808.7572612080342,813.6078491210938,10406576,0.0,0.0,799.6476104736328,779.6707092285156,802.5258937219262,777.8166230199091,59.609457759802034,12.226092317014718,-0.27174132260103434,12.497833639615752
2022-11-15 00:00:00+05:30,814.3502663280642,830.2878084385405,814.3502663280642,826.8231201171875,6229710,0.0,0.0,803.0776489257812,781.6544909667969,804.8399152833797,779.7384464354888,64.8274294051702,12.696744096254633,0.15912836531110308,12.53761573094353
2022-11-16 00:00:00+05:30,829.050452028015,835.5343569122402,819.6957811123021,832.713134765625,3445345,0.0,0.0,806.7997161865235,783.7570617675781,807.4945076150221,781.8158851935333,66.88106498114811,13.39065484571961,0.6824312918208619,12.708223553898748
2022-11-17 00:00:00+05:30,833.3070710957558,840.8304309778918,829.9414099337292,837.6132202148438,4545534,0.0,0.0,809.9179382324219,785.8507238769531,810.3629564340528,784.0040159786828,68.52742030755854,14.172607065942316,1.1715068096348542,13.001100256307462
2022-11-18 00:00:00+05:30,841.3748145360394,843.2556090681808,822.7149570876144,828.8524169921875,7405949,0.0,0.0,812.5857452392578,787.3563781738281,812.1238574395894,785.7627768027419,62.54138014273612,13.924869009141958,0.7390150022675961,13.185854006874361
2022-11-21 00:00:00+05:30,828.5554955625105,844.1960770627313,826.5756735898402,842.6122436523438,5527122,0.0,0.0,815.4713348388672,789.2985852050781,815.0275132693755,787.992167659589,67.36344718963944,14.66973426506138,1.1871042065496127,13.482630058511766
2022-11-22 00:00:00+05:30,844.7900549719249,851.867882231258,836.5737454978355,839.0485229492188,7601660,0.0,0.0,817.9535369873047,790.83888671875,817.3152284769797,789.9943776709471,65.02858549401249,14.801856283950542,1.0553809803510212,13.74647530359952
2022-11-23 00:00:00+05:30,843.255641877987,843.255641877987,833.1090543602681,834.742431640625,4596816,0.0,0.0,819.9902801513672,792.3732482910157,818.9749621116125,791.7492033168168,62.2222052509921,14.393182703945172,0.5173659202765197,13.875816783668652
2022-11-24 00:00:00+05:30,837.4646879577097,842.4142428510768,829.297922383654,839.7909545898438,3455310,0.0,0.0,822.2695495605469,793.9412670898438,820.9574375857297,793.633193562818,64.17430759651616,14.31170315198176,0.34870909465048605,13.962994057331274
2022-11-25 00:00:00+05:30,843.4041570358902,851.3234448953822,833.1090586508021,838.3060913085938,2991065,0.0,0.0,823.7420440673828,795.1806359863281,822.6096903212406,795.3850719057896,63.14087210371306,13.96631893183121,0.0026598995999478348,13.963659032231263
2022-11-28 00:00:00+05:30,831.7726991700123,843.9485921141548,827.6150609790103,828.9514770507812,3668846,0.0,0.0,824.7591796875,796.2507299804688,823.2136700097683,796.7014015193187,56.92180885744434,12.790321394829789,-0.9386701099211798,13.728991504750969
2022-11-29 00:00:00+05:30,830.5352969199608,836.2767684143178,826.575653072905,827.4170532226562,2680296,0.0,0.0,824.9497375488281,797.2554895019531,823.6139922205195,797.9059368802339,55.94837596816083,11.600792974766364,-1.702558823987685,13.303351798754049
2022-11-30 00:00:00+05:30,826.3776202914026,843.4041001242637,824.1998041931238,840.1868896484375,6874390,0.0,0.0,825.603076171875,798.623544921875,825.1923634041308,799.5640134593791,61.80279252295298,11.555299904981212,-1.3984415150182716,12.953741419999483
2022-12-01 00:00:00+05:30,844.394023373459,844.5920176433523,833.1090146025964,840.0383911132812,4506664,0.0,0.0,827.5210266113281,799.9272570800781,826.6062708050023,801.1512439556107,61.70010229944816,11.376126820094555,-1.2620916799239446,12.6382185000185
2022-12-02 00:00:00+05:30,842.8102680048639,843.3547069828994,830.6343141030076,840.0880126953125,3505272,0.0,0.0,829.005892944336,801.0458569335938,827.8902462231271,802.6781760630499,61.72298947136734,11.110064992951152,-1.2225228056538793,12.332587798605031
2022-12-05 00:00:00+05:30,842.4142724653996,843.008194905734,832.3666515109007,835.5838623046875,3311316,0.0,0.0,830.376919555664,802.3109631347656,828.622971564228,803.9685951313494,58.3164564403528,10.415696122940403,-1.5335133405317034,11.949209463472107
2022-12-06 00:00:00+05:30,836.3758423581968,836.4748092921387,821.3291828172327,824.9423217773438,5567349,0.0,0.0,830.9040466308594,803.286025390625,828.2724334892866,804.7910942155061,51.13575850328662,8.904079716928095,-2.4361037972352104,11.340183514163305
2022-12-07 00:00:00+05:30,829.0999262772045,833.1090536481238,823.6059324415468,825.5857543945312,3771882,0.0,0.0,831.6440063476563,804.5263842773437,828.0165592897861,805.6065710852718,51.524429126281376,7.669621833053839,-2.936449344887574,10.606071177941413
2022-12-08 00:00:00+05:30,824.5958176475323,831.723188539404,817.9634022284382,824.1998291015625,4822179,0.0,0.0,831.9830474853516,806.0617358398438,827.6530611766219,806.3357184584596,50.59099176575382,6.50449273447623,-3.281262754772147,9.785755489248377
2022-12-09 00:00:00+05:30,821.9230579032493,828.1594848666099,815.6371474757689,826.4766845703125,4615843,0.0,0.0,832.3790130615234,807.5327453613281,827.5410253093544,807.1255602667676,52.125456673689094,5.699146523872855,-3.2692871723004178,8.968433696173273
2022-12-12 00:00:00+05:30,824.1998138872148,828.5059626725122,817.0725035462791,820.042236328125,3149823,0.0,0.0,832.700732421875,808.8582360839844,826.8268549301897,807.6320965828993,47.62415008148858,4.4899404133524285,-3.5827946262566766,8.072735039609105
2022-12-13 00:00:00+05:30,813.7067901785289,831.5251870437521,813.7067901785289,829.5948486328125,3832999,0.0,0.0,832.8393188476563,810.3114233398437,827.0904733780585,808.4933809770135,53.978164308619824,4.2534210472121,-3.0554511939176043,7.308872241129705
2022-12-14 00:00:00+05:30,832.1687217598272,833.5050774668762,819.7948340302121,820.834228515625,7491333,0.0,0.0,832.2453735351562,810.8915112304687,826.4946405340172,808.9773357824492,48.20271258540546,3.320788929950936,-3.1904666489430147,6.511255578893951
2022-12-15 00:00:00+05:30,820.6361665681113,822.615988441617,816.0330565444631,818.0128784179688,2996482,0.0,0.0,831.2653564453125,811.3468688964844,825.6868536658221,809.3316707877638,46.477979469970485,2.327185537640389,-3.347256033002849,5.674441570643238
2022-12-16 00:00:00+05:30,816.6765183454877,824.298844600586,811.627996763463,814.44921875,4309644,0.0,0.0,830.5451965332031,811.6250329589843,824.6166027214581,809.5323589431456,44.320820553617914,1.2379201651643825,-3.549217124383085,4.787137289547467
2022-12-19 00:00:00+05:30,814.399767354983,836.5242533735837,813.7068175918945,831.9212036132812,6397169,0.0,0.0,830.01064453125,812.6505822753907,825.3122789968698,810.4103528517784,55.27978442760018,1.7641763420313055,-2.41836875801293,4.182545100044235
2022-12-20 00:00:00+05:30,831.2776957831736,831.2776957831736,813.706776938099,820.586669921875,2828863,0.0,0.0,829.0875518798828,813.3603491210938,824.8622209897275,810.8094241094292,48.59734124381621,1.2522014130024672,-2.3442749496334145,3.5964763626358818
2022-12-21 00:00:00+05:30,824.5958452154437,824.6453286805018,804.1541593385728,805.7875366210938,5079337,0.0,0.0,827.6398071289062,813.7889807128906,823.045584383191,810.6124873451809,41.53706007873168,-0.3437462894383998,-3.1521781216594253,2.8084318322210255
2022-12-22 00:00:00+05:30,810.737077565476,816.379582130575,801.3329234301011,808.3612670898438,3626834,0.0,0.0,826.0683227539063,814.5076550292969,821.6470779743008,810.5242041979127,43.08567188308101,-1.38490349709798,-3.3546682634552045,1.9697647663572244
2022-12-23 00:00:00+05:30,805.7875769817348,809.6977376271303,796.8783777276369,800.4915771484375,2804496,0.0,0.0,824.1775970458984,815.1629772949219,819.6322683718377,810.1307678430313,39.62902846125288,-2.8126241138427304,-3.825911104159964,1.0132869903172335
2022-12-26 00:00:00+05:30,796.9278276049923,806.9754482858048,793.0672110092313,802.8178100585938,6023206,0.0,0.0,822.8709136962891,815.9964819335937,818.030891389624,809.843985184818,41.1324404200476,-3.7135875088997636,-3.7814995993735976,0.06791209047383406
2022-12-27 00:00:00+05:30,806.7774620565897,811.1825780743927,796.8783520927051,806.5794677734375,1782053,0.0,0.0,821.8290344238281,816.9636242675781,816.9402796166539,809.7159648941757,43.579246118899185,-4.077075165849806,-3.3159898050589116,-0.761085360790894
2022-12-28 00:00:00+05:30,804.7976227421339,805.6885667874567,793.3641630638043,795.6904296875,2907741,0.0,0.0,819.6042114257813,817.7119970703125,814.9164843853059,809.1659439056787,38.58024374024112,-5.184037762442699,-3.538361921321444,-1.645675841121255
2022-12-29 00:00:00+05:30,798.9076291347083,816.4290652314302,752.4312974235343,812.4694213867188,6110313,0.0,0.0,818.2257629394531,818.4564099121094,814.6834307663929,809.2954920421901,48.40215905906374,-4.653743732343287,-2.4064543129776252,-2.2472894193656616
2022-12-30 00:00:00+05:30,816.3796047694077,816.4785717005659,796.8288627352871,797.9672241210938,3113243,0.0,0.0,816.1197235107422,818.9058288574219,813.0914110858882,808.8512462413627,42.13106685949852,-5.342107522174729,-2.4758544822472537,-2.866253039927475
2023-01-02 00:00:00+05:30,798.1156872618616,807.9653130986103,797.472220989655,805.2925415039062,1626846,0.0,0.0,814.6051574707031,819.3136706542969,812.34866160189,808.7116891928349,45.9410526610019,-5.236189360910316,-1.8959490567862733,-3.340240304124043
2023-01-03 00:00:00+05:30,802.1743416556086,810.5391015536464,800.3430305030967,809.3511962890625,1717603,0.0,0.0,813.8256011962891,819.7126049804688,812.063188714954,808.736767902491,47.984443677665006,-4.769766039612023,-1.1436205883903838,-3.626145451221639
2023-01-04 00:00:00+05:30,810.6876290594676,812.172495565925,798.0662637545786,803.6097412109375,2970216,0.0,0.0,812.7268005371094,819.9046484375,811.2580984764762,808.535708032234,45.37171887047952,-4.8079861668826425,-0.9454725725288027,-3.86251359435384
2023-01-05 00:00:00+05:30,816.6765222074657,816.6765222074657,795.6409148172734,798.9570922851562,5297349,0.0,0.0,811.4646636962891,819.9996789550781,810.0865740773029,808.1600760421525,43.31355463665652,-5.154290327149852,-1.0334213862368093,-4.120868940913042
2023-01-06 00:00:00+05:30,799.4025755997224,804.0551691486609,784.0094724108826,787.9691162109375,3199618,0.0,0.0,809.5392852783203,819.5819372558594,807.9801495186015,807.3682736958303,38.833313878200585,-6.243406603055746,-1.6980301297141622,-4.545376473341584
2023-01-09 00:00:00+05:30,794.6015316908772,813.2118454679871,792.9681544555431,811.133056640625,4340729,0.0,0.0,809.0938262939453,819.6324230957031,808.2804263873657,807.5159122426851,50.46557341671793,-5.177717194026172,-0.5058725765476701,-4.671844617478502
2023-01-10 00:00:00+05:30,817.7654309797052,817.7654309797052,782.3266302149184,784.8508911132812,8392344,0.0,0.0,806.8566284179688,818.8573229980469,806.0490420755481,806.6270878846693,40.949973980767474,-6.380353030226956,-1.3668067301987632,-5.013546300028193
2023-01-11 00:00:00+05:30,767.1810260268644,771.7841363507747,744.066628313675,757.8263549804688,28389020,0.0,0.0,803.7062347412109,817.4714477539062,801.45640520935,804.7133336531322,33.876654964631506,-9.405681960577454,-3.513708528439408,-5.8919734321380455
2023-01-12 00:00:00+05:30,757.2818652452817,761.5384701817409,745.9473729561028,749.2636108398438,12732671,0.0,0.0,800.2687713623047,816.4231323242187,796.4856628884446,802.5388347192777,31.9911041217358,-12.351834564399724,-5.167888905809342,-7.183945658590382
2023-01-13 00:00:00+05:30,749.3625903598631,758.2223054605412,744.4130356018719,756.5889282226562,12279288,0.0,0.0,797.3757568359375,815.3470971679687,792.6859738726553,800.7368776017632,35.3083968916156,-13.934956333843388,-5.400808540202405,-8.534147793640983
2023-01-16 00:00:00+05:30,758.6677599954753,760.3505602389306,747.0363065821457,751.4909057617188,5779293,0.0,0.0,793.3542419433594,814.2136486816406,788.7626340525661,798.8056630198007,34.063129528629084,-15.423170835746305,-5.511218433684256,-9.911952402062049
2023-01-17 00:00:00+05:30,751.4908881328446,761.142519462173,751.094899602869,757.9747924804688,6594428,0.0,0.0,790.2236480712891,813.0851489257813,785.8304586647473,797.2044524104152,37.10151685406783,-15.896155099436555,-4.787362157899604,-11.10879294153695
2023-01-18 00:00:00+05:30,760.449599810663,772.1305368743758,758.2717836484255,768.71533203125,5800899,0.0,0.0,788.3700378417968,812.2437243652344,784.2004466044142,796.0872320033891,41.8792448089324,-15.228778873497049,-3.295988745568078,-11.932790127928971
2023-01-19 00:00:00+05:30,768.1708864202154,768.6658418882696,757.9253323992397,764.2112426757812,4169463,0.0,0.0,786.1625366210938,811.1795690917969,782.2967128969253,794.837193206228,40.49026031811726,-14.89165899978127,-2.3670950974818386,-12.524563902299432
2023-01-20 00:00:00+05:30,768.0224371167043,768.0224371167043,750.6495108806174,756.7374877929688,6289718,0.0,0.0,783.9748321533203,809.9431713867187,779.8625009822628,793.3430871115904,38.22478102594648,-15.054025197638225,-2.0235690362710343,-13.03045616136719
2023-01-23 00:00:00+05:30,760.1526751606424,768.1709300305839,756.1434873062996,764.9042358398438,2685320,0.0,0.0,782.0791534423828,808.9690991210938,778.4379043020324,792.2278380421102,42.0409349995077,-14.358200862332296,-1.0621957607720827,-13.296005101560214
2023-01-24 00:00:00+05:30,765.2011746699978,769.7052574693689,753.3222431097909,767.824462890625,5012125,0.0,0.0,780.1414031982422,807.7891259765624,777.4271003580888,791.2708429381304,43.3876476580345,-13.416460540165986,-0.09636435088461681,-13.320096189281369
2023-01-25 00:00:00+05:30,767.1315435844606,772.6255375652719,760.2516500321958,768.6658935546875,6560514,0.0,0.0,778.7901763916016,806.5081811523437,776.5926997101458,790.3843743348582,43.79290520232504,-12.458612992159942,0.6891865576971412,-13.147799549857083
2023-01-27 00:00:00+05:30,767.1315071701696,771.0416675288882,758.0737977581612,766.68603515625,6745926,0.0,0.0,776.5010070800781,805.0896374511718,775.64920784787,789.455027700403,43.01268544400261,-11.72412156049586,1.13894239148898,-12.86306395198484
2023-01-30 00:00:00+05:30,763.8152824697178,767.1315204803288,755.3020722711077,762.429443359375,5420851,0.0,0.0,774.7241180419921,803.7611779785157,774.3901826584895,788.3952008635,41.308694757311315,-11.354614268082514,1.2067597471218612,-12.561374015204375
2023-01-31 00:00:00+05:30,767.1810362348209,771.1406802928071,760.6476477068932,762.5284423828125,8537557,0.0,0.0,772.5859130859375,802.159501953125,773.260493108425,787.3808181779829,41.36687389750774,-10.927819581067638,1.3068435473093913,-12.23466312837703
2023-02-01 00:00:00+05:30,768.1214416421911,776.7336793039473,748.966627812176,761.3405151367188,4472974,0.0,0.0,770.1853790283203,800.605341796875,772.1252571111196,786.3596298234236,40.84368078256422,-10.563666149834603,1.3367975828339418,-11.900463732668545
2023-02-02 00:00:00+05:30,757.3808613007128,773.1204699397049,757.3313778359353,769.9032592773438,2841909,0.0,0.0,768.5000549316406,799.3085583496094,771.9136382698076,785.7142819588715,46.13233613908372,-9.47490918651306,1.940443636924389,-11.415352823437448
2023-02-03 00:00:00+05:30,772.031608732421,786.9297571148862,770.5467422407592,784.9004516601562,5493687,0.0,0.0,767.7972229003906,798.2107482910156,773.150477640317,785.6823670451965,53.905149078631524,-7.317561071475325,3.2782334015696986,-10.595794473045023
2023-02-06 00:00:00+05:30,781.7327034647589,786.6327748399276,770.942649746483,781.2872314453125,2407975,0.0,0.0,767.4631286621094,797.07037109375,773.9254065741261,785.5100087863776,51.959846829476255,-5.832174148667264,3.810896259502208,-9.643070408169471
2023-02-07 00:00:00+05:30,785.8903572368735,787.8206353272291,775.1003033040995,777.9710693359375,4126502,0.0,0.0,765.805029296875,796.0507629394531,774.3107077895368,785.2143641020466,50.17035382034617,-4.866483090819884,3.82126985387967,-8.687752944699554
2023-02-08 00:00:00+05:30,770.1507342409049,773.1204671492889,757.2818916379077,767.2799682617188,9951783,0.0,0.0,764.9264831542969,794.8480212402344,773.6411135487922,784.5110544612495,44.812039122596175,-4.907280403659911,3.0243780328317147,-7.931658436491626
2023-02-09 00:00:00+05:30,762.2314608455484,767.2799827171664,753.6192231651075,758.915283203125,5913945,0.0,0.0,764.9809295654297,793.2225891113281,772.2386535158714,783.5072987256368,41.112350284029354,-5.550589010659905,1.9048555406653769,-7.455444551325282
2023-02-10 00:00:00+05:30,761.1920712160644,765.3991929421998,753.3222667268308,764.1618041992188,2954992,0.0,0.0,765.7258392333985,791.7050573730469,771.4694297714284,782.7486518814635,44.22287137829202,-5.57282525849962,1.5060954342605308,-7.078920692760151
2023-02-13 00:00:00+05:30,763.221330429862,771.7345402980377,758.964725495774,760.8455200195312,3705892,0.0,0.0,765.9386688232422,790.1202075195313,770.4576288426763,781.8897055339368,42.68797353644543,-5.791285726172418,1.0301079732701863,-6.821393699442605
2023-02-14 00:00:00+05:30,761.2415679641649,769.7547784966652,758.4698292154003,767.3790283203125,3502010,0.0,0.0,766.7330749511718,788.7561108398437,770.1644287929274,781.3206593686966,46.61893817759884,-5.375255108746387,1.1569108725569741,-6.532165981303361
2023-02-15 00:00:00+05:30,767.1810365314127,779.208479529945,764.4092977736256,777.4761352539062,3602838,0.0,0.0,767.7081420898437,787.806787109375,770.8607817892112,781.1698937171362,52.08822642081668,-4.182581506559018,1.8796675797954752,-6.062249086354493
2023-02-16 00:00:00+05:30,781.6832549134706,782.5246551060504,772.7245119179976,776.5357055664062,3399428,0.0,0.0,768.0991607666016,786.8257861328125,771.4012507203727,780.9881608484802,51.55837164300213,-3.2755059071922688,2.2293945433297795,-5.504900450522048
2023-02-17 00:00:00+05:30,778.0205391351853,779.5054055905285,762.5284082833566,768.9628295898438,3093216,0.0,0.0,768.3367401123047,785.7210461425781,771.1690201365127,780.5165792304945,47.3788993603775,-3.1316105051669183,1.8986319562841043,-5.030242461451023
2023-02-20 00:00:00+05:30,773.3679123157136,785.7912823752797,769.2597577977454,771.2891235351562,3381774,0.0,0.0,769.064321899414,784.617294921875,771.1804585554311,780.1547182228342,48.753186715981634,-2.7976107671429418,1.7861053554464652,-4.583716122589407
2023-02-21 00:00:00+05:30,775.149768368188,780.0498397244428,770.2992408956354,771.1901245117188,2769616,0.0,0.0,769.3786163330078,783.6402526855469,771.1813791226965,779.8031655282806,48.694902343389046,-2.5119458145250064,1.657416246451521,-4.169362060976527
2023-02-22 00:00:00+05:30,769.160846424754,773.7639567390605,758.7667809325277,764.3598022460938,3261898,0.0,0.0,769.2053833007812,782.3355517578125,770.5317051344487,779.1975434387831,44.722357787551395,-2.8043770914749757,1.0919879756012416,-3.8963650670762173
2023-02-23 00:00:00+05:30,766.1910672756289,769.6557555643429,754.1636251913453,755.2525634765625,4062194,0.0,0.0,768.534716796875,781.0239184570313,769.0765487860785,778.2585246167353,40.032804213420704,-3.7280345796294796,0.13466438995739027,-3.86269896958687
2023-02-24 00:00:00+05:30,767.8739275710998,767.9728944972658,747.382759047126,749.4615478515625,4357223,0.0,0.0,767.6734924316406,779.6528918457032,767.2084534589818,777.129231410258,37.35080023285159,-4.871174489669215,-0.8067804160658758,-4.0643940736033395
2023-02-27 00:00:00+05:30,745.4029830455383,746.788882613372,730.9997900785329,745.3040161132812,6719439,0.0,0.0,766.8172210693359,778.2699877929688,765.122316568915,775.881183751553,35.51139805688137,-6.042939919795003,-1.582836676953331,-4.460103242841672
2023-02-28 00:00:00+05:30,747.3827783745842,749.4615672327786,732.1876692336571,734.7614135742188,10562614,0.0,0.0,765.4288696289062,776.3267919921875,762.2308019979916,774.2686437445986,31.301779402497882,-7.733129676772705,-2.6184211471448258,-5.11470852962788
2023-03-01 00:00:00+05:30,734.9099320642184,745.8484362549347,733.5240325313634,742.6312255859375,3744982,0.0,0.0,764.4934051513671,774.7676831054688,760.3641756730341,773.0279606795532,37.27887286775466,-8.341434315330048,-2.5813806285617344,-5.760053686768313
2023-03-02 00:00:00+05:30,743.4231719017586,744.2150886294969,728.3765123972358,732.6331176757812,4910541,0.0,0.0,762.6298980712891,773.3045947265625,757.7231225304386,771.4438491892092,33.31334549055396,-9.520537049878044,-3.008386690487784,-6.51215035939026
2023-03-03 00:00:00+05:30,737.48363133617,758.1727936179116,736.048248426206,756.6879272460938,5759333,0.0,0.0,761.219271850586,772.2711279296875,757.6245325033582,770.8651855835968,47.722065093542184,-8.41693715196459,-1.5238294340594631,-6.893107717905126
2023-03-06 00:00:00+05:30,758.9647500045099,768.071942979045,757.3808562066856,758.86572265625,4597345,0.0,0.0,760.0981964111328,771.4386108398437,757.7427410893479,770.3946184099754,48.80064125997161,-7.282646576413526,-0.31163108680671936,-6.971015489606807
2023-03-08 00:00:00+05:30,756.2919623175285,762.1324610633828,753.0252682814445,758.8162231445312,3546995,0.0,0.0,759.1404541015625,770.5585791015625,757.8449774755558,769.9405636936835,48.77600883455531,-6.314912934664221,0.5248820439540696,-6.839794978618291
2023-03-09 00:00:00+05:30,786.9792207419141,786.9792207419141,762.4294407825186,765.59716796875,5240056,0.0,0.0,759.0563140869141,769.7389331054687,758.5832813320505,769.7702344495685,52.32607567074966,-4.943822170282829,1.5167782466683697,-6.460600416951198
2023-03-10 00:00:00+05:30,765.2011702973546,771.091152579507,760.4496097842981,765.943603515625,4113931,0.0,0.0,759.4077301025391,769.1439965820313,759.2842643971529,769.6201704913747,52.507171343324984,-3.7856300215692045,2.139976316305596,-5.9256063378748
2023-03-13 00:00:00+05:30,769.6062999412435,769.9527446148998,755.4505850762973,757.578857421875,3447889,0.0,0.0,759.0785827636719,768.0461853027343,759.1218446852217,769.147962135708,47.787057652038555,-3.5023466302370707,1.9386077661101835,-5.440954396347254
2023-03-14 00:00:00+05:30,756.2919514492924,768.9133158223009,756.2919514492924,764.0132446289062,3753502,0.0,0.0,759.2369689941406,767.3671057128906,759.587692298906,768.946600664853,51.40579785654518,-2.7272037215929004,2.171000539803483,-4.898204261396383
2023-03-15 00:00:00+05:30,750.3525299843817,757.8263458706683,744.9080195425425,749.0161743164062,8101060,0.0,0.0,758.3188262939453,766.2415783691406,758.5808810624774,768.1650153178551,43.788167014151924,-3.2851662685628753,1.2904303942668065,-4.575596662829682
2023-03-16 00:00:00+05:30,742.4332608253635,751.3424599552678,735.9988392315437,738.4241333007812,7465693,0.0,0.0,756.3662261962891,764.823037109375,756.6611907994586,766.9987062191464,39.352691657358974,-4.529827760813532,0.03661512161292002,-4.566442882426452
2023-03-17 00:00:00+05:30,742.4332526462941,751.787923713512,731.6927424257602,749.610107421875,9306857,0.0,0.0,755.0199462890625,763.7430444335937,755.9896590492126,766.3168003839593,45.617676228257764,-4.561039509916213,0.00432269800819185,-4.565362207924405
2023-03-20 00:00:00+05:30,747.3333252716168,752.1343694778799,741.2453484234192,747.184814453125,3566109,0.0,0.0,753.9310455322266,762.7075988769532,755.1511024210138,765.5665264258873,44.543276921223004,-4.726986165439143,-0.1292991660117906,-4.597686999427353
2023-03-21 00:00:00+05:30,752.3323266839861,758.271792420965,747.5312827143429,749.3131103515625,5332221,0.0,0.0,752.8322448730469,761.9344787597656,754.5951031763042,764.9291375602276,45.75075360786057,-4.633353972991472,-0.02853357885129526,-4.604820394140177
2023-03-22 00:00:00+05:30,753.3222790899623,755.5000953972245,745.5515018242606,749.065673828125,2680654,0.0,0.0,751.7260223388672,760.6931311035156,754.06849085743,764.3070409432823,45.62637177107004,-4.526932189063132,0.06231056406163571,-4.5892427531247675
2023-03-23 00:00:00+05:30,750.3525634646131,758.0738574427751,749.2141416082296,755.8465576171875,2454948,0.0,0.0,751.3003601074219,760.1130444335937,754.2378305488354,763.9752572834354,49.66501799133925,-3.8510391251591045,0.5905629023725307,-4.441602027531635
2023-03-24 00:00:00+05:30,755.8465072912354,759.2617122136193,751.1939136592466,754.7576293945312,2336818,0.0,0.0,751.2756134033203,760.051669921875,754.2873352008065,763.613781679949,49.035145556928114,-3.364472860658111,0.8617033334988191,-4.22617619415693
2023-03-27 00:00:00+05:30,755.3020860041639,761.934501726607,751.6888867198815,754.064697265625,2258853,0.0,0.0,751.5057708740235,760.1476916503906,754.2661315879321,763.2393077813482,48.6126449044482,-3.0001950413674194,0.9807849222316087,-3.980979963599028
2023-03-28 00:00:00+05:30,757.8758637696011,757.8758637696011,735.3059042691349,740.89892578125,4166723,0.0,0.0,751.2855163574219,759.8338916015625,752.993064368248,762.3632143695796,41.32662786767839,-3.730862907726646,0.20009364469790603,-3.930956552424552
2023-03-29 00:00:00+05:30,743.42314371777,747.2838206957705,731.3957011796208,736.0977783203125,4891868,0.0,0.0,751.3523345947266,759.5260290527344,751.3839895065398,761.3331972696084,39.02933932341455,-4.643804048821039,-0.5702779971171896,-4.073526051703849
2023-03-31 00:00:00+05:30,744.561603278439,745.4030034838117,734.5634656520647,741.443359375,5796532,0.0,0.0,751.2929412841797,759.195400390625,750.4372628273455,760.5532036266826,42.83927680864223,-4.879722362423308,-0.6449570485755665,-4.234765313847742
2023-04-03 00:00:00+05:30,747.3827762646388,754.2131860697723,744.4625268430419,752.8767700195312,2120667,0.0,0.0,752.3051239013672,758.8786291503907,750.6695968456489,760.2521670146375,50.031437334604824,-4.096882330355129,0.11030638679409055,-4.2071887171492195
2023-04-05 00:00:00+05:30,760.2516415214939,760.2516415214939,748.3727096227204,755.74755859375,3197932,0.0,0.0,752.25810546875,758.70935546875,751.15321225023,760.0755157040145,51.675575967543836,-3.2078492300180415,0.7994715897049423,-4.007320819722984
2023-04-06 00:00:00+05:30,754.9061129352423,760.9446063548813,751.4414243962174,758.2223510742188,1777379,0.0,0.0,752.2259368896484,758.739052734375,751.8264635668004,760.0028425812774,53.107971184877094,-2.277337295642269,1.383986819264572,-3.661324114906841
2023-04-10 00:00:00+05:30,761.1920920557482,768.4679138959228,758.7173145020325,761.9840087890625,1701065,0.0,0.0,752.384326171875,758.6806481933594,752.7938488260635,760.0805353737395,55.277890698103306,-1.222275907746166,1.95123856572854,-3.173514473474706
2023-04-11 00:00:00+05:30,768.1709107313859,768.1709107313859,760.4001338047509,766.339599609375,3485481,0.0,0.0,752.4214477539062,758.6509509277344,754.083920329236,760.3259888731762,57.71769896240542,-0.03427725170308804,2.5113897774172944,-2.5456670291203825
2023-04-12 00:00:00+05:30,766.191078434492,766.7355173753455,757.3808467757016,763.3203125,3794841,0.0,0.0,752.290283203125,758.5440393066406,754.9635767264516,760.4434133291302,55.459054351446845,0.6560267379157949,2.5613550136289422,-1.9053282757131471
2023-04-13 00:00:00+05:30,762.2314677871153,763.3698896015593,757.7273848340659,759.3112182617188,4292170,0.0,0.0,752.3769012451172,758.39654296875,755.3776378250484,760.399013522565,52.52011196926603,0.8695733234472982,2.2199212793283563,-1.3503479558810583
2023-04-17 00:00:00+05:30,781.0397640032955,781.0397640032955,746.7393243441475,751.9859008789062,9083437,0.0,0.0,751.7755340576172,758.1876721191406,755.0546152587491,760.0690875365392,47.56068419470219,0.44261643173399534,1.434371510092043,-0.9917550783580475
2023-04-18 00:00:00+05:30,757.2819327743243,757.2819327743243,744.9575284511811,752.0848999023438,4051481,0.0,0.0,751.9289703369141,757.9788012695312,754.7717852248056,759.7559821391199,47.632654878910756,0.11095934258366924,0.8821715367533735,-0.7712121941697042
2023-04-19 00:00:00+05:30,753.668731137356,759.1132417490038,748.3727313465026,756.9354858398438,3429794,0.0,0.0,752.8545379638672,757.8907006835938,754.9778519500474,759.6453744411091,51.16890559763619,0.23679087923108,0.8064024587206273,-0.5696115794895473
2023-04-20 00:00:00+05:30,756.291990674732,765.9436227546779,754.9060911314015,764.5082397460938,2355441,0.0,0.0,753.5994445800782,757.7828002929688,755.8855079306232,759.8360750413045,56.147648517979704,0.9367726981374744,1.2051074221016174,-0.26833472396414293
2023-04-21 00:00:00+05:30,761.835491640332,767.4285130330237,756.7374861736456,757.4799194335938,4524208,0.0,0.0,754.1141998291016,757.2343896484375,756.037356645192,759.7436767821787,50.954961926352425,0.9138523011479265,0.9457496200896556,-0.031897318941729036
2023-04-24 00:00:00+05:30,757.4798440611734,759.6576601575273,748.026206909052,752.5797729492188,5271105,0.0,0.0,754.2775329589844,756.6602404785157,755.7080629598611,759.4627393769646,47.64644585000879,0.49458557767457023,0.4211863172930394,0.07339926038153083
2023-04-25 00:00:00+05:30,757.2323932655797,769.1608081288782,754.0646661417928,764.80517578125,5773233,0.0,0.0,755.0645080566406,756.3969226074219,756.5744546571362,759.6722466869365,55.423140320348324,1.1357097600989619,0.8498483997739448,0.285861360325017
2023-04-26 00:00:00+05:30,772.0316054513534,772.0316054513534,759.3606964408588,765.6466674804688,5057352,0.0,0.0,755.5545135498047,756.3642565917969,757.438474926025,759.9065376984477,55.90862314374008,1.6922000128182617,1.1250709219945958,0.567129090823666
2023-04-27 00:00:00+05:30,764.2112929240503,781.2377742285125,763.5678266055232,778.5650024414062,4129769,0.0,0.0,756.7448822021485,756.7572509765625,759.4505251655852,760.6382421981716,62.63617581710522,3.1394347659600044,2.0578445401090706,1.0815902258509338
2023-04-28 00:00:00+05:30,781.8811086189605,793.9580338129153,779.2578809573254,791.2357788085938,6572656,0.0,0.0,758.6034362792968,757.29873046875,762.4776921792051,761.8381455946588,67.82226812396252,5.248305296818785,3.333372056774281,1.914933240044504
2023-05-02 00:00:00+05:30,792.1762543044963,798.660159078722,780.5942838634055,782.2276611328125,6301210,0.0,0.0,760.669873046875,757.7263732910156,764.3586416033581,762.6377344392923,61.307241340088105,6.122148259431356,3.3657720155094815,2.756376243921874
2023-05-03 00:00:00+05:30,786.4842189696767,786.4842189696767,769.3587722893268,771.4375610351562,3908267,0.0,0.0,762.4368621826172,757.8075439453125,765.0328244063865,762.9828256783458,54.54798780493753,5.876266262127388,2.4959120145644107,3.380354247562977
2023-05-04 00:00:00+05:30,771.4376173557547,784.7024487023704,765.8446565506166,781.1387329101562,2457671,0.0,0.0,764.421630859375,757.8807958984376,766.5667204543645,763.6948220403775,58.932019801265525,6.390540331053103,2.4081488667921005,3.9823914642610023
2023-05-05 00:00:00+05:30,781.1387001703333,782.9700716646686,772.3780125013151,779.3568725585938,1438467,0.0,0.0,765.7456359863281,757.9372192382813,767.7848301785768,764.3090200999154,57.828708061559034,6.578492233579027,2.076880615454419,4.501611618124608
2023-05-08 00:00:00+05:30,781.9306882763848,787.2761711869184,777.2780946995236,785.7418212890625,2489174,0.0,0.0,767.2453491210938,758.2727990722656,769.4950198081468,765.1495221073329,60.67014298526428,7.16012006467156,2.1268067572375617,5.033313307433998
2023-05-09 00:00:00+05:30,788.8600772951003,790.2953998681677,782.5246229102419,785.5933227539062,2486331,0.0,0.0,768.6138977050781,758.5588830566406,771.0281915172667,765.9512397797475,60.56792837754028,7.522368538481601,1.9912441848380817,5.531124353643519
2023-05-10 00:00:00+05:30,788.9590432281951,789.5034821779163,780.0993279612691,788.0186157226562,2737334,0.0,0.0,769.9156280517578,758.8954528808594,772.6463271558753,766.8166270716264,61.7027618185666,7.913927111897237,1.9062422066029745,6.007684905294263
2023-05-11 00:00:00+05:30,786.5337199296782,786.5337199296782,775.7932104716663,780.6437377929688,4808171,0.0,0.0,770.6308349609375,759.2211315917968,773.4079853117889,767.3588667077574,56.388439190193864,7.5422072179098905,1.2276178500925017,6.314589367817389
2023-05-12 00:00:00+05:30,779.5549059756496,785.6923662081576,776.5851730005043,783.9600219726562,2576010,0.0,0.0,771.6628204345703,759.7952807617188,774.4129411842525,768.0098924044202,58.13458420425099,7.429569489457094,0.8919840973117639,6.53758539214533
2023-05-15 00:00:00+05:30,784.9994174839211,794.4035719178394,781.5842124740446,789.008544921875,7569060,0.0,0.0,773.1476867675781,760.586220703125,775.8029986830737,768.8333689737321,60.71340044997595,7.659384273775686,0.8974391053042838,6.761945168471402
2023-05-16 00:00:00+05:30,792.770232144255,793.1662207279692,776.0902552895199,779.4064331054688,4846217,0.0,0.0,774.5187133789062,761.2682690429688,776.1461829137779,769.2479989396827,53.911454936498664,6.986171731704644,0.1793812505865926,6.8067904811180515
2023-05-17 00:00:00+05:30,780.0498364280925,789.6025013592048,775.9912256601106,784.2569580078125,6529233,0.0,0.0,776.1273162841796,762.2581799316406,776.9186376846384,769.8365855698055,56.55906727020305,6.766047974637104,-0.032594005184758856,6.798641979821863
2023-05-18 00:00:00+05:30,789.8995001971563,794.898538699123,786.6328059576099,791.2853393554688,11383252,0.0,0.0,777.8448089599609,763.2312622070312,778.2868949866222,770.6777131692434,60.13284776349741,7.0771489793158935,0.22280559959522428,6.854343379720669
2023-05-19 00:00:00+05:30,791.2853340038945,800.1945330075159,785.246901069189,797.6207885742188,3432240,0.0,0.0,779.5004364013672,764.531015625,780.1282181854409,771.7343043615954,63.081223399105326,7.745629772747407,0.7130291144213894,7.032600658326017
2023-05-22 00:00:00+05:30,792.9186706613353,795.8884035102542,791.433804236876,793.7600708007812,9996762,0.0,0.0,781.3144439697265,765.2724584960938,781.4264898630923,772.5980599082301,60.16137260377103,7.873121514759873,0.6724166851470841,7.200704829612789
2023-05-23 00:00:00+05:30,800.7884709650859,800.7884709650859,789.8994505711266,791.8792724609375,6516636,0.0,0.0,783.2794189453125,765.9327294921875,782.4219929676491,773.3541858906892,58.73505323433822,7.733250829514191,0.4260367999211212,7.307214029593069
2023-05-24 00:00:00+05:30,794.7995637613161,794.7995637613161,786.9792427162608,793.314697265625,9104329,0.0,0.0,784.7048950195312,766.6226989746094,783.4593933769802,774.1369510426475,59.523771644934676,7.650044142250977,0.2742640901263256,7.375780052124651
2023-05-25 00:00:00+05:30,791.5328002450077,817.1715189503882,789.8004560194921,814.3997802734375,9570396,0.0,0.0,787.1425506591797,767.5987512207031,786.4060968909286,775.7158855222864,68.9207922725709,9.179674651232176,1.4431156792860191,7.736558971946157
2023-05-26 00:00:00+05:30,819.5473191414499,820.9826417175509,805.1936100254712,809.6976928710938,6150206,0.0,0.0,788.699185180664,768.4738330078125,788.6243441271347,777.0485054183181,65.28099675762427,9.898396144392564,1.7294697379571247,8.168926406435439
2023-05-29 00:00:00+05:30,821.0321537577398,821.0321537577398,809.7471449296042,812.96435546875,3684829,0.0,0.0,789.7856140136719,769.58154296875,790.9424404453838,778.4569701261781,66.60065928357326,10.609283263412294,1.9522854855814842,8.65699777783081
2023-05-30 00:00:00+05:30,812.9644267658304,818.0129488099599,804.5996665465872,810.1926879882812,5148256,0.0,0.0,791.1838653564453,770.5051318359375,792.7757973542313,779.7015080815547,64.36519241558238,10.82424091362202,1.7337945086329682,9.090446404989052
2023-05-31 00:00:00+05:30,810.7371045192729,879.7833963876725,809.7471935247439,841.3253784179688,47342125,0.0,0.0,794.678256225586,772.3513159179688,797.3995669793491,782.1181304476887,74.6555891645393,13.352821318705992,3.409899930973552,9.94292138773244
2023-06-01 00:00:00+05:30,829.4959114827227,829.4959114827227,814.6967303601078,819.5968017578125,9713155,0.0,0.0,796.6011596679688,773.9747692871093,799.5135893392028,783.587882263772,61.34150149467996,13.448400178075985,2.804383032274835,10.64401714580115
2023-06-02 00:00:00+05:30,824.3978641115829,830.8322855756444,818.6069089616763,828.060546875,6834131,0.0,0.0,799.036343383789,775.5437780761719,802.2323471997549,785.3319083269575,64.0322801448706,14.045196328775887,2.720943346379789,11.324252982396098
2023-06-05 00:00:00+05:30,830.0403322799253,832.8615543220734,823.7544219098347,826.0806884765625,5298053,0.0,0.0,801.0532867431641,777.1216955566406,804.5036177975461,786.9298997053735,62.92886453402205,14.19477502100142,2.2964176308842568,11.898357390117162
2023-06-06 00:00:00+05:30,826.0807033469223,829.792869479398,817.814970926358,821.0816650390625,2722174,0.0,0.0,802.8277038574219,778.5570666503907,806.0824794395953,788.2691846204202,60.11217905785808,13.75141998974209,1.482450079699941,12.268969910042149
2023-06-07 00:00:00+05:30,820.5371912487132,838.9495103162246,818.9038140520317,835.7322998046875,4110739,0.0,0.0,805.2133880615235,780.2903991699219,808.9062718553183,790.1304832550974,65.0495642057023,14.416062325588882,1.7176739324373855,12.698388393151497
2023-06-08 00:00:00+05:30,839.1475219225074,840.8303826164151,826.1301688006745,827.5655517578125,4050621,0.0,0.0,807.5594787597656,781.7247790527343,810.6833461317464,791.5985251571647,60.55021420804851,14.121029413175847,1.1381128160194791,12.982916597156368
2023-06-09 00:00:00+05:30,830.0897973846526,831.3271860458364,820.5866766345085,825.0907592773438,3332436,0.0,0.0,809.616015625,783.1314416503906,812.0554807170414,792.9119461030541,59.213614770714315,13.531535515684595,0.43889513482258025,13.092640380862015
2023-06-12 00:00:00+05:30,826.4271209004206,834.5938861238888,823.3584211660163,827.9119873046875,1569715,0.0,0.0,811.5611877441406,784.6083874511719,813.5656242015791,794.2844967384123,60.289763142270665,13.140531016803607,0.03831250875327363,13.102218508050333
2023-06-13 00:00:00+05:30,829.64435606223,835.4848549267409,824.3483565642696,825.9321899414062,3224345,0.0,0.0,813.8874755859375,786.309052734375,814.7433923672769,795.5255827463728,59.1110906616993,12.526506266286901,-0.46056979341074644,12.987076059697648
2023-06-14 00:00:00+05:30,823.605929112527,825.5362675927587,810.7370864701437,819.5968017578125,5108720,0.0,0.0,815.6544677734375,787.979033203125,815.2056218330422,796.4695521193704,55.37996870929444,11.397293444070897,-1.271826092501401,12.669119536572298
2023-06-15 00:00:00+05:30,818.6563299973775,825.3877121625754,815.8845915081039,821.3291015625,3865201,0.0,0.0,817.1566558837891,789.576748046875,815.7888103787049,797.4444364112578,56.19417940186789,10.520888015710625,-1.7185852166893394,12.239473232399964
2023-06-16 00:00:00+05:30,814.2017861052132,831.5252283627709,812.5189253448904,829.347412109375,4907797,0.0,0.0,818.7429870605469,791.1061608886719,817.0801057816258,798.6955334974585,59.84654582315473,10.353986734942964,-1.5083891979656006,11.862375932908565
2023-06-19 00:00:00+05:30,831.525220714881,831.525220714881,819.151333501862,819.7947998046875,3017364,0.0,0.0,820.0447235107422,792.3871057128906,817.3386480695364,799.5229557055851,54.06333148409194,9.343197721603588,-2.015342569043982,11.35854029064757
2023-06-20 00:00:00+05:30,819.7452655623594,825.2888033506189,818.507876826503,822.8140258789062,2691557,0.0,0.0,821.5914611816406,793.6789392089844,817.8601126228098,800.4363310064996,55.52615861592596,8.685643762980703,-2.1383172221334927,10.823960985114196
2023-06-21 00:00:00+05:30,823.6059622690703,832.2676836270683,822.0221288170715,830.5353393554688,3022724,0.0,0.0,823.4524932861328,795.0499658203125,819.0672770735392,801.6166842750866,59.112140730395375,8.687429699363975,-1.7092250286001764,10.396654727964151
2023-06-22 00:00:00+05:30,828.2585640052184,834.9899468694316,826.2787419616632,834.2969970703125,4380046,0.0,0.0,824.4473541259765,796.4091137695312,820.5177265970415,802.8982651690171,60.77163756856078,8.889902148718875,-1.205402063396221,10.095304212115096
2023-06-23 00:00:00+05:30,835.4848766976295,854.0457077854027,832.8615884028088,846.1759033203125,7667340,0.0,0.0,826.2712646484375,798.0662255859374,822.9613624754483,804.5954274494601,65.52949635522113,9.894830040393344,-0.16037933737740317,10.055209377770748
2023-06-26 00:00:00+05:30,848.7001583574197,848.7001583574197,837.8111375283803,843.3546752929688,4431992,0.0,0.0,827.7907806396485,799.7470947265625,824.9035827437835,806.1153979531272,63.557858962536514,10.344349884505277,0.231312405387623,10.113037479117654
2023-06-27 00:00:00+05:30,847.8587350204882,862.5588885702584,844.9879690762552,856.1740112304688,5533649,0.0,0.0,830.0898468017579,801.8308569335937,827.8817187901345,808.0784808267484,68.23472431933128,11.601278556422017,1.1905928618434896,10.410685694578527
2023-06-28 00:00:00+05:30,860.7275579814732,864.786168647221,854.8870592972328,863.4003295898438,6272649,0.0,0.0,831.1935943603515,804.0571655273437,831.2644436282021,810.2479650919679,70.53064979899098,13.030301874410384,2.095692943865485,10.934608930544899
2023-06-30 00:00:00+05:30,871.1216660739688,874.0913990264936,858.3023067450287,869.88427734375,5217511,0.0,0.0,833.7079681396484,806.3161413574219,834.9425230296828,812.5866440038026,72.45446548947946,14.518651566884728,2.8672341090718625,11.651417457812865
2023-07-03 00:00:00+05:30,871.1216125194164,875.2297670189313,865.7760693657548,870.2802124023438,3333167,0.0,0.0,835.8189514160156,808.4315808105468,838.3080172556505,814.8491368821767,72.57221328948367,15.550867352649789,3.119559915869539,12.43130743678025
2023-07-04 00:00:00+05:30,864.984140871783,864.984140871783,844.6909672215301,856.4214477539062,7397493,0.0,0.0,837.3359893798828,810.4104113769531,840.033105874532,816.479423583029,62.501159490014444,15.076823083471822,2.1164125173532575,12.960410566118565
2023-07-05 00:00:00+05:30,859.2427277210242,862.2124606509356,854.3426563027962,857.9063720703125,4284477,0.0,0.0,839.1772247314453,812.516943359375,841.7353217027015,818.1040097982166,63.09215973769644,14.652060731624374,1.3533201324046473,13.298740599219727
2023-07-06 00:00:00+05:30,855.6295221599448,869.0428641296638,854.7386385391834,860.8760986328125,6365222,0.0,0.0,840.4344146728515,814.4383618164062,843.5582528389025,819.7813466152596,64.30384031702286,14.389195928392041,0.8723642633378503,13.516831665054191
2023-07-07 00:00:00+05:30,856.2730028279727,874.6853229984903,853.798225363152,861.6680297851562,18763997,0.0,0.0,842.1395385742187,816.3587890625,845.2829935004504,821.4239616415301,64.63724466420491,14.082442275010749,0.45248848796524577,13.629953787045503
2023-07-10 00:00:00+05:30,858.2528375418453,880.6248019882206,856.2730155405955,876.4672241210938,4310681,0.0,0.0,844.7083618164063,818.3168334960938,848.2529202262259,823.5825209544543,70.23258181595092,14.862187054573042,0.9857866140220306,13.876400440551011
2023-07-11 00:00:00+05:30,881.0208172373843,884.139061151536,877.3581343402753,882.9016723632812,3353977,0.0,0.0,847.4578460693359,820.1501513671875,851.5528013821358,825.9087621861729,72.28582346526963,15.81701787207328,1.5524939452178153,14.264523926855464
2023-07-12 00:00:00+05:30,880.9713134765625,886.6633017714195,874.1903868215004,880.9713134765625,3033186,0.0,0.0,850.2098022460938,822.1250244140625,854.3545644387478,828.068077923051,70.7100582034312,16.230865035880015,1.5730728872196398,14.657792148660375
2023-07-13 00:00:00+05:30,882.3570933501528,884.28743176954,874.33883889346,876.1206665039062,4228714,0.0,0.0,853.0359954833984,824.2186865234376,856.4275265401915,829.9524931615159,66.77116988671209,15.98319094661781,1.0603190383659467,14.922871908251864
2023-07-14 00:00:00+05:30,876.0712248258382,881.2682575154829,870.7752252050917,877.5560913085938,3860080,0.0,0.0,855.8473449707031,826.1470336914062,858.4397708038489,831.8193009319897,67.35077316803589,15.721506491340392,0.6389076664708213,15.08259882486957
2023-07-17 00:00:00+05:30,877.0611659723954,887.6037425302195,867.1620557469734,869.2408447265625,5614592,0.0,0.0,857.8420166015625,827.9447131347656,859.4684445107739,833.2868124533454,60.74112991488359,14.673996076914477,-0.32688219836407484,15.000878275278552
2023-07-18 00:00:00+05:30,868.2013870640113,871.3196307258767,854.4416611034951,866.6175537109375,4731911,0.0,0.0,860.183154296875,829.5622277832031,860.1493120536467,834.5939003458001,58.78124645468129,13.476806627591714,-1.219257318149472,14.696063945741185
2023-07-19 00:00:00+05:30,866.6175594021543,868.1519093016527,858.4507940067853,861.9649658203125,6641825,0.0,0.0,862.1407012939453,831.0896606445312,860.3222314599958,835.6672754624476,55.36895213347543,12.014109231547195,-2.145563771355194,14.15967300290239
2023-07-20 00:00:00+05:30,862.2124862268236,877.7541011049129,859.2427532088207,875.9227294921875,3779959,0.0,0.0,864.4100708007812,832.8477429199219,861.8079931773475,837.2459207185159,62.417495123769754,11.844648154550327,-1.8520198786816504,13.696668033231978
2023-07-21 00:00:00+05:30,869.2407755677758,882.9015949274714,865.974081537167,877.0610961914062,7001587,0.0,0.0,866.5482757568359,834.7760900878907,863.2606696548769,838.8073001488253,62.93167637974438,11.667707638270372,-1.6231683159692842,13.290875954239656
2023-07-24 00:00:00+05:30,876.0712093983761,883.594508610772,871.9135712360012,879.189453125,4125577,0.0,0.0,868.1989532470703,836.6806787109375,864.7776966520314,840.3909139910282,63.925429823521995,11.565897158528514,-1.3799830365689125,12.945880195097427
2023-07-25 00:00:00+05:30,879.0409518845576,885.6733675468402,870.2307199783264,874.73486328125,3652262,0.0,0.0,869.7679626464844,838.395205078125,865.7259982357665,841.7377355318213,60.28278401297302,10.998974120955495,-1.5575248593135456,12.55649898026904
2023-07-26 00:00:00+05:30,877.5561137749083,887.4552239133732,874.3883864467249,880.4268798828125,2845581,0.0,0.0,870.9806060791016,840.4156140136719,867.1260822021519,843.254956878919,63.170671121970734,10.883523217899437,-1.3383806098956832,12.22190382779512
2023-07-27 00:00:00+05:30,880.3772428060128,892.3057175956963,879.1893980506327,886.1187744140625,3445446,0.0,0.0,872.1165283203125,842.4528503417969,868.9349100318576,844.935890899905,65.84509285004312,11.123095741155794,-0.8790464693114632,12.002142210467257
2023-07-28 00:00:00+05:30,890.8208958392657,890.8208958392657,881.5651921244493,886.0692749023438,2314339,0.0,0.0,872.9257781982421,844.3485290527344,870.5667543052373,846.5489647823536,65.80034285437392,11.180087406690745,-0.6576438430212086,11.837731249711954
2023-07-31 00:00:00+05:30,884.9804248551555,888.7420745324104,876.3187036946604,880.9218139648438,4424817,0.0,0.0,873.4578582763672,846.0145495605469,871.552950463295,847.8969196522552,61.146437263917484,10.68670692847229,-0.9208194569917314,11.607526385464022
2023-08-01 00:00:00+05:30,885.4753357806263,888.3461016742139,879.1894254797244,882.6541137695312,2087412,0.0,0.0,874.7694915771484,847.7924304199219,872.610204111508,849.2599468725405,62.11749004984134,10.316558596014488,-1.0327742315596282,11.349332827574116
2023-08-02 00:00:00+05:30,874.289427193152,881.6642763949664,863.7963341025803,869.2408447265625,3328903,0.0,0.0,875.336215209961,849.3396618652343,872.2893127415132,850.0435114942668,51.40452672727094,8.838984353812066,-2.0082787790096415,10.847263132821707
2023-08-03 00:00:00+05:30,866.1720895903936,873.1509497712194,856.37194692328,862.9053955078125,4642067,0.0,0.0,875.4376800537109,850.7314758300781,871.3956063383037,850.5478991026412,47.25875437187498,7.075219589863423,-3.0176348343666284,10.092854424230051
2023-08-04 00:00:00+05:30,860.2326307595774,883.9410105151338,857.4608921344449,880.67431640625,7066276,0.0,0.0,876.3879943847656,852.0569665527344,872.2792930114414,851.7293272321945,57.589770356720095,7.030187101860292,-2.450133857895807,9.4803209597561
2023-08-07 00:00:00+05:30,876.2197335824864,891.4643265179919,875.1802787115029,882.4066772460938,4086452,0.0,0.0,876.6849670410156,853.5111462402343,873.243805795694,852.9323605660729,58.444412037686014,7.052983172821428,-1.9418702295477388,8.994853402369166
2023-08-08 00:00:00+05:30,883.0006125574695,885.2773957750325,871.5671525841257,876.4672241210938,3282856,0.0,0.0,876.3632446289063,854.7812036132813,873.5507980171607,853.85529639176,54.396967384437964,6.516664937274527,-1.9825507720757116,8.499215709350239
2023-08-09 00:00:00+05:30,876.0711738841641,888.3955770582727,869.9337140284466,874.7843017578125,3185159,0.0,0.0,876.0538940429688,856.0730358886718,873.6682745638893,854.6760417002328,53.271240493236604,5.887958382584088,-2.08900586141292,7.976964243997008
2023-08-10 00:00:00+05:30,873.1014922984278,874.9823473452776,859.4407327340956,865.97412109375,3439922,0.0,0.0,875.5465667724609,856.5660107421875,872.9354980429237,855.1191036372335,47.70539364543276,4.6254763465043425,-2.681190317994133,7.306666664498476
2023-08-11 00:00:00+05:30,867.167440213345,868.8580310779124,860.206233697871,865.7254638671875,2812690,4.0,0.0,874.9550354003907,857.488583984375,872.248828121425,855.5350393325258,47.554375241251066,3.5638043588925257,-2.9942898444847597,6.558094203377285
2023-08-14 00:00:00+05:30,865.6757655897997,865.7751871198361,852.8472319760482,862.244873046875,2665905,0.0,0.0,874.6052368164062,858.1722705078125,871.2960704952774,855.7981700664219,45.38844594983707,2.4137429429451913,-3.3154810083456754,5.729223951290867
2023-08-16 00:00:00+05:30,865.1785325480587,869.156364881613,848.4716488865116,852.2008666992188,3962408,0.0,0.0,873.8844024658204,858.6946740722656,869.4774796575575,855.6570993461394,39.76056351485284,0.6839593563591961,-4.036211675945337,4.720171032304533
2023-08-17 00:00:00+05:30,852.4494995602045,855.0847771197385,845.2893890663787,851.9522705078125,3013019,0.0,0.0,873.3837677001953,859.3120861816407,867.8084121194865,855.5118119407148,39.629587602622706,-0.6989096382162643,-4.335264536416638,3.6363548982003735
2023-08-18 00:00:00+05:30,851.9522790331997,857.2228949019161,847.5269282832459,851.5047607421875,4929835,0.0,0.0,872.1628692626953,859.6275354003906,866.2556834168867,855.3546726780274,39.378117372201885,-1.8100880097058507,-4.357154326324979,2.5470663166191287
2023-08-21 00:00:00+05:30,850.9080822177453,869.1563637453066,849.3666236329847,867.1177368164062,3220142,0.0,0.0,871.6657012939453,860.4185791015625,866.3377837406505,855.8159693109051,51.0488427685872,-1.414561998431509,-3.16930265204051,1.754740653609001
2023-08-22 00:00:00+05:30,866.1729624940314,875.0733741906123,861.3995759882094,872.7861328125,3333869,0.0,0.0,871.3455352783203,861.3724865722656,866.9519122236837,856.4814659188108,54.4755155815436,-0.6363768446286713,-1.912893998590138,1.2765171539614668
2023-08-23 00:00:00+05:30,872.1397358787439,872.1397358787439,861.9962513266341,863.3388061523438,1860153,0.0,0.0,870.775732421875,862.0810229492188,866.6078068835561,856.7503812220867,48.39496023295201,-0.7730683597571897,-1.6396684109749253,0.8666000512177356
2023-08-24 00:00:00+05:30,868.1619058496663,869.8524967289607,859.4106868647893,864.631591796875,2842728,0.0,0.0,869.9859680175781,862.8550109863281,866.4195959229198,857.0594483034511,49.230083565015356,-0.7682247562655675,-1.3078598459866426,0.5396350897210751
2023-08-25 00:00:00+05:30,864.6315756336912,871.0955530478185,856.3278143835548,868.6591186523438,3124339,0.0,0.0,869.1129852294922,863.8362573242188,866.6328838019126,857.514337336741,51.84464982822306,-0.4343910185492632,-0.7792208866162706,0.34482986806700744
2023-08-28 00:00:00+05:30,869.2060572630674,870.8966481084535,861.0514890123658,865.5265502929688,3094455,0.0,0.0,868.0858489990235,864.7202062988281,866.5275187058228,857.828541766397,49.70075732198496,-0.4177815373991507,-0.6100891243729265,0.19230758697377584
2023-08-29 00:00:00+05:30,865.178538891748,865.178538891748,843.7976899421243,850.4605712890625,14064286,0.0,0.0,866.5627868652343,865.1424694824219,864.9973332375599,857.539601747678,40.933571959533545,-1.6018518469247738,-1.4353275471188396,-0.16652429980593408
2023-08-30 00:00:00+05:30,855.0847365680276,857.8194962264896,851.7036155902524,852.9963989257812,3261665,0.0,0.0,865.0799011230469,865.8065014648438,863.8543871126286,857.3614369311331,42.763676784928826,-2.308999293943998,-1.713979995310451,-0.595019298633547
2023-08-31 00:00:00+05:30,850.7588941062875,854.7367264574566,842.3557111250619,851.6539306640625,12528190,0.0,0.0,864.2005554199219,866.3832995605469,862.6924388794318,857.1376131559539,42.021385091127726,-2.9438102970283353,-1.8790327987158306,-1.0647774983125047
2023-09-01 00:00:00+05:30,848.4219494781863,862.7421096525201,848.0241419607443,861.1510009765625,4427899,0.0,0.0,864.1128356933593,866.9956127929687,862.5456352696348,857.2950009136249,48.79309574806502,-2.6500205987665595,-1.2681944803632437,-1.3818261184033158
2023-09-04 00:00:00+05:30,860.9520959189396,864.6316030105586,854.9356365823638,860.5045776367188,3102649,0.0,0.0,863.1043487548828,867.5197644042969,862.3512488284047,857.4208666674717,48.37890664848152,-2.4412103540332737,-0.8475073885039661,-1.5937029655293076
2023-09-05 00:00:00+05:30,858.316726202281,862.9906912176446,853.6428218838205,861.1012573242188,2216754,0.0,0.0,862.0390777587891,867.818271484375,862.2322020184822,857.5651957128343,48.81085031991428,-2.202194143298698,-0.48679294221551195,-1.7154012010831858
2023-09-06 00:00:00+05:30,862.3443602397572,877.5098461688412,861.0018053951051,875.4214477539062,4235096,0.0,0.0,861.9867889404297,868.4596069335937,863.4883206599511,858.2654408909157,57.91293342634701,-0.8474831274683083,0.694334458891902,-1.5418175863602104
2023-09-07 00:00:00+05:30,875.4214481858493,878.802629984895,868.3111092304545,870.4491577148438,4532834,0.0,0.0,861.7700317382812,868.7451098632813,864.1512575223219,858.7432337075403,54.30237755542101,-0.17309184322482452,1.0949805945083086,-1.2680724377331332
2023-09-08 00:00:00+05:30,876.9131307072104,885.714121212666,873.2833951006423,880.940673828125,3741470,0.0,0.0,862.518359375,869.0959167480469,865.7502495514459,859.6137215554064,59.972854716500905,1.1941800135037965,1.9698019609895439,-0.7756219474857472
2023-09-11 00:00:00+05:30,883.078749809779,887.3549072922251,878.7031101040326,885.8632202148438,2733894,0.0,0.0,863.5252471923828,869.4154956054688,867.6657705670076,860.6431136596981,62.334455576439176,2.6444772766790265,2.736079379331819,-0.09160210265279256
2023-09-12 00:00:00+05:30,889.940576579734,891.5316852584884,880.0954171263382,885.4655151367188,4106031,0.0,0.0,864.686279296875,869.7192016601563,869.3609843355515,861.6165411686009,62.01610009267515,3.718887806818543,3.0483919275770686,0.6704958792414746
2023-09-13 00:00:00+05:30,883.1284585510067,912.9124892672434,880.6423134277298,910.0783081054688,5222561,0.0,0.0,867.5801513671875,870.7923388671875,873.2388246945912,863.5170026171056,71.66191805935713,6.481695634984135,4.648959804594128,1.8327358303900065
2023-09-14 00:00:00+05:30,915.1997821508984,915.4981074431014,905.056297337649,909.8794555664062,5513106,0.0,0.0,870.4765106201172,871.8318005371094,876.728408587145,865.3351380268821,71.50392997022978,8.55656030481839,5.379059579542707,3.1775007252756833
2023-09-15 00:00:00+05:30,907.5424382724558,943.4424121200304,904.9568714898184,930.9619750976562,14003428,0.0,0.0,874.4493713378906,873.2335180664063,881.8935101595747,867.9087394806379,77.23440872456604,11.766452298721902,6.871161258756974,4.895291039964928
2023-09-18 00:00:00+05:30,924.2493683166612,930.613863641409,912.9125218708754,915.100341796875,2977375,0.0,0.0,876.848501586914,874.3021643066406,885.0560655536033,869.7593905518629,66.41331468785538,12.881918842045934,6.389302241664804,6.49261660038113
2023-09-20 00:00:00+05:30,905.951340431069,914.2053306249236,899.7856879945717,905.6530151367188,5241903,0.0,0.0,878.491845703125,874.8858801269531,887.0176797996143,871.1669836728377,60.937014710062,12.855424476124426,5.090246300594637,7.7651781755297895
2023-09-21 00:00:00+05:30,905.1557429644712,915.0506128512808,898.3436688006119,912.86279296875,4896202,0.0,0.0,880.9680450439453,875.4851025390625,889.4791191490558,872.8021134491479,63.416250973513044,13.263305190551478,4.39850161201735,8.864803578534127
2023-09-22 00:00:00+05:30,912.8628093977948,917.2383885447014,898.7912032450675,906.34912109375,6112928,0.0,0.0,883.053921508789,875.9926586914063,891.0857860009314,874.1176823763872,59.72801063126168,12.91211192333003,3.237846675836721,9.67426524749331
2023-09-25 00:00:00+05:30,906.9457839685374,908.2882781199918,897.0509137694119,905.3546752929688,5278045,0.0,0.0,884.8886993408203,876.5773388671874,892.4447278382682,875.3426624907629,59.16228802216638,12.410484918768589,2.188975737020222,10.221509181748367
2023-09-26 00:00:00+05:30,904.9568577681596,915.8461859433222,902.9679415972406,907.6419067382812,5355047,0.0,0.0,886.9944671630859,877.1790551757813,893.892078209698,876.6092995200773,60.09840352248206,12.058499490105419,1.4695922466856413,10.588907243419778
2023-09-27 00:00:00+05:30,909.8794088659728,915.9455787180736,902.4209734591752,915.1500244140624,4713145,0.0,0.0,890.2289398193359,878.0972387695313,895.9166445148755,878.1207004963121,63.089456566236365,12.244246795174035,1.3242716414034064,10.919975153770629
2023-09-28 00:00:00+05:30,920.868177649126,926.8349261004164,913.5091636137732,920.5201416015624,7386917,0.0,0.0,893.605126953125,879.1752905273438,898.2598347136077,879.7834236769102,65.1043080202152,12.678625151194524,1.4069199979391165,11.271705153255407
2023-09-29 00:00:00+05:30,926.8349321899695,931.2105720284264,916.69144761675,921.2659912109376,5608557,0.0,0.0,897.0857299804687,880.3613110351563,900.450897237163,881.4101910311858,65.3869164237111,12.93396229183088,1.329805710860379,11.604156580970502
2023-10-03 00:00:00+05:30,913.1611407136425,923.105721608972,910.9733207772888,920.1720581054688,4338272,0.0,0.0,900.0367828369141,881.2462976074219,902.3291030341444,882.9302642497852,64.56105335291912,12.899351857513238,1.0361562212341902,11.863195636279048
2023-10-04 00:00:00+05:30,913.2108310128478,920.818459506043,913.2108310128478,919.1278686523438,5603669,0.0,0.0,902.9679473876953,882.0876330566406,903.928985473973,884.3497781479247,63.73357114687648,12.641937095248522,0.6229931671755793,12.018943928072943
2023-10-05 00:00:00+05:30,919.9234638938468,924.448236161742,914.3048119820756,923.702392578125,7063132,0.0,0.0,906.0980041503906,882.9778918457031,905.8121671029398,885.8930179295012,65.8015485172832,12.661110491026648,0.5137332503629626,12.147377240663685
2023-10-06 00:00:00+05:30,924.0504749961876,924.0504749961876,919.1776060467428,920.9179077148438,2420855,0.0,0.0,908.3728271484375,883.901552734375,907.2508090659783,887.2665430191224,63.430593020651486,12.309722074225988,0.12987586684984187,12.179846207376146
2023-10-09 00:00:00+05:30,912.91252019184,922.9068117865856,911.4705438321126,919.4262084960938,2248103,0.0,0.0,910.8216796875,884.6815393066406,908.4103709164654,888.5277063711605,62.13886322760278,11.775140076955154,-0.3237649043367945,12.098904981291948
2023-10-10 00:00:00+05:30,919.4262090657782,948.762722532386,915.9456057731298,943.0942993164062,7897875,0.0,0.0,913.9293609619141,885.8210498046875,911.7136021926502,890.6675727611703,71.91244062422133,13.110171226275611,0.8090129959869294,12.301158230288681
2023-10-11 00:00:00+05:30,943.2435099367358,951.497500045615,942.7462808856358,950.3041381835938,5645289,0.0,0.0,917.1514068603516,887.1057470703125,915.3888913346449,893.0062616012654,74.10533269714311,14.581875982512656,1.8245742017791784,12.757301780733478
2023-10-12 00:00:00+05:30,950.3040957212336,951.497457529932,941.751780703218,945.0831909179688,5544735,0.0,0.0,920.132290649414,888.388974609375,918.2169198663901,895.048494123489,69.85235839160381,15.15225997281948,1.9159665536688006,13.236293419150678
2023-10-13 00:00:00+05:30,941.0556830412532,950.6522279355632,941.0556830412532,948.9119262695312,4421671,0.0,0.0,922.0739715576171,889.714130859375,921.1402538095464,897.1607855801966,71.1595407966817,15.73189287107266,1.9964795615375834,13.735413309535076
2023-10-16 00:00:00+05:30,952.6411063648828,953.4366606698682,938.6192113647904,941.3042602539062,1881721,0.0,0.0,923.6452117919922,891.1553991699219,923.0606353756759,898.8919022340676,65.11778404128624,15.399861039442499,1.3315581839259387,14.06830285551656
2023-10-17 00:00:00+05:30,941.3043013144912,954.928389407935,940.757361499512,948.364990234375,3863410,0.0,0.0,924.5153625488281,892.8645910644532,925.4705739336472,900.832023332119,67.84640079745304,15.527474263365775,1.1673371262793708,14.360137137086404
2023-10-18 00:00:00+05:30,947.7185289249062,953.585855743706,945.3815767682282,947.5693359375,2334392,0.0,0.0,926.1388122558594,894.2024914550781,927.5752179340141,902.6648591205653,67.2083995595002,15.38703386226291,0.8215173801412039,14.565516482121707
2023-10-19 00:00:00+05:30,940.5584243664192,946.0279437159456,936.1330738442402,937.7242431640624,4306963,0.0,0.0,927.7423736572266,895.3088427734375,928.5417917654472,904.0397369261927,59.724509738693214,14.316287869645976,-0.19938288998058518,14.51567075962656
2023-10-20 00:00:00+05:30,932.602777900782,942.2490334432229,931.8072235739312,939.9617919921876,3125104,0.0,0.0,929.0973236083985,896.5787341308594,929.6294108346606,905.4484449679965,60.793082074915255,13.492729658076883,-0.8183528812397434,14.311082539316626
2023-10-23 00:00:00+05:30,936.3817239155088,943.84015967534,931.8072409282412,934.094482421875,2180066,0.0,0.0,930.4845916748047,897.7649377441406,930.0546557477287,906.5718189857957,56.555763418255445,12.225680954992754,-1.668321267459099,13.894002222451853
2023-10-25 00:00:00+05:30,919.4759156699464,934.442558318134,913.9069747056705,917.4869995117188,6365249,0.0,0.0,931.0912078857422,898.7951953125,928.857736106204,906.9998652809301,46.645292737364926,9.768841528632265,-3.3001285550556716,13.068970083687937
2023-10-26 00:00:00+05:30,916.5423341523968,919.4759369963016,895.0620027271787,900.4818115234375,6595332,0.0,0.0,930.733203125,899.490322265625,926.1552670983215,906.744255329656,39.09154388489461,6.376102292063933,-5.354294233299203,11.730396525363137
2023-10-27 00:00:00+05:30,905.7026718096984,913.3103001942452,901.4265143209903,909.5313110351562,3508393,0.0,0.0,930.4522674560546,900.4360510253906,924.5720331875439,906.8535516318325,44.26423441383865,4.36720852312817,-5.890550401787975,10.257758924916144
2023-10-30 00:00:00+05:30,909.7302638284832,926.7852446363764,905.304913114488,921.1168212890624,3686768,0.0,0.0,930.4821014404297,901.8143701171875,924.2429653876884,907.4128955399592,50.106221444547344,3.6677203936681053,-5.272030824998431,8.939751218666537
2023-10-31 00:00:00+05:30,915.1997859586768,918.4317748142876,907.3436033124124,909.33251953125,5697563,0.0,0.0,929.8854278564453,902.9619750976562,922.8229229251704,907.4881749121668,44.945758074992376,2.1378327401213255,-5.441534782836169,7.579367522957495
2023-11-01 00:00:00+05:30,897.9956571460644,909.4816359701796,890.4875106902596,908.3877563476562,4821458,0.0,0.0,929.2962127685547,904.0996350097656,921.4481451558833,907.5234526155193,44.54962157965125,0.8394743218121903,-5.391914560916244,6.231388882728434
2023-11-02 00:00:00+05:30,914.9014630864308,920.8185009925124,911.3214381618116,918.7301025390624,6611573,0.0,0.0,929.2763244628907,905.1318823242187,921.1892839542812,907.9629290831092,49.768890883100916,0.6377057492683207,-4.474946506768092,5.112652256036412
2023-11-03 00:00:00+05:30,919.8737239504642,928.5255213853792,917.089253465995,925.5918579101562,3895154,0.0,0.0,929.3707977294922,906.1879968261719,921.6085767119836,908.6542596253464,52.93416825538855,1.0197341536672866,-3.274334481895301,4.294068635562588
2023-11-06 00:00:00+05:30,929.022765671014,935.4867432967426,924.846029527316,933.9950561523438,2760800,0.0,0.0,930.0246551513671,907.6011218261718,922.7882414205893,909.6480163518953,56.54550336932818,1.9777638555940484,-1.8530438239748315,3.83080767956888
2023-11-07 00:00:00+05:30,930.8624805841396,933.7464333164012,927.2824557482126,931.9564208984376,3616946,0.0,0.0,930.6511657714843,908.9476184082031,923.6614013708606,910.5228557458773,55.434233086825316,2.5431921333664604,-1.0300924369619358,3.573284570328396
2023-11-08 00:00:00+05:30,936.5805948462078,936.5805948462078,929.2216415725964,931.55859375,1808553,0.0,0.0,930.0743804931641,910.2056079101562,924.4135149307787,911.3477866479998,55.206225524538716,2.9254737507387745,-0.5182486556716976,3.443722406410472
2023-11-09 00:00:00+05:30,931.5586233084322,932.1055631229552,925.3929709614052,927.1829833984376,3914416,0.0,0.0,928.9183227539063,911.4387365722656,924.6772738324604,911.9687747558601,52.64157051624787,2.842591870199385,-0.48090442896886954,3.3234962991682546
2023-11-10 00:00:00+05:30,923.8515741133168,931.8072389065424,923.8515741133168,930.3155517578124,1345614,0.0,0.0,928.1799407958985,913.0358361816407,925.2142526824939,912.6882562069171,54.27914783121012,2.9951532076163403,-0.2626744732415318,3.257827680857872
2023-11-13 00:00:00+05:30,932.801672559116,935.088913987844,928.624936512754,929.8182983398438,1656368,0.0,0.0,927.2252593994141,914.5722741699219,925.652733221289,913.3600225650712,53.96018516244873,3.0408815815653725,-0.1735568794339999,3.2144384609993724
2023-11-15 00:00:00+05:30,942.7462523129112,947.420217390974,931.0116592019835,944.7351684570312,4816316,0.0,0.0,927.3968048095703,916.4338989257812,927.4701080056454,914.5904204431872,61.305930351754334,4.2320044869527464,0.8140528207626989,3.4179516661900475
2023-11-16 00:00:00+05:30,943.7407188862272,948.6135877619778,938.0225849203728,944.2876586914062,5310736,0.0,0.0,927.1929382324219,918.0966320800782,929.0717794995275,915.7550180215487,60.99153123313682,5.081293682383489,1.3306736129547527,3.750620069428736
2023-11-17 00:00:00+05:30,943.5417969560756,948.7129910171428,940.7573265222402,942.0501098632812,3249469,0.0,0.0,926.9169769287109,919.7275427246094,930.307810962742,916.7861980937736,59.35255395941986,5.510290795849187,1.4077365811363602,4.102554214712827
2023-11-20 00:00:00+05:30,943.7407170253038,958.9559134954984,936.7297997073312,956.072021484375,4646962,0.0,0.0,927.8343658447266,921.6269580078125,932.7615452981356,918.3268186188952,65.59244000057059,6.902161361120534,2.2396857171261653,4.662475643994369
2023-11-21 00:00:00+05:30,961.6409651557996,970.9391239424016,955.674216664657,965.4696044921876,5704644,0.0,0.0,929.1097564697266,923.4279211425782,935.876598554712,920.1755553198087,69.02450339513356,8.66366587457901,3.200952184467713,5.462713690111297
2023-11-22 00:00:00+05:30,968.9005045903256,970.889420769592,960.5968038206496,964.375732421875,3309732,0.0,0.0,930.6238189697266,925.3064526367187,938.5908017801562,921.9088955983212,68.1721039283938,9.857770318265693,3.5160453025235165,6.341725015742177
2023-11-23 00:00:00+05:30,964.6243174205512,975.563356071712,958.3592437869942,971.2374877929688,2749555,0.0,0.0,933.3113433837891,927.1123889160157,941.7000099718526,923.8433501941897,70.62287398455739,11.228359466788106,3.9093075608367434,7.319051905951363
2023-11-24 00:00:00+05:30,969.596620126956,971.7347292603564,965.6187878392558,967.7568969726562,2322104,0.0,0.0,936.67509765625,928.7502624511719,944.1816182576435,925.5654500678551,67.77219314367849,11.89657039273618,3.662014789427854,8.234555603308326
2023-11-28 00:00:00+05:30,968.6518660379456,982.524568183562,965.817684831562,979.4417724609376,5096984,0.0,0.0,940.170620727539,930.6297875976562,947.5397281817668,927.6782470244466,71.87640562853477,13.216650839279282,3.9856761887767647,9.230974650502517
2023-11-29 00:00:00+05:30,990.3808350014748,1001.5187170394872,985.4582553221026,989.8836059570312,5647918,0.0,0.0,943.6089599609375,932.2258935546874,951.5724784460778,930.1176728649402,74.94683455834702,14.93325157242134,4.561821537535058,10.371430034886282
2023-11-30 00:00:00+05:30,989.4857633259138,1012.5572023086723,987.1985219420284,1009.0765991210938,9934052,0.0,0.0,948.5961639404297,934.2098364257813,957.0490613675079,933.2141013455737,79.39896510128779,17.639052153384682,5.81409769479872,11.824954458585962
2023-12-01 00:00:00+05:30,1009.3749243977916,1016.8830705630448,1002.6126217727336,1009.0765991210938,5544950,0.0,0.0,953.6306060791015,935.77212890625,962.0040649630874,936.1891012583392,79.3989651012878,19.557966544129386,6.186409668434738,13.371556875694647
2023-12-04 00:00:00+05:30,1030.2585770376636,1038.214241725213,1019.518381151948,1027.17578125,5164902,0.0,0.0,959.0528900146485,938.0136376953125,968.2108950856506,939.7572063560514,82.75129911203557,22.282316090817858,7.128607372098568,15.15370871871929
2023-12-05 00:00:00+05:30,1033.0431425398292,1040.1534209753884,1016.4356191168024,1025.3857421875,4266159,0.0,0.0,964.0425842285156,940.4082922363282,973.65611861916,943.1151881533632,81.34149543407003,24.020053319381987,7.093075680530156,16.92697763885183
2023-12-06 00:00:00+05:30,1023.39677628018,1029.2641031760804,1007.8335438918432,1018.7725219726562,4121251,0.0,0.0,968.2814575195313,942.5264868164063,977.9529189385406,946.0821424207866,76.17794713845204,24.580245224116993,6.12261406821213,18.457631155904863
2023-12-07 00:00:00+05:30,1009.374939880371,1014.0489049433356,992.4691527099608,994.4580688476562,13805235,0.0,0.0,971.4065399169922,944.2886657714844,979.524837977504,947.9792375747815,60.87679662599072,22.799410766583378,3.4734236885428125,19.325987078040566
2023-12-08 00:00:00+05:30,993.165267200127,998.4358827285366,985.8062533474704,994.7066650390624,6630766,0.0,0.0,974.5639434814453,946.0757055664062,980.9707262690811,949.8116857106356,60.96313113949333,21.164178785020226,1.4705533655837257,19.6936254194365
2023-12-11 00:00:00+05:30,990.5796688482836,999.0325625252036,986.552125765132,995.3033447265624,6195119,0.0,0.0,977.9699615478515,947.8289343261719,982.335737550746,951.5956723387112,61.18453556223454,19.689425284108665,-0.0033601082622709555,19.692785392370936
2023-12-12 00:00:00+05:30,993.712207202964,995.3033158053888,981.5300960813868,989.734375,7119331,0.0,0.0,980.9409027099609,949.3206213378907,983.0403696887702,953.0913077371931,57.88469215523736,17.865362417353936,-1.4619383800136028,19.32730079736754
2023-12-13 00:00:00+05:30,987.6957614092356,996.4469802339858,986.0051705608752,994.358642578125,4153219,0.0,0.0,984.167919921875,950.7973913574219,984.1183004401373,954.7096345937003,59.82240059148681,16.601546902141877,-2.1806031161805315,18.782150018322408
2023-12-14 00:00:00+05:30,1000.424826784208,1005.5960209308234,993.6128132265168,999.6292724609376,6541673,0.0,0.0,986.9126251220703,952.3646569824218,985.5955358706897,956.4711890198666,61.97012051977405,15.842635740964852,-2.351611421886048,18.1942471628509
2023-12-15 00:00:00+05:30,994.110066386902,1005.2479485767502,982.773219740278,987.0493774414062,10119597,0.0,0.0,989.0507110595703,953.7022033691406,985.7339969726627,957.6703336638486,54.48392403443531,14.063979977903728,-3.304213747957739,17.368193725861467
2023-12-18 00:00:00+05:30,989.4857607029868,993.264689157246,976.7069990269406,984.7620849609376,5750263,0.0,0.0,991.1863098144531,955.0148876953125,985.6414339239269,958.7327552833423,53.22493091705619,12.327710906090374,-4.032386255816874,16.360097161907248
2023-12-19 00:00:00+05:30,989.9333135333808,992.4194587475904,980.4362509544808,982.9721069335938,3912964,0.0,0.0,992.5313140869141,956.2002819824219,985.3872123058,959.6833180931561,52.20820379257104,10.684109130766387,-4.540790424912689,15.224899555679077
2023-12-20 00:00:00+05:30,987.3974263252026,988.1432698658762,963.629854550309,966.1657104492188,3990591,0.0,0.0,992.5661193847657,957.1052380371094,983.5565930813636,959.9375295580998,43.75651304345425,7.933949511679089,-5.832760035199991,13.76670954687908
2023-12-21 00:00:00+05:30,962.6354314472042,976.1103264319032,954.6797667245,972.4805908203124,4294277,0.0,0.0,992.9713623046875,958.1663256835938,982.5017357231683,960.4294143134807,47.21428584440826,6.1926018110947325,-6.059286188627478,12.25188799972221
2023-12-22 00:00:00+05:30,976.4584111248972,993.4139092164226,970.14356591108,984.0659790039062,4605120,0.0,0.0,993.6127868652344,958.9857592773437,982.6507112737148,961.3563384189875,52.93150304387173,5.681917606637626,-5.255976314467668,10.937893921105294
2023-12-26 00:00:00+05:30,989.4858014587394,996.9442371481268,984.1654749457384,994.3088989257812,2460643,0.0,0.0,994.9403869628907,959.8658544921875,983.7610148596259,962.6485956937638,57.33169434631993,6.034156726752258,-3.92298975548243,9.957146482234688
2023-12-27 00:00:00+05:30,994.4580652560963,1018.3748302830282,992.4691491255842,1015.5405883789062,4791379,0.0,0.0,996.745327758789,961.2750024414063,986.7876409090811,964.722791485338,64.69850889830113,7.93505825328225,-1.6176705831619493,9.5527288364442
2023-12-28 00:00:00+05:30,1018.225599912079,1036.175494494668,1016.5350091238302,1030.95458984375,5288328,0.0,0.0,998.798876953125,962.9158557128907,990.9940169980972,967.3201169111582,68.89699070791053,10.563547506268606,0.8086549358595239,9.754892570409082
2023-12-29 00:00:00+05:30,1027.42442230014,1037.468424948751,1018.7229138234552,1026.4796142578125,4631749,0.0,0.0,999.6690277099609,964.6193627929688,994.3735976894988,969.6400971992623,66.42695337179367,12.145544765926616,1.9125217564140264,10.23302300951259
2024-01-01 00:00:00+05:30,1026.230950979103,1026.230950979103,1001.4192708303524,1007.4357299804688,3804406,0.0,0.0,999.5869842529297,965.8007775878906,995.6176102886387,971.1222788769568,57.05284226564781,11.727420286087863,1.1955178212602178,10.531902464827645
2024-01-02 00:00:00+05:30,1011.7616841530248,1019.7669989341832,1010.36941854949,1016.037841796875,6865791,0.0,0.0,999.0300872802734,967.1701477050781,997.5623942418041,972.8836735012674,59.81164248954368,11.952392416456405,1.1363919613030085,10.816000455153397
2024-01-03 00:00:00+05:30,1026.2310237568738,1031.253085895666,1015.6897918056522,1029.4630126953125,3604276,0.0,0.0,999.2339508056641,969.0049230957031,1000.6005483802335,975.1024711167202,63.72779181511328,13.06339683623355,1.7979171048641227,11.265479731369428
2024-01-04 00:00:00+05:30,1029.5127323153856,1052.932268770545,1021.8554536197546,1042.0926513671875,4664043,0.0,0.0,1000.3999572753906,971.0475402832031,1004.5521772361338,977.7295370088954,66.98691573066372,14.792463818872648,2.821587270002576,11.970876548870072
2024-01-05 00:00:00+05:30,1047.9599757165593,1057.755363548745,1033.1921760789162,1040.7998046875,4008221,0.0,0.0,1002.7170440673829,973.1816467285156,1008.0043322315021,980.2028808394289,66.32989815079699,15.875437773057683,3.1236489793500883,12.751788793707595
2024-01-08 00:00:00+05:30,1044.181014771316,1053.13113775507,1039.4573387521125,1043.236328125,4489695,0.0,0.0,1005.1435272216797,975.6966333007813,1011.3597604118352,982.6747807329807,66.98707056346647,16.737371512541017,3.1884661750667362,13.548905337474281
2024-01-09 00:00:00+05:30,1051.14215062089,1061.9817675597906,1042.2417997005905,1058.6005859375,3371125,0.0,0.0,1008.3083892822266,978.8590087890625,1015.8588866523746,985.6522632900206,70.85064684951546,18.44757524774832,3.918935928219229,14.52863931952909
2024-01-10 00:00:00+05:30,1061.0369936902707,1067.3518995763686,1049.4516542411045,1056.810546875,3111573,0.0,0.0,1011.6621978759765,981.8045935058594,1019.7590447688151,988.4427842149217,69.82533945495632,19.43445454245193,3.924652178338272,15.509802364113659
2024-01-11 00:00:00+05:30,1059.8436694278205,1067.9485268342726,1051.4901975082491,1056.959716796875,2604325,0.0,0.0,1014.7922515869141,984.5214514160157,1023.3019659143446,991.1297227475474,69.86447689738279,19.9980749005324,3.590618029134994,16.407456871397407
2024-01-12 00:00:00+05:30,1052.236028454799,1072.572768220862,1045.7720511910543,1070.3848876953125,3394013,0.0,0.0,1018.3300323486328,987.7424987792969,1027.7860537030083,994.2377684317735,73.22978720664085,21.282713316561626,3.900205156131374,17.382508160430252
2024-01-15 00:00:00+05:30,1072.0756186111446,1098.5778302405208,1068.5950152113137,1096.2906494140625,3312897,0.0,0.0,1023.7920959472656,991.500556640625,1034.3103009135848,998.2398421957848,78.27205834138422,24.113214852934334,5.384565354003264,18.72864949893107
2024-01-16 00:00:00+05:30,1100.8651208288886,1110.8097018661863,1086.9427073766713,1089.82666015625,5025540,0.0,0.0,1029.0453247070313,994.9224877929687,1039.5975732224101,1001.831482115803,74.50131268534878,25.540403923794656,5.4494035398908665,20.09100038390379
2024-01-17 00:00:00+05:30,1085.9481875215963,1102.8042028637915,1072.8213898563297,1079.235595703125,4568700,0.0,0.0,1033.8584991455077,997.9953625488281,1043.3726229824783,1004.8669375506,68.66449183964757,25.52264202665492,4.345313314200904,21.177328712454017
2024-01-18 00:00:00+05:30,1069.241330901513,1089.9261085259548,1069.241330901513,1081.0257568359375,4407330,0.0,0.0,1039.6015014648438,1000.9359765625,1046.958635730427,1007.853557914731,69.10508388793193,25.360674567676824,3.346676684178245,22.01399788349858
2024-01-19 00:00:00+05:30,1084.9538049045138,1130.0524562008382,1083.7605037224555,1118.765380859375,11753391,0.0,0.0,1046.9157409667969,1004.6721557617187,1053.7973733617555,1012.2030411674622,76.58092130377665,27.955334747638517,4.753069491311948,23.20226525632657
2024-01-23 00:00:00+05:30,1138.6544430852966,1166.0518103388874,1128.709862796342,1151.5823974609375,18194595,0.0,0.0,1055.2915618896484,1009.0726318359375,1063.1102327997728,1017.6688982770102,80.90731507014722,32.2874905178453,7.268180209214982,25.019310308630317
2024-01-24 00:00:00+05:30,1133.7816355472346,1187.3829504712214,1133.7816355472346,1183.3553466796875,9546592,0.0,0.0,1064.7438842773438,1014.1960791015625,1074.5621484073838,1024.1664060575074,83.99096165705573,37.848275283829935,10.26317198015969,27.585103303670245
2024-01-25 00:00:00+05:30,1179.4273185469665,1193.996154138303,1150.6378048178683,1154.118408203125,11424697,0.0,0.0,1071.6727752685547,1018.6721362304687,1082.1389350545974,1029.2625630043945,72.40285847537716,39.44140472020217,9.48504113322554,29.956363586976632
2024-01-29 00:00:00+05:30,1151.5824473786788,1163.267329724706,1151.5824473786788,1155.70947265625,4015858,0.0,0.0,1077.9105194091796,1023.1899597167969,1089.1456529214215,1034.221265343683,72.62421227791752,40.36703087635328,8.328533831501318,32.038497044851965
2024-01-30 00:00:00+05:30,1155.7094851254988,1174.3058027150594,1148.151627975499,1152.2288818359375,3902023,0.0,0.0,1084.197982788086,1027.339833984375,1095.1535794847086,1038.8490150100458,71.27734658441767,40.35455944178739,6.6528499175483375,33.70170952423905
2024-01-31 00:00:00+05:30,1152.5769250500553,1168.5380259346314,1139.8478129544462,1164.2120361328125,5981966,0.0,0.0,1092.036798095703,1031.7383215332031,1101.7305753559567,1043.765211916821,73.12529333686146,40.84082849603169,5.71129517743411,35.12953331859758
2024-02-01 00:00:00+05:30,1158.5934095843045,1163.714771470408,1142.5825377278054,1144.820068359375,3606209,0.0,0.0,1098.4759094238282,1035.793720703125,1105.8343365943774,1047.728147463588,65.7527973934333,39.20944837716229,3.263932046851764,35.945516330310525
2024-02-02 00:00:00+05:30,1148.5990385000923,1168.6870423907976,1138.9528440502972,1144.42236328125,4969983,0.0,0.0,1104.223876953125,1039.5607275390626,1109.509386755032,1051.5200774956531,65.60670785887612,37.4527444786288,1.2057825186546225,36.24696195997418
2024-02-05 00:00:00+05:30,1147.9525988324135,1153.223274931399,1103.8484096274124,1107.3787841796875,7809331,0.0,0.0,1107.48818359375,1042.3989111328126,1109.3064722240467,1053.7106150126742,53.65001199155413,32.694554265366605,-2.8419261556860604,35.536480421052666
2024-02-06 00:00:00+05:30,1118.7653644111638,1149.6929870952345,1116.7764482077662,1127.7652587890625,9863065,0.0,0.0,1111.8364562988281,1045.6667016601561,1111.0644518969054,1056.6147186901796,58.16837900247652,30.220311425919135,-4.252935196106826,34.47324662202596
2024-02-07 00:00:00+05:30,1132.4888550880837,1141.8864349303813,1125.5276488659954,1128.0137939453125,2770694,0.0,0.0,1116.0753295898437,1048.802227783203,1112.6786749491346,1059.414682425675,58.221849161342206,27.95723723168362,-5.212807512273876,33.1700447439575
2024-02-08 00:00:00+05:30,1138.0578431645342,1140.146180839338,1110.014052666087,1135.8203125,6519392,0.0,0.0,1119.9363159179688,1052.16349609375,1114.8826404301694,1062.410981644276,59.95336725854201,26.48831463108445,-5.345384090298442,31.83369872138289
2024-02-09 00:00:00+05:30,1139.5991491999805,1139.5991491999805,1110.0637937927588,1114.0416259765625,4203171,0.0,0.0,1122.797869873047,1054.8554931640624,1114.8025438155403,1064.4357127945618,53.31466111539559,23.298257091639016,-6.8283533037951045,30.12661039543412
2024-02-12 00:00:00+05:30,1116.677041057839,1122.7432112775646,1105.1413512083288,1112.500244140625,3887976,0.0,0.0,1125.5748962402345,1057.3078259277345,1114.583277179834,1066.3205963767605,52.86846090660055,20.410457823490106,-7.772922057555213,28.18337988104532
2024-02-13 00:00:00+05:30,1104.8428938609063,1118.7653065648244,1097.6828444564137,1111.6549072265625,3211554,0.0,0.0,1127.6383972167969,1059.3593920898438,1114.3043848033321,1068.0984124885174,52.608419413699266,17.847904935659244,-8.268379956308863,26.116284891968107
2024-02-14 00:00:00+05:30,1103.848460181185,1114.93669196537,1098.5777838408148,1109.666015625,4653070,0.0,0.0,1128.3071655273438,1061.371180419922,1113.8626353577768,1069.728514572301,51.96084725279268,15.478153856628069,-8.51050482827203,23.9886586849001
2024-02-15 00:00:00+05:30,1116.0803658052855,1125.179560236898,1103.2518321328712,1114.4891357421875,5056712,0.0,0.0,1129.5402893066407,1063.1174475097657,1113.9223020610539,1071.4838330495515,53.457043398769116,13.829872378340951,-8.127029045247319,21.95690142358827
2024-02-16 00:00:00+05:30,1117.770923287528,1120.8040691013048,1110.6605234736178,1113.7930908203125,3091952,0.0,0.0,1131.2681640625,1064.8855944824218,1113.9099962286023,1073.1430196287972,53.199532931664116,12.32535342148958,-7.705238401678955,20.030591823168535
2024-02-19 00:00:00+05:30,1114.837303382893,1138.6545263592586,1112.152193672222,1135.8699951171875,4711035,0.0,0.0,1134.0103759765625,1067.2275439453124,1116.0014246941819,1075.6029010204988,59.81210998285697,12.767259955656073,-5.810665494009971,18.577925449666044
2024-02-20 00:00:00+05:30,1138.6544589946386,1145.2178577982925,1128.709878566738,1137.6102294921875,5397418,0.0,0.0,1134.952618408203,1070.090587158203,1118.0594061035158,1078.0345609605652,60.28842245052565,13.1068092991693,-4.376892920397395,17.483702219566695
2024-02-21 00:00:00+05:30,1148.5990560567125,1152.7260812728202,1126.3231712968511,1133.582763671875,4570259,0.0,0.0,1134.05263671875,1072.8681091308595,1119.5378211100262,1080.2129218512048,58.55862048873327,12.90219331427079,-3.665207124236723,16.567400438507512
2024-02-22 00:00:00+05:30,1131.2955243017905,1132.4391754097264,1091.5669712719446,1129.2569580078125,8642368,0.0,0.0,1131.3477172851562,1075.5471813964843,1120.4634531955296,1082.136217386758,56.6775990941994,12.249769588635672,-3.4541046798974726,15.703874268533145
2024-02-23 00:00:00+05:30,1120.754303120836,1125.5774007321677,1109.1191916548355,1119.51123046875,6709844,0.0,0.0,1129.6173583984375,1078.1427185058594,1120.3727653167887,1083.6019041742873,52.579772778436165,10.82157593052193,-3.905838670408972,14.727414600930903
2024-02-26 00:00:00+05:30,1111.903507726962,1119.6603289789157,1098.229709707931,1103.898193359375,3186134,0.0,0.0,1127.0267944335938,1080.3335095214843,1118.8037584637016,1084.3978370835066,46.74844944647511,8.333813540875553,-5.11488084804428,13.448694388919833
2024-02-27 00:00:00+05:30,1106.831822945538,1124.73206806056,1095.196712178296,1121.25146484375,7149094,0.0,0.0,1125.4779235839844,1082.7659533691406,1119.0368733570394,1085.84307738783,52.989046352509085,7.674046276619947,-4.619718489839908,12.293764766459855
2024-02-28 00:00:00+05:30,1127.1187609767464,1146.262078147592,1117.2736021529795,1122.4945068359375,5302711,0.0,0.0,1123.3920471191407,1085.4748559570312,1119.3661717836012,1087.2803883465795,53.4102319809353,7.168841128484473,-4.099938910380306,11.26878003886478
2024-02-29 00:00:00+05:30,1112.6494501511274,1131.643576081607,1092.909480626044,1117.12451171875,13818650,0.0,0.0,1122.0072692871095,1088.1221044921874,1119.1526803488534,1088.4507461258802,51.27307406821556,6.262953255172761,-4.004661426953616,10.267614682126377
2024-03-01 00:00:00+05:30,1121.7487520967825,1134.4280930446848,1111.2075203717986,1122.44482421875,5927490,0.0,0.0,1120.9083923339845,1090.9115588378907,1119.466217860272,1089.7838472275614,53.26821004299266,5.90625175038258,-3.489090345395038,9.395342095777618
2024-03-04 00:00:00+05:30,1125.7265745616453,1142.8809768683489,1125.7265745616453,1127.21826171875,5855090,0.0,0.0,1121.9003662109376,1094.1326098632812,1120.2045077515556,1091.2518634821179,55.04667017650704,5.940264084231785,-2.764062409236667,8.704326493468452
2024-03-05 00:00:00+05:30,1126.7708198666476,1173.2119654489538,1126.7708198666476,1162.422119140625,5375008,0.0,0.0,1123.6332092285156,1097.9314404296874,1124.2252326457526,1094.0428539000986,65.48042919394574,8.707501529485853,0.0025400288139199034,8.704961500671933
2024-03-06 00:00:00+05:30,1167.4440470974591,1189.9685475179526,1150.9360667866963,1187.0845947265625,5464839,0.0,0.0,1126.5867492675782,1101.9918127441406,1130.2118385582107,1097.6915496187835,70.62438270570411,12.74371123812739,3.2309997899643648,9.512711448163024
2024-03-07 00:00:00+05:30,1203.1450429794709,1206.8742606529163,1182.8580745571649,1193.05126953125,8903981,0.0,0.0,1129.4482971191405,1105.96666015625,1136.1965462699288,1101.4311464780958,71.72226711797376,16.236730381874168,5.379215146968914,10.857515234905254
2024-03-11 00:00:00+05:30,1179.4272745644575,1211.548318879512,1179.4272745644575,1189.968505859375,6679208,0.0,0.0,1133.2446411132812,1109.4552185058594,1141.3176852784475,1104.9031997871657,70.26117508179883,18.542473858200083,6.147966898635861,12.394506959564222
2024-03-12 00:00:00+05:30,1193.3497249325308,1201.3053897654142,1191.1619656610123,1197.576171875,4249548,0.0,0.0,1137.4984375,1112.7876501464843,1146.675636382881,1108.5374339866887,71.78854735659367,20.74453713168805,6.680024137699061,14.064512993988988
2024-03-13 00:00:00+05:30,1205.2831371156417,1205.2831371156417,1145.3172691125155,1162.2728271484375,7528096,0.0,0.0,1140.0293334960938,1115.5035144042968,1148.161083122458,1110.6447043067574,57.12614547727001,19.417174166841278,4.282128938281831,15.135045228559447
2024-03-14 00:00:00+05:30,1167.4440303475585,1193.0513262560776,1157.1017632898456,1187.9796142578125,8569080,0.0,0.0,1143.9450134277345,1119.1143920898437,1151.953324182968,1113.6774458734656,63.04502496402715,20.20662296189039,4.0572621866647545,16.149360775225635
2024-03-15 00:00:00+05:30,1183.4051483654584,1216.0234228611237,1181.2670391547754,1213.2388916015625,10115416,0.0,0.0,1148.882501220703,1123.0584130859374,1157.7900448895007,1117.5818162941753,67.75545941713558,22.60984715680752,5.168389105265504,17.441458051542014
2024-03-18 00:00:00+05:30,1218.211135505912,1223.730426350829,1208.4653978643416,1218.509521484375,4141080,0.0,0.0,1154.1183227539063,1126.8393432617188,1163.5728521842507,1121.5397655173203,68.65331392647842,24.655502147388006,5.771235276676791,18.884266870711215
2024-03-19 00:00:00+05:30,1209.4599121506108,1233.5258713946744,1207.8688034437355,1221.5426025390625,7703719,0.0,0.0,1158.401953125,1130.4283422851563,1169.0937807894709,1125.4614454005261,69.18507563418147,26.219204094257975,5.867949778837406,20.35125431542057
2024-03-20 00:00:00+05:30,1221.4431360028525,1232.1335603562256,1216.8686531164497,1224.9735107421875,6596032,0.0,0.0,1162.7701171875,1134.11181640625,1174.4156598325867,1129.3638793354933,69.80897289547428,27.41922303642218,5.654374976801289,21.764848059620892
2024-03-21 00:00:00+05:30,1231.1390535591474,1236.0119222340631,1207.371482123631,1214.034423828125,9952250,0.0,0.0,1166.7927001953126,1137.5277783203126,1178.1888754512095,1132.6842928450083,65.27132239344718,27.17430532518506,4.327565812451333,22.846739512733727
2024-03-22 00:00:00+05:30,1220.1503178904309,1238.1003351625611,1215.227798850321,1229.2496337890625,7840007,0.0,0.0,1171.792333984375,1140.9407592773437,1183.0518048167191,1136.4711689604615,68.35265536507563,27.88648847907507,4.031799173073075,23.854689306001994
2024-03-26 00:00:00+05:30,1218.211150651835,1227.161273391318,1203.2942794193636,1206.3770751953125,10898138,0.0,0.0,1176.1356262207032,1143.93208984375,1185.27325913849,1139.2125770481027,59.767693623476056,26.302080424312408,1.9579128946483308,24.344167529664077
2024-03-27 00:00:00+05:30,1203.8413011804714,1221.443160988092,1203.8413011804714,1218.0123291015625,5779169,0.0,0.0,1181.8413330078124,1147.1531420898436,1188.3912658016397,1142.3027634031405,62.35772282807887,25.689164676785595,1.0759977176972129,24.61316695908838
2024-03-28 00:00:00+05:30,1220.150257631709,1231.636296683127,1213.537208704813,1221.7911376953125,10518377,0.0,0.0,1186.8683166503906,1150.1812670898437,1191.5722059819896,1145.4199545518532,63.18661716265134,25.21764943846074,0.4835859834978855,24.734063454962854
2024-04-01 00:00:00+05:30,1221.1945184226552,1225.0729292012934,1201.3053568848268,1210.603515625,5461473,0.0,0.0,1191.2737670898437,1152.4675244140626,1193.3847116622765,1147.976172633153,59.04139805148496,23.668388167059447,-0.8525402303227274,24.520928397382175
2024-04-02 00:00:00+05:30,1218.2111276397295,1220.945887314023,1196.5318933005367,1201.553955078125,3625577,0.0,0.0,1195.4952392578125,1154.7020703125,1194.1627348447382,1150.0772621407991,55.84972906378686,21.46295199151473,-2.446381124693957,23.909333116208686
2024-04-03 00:00:00+05:30,1188.3774119021198,1233.7246763118403,1182.8581209713268,1218.9072265625,9532291,0.0,0.0,1200.318359375,1157.4955029296875,1196.5193531035727,1152.7764764318463,60.283476882693286,20.87476066764475,-2.4276579588511495,23.3024186264959
2024-04-04 00:00:00+05:30,1225.1226173920031,1226.1668469627568,1194.6425735018556,1200.1617431640625,7327626,0.0,0.0,1203.9655334472657,1159.87822265625,1196.8662473950478,1154.6347221860508,53.97752635344782,18.680671801858352,-3.6973974597100394,22.378069261568392
2024-04-05 00:00:00+05:30,1199.2169853388436,1204.6367331473368,1182.36084857523,1184.3995361328125,4227519,0.0,0.0,1205.064404296875,1161.1909057617188,1195.6789415605492,1155.8019697918062,49.306999155708475,15.491387123300683,-5.509345710614166,21.00073283391485
2024-04-08 00:00:00+05:30,1181.4161587580868,1203.8412362549982,1176.5432900534718,1198.0235595703125,4827733,0.0,0.0,1205.6113525390624,1162.1197290039063,1195.9022385138599,1157.457718410571,53.08560897296509,13.902936471316252,-5.6782370900788806,19.581173561395133
2024-04-09 00:00:00+05:30,1208.2168345898287,1208.2168345898287,1191.6592041404494,1197.7750244140625,3372798,0.0,0.0,1205.8475402832032,1162.4081225585937,1196.0805990757838,1159.0387892342374,53.00798560542324,12.48015966346452,-5.68081111834449,18.16097078180901
2024-04-10 00:00:00+05:30,1206.5262696667592,1223.8795146643026,1202.051208291527,1222.5867919921875,6442196,0.0,0.0,1207.4784545898438,1163.777490234375,1198.6049984011554,1161.5308677737648,59.39184727124016,13.202510750001238,-3.9667680254462176,17.169278775447456
2024-04-12 00:00:00+05:30,1219.305057832208,1225.0231919339435,1212.7914300830394,1218.7581787109375,7877073,0.0,0.0,1208.5375549316407,1165.0384643554687,1200.524348906849,1163.7750760458107,58.08067563538094,13.312582926418827,-3.0853566792229046,16.39793960564173
2024-04-15 00:00:00+05:30,1203.8909090339969,1228.155710095206,1203.6422945177833,1217.763671875,4281602,0.0,0.0,1211.3120971679687,1166.34916015625,1202.16618918953,1165.8922758822496,57.72419042444867,13.16777758568628,-2.584129615964361,15.751907201650642
2024-04-16 00:00:00+05:30,1217.1172817070938,1227.1115126841544,1205.332977608925,1209.70849609375,5235632,0.0,0.0,1212.3985412597656,1167.2590893554689,1202.884504132789,1167.6105590277987,54.790802806759146,12.261687839477872,-2.7921754897382165,15.053863329216089
2024-04-18 00:00:00+05:30,1213.238893072289,1274.7461028398554,1209.0622175716962,1258.7353515625,19939924,0.0,0.0,1214.6733642578124,1169.5373950195312,1208.2036324594283,1171.1840803036694,66.08679022982709,15.32302835674227,0.21533202202094337,15.107696334721327
2024-04-19 00:00:00+05:30,1272.906322730799,1289.314880797251,1246.403991029557,1281.8564453125,13103862,0.0,0.0,1217.8407104492187,1172.2860766601561,1215.2181860644828,1175.5241730491136,69.90570993187916,19.391310846260012,3.426891609230948,15.964419237029064
2024-04-22 00:00:00+05:30,1296.773336920823,1298.1656025122302,1281.1106221535665,1290.359130859375,7894656,0.0,0.0,1221.2815368652343,1175.94568359375,1222.3744665211393,1180.0275047279474,71.19052154513878,23.036004967470035,5.657268584352774,17.37873638311726
2024-04-23 00:00:00+05:30,1302.7400723009828,1343.5128531897922,1294.8838292655971,1334.9107666015625,12074766,0.0,0.0,1226.7783996582032,1180.08859375,1233.0922093859415,1186.1013581347559,76.78351216633214,29.1829926148896,9.443404985417871,19.73958762947173
2024-04-24 00:00:00+05:30,1344.507295856725,1346.4962119748564,1326.1595932244866,1328.9937744140625,6277492,0.0,0.0,1232.5263671875,1184.108193359375,1242.225691769572,1191.7049823025718,74.70905736490921,33.194428088766244,10.76387236743561,22.430555721330634
2024-04-25 00:00:00+05:30,1323.623727070212,1336.3528392689825,1317.0105564465837,1331.281005859375,8512627,0.0,0.0,1237.6279357910157,1188.0174072265625,1250.7071502543151,1197.178551853819,74.99033658616794,36.14146376805343,10.968726437378233,25.172737330675194
2024-04-26 00:00:00+05:30,1330.5848637231334,1338.24214210931,1314.6735350089557,1318.6513671875,5289771,0.0,0.0,1243.241650390625,1192.1096020507812,1257.1780280574758,1201.942191670826,70.33843185208144,37.03103377921957,9.4866371588355,27.54439662038407
2024-04-29 00:00:00+05:30,1317.1597803293137,1338.5406299156332,1312.684718787991,1325.065673828125,3195888,0.0,0.0,1248.5943176269532,1196.3609106445313,1263.643518130871,1206.7705635201319,71.31178949592383,37.81766683873889,8.218616174683852,29.599050664055035
2024-04-30 00:00:00+05:30,1315.8171888891357,1327.402649413002,1312.6348503031245,1314.971923828125,5272565,0.0,0.0,1253.2533569335938,1200.4272509765624,1268.5319377210856,1211.0137541204454,67.55494687311283,37.19780479888959,6.079003307867644,31.118801491021948
2024-05-02 00:00:00+05:30,1307.96100216161,1312.585256556359,1286.4309602460498,1296.8231201171875,7995432,0.0,0.0,1257.5643371582032,1204.1703930664062,1271.226336044524,1214.3788272967881,61.30158561523345,34.84048347678004,2.9773455886064717,31.863137888173565
2024-05-03 00:00:00+05:30,1298.7622781526925,1303.237339601151,1251.1774823628432,1270.32080078125,11290875,0.0,0.0,1261.0026794433593,1207.2870263671875,1271.1400945908788,1216.5726301785317,53.51178467689558,30.482391628080677,-1.104597008074311,31.586988636154988
2024-05-06 00:00:00+05:30,1267.934003753039,1291.2539962841518,1266.1439307196308,1276.2874755859375,5555467,0.0,0.0,1263.8716918945313,1210.5369140625,1271.630321352313,1218.9143888219592,54.90126431837192,27.196528578584093,-3.512368046056718,30.70889662464081
2024-05-07 00:00:00+05:30,1279.221181934214,1287.2762684498114,1263.956274028603,1279.0223388671875,5767030,0.0,0.0,1267.8147216796874,1213.3999609375,1272.3343230203964,1221.2715633335367,55.55695804139145,24.530368233709623,-4.942822712744949,29.473190946454572
2024-05-08 00:00:00+05:30,1269.07766400669,1292.198813654987,1267.6356269987928,1281.4586181640625,2682816,0.0,0.0,1272.66767578125,1216.2769287109375,1273.2033035102693,1223.6318399935574,56.168323473809295,22.356294879114557,-5.693516853872016,28.049811732986573
2024-05-09 00:00:00+05:30,1275.8896765521818,1288.1215591093855,1263.0114933783314,1268.3814697265625,4809145,0.0,0.0,1276.1855712890624,1218.9729028320312,1272.7440812451543,1225.3867274340673,52.03090769174794,19.354997134727,-6.955851678607658,26.31084881333466
2024-05-10 00:00:00+05:30,1267.983876293675,1301.248451898162,1264.7021159354128,1293.939208984375,5532513,0.0,0.0,1280.9937805175782,1222.2665478515626,1274.7626648393657,1228.0750600438832,58.46960273592101,18.821777279949856,-5.9912572267078446,24.8130345066577
2024-05-13 00:00:00+05:30,1293.9392004401036,1295.6795021411235,1274.2986526714478,1278.8233642578125,3703942,0.0,0.0,1283.8056091308595,1225.4527905273437,1275.149398117313,1230.0651896209001,53.86455533559953,16.98369687673835,-6.263470103935482,23.247166980673832
2024-05-14 00:00:00+05:30,1283.397980462387,1292.696139642855,1273.602470826114,1277.1826171875,3262908,0.0,0.0,1286.7268310546874,1228.9184790039062,1275.3430380287593,1231.912931878414,53.373171495105204,15.219173183408202,-6.422395037812507,21.64156822122071
2024-05-15 00:00:00+05:30,1274.4477635390504,1310.9443254452808,1273.4035340282055,1302.640625,6891004,0.0,0.0,1290.9706787109376,1232.5462622070313,1277.9428082164966,1234.68656690279,59.54060698671975,15.694111959335714,-4.757965009507998,20.452076968843713
2024-05-16 00:00:00+05:30,1320.6402993213849,1349.3303899789355,1313.9774788988973,1337.6455078125,11932181,0.0,0.0,1297.367529296875,1236.8492822265625,1283.6287796065922,1238.7241724286612,66.16726735078718,18.679777014300953,-1.4178399636342114,20.097616977935164
2024-05-17 00:00:00+05:30,1346.0984614119218,1352.4630175379211,1331.8280119394567,1336.9991455078125,6614017,0.0,0.0,1301.2807189941407,1241.2467749023438,1288.7116715971845,1242.5780929415691,65.95246528223296,20.7545366653751,0.5255357499519491,20.22900091542315
2024-05-21 00:00:00+05:30,1348.4852090886488,1355.1978013905282,1328.3474321830108,1336.85009765625,5422220,0.0,0.0,1304.0304016113282,1245.5348803710938,1293.2962836028098,1246.2750343029293,65.89933884397696,22.131651815062014,1.52212071971109,20.609531095350924
2024-05-22 00:00:00+05:30,1334.7119198217506,1343.5128494419985,1322.181772447685,1340.4300537109375,3026723,0.0,0.0,1306.5339477539062,1249.7991162109374,1297.785214089298,1249.9673880052042,66.5953610683039,23.24395616957713,2.107540059380966,21.136416110196166
2024-05-23 00:00:00+05:30,1343.2642587190476,1369.6671694412878,1336.850052626386,1366.4351806640625,7147341,0.0,0.0,1308.1101684570312,1253.8793774414062,1304.3233061440376,1254.5347524231986,71.19472978910949,25.92501436758539,3.83087860591138,22.09413576167401
2024-05-24 00:00:00+05:30,1367.8770985807666,1390.0037910150977,1366.435182912233,1380.8050537109375,5622368,0.0,0.0,1310.700732421875,1257.7537866210937,1311.6072821027901,1259.4865289442866,73.37615746108702,28.876431439649195,5.4258365423801465,23.45059489726905
2024-05-27 00:00:00+05:30,1388.2634390876317,1399.202477647778,1370.363194171029,1376.677978515625,6553974,0.0,0.0,1312.9705810546875,1261.4263208007812,1317.804491284965,1264.0822720647313,71.69680142556886,30.530493729080035,5.663919065448788,24.866574663631248
2024-05-28 00:00:00+05:30,1377.1255806569254,1379.2635683873548,1359.3247569670004,1363.4517822265625,2068963,0.0,0.0,1315.2106018066406,1264.895986328125,1322.151852327022,1267.9791156004894,66.44814728257364,30.42340443729495,4.445463818930957,25.97794061836399
2024-05-29 00:00:00+05:30,1347.987870309576,1382.5452871249636,1347.987870309576,1369.4681396484375,4445083,0.0,0.0,1317.4307250976562,1268.3338256835937,1326.658165405252,1271.9590773278599,67.60971954315899,30.47273445103383,3.5958350661358693,26.87689938489796
2024-05-30 00:00:00+05:30,1371.1588244169675,1378.7663314760773,1355.9435675111351,1369.5179443359375,7100303,0.0,0.0,1320.158026123047,1272.4787280273438,1330.7400491129363,1275.7849152497452,67.61971336695565,30.168088716629654,2.6329514653853536,27.5351372512443
2024-05-31 00:00:00+05:30,1372.352155089009,1380.307819756192,1330.5849155863002,1365.142333984375,24825643,0.0,0.0,1323.5739868164062,1276.021982421875,1334.0164571959303,1279.2891277491424,65.7017211896682,29.236558740357395,1.3611371912904744,27.87542154906692
2024-06-03 00:00:00+05:30,1407.4565836191528,1412.5779456686405,1377.3244549285353,1383.390625,6017122,0.0,0.0,1329.2274780273438,1279.4250170898438,1338.718758891556,1283.371539406039,69.57732318195487,29.629251532383932,1.4030639866536099,28.226187545730323
2024-06-04 00:00:00+05:30,1383.3905597483893,1389.2578864825884,1212.294126235832,1292.4970703125,19924421,0.0,0.0,1330.0379577636718,1280.9047680664062,1334.3166933125983,1283.7294033631551,43.31998434811198,22.348493641864934,-4.702155123092311,27.050648764957245
2024-06-05 00:00:00+05:30,1318.303341184412,1341.2752979115885,1272.7571138358978,1336.899658203125,12175520,0.0,0.0,1332.9318237304688,1283.2119091796876,1334.5626899688389,1285.8145113960952,52.70902352859583,19.931599244364406,-5.695239616474272,25.626838860838678
2024-06-06 00:00:00+05:30,1351.4685825691322,1368.6229851072612,1321.6348390245598,1363.0042724609375,10279789,0.0,0.0,1337.0091064453125,1285.9725244140625,1337.2714121109434,1288.8415608496186,57.19801500896344,19.89329965156844,-4.586831367416192,24.480131018984633
2024-06-07 00:00:00+05:30,1363.0041623154225,1422.7214160421986,1355.5954984914124,1417.351318359375,12280748,0.0,0.0,1344.4575988769532,1290.0388623046874,1344.8980698488892,1293.8811591833346,64.70872786827508,23.97196545934935,-0.40653244770822994,24.37849790705758
2024-06-10 00:00:00+05:30,1413.1746823294775,1428.6882038702458,1413.1746823294775,1418.14697265625,5318477,0.0,0.0,1350.667987060547,1293.8168090820313,1351.8741558305426,1298.754328339135,64.8060962258177,26.957787555117875,2.0634317184482356,24.89435583666964
2024-06-11 00:00:00+05:30,1418.0972593985375,1426.6495748328375,1405.1693040183263,1419.34033203125,4416792,0.0,0.0,1357.6938354492188,1298.07607421875,1358.2995059448956,1303.483191229022,64.96223774919945,29.08509236598934,3.352589223455759,25.73250314253358
2024-06-12 00:00:00+05:30,1417.102704802776,1439.8260467027824,1414.2187522124866,1430.428466796875,4876138,0.0,0.0,1365.3561279296875,1302.3243969726564,1365.1689307879412,1308.461437329722,66.45158151406001,31.30485369636881,4.457880443068181,26.84697325330063
2024-06-13 00:00:00+05:30,1440.9697835842978,1447.88121880587,1412.5779563371036,1417.8486328125,7990376,0.0,0.0,1371.1165283203125,1306.245546875,1370.1860452664707,1312.7511312702231,63.17080893876583,31.683712954221846,3.8693917607369706,27.814321193484876
2024-06-14 00:00:00+05:30,1426.0529010684018,1426.0529010684018,1413.0751744363013,1419.489501953125,3978442,0.0,0.0,1375.2087280273438,1310.4232666015625,1374.8816125699616,1316.9369497283762,63.42446498172626,31.750367598182493,3.148837123758092,28.6015304744244
2024-06-18 00:00:00+05:30,1435.9974976589697,1435.9974976589697,1410.141587036301,1420.4342041015625,8671131,0.0,0.0,1379.3804809570313,1314.8008715820313,1379.2199546205904,1320.995665586148,63.57998945511616,31.516123201751498,2.3316741818616755,29.184449019889822
2024-06-19 00:00:00+05:30,1426.0030983509248,1426.8484848239482,1380.6061846522248,1384.6336669921875,8640918,0.0,0.0,1381.7696594238282,1318.115400390625,1379.7355462750284,1323.491273484424,54.17817370679834,28.117556988395336,-0.853513625195589,28.971070613590925
2024-06-20 00:00:00+05:30,1398.1583380214668,1399.1527961363206,1368.622980567828,1373.495849609375,8742855,0.0,0.0,1383.42294921875,1321.5820825195312,1379.141289449728,1325.45223725403,51.620704319036165,24.245947805075275,-3.7800982468125213,28.026046051887796
2024-06-21 00:00:00+05:30,1377.2746496179182,1416.05851418259,1365.2417313009737,1408.202392578125,43929578,0.0,0.0,1385.5113098144532,1326.0581396484374,1381.9090135571944,1328.6973413843866,58.23645836028126,23.704941783684035,-3.456883414563009,27.161825198247044
2024-06-24 00:00:00+05:30,1394.2302381170598,1415.909472973408,1381.6503190364572,1411.931640625,6195831,0.0,0.0,1387.0676391601562,1330.3363012695313,1384.768311373176,1331.9614315506853,58.88702724364979,23.308424753186046,-3.0827203560487995,26.391145109234845
2024-06-25 00:00:00+05:30,1426.0528732399468,1426.0528732399468,1402.036686556203,1407.1083984375,6353748,0.0,0.0,1388.58916015625,1334.52296875,1386.8959387126354,1334.9083714285996,57.636491851998855,22.347380127403312,-3.2350119854652277,25.58239211286854
2024-06-26 00:00:00+05:30,1407.1084634442573,1471.7482410195184,1401.1417147450024,1451.41162109375,9579826,0.0,0.0,1392.9871520996094,1339.0994653320313,1393.0402894155986,1339.477126317429,64.99076714985875,24.873914149554594,-0.5667823706511577,25.44069652020575
2024-06-27 00:00:00+05:30,1455.8866835503848,1480.7481364798657,1432.0694602014676,1467.621337890625,19675528,0.0,0.0,1397.8948120117188,1344.076728515625,1400.1432464132201,1344.5023895163781,67.23217251323801,27.863011784329274,1.937852211298818,25.925159573030456
2024-06-28 00:00:00+05:30,1527.7362277717582,1527.7362277717582,1428.6882271287511,1436.0472412109375,29145832,0.0,0.0,1401.2212768554687,1348.4423999023438,1403.5626744891931,1348.0923837004786,59.27191750924182,27.368638836735272,1.1547834109638515,26.21385542577142
2024-07-01 00:00:00+05:30,1441.964184368821,1458.671128303858,1441.218340825182,1445.9420166015625,6011806,0.0,0.0,1405.2612609863281,1353.1670703125,1407.5988023094187,1351.9296242064036,60.83682066335827,27.458743096000717,0.9959101361834328,26.462832959817284
2024-07-02 00:00:00+05:30,1453.897774422279,1465.2346212922964,1409.1471589304854,1411.0863037109375,7792632,0.0,0.0,1406.646044921875,1356.2140893554688,1407.9309453000396,1354.2494939908952,53.09722862906079,24.435904742657613,-1.6215425737277371,26.05744731638535
2024-07-03 00:00:00+05:30,1420.0364096546386,1424.4618210805434,1400.6444765091244,1411.9813232421875,8261388,0.0,0.0,1412.6202575683594,1358.8165869140626,1408.3166955802442,1356.5134872948674,53.26165373389367,21.86050981597691,-3.3575500003267535,25.218059816303665
2024-07-04 00:00:00+05:30,1410.141512517214,1433.1134691546365,1403.6775352031366,1415.16357421875,9570938,0.0,0.0,1416.5334533691407,1361.31267578125,1408.9687792601017,1358.8134907036474,53.880722251963846,19.84748241780767,-4.296461918796801,24.14394433660447
2024-07-05 00:00:00+05:30,1414.6165619971548,1425.6550219631522,1408.997849792008,1421.776611328125,4881198,0.0,0.0,1419.4720703125,1363.0499926757811,1410.1885727903896,1361.2826326889212,55.208460842826675,18.57167778787789,-4.457813238981267,23.029491026859155
2024-07-08 00:00:00+05:30,1423.0695079056293,1430.8759795297742,1415.2630362814846,1427.196533203125,3261797,0.0,0.0,1419.9643310546876,1365.0140478515625,1411.8083785439835,1363.8674915326155,56.31841544192712,17.79283114433906,-4.189327906016075,21.982159050355136
2024-07-09 00:00:00+05:30,1428.0418179347562,1433.6605304247516,1420.2353462032202,1427.5943603515625,2897480,0.0,0.0,1420.436700439453,1366.9403149414063,1413.3118053828007,1366.3665844274763,56.4038126775608,17.011591852617357,-3.9764537581902246,20.988045610807582
2024-07-10 00:00:00+05:30,1433.0141441224548,1440.721194515896,1418.2464653892682,1437.041748046875,3416762,0.0,0.0,1421.3217712402343,1369.3081225585938,1415.5717999222363,1369.1381594713744,58.479718842494854,16.95928325670525,-3.2230098832818683,20.182293139987117
2024-07-11 00:00:00+05:30,1441.964225531988,1442.8094906268138,1420.0861476273649,1429.98095703125,4178558,0.0,0.0,1421.2993957519532,1371.4064282226564,1416.9441005992853,1371.524151532546,56.321192499719615,16.16177856912668,-3.2164116566883507,19.378190225815032
2024-07-12 00:00:00+05:30,1434.0085148141789,1439.5774556414922,1413.5723532334723,1425.3070068359375,6342135,0.0,0.0,1421.672314453125,1373.6131298828125,1417.7405678599189,1373.6332831130712,54.87721784978875,14.979922418615388,-3.5186142457597143,18.498536664375102
2024-07-15 00:00:00+05:30,1425.3070661313552,1432.0196582795406,1418.1470163974818,1429.6329345703125,3324806,0.0,0.0,1422.1794860839843,1376.269326171875,1418.8731742132898,1375.8293478761004,56.00157609781211,14.228343630858717,-3.416154426813108,17.644498057671825
2024-07-16 00:00:00+05:30,1443.9531602934285,1465.1351663676537,1436.9919535977988,1458.372802734375,6967651,0.0,0.0,1424.076416015625,1380.0303662109375,1422.6350435962502,1379.0663461058366,62.658723793862,15.769992540936528,-1.4996044133882407,17.26959695432477
2024-07-18 00:00:00+05:30,1457.8755252256838,1477.7149150912528,1450.96409022228,1475.427734375,6470342,0.0,0.0,1428.6161193847656,1384.0131713867188,1427.662918908512,1382.8452240771765,65.95106266602092,18.158629481236176,0.7112260215291251,17.44740345970705
2024-07-19 00:00:00+05:30,1471.797907179964,1471.797907179964,1443.9033104492005,1453.6490478515625,3858596,0.0,0.0,1432.623779296875,1387.5057055664063,1430.1377883316595,1385.6218446173484,58.81923077198307,18.08580161229338,0.5107185220690624,17.575083090224318
2024-07-22 00:00:00+05:30,1441.9642515754642,1463.8423298752298,1441.0195649336808,1457.2789306640625,3560584,0.0,0.0,1435.0776062011719,1391.0221118164063,1432.7226590299838,1388.431926423102,59.60332901596401,18.112200040616926,0.42969356031408523,17.68250648030284
2024-07-23 00:00:00+05:30,1461.8533667071597,1461.8533667071597,1420.533585233526,1457.5771484375,2936143,0.0,0.0,1437.359881591797,1394.806025390625,1435.089753259271,1391.143503757,59.671267554600256,17.950265183872943,0.21420696285608187,17.73605822101686
2024-07-24 00:00:00+05:30,1457.8755719948952,1467.4223454590735,1428.5888295597524,1447.1353759765625,4529339,0.0,0.0,1439.36123046875,1397.8699487304686,1436.2369554228226,1393.3392634518848,56.112838995844136,16.785869812800684,-0.7601507265729417,17.546020539373625
2024-07-25 00:00:00+05:30,1436.9918713294776,1445.9419937114606,1432.1190026427485,1441.118896484375,4277756,0.0,0.0,1438.8465942382813,1401.115859375,1436.7019021905896,1395.2129745511982,54.11054522353847,15.202355191497645,-1.8749322783007827,17.077287469798428
2024-07-26 00:00:00+05:30,1442.2128148032016,1511.5762651272996,1441.118935205884,1506.00732421875,9564987,0.0,0.0,1440.7658935546874,1405.692353515625,1443.3024185742238,1399.5578510087494,67.55674300615514,18.964748453429593,1.5099687869049312,17.45477966652466
2024-07-29 00:00:00+05:30,1516.548623885568,1516.548623885568,1468.864405875675,1473.1405029296875,4589313,0.0,0.0,1442.620556640625,1409.1023510742189,1446.1441408937917,1402.4434452017272,58.24704431414466,19.074515282842412,1.2957884930542,17.778726789788212
2024-07-30 00:00:00+05:30,1476.1736006197607,1476.6708296605657,1455.9364029377712,1462.201416015625,4263689,0.0,0.0,1443.433526611328,1411.5934692382812,1447.6734051911092,1404.7868950375664,55.505405412294536,18.070507828037307,0.23342483059927588,17.83708299743803
2024-07-31 00:00:00+05:30,1469.6599085353043,1495.8142056518918,1464.9860039282826,1483.2840576171875,5634305,0.0,0.0,1447.0434143066407,1414.5191674804687,1451.0648958983547,1407.8652151387282,59.46536924108687,18.759766755274313,0.7381470062690241,18.02161974900529
2024-08-01 00:00:00+05:30,1476.7702258872416,1502.6261355660756,1476.7702258872416,1497.1566162109375,4531379,0.0,0.0,1451.302178955078,1417.7252978515626,1455.4545835471722,1411.3668387101875,61.87009686445299,20.192640768362708,1.736816815485934,18.455823952876774
2024-08-02 00:00:00+05:30,1485.8197489538632,1496.8085589692664,1475.3779394237497,1485.521484375,3335905,0.0,0.0,1454.8200744628907,1420.6271264648437,1458.3180979117274,1414.2748640303762,58.723431769395106,20.15698862910267,1.3609317409807176,18.796056888121953
2024-08-05 00:00:00+05:30,1473.7868635782384,1479.753612013778,1443.4558923642464,1457.5771484375,5111901,0.0,0.0,1456.6101013183593,1422.4499658203124,1458.2475312951344,1415.9729928306556,51.89664722848187,17.670168973652608,-0.9007103315754783,18.570879305228086
2024-08-06 00:00:00+05:30,1474.8807941212426,1484.6265321267615,1423.1689725604576,1435.550048828125,8249573,0.0,0.0,1457.0277770996095,1423.5448657226561,1456.0858662982764,1416.740720516831,47.235219921409104,13.763289001555904,-3.8460722429377476,17.609361244493652
2024-08-07 00:00:00+05:30,1452.0,1454.9000244140625,1422.5999755859375,1441.75,5700734,8.0,0.0,1457.7355590820312,1424.8463061523437,1454.7205456984407,1417.7214765749945,48.63375407975208,11.040079555629063,-5.255425351091674,16.295504906720737
2024-08-08 00:00:00+05:30,1435.0,1466.5,1430.0,1451.800048828125,5986360,0.0,0.0,1458.4734741210937,1426.613271484375,1454.442403139363,1419.0578911731566,50.90533310284806,9.582411325814519,-5.370474864724974,14.952886190539493
2024-08-09 00:00:00+05:30,1465.0,1482.0,1457.300048828125,1464.0999755859375,3615910,0.0,0.0,1460.179425048828,1428.505908203125,1455.3621719437986,1420.824247424638,53.60929185200503,9.31235303725748,-4.51242652262561,13.82477955988309
2024-08-12 00:00:00+05:30,1466.0,1477.5,1445.0,1458.5999755859375,4028226,0.0,0.0,1461.8440734863282,1430.287548828125,1455.670534195431,1422.3056485290028,52.22418815313666,8.555898787963542,-4.215104617535639,12.771003405499181
2024-08-13 00:00:00+05:30,1468.0,1478.4000244140625,1450.3499755859375,1459.699951171875,4495208,0.0,0.0,1463.3474243164062,1432.178701171875,1456.0542881931876,1423.7720917698998,52.48857831123662,7.95347942243211,-3.854019186453657,11.807498608885767
2024-08-14 00:00:00+05:30,1453.0999755859375,1480.0999755859375,1453.0999755859375,1471.699951171875,5891784,0.0,0.0,1464.0137817382813,1433.9448876953124,1457.544351334015,1425.6516156680163,55.38900568555729,8.348125453170496,-2.7674985245722166,11.115623977742713
2024-08-16 00:00:00+05:30,1480.0,1491.0,1468.0999755859375,1483.550048828125,7176426,0.0,0.0,1464.4198974609376,1437.765947265625,1460.0210844286921,1427.9221424586087,58.10865931002881,9.507492664040683,-1.2865050509616243,10.793997715002307
2024-08-19 00:00:00+05:30,1487.0,1489.0999755859375,1464.300048828125,1469.6500244140625,4404075,0.0,0.0,1465.2199462890626,1440.4209545898439,1460.9381263320606,1429.5585299862737,53.95366031566582,9.198647446774203,-1.276280214582485,10.474927661356688
2024-08-20 00:00:00+05:30,1480.0,1484.75,1446.5,1449.1500244140625,10046892,0.0,0.0,1464.8135009765624,1442.1438696289063,1459.8154499589177,1430.3268238854027,48.451192403775615,7.216519171744494,-2.6067267916897556,9.82324596343425
2024-08-21 00:00:00+05:30,1453.0,1466.5999755859375,1447.699951171875,1463.449951171875,6175510,0.0,0.0,1465.1071411132812,1443.0658422851564,1460.1615929315803,1431.6257700534998,52.11945428016187,6.722065031854527,-2.4809447452637787,9.203009777118305
2024-08-22 00:00:00+05:30,1473.699951171875,1499.9000244140625,1465.0,1486.3499755859375,6781325,0.0,0.0,1467.06787109375,1444.42990234375,1462.6557246129478,1433.7718173292817,57.35322527650408,8.084850031844553,-0.8945277962190019,8.979377828063555
2024-08-23 00:00:00+05:30,1493.0,1510.0,1479.3499755859375,1506.75,6238112,0.0,0.0,1470.3494262695312,1446.178095703125,1466.8551794117147,1436.6337068457804,61.40095587289001,10.687776409233948,1.3667188649363133,9.321057544297634
2024-08-26 00:00:00+05:30,1509.0,1520.699951171875,1505.0,1513.550048828125,4307432,0.0,0.0,1470.7265625,1447.84052734375,1471.3023098323254,1439.6500339823428,62.67275174217966,13.14776220790236,3.06136373088378,10.08639847701858
2024-08-27 00:00:00+05:30,1518.0,1526.3499755859375,1502.0,1522.75,3965066,0.0,0.0,1473.2070373535157,1449.9385546875,1476.2020898482942,1442.9088561791139,64.38261381803926,15.65916869968214,4.458216178130847,11.200952521551294
2024-08-28 00:00:00+05:30,1527.949951171875,1564.5,1521.6500244140625,1556.3499755859375,6225319,0.0,0.0,1477.9144653320313,1452.6757641601562,1483.8352218233078,1447.357527528401,69.82002422848436,20.12868273628328,7.142184171785589,12.986498564497692
2024-08-29 00:00:00+05:30,1565.0,1571.699951171875,1545.949951171875,1565.9000244140625,8036748,0.0,0.0,1482.045263671875,1455.5850805664063,1491.6509173081415,1452.0062528964663,71.1673302192753,24.16287930696012,8.941104593969943,15.221774712990179
2024-08-30 00:00:00+05:30,1576.0,1608.4000244140625,1561.5999755859375,1589.050048828125,37820442,0.0,0.0,1486.6399353027343,1459.673408203125,1500.9270250719494,1457.3805194035904,74.17678740646997,28.894939772208545,10.938532047374693,17.956407724833852
2024-09-02 00:00:00+05:30,1605.0,1605.0,1565.5,1571.3499755859375,4890314,0.0,0.0,1490.9313598632812,1463.6304907226563,1507.6339727399481,1461.8499098421137,68.3063223395583,30.861135835095183,10.323782488209062,20.53735334688612
2024-09-03 00:00:00+05:30,1579.0,1579.0,1558.5999755859375,1560.5999755859375,4546295,0.0,0.0,1496.082501220703,1466.6784423828126,1512.678353963376,1465.7224614399108,64.94457219334268,31.192359122711878,8.524004620660605,22.668354502051272
2024-09-04 00:00:00+05:30,1558.0,1566.0,1542.0,1561.9000244140625,5213811,0.0,0.0,1502.4,1469.6778100585936,1517.3661321015366,1469.494130576152,65.16783729936877,31.20010366627662,6.825399331380275,24.374704334896343
2024-09-05 00:00:00+05:30,1559.0,1563.0,1541.5,1547.199951171875,5652812,0.0,0.0,1507.6724975585937,1472.4796411132813,1520.2074482034734,1472.5414176583372,60.47750146663972,29.677959176344757,4.242603873158728,25.43535530318603
2024-09-06 00:00:00+05:30,1552.800048828125,1555.5999755859375,1530.199951171875,1539.25,5497805,0.0,0.0,1512.0449951171875,1474.2364086914063,1522.0210245650474,1475.157440495265,58.0443979401517,27.513001329481312,1.662116821036225,25.850884508445088
2024-09-09 00:00:00+05:30,1523.25,1546.75,1523.25,1542.6500244140625,3912508,0.0,0.0,1515.9724975585937,1475.736982421875,1523.9856912173345,1477.8042084920805,58.8076803501588,25.774497826314246,-0.06110934570467563,25.83560717201892
2024-09-10 00:00:00+05:30,1545.1500244140625,1586.0,1545.1500244140625,1577.8499755859375,6163457,0.0,0.0,1521.9349975585938,1478.573037109375,1529.1156230619636,1481.727571907526,65.75393475463767,26.926669273995913,0.8728496815815916,26.05381959241432
2024-09-11 00:00:00+05:30,1578.449951171875,1598.9000244140625,1574.449951171875,1577.800048828125,5994914,0.0,0.0,1527.8400024414063,1481.2101977539062,1533.7522350396932,1485.4951200220594,65.73700228449029,27.51852831045676,1.1717669744339467,26.346761336022812
2024-09-12 00:00:00+05:30,1596.1500244140625,1652.800048828125,1590.0999755859375,1646.75,12204496,0.0,0.0,1536.5925048828126,1485.9234716796875,1544.5139269406748,1491.818840805508,75.22536248363878,33.1689150756913,5.457722991734791,27.71119208395651
2024-09-13 00:00:00+05:30,1651.0,1654.9000244140625,1631.050048828125,1634.449951171875,5609618,0.0,0.0,1544.1375,1490.3728442382812,1553.0792625817414,1497.4122176826204,71.42542713297125,36.23666246301127,6.820376303243805,29.416286159767466
2024-09-16 00:00:00+05:30,1634.449951171875,1652.949951171875,1630.0999755859375,1635.449951171875,3762063,0.0,0.0,1552.4274963378907,1494.7785717773438,1560.924090066516,1502.8254621331794,71.55124809012649,38.30698691218777,7.1125606019362415,31.194426310251526
2024-09-17 00:00:00+05:30,1650.0,1666.050048828125,1638.5,1661.75,4223072,0.0,0.0,1563.0574951171875,1499.5780395507813,1570.526557679229,1509.0577969514861,74.70578543922133,41.59049871578395,8.316857924425939,33.27364079135801
2024-09-18 00:00:00+05:30,1655.199951171875,1670.949951171875,1647.8499755859375,1654.9000244140625,3171195,0.0,0.0,1572.6299987792968,1504.132109375,1578.5621259396894,1514.7770999892343,72.45236527626787,43.14264810244913,7.895205848872891,35.24744225357624
2024-09-19 00:00:00+05:30,1647.699951171875,1711.699951171875,1647.699951171875,1664.8499755859375,8498240,0.0,0.0,1581.554998779297,1508.8772216796874,1586.7800163821892,1520.6623107969483,73.69363289342813,44.66079374841979,7.530681195874841,37.13011255254495
2024-09-20 00:00:00+05:30,1671.0,1723.4000244140625,1666.0,1711.75,21646275,0.0,0.0,1591.804998779297,1514.37138671875,1598.6819195838852,1528.1559456676564,78.59055615298797,49.08258167218628,9.561975295713061,39.52060637647322
2024-09-23 00:00:00+05:30,1719.0,1754.25,1719.0,1750.449951171875,5001827,0.0,0.0,1603.6499938964844,1520.7807666015624,1613.1360178303605,1536.873357648214,81.62939645904012,55.07477536209922,12.443335188500797,42.63144017359842
2024-09-24 00:00:00+05:30,1752.0,1767.550048828125,1746.0999755859375,1756.6500244140625,7579205,0.0,0.0,1615.3449951171874,1527.407626953125,1626.8040184573797,1545.492050462561,82.06852295578979,59.636473977651804,13.60402704324271,46.032446934409094
2024-09-25 00:00:00+05:30,1755.550048828125,1766.9000244140625,1745.0,1760.4000244140625,4017103,0.0,0.0,1625.5474975585937,1534.02296875,1639.5274475961114,1553.9198141469337,82.34343362870258,62.82998173653027,13.438027841696943,49.39195389483333
2024-09-26 00:00:00+05:30,1770.0,1779.0,1746.1500244140625,1771.0999755859375,7417423,0.0,0.0,1635.8074951171875,1540.2775122070314,1652.0581645475236,1562.4366832229732,83.13780722032749,65.4695639005131,12.862088004543807,52.60747589596929
2024-09-27 00:00:00+05:30,1755.199951171875,1763.449951171875,1722.5,1734.5999755859375,7116861,0.0,0.0,1643.0849914550781,1545.46095703125,1659.9192894083249,1569.188184884266,71.34591710388973,63.879839796505166,9.0178911204287,54.861948676076466
2024-09-30 00:00:00+05:30,1714.0,1733.0,1704.199951171875,1709.550048828125,6907288,0.0,0.0,1649.9949951171875,1550.5789770507813,1664.6460284006866,1574.692571705594,64.57641019171957,59.90806932070177,4.036896515700235,55.871172805001535
2024-10-01 00:00:00+05:30,1705.0,1722.8499755859375,1696.0,1698.699951171875,3649090,0.0,0.0,1656.8999938964844,1555.4073974609375,1667.8892591407998,1579.5556061944678,61.83946859542259,55.248035438924944,-0.49850989286127856,55.74654533178622
2024-10-03 00:00:00+05:30,1665.0,1695.0,1665.0,1673.449951171875,7200276,0.0,0.0,1662.477490234375,1559.724853515625,1668.418848858045,1583.2377373700524,55.90162835518461,48.95315948666189,-5.434708676099476,54.387868162761364
2024-10-04 00:00:00+05:30,1670.050048828125,1686.699951171875,1630.1500244140625,1640.9000244140625,8576527,0.0,0.0,1667.1624938964844,1563.600146484375,1665.7980084348085,1585.4990035286412,49.326337794467264,40.86683050079955,-10.816830129569453,51.683660630369005
2024-10-07 00:00:00+05:30,1651.0,1670.0,1642.449951171875,1662.050048828125,5387707,0.0,0.0,1673.3024963378907,1568.01876953125,1665.4410599008386,1588.5010053050914,53.17994914233021,35.752850131792,-12.744648398861607,48.49749853065361
2024-10-08 00:00:00+05:30,1662.5999755859375,1679.5,1652.0,1657.449951171875,5224335,0.0,0.0,1679.0424926757812,1571.0476220703124,1664.6800019266516,1591.2048855351613,52.249255834107856,30.971771110768486,-14.020581935908105,44.99235304667659
2024-10-09 00:00:00+05:30,1666.75,1704.5999755859375,1661.050048828125,1678.0999755859375,3414614,0.0,0.0,1684.0549926757812,1575.1468115234375,1665.9580946561075,1594.6125361253878,55.974076352992846,28.520252217233747,-13.177680663554284,41.69793288078803
2024-10-10 00:00:00+05:30,1686.5999755859375,1698.949951171875,1665.0,1678.0999755859375,5047657,0.0,0.0,1689.0699890136718,1579.4647827148438,1667.1144642684724,1597.886553359135,55.97407635299285,26.27452941213096,-12.338722774925657,38.61325218705662
2024-10-11 00:00:00+05:30,1678.0999755859375,1690.25,1658.6500244140625,1687.4000244140625,2367678,0.0,0.0,1691.102490234375,1583.5471020507812,1669.0464223775762,1601.3968855573676,57.69762666974975,24.95751937832938,-10.92458624698179,35.88210562531117
2024-10-14 00:00:00+05:30,1686.0,1710.050048828125,1679.3499755859375,1695.5999755859375,2069815,0.0,0.0,1694.1599914550782,1587.5159692382813,1671.5753322069438,1605.0911243820174,59.21376836979572,24.295384894009658,-9.269376585041208,33.564761479050865
2024-10-15 00:00:00+05:30,1708.0,1732.75,1699.949951171875,1717.25,5891334,0.0,0.0,1698.2499938964843,1592.1505395507813,1675.9253005681874,1609.489511661154,62.985799274872825,25.226815551644222,-6.670356741925318,31.89717229356954
2024-10-16 00:00:00+05:30,1720.0,1742.25,1717.0999755859375,1733.949951171875,3299887,0.0,0.0,1701.8599914550782,1597.6779956054688,1681.4514577685386,1614.3703132105938,65.62654362628834,27.001273675449056,-3.916718894496391,30.917992569945447
2024-10-17 00:00:00+05:30,1736.75,1737.949951171875,1694.4000244140625,1701.1500244140625,4373392,0.0,0.0,1704.1724914550782,1602.9899951171874,1683.327511734779,1617.7734391401416,57.02174272597655,25.467293447887187,-4.36055929764661,29.827852745533797
2024-10-18 00:00:00+05:30,1710.0,1716.0999755859375,1685.199951171875,1707.8499755859375,4154915,0.0,0.0,1706.322491455078,1608.3119946289062,1685.6629844825084,1621.3058523340944,58.22662416630314,24.50970056025608,-4.254521748222174,28.764222308478253
2024-10-21 00:00:00+05:30,1705.550048828125,1708.949951171875,1662.0,1692.550048828125,3836168,0.0,0.0,1705.3624938964845,1613.1269946289062,1686.318895372567,1624.099742392684,54.47115261850952,22.259629917639586,-5.203673912670936,27.463303830310522
2024-10-22 00:00:00+05:30,1692.0,1712.9000244140625,1687.3499755859375,1692.25,3070057,0.0,0.0,1702.4524963378906,1617.6899951171874,1686.8837624799417,1626.7723015145395,54.397054783776795,20.219147542774863,-5.795325030028529,26.014472572803392
2024-10-23 00:00:00+05:30,1690.0,1701.3499755859375,1680.0999755859375,1685.800048828125,2764757,0.0,0.0,1698.9099975585937,1622.2339965820313,1686.7805516559592,1629.0871151346803,52.736328650633816,17.87553536023529,-6.511149770054484,24.386685130289774
2024-10-24 00:00:00+05:30,1687.0,1693.0,1657.4000244140625,1678.449951171875,3669575,0.0,0.0,1694.8124938964843,1626.6089965820313,1685.9871611336655,1631.022912626335,50.83183391005526,15.249329588114279,-7.309884433740397,22.559214021854675
2024-10-25 00:00:00+05:30,1681.0999755859375,1684.75,1655.8499755859375,1666.0,3434386,0.0,0.0,1689.5574951171875,1630.4949975585937,1684.0836219780783,1632.3945631115769,47.69018184220495,12.024820931424529,-8.427514472344118,20.452335403768647
2024-10-28 00:00:00+05:30,1658.1500244140625,1677.8499755859375,1645.6500244140625,1663.3499755859375,2811651,0.0,0.0,1685.9949951171875,1634.09099609375,1682.1089889883506,1633.6085008556695,47.02397580632257,9.150063529974204,-9.041817499035552,18.191881029009757
2024-10-29 00:00:00+05:30,1650.5,1667.949951171875,1610.0,1637.0999755859375,6990747,0.0,0.0,1682.372491455078,1637.4399951171874,1677.822416283359,1633.7454214333272,40.925299697427796,4.699469400290809,-10.793929302975158,15.493398703265967
2024-10-30 00:00:00+05:30,1627.800048828125,1651.0,1617.800048828125,1633.3499755859375,4622628,0.0,0.0,1679.1049926757812,1641.123994140625,1673.5869457407473,1633.7299137530374,40.12470136629612,0.8598361716180989,-11.706850025318296,12.566686196936395
2024-10-31 00:00:00+05:30,1634.0,1638.800048828125,1602.1500244140625,1612.5999755859375,4921681,0.0,0.0,1676.0624938964843,1644.1069946289062,1667.7786628688605,1632.9012887268768,35.93561416923572,-3.8134928385570674,-13.10414322839477,9.290650389837703
2024-11-01 00:00:00+05:30,1620.0,1626.3499755859375,1605.3499755859375,1616.449951171875,279441,0.0,0.0,1674.839990234375,1646.708994140625,1662.8902141358142,1632.2561382345239,37.244742616775,-7.1243537788350295,-13.132003334938187,6.007649556103157
2024-11-04 00:00:00+05:30,1619.1500244140625,1623.8499755859375,1573.050048828125,1591.25,6094029,0.0,0.0,1671.2999877929688,1648.398994140625,1656.06733659907,1630.6480543821897,32.55537101118932,-11.647396446281391,-14.12403680190764,2.4766403556262477
2024-11-05 00:00:00+05:30,1583.25,1593.9000244140625,1566.0,1578.4000244140625,6473278,0.0,0.0,1667.3474914550782,1649.6959936523438,1648.6704497243072,1628.5991120304984,30.450019874643928,-16.083426258728423,-14.848053291483737,-1.2353729672446865
2024-11-06 00:00:00+05:30,1583.0,1610.75,1566.5,1598.800048828125,6631728,0.0,0.0,1663.3824951171875,1651.2169946289061,1643.9208877341946,1627.43052131668,37.37419838758595,-17.748308907715,-13.210348752376252,-4.537960155338749
2024-11-07 00:00:00+05:30,1595.949951171875,1608.550048828125,1569.6500244140625,1575.800048828125,5160994,0.0,0.0,1658.2674987792968,1651.60599609375,1637.4331887907595,1625.4057969053642,33.34363280081837,-20.68520204971037,-12.917793515497296,-7.767408534213073
2024-11-08 00:00:00+05:30,1571.0,1579.5,1558.8499755859375,1569.9000244140625,3096384,0.0,0.0,1652.3924987792968,1651.68599609375,1631.0014588501217,1623.229099944921,32.37898669509999,-23.221115125048527,-12.362965272668362,-10.858149852380166
2024-11-11 00:00:00+05:30,1561.0,1581.5999755859375,1551.800048828125,1560.550048828125,3664301,0.0,0.0,1645.6400024414063,1651.11599609375,1624.2918007527887,1620.7710979403407,30.85553217561514,-25.689180514290683,-11.864824529528413,-13.82435598476227
2024-11-12 00:00:00+05:30,1568.800048828125,1595.0,1550.0999755859375,1555.6500244140625,4479934,0.0,0.0,1637.5600036621095,1650.8019970703126,1617.7544887205293,1618.217330351075,30.057372640668138,-27.72098092334545,-11.117299950866546,-16.603680972478905
2024-11-13 00:00:00+05:30,1559.9000244140625,1572.5,1546.3499755859375,1550.449951171875,5816699,0.0,0.0,1628.3850036621093,1650.5989965820313,1611.3445327635145,1615.5597860695377,29.194293665239233,-29.41175938368133,-10.246462728961937,-19.16529665471939
2024-11-14 00:00:00+05:30,1550.0,1568.0,1536.550048828125,1550.5,5139154,0.0,0.0,1620.8525024414062,1650.37099609375,1605.5498153574656,1613.008421909948,29.21536090702643,-30.397274118353835,-8.985581970907553,-21.41169214744628
2024-11-18 00:00:00+05:30,1568.949951171875,1568.949951171875,1529.449951171875,1537.0,4816078,0.0,0.0,1612.3100036621095,1650.1669970703124,1599.0212615138973,1610.027699482107,26.89116084087933,-31.899916441891264,-8.390579435555985,-23.50933700633528
2024-11-19 00:00:00+05:30,1537.0,1558.0,1519.300048828125,1525.5,6238241,0.0,0.0,1603.957501220703,1649.8919970703125,1592.0192366078118,1606.7128877377106,25.062098761814067,-33.63104741968414,-8.097368330679085,-25.53367908900505
2024-11-21 00:00:00+05:30,1538.0,1542.050048828125,1511.0,1525.1500244140625,7356679,0.0,0.0,1595.6025024414062,1649.5419970703124,1585.6507402084071,1603.5143440779598,25.006355306486306,-34.63200509951457,-7.278660808407615,-27.353344291106957
2024-11-22 00:00:00+05:30,1533.0,1575.0,1520.199951171875,1569.300048828125,7640321,0.0,0.0,1589.7775024414063,1649.3709985351563,1584.093531505523,1602.172607009339,42.40880603607619,-31.499625207667123,-3.3170247332481324,-28.18260047441899
2024-11-25 00:00:00+05:30,1581.949951171875,1609.25,1562.550048828125,1578.75,12155641,0.0,0.0,1584.7925048828124,1649.3899975585937,1583.5846237430924,1601.2540734011297,45.33292533076763,-27.932669071196187,0.19994512257824582,-28.132614193774433
2024-11-26 00:00:00+05:30,1590.0,1604.8499755859375,1566.0,1577.25,4030593,0.0,0.0,1580.3550048828124,1647.9999975585938,1582.9813262437503,1600.3127371893206,44.94285222085437,-24.939382422152903,2.5545854172972255,-27.49396783945013
2024-11-27 00:00:00+05:30,1569.1500244140625,1583.75,1554.1500244140625,1577.6500244140625,4982785,0.0,0.0,1576.0700073242188,1646.8639990234376,1582.4735832123515,1599.4240033549968,45.07857538748171,-22.27809455386432,4.172698628468645,-26.450793182332966
2024-11-28 00:00:00+05:30,1571.0,1588.5,1556.949951171875,1560.4000244140625,6714728,0.0,0.0,1572.235009765625,1645.3630004882812,1580.3713395172765,1597.893651239666,40.448098989820984,-21.315226912853404,4.108453015583649,-25.423679928437053
2024-11-29 00:00:00+05:30,1551.1500244140625,1648.9000244140625,1551.1500244140625,1627.1500244140625,10775801,0.0,0.0,1571.9250122070312,1644.6710009765625,1584.8264523645894,1599.0409599916034,58.29867401657041,-14.993148539835147,8.344425110881527,-23.337573650716674
2024-12-02 00:00:00+05:30,1627.1500244140625,1646.199951171875,1617.199951171875,1643.5999755859375,3790108,0.0,0.0,1573.4750122070313,1644.445,1590.4239307666226,1600.788372367852,61.371660483095184,-8.556844324587928,11.824583460902996,-20.381427785490924
2024-12-03 00:00:00+05:30,1652.9000244140625,1652.9000244140625,1613.1500244140625,1620.550048828125,9131055,0.0,0.0,1573.6800170898437,1643.5590014648437,1593.293084867718,1601.5633400721765,55.230131823540574,-5.255382537486412,12.10083619840361,-17.35621873589002
2024-12-04 00:00:00+05:30,1629.75,1630.5,1582.4000244140625,1584.0999755859375,8772014,0.0,0.0,1573.3225158691407,1641.0060009765625,1592.4175506504057,1600.8785022491868,47.188276376575345,-5.516574928308046,9.47171504606558,-14.988289974373625
2024-12-05 00:00:00+05:30,1600.0,1622.050048828125,1585.3499755859375,1615.3499755859375,10324005,0.0,0.0,1575.1700134277344,1638.3040014648439,1594.6015911204563,1601.4460110074908,53.44672537717183,-3.1654683977174045,9.458257261324977,-12.623725659042382
2024-12-06 00:00:00+05:30,1618.0,1624.6500244140625,1594.800048828125,1597.8499755859375,4296866,0.0,0.0,1575.122509765625,1635.1280004882813,1594.9109610695498,1601.304990010567,49.881794182038384,-2.683371048705112,7.952283688269816,-10.635654736974928
2024-12-09 00:00:00+05:30,1595.9000244140625,1605.9000244140625,1589.050048828125,1602.550048828125,4264409,0.0,0.0,1576.460009765625,1631.9710009765624,1595.6384932370331,1601.3538158465499,50.83038329039912,-1.9001451058149996,6.988407704927944,-8.888552810742944
2024-12-10 00:00:00+05:30,1610.550048828125,1611.8499755859375,1570.050048828125,1578.6500244140625,14645786,0.0,0.0,1576.897509765625,1628.122001953125,1594.0205438253217,1600.4634710844916,46.056697653777526,-3.1714071254039027,4.573716548271234,-7.7451236736751365
2024-12-11 00:00:00+05:30,1588.0,1588.0,1571.199951171875,1586.0,3853182,0.0,0.0,1578.1700073242187,1625.1500024414063,1593.2566825086244,1599.8962761400019,47.68388715861442,-3.5449459016977016,3.3601422175819486,-6.90508811927965
2024-12-12 00:00:00+05:30,1578.5,1617.9000244140625,1578.5,1610.550048828125,13120939,0.0,0.0,1580.9150085449219,1623.1700024414063,1594.9036697771483,1600.3140711473793,52.8048233837874,-1.838797789693217,4.053032263669147,-5.891830053362364
2024-12-13 00:00:00+05:30,1618.0,1685.0,1606.800048828125,1681.75,12900707,0.0,0.0,1587.4800109863281,1622.8310034179688,1603.1747488459914,1603.507636984737,63.85509603012197,5.198651084302355,8.872384910131775,-3.6737338258294203
2024-12-16 00:00:00+05:30,1681.75,1687.0,1660.1500244140625,1662.550048828125,4375126,0.0,0.0,1593.0825134277343,1622.6130053710938,1608.8295393204803,1605.8230256844777,59.78966489338302,9.121457931023542,10.23615340548237,-1.114695474458828
2024-12-17 00:00:00+05:30,1650.5,1658.6500244140625,1608.5,1615.300048828125,6182486,0.0,0.0,1596.9975158691407,1622.101005859375,1609.4457783212083,1606.1946736508953,51.15772101812162,8.321703090921346,7.549118852304139,0.7725842386172068
2024-12-18 00:00:00+05:30,1621.4000244140625,1623.0,1596.0999755859375,1601.9000244140625,3905144,0.0,0.0,1600.8175170898437,1620.8980053710939,1608.7271350919564,1606.0262560337649,48.99727758852059,6.53133250121914,4.606998610081546,1.9243338911375936
2024-12-19 00:00:00+05:30,1586.4000244140625,1609.75,1585.449951171875,1600.300048828125,5865855,0.0,0.0,1604.575018310547,1619.7550073242187,1607.9245554477818,1605.8016988884458,48.73264450421849,4.926555981050342,2.4017776719301986,2.5247783091201432
2024-12-20 00:00:00+05:30,1610.0,1622.300048828125,1573.4000244140625,1578.0999755859375,9738879,0.0,0.0,1605.0150146484375,1617.7550073242187,1605.0841192704634,1604.7153567981513,45.09340255662402,1.842163337882539,-0.5460919769900832,2.388255314872622
2024-12-23 00:00:00+05:30,1586.0,1607.449951171875,1578.3499755859375,1586.9000244140625,4363599,0.0,0.0,1605.4225158691406,1615.9310083007813,1603.352300712711,1604.0167163125009,46.78970003190634,0.10662127795330889,-1.8253072295354509,1.9319285074887598
2024-12-24 00:00:00+05:30,1590.0,1598.800048828125,1575.0,1583.9000244140625,3610076,0.0,0.0,1605.7550170898437,1613.8610083007814,1601.4997029699825,1603.2278264341307,46.26495243243531,-1.4936651938198793,-2.7404749610469112,1.246809767227032
2024-12-26 00:00:00+05:30,1583.9000244140625,1606.8499755859375,1581.0999755859375,1599.5,3400479,0.0,0.0,1606.8475158691406,1611.9390087890624,1601.3092550680794,1603.081637162204,49.440305269546165,-1.4859865686235025,-2.1862370686804278,0.700250500056925
2024-12-27 00:00:00+05:30,1599.5,1628.449951171875,1596.300048828125,1599.8499755859375,2559578,0.0,0.0,1608.8200134277345,1609.5910083007811,1601.1702760697804,1602.9549053356839,49.51238575704824,-1.4351179515015247,-1.7082947612467598,0.2731768097452351
2024-12-30 00:00:00+05:30,1605.0,1613.050048828125,1581.0999755859375,1586.9000244140625,4438130,0.0,0.0,1606.8075134277344,1606.650009765625,1599.8112044835216,1602.325302162287,46.85077167507271,-2.4119535392451326,-2.148104279192294,-0.26384926005283843
2024-12-31 00:00:00+05:30,1583.0,1597.199951171875,1563.3499755859375,1587.75,2249626,0.0,0.0,1604.0150146484375,1604.3820092773437,1598.6625183422339,1601.7537216853345,47.05196062293771,-3.081989596413905,-2.254512269088853,-0.8274773273250519
2025-01-01 00:00:00+05:30,1593.0,1606.550048828125,1584.050048828125,1595.699951171875,1405565,0.0,0.0,1602.772509765625,1602.1390087890625,1598.380369087914,1601.516318920101,48.996642708987665,-2.937640093630989,-1.68813021304475,-1.2495098805862392
2025-01-02 00:00:00+05:30,1599.9000244140625,1619.5999755859375,1588.4000244140625,1609.699951171875,3728040,0.0,0.0,1604.052508544922,1600.4820068359375,1599.4584245244816,1601.8372456750726,52.31789886776365,-1.6742592570503803,-0.33979950117131286,-1.3344597558790674
2025-01-03 00:00:00+05:30,1615.0,1617.0,1593.300048828125,1598.8499755859375,3669685,0.0,0.0,1603.2275085449219,1598.6140063476562,1599.400477006525,1601.72009782844,49.62105967250601,-1.5308762066754298,-0.15713316063708982,-1.37374304603834
2025-01-06 00:00:00+05:30,1596.1500244140625,1609.8499755859375,1567.0999755859375,1588.449951171875,4584188,0.0,0.0,1602.7575073242188,1596.6670043945312,1598.3575697841775,1601.1996999203395,47.11410772672203,-2.2307247534388353,-0.6855853659203961,-1.5451393875184392
2025-01-07 00:00:00+05:30,1594.0,1603.0,1584.050048828125,1590.8499755859375,2830856,0.0,0.0,1602.1725036621094,1594.9150048828126,1597.6425608129166,1600.793828377814,47.76990077676931,-2.562162838203676,-0.8136187605481893,-1.7485440776554868
2025-01-08 00:00:00+05:30,1598.75,1613.449951171875,1577.8499755859375,1599.199951171875,3674564,0.0,0.0,1603.2,1593.57900390625,1597.790883704246,1600.7313233893458,50.08878642646255,-2.1265431958995578,-0.3023992945952565,-1.8241439013043013
2025-01-09 00:00:00+05:30,1600.0,1620.199951171875,1592.4000244140625,1607.050048828125,4684859,0.0,0.0,1604.2525024414062,1592.4530053710937,1598.6727089541391,1600.9791165438078,52.235803488354236,-1.1347930284005088,0.5514806983230343,-1.686273726723543
2025-01-10 00:00:00+05:30,1608.0,1625.0,1591.800048828125,1615.9000244140625,4145892,0.0,0.0,1604.520001220703,1592.0290063476561,1600.3134056646081,1601.5642501857787,54.606535129636036,0.36113228379940665,1.6379248084183597,-1.276792524618953
2025-01-13 00:00:00+05:30,1580.0,1614.699951171875,1578.0999755859375,1597.199951171875,3705039,0.0,0.0,1600.292498779297,1591.306005859375,1600.0168861891098,1601.3931012048413,49.064913434314036,0.037294337754929074,1.0512694898991057,-1.0139751521441767
2025-01-14 00:00:00+05:30,1604.699951171875,1633.4000244140625,1578.5,1600.0999755859375,7284572,0.0,0.0,1597.1699951171875,1591.056005859375,1600.024799464998,1601.3423903962569,49.91380712475533,0.014491121460196155,0.8227730188834983,-0.8082818974233021
2025-01-15 00:00:00+05:30,1608.050048828125,1613.8499755859375,1593.0,1607.449951171875,2960985,0.0,0.0,1596.777490234375,1590.876005859375,1600.7319567704149,1601.581902583536,52.09304073883636,0.5827830514870129,1.112851959128252,-0.5300689076412392
2025-01-16 00:00:00+05:30,1619.050048828125,1635.0,1600.550048828125,1630.199951171875,5299325,0.0,0.0,1598.1924865722656,1591.6550048828126,1603.5384324276968,1602.704178998765,58.16105606846867,2.8361994291262818,2.6930146694140165,0.14318475971226508
2025-01-17 00:00:00+05:30,1630.0999755859375,1639.0,1623.0,1627.5,2678801,0.0,0.0,1599.5524841308593,1592.6370043945312,1605.8204864822019,1603.6765641360682,57.23451376451451,4.353994509815038,3.3686478000822184,0.9853467097328198
2025-01-20 00:00:00+05:30,1638.0,1645.0,1618.0999755859375,1641.1500244140625,3933044,0.0,0.0,1602.7049865722656,1593.48400390625,1609.1852043804745,1605.1461115979505,60.64773836990737,6.582422865210901,4.477660924382465,2.1047619408284364
2025-01-21 00:00:00+05:30,1654.0,1656.699951171875,1620.300048828125,1626.1500244140625,7958844,0.0,0.0,1604.6674865722657,1594.4910034179688,1610.8009015265304,1605.9697944534842,55.41376370355467,7.056747954307866,3.9615888107835433,3.095159143524323
2025-01-22 00:00:00+05:30,1627.5,1641.0,1622.550048828125,1631.75,3262136,0.0,0.0,1607.0599853515625,1595.7280029296876,1612.796053762099,1606.9807829062888,56.908911179380574,7.794673094167138,3.7596111605142513,4.035061933652886
2025-01-23 00:00:00+05:30,1624.5,1645.4000244140625,1617.199951171875,1636.0,2457080,0.0,0.0,1608.8849853515626,1597.237001953125,1615.005953403804,1608.1187914197678,58.058428185320636,8.62302272688703,3.670368634587314,4.952654092299715
2025-01-24 00:00:00+05:30,1634.050048828125,1661.9000244140625,1634.050048828125,1644.800048828125,3620058,0.0,0.0,1611.1324890136718,1599.0200024414062,1617.8434863013583,1609.5572721024487,60.413252896252764,9.875744736225897,3.938472515140946,5.937272221084951
2025-01-27 00:00:00+05:30,1638.949951171875,1647.199951171875,1593.699951171875,1602.5999755859375,6622807,0.0,0.0,1611.9174865722657,1600.0630029296874,1616.3917233760803,1609.2844369449385,46.8337075844551,7.378290385348691,1.1528145314109919,6.2254758539376995
2025-01-28 00:00:00+05:30,1607.6500244140625,1630.300048828125,1597.0,1618.3499755859375,5216471,0.0,0.0,1613.4474853515626,1601.4200024414063,1616.5782235865431,1609.6399482641934,51.23902704433476,6.593922556195821,0.2947573618064965,6.2991651943893245
2025-01-29 00:00:00+05:30,1620.0,1626.9000244140625,1593.1500244140625,1600.449951171875,5009227,0.0,0.0,1613.6849853515625,1602.6890014648438,1615.042197642289,1609.2795562213576,46.52112431450062,4.4763227646412815,-1.4582739437984342,5.934596708439716
2025-01-30 00:00:00+05:30,1606.699951171875,1644.949951171875,1595.199951171875,1640.75,4283637,0.0,0.0,1615.2374877929688,1604.9940014648437,1617.490559771595,1610.5136912715004,56.28119610435906,5.981041093562908,0.037155508098553724,5.943885585464354
2025-01-31 00:00:00+05:30,1639.0999755859375,1639.0999755859375,1574.25,1626.300048828125,8340866,0.0,0.0,1616.6099914550782,1607.017001953125,1618.3295587293596,1611.1327641168584,52.5760591565606,5.93908879517744,-0.003837432229531146,5.942926227406971
2025-02-01 00:00:00+05:30,1627.0,1644.0,1609.199951171875,1623.25,2741589,0.0,0.0,1618.3499938964844,1608.0960009765624,1618.7981721837064,1611.607949837766,51.800878077776645,5.595229523313719,-0.2781573632746017,5.873386886588321
2025-02-03 00:00:00+05:30,1619.9000244140625,1661.0,1608.0999755859375,1652.3499755859375,4146970,0.0,0.0,1621.4249938964845,1609.5680004882813,1621.993582031538,1613.2056763376943,58.14197488419645,7.583426385280518,1.368031598953758,6.21539478632676
2025-02-04 00:00:00+05:30,1662.1500244140625,1668.300048828125,1629.050048828125,1661.449951171875,6385876,0.0,0.0,1624.5374938964844,1611.2519995117189,1625.751331473475,1615.0976086841329,59.91783484674662,9.78063364427203,2.852191086356216,6.9284425579158135
2025-02-05 00:00:00+05:30,1670.0,1675.199951171875,1649.0999755859375,1660.449951171875,3920893,0.0,0.0,1627.2074890136719,1612.907998046875,1629.0559619209416,1616.8761319189464,59.6185012308315,11.310860030726872,3.505933978248846,7.8049260524780255
2025-02-06 00:00:00+05:30,1665.9000244140625,1667.300048828125,1613.25,1619.75,5229162,0.0,0.0,1627.3999877929687,1614.0949975585938,1628.169679833233,1616.9888326280072,48.90905077464674,9.134136906338199,1.0633686830881377,8.070768223250061
2025-02-07 00:00:00+05:30,1635.050048828125,1707.550048828125,1635.0,1676.75,14873255,0.0,0.0,1631.377490234375,1615.0869970703125,1632.7963769919727,1619.3324078190658,59.80023880815976,11.87164286977918,3.040699717223294,8.830943152555886
2025-02-10 00:00:00+05:30,1698.8499755859375,1700.0,1678.050048828125,1693.050048828125,6782878,0.0,0.0,1636.0249938964844,1616.0759985351563,1638.5348219287491,1622.223295701774,62.276743709187,15.181411917228388,5.080375011738003,10.101036905490385
2025-02-11 00:00:00+05:30,1706.0,1706.6500244140625,1686.199951171875,1696.75,8965266,0.0,0.0,1640.4899963378907,1617.5999975585937,1644.0791246022015,1625.1459115566065,62.83640492150392,17.89668107162197,6.236515332905267,11.660165738716703
2025-02-12 00:00:00+05:30,1704.0,1713.699951171875,1684.5,1711.550048828125,7148192,0.0,0.0,1644.5575012207032,1620.1489990234375,1650.5049269094325,1628.534309096666,65.06884987348218,21.00070859401285,7.4724342842369165,13.528274309775933
2025-02-13 00:00:00+05:30,1710.0,1728.4000244140625,1703.9000244140625,1714.5999755859375,5356002,0.0,0.0,1648.9125,1622.1339990234376,1656.6092172595756,1631.909433272716,65.5284026484245,23.436613675210083,7.926671492347319,15.509942182862764
2025-02-14 00:00:00+05:30,1714.0,1724.0999755859375,1705.25,1717.050048828125,5125863,0.0,0.0,1652.707501220703,1624.5180004882814,1662.3654869327709,1635.2482809415555,65.91632363978985,25.273449838770148,7.810806124725907,17.46264371404424
2025-02-17 00:00:00+05:30,1711.75,1716.9000244140625,1666.25,1675.550048828125,4906462,0.0,0.0,1655.1775024414062,1625.9780004882812,1663.621159494233,1636.8287424273033,54.689872375262674,23.11400865821156,4.521091955333855,18.592916702877705
2025-02-18 00:00:00+05:30,1692.0,1695.949951171875,1655.800048828125,1668.9000244140625,7529598,0.0,0.0,1657.0350036621094,1627.7830004882812,1664.123908534217,1638.0864397601174,53.12839379668989,20.628245003282245,1.62826264032363,18.999982362958615
2025-02-19 00:00:00+05:30,1670.0,1673.449951171875,1638.449951171875,1645.199951171875,7776555,0.0,0.0,1657.4950012207032,1628.9669995117188,1662.3216268806607,1638.3654009919512,47.88143765192376,16.555025527783982,-1.9559654681397092,18.51099099592369
2025-02-20 00:00:00+05:30,1639.8499755859375,1649.800048828125,1627.25,1643.5,5524503,0.0,0.0,1657.429998779297,1629.6259985351562,1660.5290909872642,1638.5667578157963,47.51892862064629,13.039486807881758,-4.377203350433547,17.416690158315305
2025-02-21 00:00:00+05:30,1643.5,1658.699951171875,1629.199951171875,1639.25,5447583,0.0,0.0,1659.2625,1628.7759985351563,1658.502510893239,1638.5935516269417,46.569654093121336,9.797517875674657,-6.0953378261125195,15.892855701787177
2025-02-24 00:00:00+05:30,1627.0,1637.550048828125,1598.0,1601.300048828125,4673190,0.0,0.0,1658.4100036621094,1627.5509985351562,1653.0546573632282,1637.1310613211058,39.065154939969844,4.118514568916453,-9.41947290629658,13.537987475213033
2025-02-25 00:00:00+05:30,1597.0,1649.1500244140625,1597.0,1641.4000244140625,6286808,0.0,0.0,1660.4575073242188,1628.072998046875,1651.9446923204505,1637.2984716384767,48.50750700756428,2.821076816130244,-8.573528527266232,11.394605343396476
2025-02-27 00:00:00+05:30,1643.4000244140625,1656.0,1638.6500244140625,1650.4000244140625,7568745,0.0,0.0,1660.940008544922,1629.042998046875,1651.7975810912706,1637.812258021833,50.366478180491534,2.4903654506583734,-7.123391914190481,9.613757364848855
2025-02-28 00:00:00+05:30,1641.949951171875,1648.449951171875,1559.5,1570.199951171875,13640211,0.0,0.0,1658.1350036621093,1628.44099609375,1644.0263782418042,1635.1607950081093,37.406755319542675,-4.194845768967525,-11.046882507053104,6.8520367380855784
2025-03-03 00:00:00+05:30,1579.0,1602.75,1572.75,1595.800048828125,6993525,0.0,0.0,1656.7625061035155,1628.7949975585936,1639.4333944881205,1633.6172363343844,42.49331348598629,-7.342569324370288,-11.355684849964693,4.013115525594405
2025-03-04 00:00:00+05:30,1589.0,1590.5,1568.0,1575.3499755859375,5219668,0.0,0.0,1652.9125061035156,1628.5639965820312,1633.3302117355315,1631.3322457167983,39.71674656674346,-11.35640337342852,-12.29561511921834,0.9392117457898204
2025-03-05 00:00:00+05:30,1578.0,1626.0999755859375,1577.0999755859375,1618.25,6295425,0.0,0.0,1650.752508544922,1629.25099609375,1631.8940010940523,1630.8192164730024,47.47090735037994,-10.949503277711983,-9.510972018801443,-1.4385312589105403
2025-03-06 00:00:00+05:30,1618.0,1631.75,1590.449951171875,1626.9000244140625,5174009,0.0,0.0,1649.0750122070312,1629.7989965820314,1631.4183842673867,1630.6655226667694,48.898218432094865,-9.815895804701768,-6.701891636632982,-3.114004168068786
2025-03-07 00:00:00+05:30,1629.0,1642.4000244140625,1615.5999755859375,1630.699951171875,3035558,0.0,0.0,1649.622509765625,1630.41599609375,1631.3499620678142,1630.6668728042246,49.5467785157787,-8.512751680726296,-4.318998010126008,-4.193753670600288
2025-03-10 00:00:00+05:30,1640.0,1654.9000244140625,1626.5999755859375,1630.949951171875,3778450,0.0,0.0,1647.3325073242188,1631.2969946289063,1631.3118657920106,1630.6779739166814,49.59210606037163,-7.374815382104771,-2.544849369203586,-4.829966012901185
2025-03-11 00:00:00+05:30,1630.0,1676.4000244140625,1624.050048828125,1662.949951171875,6078564,0.0,0.0,1645.8275024414063,1632.8009936523438,1634.3250167805693,1631.9435416521792,55.14681415143282,-3.8465198161520675,0.7867569573992945,-4.633276773551362
2025-03-12 00:00:00+05:30,1690.0,1716.6500244140625,1634.0,1642.8499755859375,9907628,0.0,0.0,1643.132501220703,1633.743994140625,1635.1369176191758,1632.3712449436991,51.32129377759271,-2.6417675554816924,1.5932073744557362,-4.234974929937429
2025-03-13 00:00:00+05:30,1650.800048828125,1656.9000244140625,1629.5999755859375,1632.5,8317331,0.0,0.0,1639.179998779297,1634.1999951171874,1634.8857826078256,1632.3762941615933,49.420201988950204,-2.493406799071181,1.3932545046929983,-3.8866613037641793
2025-03-17 00:00:00+05:30,1612.199951171875,1648.4000244140625,1612.199951171875,1639.1500244140625,6405522,0.0,0.0,1635.4075012207031,1635.00599609375,1635.2919008750864,1632.6419306420821,50.684239103587316,-1.8182685688636866,1.6547141879203942,-3.4729827567840807
2025-03-18 00:00:00+05:30,1639.1500244140625,1639.1500244140625,1639.1500244140625,1639.1500244140625,0,0.0,0.0,1631.5125,1636.0199975585938,1635.659341212132,1632.8971500056891,50.68423910358732,-1.2685931056657864,1.7635117208946358,-3.0321048265604222
2025-03-19 00:00:00+05:30,1635.0,1642.050048828125,1627.5,1637.1500244140625,6283464,0.0,0.0,1629.5924987792969,1636.9459985351561,1635.8013110408872,1633.063929394253,50.24625079323059,-0.9830229495341882,1.6392655016209874,-2.6222884511551756
2025-03-20 00:00:00+05:30,1660.0,1709.6500244140625,1646.0999755859375,1705.25,12074465,0.0,0.0,1631.4099975585937,1639.0669995117187,1642.415471894136,1635.8947556925177,62.21838864382195,4.684393577931814,5.845345623269592,-1.1609520453377777
2025-03-21 00:00:00+05:30,1709.6500244140625,1731.4000244140625,1692.0,1725.800048828125,14715349,0.0,0.0,1635.4400024414062,1641.4419995117187,1650.3568601735635,1639.4204534625414,64.95856411982098,10.710613913911402,9.497252767399344,1.2133611465120582
2025-03-24 00:00:00+05:30,1740.0,1740.0,1714.8499755859375,1718.800048828125,4120999,0.0,0.0,1639.2050048828125,1643.5,1656.8752590930455,1642.5333787709958,63.27511231023784,14.75154877641512,10.83055010392245,3.920998672492671
2025-03-25 00:00:00+05:30,1725.0,1740.5,1706.0999755859375,1730.5,4857399,0.0,0.0,1643.7675048828125,1646.1660009765626,1663.8871391794223,1645.983050191741,64.9119088833405,18.682744004037204,11.809396265235627,6.873347738801577
2025-03-26 00:00:00+05:30,1739.1500244140625,1765.0,1726.1500244140625,1738.550048828125,7142394,0.0,0.0,1650.6300048828125,1648.9350024414061,1670.9978924792988,1649.6131285696385,66.03362404922974,22.19200063870244,12.254922319920688,9.93707831878175
2025-03-27 00:00:00+05:30,1739.949951171875,1746.4000244140625,1713.25,1724.699951171875,6222339,0.0,0.0,1654.7950012207032,1651.2800024414062,1676.1123742595441,1652.5577098481576,62.340995789486456,23.58366684270004,10.917270819134632,12.666396023565408
2025-03-28 00:00:00+05:30,1733.300048828125,1745.75,1660.0,1733.4000244140625,4133264,0.0,0.0,1658.945001220703,1653.34400390625,1681.5683409409269,1655.7279966938795,63.713672388552084,25.099266812813084,9.94629663139814,15.152970181414945
2025-04-01 00:00:00+05:30,1715.0,1765.0,1708.449951171875,1724.1500244140625,6773056,0.0,0.0,1666.6425048828125,1655.2770043945313,1685.6237393669398,1658.41121346722,61.16109928978832,25.26277941831131,8.08784738951709,17.17493202879422
2025-04-02 00:00:00+05:30,1720.0,1760.4000244140625,1716.949951171875,1754.5999755859375,6431226,0.0,0.0,1674.582501220703,1657.5460034179687,1692.1929047211302,1662.1833217856013,65.99129955920945,27.532048596804998,8.28569325440862,19.246355342396377
2025-04-03 00:00:00+05:30,1748.0,1754.949951171875,1735.449951171875,1746.0,2341989,0.0,0.0,1683.1150024414062,1659.9430029296875,1697.3173899857843,1665.4702503430287,63.58607554405737,28.31017256629866,7.2510537791218255,21.059118787176835
2025-04-04 00:00:00+05:30,1754.5,1770.800048828125,1740.0,1743.449951171875,7817334,0.0,0.0,1689.375,1662.177001953125,1701.7109672416022,1668.528277826513,62.85452995701961,28.393768105210484,5.867719454426915,22.52604865078357
2025-04-07 00:00:00+05:30,1730.0,1774.75,1669.4000244140625,1686.6500244140625,14870388,0.0,0.0,1692.3625,1663.1900024414062,1700.2765917342174,1669.2389345554366,49.260158298546706,23.604639192279365,0.8628724331966353,22.74176675908273
2025-04-08 00:00:00+05:30,1720.699951171875,1742.300048828125,1706.800048828125,1720.4000244140625,7206935,0.0,0.0,1696.8475036621094,1664.702001953125,1702.1931091322979,1671.2452518047944,55.428775323415,22.275781620127873,-0.3727881111638851,22.648569731291758
2025-04-09 00:00:00+05:30,1719.6500244140625,1726.8499755859375,1711.5999755859375,1715.550048828125,5600666,0.0,0.0,1701.0775085449218,1666.9610034179686,1703.4651986271385,1672.9826948253174,54.40517741524661,20.593906192126724,-1.6437308313320287,22.237637023458753
2025-04-11 00:00:00+05:30,1760.0,1767.0,1732.3499755859375,1756.5999755859375,8340002,0.0,0.0,1705.760009765625,1669.7260034179687,1708.5256535755955,1676.2618038747535,60.97423474340527,22.316147165773145,0.06280811385151353,22.253339051921632
2025-04-15 00:00:00+05:30,1808.199951171875,1820.0,1781.0999755859375,1798.800048828125,10313411,0.0,0.0,1713.5575134277344,1673.6930053710937,1717.1232150282174,1681.067225245474,66.34272292431291,26.777553803581895,3.6193718013282066,23.15818200225369
2025-04-16 00:00:00+05:30,1802.4000244140625,1826.5,1794.0999755859375,1822.5999755859373,6180958,0.0,0.0,1723.0625122070312,1677.3300048828125,1727.168620795619,1686.6175291803943,68.93796336589978,31.86637021213437,6.9665505679045445,24.899819644229826
2025-04-17 00:00:00+05:30,1834.0,1897.699951171875,1825.699951171875,1889.0999755859373,10894325,0.0,0.0,1735.560009765625,1682.5860034179686,1742.5906545851733,1694.5580172747293,74.78775994160425,40.795028421545794,12.716167021852776,28.078861399693018
2025-04-21 00:00:00+05:30,1898.4000244140625,1904.300048828125,1868.5999755859373,1883.4000244140625,3501123,0.0,0.0,1747.772509765625,1687.78900390625,1756.001070759353,1701.9635861821544,73.50987806129585,46.87081833917932,15.033565551589042,31.83725278759028
2025-04-22 00:00:00+05:30,1888.0,1888.0,1836.800048828125,1852.199951171875,6155127,0.0,0.0,1758.5250061035156,1691.7860034179687,1765.1628688938788,1707.855208338614,66.78325726407772,48.60801749362736,13.41661176482966,35.1914057287977
2025-04-23 00:00:00+05:30,1867.0,1885.9000244140625,1836.0999755859373,1881.5999755859373,6855027,0.0,0.0,1767.3425048828126,1696.18900390625,1776.2521171502653,1714.6687286228228,69.60567033003424,51.76043453377679,13.255223043983271,38.50521148979352
2025-04-24 00:00:00+05:30,1874.5,1877.800048828125,1839.5,1845.5999755859373,5180688,0.0,0.0,1773.332501220703,1699.8920043945313,1782.85667509652,1719.8032873272587,62.59234120205787,50.76861957054598,9.81072646460197,40.95789310594401
2025-04-25 00:00:00+05:30,1846.699951171875,1861.699951171875,1806.0,1817.199951171875,4570083,0.0,0.0,1778.2524963378905,1703.8410034179688,1786.1274632941727,1723.622764340773,57.65683926318869,47.14746778489234,4.951659743158665,42.19580804173368
2025-04-28 00:00:00+05:30,1836.0,1838.9000244140625,1813.4000244140625,1821.800048828125,3301891,0.0,0.0,1782.8174987792968,1706.7420043945312,1789.5248523926443,1727.4728539285124,58.23134405142919,44.140049329566864,1.5553930302665506,42.58465629930031
2025-04-29 00:00:00+05:30,1823.699951171875,1847.800048828125,1817.5999755859373,1823.800048828125,4684155,0.0,0.0,1787.0799987792968,1709.3570043945313,1792.7891568150712,1731.2503909833993,58.49501257885114,41.440333453405174,-0.9154582767161159,42.35579173012129
2025-04-30 00:00:00+05:30,1837.0,1876.9000244140625,1827.0,1864.5,9139821,0.0,0.0,1794.070001220703,1712.7120043945313,1799.6187609279218,1736.4758658467954,63.53911172005909,42.099636681480206,-0.20492403891287125,42.30456072039308
2025-05-02 00:00:00+05:30,1852.0,1883.5999755859373,1832.0999755859373,1848.199951171875,3866806,0.0,0.0,1799.8099975585938,1715.4450024414064,1804.2455409511554,1740.8572025262101,60.37452670580693,40.836128059848306,-1.174746128435821,42.01087418828413
2025-05-05 00:00:00+05:30,1868.0,1873.5,1849.199951171875,1866.0,3548839,0.0,0.0,1806.9024963378906,1718.4730029296875,1810.1269180034265,1745.764763211457,62.56706162587083,40.80077758691209,-0.968077281097635,41.768854868009726
2025-05-06 00:00:00+05:30,1888.300048828125,1912.0,1882.5999755859373,1901.0,8597920,0.0,0.0,1814.2224975585937,1722.152001953125,1818.7814972411954,1751.8524195561058,66.4929648662708,43.10013801310856,1.0650265160790724,42.03511149702949
2025-05-07 00:00:00+05:30,1901.0,1917.0,1885.5,1896.800048828125,5554616,0.0,0.0,1821.7625,1726.577001953125,1826.2118354875697,1757.5366403118712,65.60381362553676,44.0754227206271,1.6322489788780885,42.443173741749014
2025-05-08 00:00:00+05:30,1897.0,1905.800048828125,1862.4000244140625,1874.9000244140625,5500724,0.0,0.0,1828.3350036621093,1730.697001953125,1830.8488058615212,1762.1391259629374,61.02166634231767,42.5902401567846,0.11765313202847238,42.47258702475613
2025-05-09 00:00:00+05:30,1855.0,1871.0999755859373,1836.5,1848.4000244140625,3686209,0.0,0.0,1836.4225036621094,1734.7610034179688,1832.5203504855729,1765.521906294354,55.93095844347213,38.82731660782815,-2.916216333542387,41.74353294137054
2025-05-12 00:00:00+05:30,1868.9000244140625,1883.4000244140625,1854.0,1870.800048828125,3936019,0.0,0.0,1843.9425048828125,1739.3070043945313,1836.1660360420065,1769.6504609035217,59.04142978489886,37.22357712406574,-3.6159646538438395,40.83954177790958
2025-05-13 00:00:00+05:30,1870.0,1883.699951171875,1816.5999755859373,1820.5999755859373,8817763,0.0,0.0,1849.195001220703,1742.93400390625,1834.6835540938093,1771.6484810871457,50.44782142390549,31.538321519187548,-7.440976206977631,38.97929772616518
2025-05-14 00:00:00+05:30,1830.0,1870.699951171875,1820.199951171875,1834.199951171875,7401614,0.0,0.0,1853.075,1747.592001953125,1834.6374966726728,1774.1014799139978,52.466365224998306,27.80954869579159,-8.935799224298869,36.74534792009046
2025-05-15 00:00:00+05:30,1849.9000244140625,1869.9000244140625,1825.0,1867.199951171875,8788351,0.0,0.0,1856.4949951171875,1752.1080004882813,1837.738682815454,1777.7524003554831,57.039416686976,27.20370618520178,-7.633313387910945,34.83701957311273
2025-05-16 00:00:00+05:30,1834.0,1834.0,1810.0999755859373,1814.0,100662047,0.0,0.0,1856.0649963378905,1755.38,1835.477855880649,1779.1738748513467,48.87582713781687,22.175158755100483,-10.129488654409798,32.30464740951028
2025-05-19 00:00:00+05:30,1822.0,1828.699951171875,1809.0,1818.300048828125,5799804,0.0,0.0,1852.525,1760.342001953125,1833.841874256599,1780.708234615142,49.504901728974694,18.325729093816335,-11.183134652555157,29.508863746371492
2025-05-20 00:00:00+05:30,1809.800048828125,1824.9000244140625,1799.5,1808.9000244140625,12512596,0.0,0.0,1848.8,1764.6040014648438,1831.4664599858813,1781.8137949994134,48.11122346012859,14.351094458995476,-12.126215429900814,26.47730988889629
2025-05-21 00:00:00+05:30,1813.0,1826.5,1805.300048828125,1822.5,6849562,0.0,0.0,1847.3150024414062,1769.547001953125,1830.6125114157976,1783.409332450417,50.29163097363316,12.158417575789144,-11.455113850485716,23.61353142627486
2025-05-22 00:00:00+05:30,1819.9000244140625,1836.699951171875,1816.300048828125,1831.4000244140625,6496923,0.0,0.0,1844.8050048828125,1773.8100024414061,1830.6875126537275,1785.2913203705598,51.72137050344692,11.011924329090562,-10.081285677747438,21.093210006838
2025-05-23 00:00:00+05:30,1825.0,1841.800048828125,1821.5,1831.699951171875,3460945,0.0,0.0,1844.1100036621094,1777.9060009765626,1830.7839353697414,1787.1112666764939,51.771713370197375,10.01210840048725,-8.8648812850806,18.87698968556785
2025-05-26 00:00:00+05:30,1834.0,1850.0,1830.9000244140625,1847.4000244140625,3254715,0.0,0.0,1845.6200073242187,1782.2400024414062,1832.366420040629,1789.4755316858104,54.44933309309778,10.367106226166698,-6.807906767520922,17.17501299368762
2025-05-27 00:00:00+05:30,1844.0,1857.5999755859373,1833.699951171875,1843.800048828125,5847725,0.0,0.0,1846.7200073242188,1786.4970043945314,1833.4553370680096,1791.6059049070777,53.71294193481843,10.23991722545702,-5.548076614584481,15.787993840041501
2025-05-28 00:00:00+05:30,1848.0,1867.0,1845.0999755859373,1856.0999755859373,3713699,0.0,0.0,1848.3350036621093,1790.3600048828125,1835.6119693078124,1794.135084149386,55.90712120819141,11.004764248595848,-3.8265836731565237,14.831347921752371
2025-05-29 00:00:00+05:30,1858.0,1867.0,1850.5,1863.5999755859373,5786774,0.0,0.0,1848.2900024414062,1794.7750048828125,1838.2774937152528,1796.8591975390548,57.23822427064902,12.076883548791557,-2.2035714983686514,14.280455047160208
2025-05-30 00:00:00+05:30,1854.0,1867.0,1843.0,1856.199951171875,16712960,0.0,0.0,1848.6900024414062,1799.24900390625,1839.9843944254073,1799.1862859168125,55.45923362479189,12.188919417068064,-1.673228504073716,13.86214792114178
2025-06-02 00:00:00+05:30,1844.0,1859.0,1831.5,1854.0999755859373,3199499,0.0,0.0,1848.0950012207031,1803.5480029296875,1841.3287354883148,1801.3397639430527,54.93741269853014,11.970272322200344,-1.5135004791531497,13.483772801353494
2025-06-03 00:00:00+05:30,1867.0,1869.5,1832.0,1841.300048828125,5596977,0.0,0.0,1845.1100036621094,1807.5910034179688,1841.3260034254395,1802.9068339385458,51.74171029218649,10.641477480046206,-2.273836257045833,12.915313737092038
2025-06-04 00:00:00+05:30,1855.0,1884.5999755859373,1850.0,1875.4000244140625,5892170,0.0,0.0,1844.0400024414062,1812.3560034179689,1844.5711482814988,1805.749704153272,58.64365592701559,12.199354474045094,-0.5727674104375566,12.772121884482651
2025-06-05 00:00:00+05:30,1884.0,1889.0,1868.5999755859373,1878.800048828125,8999675,0.0,0.0,1844.2350036621094,1815.8270043945313,1847.8310435716537,1808.6144235522859,59.269167778270294,13.552116408652864,0.6239956193361689,12.928120789316695
2025-06-06 00:00:00+05:30,1872.0999755859373,1881.9000244140625,1867.300048828125,1870.199951171875,4644174,0.0,0.0,1845.325,1818.7150024414063,1849.9614157240558,1811.0295422824659,56.923891476207814,13.771484875910573,0.674691269275101,13.096793606635472
2025-06-09 00:00:00+05:30,1874.0,1875.0,1848.699951171875,1862.5,2514049,0.0,0.0,1844.9099975585937,1821.5890014648437,1851.155566607479,1813.047991604722,54.831863612358156,13.17217363995519,0.06030402665577306,13.111869613299417
