Date,Open,High,Low,Close,Volume,Dividends,Stock Splits,SMA_20,SMA_50,EMA_20,EMA_50,RSI_14,MACD_12_26_9,MACDh_12_26_9,MACDs_12_26_9
2020-06-09 00:00:00+05:30,979.1781142875124,985.6579694555916,940.3469704877206,947.7868041992188,30922073,0.0,0.0,,,,,,,,
2020-06-10 00:00:00+05:30,950.3787871981548,959.8345527045132,939.0510517560996,952.1547241210938,18248865,0.0,0.0,,,,,,,,
2020-06-11 00:00:00+05:30,945.5789388880914,948.8428896268152,926.3793665248814,929.8352661132812,15448857,0.0,0.0,,,,,,,,
2020-06-12 00:00:00+05:30,890.8601182905113,947.1628851948788,890.8601182905113,943.4189453125,21322438,0.0,0.0,,,,,,,,
2020-06-15 00:00:00+05:30,929.2592670177792,935.0191385075588,905.2598024770308,911.8356323242188,16004968,0.0,0.0,,,,,,,,
2020-06-16 00:00:00+05:30,935.9790635984588,954.1706683991936,913.8995574828028,950.7627563476562,22699985,0.0,0.0,,,,,,,,
2020-06-17 00:00:00+05:30,949.418873759414,958.9226857203744,934.2992101985336,940.05908203125,18478919,0.0,0.0,,,,,,,,
2020-06-18 00:00:00+05:30,940.779031074461,983.8820937922992,933.0992022493634,979.1301879882812,20435063,0.0,0.0,,,,,,,,
2020-06-19 00:00:00+05:30,977.2102005733808,1001.2576521200969,971.6423365657938,991.9938354492188,23938876,0.0,0.0,,,,,,,,
2020-06-22 00:00:00+05:30,997.8496655948396,1004.089526224064,982.8260363122492,987.5779418945312,14847237,0.0,0.0,,,,,,,,
2020-06-23 00:00:00+05:30,997.417656416415,1003.1775273870584,975.86612748277,1000.5856323242188,14415256,0.0,0.0,,,,,,,,
2020-06-24 00:00:00+05:30,1006.5375752816188,1015.1773827947658,988.8260167536232,991.1779174804688,19714623,0.0,0.0,,,,,,,,
2020-06-25 00:00:00+05:30,981.0021122068636,1007.0175077009608,966.6984082505884,987.5779418945312,35323395,0.0,0.0,,,,,,,,
2020-06-26 00:00:00+05:30,999.337689518372,1020.4572180192404,986.857968131495,1014.1693115234376,19984569,0.0,0.0,,,,,,,,
2020-06-29 00:00:00+05:30,995.4978930237338,1039.2728974767083,995.4978930237338,1032.985107421875,23002978,0.0,0.0,,,,,71.93634324940382,,,
2020-06-30 00:00:00+05:30,1031.017025364536,1035.3849749064698,1014.025450870752,1023.1931762695312,17873065,0.0,0.0,,,,,67.3860872236017,,,
2020-07-01 00:00:00+05:30,1023.1931505690462,1052.1365283206846,1018.825318321712,1041.1927490234375,17423359,0.0,0.0,,,,,71.01546623623653,,,
2020-07-02 00:00:00+05:30,1046.664785485613,1066.7762916465206,1041.768800545438,1045.80078125,18477248,0.0,0.0,,,,,71.87826501902602,,,
2020-07-03 00:00:00+05:30,1049.256633762221,1051.9446207775625,1027.177125457984,1030.968994140625,13798627,0.0,0.0,,,,,65.15537351544259,,,
2020-07-06 00:00:00+05:30,1063.6081701126136,1075.0799839074434,1055.976387639534,1058.8563232421875,17779108,0.0,0.0,988.0531555175781,,988.0531555175781,,70.70377953423564,,,
2020-07-07 00:00:00+05:30,1065.0001968085164,1067.2080771003968,1049.3045713951003,1060.9202880859375,12174925,0.0,0.0,993.709829711914,,994.9928824288505,,71.07093239303373,,,
2020-07-08 00:00:00+05:30,1062.6963265228942,1079.8799671638103,1060.7763692934038,1065.9122314453125,15028175,0.0,0.0,999.397705078125,,1001.747106144704,,71.98540704613183,,,
2020-07-09 00:00:00+05:30,1073.2560521898215,1084.4877546992495,1062.9362824572274,1079.9278564453125,10057242,0.0,0.0,1006.9023345947265,,1009.1928918876191,,74.42942932258784,,,
2020-07-10 00:00:00+05:30,1073.1600872568536,1075.1760188552298,1055.5445035991938,1060.872314453125,8781489,0.0,0.0,1012.7750030517578,,1014.1147416557625,,65.99896510888667,,,
2020-07-13 00:00:00+05:30,1065.4802336160078,1068.4561437330044,1028.4250844131875,1037.016845703125,14961057,0.0,0.0,1019.0340637207031,,1016.295894422178,,57.25564386803148,,,
2020-07-14 00:00:00+05:30,1020.0732474237768,1026.1211595399898,1007.9775403762396,1016.4733276367188,13306337,0.0,0.0,1022.3195922851562,,1016.3127928235629,,50.99089724732646,33.421984982042204,,
2020-07-15 00:00:00+05:30,1027.3689672965902,1035.816825163534,1008.073422442753,1011.0014038085938,10487197,0.0,0.0,1025.8667083740233,,1015.8069462507087,,49.439201521640314,28.905586536116175,,
2020-07-16 00:00:00+05:30,1011.4815569584932,1022.8572808495924,992.7139269398986,1020.025390625,11831228,0.0,0.0,1027.9114685058594,,1016.208702857784,,52.03165933374638,25.757551527812097,,
2020-07-17 00:00:00+05:30,1016.6654594615204,1059.8164538942149,1015.9454754575162,1054.488525390625,14202869,0.0,0.0,1031.0362030029296,,1019.8544002418641,,60.38560761651632,25.746804918246767,,
2020-07-20 00:00:00+05:30,1089.5757689174231,1106.7594102078133,1079.160023990742,1087.703857421875,32562048,0.0,0.0,1036.042498779297,,1026.3162533066272,,66.45012797057998,28.094630444091763,,
2020-07-21 00:00:00+05:30,1105.9433532118312,1111.6071330001369,1088.61569323133,1092.983642578125,23756211,0.0,0.0,1040.6623992919922,,1032.6655284753413,,67.30689349826709,30.03510760137374,,
2020-07-22 00:00:00+05:30,1092.93561377466,1098.6954852570034,1072.8241093894317,1081.2718505859375,12359006,0.0,0.0,1045.1670959472656,,1037.2947020096838,,63.43694521855285,30.278870028911797,,
2020-07-23 00:00:00+05:30,1079.9758823667255,1098.1195006274631,1071.5760699483178,1085.1597900390625,10074561,0.0,0.0,1050.0461883544922,,1041.8532818220056,,64.17337665343322,30.434942656105022,,
2020-07-24 00:00:00+05:30,1077.959854733203,1077.959854733203,1057.1762972793406,1074.3118896484375,9799220,0.0,0.0,1053.0533172607422,,1044.9445778054753,,60.51122226332741,29.34502525130756,0.23163592397343535,29.113389327334126
2020-07-27 00:00:00+05:30,1055.8324156262468,1058.856371584067,1032.3129404641347,1036.296875,18985047,0.0,0.0,1053.2189056396485,,1044.1209870620967,,49.78850203202476,25.12414833540811,-3.1913927935408175,28.315541128948926
2020-07-28 00:00:00+05:30,1035.816906892364,1050.6006007335511,1017.0973242376826,1043.1607666015625,17798225,0.0,0.0,1054.21728515625,,1044.0295374944267,,51.46097845631775,22.078425314410197,-4.989692651630985,27.068117966041182
2020-07-29 00:00:00+05:30,1037.736898051794,1044.936737770007,1013.3054888152805,1021.9932250976562,16796043,0.0,0.0,1053.257308959961,,1041.9308410756867,,46.33527731895663,17.751990288366414,-7.452902142139816,25.20489243050623
2020-07-30 00:00:00+05:30,1031.0169151003408,1040.2807311171282,1004.8094550213256,1008.6014404296876,13478133,0.0,0.0,1051.3973419189454,,1038.7566124427344,,43.39068948771962,13.09174081822789,-9.690521289822673,22.782262108050563
2020-07-31 00:00:00+05:30,1015.3693157129144,1015.3693157129144,979.2261566721098,991.4659423828124,18863348,0.0,0.0,1049.4221893310546,,1034.2527391036942,,39.896913888096854,7.9244202687305005,-11.886273471456054,19.810693740186554
2020-08-03 00:00:00+05:30,984.8899377289854,985.8499162704376,953.258691662086,961.8984985351562,15891771,0.0,0.0,1044.5742980957032,,1027.3618590495478,,34.70432655382824,1.4269864797817036,-14.706965808323883,16.133952288105586
2020-08-04 00:00:00+05:30,967.6584276678484,1018.5853392122192,962.858534673464,999.9617309570312,30153084,0.0,0.0,1041.5263702392579,,1024.7523230407367,,44.685080721807026,-0.6434742896415173,-13.421941262197683,12.778466972556165
2020-08-05 00:00:00+05:30,1006.009494449141,1013.5454199632452,979.178140321157,986.426025390625,16610680,0.0,0.0,1037.5520599365234,,1021.1021994550117,,42.213954622220854,-3.3380685069981837,-12.89322838364348,9.555159876645297
2020-08-06 00:00:00+05:30,995.4978086694676,1012.7774234776164,985.1780387146008,999.0496826171876,16823444,0.0,0.0,1033.5081512451172,,1019.0019597561713,,45.254621223360296,-4.404161764551986,-11.167457312957826,6.76329554840584
2020-08-07 00:00:00+05:30,993.4337407462364,1005.2894519448726,979.7540469359152,1002.0735473632812,12418392,0.0,0.0,1030.568212890625,,1017.3897300044675,,45.98778278354921,-4.948010157368003,-9.369044564619076,4.4210344072510726
2020-08-10 00:00:00+05:30,1002.2175599299402,1021.4171300435404,1002.0256111027546,1008.6014404296876,11086427,0.0,0.0,1029.147442626953,,1016.5527500449647,,47.618670610781784,-4.796971016443763,-7.374404338955868,2.5774333225121056
2020-08-11 00:00:00+05:30,1006.5374268839872,1028.136942482356,1006.5374268839872,1023.9610595703124,10068074,0.0,0.0,1029.5218292236327,,1017.258303333093,,51.34157777804105,-3.398700407448132,-4.78090698396819,1.382206576520058
2020-08-12 00:00:00+05:30,1022.377291615742,1023.3372702933152,1006.0576540969928,1021.1292724609376,10333216,0.0,0.0,1030.02822265625,,1017.6269670595543,,50.627157015227596,-2.4903551651658518,-3.098049393348728,0.6076942281828761
2020-08-13 00:00:00+05:30,1025.209121250992,1028.4730719988224,1014.217412916342,1016.6654052734376,9946370,0.0,0.0,1029.8602233886718,,1017.5353897465909,,49.45883098844616,-2.106400518333089,-2.1712757972127723,0.06487527887968308
2020-08-14 00:00:00+05:30,1023.2412016276626,1023.2412016276626,986.1860515228814,993.0498046875,10462256,0.0,0.0,1026.7882873535157,,1015.2034292647727,,43.71170553823152,-3.6654423600821247,-2.984254111169446,-0.6811882489126786
2020-08-17 00:00:00+05:30,1005.0976647603486,1005.0976647603486,979.3702481927088,991.41796875,9780506,0.0,0.0,1021.9739929199219,1013.8977001953125,1012.9381473109848,1013.8977001953125,43.336967712879684,-4.975317412192226,-3.4353033306236376,-1.540014081568588
2020-08-18 00:00:00+05:30,986.8579572974592,1019.1612592004468,981.0980859513652,1014.2173461914062,12020412,0.0,0.0,1018.035678100586,1015.2263110351563,1013.0599757757869,1013.9102353324142,49.81092923053488,-4.126120264961855,-2.068884946714614,-2.0572353182472414
2020-08-19 00:00:00+05:30,1022.3772655997587,1026.985210008814,1013.9774523847374,1023.9132080078124,8857812,0.0,0.0,1015.1677459716797,1016.6614807128906,1014.0936169407418,1014.3025087706652,52.306542147334724,-2.6403144888719225,-0.46646333649974503,-2.1738511523721775
2020-08-20 00:00:00+05:30,1012.7292886710568,1026.1689878962618,1009.8973989225536,1016.6172485351562,9608367,0.0,0.0,1011.7406188964844,1018.3971203613281,1014.3339628068765,1014.3932828790767,50.28050062411857,-2.0281464514195022,0.11656376076214059,-2.144710212181643
2020-08-21 00:00:00+05:30,1022.7611189383134,1045.2246393104597,1021.9930892631608,1042.20068359375,14462151,0.0,0.0,1010.13505859375,1020.3727551269532,1016.9879362151502,1015.4837691816128,56.62494375240728,0.5154289837535089,2.1281113567481214,-1.6126823729946127
2020-08-24 00:00:00+05:30,1042.5367345239372,1078.0078960667968,1042.200765458996,1072.3441162109375,18389870,0.0,0.0,1011.9374206542968,1023.5829248046875,1022.2599533576062,1017.7135867121746,62.66931647748589,4.906989217425348,5.215737272335969,-0.3087480549106205
2020-08-25 00:00:00+05:30,1074.216123333648,1081.8959526336205,1061.928349579734,1074.8880615234375,13800869,0.0,0.0,1013.5237854003906,1026.065430908203,1027.2721541353044,1019.955722979283,63.136202641610936,8.494686015545312,7.042747256364747,1.4519387591805661
2020-08-26 00:00:00+05:30,1076.1361028654028,1086.455873700196,1065.09634801888,1073.6881103515625,12595031,0.0,0.0,1016.108529663086,1028.7380114746093,1031.6927213939957,1022.0628754252547,62.73762437107602,11.113031436081656,7.728874141520872,3.384157294560784
2020-08-27 00:00:00+05:30,1080.7438164636771,1084.6797047830696,1061.976190361198,1067.592041015625,10322998,0.0,0.0,1019.0580596923828,1030.5072485351564,1035.1117042151034,1023.8483328993868,60.64309000587896,12.55150130359425,7.333875207226773,5.217626096367477
2020-08-28 00:00:00+05:30,1067.4482477232714,1079.9760163873234,1051.176655950328,1069.896240234375,19348305,0.0,0.0,1022.9795745849609,1032.0652966308594,1038.4245171693196,1025.6541331870335,61.17077285339447,13.7192813220463,6.801324180543058,6.9179571415032415
2020-08-31 00:00:00+05:30,1084.2959940676355,1102.823630747269,1056.648559297128,1071.1922607421875,19250583,0.0,0.0,1028.4442626953125,1033.7375830078124,1041.5452546524498,1027.439942110765,61.483578401832006,14.58124985197469,6.130634168377158,8.450615683597531
2020-09-01 00:00:00+05:30,1082.855898130147,1097.8315413694363,1063.6563254682646,1082.1839599609375,14438942,0.0,0.0,1032.5553741455078,1035.3695495605468,1045.4156075389724,1029.5867663401837,64.12334365082984,15.967243938719548,6.013302604097612,9.953941334621936
2020-09-02 00:00:00+05:30,1079.1118127172551,1093.4155158612832,1075.847862367261,1088.7596435546875,9880841,0.0,0.0,1037.672055053711,1037.3211840820313,1049.5436109690404,1031.9072713289877,65.64048871667131,17.395729804032726,5.953430775528631,11.442299028504095
2020-09-03 00:00:00+05:30,1091.735733646448,1100.0875011340852,1082.8559310206142,1085.639892578125,9916681,0.0,0.0,1042.0015655517577,1039.282423095703,1052.9813520746675,1034.014432946601,64.25224048360413,18.067802927683033,5.30040311934315,12.767399808339883
2020-09-04 00:00:00+05:30,1065.5763020669176,1080.3599967217615,1060.2004450610364,1074.504150390625,11830685,0.0,0.0,1045.623095703125,1040.4891198730468,1055.031142390473,1035.6022650032294,59.42140588524715,17.50013374262062,3.786187147424588,13.713946595196031
2020-09-07 00:00:00+05:30,1071.6241973723072,1074.6960821310608,1055.0165201090092,1066.0562744140625,8807733,0.0,0.0,1048.4958374023438,1041.1505432128906,1056.081154964148,1036.7965398820857,55.98265714149291,16.182042323229325,1.9744765824266342,14.207565740802691
2020-09-08 00:00:00+05:30,1069.4161142256444,1074.0240581806415,1058.856350081585,1067.9281005859375,7312459,0.0,0.0,1050.694189453125,1042.0452416992186,1057.2094354995565,1038.0173853998838,56.582210581541815,15.114258343704705,0.7253540823216102,14.388904261383095
2020-09-09 00:00:00+05:30,1056.9364810218235,1065.5762887685962,1047.5766892961535,1052.6165771484375,7864436,0.0,0.0,1052.2685546875,1042.2737182617188,1056.7720204184975,1038.5899027233565,50.52032438682295,12.884001124348288,-1.203922509627846,14.087923633976134
2020-09-10 00:00:00+05:30,1058.8564727205242,1060.632409822559,1040.6168779955103,1046.90478515625,7594044,0.0,0.0,1053.7805236816407,1042.2957983398437,1055.832283726855,1038.9159765442544,48.43568022184516,10.534180851979045,-2.8429942255976712,13.377175077576716
2020-09-11 00:00:00+05:30,1052.568506075972,1060.6323498830343,1028.137097185802,1035.48095703125,10397365,0.0,0.0,1055.902081298828,1042.3860375976562,1053.8940621367974,1038.7812698966857,44.48222965820292,7.661803399530299,-4.572297342437135,12.234100741967435
2020-09-14 00:00:00+05:30,1044.4565922587146,1050.216463171906,1010.2333358125272,1015.6091918945312,10825295,0.0,0.0,1057.1116424560546,1041.5210949707032,1050.2478840184863,1037.8725609554247,38.58275178213978,3.7388391919814694,-6.796209239988773,10.535048431970242
2020-09-15 00:00:00+05:30,1025.2570361761443,1033.080884374201,1015.7532256060758,1027.656982421875,8252555,0.0,0.0,1057.783624267578,1040.8558288574218,1048.0963695807138,1037.4719500325402,43.477227007396074,1.5837611889094205,-7.161029794448657,8.744790983358078
2020-09-16 00:00:00+05:30,1027.369046841196,1052.1365414986035,1025.5931098750964,1049.880615234375,9355056,0.0,0.0,1059.0819946289062,1040.5351965332031,1048.2662977382054,1037.958564354181,51.202374783844505,1.6500866109879553,-5.6757634978960985,7.325850108884054
2020-09-17 00:00:00+05:30,1040.6168029631228,1050.2165889683176,1034.856931360006,1040.2327880859375,9159343,0.0,0.0,1060.2627716064453,1039.7412951660156,1047.5012015808466,1038.0477495985635,48.12717822929427,0.9136193302797437,-5.129784622883449,6.0434039531631925
2020-09-18 00:00:00+05:30,1048.2966859175915,1048.4886347736556,1005.2895955188098,1014.9854736328124,11740889,0.0,0.0,1058.9020111083985,1038.8235583496094,1044.4044655857956,1037.1433466195144,41.16038992474447,-1.6878273483623616,-6.184985041220444,4.4971576928580825
2020-09-21 00:00:00+05:30,1012.777372867376,1028.4729987634628,999.8176624088836,1007.3055419921876,9921439,0.0,0.0,1055.650082397461,1038.2293322753906,1040.8712347673568,1035.973236634129,39.296898745277886,-4.319407442865668,-7.0532521085790005,2.7338446657133324
2020-09-22 00:00:00+05:30,1011.8654771228688,1015.8013658950092,988.2979559235872,993.9618530273438,9310339,0.0,0.0,1051.6037719726562,1037.7791027832031,1036.4036746016413,1034.3257313946474,36.22791596279418,-7.396416523300331,-8.10420895121093,0.7077924279105996
2020-09-23 00:00:00+05:30,1004.137612203278,1012.7774195740518,992.953838114132,1005.3375854492188,8039914,0.0,0.0,1048.186245727539,1037.6658264160155,1033.4449994442678,1033.1889413575718,40.494510266634045,-8.81542314214289,-7.618572456042791,-1.1968506861000985
2020-09-24 00:00:00+05:30,996.4577398487888,1005.0975468416972,983.9780186368096,989.1619262695312,9904755,0.0,0.0,1044.2647399902344,1037.0485571289062,1029.2275639038166,1031.4623917462761,36.73133256411498,-11.117085776457543,-7.9361880722859555,-3.1808977041715876
2020-09-25 00:00:00+05:30,1007.9775229267692,1009.8494343096784,984.602067617778,1002.2176513671876,10160772,0.0,0.0,1040.880810546875,1036.0031396484376,1026.6551912812806,1030.3155391823902,41.45996186819694,-11.752209932002643,-6.857049782264843,-4.8951601497378
2020-09-28 00:00:00+05:30,1006.9695117333451,1016.6173435961022,1000.9217168274176,1012.0093994140624,8076211,0.0,0.0,1037.9216674804688,1034.4892504882812,1025.2603539605932,1029.597651348338,44.792597348229755,-11.334777902755945,-5.151694202414516,-6.183083700341429
2020-09-29 00:00:00+05:30,1015.65744076853,1027.0812104674617,1008.9375900262052,1020.025390625,6322223,0.0,0.0,1034.813739013672,1033.0300854492189,1024.7617860238702,1029.2222685748739,47.431029729350016,-10.2391064681118,-3.244818214216296,-6.994288253895504
2020-09-30 00:00:00+05:30,1017.5772833775336,1043.4007303266385,1009.897454823741,1035.432861328125,9406921,0.0,0.0,1032.1473999023438,1032.1133056640624,1025.7780789099897,1029.465821231864,52.16329134190049,-8.03490347641059,-0.8324921780120693,-7.202411298398522
2020-10-01 00:00:00+05:30,1046.4726986798316,1065.5762971742588,1046.4726986798316,1062.6483154296875,10601540,0.0,0.0,1030.997821044922,1031.663076171875,1029.2895300071038,1030.7670955141316,59.15725149394552,-4.045364583341552,2.5256373720455763,-6.571001955387128
2020-10-05 00:00:00+05:30,1067.4962708496394,1086.6958440663595,1066.5362921888034,1069.752197265625,8470063,0.0,0.0,1030.7602233886719,1031.5718823242187,1033.1431173650583,1032.295923033798,60.76956614666635,-0.30686502398657467,5.011309545120444,-5.318174569107018
2020-10-06 00:00:00+05:30,1089.6236660715435,1102.0553410324092,1081.127762421083,1098.3114013671875,9685995,0.0,0.0,1032.372979736328,1032.8121728515625,1039.3496206033565,1034.884765321382,66.4958007621107,4.903882992430226,8.177646049229796,-3.2737630567995692
2020-10-07 00:00:00+05:30,1099.0796227018586,1118.2311506425856,1092.0717314094927,1115.7352294921875,10624389,0.0,0.0,1034.7633361816406,1034.263662109375,1046.624440497531,1038.0553717594528,69.42774472609523,10.320428177743224,10.875352987634235,-0.5549248098910109
2020-10-08 00:00:00+05:30,1132.7748656028243,1154.8543756950828,1116.7911968164483,1144.1026611328125,17530337,0.0,0.0,1039.3376403808593,1036.7058508300781,1055.9080805580338,1042.2140889897805,73.49454471399753,16.709477463178246,13.811521818455406,2.8979556447228405
2020-10-09 00:00:00+05:30,1152.934290539504,1187.4935198978906,1143.958514129234,1184.181640625,22486194,0.0,0.0,1046.201483154297,1040.2174548339844,1068.124610088221,1047.7814439558676,77.95617527906947,24.72190501139221,17.459159493335495,7.262745518056715
2020-10-12 00:00:00+05:30,1182.2617664635748,1193.013480589498,1157.3502499073772,1165.078125,9610273,0.0,0.0,1052.6813415527345,1043.689698486328,1077.3582781750572,1052.3813138007356,71.75607991418457,29.193789678666462,17.5448353284878,11.648954350178665
2020-10-13 00:00:00+05:30,1164.8380787782382,1173.5258149621438,1147.1744487661165,1150.486328125,9176976,0.0,0.0,1059.4251983642578,1047.461455078125,1084.322854360766,1056.2285692644323,67.34987394786899,31.200692277771168,15.641390342074002,15.559301935697166
2020-10-14 00:00:00+05:30,1147.702426761401,1165.7020249571185,1128.4548095501607,1163.0140380859375,11291459,0.0,0.0,1066.193051147461,1050.7225012207032,1091.8172528107825,1060.416234708413,69.10398144466743,33.41684989756891,14.286038369497394,19.130811528071515
2020-10-15 00:00:00+05:30,1165.6059464051575,1168.2939333064398,1117.4150685034476,1122.4549560546875,14123448,0.0,0.0,1069.8217681884767,1053.4430798339845,1094.735129310202,1062.8491257416003,58.201895919196055,31.536854595515024,9.924834453954805,21.61202014156022
2020-10-16 00:00:00+05:30,1132.7748989193467,1155.334399024944,1126.0550478240625,1151.3504638671875,12911424,0.0,0.0,1075.377651977539,1056.4890954589844,1100.1270659346767,1066.3197664524077,62.71492779094045,32.009584203216264,8.318051249324835,23.69153295389143
2020-10-19 00:00:00+05:30,1185.5736051853432,1185.5736051853432,1144.8704879347144,1155.38232421875,21179778,0.0,0.0,1082.397494506836,1059.5552709960937,1105.3894714855408,1069.812415776578,63.310201872018425,32.33680470221543,6.916217398659203,25.42058730355623
2020-10-20 00:00:00+05:30,1159.1740979841818,1178.277694547357,1157.6381557426696,1174.9656982421875,13705989,0.0,0.0,1090.780502319336,1062.8825561523438,1112.0157787956975,1073.9360739124845,66.13807757094085,33.786869918945285,6.693026092311243,27.093843826634043
2020-10-21 00:00:00+05:30,1181.3496655172396,1200.933252788661,1172.805832368176,1196.8052978515625,17820376,0.0,0.0,1100.922674560547,1066.3394409179687,1120.0909710867322,1078.7544748512719,69.00700992167147,36.28011562831125,7.349017441341765,28.931098186969486
2020-10-22 00:00:00+05:30,1190.3252915833734,1199.9731223611068,1174.0537029181069,1183.9415283203125,10956530,0.0,0.0,1109.8528717041015,1069.5956860351562,1126.1719765375494,1082.879457340254,65.48755247490794,36.79389500348884,6.290237453215482,30.50365755027336
2020-10-23 00:00:00+05:30,1193.7333407812223,1198.485187784927,1181.9255576052112,1186.341552734375,7933115,0.0,0.0,1119.7118530273438,1072.989208984375,1131.9024123658185,1086.9367944145333,65.83762869392638,36.96857999423992,5.171937955173245,31.796642039066672
2020-10-26 00:00:00+05:30,1180.5816053556491,1192.2932961735812,1156.390076861492,1162.43798828125,9785988,0.0,0.0,1127.7228698730469,1076.37697265625,1134.8105624530026,1089.8976255465616,59.377509662597426,34.777310044929436,2.384534404690207,32.39277564023923
2020-10-27 00:00:00+05:30,1176.9338089036787,1186.533595273203,1149.9103868364894,1183.7496337890625,12158890,0.0,0.0,1136.309881591797,1080.2236059570312,1139.4714263897702,1093.5780964580322,62.875112453251276,34.36425476851559,1.577183302621087,32.787071465894506
2020-10-28 00:00:00+05:30,1178.8536927329917,1182.693607041568,1153.414260438672,1161.1900634765625,8285593,0.0,0.0,1143.368115234375,1083.1630603027343,1141.5398680170838,1096.2295461450335,57.25534314876468,31.849396680658174,-0.750139828189063,32.59953650884724
2020-10-29 00:00:00+05:30,1152.5503832961365,1156.2462777884607,1131.3348778402274,1139.6866455078125,11530012,0.0,0.0,1148.5808044433593,1085.4785290527343,1141.3633706352484,1097.9337461200444,52.44369002407627,27.800737808839358,-3.839038960006306,31.639776768845664
2020-10-30 00:00:00+05:30,1135.222638673442,1151.302278783916,1129.270701575355,1136.1826171875,5761358,0.0,0.0,1152.25751953125,1087.8698364257812,1140.8699655449866,1099.43370184818,51.68150876219624,24.032370475636526,-6.085925034567314,30.11829551020384
2020-11-02 00:00:00+05:30,1146.5504371505588,1175.9738051825111,1130.374820899924,1166.614013671875,10963040,0.0,0.0,1157.1006103515624,1090.3581030273438,1143.3217796523095,1102.0682238804816,57.46336295564882,23.233648546944778,-5.507717570607252,28.74136611755203
2020-11-03 00:00:00+05:30,1177.3657090885092,1200.6932359819416,1176.453776290921,1198.0052490234375,14082115,0.0,0.0,1162.085302734375,1092.8713256835938,1148.5297291162265,1105.8304601605976,62.45433137012574,24.847242465080626,-3.1152989219771214,27.962541387057747
2020-11-04 00:00:00+05:30,1201.8932404172524,1214.18101371081,1180.7737106335628,1207.0771484375,11702411,0.0,0.0,1166.6523986816405,1095.515107421875,1154.1056738134905,1109.8009185243975,63.777086784649704,26.55197904975512,-1.1284498698421075,27.680428919597226
2020-11-05 00:00:00+05:30,1215.3329005280802,1224.9326864722198,1202.2291692773522,1218.40478515625,10716964,0.0,0.0,1170.3675048828125,1098.4094409179688,1160.2293987032772,1114.059893686431,65.41551272858358,28.488641365172498,0.6465699564602154,27.842071408712282
2020-11-06 00:00:00+05:30,1215.5729025522044,1257.5719663126458,1214.8529186020253,1255.3160400390625,17852862,0.0,0.0,1173.9242248535156,1102.1639208984375,1169.2852693066854,1119.599350406142,70.15300236687435,32.625800077417125,3.8269829349638727,28.798817142453252
2020-11-09 00:00:00+05:30,1262.5638617653117,1292.0832049759697,1262.5638617653117,1286.8994140625,13144220,0.0,0.0,1180.0152893066406,1106.503984375,1180.4866164262867,1126.1601372161954,73.4982336461441,38.01483118343958,7.372811232789065,30.642019950650518
2020-11-10 00:00:00+05:30,1302.690907796164,1339.1700931287023,1297.4590715105824,1337.8741455078125,20758678,0.0,0.0,1189.3846801757813,1111.8376220703126,1195.4759049102415,1134.4626473452784,77.81922436102818,45.87014944523753,12.182503595669608,33.68764584956792
2020-11-11 00:00:00+05:30,1343.8741234170427,1358.1778286096487,1315.650727925336,1334.322265625,18058097,0.0,0.0,1197.9500915527344,1116.8803881835938,1208.6993678354568,1142.3002794346792,76.87863046143269,51.218523483684294,14.024702107293095,37.1938213763912
2020-11-12 00:00:00+05:30,1322.274438114389,1332.978222059317,1305.5707884138833,1316.802490234375,13526974,0.0,0.0,1207.6674682617188,1121.4412451171875,1218.9949033020202,1149.1435033876085,72.24041981833598,53.42756922642093,12.986998280023784,40.440570946397145
2020-11-13 00:00:00+05:30,1314.018854110137,1314.018854110137,1293.091272170611,1304.4190673828125,11236240,0.0,0.0,1215.3208984375,1125.8168286132814,1227.1305379763814,1155.232741191342,69.06850344923483,53.56159048711356,10.496815632573131,43.06477485454043
2020-11-14 00:00:00+05:30,1313.058702868802,1319.9224557288535,1310.5626648998218,1314.882568359375,917533,0.0,0.0,1223.2959106445312,1130.6243969726563,1235.4878742033331,1161.4935187273434,70.2568666238849,53.89089963835545,8.660899827052013,45.229999811303436
2020-11-17 00:00:00+05:30,1330.3383659723231,1356.0657216621396,1325.346407034381,1352.081787109375,15529950,0.0,0.0,1232.1517150878906,1136.3449072265626,1246.592056384861,1168.9675684678152,74.07084402827712,56.50222312279425,9.01777864919265,47.4844444736016
2020-11-18 00:00:00+05:30,1346.8499463174833,1362.2096035812608,1343.0580778044423,1352.32177734375,9431388,0.0,0.0,1239.9275390625,1142.0327807617186,1256.661553619041,1176.1579296002049,74.09392411650774,57.923376377187424,8.351145522868663,49.57223085431876
2020-11-19 00:00:00+05:30,1334.082205602469,1343.4419968967377,1313.2507169804617,1319.3465576171875,10133441,0.0,0.0,1246.6977905273438,1147.3673803710938,1262.6315539998168,1181.7731699145966,65.47060864339326,55.74621822079325,4.939189893179588,50.807028327613665
2020-11-20 00:00:00+05:30,1317.7146621209474,1352.0338974197866,1310.418848123766,1347.4739990234375,10202681,0.0,0.0,1254.754412841797,1153.3787646484375,1270.7117868592093,1188.271241644355,68.80560566273964,55.64896748997671,3.8735513298904323,51.77541616008628
2020-11-23 00:00:00+05:30,1358.3697196995631,1366.673558030817,1320.306544752983,1338.7861328125,12623318,0.0,0.0,1263.5718200683593,1159.4448681640624,1277.1950579023799,1194.173786396047,66.66387592671637,54.24554847333661,1.9761058506002627,52.26944262273635
2020-11-24 00:00:00+05:30,1351.6499272517951,1387.1691369878151,1345.9381012087435,1380.6412353515625,20077200,0.0,0.0,1273.4164001464844,1166.7455090332032,1287.0470748023022,1201.4862353746946,71.29896764155484,55.866689349759326,2.877797381618379,52.98889196814095
2020-11-25 00:00:00+05:30,1393.2169187344143,1405.7926143227066,1341.0900365114485,1346.657958984375,12076301,0.0,0.0,1282.689794921875,1173.1255285644531,1292.7243018672616,1207.1792441437017,63.57038920274075,53.78923990627186,0.6402783505047296,53.14896155576713
2020-11-26 00:00:00+05:30,1358.369692884909,1374.689328771159,1331.490292601674,1369.553466796875,13971563,0.0,0.0,1294.1831359863281,1179.518985595703,1300.0413651938914,1213.546860718336,66.22659058609399,53.37504806059064,0.1808692038588049,53.19417885673184
2020-11-27 00:00:00+05:30,1374.4974444044904,1388.1290940279034,1358.8977917226416,1383.1851806640625,8997290,0.0,0.0,1306.5332641601562,1186.3780334472656,1307.9598238100982,1220.1993438534626,67.73501249923132,53.52970628986873,0.26842194650950546,53.26128434335922
2020-12-01 00:00:00+05:30,1383.1851460681169,1391.0089951159953,1368.449497955729,1375.9373779296875,8573787,0.0,0.0,1316.9994323730468,1193.5970715332032,1314.4338765833925,1226.3067177388048,66.04599176677742,52.46267982642007,-0.6388836135513216,53.10156343997139
2020-12-02 00:00:00+05:30,1373.729377929423,1374.4974076841213,1338.9781994497478,1350.641845703125,8946075,0.0,0.0,1324.6312622070313,1200.4637976074218,1317.8822545947955,1231.1826051099547,60.38642455740611,49.010947920158515,-3.2724924158503015,52.283440336008816
2020-12-03 00:00:00+05:30,1371.809459332733,1374.6893952165667,1319.0586806011377,1322.08251953125,18966611,0.0,0.0,1330.3815307617188,1207.0262109375,1318.2822798268387,1234.74730763628,54.68844188614748,43.469833393904764,-7.050885553683244,50.52071894758801
2020-12-04 00:00:00+05:30,1325.7303623918417,1345.361876640926,1318.3385745153107,1330.146240234375,13456161,0.0,0.0,1335.968603515625,1213.522384033203,1319.4121808180328,1238.4884422479702,55.952240387153104,39.27638140356885,-8.995470035215334,48.27185143878418
2020-12-07 00:00:00+05:30,1319.9705074210922,1324.7223543738553,1303.746846474722,1317.33056640625,12158159,0.0,0.0,1339.0693298339843,1220.0857568359374,1319.2139318264344,1241.5802902541773,53.402919570028395,34.520986274952975,-11.000692131064966,45.52167840601794
2020-12-08 00:00:00+05:30,1319.9706088437335,1333.218360737358,1310.5148428282675,1321.2186279296875,9728948,0.0,0.0,1340.7852905273437,1226.4657763671876,1319.4048552648394,1244.7033623198836,54.08639789111267,30.712006551839067,-11.847737483343103,42.55974403518217
2020-12-09 00:00:00+05:30,1321.8905291581675,1353.6178686891142,1320.0186177664302,1350.8818359375,11034537,0.0,0.0,1341.4356750488282,1233.2432250976562,1322.40266294795,1248.8672240303783,59.02449903907667,29.74406459786519,-10.252543549853584,39.996608147718774
2020-12-10 00:00:00+05:30,1342.0501162568132,1345.890030752541,1320.6905918743282,1330.3863525390625,9863983,0.0,0.0,1341.2388793945313,1239.4504443359374,1323.1630143375796,1252.0640525993463,54.65088414744867,27.011774481367866,-10.38786693308073,37.399641414448595
2020-12-11 00:00:00+05:30,1334.4183411594454,1339.170188502757,1318.050658648233,1327.45849609375,10678192,0.0,0.0,1341.7716796875,1245.29095703125,1323.5721078381673,1255.0206974422642,54.03491494488589,24.3297036539293,-10.455950208415437,34.78565386234474
2020-12-14 00:00:00+05:30,1327.6504862306488,1332.4503795286626,1313.250806336607,1317.2347412109375,8611025,0.0,0.0,1342.4124633789063,1250.382685546875,1322.9685491117646,1257.4604638645653,51.83779552183959,21.135534340880213,-10.920095617171619,32.05562995805183
2020-12-15 00:00:00+05:30,1325.5383895850473,1339.1219919186642,1311.3306605904963,1335.6181640625,10780718,0.0,0.0,1343.4492431640624,1255.7000048828124,1324.1732743451678,1260.5254717154646,55.353161416421834,19.858603119774216,-9.757621470622095,29.61622459039631
2020-12-16 00:00:00+05:30,1347.8097682905154,1360.0975395477392,1338.689972849803,1354.2415771484375,8416046,0.0,0.0,1343.5572326660156,1260.8186083984374,1327.0369222311933,1264.200613104993,58.646202560090224,20.117477957731353,-7.59899730613197,27.716475263863323
2020-12-17 00:00:00+05:30,1361.825594530201,1387.169052560674,1348.2899199456515,1384.09716796875,10962239,0.0,0.0,1345.1460021972657,1266.1858471679689,1332.4712313490559,1268.9024387859247,63.31729893912695,22.472683688717325,-4.195033260116801,26.667716948834126
2020-12-18 00:00:00+05:30,1377.5692391283385,1382.0810915044915,1350.0179012197248,1354.86572265625,11497959,0.0,0.0,1346.9219604492187,1270.4011083984376,1334.6040400449792,1272.27354795731,56.57875421482536,21.729978197310402,-3.9501910012189825,25.680169198529384
2020-12-21 00:00:00+05:30,1360.7697408363674,1366.8655818468742,1312.0027783825244,1317.7147216796875,11880912,0.0,0.0,1345.4339965820313,1273.0717700195312,1332.995533533999,1274.0555547699523,49.38517187881187,17.936838737852213,-6.194664368541741,24.131503106393954
2020-12-22 00:00:00+05:30,1329.3783033869684,1329.3783033869684,1291.1711113590468,1318.146484375,11425779,0.0,0.0,1344.4020141601563,1276.1331372070313,1331.5813383759992,1275.7846108328954,49.46558711510395,14.795040017528436,-7.469170471092415,22.26421048862085
2020-12-23 00:00:00+05:30,1312.770633999818,1325.682298297565,1306.578819382509,1320.594482421875,7733697,0.0,0.0,1341.399676513672,1279.5353002929687,1330.5349711422732,1277.5418606991298,49.9511055215298,12.360194254432372,-7.923212987350784,20.283407241783156
2020-12-24 00:00:00+05:30,1333.7942470497671,1347.809910718553,1321.890489358581,1341.18603515625,7476094,0.0,0.0,1341.1260803222656,1283.098740234375,1331.5493581912233,1280.0377106778403,53.958233096485294,11.954325635325404,-6.663265285166201,18.617590920491605
2020-12-28 00:00:00+05:30,1348.769855920136,1364.129512642358,1347.809877374997,1356.3056640625,5849597,0.0,0.0,1340.463690185547,1287.7757543945313,1333.9071016075352,1283.0286108105722,56.69960084573732,12.706230013044205,-4.729088725957919,17.435318739002124
2020-12-29 00:00:00+05:30,1364.17752466959,1377.3291835384346,1363.1695003481982,1370.081298828125,7247673,0.0,0.0,1339.80849609375,1292.15037109375,1337.3522632475913,1286.4424417132216,59.0896336253169,14.24943957788173,-2.548703328896316,16.798142906778047
2020-12-30 00:00:00+05:30,1382.273299130969,1382.273299130969,1356.4498496809554,1375.16943359375,8108363,0.0,0.0,1339.7700988769532,1296.54611328125,1340.9538985186541,1289.9219315908895,59.968544835991715,15.702011217358404,-0.876905351535715,16.57891656889412
2020-12-31 00:00:00+05:30,1377.5692417328664,1386.209048823874,1368.0175018784282,1378.8172607421875,11072875,0.0,0.0,1341.1788696289063,1300.62314453125,1344.5599330161335,1293.4080229301562,60.62171858535624,16.952120380158476,0.29856304901148434,16.65355733114699
2021-01-01 00:00:00+05:30,1382.3690882567344,1385.249023857269,1363.745481269633,1368.0174560546875,4405469,0.0,0.0,1343.4756164550781,1304.0473876953124,1346.793982829329,1296.3338830526868,57.62395918873782,16.876841197820795,0.17862709333904192,16.698214104481753
2021-01-04 00:00:00+05:30,1380.4492413364562,1380.4492413364562,1343.010075542213,1359.3297119140625,7870096,0.0,0.0,1344.9347900390626,1307.5551513671876,1347.9878617897798,1298.8043077139173,55.25678641618929,15.93249368821489,-0.612576333013493,16.545070021228383
2021-01-05 00:00:00+05:30,1362.4016008314698,1373.489400686681,1352.6098658518492,1369.6014404296875,7193412,0.0,0.0,1347.5483337402343,1311.2203491210937,1350.0462978507235,1301.5806658596339,57.48077910071529,15.830450550160549,-0.5716955768542675,16.402146127014817
2021-01-06 00:00:00+05:30,1377.569275576675,1382.369168522935,1356.545721035078,1363.6976318359375,11067025,0.0,0.0,1349.6722839355468,1315.2455419921876,1351.3464248969344,1304.0166253096852,55.765076906889774,15.099139137652173,-1.042405591490116,16.14154472914229
2021-01-07 00:00:00+05:30,1375.1693545120118,1375.2653289357331,1356.017828176533,1359.5697021484375,9947421,0.0,0.0,1350.1066772460938,1318.761943359375,1352.1295941589824,1306.1951773425776,54.53929422878096,14.024810857764805,-1.6933870971019882,15.718197954866794
2021-01-08 00:00:00+05:30,1374.6892405293725,1384.2890257286,1366.1454082650844,1374.353271484375,6884382,0.0,0.0,1352.3050231933594,1323.0252075195312,1354.246134856639,1308.8680437795108,58.092155070250236,14.202589834990476,-1.2124864959010555,15.415076330891532
2021-01-11 00:00:00+05:30,1391.9689177999037,1406.2726218404791,1378.8172583470578,1393.36083984375,8665696,0.0,0.0,1355.6001403808593,1328.09869140625,1357.9713448554114,1312.181486762422,62.18425836302985,15.6962957422827,0.22497552911293361,15.471320213169767
2021-01-12 00:00:00+05:30,1394.320836257363,1428.160081071559,1391.104931463771,1421.728271484375,10194078,0.0,0.0,1360.8248168945313,1333.8096044921874,1364.0434331057888,1316.4774391044596,67.31395592543902,18.950632002891552,2.783449431777427,16.167182571114125
2021-01-13 00:00:00+05:30,1433.1520032436842,1436.991917450414,1403.5846169779124,1411.79248046875,8467325,0.0,0.0,1364.6335327148438,1338.713173828125,1368.5909614260709,1320.2152838638435,64.03738307042615,20.491765322602078,3.459666201190359,17.03209912141172
2021-01-14 00:00:00+05:30,1412.2724778335855,1428.4480930851064,1397.728779255319,1409.968505859375,6148583,0.0,0.0,1367.4198791503907,1342.9524389648439,1372.5316799435284,1323.7350180597466,63.42701749874626,21.320179318520786,3.430464157687254,17.889715160833532
2021-01-15 00:00:00+05:30,1410.304537414113,1412.7525297173584,1387.1690765977985,1407.95263671875,7082618,0.0,0.0,1368.6126525878906,1346.9699487304688,1375.9051043983116,1327.0376697718643,62.71554213675151,21.56544654264053,2.9405851054455994,18.62486143719493
2021-01-18 00:00:00+05:30,1411.0724708476012,1442.7037166753162,1408.288509661465,1423.744140625,21412816,0.0,0.0,1372.056573486328,1351.0767358398436,1380.4612030865676,1330.830080393556,65.93877496395294,22.77156850798906,3.317365656635303,19.454202851353756
2021-01-19 00:00:00+05:30,1432.0961463465092,1451.151698438778,1408.288629793696,1443.663818359375,8680127,0.0,0.0,1378.3540283203124,1354.84369140625,1386.4804997792157,1335.2549328628038,69.5184558158924,25.04606492679659,4.473489660354264,20.572575266442325
2021-01-20 00:00:00+05:30,1440.9278934263991,1440.9278934263991,1426.528214278234,1432.2880859375,6673026,0.0,0.0,1384.0611083984375,1357.75146484375,1390.8431270323858,1339.0601545520076,65.29794240150834,25.635186714980136,4.050089158830247,21.58509755614989
2021-01-21 00:00:00+05:30,1432.287950846091,1434.54387692955,1409.3924865969543,1415.7763671875,13166527,0.0,0.0,1388.8202026367187,1359.3095092773438,1393.217721332873,1342.0686334788898,59.63831154881015,24.48743634429775,2.3218710305182846,22.165565313779464
2021-01-22 00:00:00+05:30,1409.152554149682,1409.152554149682,1382.513149062634,1385.777099609375,7696182,0.0,0.0,1391.049755859375,1360.3386059570312,1392.5090906925398,1343.782690974203,50.99093046576514,20.916038653407668,-0.9996213282974367,21.915659981705105
2021-01-25 00:00:00+05:30,1406.4646393744972,1421.7283227245885,1396.9128990701208,1404.3046875,10172359,0.0,0.0,1393.44970703125,1362.0886499023438,1393.6324808646787,1346.1561026026654,55.30159475224704,19.35755985377591,-2.046480102343356,21.404039956119266
2021-01-27 00:00:00+05:30,1409.248563859549,1412.992503780894,1349.8739117687924,1353.185791015625,11778138,0.0,0.0,1392.604931640625,1363.063984375,1389.7804151647688,1346.4317766580757,43.84333637841578,13.838069794299145,-6.052776129456099,19.890845923755244
2021-01-28 00:00:00+05:30,1334.2741740805318,1345.2179526922223,1288.291179339271,1316.5625,21352223,0.0,0.0,1389.6745849609374,1363.0975830078125,1382.8072803871719,1345.260432475406,37.8005210379626,6.434468102074561,-10.765102257344548,17.19957035941911
2021-01-29 00:00:00+05:30,1335.6661780851753,1352.3698288671665,1309.890776567346,1334.8502197265625,14352251,0.0,0.0,1387.4762329101563,1362.7529516601562,1378.2399412766376,1344.8521888381968,42.09249844892067,2.0194476307744935,-12.144098182915693,14.163545813690186
2021-02-01 00:00:00+05:30,1353.8097422276735,1423.168192059937,1344.929940692055,1417.6483154296875,13185272,0.0,0.0,1389.9577758789062,1364.059482421875,1381.9931197674043,1347.7069389006083,56.67054623825708,5.142348655153,-7.216957726829751,12.359306381982751
2021-02-02 00:00:00+05:30,1440.9278337669211,1515.3261729520889,1437.4719343514255,1498.0946044921875,21210103,0.0,0.0,1396.8960205078124,1367.634443359375,1393.0504040269075,1353.6044944140037,65.70440397478941,13.94783150653052,1.2708200996382129,12.677011406892307
2021-02-03 00:00:00+05:30,1515.8062774896553,1518.3981729521277,1480.287067694141,1511.7744140625,10118627,0.0,0.0,1404.0046691894531,1370.9204516601562,1404.3574526017258,1359.8072363610036,66.96569114458318,21.779031295908,7.281615911212553,14.497415384695445
2021-02-04 00:00:00+05:30,1503.326525142612,1524.4460548700304,1481.6789602980516,1515.9022216796875,12242342,0.0,0.0,1411.6148986816406,1374.4627734375,1414.980763942484,1365.9286083342854,67.35581768584419,27.995676396125646,10.79860880914416,17.197067586981486
2021-02-05 00:00:00+05:30,1486.0468294306515,1553.485324112501,1486.0468294306515,1533.6617431640625,13527358,0.0,0.0,1420.3195007324218,1377.52318359375,1426.283714344539,1372.50637832761,69.04939826390272,33.96394220392585,13.413499693555494,20.55044251037036
2021-02-08 00:00:00+05:30,1555.1651760945529,1566.3489491003563,1531.8376515791842,1541.0054931640625,8723790,0.0,0.0,1428.6521118164062,1381.4101342773438,1437.2095980416366,1379.114186752569,69.74830793233768,38.83870667210044,14.630611329384067,24.208095342716376
2021-02-09 00:00:00+05:30,1545.565615681285,1562.8452312603304,1523.1980664188968,1547.341552734375,9210683,0.0,0.0,1436.3511474609375,1384.9658959960936,1447.6983556314212,1385.7113383596986,70.36999204742051,42.720800888705526,14.810164436791318,27.910636451914208
2021-02-10 00:00:00+05:30,1543.981574591715,1550.221435559282,1504.2864824888622,1518.4461669921875,9894003,0.0,0.0,1441.1870422363281,1387.6711157226562,1454.4362424276849,1390.9166257570512,63.918763974213626,42.97043594634192,12.047839595542172,30.92259635079975
2021-02-11 00:00:00+05:30,1518.6861804230846,1533.853889528826,1501.598514072813,1509.42236328125,6824309,0.0,0.0,1446.068536376953,1390.3408154296876,1459.6730158423102,1395.5639095815297,62.006969392975876,41.95647980149397,8.827106760555374,33.129373040938596
2021-02-12 00:00:00+05:30,1510.9104257462334,1528.766005259221,1510.0464215213528,1518.63818359375,4955053,0.0,0.0,1451.502020263672,1393.7007421875,1465.288746104352,1400.390351699656,63.21698028579117,41.419098347678755,6.631780245392129,34.787318102286626
2021-02-15 00:00:00+05:30,1536.0617204317757,1559.965210791028,1532.797769784528,1551.9013671875,5177622,0.0,0.0,1458.6994567871093,1398.297119140625,1473.5375671598897,1406.3319601501598,67.26889675971967,43.17953381045686,6.713772566536186,36.465761243920674
2021-02-16 00:00:00+05:30,1556.3173623792811,1575.3249867903812,1544.0776344197582,1561.54931640625,6948679,0.0,0.0,1465.5897155761718,1402.9251806640625,1481.9196385166858,1412.4189152974575,68.35767000237891,44.83635487925221,6.69647490826523,38.13987997098698
2021-02-17 00:00:00+05:30,1555.165263120962,1556.8932713983827,1519.646056494125,1523.0059814453125,6397213,0.0,0.0,1469.5568237304688,1407.0386889648437,1485.8326235575073,1416.7556629895303,59.799630970274826,42.54879646186009,3.5271331926984857,39.02166326916161
2021-02-18 00:00:00+05:30,1541.6775255675457,1541.6775255675457,1486.0468147448178,1492.0947265625,7360280,0.0,0.0,1472.5471557617188,1410.4562109375,1486.4290143198875,1419.7101360708232,53.96454133068295,37.80580817881469,-0.9726840722775378,38.778492251092224
2021-02-19 00:00:00+05:30,1483.1668264422813,1501.5983673144085,1471.647084100982,1477.5029296875,8569754,0.0,0.0,1475.6334838867188,1412.9886328125,1485.5789110215649,1421.9765201342223,51.41414055766019,32.494938312567456,-5.026843150819815,37.52178146338727
2021-02-22 00:00:00+05:30,1483.214863162074,1510.910220101081,1477.8388896878107,1486.0467529296875,14725919,0.0,0.0,1480.6469665527343,1416.1018408203124,1485.623467393767,1424.4890782830641,52.820138753454096,28.64524624508317,-7.101228174643282,35.746474419726454
2021-02-23 00:00:00+05:30,1491.566743976932,1495.3586125583006,1461.7114330694635,1467.9512939453125,9119953,0.0,0.0,1483.829296875,1418.9116967773436,1483.940403255819,1426.19347889727,49.549615831107985,23.859151786105713,-9.509858106896594,33.36900989300231
2021-02-24 00:00:00+05:30,1465.4073496976223,1549.3574323559676,1455.5675689348311,1542.1575927734375,7157166,0.0,0.0,1493.2778869628905,1423.4101538085938,1489.4848974955921,1430.7410912061393,60.38282276403864,25.757054304123812,-6.089564471102797,31.84661877522661
2021-02-25 00:00:00+05:30,1545.3254016317635,1570.7648320670744,1537.8855682025687,1542.1094970703125,10054785,0.0,0.0,1504.5552368164062,1427.53998046875,1494.4967641217559,1435.1084796714013,60.37377396222472,26.946650587744898,-3.919974549985369,30.866625137730267
2021-02-26 00:00:00+05:30,1523.5341084763434,1525.3100454778926,1460.1274740538934,1472.9912109375,13956423,0.0,0.0,1511.4622863769532,1429.9149731445314,1492.4486161994457,1436.5940769759543,49.00763894240286,22.057876695796267,-7.0469987535472,29.104875449343467
2021-03-01 00:00:00+05:30,1501.4066098696617,1509.6144742080598,1479.0390604317888,1496.5107421875,6768009,0.0,0.0,1515.4054077148437,1432.1632446289063,1492.8354853411652,1438.9437501215052,52.29855217327626,19.85247084944558,-7.401923679918312,27.254394529363893
2021-03-02 00:00:00+05:30,1512.638193804932,1523.9659878642708,1488.9267698755805,1505.4383544921875,8055019,0.0,0.0,1515.7725952148437,1435.174697265625,1494.0357585936433,1441.5513816654534,53.5246505515255,18.610523992998196,-6.915096429092557,25.525620422090753
2021-03-03 00:00:00+05:30,1520.6061254012182,1532.1258687754696,1502.3665317253196,1523.342041015625,5611205,0.0,0.0,1516.3509765625,1439.2872436523437,1496.8268331100226,1444.758858502715,55.96889782975743,18.853617272659903,-5.3376025195446815,24.191219792204585
2021-03-04 00:00:00+05:30,1486.5748893949583,1508.1263618226712,1477.5030214269775,1489.934814453125,8145719,0.0,0.0,1515.0526062011718,1442.7230102539063,1496.1704503807941,1446.5304646184175,50.61929868471558,16.164254990797644,-6.421571841125555,22.5858268319232
2021-03-05 00:00:00+05:30,1469.7271904839408,1483.7428541671898,1460.2233792051672,1468.7672119140625,8722911,0.0,0.0,1511.807879638672,1445.68646484375,1493.5606181458672,1447.402493924129,47.519977091948356,12.184413057552547,-8.321131019496523,20.50554407704907
2021-03-08 00:00:00+05:30,1480.2868948783007,1492.766615781944,1451.967528212341,1458.6873779296875,7558525,0.0,0.0,1507.6919738769532,1448.0364916992187,1490.2393571728978,1447.8450383949353,46.0733173633651,8.12336025004538,-9.905747061602952,18.029107311648332
2021-03-09 00:00:00+05:30,1483.166806640625,1503.0383150401117,1476.6869516601562,1499.9664306640625,7533348,0.0,0.0,1505.3232177734376,1450.90970703125,1491.1657451244373,1449.889014562352,52.45656576559305,8.14196570160584,-7.909713288033995,16.051678989639836
2021-03-10 00:00:00+05:30,1509.086346454182,1511.966282229858,1490.0307948421037,1493.4866943359375,5527508,0.0,0.0,1504.075244140625,1453.3778149414063,1491.3867879064849,1451.5987274946497,51.427493919909985,7.546854645153417,-6.803859475589137,14.350714120742554
2021-03-12 00:00:00+05:30,1535.965763836353,1535.965763836353,1473.6152004845765,1489.8387451171875,7815602,0.0,0.0,1503.0960632324218,1455.671201171875,1491.239355259885,1453.098336028867,50.82301329386909,6.703591006321631,-6.117698491536739,12.82128949785837
2021-03-15 00:00:00+05:30,1486.430890867255,1486.430890867255,1454.655622576034,1467.4713134765625,6115193,0.0,0.0,1500.5377197265625,1457.4442822265626,1488.975732232902,1453.6619822032862,47.16254792797578,4.182223625576398,-6.911252697825578,11.093476323401976
2021-03-16 00:00:00+05:30,1469.631313242624,1478.751110259512,1449.5677363684924,1451.6317138671875,6861183,0.0,0.0,1495.524237060547,1459.1165673828125,1485.419159055215,1453.5823638371648,44.70691548535329,0.8955748698222123,-8.15832116286381,9.053896032686023
2021-03-17 00:00:00+05:30,1463.2474343070523,1477.407119172415,1430.560114913394,1435.5040283203125,10532214,0.0,0.0,1489.22197265625,1460.6400537109375,1480.6653370804622,1452.8734095031707,42.292342304094966,-2.9761798385088696,-9.624060696955915,6.647880858447045
2021-03-18 00:00:00+05:30,1451.2475576317606,1461.1353834662598,1421.8722377490528,1431.3280029296875,9032770,0.0,0.0,1484.6380737304687,1461.8745849609375,1475.9665433518169,1452.0284915983282,41.66484594158253,-6.308819543279469,-10.36536032138121,4.056540778101742
2021-03-19 00:00:00+05:30,1425.5681392816152,1450.7195302858972,1415.0564210881375,1437.56787109375,10617510,0.0,0.0,1481.9117309570313,1463.3519897460938,1472.3095269462867,1451.4614084412858,43.02513053623609,-8.350199406655747,-9.925392147805992,1.5751927411502447
2021-03-22 00:00:00+05:30,1435.071987231412,1435.071987231412,1401.9527265779184,1410.3525390625,7007816,0.0,0.0,1478.5542114257812,1464.367646484375,1466.408861433545,1449.8492959166274,38.777893049078585,-12.025435764709528,-10.880502804687818,-1.14493296002171
2021-03-23 00:00:00+05:30,1411.1685598828046,1447.1197120344348,1410.3045556948782,1440.1119384765625,9880714,0.0,0.0,1476.257470703125,1465.6828198242188,1463.9043925804992,1449.467438762115,45.1535912793218,-12.393883262749796,-8.99916024218247,-3.3947230205673273
2021-03-24 00:00:00+05:30,1431.2320500781527,1446.1596462869566,1412.128453410135,1419.6163330078125,8184450,0.0,0.0,1473.84072265625,1466.2079296875,1459.6864821450054,1448.2968071639073,41.91600992958436,-14.176289194473839,-8.62525293912521,-5.551036255348629
2021-03-25 00:00:00+05:30,1430.5599457618723,1435.6959245994285,1392.2088507046728,1404.7845458984375,11982178,0.0,0.0,1466.9720703125,1465.8690551757813,1454.457726311999,1446.590443977026,39.697753559118645,-16.594370429541414,-8.834667339354228,-7.759703090187186
2021-03-26 00:00:00+05:30,1434.2081064245506,1439.0079996856769,1415.0085333800453,1431.6162109375,6010629,0.0,0.0,1461.4474060058594,1466.2655297851563,1452.28234389538,1446.0032191519467,45.33397587840397,-16.159351161255472,-6.719718456854629,-9.439632704400843
2021-03-30 00:00:00+05:30,1446.351754762073,1500.0145809608546,1441.455887428295,1491.5186767578125,12803822,0.0,0.0,1462.373779296875,1467.896533203125,1456.019137501326,1447.7881390580592,55.36437103449415,-10.855827667259973,-1.1329559702873038,-9.72287169697267
2021-03-31 00:00:00+05:30,1486.0468841852564,1486.0468841852564,1428.4481677439676,1433.8720703125,15387253,0.0,0.0,1459.241845703125,1468.414921875,1453.9098930071523,1447.242410871959,46.51851056588472,-11.175521994755854,-1.1621202382265476,-10.013401756529307
2021-04-01 00:00:00+05:30,1439.391921548026,1439.391921548026,1406.3686346089678,1427.2481689453125,17881881,0.0,0.0,1455.3323364257812,1468.4850024414063,1451.370681191739,1446.458322953267,45.616612328788165,-11.827040770720487,-1.4509112113529437,-10.376129559367543
2021-04-05 00:00:00+05:30,1420.7683339364148,1425.5682269564702,1373.729382339871,1391.5849609375,8003293,0.0,0.0,1448.744482421875,1467.4434252929686,1445.6768030722878,1444.3064264036293,41.00684193578331,-15.047637136892035,-3.7372060620195935,-11.310431074872442
2021-04-06 00:00:00+05:30,1401.568707554027,1404.1126741930711,1375.3133171885363,1382.609130859375,7537867,0.0,0.0,1443.3781982421874,1466.4498461914063,1439.6703580996295,1441.8869246175802,39.91360053460415,-18.115433986854896,-5.444002329585963,-12.671431657268933
2021-04-07 00:00:00+05:30,1381.6971471387917,1398.4006798375,1364.657528206185,1389.2808837890625,12544090,0.0,0.0,1439.4038818359375,1465.9199365234374,1434.8713605462422,1439.823942624305,41.16909638301681,-19.78031522833976,-5.68710685685666,-14.0932083714831
2021-04-08 00:00:00+05:30,1394.8487946920204,1402.4326484648989,1373.24927791255,1375.457275390625,8806796,0.0,0.0,1435.2423767089845,1465.7135400390625,1429.212876245707,1437.2997595955333,39.33515231150065,-21.96203065754571,-6.295057828850089,-15.666972828695622
2021-04-09 00:00:00+05:30,1368.9293960938874,1375.4572970305592,1358.4656065857869,1364.8494873046875,14078908,0.0,0.0,1428.4865295410157,1464.9244360351563,1423.0830296798956,1434.4585724468727,37.93851643938586,-24.267277628507372,-6.880243839849399,-17.387033788657973
2021-04-12 00:00:00+05:30,1337.2502664107124,1343.010138340694,1298.8511202108357,1312.3388671875,11274564,0.0,0.0,1419.4291381835938,1464.1074975585936,1412.5359665853816,1429.6695643974856,31.90035327684737,-29.98571400965193,-10.078944176795162,-19.906769832856767
2021-04-13 00:00:00+05:30,1313.2507455106568,1350.1618763888098,1306.5308952046812,1344.3060302734375,9300341,0.0,0.0,1412.1525024414063,1464.6623681640624,1406.0378774128155,1426.3219748239935,38.33473383678317,-31.57416581127586,-9.333916782735272,-22.24024902854059
2021-04-15 00:00:00+05:30,1348.769917302718,1379.2011916945971,1335.3302170591323,1372.8653564453125,17222492,0.0,0.0,1407.4222045898437,1465.4226708984374,1402.8785897016248,1424.225636848359,43.473322856059184,-30.180622932041842,-6.352299122801,-23.828323809240842
2021-04-16 00:00:00+05:30,1377.521183269061,1387.1690146392946,1366.5294756671528,1371.473388671875,7803263,0.0,0.0,1403.414288330078,1464.4991723632813,1399.887618174982,1422.156921233595,43.28400281138075,-28.855917274317562,-4.022074772061373,-24.83384250225619
2021-04-19 00:00:00+05:30,1334.370235517741,1360.9615954954716,1317.3786614070457,1355.873779296875,12034621,0.0,0.0,1399.4327758789063,1461.654755859375,1395.6958239961148,1419.557582334116,41.12265748926684,-28.733613392632606,-3.1198167123011338,-25.613796680331472
2021-04-20 00:00:00+05:30,1367.9693655633812,1369.313358903366,1328.562201176184,1335.714111328125,11593135,0.0,0.0,1394.652081298828,1458.1335498046874,1389.9832799324968,1416.2696030789791,38.450551663331524,-29.918521318817966,-3.443779710789194,-26.474741608028772
2021-04-22 00:00:00+05:30,1324.770488933436,1369.697534997308,1316.1787272016277,1365.569580078125,19242656,0.0,0.0,1391.0521667480468,1455.1268969726561,1387.6581656606518,1414.2813668828671,44.23014400784752,-28.124283339974,-1.3196333855561804,-26.80464995441782
2021-04-23 00:00:00+05:30,1352.60991951724,1377.1853495505532,1344.1620605128694,1357.5538330078125,11356764,0.0,0.0,1388.4122314453125,1451.6047387695312,1384.7910863603813,1412.0567577112963,43.06101588379444,-27.03746949503602,-0.18625563249456079,-26.85121386254146
2021-04-26 00:00:00+05:30,1356.449780685328,1371.8094384991748,1346.6099998983327,1348.5780029296875,15085476,0.0,0.0,1383.8355346679687,1447.7561889648437,1381.342221271744,1409.567394778684,41.730818889349756,-26.593878488909013,0.20586829890595837,-26.79974678781497
2021-04-27 00:00:00+05:30,1350.929815210299,1384.2890698406477,1348.5779146354937,1381.12109375,10296453,0.0,0.0,1381.9107727050782,1444.4317797851563,1381.3211615077685,1408.4518535618731,48.0024877002835,-23.34724149856902,2.7620042313967623,-26.10924572996578
2021-04-28 00:00:00+05:30,1378.769232913587,1419.8083171308583,1373.7293453781328,1417.6964111328125,12051970,0.0,0.0,1382.5563659667969,1442.4167846679688,1384.785470995868,1408.814385231322,53.99566282243294,-17.619825472766934,6.79153620575908,-24.411361678526013
2021-04-29 00:00:00+05:30,1426.7201413257214,1443.4718381230516,1402.5287276004085,1413.5684814453125,12039276,0.0,0.0,1381.6539794921875,1440.49970703125,1387.5267100862914,1409.0008203769687,53.24969448663119,-13.26103151910138,8.920264127539706,-22.181295646641086
2021-04-30 00:00:00+05:30,1387.1690855712602,1395.6169441774143,1351.1698878488226,1355.77783203125,17616451,0.0,0.0,1374.8669372558593,1437.2425,1384.5030074143829,1406.913644363411,44.07023953899543,-14.30497944006811,6.301052965258382,-20.60603240532649
2021-05-03 00:00:00+05:30,1337.250180846512,1364.993585637735,1322.1785638013782,1357.8416748046875,11236850,0.0,0.0,1371.0654174804688,1433.3613061523438,1381.9638328801261,1404.9892534003238,44.438603087540876,-14.795230616276967,4.648641431239621,-19.44387204751659
2021-05-04 00:00:00+05:30,1353.521769034849,1366.0495365354998,1327.9384333037206,1332.7862548828125,10743164,0.0,0.0,1366.3423217773438,1428.786044921875,1377.2802540232392,1402.1577632623823,40.91545547967385,-17.00944688067807,1.9475401334708167,-18.956987014148886
2021-05-05 00:00:00+05:30,1344.9298781498749,1353.1856698107506,1326.402246230748,1346.4658203125,7210806,0.0,0.0,1364.0863647460938,1425.2552416992187,1374.3455460507878,1399.973765499642,43.547011829022146,-17.459144468018167,1.1982740369045786,-18.657418504922745
2021-05-06 00:00:00+05:30,1351.2659164891622,1354.3379184623343,1339.170209006086,1344.8341064453125,5738522,0.0,0.0,1362.1976135253906,1422.310029296875,1371.5349327550282,1397.811425928884,43.299283383473025,-17.742672237043053,0.7317970143037549,-18.474469251346807
2021-05-07 00:00:00+05:30,1356.401630426932,1367.9213729002047,1353.809735244398,1358.129638671875,6024167,0.0,0.0,1360.6400512695313,1419.9225634765626,1370.2582380804422,1396.2552774090016,45.995139875481385,-16.702001425618164,1.4179742605829162,-18.11997568620108
2021-05-10 00:00:00+05:30,1369.889505409103,1372.7694412999422,1356.257855733088,1363.025634765625,5530025,0.0,0.0,1360.0184692382813,1417.4621411132812,1369.5694187171264,1394.9521541680847,46.99456134316284,-15.305761056759593,2.2513717035531897,-17.557132760312783
2021-05-11 00:00:00+05:30,1340.1300448204288,1367.2013928346828,1339.2181120793527,1347.3779296875,7259517,0.0,0.0,1359.1448913574218,1415.050673828125,1367.4559435714477,1393.086498306101,44.18045633844426,-15.285665890162363,1.8171734961203363,-17.1028393862827
2021-05-12 00:00:00+05:30,1343.7299848735738,1352.2257716642316,1333.2661951675336,1343.489990234375,6887463,0.0,0.0,1360.7024475097655,1411.0773217773437,1365.1734718250598,1391.141537205249,43.48371297122163,-15.405875207292183,1.3575713431924115,-16.763446550484595
2021-05-14 00:00:00+05:30,1338.5460303299433,1342.9139794842686,1327.0262880520338,1331.34619140625,5302071,0.0,0.0,1360.0544555664062,1406.8620556640626,1361.9518260708874,1388.7966216837199,41.29322341877894,-16.293226855637158,0.3761757558779486,-16.669402611515107
2021-05-17 00:00:00+05:30,1339.3141209328678,1384.8650570544205,1326.0184412194176,1382.609130859375,7560346,0.0,0.0,1360.5416442871094,1405.0544140625,1363.9191884316956,1388.553974984726,52.23233808380103,-12.713416289212091,3.1647890578424125,-15.878205347054504
2021-05-18 00:00:00+05:30,1400.5607217664644,1423.4082591600682,1396.768853197032,1417.600341796875,11082640,0.0,0.0,1362.8479919433594,1403.4762060546875,1369.0316792283793,1389.6930481930456,57.986976340194936,-6.9725174938453165,7.12455028256735,-14.097067776412667
2021-05-19 00:00:00+05:30,1411.3604410356272,1419.6642790695416,1394.4169130915166,1399.8406982421875,5065458,0.0,0.0,1365.046337890625,1401.3642529296876,1371.9658715154087,1390.0909952537963,54.40453488370942,-3.811927125839702,8.228112520458373,-12.040039646298075
2021-05-20 00:00:00+05:30,1399.9846563559408,1407.232541082559,1371.329320865486,1375.457275390625,5342092,0.0,0.0,1367.03349609375,1398.4065576171874,1372.2983861701912,1389.5171238866133,49.8508179037163,-3.2373566988851508,7.04214635793034,-10.279503056815491
2021-05-21 00:00:00+05:30,1385.2490927272902,1441.7918545992204,1385.2490927272902,1437.3759765625,9670823,0.0,0.0,1370.6238159179688,1397.355380859375,1378.4962519218398,1391.3939416386088,59.19175946005806,2.189081839635037,9.974867917160422,-7.785786077525385
2021-05-24 00:00:00+05:30,1443.0877219873703,1459.5993057924031,1438.527823980093,1449.51953125,11073051,0.0,0.0,1375.222100830078,1396.9704272460938,1385.260373762617,1393.67337652533,60.73639372639281,7.384334836742028,12.13609673141393,-4.751761894671903
2021-05-25 00:00:00+05:30,1450.0476245501857,1453.167554890992,1411.648481894107,1419.76025390625,9618487,0.0,0.0,1378.7812133789062,1396.191884765625,1388.5460766334393,1394.6963913245818,55.220228972247114,8.99657833882884,10.998672186800594,-2.0020938479717545
2021-05-26 00:00:00+05:30,1420.7682912900618,1427.4881413164337,1411.168505538102,1417.9364013671875,6141995,0.0,0.0,1380.6219787597656,1394.5512841796874,1391.3451551795106,1395.6077642674293,54.891193345404275,10.01171446026683,9.611046646590868,0.4006678136759627
2021-05-27 00:00:00+05:30,1414.1444136057742,1429.4080963659333,1403.9206183579863,1423.312255859375,10219748,0.0,0.0,1380.9027709960938,1393.1477954101563,1394.3896409585452,1396.6942149180938,55.728550866846895,11.121798509656173,8.576904556784168,2.544893952872005
2021-05-28 00:00:00+05:30,1431.2322450396057,1452.4477505431437,1419.5684805787664,1443.2799072265625,8875010,0.0,0.0,1382.3883422851563,1392.2166186523436,1399.0458567935946,1398.5211048125436,58.788617838382244,13.457639415139965,8.730196369814369,4.727443045325597
2021-05-31 00:00:00+05:30,1439.9678349935652,1458.6874168484817,1427.9681030352856,1455.1834716796875,7830527,0.0,0.0,1387.358624267578,1391.9708618164063,1404.3922963065559,1400.7431584151766,60.539683700773224,16.083922879626925,9.085183867441064,6.998739012185863
2021-06-01 00:00:00+05:30,1459.4554945676678,1465.887304234888,1446.927727117246,1451.1995849609375,5515081,0.0,0.0,1392.0265197753906,1391.9622192382812,1408.850133321259,1402.721841809128,59.62653913259362,17.640456877035604,8.513374291879792,9.127082585155812
2021-06-02 00:00:00+05:30,1449.567610558043,1449.7595593940982,1433.2479752073896,1443.8077392578125,5312008,0.0,0.0,1397.5775939941407,1392.1282934570313,1412.1794291247402,1404.3330534737822,57.88202807154059,18.069269817467784,7.153749785849577,10.915520031618207
2021-06-03 00:00:00+05:30,1447.6476568650228,1463.9192464525172,1428.2080911809933,1459.6954345703125,5143630,0.0,0.0,1403.2390747070312,1392.6956420898437,1416.7047629766994,1406.5041272422736,60.55341173004384,19.46671126504316,6.8409529867399606,12.625758278303199
2021-06-04 00:00:00+05:30,1455.3276081179708,1459.791532199902,1439.1999202041843,1440.8798828125,4712238,0.0,0.0,1408.0413635253906,1392.7618823242187,1419.0071553420137,1407.8521960881649,56.02166562266808,18.838774238844508,4.970412768433047,13.868361470411461
2021-06-07 00:00:00+05:30,1449.567658581738,1453.4075729091069,1436.127958435947,1439.8238525390625,4045834,0.0,0.0,1412.12607421875,1393.35130859375,1420.9896979322086,1409.1059865372197,55.769394826274585,18.04787216814293,3.343608558185176,14.704263609957755
2021-06-08 00:00:00+05:30,1436.655999975514,1441.2158982597227,1422.2082753800144,1423.6962890625,4936270,0.0,0.0,1415.1596069335938,1393.0229956054689,1421.247468516046,1409.6781552637012,51.92387436468159,15.936016511563821,0.9854023212848517,14.95061419027897
2021-06-09 00:00:00+05:30,1424.5121737083873,1441.887761781562,1413.1364514881652,1421.0562744140625,5111721,0.0,0.0,1418.843524169922,1393.0517944335938,1421.2292595539523,1410.1243560146956,51.30028140670774,13.889222261530449,-0.8491135429988166,14.738335804529266
2021-06-10 00:00:00+05:30,1422.7842744170475,1429.4081502629,1414.6725020366569,1421.7763671875,5741770,0.0,0.0,1422.7578430175781,1393.391630859375,1421.2813650428616,1410.5812976293155,51.471479122395884,12.184770095863541,-2.042852566932579,14.22762266279612
2021-06-11 00:00:00+05:30,1431.3280595661415,1436.6559875471323,1421.7763195905427,1426.8641357421875,3602987,0.0,0.0,1427.533740234375,1393.2965893554688,1421.8130574904164,1411.2198403004086,52.73571520674499,11.116377200106854,-2.4889963701514155,13.60537357025827
2021-06-14 00:00:00+05:30,1419.0883069764202,1426.5281408198616,1404.0166904514017,1420.240234375,4440982,0.0,0.0,1429.4152954101562,1391.8710205078125,1421.6632648127577,1411.5735812445103,50.87736759520719,9.624232489523365,-3.1849128645879237,12.809145354111289
2021-06-15 00:00:00+05:30,1426.528245116696,1436.1280314229996,1415.7765313275927,1430.608154296875,3784801,0.0,0.0,1430.0656860351562,1391.8057421875,1422.5151590493401,1412.320035089701,53.63163652068895,9.172565915289852,-2.9092635510571494,12.081829466347001
2021-06-16 00:00:00+05:30,1428.4480324240333,1434.2079035225172,1418.944221674559,1425.18408203125,3851049,0.0,0.0,1431.3328552246094,1391.7644604492189,1422.7693421904746,1412.8245075187813,51.989318159655014,8.281475901008207,-3.0402828522710372,11.321758753279244
2021-06-17 00:00:00+05:30,1407.3287081886692,1419.56843603956,1401.5688362588385,1407.4246826171875,4641901,0.0,0.0,1432.9312255859375,1392.0812548828126,1421.307946040638,1412.612749679503,46.92281994080703,6.07224843341487,-4.1996082558914996,10.27185668930637
2021-06-18 00:00:00+05:30,1410.6884680844464,1430.3680282040325,1396.7687792193738,1420.5762939453125,5969030,0.0,0.0,1432.091241455078,1392.8405981445312,1421.2382648887021,1412.9250455330641,50.75046191473764,5.321304188017848,-3.9604420010308186,9.281746189048667
2021-06-21 00:00:00+05:30,1402.864605678193,1432.096022317212,1400.6086795627543,1429.1199951171875,3630236,0.0,0.0,1431.0712646484376,1393.6373803710937,1421.9889058628437,1413.5601415951867,53.115844176148585,5.353864725272388,-3.1423051710210235,8.496169896293411
2021-06-22 00:00:00+05:30,1437.087806954832,1447.64757039939,1420.7681725405153,1424.4161376953125,7183412,0.0,0.0,1431.3040588378906,1394.6165576171875,1422.2200707992693,1413.9858669324465,51.64515287305505,4.94312592479173,-2.842435177201346,7.785561101993076
2021-06-23 00:00:00+05:30,1430.3681214960766,1437.8560014892732,1419.4243419617464,1426.0482177734375,3922434,0.0,0.0,1431.709649658203,1395.8405322265626,1422.5846562253805,1414.4589002987598,52.140305802739924,4.6951845240969305,-2.4723012623169165,7.167485786413847
2021-06-24 00:00:00+05:30,1430.3681211099586,1452.8795725179016,1428.4481639004148,1445.9677734375,7392512,0.0,0.0,1432.8424255371094,1398.5131103515625,1424.8116197693919,1415.694542382632,57.817739304125475,6.036446448046718,-0.9048314706937042,6.941277918740422
2021-06-25 00:00:00+05:30,1450.6235867150258,1461.0873765146898,1446.6876980339275,1454.4635009765625,5191588,0.0,0.0,1433.4016052246093,1400.716259765625,1427.635608455789,1417.214893700041,59.997338489411256,7.696223127214125,0.6039561667789624,7.092266960435163
2021-06-28 00:00:00+05:30,1459.1675392911677,1462.047475223979,1444.7678596271098,1447.9837646484375,4678393,0.0,0.0,1433.0416198730468,1402.2186279296875,1429.573528093184,1418.4215160901742,57.554646987977726,8.392009671586493,1.0397941689210644,7.352215502665429
2021-06-29 00:00:00+05:30,1452.9489265728462,1454.1058394906404,1438.6315701778756,1448.176513671875,5485846,6.5,0.0,1432.8904663085937,1403.7526904296874,1431.3452410054404,1419.588378740437,57.60993363707519,8.856882132191231,1.2037333036206412,7.65314882857059
2021-06-30 00:00:00+05:30,1444.2716827602967,1454.8771490555991,1440.5115393535514,1444.17529296875,4839511,0.0,0.0,1432.9088439941406,1405.518720703125,1432.5671507162317,1420.552571455273,55.97986106869089,8.800979620652697,0.918264633665685,7.882714986987012
2021-07-01 00:00:00+05:30,1448.12832691378,1448.12832691378,1429.8097928183329,1433.42529296875,8455721,0.0,0.0,1431.5953369140625,1407.4729443359374,1432.6488785498047,1421.0573840636448,51.74374309604837,7.799335435024204,-0.06670364157024711,7.8660390765944515
2021-07-02 00:00:00+05:30,1431.7379682120795,1435.835534787771,1424.0249017166611,1427.302978515625,7413518,0.0,0.0,1430.9164916992188,1408.7076123046875,1432.1397452132162,1421.3023093362717,49.44873982187512,6.437300399481501,-1.1429909416903614,7.580291341171862
2021-07-05 00:00:00+05:30,1436.5104987716406,1450.5386866868134,1431.304272614153,1441.813232421875,3686941,0.0,0.0,1431.0159606933594,1410.3928002929688,1433.061029709279,1422.1066592611974,54.589483737244954,6.454332516298791,-0.9007670598984578,7.355099576197249
2021-07-06 00:00:00+05:30,1443.3077345985948,1484.7654717981538,1442.3436011753497,1479.655517578125,8834516,0.0,0.0,1433.8139221191407,1413.0143505859376,1437.4985999825026,1424.3634772344103,64.67798187399522,9.412880910699187,1.6462250676015495,7.766655843097637
2021-07-07 00:00:00+05:30,1478.9805916528803,1489.9234818793052,1472.9065043365424,1484.2833251953125,4814595,0.0,0.0,1436.975274658203,1415.0775952148438,1441.9542880980084,1426.7132751936613,65.68207439716637,11.992732472233683,3.380861303308837,8.611871168924846
2021-07-08 00:00:00+05:30,1470.3034801581243,1482.5479276373676,1459.1676919692793,1465.9166259765625,4210461,0.0,0.0,1439.1822875976563,1416.0419995117188,1444.2364155150135,1428.2506614988731,58.566382659892675,12.412164584507309,3.0402347324659686,9.37192985204134
2021-07-09 00:00:00+05:30,1458.3000727749854,1461.626286045689,1443.789817515448,1448.12841796875,5347921,0.0,0.0,1440.2455017089844,1416.7331982421874,1444.6070824153694,1429.030181360437,52.62056556305532,11.180327970029794,1.4467184943907618,9.733609475639032
2021-07-12 00:00:00+05:30,1448.1282596960114,1448.1282596960114,1430.7738597795478,1433.666259765625,7229489,0.0,0.0,1440.9168029785155,1418.290966796875,1443.5650993058698,1429.2119883567188,48.32499775190586,8.934126230574293,-0.6395865960517924,9.573712826626085
2021-07-13 00:00:00+05:30,1442.439997439945,1452.0813317155842,1430.8703963091782,1447.9837646484375,9089071,0.0,0.0,1441.7855834960938,1420.09380859375,1443.9859245765906,1429.94813644659,52.462342937733446,8.214605300221592,-1.087286021123596,9.301891321345188
2021-07-14 00:00:00+05:30,1443.7897715803642,1453.2864620653677,1437.6192942602386,1445.380615234375,4894247,0.0,0.0,1442.79541015625,1422.3456958007812,1444.1187522582843,1430.5533316931699,51.65259502506249,7.3496056972537644,-1.5618284992731386,8.911434196526903
2021-07-15 00:00:00+05:30,1451.0207456925402,1471.9906468346085,1445.862655616697,1466.1575927734375,5219401,0.0,0.0,1445.7320556640625,1424.73953125,1446.2176894502036,1431.9495772257294,57.315511938213184,8.245565974999181,-0.5326945772221787,8.77826055222136
2021-07-16 00:00:00+05:30,1473.1475364224857,1475.0758031635432,1464.3258102357977,1467.7484130859375,2585314,0.0,0.0,1448.0906616210937,1427.1978173828124,1448.2682345583687,1433.353453141816,57.72381836615982,8.980465636623194,0.16176406752146733,8.818701569101727
2021-07-19 00:00:00+05:30,1433.6663688073588,1435.4499920626872,1413.4195673648878,1418.240234375,12555800,0.0,0.0,1447.5466735839843,1428.400029296875,1445.4084250170956,1432.7607778960587,43.71046502964799,5.504529854554221,-2.6513373716380038,8.155867226192225
2021-07-20 00:00:00+05:30,1390.2802612185378,1401.8498611731998,1384.6401047790514,1391.3890380859375,12087125,0.0,0.0,1445.8953186035155,1428.9672973632812,1440.2637214998424,1431.1383567270345,38.282263072647574,0.5765128870873468,-6.063483471283902,6.639996358371249
2021-07-22 00:00:00+05:30,1403.874723528215,1415.8300021065493,1393.1728655389609,1396.7401123046875,6603557,0.0,0.0,1444.429913330078,1429.954541015625,1436.1186158622088,1429.7894059653738,39.88447238673933,-2.8641726954674596,-7.603335243070967,4.739162547603508
2021-07-23 00:00:00+05:30,1399.439584946554,1405.1761314146358,1383.82067144733,1391.00341796875,6563342,0.0,0.0,1441.6816955566405,1430.9048095703124,1431.8219303485462,1428.2683868282513,38.723844125249016,-5.984854421470118,-8.579213575258901,2.594359153788783
2021-07-26 00:00:00+05:30,1378.7106803925242,1392.20854719357,1376.878803502542,1383.0975341796875,6583583,0.0,0.0,1438.1133972167968,1431.9398364257813,1427.1815116657979,1426.4969808420333,37.12067778177477,-8.992298304828182,-9.269325966893572,0.27702766206538976
2021-07-27 00:00:00+05:30,1384.5918517210332,1397.896938752302,1384.5918517210332,1388.1109619140625,11200715,0.0,0.0,1435.1197570800782,1432.049873046875,1423.4605069275372,1424.9916467664266,38.849572847862,-10.84614986648512,-8.898542022840408,-1.9476078436447126
2021-07-28 00:00:00+05:30,1383.5796763648116,1387.0986691049272,1353.6432873560725,1366.46630859375,10335171,0.0,0.0,1431.034246826172,1431.0271923828125,1418.0324880386052,1422.6965354655374,34.446045369316685,-13.901633835027951,-9.563220793106591,-4.338413041921361
2021-07-29 00:00:00+05:30,1377.0235362020137,1378.6625159142952,1362.609788868744,1367.3822021484375,6851115,0.0,0.0,1427.1945922851562,1430.3780224609375,1413.2086512871606,1420.5273459236905,34.7829096272231,-16.064045619865283,-9.380506062355138,-6.683539557510145
2021-07-30 00:00:00+05:30,1368.1052175187017,1380.3979176761104,1357.451496972123,1375.2879638671875,5827744,0.0,0.0,1424.2877258300782,1430.3746362304687,1409.597157247163,1418.7532525097101,37.7561883202484,-16.944517785750804,-8.208782582592526,-8.735735203158278
2021-08-02 00:00:00+05:30,1383.5314134663377,1383.5314134663377,1365.4539124193036,1371.6243896484375,6629393,0.0,0.0,1421.5037963867187,1429.0596044921874,1405.9807031901416,1416.905061809268,36.91626826763331,-17.73349742278924,-7.198209775704772,-10.53528764708447
2021-08-03 00:00:00+05:30,1359.4280188430896,1388.2556294477483,1359.4280188430896,1383.2420654296875,6016560,0.0,0.0,1418.5752380371093,1427.7340551757814,1403.8151186415269,1415.5849443041864,41.37042499053177,-17.222786564155058,-5.349999133656469,-11.872787430498589
2021-08-04 00:00:00+05:30,1389.3162617344697,1421.6147313861732,1388.3521283120308,1412.7447509765625,11026974,0.0,0.0,1415.2296997070312,1427.5937451171876,1404.6655598162922,1415.4735641736913,50.859331348574564,-14.272895317164966,-1.9200863093331026,-12.352809007831864
2021-08-05 00:00:00+05:30,1414.4800167957212,1452.997214812871,1405.127970360691,1431.5933837890625,9411204,0.0,0.0,1412.5952026367188,1427.866884765625,1407.2301144803657,1416.1057139625295,55.78302914337875,-10.29547824325914,1.6458646116581797,-11.94134285491732
2021-08-06 00:00:00+05:30,1430.3401789682098,1446.2001266132413,1421.132657751945,1439.11376953125,6669635,0.0,0.0,1411.255059814453,1428.1829150390624,1410.2666530566403,1417.0079906514989,57.608093658516566,-6.462024086340762,4.383455014861248,-10.84547910120201
2021-08-09 00:00:00+05:30,1438.486994386097,1453.2864181424743,1423.0608603980422,1449.960205078125,5499024,0.0,0.0,1411.3466491699219,1428.3165209960937,1414.0469913444008,1418.3002343545038,60.16207405624077,-2.519721565513464,6.660606028550836,-9.1803275940643
2021-08-10 00:00:00+05:30,1435.594572893177,1465.2416737101448,1435.594572893177,1453.57568359375,7419173,0.0,0.0,1412.3421203613282,1428.284365234375,1417.8116287014816,1419.6835853050625,61.00541340035415,0.8861060069284576,8.053146880794205,-7.167040873865749
2021-08-11 00:00:00+05:30,1460.5657086697513,1464.3739885163318,1437.5711506579746,1441.3311767578125,6292893,0.0,0.0,1412.0094909667969,1428.0869970703125,1420.0515856592274,1420.5325104600724,56.632867379763184,2.5676215823916664,7.787729965005932,-5.220108382614265
2021-08-12 00:00:00+05:30,1443.307716211163,1453.5275068289543,1435.8839360235772,1447.5499267578125,4298837,0.0,0.0,1412.1179565429688,1428.1618408203126,1422.670475287664,1421.5920169815524,58.26882885003223,4.351870291573277,7.657582939350035,-3.3057126477767573
2021-08-13 00:00:00+05:30,1447.3569924900496,1476.0882144796735,1447.164212889608,1471.4603271484375,8329214,0.0,0.0,1412.3830932617188,1428.397138671875,1427.317127845833,1423.5476369880969,63.90661289555818,7.607574350821778,8.730629598878828,-1.1230552480570501
2021-08-16 00:00:00+05:30,1471.412168222759,1479.9447250207857,1466.8806707621814,1475.7025146484375,3126389,0.0,0.0,1412.7807983398438,1429.0935913085937,1431.9252599222714,1425.5929263081102,64.81484128375186,10.410051755067116,9.226485602499332,1.183566152567783
2021-08-17 00:00:00+05:30,1462.7831766351403,1469.3393309629832,1451.3100830995163,1460.32470703125,4141333,0.0,0.0,1414.8850219726562,1429.5036083984376,1434.6299691707457,1426.954956924704,59.01739521293617,11.260372170639357,8.061444814457259,3.198927356182098
2021-08-18 00:00:00+05:30,1500.8664707388218,1509.2062484874918,1454.2506427089268,1458.73388671875,11492966,0.0,0.0,1418.252264404297,1430.2043603515624,1436.9255803657936,1428.201189465647,58.43509440434067,11.671351249983445,6.777939115041077,4.893412134942368
2021-08-20 00:00:00+05:30,1432.7504398978413,1465.2899410974703,1432.7504398978413,1460.4210205078125,6575203,0.0,0.0,1421.4363098144531,1430.9916552734376,1439.1632413317002,1429.4647122516144,58.898264587666404,11.994922725520155,5.681208472462229,6.313714253057926
2021-08-23 00:00:00+05:30,1474.9794248440437,1478.161112068375,1454.5398443065876,1469.917724609375,5421527,0.0,0.0,1425.3820251464845,1431.954482421875,1442.0922397390977,1431.0511048930953,61.49898710055892,12.8693107019144,5.2444771590851795,7.624833542829221
2021-08-24 00:00:00+05:30,1475.1241059290144,1508.3867083176096,1472.6655186756395,1502.9393310546875,9190657,0.0,0.0,1431.3741149902344,1433.475986328125,1447.8872008167732,1433.8702510170792,68.87405986842806,16.041915918921177,6.733665900873564,9.308250018047612
2021-08-25 00:00:00+05:30,1496.4314277352405,1508.6759925397555,1492.4785043306588,1501.5413818359375,3863987,0.0,0.0,1437.045635986328,1435.1020092773438,1452.9971228185984,1436.524020853113,68.27777825588018,18.233244103753805,7.139995268564954,11.09324883518885
2021-08-26 00:00:00+05:30,1494.4067805392858,1514.653582082076,1488.091659647922,1499.03466796875,5559501,0.0,0.0,1443.674053955078,1436.4705395507813,1457.3816509281367,1438.9754187792164,67.15505557158379,19.542344634046458,6.759276639086085,12.783067994960373
2021-08-27 00:00:00+05:30,1496.33507424811,1502.746585056981,1489.8271736352397,1492.912353515625,3191069,0.0,0.0,1449.9505615234375,1437.8251049804687,1460.7655273650403,1441.0905926904481,64.37099370408012,19.85689865856716,5.659064530885431,14.19783412768173
2021-08-30 00:00:00+05:30,1499.8057651903173,1513.6893085009665,1495.9492319202511,1512.0020751953125,4524583,0.0,0.0,1456.7862670898437,1439.9166528320313,1465.645198586971,1443.8714351416193,68.72479832527175,21.399881476630526,5.761637879159036,15.63824359747149
2021-08-31 00:00:00+05:30,1507.422410361418,1526.56043277483,1506.1689899980795,1524.680419921875,6031288,0.0,0.0,1464.4390686035156,1441.9987353515626,1471.2676006188667,1447.0404149369235,71.2385567768257,23.376275782626635,6.190425748124117,17.18585003450252
2021-09-01 00:00:00+05:30,1518.5100893345052,1540.6851573057393,1518.0280226394784,1522.4630126953125,6211279,0.0,0.0,1471.4001159667969,1443.865595703125,1476.1433541499568,1449.9981638686252,70.17617478045487,24.48144936859444,5.836479467273534,18.644969901320906
2021-09-02 00:00:00+05:30,1517.6423237285032,1534.9003346985132,1514.894567145125,1532.0079345703125,4809262,0.0,0.0,1477.3632751464843,1446.017431640625,1481.463790380467,1453.214233307907,72.10462900433025,25.829753502972608,5.747826881321359,20.08192662165125
2021-09-03 00:00:00+05:30,1529.2120536419625,1540.6852653264248,1512.0505487110163,1519.5225830078125,5367667,0.0,0.0,1481.7597351074219,1447.8869189453126,1485.088437297357,1455.8145607471192,66.08509860237434,25.595778514915764,4.41108151461161,21.184697000304155
2021-09-06 00:00:00+05:30,1523.282479703876,1524.246613079477,1505.928078943059,1509.5435791015625,3938448,0.0,0.0,1485.2812255859376,1449.1584350585938,1487.417498421567,1457.9215810747446,61.65475754829536,24.324729098533226,2.5120256785832566,21.81270341994997
2021-09-07 00:00:00+05:30,1506.4584082700237,1525.2590092052333,1499.4201875097606,1512.96630859375,3622748,0.0,0.0,1488.4315307617187,1450.3284912109375,1489.8507184379653,1460.0801978401958,62.581356334316666,23.32472602127382,1.2096180810590802,22.115107940214738
2021-09-08 00:00:00+05:30,1515.5695209085677,1523.812908935347,1509.4472970747963,1519.8599853515625,3362040,0.0,0.0,1491.7457458496094,1451.766015625,1492.7087438583078,1462.4245032327983,64.44492279953667,22.825361915539588,0.5682031802598786,22.25715873527971
2021-09-09 00:00:00+05:30,1517.5459434110785,1522.8004232666487,1505.0122094438968,1512.339599609375,4125474,0.0,0.0,1495.2961669921874,1453.04927734375,1494.578349167933,1464.381957992664,60.882672447359326,21.574087335709464,-0.5464571196561963,22.12054445536566
2021-09-13 00:00:00+05:30,1505.9763035049807,1527.1872373571634,1497.9258135131324,1499.7576904296875,4479582,0.0,0.0,1497.9065551757812,1454.1609252929688,1495.0716197642905,1465.7692416176453,55.368393115173674,19.3442003960306,-2.221075247468047,21.565275643498648
2021-09-14 00:00:00+05:30,1504.0479461870598,1508.3865460318302,1491.1285364442217,1493.0086669921875,4879253,0.0,0.0,1498.9839721679687,1455.3525927734374,1494.8751480717092,1466.8374543774312,52.61550915378506,16.838307614703353,-3.7815744230362363,20.61988203773959
2021-09-15 00:00:00+05:30,1479.9448335801626,1499.0347228100118,1479.9448335801626,1491.3216552734375,7411499,0.0,0.0,1499.7649291992188,1456.6329663085937,1494.5367201861595,1467.7976191184512,51.920600785812645,14.548535325675402,-4.85707736965135,19.405612695326752
2021-09-16 00:00:00+05:30,1482.5960427995376,1508.1938300397994,1481.1980965341015,1503.999755859375,5130275,0.0,0.0,1501.948681640625,1457.8766967773438,1495.4379616788467,1469.2173107553501,56.56350104733279,13.60011736448132,-4.644396264676345,18.244513629157666
2021-09-17 00:00:00+05:30,1512.7253087403235,1532.0079767931002,1503.276754317637,1525.4036865234375,10249051,0.0,0.0,1505.2821716308595,1458.79166015625,1498.2918402354744,1471.420698040373,63.05074251177959,14.409503831169104,-3.068007838390848,17.477511669559952
2021-09-20 00:00:00+05:30,1507.904497088069,1524.9696096010548,1502.1196972271173,1503.9033203125,4390805,0.0,0.0,1507.4562866210938,1459.1840600585938,1498.826266909477,1472.6945263647701,54.28094344988546,13.164298728913309,-3.4505703525173175,16.614869081430626
2021-09-21 00:00:00+05:30,1505.9763306525765,1512.3878411300668,1474.1116755552218,1496.2867431640625,7387498,0.0,0.0,1508.7747375488282,1459.7914624023438,1498.5844075051518,1473.6197113372914,51.545732511231236,11.431099987624975,-4.147015275044522,15.578115262669497
2021-09-22 00:00:00+05:30,1493.4425716348285,1494.5513485350095,1475.12403783169,1478.6912841796875,5291101,0.0,0.0,1507.5623352050782,1460.4027197265625,1496.689824331298,1473.8185965467972,45.803655477666105,8.539285442418986,-5.631063856200409,14.170349298619396
2021-09-23 00:00:00+05:30,1486.6935977619926,1515.6175977184514,1486.6935977619926,1513.6893310546875,6832152,0.0,0.0,1508.1697326660155,1462.0031811523438,1498.3088249716209,1475.3821547627929,56.24452354292714,8.968171968910838,-4.161741863766846,13.129913832677683
2021-09-24 00:00:00+05:30,1522.366654679785,1550.2782698277713,1518.5101210390508,1544.10791015625,10403351,0.0,0.0,1510.4233947753905,1463.9256640625,1502.6706426082521,1478.0772824252815,62.929173630772326,11.62854610496015,-1.2010941821740264,12.829640287134177
2021-09-27 00:00:00+05:30,1557.7502331681037,1576.8401209015162,1550.3264533229217,1566.8131103515625,8207731,0.0,0.0,1514.1184326171874,1466.3543139648436,1508.7794490599958,1481.5571188145475,66.98374680883853,15.391606812830787,2.0495732205572867,13.3420335922735
2021-09-28 00:00:00+05:30,1573.4656708859611,1573.4656708859611,1525.2590020475432,1557.1236572265625,6386895,0.0,0.0,1516.37451171875,1468.1736352539062,1513.3836593615738,1484.5205124777638,63.77790745573534,17.39152299491934,3.2395915221166725,14.15193147280267
2021-09-29 00:00:00+05:30,1539.7210036380225,1548.9766605222303,1528.296046654763,1536.6839599609375,8131518,0.0,0.0,1516.9746887207032,1469.5523461914063,1515.6027356091322,1486.5661378692607,57.523612646811905,17.129697737532297,2.3822130117837013,14.747484725748595
2021-09-30 00:00:00+05:30,1529.115560052442,1548.7356510455977,1526.3195496766068,1537.7445068359375,7987674,0.0,0.0,1517.7387634277343,1471.942431640625,1517.7114757259708,1488.5731327306992,57.755097451619,16.81395578815477,1.6531768499249395,15.160778938229832
2021-10-01 00:00:00+05:30,1526.223124978501,1532.0079251995185,1509.10975765799,1525.933837890625,5564298,0.0,0.0,1517.43505859375,1474.6333276367188,1518.4945578368902,1490.0382584232452,54.21187319422037,15.432805959948837,0.2176216173752028,15.215184342573634
2021-10-04 00:00:00+05:30,1532.0079452127345,1543.9149689514632,1526.8016014073935,1528.87451171875,3525514,0.0,0.0,1517.902655029297,1477.276015625,1519.4831248732578,1491.5612487485591,54.95289711637075,14.40941975080682,-0.6446116734134542,15.054031424220273
2021-10-05 00:00:00+05:30,1534.9003493975406,1540.2030830166905,1519.7152485790662,1538.2265625,5128589,0.0,0.0,1519.3368041992187,1480.220478515625,1521.2682141710427,1493.3912610525372,57.31861286128531,14.189444068065313,-0.691669884923968,14.881113952989281
2021-10-06 00:00:00+05:30,1538.756859661322,1568.5003506094708,1530.079659324886,1556.97900390625,9300415,0.0,0.0,1521.5374389648437,1483.6981079101563,1524.669241764872,1495.8848980271925,61.66588457388618,15.351316633161787,0.37616214413800364,14.975154489023783
2021-10-07 00:00:00+05:30,1568.259340364975,1569.319863549969,1549.3623495590462,1552.73681640625,5632862,0.0,0.0,1523.1812805175782,1486.990625,1527.3423441116697,1498.1143850224498,60.17276377440949,15.748263752446292,0.6184874107380072,15.129776341708284
2021-10-08 00:00:00+05:30,1554.1829582336202,1563.8242917214218,1542.758001588987,1545.1683349609375,3622781,0.0,0.0,1524.8227172851562,1490.5646655273438,1529.0400575258857,1499.9596379612142,57.49787723732157,15.276041308926779,0.11701197377479389,15.159029335151985
2021-10-11 00:00:00+05:30,1542.5169070396428,1585.999295805692,1541.6491635217635,1575.2010498046875,6540424,0.0,0.0,1528.5948852539063,1494.7210424804687,1533.436342504819,1502.9102815629192,64.28291065583917,17.12775264346078,1.5749786466470361,15.552773996813745
2021-10-12 00:00:00+05:30,1566.716743386341,1582.6731979111933,1566.716743386341,1571.1517333984375,4088473,0.0,0.0,1532.5020385742187,1498.6383178710937,1537.0282844946876,1505.586416929018,62.82659113858208,18.060313176361205,2.006031343637968,16.054281832723237
2021-10-13 00:00:00+05:30,1578.286276174212,1588.8917429047656,1571.537342800223,1580.6002197265625,3112822,0.0,0.0,1536.965966796875,1502.8178344726562,1541.1779926120091,1508.5281346857844,64.82881811648974,19.33886164083333,2.6276638464880726,16.711197794345257
2021-10-14 00:00:00+05:30,1579.2504503847558,1629.3853853176054,1579.2504503847558,1626.878662109375,7378644,0.0,0.0,1543.109912109375,1507.69056640625,1549.3399611355678,1513.1693318396508,72.61039854892128,23.8119151105916,5.680573852997071,18.131341257594528
2021-10-18 00:00:00+05:30,1643.847472261033,1663.1301405573504,1607.2586562455986,1610.39208984375,14428228,0.0,0.0,1547.3593322753907,1511.6435131835938,1555.154449583966,1516.9819890162821,66.92928638850982,25.729915168436946,6.078859128673933,19.651056039763013
2021-10-19 00:00:00+05:30,1615.3573120999151,1631.7475804493165,1611.066965402929,1628.132080078125,4493770,0.0,0.0,1553.5707702636719,1515.574287109375,1562.1047001072193,1521.3408161167465,69.6784096246798,28.35455927611838,6.962802589084294,21.391756687034086
2021-10-20 00:00:00+05:30,1628.5177318817862,1637.8216428986232,1604.7518196031515,1613.814697265625,5454284,0.0,0.0,1559.44716796875,1519.0683056640626,1567.029461741353,1524.9672428284673,64.98328375338647,28.945648090243367,6.043113122567426,22.90253496767594
2021-10-21 00:00:00+05:30,1611.8382795441937,1621.6241394876477,1601.280948104981,1616.1768798828125,4869095,0.0,0.0,1566.3214477539063,1522.3926391601562,1571.7101682310158,1528.5440913404025,65.3975602046994,29.267323146666968,5.09183054319282,24.175492603474147
2021-10-22 00:00:00+05:30,1619.840452856461,1646.7397974420833,1610.8258293772603,1620.4671630859375,6087777,0.0,0.0,1571.6603393554688,1525.73046875,1576.353691550532,1532.1489176833647,66.18016673555945,29.528061829337275,4.282055380690501,25.246006448646774
2021-10-25 00:00:00+05:30,1629.3853704513522,1629.3853704513522,1555.9184558545708,1597.5689697265625,8213383,0.0,0.0,1574.3333923339844,1528.855224609375,1578.3741942339634,1534.714409920353,58.56662264527365,27.569205636615152,1.8585593503747013,25.71064628624045
2021-10-26 00:00:00+05:30,1590.820068765599,1613.814626221162,1587.300958408402,1593.471435546875,6045328,0.0,0.0,1575.66630859375,1531.7736547851562,1579.8120267399552,1537.0186070037462,57.29636410473784,25.393441441241066,-0.2537638759995069,25.647205317240573
2021-10-27 00:00:00+05:30,1593.471375541711,1605.3302626845837,1578.5755625355698,1583.8782958984375,6624821,0.0,0.0,1577.0040405273437,1534.0220141601562,1580.1992904693343,1538.8562418623615,54.325592398235905,22.634134234263456,-2.410456866381697,25.044591100645153
2021-10-28 00:00:00+05:30,1590.8201415405908,1590.8201415405908,1530.2243796875946,1536.4429931640625,8898875,0.0,0.0,1576.9919921875,1535.2368237304688,1576.0320240593085,1538.7616046585067,42.57154960067689,16.43033225301474,-6.891407078104333,23.321739331119073
2021-10-29 00:00:00+05:30,1532.9720683902242,1544.541668906377,1504.048067099843,1526.0784912109375,6203437,0.0,0.0,1576.40869140625,1536.5518994140625,1571.274544740416,1538.2642276605627,40.50917460044297,10.555765505029058,-10.212779060872013,20.76854456590107
2021-11-01 00:00:00+05:30,1528.151554170306,1553.219024459535,1526.7536077117747,1547.7235107421875,4061160,0.0,0.0,1577.4981750488282,1538.3316918945313,1569.0315891215373,1538.6351799382735,46.354099608415126,7.559559320296103,-10.567188196483976,18.12674751678008
2021-11-02 00:00:00+05:30,1548.3982378418198,1563.8243722163336,1542.6616911981234,1549.121337890625,6618861,0.0,0.0,1578.510516357422,1540.1056982421876,1567.1353747185933,1539.0464018187579,46.71817240867146,5.237463086887374,-10.311427543914165,15.548890630801539
2021-11-03 00:00:00+05:30,1547.5305388333466,1552.1584263558686,1519.04046670478,1524.728759765625,5103669,0.0,0.0,1577.835626220703,1541.2019189453124,1563.0966494849772,1538.4849256598116,41.43377883446645,1.4126240440527909,-11.309013269399,12.72163731345179
2021-11-04 00:00:00+05:30,1537.792782660999,1540.540539329848,1533.068505432906,1536.7803955078125,548404,0.0,0.0,1576.8256958007812,1541.878740234375,1560.5903395823902,1538.4180813401254,44.75844599360257,-0.6387589535954703,-10.688317013637809,10.049558060042338
2021-11-08 00:00:00+05:30,1534.996659894536,1547.1447163832931,1514.1231496427752,1542.8543701171875,9471790,0.0,0.0,1576.3315734863281,1542.705,1558.9011996333234,1538.59205344903,46.40964442607075,-1.7541549634993316,-9.442970418833337,7.688815455334004
2021-11-09 00:00:00+05:30,1537.4071229767071,1537.4071229767071,1512.7735847913325,1515.8587646484375,6347738,0.0,0.0,1574.8660949707032,1543.0414819335938,1554.8019201109532,1537.700551927438,40.60099880278086,-4.761545949239007,-9.96028912365841,5.198743174419402
2021-11-10 00:00:00+05:30,1511.7612070004825,1512.7253404233145,1494.406805389507,1499.468505859375,6857063,0.0,0.0,1571.0794677734375,1543.1726049804688,1549.5320711346126,1536.2012560032001,37.52971905734001,-8.37098635771531,-10.855783625707769,2.4847972679924597
2021-11-11 00:00:00+05:30,1494.454933543473,1499.1309567128214,1480.523136139139,1492.7677001953125,3999702,0.0,0.0,1567.1602661132813,1542.7879174804686,1544.1259405689648,1534.4979793048517,36.320081216110545,-11.638036857697898,-11.298267300552286,-0.33976955714561163
2021-11-12 00:00:00+05:30,1494.406672254809,1503.1321260309264,1489.6342593137863,1497.299072265625,7457046,0.0,0.0,1562.9952087402344,1542.2402905273439,1539.6662388257896,1533.0391986366467,37.78055435093033,-13.70358763289937,-10.691054460603008,-3.0125331722963637
2021-11-15 00:00:00+05:30,1506.0726294898263,1515.4729293214791,1498.6488500329326,1501.3966064453125,4766797,0.0,0.0,1556.7211059570313,1541.8189624023437,1536.021511932411,1531.7983126683591,39.13981236898246,-14.838861580527691,-9.461062726585062,-5.377798853942629
2021-11-16 00:00:00+05:30,1499.2274494811854,1501.3484959020172,1486.3080382752173,1492.478515625,4122703,0.0,0.0,1550.8254272460938,1541.0283740234374,1531.8745599031338,1530.2563598431293,37.23329307710224,-16.2706320427626,-8.714266551055976,-7.556365491706623
2021-11-17 00:00:00+05:30,1481.7765756646188,1488.6218989412864,1473.6778319506195,1475.8953857421875,3799439,0.0,0.0,1543.2135925292969,1540.155830078125,1526.5432099830437,1528.12455693721,33.92418339723525,-18.529839979122244,-8.778779589932496,-9.751060389189748
2021-11-18 00:00:00+05:30,1471.315733076047,1488.1398128107217,1470.5443793259171,1484.1868896484375,4576437,0.0,0.0,1536.7322021484374,1539.6486962890624,1522.5092747130811,1526.4015111611798,36.94185777689486,-19.427277908488122,-7.740974015438699,-11.686303893049423
2021-11-22 00:00:00+05:30,1490.550223715692,1497.0098703638955,1445.2842080477235,1460.99951171875,7630636,0.0,0.0,1528.9733337402345,1538.6093603515626,1516.6512020469545,1523.8367268693198,32.475181863261994,-21.758710674792383,-8.057925425394366,-13.700785249398017
2021-11-23 00:00:00+05:30,1448.128328511091,1473.0030166502236,1442.680951406708,1461.1923828125,5617607,0.0,0.0,1521.0095947265625,1537.4360083007812,1511.3694097389111,1521.3800859259152,32.5482384189336,-23.32198354490515,-7.696958636405707,-15.625024908499444
2021-11-24 00:00:00+05:30,1469.339207418285,1481.2462306066554,1459.7461277800085,1463.6026611328125,15401143,0.0,0.0,1514.311279296875,1536.46126953125,1506.8201955859493,1519.11430456148,33.516283963096804,-24.088719476907045,-6.77095565472608,-17.317763822180964
2021-11-25 00:00:00+05:30,1460.469366761303,1478.305835215332,1452.949078930885,1471.2193603515625,5125826,0.0,0.0,1508.1986755371095,1535.8905029296875,1503.4296398493411,1517.2360714552087,36.61222238723136,-23.807323252598962,-5.191647544334398,-18.615675708264565
2021-11-26 00:00:00+05:30,1446.2000034247526,1452.65964969656,1431.7380033905051,1436.4622802734375,9312468,0.0,0.0,1500.8278747558593,1534.7595751953124,1497.0517960802074,1514.0684718010218,29.794053126788636,-26.08819216283382,-5.978013163655405,-20.110178999178416
2021-11-29 00:00:00+05:30,1441.1865385097428,1453.5756281737083,1409.5629184338572,1447.4051513671875,6495498,0.0,0.0,1496.3759826660157,1533.8812451171875,1492.323544202777,1511.4542239408715,33.96368035383832,-26.70496079827035,-5.275825439273543,-21.429135358996806
2021-11-30 00:00:00+05:30,1441.379391625546,1474.159926284589,1433.232511706227,1439.9814453125,12610771,0.0,0.0,1492.0711303710937,1532.60087890625,1487.338582403703,1508.6513698770138,32.5512558452257,-27.47605852215429,-4.837538530525986,-22.638519991628304
2021-12-01 00:00:00+05:30,1441.379438724014,1452.9972933169772,1435.6910281030111,1450.683349609375,4338817,0.0,0.0,1487.2191223144532,1531.1064721679688,1483.8476078518622,1506.3781141802438,36.64177544257386,-26.913364276191032,-3.419875427650183,-23.49348884854085
2021-12-02 00:00:00+05:30,1450.5387755157556,1473.967265427435,1446.2001749907834,1471.026611328125,5601555,0.0,0.0,1483.314385986328,1530.4489379882812,1482.6265605638873,1504.9917807350625,43.63902429459788,-24.54297765832871,-0.8395910478302859,-23.703386610498423
2021-12-03 00:00:00+05:30,1471.0746712925456,1480.8605303672332,1452.9971714865128,1459.2640380859375,4062347,0.0,0.0,1480.0411499023437,1529.7084838867188,1480.4015584231302,1503.1985359252928,40.831121511780935,-23.34447002367301,0.28713326946033035,-23.63160329313334
2021-12-06 00:00:00+05:30,1458.7338720347948,1464.3258929766596,1443.6451603950295,1449.8638916015625,3514766,0.0,0.0,1475.6953247070312,1529.1319360351563,1477.4932092020285,1501.106981245931,38.68868496700746,-22.889303704406302,0.5938396709816303,-23.483143375387932
2021-12-07 00:00:00+05:30,1459.6495829797911,1477.052236366281,1455.7449136751263,1470.9781494140625,6213767,0.0,0.0,1472.101513671875,1528.2777124023437,1476.8727273174604,1499.925458428995,45.59408242027857,-20.58751689139831,2.3165011871916974,-22.904018078590006
2021-12-08 00:00:00+05:30,1480.90881399794,1499.2756012483708,1478.9805473130468,1498.0704345703125,7647767,0.0,0.0,1471.2120971679688,1527.356962890625,1478.8915565796367,1499.852712395321,52.92112370656927,-16.388299154880315,5.212575138967754,-21.60087429384807
2021-12-09 00:00:00+05:30,1489.778860218572,1498.9381273809497,1467.411012751485,1472.0870361328125,5873872,0.0,0.0,1469.8430236816407,1525.46244140625,1478.2435070132724,1498.763862345811,46.45884209986133,-14.984302237752217,5.293257644876682,-20.2775598826289
2021-12-10 00:00:00+05:30,1470.2070962803075,1473.195886385739,1454.3470306840152,1467.94140625,3889692,0.0,0.0,1468.601708984375,1523.6787963867187,1477.2623545596275,1497.5551385773479,45.504098849484826,-14.044248891762209,4.986648792693355,-19.030897684455564
2021-12-13 00:00:00+05:30,1471.2675526104338,1482.4997301383037,1453.1417978081322,1456.9501953125,5161071,0.0,0.0,1466.5842651367188,1522.08412109375,1475.3278632027582,1495.9627878610795,42.98209637319944,-14.024483195282755,4.005131591338248,-18.029614786621003
2021-12-14 00:00:00+05:30,1448.6105096087365,1461.6263111925753,1443.3560293794967,1448.562255859375,4595550,0.0,0.0,1463.9425476074218,1520.3004760742188,1472.7787577414836,1494.1039434688557,41.109551817514,-14.518297455608945,2.8090538648096484,-17.327351320418593
2021-12-15 00:00:00+05:30,1449.092473388672,1468.712564177245,1442.006116568198,1446.2000732421875,5057574,0.0,0.0,1461.6286254882812,1518.70580078125,1470.2474544558363,1492.225360322712,40.5734718190982,-14.928174507029098,1.9193414507115953,-16.847515957740693
2021-12-16 00:00:00+05:30,1458.5409506412743,1462.5902635558389,1440.415196936337,1446.29638671875,6605216,0.0,0.0,1460.1486755371093,1517.05423828125,1467.9664003856376,1490.424224102949,40.607479490181944,-15.07149847788014,1.4208139838884435,-16.492312461768584
2021-12-17 00:00:00+05:30,1443.3076214036266,1451.9848215323057,1415.0584672412144,1420.2166748046875,7497384,0.0,0.0,1456.9501647949219,1514.6940405273438,1463.4188074731662,1487.670986875566,34.80013172132659,-17.092467229066187,-0.48012381383808034,-16.612343415228107
2021-12-20 00:00:00+05:30,1399.9217380024274,1405.7065385726853,1363.3810575285509,1374.516845703125,10578334,0.0,0.0,1452.6260314941405,1511.0447973632813,1454.9519539712574,1483.233569574686,27.40430050419834,-22.126631766113405,-4.411430680708236,-17.71520108540517
2021-12-21 00:00:00+05:30,1387.8699706110103,1398.7164709023432,1378.710703698329,1390.0875244140625,4559375,0.0,0.0,1449.0707885742188,1507.7918115234374,1448.7743892515246,1479.5807834899558,32.65580700544148,-24.57651699892608,-5.489052730816731,-19.08746426810935
2021-12-22 00:00:00+05:30,1400.2109194944228,1403.7781658335218,1384.2062116369034,1393.365478515625,4288742,0.0,0.0,1445.5589294433594,1504.7557543945313,1443.4973501338197,1476.1997911380213,33.74245371672962,-25.954379267256854,-5.493531999318002,-20.460847267938853
2021-12-23 00:00:00+05:30,1401.126775232972,1405.5136290032822,1385.3149649312224,1392.304931640625,4889583,0.0,0.0,1441.6132080078125,1501.09783203125,1438.6218817058966,1472.9097966479274,33.55381026035486,-26.822726615467445,-5.08950347802287,-21.733223137444575
2021-12-24 00:00:00+05:30,1393.654883122068,1399.9217504622918,1376.7825479753117,1387.2916259765625,2780512,0.0,0.0,1439.1546752929687,1497.4206298828126,1433.7332859221506,1469.552221327482,32.62527528215214,-27.597305455609103,-4.691265854531622,-22.90603960107748
2021-12-27 00:00:00+05:30,1377.650225709999,1401.8499502816755,1371.1423253218277,1398.7647705078125,2352549,0.0,0.0,1436.72265625,1493.7839208984376,1430.402951120785,1466.7762428639655,36.927002417214446,-26.974433410998245,-3.2547150479366067,-23.719718363061638
2021-12-28 00:00:00+05:30,1408.309498373393,1414.287195593536,1401.2713957280073,1408.406005859375,2725339,0.0,0.0,1435.1438842773437,1489.4144677734375,1428.3080039530319,1464.4872139618249,40.372315576108484,-25.409925901722545,-1.352166030928725,-24.05775987079382
2021-12-29 00:00:00+05:30,1403.8264863642146,1408.5988996249266,1395.4867089026286,1401.705322265625,3834351,0.0,0.0,1432.6949829101563,1485.240732421875,1425.774415220898,1462.0251789933466,38.786555238142,-24.429127816159507,-0.29709435629255054,-24.132033459866957
2021-12-30 00:00:00+05:30,1406.1885324818118,1414.2390226535283,1393.1727318726212,1409.0809326171875,3607959,0.0,0.0,1429.5976989746093,1480.8597094726563,1424.1845597348304,1459.948934037419,41.50988303786194,-22.793933871321087,1.070479670836697,-23.864413542157784
2021-12-31 00:00:00+05:30,1409.0809776929177,1431.5453332064494,1409.0809776929177,1426.3389892578125,3162868,0.0,0.0,1427.9514465332031,1477.1101953125,1424.389743498924,1458.6308969872384,47.406022212755,-19.87632801304926,3.19046842328682,-23.06679643633608
2022-01-03 00:00:00+05:30,1431.7381389613424,1468.3752091839224,1427.3995385402477,1465.1453857421875,4534592,0.0,0.0,1428.7155212402345,1474.0895654296876,1428.2712332363776,1458.8863671344914,57.72554021294891,-14.268276660800211,7.038815820428695,-21.307092481228906
2022-01-04 00:00:00+05:30,1465.4828084149012,1477.92015315631,1453.7204276873458,1473.7261962890625,4428676,0.0,0.0,1428.8529235839844,1471.15474609375,1432.600277336633,1459.4683212189843,59.61257223009381,-9.027393686942105,9.82375903542944,-18.851152722371545
2022-01-05 00:00:00+05:30,1481.680249952953,1515.6176984131132,1473.2922187930617,1508.72412109375,7166319,0.0,0.0,1429.3856079101563,1469.3778491210937,1439.8501672182633,1461.3999212140734,66.23308019450863,-2.0265552621842744,13.459677968149816,-15.48623323033409
2022-01-06 00:00:00+05:30,1487.6578476365887,1498.9864151736788,1475.172367087431,1484.5244140625,4814465,0.0,0.0,1430.0074768066406,1467.1989086914064,1444.104857393905,1462.3067640708746,59.02775062855457,1.5510657947447726,13.62983922006309,-12.078773425318317
2022-01-07 00:00:00+05:30,1488.6218912044978,1510.5559248993827,1480.8124346141817,1494.93701171875,5589692,0.0,0.0,1431.3572570800782,1465.4200830078125,1448.9460149486522,1463.5863816256933,60.99402318699222,5.167003862697811,13.796621830412905,-8.629617967715093
2022-01-10 00:00:00+05:30,1502.1198607295312,1515.617728540965,1490.068193040751,1503.2286376953125,4428248,0.0,0.0,1433.6711791992188,1464.7557958984376,1454.115788543572,1465.1409799029334,62.535848294441415,8.602560787427365,13.785743004113968,-5.183182216686602
2022-01-11 00:00:00+05:30,1505.5426153538422,1512.4360752734983,1492.2857805974725,1509.736572265625,4194599,0.0,0.0,1436.7298950195313,1464.4289575195312,1459.4130060409104,1466.8898266622548,63.74710125402702,11.715353035631551,13.518828201854523,-1.8034751662229715
2022-01-12 00:00:00+05:30,1511.761127540243,1520.1009047478028,1496.334993585751,1500.8182373046875,10542765,0.0,0.0,1439.4608032226563,1463.4908520507813,1463.3563613993654,1468.2203525698012,60.84400122893709,13.30920795645011,12.090146498138465,1.2190614583116448
2022-01-13 00:00:00+05:30,1499.2272777457513,1499.2272777457513,1465.868289187697,1473.1956787109375,20981948,0.0,0.0,1440.8057678222656,1461.9723388671875,1464.2934392385628,1468.4154633988655,52.82042061006941,12.202773856092108,8.78696991822437,3.4158039378677376
2022-01-14 00:00:00+05:30,1475.1240686722228,1493.153315768058,1464.5186015118345,1489.730712890625,5604484,0.0,0.0,1444.2814697265626,1461.2723779296875,1466.7160367292354,1469.2513555357973,56.51696699545663,12.515880648139046,7.280061368217046,5.235819279922
2022-01-17 00:00:00+05:30,1475.1240889053772,1500.1915570828542,1464.6632651466505,1466.928955078125,11494686,0.0,0.0,1448.9020751953126,1459.8753491210937,1466.7363146672249,1469.1602810080456,50.62627902538429,10.799617475689729,4.451038556614184,6.348578919075545
2022-01-18 00:00:00+05:30,1478.0163788545242,1495.274388812698,1468.3750456591265,1474.40087890625,6170576,0.0,0.0,1453.117742919922,1458.506279296875,1467.4662731661797,1469.3657946511123,52.37791699203416,9.927945181847008,2.8634930102171694,7.0644521716298385
2022-01-19 00:00:00+05:30,1478.9804790394708,1484.524245502624,1459.0711028986057,1463.9881591796875,7158813,0.0,0.0,1456.648876953125,1457.4688671875,1467.1350242150852,1469.1549069855662,49.73012150119257,8.30122776339158,0.9894204734093925,7.3118072899821875
2022-01-20 00:00:00+05:30,1473.6295434868912,1473.67779723029,1446.296387076674,1454.877197265625,7598923,0.0,0.0,1459.777490234375,1456.577041015625,1465.9676121246605,1468.5949968004704,47.46896454635787,6.205332792672152,-0.8851795978480288,7.090512390520181
2022-01-21 00:00:00+05:30,1446.2001322588856,1474.9313552965891,1432.3165874507868,1467.025390625,5768847,0.0,0.0,1463.764178466797,1456.0621948242188,1466.0683529342168,1468.5334436171186,50.688488438288246,5.461620444933942,-1.3031135564689915,6.764734001402934
2022-01-24 00:00:00+05:30,1455.7932176743925,1466.6879724512685,1414.914054617244,1433.3289794921875,5934254,0.0,0.0,1465.4923889160157,1454.78279296875,1462.9503173683092,1467.1528763965332,42.84464562672839,2.1286663448584022,-3.708854125235626,5.837520470094028
2022-01-25 00:00:00+05:30,1406.3331662690823,1441.379390794469,1392.2085888342565,1434.6787109375,6797124,0.0,0.0,1466.8060241699218,1453.4484350585938,1460.2577834225178,1465.8793797118653,43.223642363168125,-0.3992099013848929,-4.989384297183137,4.590174395798244
2022-01-27 00:00:00+05:30,1397.993381495499,1431.7380493247008,1383.5313809972697,1422.0484619140625,14308919,0.0,0.0,1467.8231811523438,1452.039833984375,1456.6188004217124,1464.1605201903828,40.51621597929488,-3.382731555993587,-6.378324761433465,2.995593205439878
2022-01-28 00:00:00+05:30,1424.506966079094,1433.3769454577225,1407.6346331475313,1410.76806640625,12462604,0.0,0.0,1467.907537841797,1450.7372875976562,1452.2520638488113,1462.066698473358,38.21395586162028,-6.581559484803165,-7.661722152194434,1.0801626673912694
2022-01-31 00:00:00+05:30,1419.9274832522024,1438.0532384839375,1414.1909365246831,1432.4129638671875,6421273,0.0,0.0,1468.2112365722655,1449.7018090820313,1450.3626257553233,1460.903806920175,44.70650765410043,-7.286101688726603,-6.693011484894298,-0.5930902038323052
2022-02-01 00:00:00+05:30,1454.3951506528683,1462.5902840837928,1420.602229840292,1443.3076171875,7369742,0.0,0.0,1467.1193481445312,1449.3479711914063,1449.6907201774352,1460.2137602639916,47.686280755542285,-6.885971792302826,-5.034305270776416,-1.8516665215264094
2022-02-02 00:00:00+05:30,1457.7213174886651,1479.9446374602485,1451.5990944812308,1476.2808837890625,6984645,0.0,0.0,1467.2470825195312,1449.6497412109375,1452.223116711876,1460.8438435394846,55.50221367071418,-3.863661041506475,-1.6095956159840528,-2.2540654255224224
2022-02-03 00:00:00+05:30,1473.918922707221,1484.7171696185042,1454.8772882192625,1460.99951171875,5282381,0.0,0.0,1464.8608520507812,1449.5976782226562,1453.0589638553877,1460.8499481739657,51.650740825711296,-2.6707502646795547,-0.33334787132570565,-2.337402393353849
2022-02-04 00:00:00+05:30,1473.5815661226904,1477.8719128331566,1459.794410920401,1469.33935546875,5789979,0.0,0.0,1464.1015991210938,1449.560078125,1454.6094773423745,1461.1828661070945,53.545376570135765,-1.040410977824422,1.0375931324235417,-2.0780041102479636
2022-02-07 00:00:00+05:30,1457.865920478781,1464.5184637008886,1407.6345997388396,1415.4923095703125,6134021,0.0,0.0,1460.1293640136719,1449.1406787109374,1450.8840327926544,1459.3910795762404,42.07975181955206,-4.046713933265437,-1.5749678584139786,-2.4717460748514584
2022-02-08 00:00:00+05:30,1423.4466457726053,1425.4230487252169,1392.739019000698,1409.41845703125,6990565,0.0,0.0,1455.4388549804687,1448.3809448242187,1446.934930339187,1457.4313688882016,41.012949874498496,-6.840486947815407,-3.4949926983711586,-3.3454942494442483
2022-02-09 00:00:00+05:30,1421.132584451734,1445.9107649328537,1414.38365087564,1443.8861083984375,5654171,0.0,0.0,1452.1463317871094,1448.4590380859374,1446.6445663448299,1456.9001822023286,48.925979734222835,-6.201829947612168,-2.285068558534336,-3.9167613890778323
2022-02-10 00:00:00+05:30,1459.697923395935,1480.4267908682025,1447.7908998049288,1470.3997802734375,7157265,0.0,0.0,1450.6254089355468,1448.8533666992187,1448.9069676713639,1457.4295782051172,54.03413863406704,-3.5157307813835814,0.3208244861554008,-3.8365552675389822
2022-02-11 00:00:00+05:30,1446.4411653393122,1470.303467517048,1445.7180652733202,1464.3740234375,5355552,0.0,0.0,1450.184326171875,1448.7203149414063,1450.380020601472,1457.7019093907008,52.74305016064841,-1.8518589795826301,1.5877570303650819,-3.439616009947712
2022-02-14 00:00:00+05:30,1436.5588057204152,1445.669819525506,1416.6012908654222,1420.8433837890625,7328310,0.0,0.0,1446.7399597167969,1447.9519018554688,1447.5670075717187,1456.2564770141662,44.47550157544104,-3.999681568592905,-0.448052446916154,-3.551629121676751
2022-02-15 00:00:00+05:30,1423.0608718898732,1470.2070178100032,1420.2167254896829,1463.3616943359375,6567533,0.0,0.0,1446.5615966796875,1448.2218579101564,1449.0712634540253,1456.5351129875692,52.334719035177415,-2.2450940768292185,1.0452280358780266,-3.290322112707245
2022-02-16 00:00:00+05:30,1479.3179886881892,1479.703665568336,1452.9489649854909,1461.3851318359375,5016132,0.0,0.0,1445.9108093261718,1448.0299975585938,1450.244012823731,1456.7253098051522,51.9664737921331,-1.0025066507823794,1.8302523695398927,-2.832759020322272
2022-02-17 00:00:00+05:30,1458.8301756359338,1467.410986149861,1448.1283187891531,1452.4669189453125,3675604,0.0,0.0,1445.3347473144531,1447.1179272460938,1450.4557181686434,1456.5583140851586,50.248477879129446,-0.728969306541785,1.6830317710243898,-2.412001077566175
2022-02-18 00:00:00+05:30,1444.5609317074382,1462.5901768568694,1436.992391351869,1458.10693359375,3898064,0.0,0.0,1445.4962341308594,1446.8383251953126,1451.1844053519867,1456.619044261966,51.34400298311289,-0.056436380477634884,1.884451757670832,-1.9408881381484668
2022-02-21 00:00:00+05:30,1450.0565344108606,1475.7988473531666,1441.909654814963,1467.50732421875,3734033,0.0,0.0,1445.520330810547,1446.8296435546874,1452.7389690535833,1457.0460356328203,53.193986943981045,1.221008741145397,2.529517503435091,-1.308508762289694
2022-02-22 00:00:00+05:30,1436.3660624486224,1467.5075023022405,1434.5823214105255,1456.516357421875,4768098,0.0,0.0,1446.6796997070312,1446.820966796875,1453.098720326754,1457.0252639382736,50.76368942286238,1.3311691490348494,2.1117423290596347,-0.7805731800247853
2022-02-23 00:00:00+05:30,1470.3998527402484,1470.9783092528264,1442.0061706475742,1447.06787109375,4514781,0.0,0.0,1447.2991577148437,1446.7910791015624,1452.5243537331344,1456.6347779443709,48.70367773181192,0.6485817370291898,1.1433239336431802,-0.4947421966139903
2022-02-24 00:00:00+05:30,1397.896910702495,1422.0483795199546,1356.6802116706551,1368.4908447265625,11815383,0.0,0.0,1444.6212768554688,1445.23689453125,1444.5211623991752,1453.1781531123002,35.721134351750116,-6.161853030865359,-4.533688667401095,-1.6281643634642642
2022-02-25 00:00:00+05:30,1388.3038556899469,1413.323188277337,1381.458532022107,1403.8746337890625,9159327,0.0,0.0,1444.2766052246093,1444.3884594726562,1440.6500644363073,1451.2446817662908,43.07918189981366,-8.604804755359737,-5.581312313516378,-3.023492441843359
2022-02-28 00:00:00+05:30,1374.854181501972,1386.9541023360546,1363.332834841806,1375.09521484375,12440416,0.0,0.0,1441.4107177734375,1443.4860302734376,1434.4067454274923,1448.2584281614854,39.15339945628894,-12.716531922548256,-7.754431584563918,-4.962100337984339
2022-03-02 00:00:00+05:30,1336.7708381595926,1348.2440481200008,1305.8221823579945,1324.960205078125,19252780,0.0,0.0,1435.4933471679688,1442.4948974609374,1423.9832653942194,1443.423203726844,33.43691813098401,-19.79242684199062,-11.864261203205023,-7.928165638785595
2022-03-03 00:00:00+05:30,1331.4682383909442,1342.0737058944203,1314.0174472190924,1321.826904296875,8763961,0.0,0.0,1427.7706481933594,1441.1296850585939,1414.2540881468533,1438.654721396257,33.111542967541226,-25.360614355818598,-13.9459589736264,-11.414655382192198
2022-03-04 00:00:00+05:30,1311.22129270719,1336.2887585971805,1288.9498369356477,1317.4881591796875,10609682,0.0,0.0,1420.5950805664063,1439.612138671875,1405.0382853880756,1433.903091505411,32.63792579322173,-29.780255302145633,-14.692479935962748,-15.087775366182886
2022-03-07 00:00:00+05:30,1271.209848239554,1284.563071874534,1250.5292345315945,1277.283935546875,13527229,0.0,0.0,1410.9923095703125,1437.31171875,1392.8712044508184,1427.7611638207627,28.561157299124314,-36.11073536126264,-16.818367996063802,-19.29236736519884
2022-03-08 00:00:00+05:30,1255.494362382551,1286.1538490391674,1245.6602495941563,1280.17626953125,19606246,0.0,0.0,1404.2265075683595,1435.1694116210938,1382.1383535060977,1421.9735209074486,29.24586743076694,-40.42826733633274,-16.90871997690712,-23.51954735942562
2022-03-09 00:00:00+05:30,1282.2973255816337,1325.3940382442838,1271.5472154415415,1321.971435546875,11567347,0.0,0.0,1399.8541564941406,1433.633544921875,1376.4081708433146,1418.0518705011516,38.42936791716926,-40.01614077041086,-13.197274728788187,-26.81886604162267
2022-03-10 00:00:00+05:30,1375.8183577558696,1375.8183577558696,1330.745121438359,1342.74853515625,11136603,0.0,0.0,1394.7972778320313,1432.3203955078125,1373.2024912540703,1415.0987985268418,42.429721017257414,-37.57979274256854,-8.608741360756696,-28.971051381811847
2022-03-11 00:00:00+05:30,1338.2171173544164,1358.4156643759886,1323.4658297188578,1346.7015380859375,7575390,0.0,0.0,1388.6123657226562,1431.2203198242187,1370.6785909523435,1412.4165530193554,43.18604287518388,-34.927374051234665,-4.765058135538251,-30.162315915696414
2022-03-14 00:00:00+05:30,1364.2486272326246,1397.9932929238907,1364.2486272326246,1390.810546875,12509063,0.0,0.0,1384.9341918945313,1430.854912109375,1372.5959200878347,1411.5692586607533,50.932253111170645,-28.93256811842707,0.9837982378154777,-29.91636635624255
2022-03-15 00:00:00+05:30,1391.7266275641623,1397.511428232943,1361.1153906918644,1372.926025390625,9433964,0.0,0.0,1382.5383239746093,1429.7866528320312,1372.6273586881005,1410.0538377481994,48.070404061489576,-25.33275244197921,3.6668911314106722,-28.999643573389882
2022-03-16 00:00:00+05:30,1395.1009399198954,1402.814006622977,1384.688252793912,1396.209716796875,6682054,0.0,0.0,1379.1807250976562,1428.407939453125,1374.873297555603,1409.510931044226,51.862639566105074,-20.366303210736532,6.906672290122682,-27.272975500859214
2022-03-17 00:00:00+05:30,1419.2043772273987,1436.3659989745022,1417.8064308619837,1426.9656982421875,7411977,0.0,0.0,1377.4597534179688,1427.4727294921875,1379.834478573373,1410.195431718656,56.39268107627868,-13.789647279387736,10.786662577177186,-24.576309856564922
2022-03-21 00:00:00+05:30,1433.666270769609,1440.0777809930355,1419.9756244739176,1433.1842041015625,6128938,0.0,0.0,1376.4956176757812,1425.9619311523438,1384.915404814153,1411.09695220426,57.26829225925305,-7.983786497903338,13.274018686929267,-21.257805184832606
2022-03-22 00:00:00+05:30,1428.1708459288266,1444.2718265579538,1404.9351369420326,1440.5599365234375,5230907,0.0,0.0,1375.6182678222656,1425.0826416015625,1390.214884024561,1412.2523633540318,58.336873532325455,-2.7556743363297755,14.801704678802263,-17.55737901513204
2022-03-23 00:00:00+05:30,1452.948913502012,1464.3257337568862,1420.746837069794,1426.1942138671875,15594128,0.0,0.0,1373.5526123046875,1423.7077856445312,1393.6414868667157,1412.7991025898418,55.42947171801788,0.2258450579804503,14.226579258489991,-14.000734200509541
2022-03-24 00:00:00+05:30,1413.4194723066284,1416.9385825257489,1383.0975259291245,1390.906982421875,10080022,0.0,0.0,1370.2721435546875,1421.4613525390625,1393.381057871969,1411.940588073451,48.97302423941039,-0.25571627325962254,10.996014341799935,-11.251730615059557
2022-03-25 00:00:00+05:30,1398.9575488104222,1399.9216822003675,1368.1052803321772,1379.5784912109375,8183231,0.0,0.0,1366.8976745605469,1418.8581909179688,1392.0665277137755,1410.6714862357053,47.07718067469321,-1.5337910735565856,7.774351633202379,-9.308142706758964
2022-03-28 00:00:00+05:30,1379.5784014601795,1386.4237245450436,1351.3292478957562,1381.4102783203125,7877443,0.0,0.0,1367.5436462402345,1416.4700317382812,1391.05164681916,1409.523987886082,47.43155181129828,-2.37152716109199,5.54929243653358,-7.92081959762557
2022-03-29 00:00:00+05:30,1389.316315464386,1407.8758845641012,1378.710847407406,1399.72900390625,6188724,0.0,0.0,1367.3363647460938,1415.0006982421876,1391.8780617798352,1409.1398708672652,50.967488271464326,-1.5395243093018962,5.105036230658939,-6.644560539960835
2022-03-30 00:00:00+05:30,1419.2042716304434,1429.5687050000272,1401.8981253134034,1423.9766845703125,10054871,0.0,0.0,1369.7804382324218,1413.6856176757813,1394.9350734741665,1409.7217066987573,55.25750624512014,1.064162129653596,6.166978135691545,-5.1028160060379495
2022-03-31 00:00:00+05:30,1418.240235640912,1431.448816183583,1413.323178824622,1417.613525390625,7147857,0.0,0.0,1374.413104248047,1412.6993090820313,1397.0949260376387,1410.0311897847128,53.92415195740797,2.584357756898271,6.149739010348977,-3.565381253450706
2022-04-01 00:00:00+05:30,1423.4465389092209,1455.8413967826611,1417.5653488579817,1451.98486328125,7284278,0.0,0.0,1380.9210021972656,1412.2509887695312,1402.3225391084588,1411.6764318826163,59.59556928155931,6.487815954625148,8.042557766460684,-1.5547418118355352
2022-04-04 00:00:00+05:30,1523.3307305224253,1660.3340593936562,1506.506650227341,1597.376220703125,48725485,0.0,0.0,1394.9154052734375,1414.91875,1420.8990802127128,1418.958776542244,74.11165219713149,21.070316662228834,18.100046779251493,2.9702698829773393
2022-04-05 00:00:00+05:30,1606.9210537397046,1606.9210537397046,1544.5416712714227,1550.5675048828125,15461291,0.0,0.0,1408.5795837402343,1416.8325561523438,1433.2484539908176,1424.119903143835,65.90255296296394,28.521206647907775,20.440749411944346,8.080457235963427
2022-04-06 00:00:00+05:30,1530.754612001174,1532.779386374055,1491.851851327333,1495.226318359375,13513930,0.0,0.0,1419.3320861816405,1417.3965747070313,1439.151107740204,1426.9083900150326,57.75700840528892,29.6190889750128,17.2309053912395,12.388183583773301
2022-04-07 00:00:00+05:30,1486.0187637333386,1486.0668997850944,1459.4085894008042,1462.3492431640625,20390866,0.0,0.0,1426.3509765625,1417.9769799804687,1441.3604539710477,1428.298227393426,53.524481334170254,27.519041050753685,12.104685973584306,15.414355077169379
2022-04-08 00:00:00+05:30,1457.866119735292,1471.0265644467006,1443.5970157453803,1460.32470703125,20628161,0.0,0.0,1432.22978515625,1418.4898999023437,1443.1665733101147,1429.55416777138,53.265624806917074,25.39859559464844,7.987392413983251,17.41120318066519
2022-04-11 00:00:00+05:30,1451.984849297036,1455.8413827613044,1439.6921488796806,1442.4881591796875,10399533,0.0,0.0,1437.0191162109375,1418.8986938476562,1443.1019624405503,1430.0613831207256,50.92872850653478,22.024976726696195,3.691018836824803,18.333957889871392
2022-04-12 00:00:00+05:30,1430.7739602731629,1452.8043848427294,1427.0620702353956,1439.9332275390625,13717701,0.0,0.0,1439.4752502441406,1419.4819970703124,1442.800178164218,1430.4485142743858,50.586371587014646,18.92701894455604,0.4744488437477159,18.452570100808323
2022-04-13 00:00:00+05:30,1436.5586919948305,1448.417579280739,1410.1896684016592,1412.4071044921875,14446260,0.0,0.0,1441.4493041992187,1419.0818798828125,1439.9055997192627,1429.7410080084173,46.926351168744006,14.088335436922534,-3.491387731108631,17.579723168031165
2022-04-18 00:00:00+05:30,1367.9606473816375,1380.3016019453555,1340.1936761513696,1345.39990234375,22810188,0.0,0.0,1438.9088134765625,1417.1237255859376,1430.905057112071,1426.4335136686266,39.4446666753578,4.791489378508913,-10.230587031617803,15.022076410126717
2022-04-19 00:00:00+05:30,1331.3718479958045,1339.7116255218752,1279.4050337134895,1294.059814453125,37048011,0.0,0.0,1432.2635192871094,1413.4793041992189,1417.8721768588382,1421.2423882091953,34.85886141707514,-6.642473825238312,-17.331640188292024,10.689166363053712
2022-04-20 00:00:00+05:30,1305.8704780093733,1311.1250758214253,1287.4555530231858,1305.7259521484375,24662868,0.0,0.0,1425.890606689453,1410.3738330078124,1407.191584029276,1416.7123318930871,36.66086084080054,-14.594377330254702,-20.226834954646733,5.63245762439203
2022-04-21 00:00:00+05:30,1316.042017377711,1330.3112379762856,1304.7617043055827,1325.056640625,26223135,0.0,0.0,1420.1154418945312,1407.4881787109375,1399.369208466964,1413.1179910590445,39.64040958008821,-19.116134245396324,-19.798873495830684,0.6827392504343588
2022-04-22 00:00:00+05:30,1311.2213361908855,1326.0207593513933,1300.760513039833,1306.9791259765625,10329574,0.0,0.0,1414.1546875,1405.3179150390624,1390.5701529916876,1408.9556826244373,37.84736901306345,-23.883054544081915,-19.65263503561302,-4.230419508468896
2022-04-25 00:00:00+05:30,1301.5800362953048,1321.489413722234,1274.8253355492348,1316.76513671875,10467744,0.0,0.0,1410.4475952148437,1403.4648486328124,1383.5411038228365,1405.340367098724,39.44420152627591,-26.56499916852931,-17.86766372804833,-8.69733544048098
2022-04-26 00:00:00+05:30,1322.790979653258,1332.384059579021,1308.4736226903217,1322.8392333984375,8508421,0.0,0.0,1407.6106323242188,1401.0439111328126,1377.759973306227,1402.1050285222423,40.46660240305367,-27.878959476271575,-15.345299228632474,-12.533660247639101
2022-04-27 00:00:00+05:30,1311.2214892835511,1329.5400247956009,1307.4613452979268,1323.3214111328125,9027167,0.0,0.0,1404.7061889648437,1398.10234375,1372.5753483373303,1399.0154748991274,40.55240686836599,-28.552242297244902,-12.81486563968464,-15.737376657560262
2022-04-28 00:00:00+05:30,1322.7910168852882,1329.539950644907,1313.246072743986,1322.164306640625,10386861,0.0,0.0,1400.8279541015625,1395.2581494140625,1367.774296747168,1396.0017035948724,40.40191905702539,-28.846666036161878,-10.487431502881293,-18.359234533280585
2022-04-29 00:00:00+05:30,1330.8415199492908,1354.3663985325113,1322.357216613944,1334.9390869140625,14200738,0.0,0.0,1396.37607421875,1393.5400634765624,1364.6471339059196,1393.607091176017,42.92035826331278,-27.72953217975555,-7.496238117179971,-20.23329406257558
2022-05-02 00:00:00+05:30,1313.197942026957,1356.0053707511624,1313.197942026957,1353.35400390625,9747158,0.0,0.0,1393.1630981445312,1391.3399096679686,1363.571597715475,1392.0285387340655,46.434242553430636,-25.06928256433639,-3.8687908014086467,-21.200491762927744
2022-05-04 00:00:00+05:30,1349.7867370425424,1353.2575936850965,1301.5800678624516,1307.3648681640625,14527958,0.0,0.0,1385.9320983886719,1388.2595043945312,1358.2185758534358,1388.7083947901438,39.83829587106349,-26.36800058793665,-4.1340070600071215,-22.233993527929528
2022-05-05 00:00:00+05:30,1325.683382196347,1325.683382196347,1298.2055811835503,1304.4241943359375,8931456,0.0,0.0,1371.2844970703125,1385.2986499023436,1353.095301423198,1385.4031320272336,39.45238384525542,-27.31960834100164,-4.06849185045769,-23.25111649054395
2022-05-06 00:00:00+05:30,1282.297440961131,1287.1181080324138,1265.907172918771,1270.3421630859375,13365634,0.0,0.0,1357.2732299804688,1381.5433544921875,1345.2140501529825,1380.8909371667908,35.19684470845976,-30.472629918576786,-5.777210742426266,-24.69541917615052
2022-05-09 00:00:00+05:30,1253.3733294698004,1278.9228627243772,1249.0347294831745,1272.5113525390625,16381217,0.0,0.0,1346.1374816894531,1377.6434350585937,1338.2899837135617,1376.6407573774682,35.672437356760675,-32.4226387774695,-6.181775681055186,-26.240863096414316
2022-05-10 00:00:00+05:30,1267.8835832143857,1304.4723960260997,1267.8835832143857,1292.9510498046875,10056906,0.0,0.0,1337.6675720214844,1374.37212890625,1333.9719900079547,1373.3588080608886,40.131074239212516,-31.950417574187895,-4.567643582218864,-27.38277399196903
2022-05-11 00:00:00+05:30,1304.4725573966275,1306.4008242959574,1280.995931435701,1300.2303466796875,8551462,0.0,0.0,1329.6628540039062,1371.4353784179686,1330.7585001671673,1370.4910252616257,41.68136102015384,-30.63565172319295,-2.602302184979134,-28.033349538213816
2022-05-12 00:00:00+05:30,1288.526017816126,1294.0855460969126,1261.1188947280953,1270.921142578125,11191145,15.5,0.0,1321.0845031738281,1369.483984375,1325.0597042063062,1366.5863239799198,37.47373757588887,-31.594496449481767,-2.848917529014358,-28.74557892046741
2022-05-13 00:00:00+05:30,1277.7486361043464,1285.5025683117808,1255.2669236853276,1259.5096435546875,8384119,0.0,0.0,1312.0633239746094,1366.5966845703124,1318.8168412871044,1362.387238473048,35.95199455172652,-32.89599584146981,-3.3203335368019182,-29.575662304667894
2022-05-16 00:00:00+05:30,1266.9709618375705,1279.6504248890624,1253.608806092106,1272.9205322265625,4902178,0.0,0.0,1305.0889953613282,1364.5531909179688,1314.4457642337193,1358.8787401888721,39.082784257099355,-32.47099147286099,-2.316263334554474,-30.154728138306513
2022-05-17 00:00:00+05:30,1280.2356917503284,1284.5272264175762,1266.1907233213678,1281.6011962890625,8320722,0.0,0.0,1301.8990600585937,1363.6860107421876,1311.3177101437518,1355.8482482712325,41.090104281385074,-31.075496427251892,-0.7366146311563,-30.338881796095592
2022-05-18 00:00:00+05:30,1291.403421006877,1300.425347069933,1277.699799200425,1281.503662109375,7866192,0.0,0.0,1301.2712524414062,1362.8795458984375,1308.4782769976207,1352.932774304101,41.07372747335408,-29.635803645997157,0.5624625200787499,-30.198266166075907
2022-05-19 00:00:00+05:30,1254.4865367536602,1264.4351101030582,1246.7814197359885,1255.315673828125,10268753,0.0,0.0,1298.7507385253907,1361.6360961914063,1303.4151719338593,1349.1046527168078,36.82933200408384,-30.259179550401768,-0.048730707460688194,-30.21044884294108
2022-05-20 00:00:00+05:30,1270.872395095489,1291.5496266547434,1260.4849645237891,1288.3797607421875,6959675,0.0,0.0,1296.91689453125,1361.8580126953125,1301.983228010843,1346.7232844040775,44.611654078457875,-27.765154541614947,1.9562354410609046,-29.721389982675852
2022-05-23 00:00:00+05:30,1281.601212203137,1297.1578916220533,1267.068571905634,1271.8477783203125,9743160,0.0,0.0,1295.1603271484375,1361.6914428710938,1299.1131851831735,1343.7869900478515,41.836409754022824,-26.81352494682801,2.3262920286782744,-29.139816975506285
2022-05-24 00:00:00+05:30,1267.9463680991792,1292.3299521010863,1264.9228274950365,1286.4290771484375,6435398,0.0,0.0,1293.6435241699219,1360.980595703125,1297.905174894151,1341.5376601302276,45.08150524823172,-24.599198435314293,3.6324948321535935,-28.231693267467886
2022-05-25 00:00:00+05:30,1297.2067414264625,1303.00998711918,1290.5743585829491,1296.036376953125,6443556,0.0,0.0,1292.3033813476563,1360.0463525390626,1297.7271941378629,1339.7532960840667,47.1728390777998,-21.81760020471961,5.131274450198621,-26.94887465491823
2022-05-26 00:00:00+05:30,1309.0571011752174,1337.1957330140767,1306.9600891603668,1333.001708984375,13496214,0.0,0.0,1292.7873962402343,1359.7723559570313,1301.0866717422928,1339.4885279625103,54.37246161749699,-16.440850315524585,8.40641947151492,-24.847269787039505
2022-05-27 00:00:00+05:30,1337.9761030954342,1360.3113713623588,1336.9519449170502,1357.726806640625,12015859,0.0,0.0,1294.5655212402344,1359.1106811523437,1306.4809703040387,1340.2037545773385,58.45131271495933,-10.06856440337151,11.822964306934395,-21.891528710305906
2022-05-30 00:00:00+05:30,1375.477993442145,1385.4752630275248,1363.9688940025926,1366.9925537109375,6312337,0.0,0.0,1296.168194580078,1358.99201171875,1312.2439782475528,1341.2542957198327,59.89809417129399,-4.222143316692836,14.135508314890458,-18.357651631583295
2022-05-31 00:00:00+05:30,1361.4818328520912,1370.1624126498975,1345.9738494700166,1354.703125,6742694,0.0,0.0,1296.2356506347655,1358.1618798828124,1316.2877065096907,1341.7817007896433,57.060083857954645,-0.5738516694070768,14.227039969740975,-14.800891639148052
2022-06-01 00:00:00+05:30,1345.9739375043048,1365.919663084435,1345.1449193983722,1360.457763671875,6045948,0.0,0.0,1298.8902954101563,1356.8317211914064,1320.4943786203748,1342.5140954124759,58.06210895859101,2.75009560265471,14.04078979344221,-11.2906941907875
2022-06-02 00:00:00+05:30,1353.045132240197,1353.776639790516,1344.6083880144222,1350.9481201171875,5737510,0.0,0.0,1301.2164916992188,1355.1869995117188,1323.3947349534046,1342.8448414793274,55.74700851423626,4.564383630788825,12.68406225726106,-8.119678626472234
2022-06-03 00:00:00+05:30,1363.822659868645,1366.2122034623642,1342.365106075197,1346.2664794921875,3478622,0.0,0.0,1305.0127075195312,1353.3011303710937,1325.5729963380506,1342.9790233621848,54.592938854994735,5.560354387808047,10.944026411424225,-5.383672023616179
2022-06-06 00:00:00+05:30,1342.365021231775,1352.801146838428,1327.1008748904678,1344.4619140625,3086633,0.0,0.0,1308.6102355957032,1351.666484375,1327.3719408832362,1343.0371759386676,54.12779208240183,6.133353557602277,9.213620464974765,-3.080266907372488
2022-06-07 00:00:00+05:30,1328.417747443453,1340.4145192185647,1320.7125105588148,1329.0029296875,5126983,0.0,0.0,1310.4128295898438,1350.4284033203126,1327.527273150309,1342.4868133405828,50.18317643065496,5.279193429291809,6.687568269331438,-1.4083748400396292
2022-06-08 00:00:00+05:30,1339.4391201040828,1346.9492165548197,1323.5409752823246,1333.6845703125,2993294,0.0,0.0,1312.0855407714844,1349.5105249023438,1328.113682403851,1342.1416273394816,51.33971683963751,4.923282114469657,5.065325563607429,-0.1420434491377719
2022-06-09 00:00:00+05:30,1328.6614618064425,1347.9733075174463,1323.6872345961733,1343.73046875,3655908,0.0,0.0,1315.726007080078,1348.7569287109375,1329.6009953891987,1342.2039348457765,53.81736092085917,5.38971065069768,4.425403279868362,0.9643073708293185
2022-06-10 00:00:00+05:30,1326.564589990442,1334.221012188456,1310.4714232176004,1317.7864990234375,4577715,0.0,0.0,1318.6398498535157,1347.1180786132813,1328.4758052591262,1341.2463883429398,47.14159784435589,3.6241204869263584,2.1278504928776316,1.4962699940487267
2022-06-13 00:00:00+05:30,1290.9644727923248,1297.206694230793,1276.0417905280578,1293.8905029296875,5446286,0.0,0.0,1319.6883483886718,1344.5163549804688,1325.181966942037,1339.389294797322,41.97671621845465,0.29328952507489703,-0.9623843751790637,1.2556739002539608
2022-06-14 00:00:00+05:30,1278.9190051613784,1293.305319995415,1272.8231090452614,1279.6505126953125,5935178,0.0,0.0,1319.5908142089843,1341.7570947265624,1320.8456379661586,1337.0465974599883,39.21916461296548,-3.455631840087335,-3.769044592273037,0.3134127521857015
2022-06-15 00:00:00+05:30,1269.5557263524674,1283.356858904197,1266.3858603875335,1275.212646484375,5905235,0.0,0.0,1319.2762634277344,1338.221650390625,1316.4996387774172,1334.6217366374153,38.37312337013889,-6.707458341413485,-5.616696874879349,-1.0907614665341359
2022-06-16 00:00:00+05:30,1277.699826893195,1287.9897471690804,1246.4888387553458,1249.70751953125,6084596,0.0,0.0,1318.9958557128907,1331.2682763671876,1310.1384845634966,1331.2917673391344,33.853201666758295,-11.213344407472277,-8.098066352750513,-3.1152780547217644
2022-06-17 00:00:00+05:30,1243.5627821411913,1266.971022746202,1240.2465909100545,1257.9490966796875,7361961,0.0,0.0,1317.4743225097657,1325.415908203125,1305.1680666698005,1328.415584176019,36.45775836371804,-13.958361872942078,-8.674467054576251,-5.283894818365827
2022-06-20 00:00:00+05:30,1272.5304792968775,1292.329997831236,1262.2406779202408,1289.55029296875,7968420,0.0,0.0,1318.3594482421875,1321.3023876953125,1303.6806596506528,1326.8914551090672,45.34439762942519,-13.42905378011801,-6.516127169401747,-6.912926610716264
2022-06-21 00:00:00+05:30,1303.936561207502,1320.61490884388,1291.4034228492533,1303.59521484375,6610342,0.0,0.0,1319.217755126953,1318.1273071289063,1303.6725220499955,1325.9778770594469,48.77342407844244,-11.740923429271561,-3.8623974548442366,-7.878525974427324
2022-06-22 00:00:00+05:30,1299.4012483289605,1303.9853146977498,1290.5743429097795,1297.4505615234375,4079849,0.0,0.0,1319.2884643554687,1314.86982421875,1303.0799543807993,1324.8591588031327,47.37309330089923,-10.774686257673011,-2.3169282265965485,-8.457758031076462
2022-06-23 00:00:00+05:30,1297.694365803527,1314.762874936606,1285.9902452551298,1302.229736328125,7686122,0.0,0.0,1317.7498657226563,1312.0646557617188,1302.9989812329256,1323.9717304707794,48.608969389166845,-9.513629671486342,-0.8446973123279022,-8.66893235915844
2022-06-24 00:00:00+05:30,1305.54593525783,1328.0763436330556,1305.54593525783,1320.419921875,4006716,0.0,0.0,1315.884521484375,1309.6743896484375,1304.658118436933,1323.8324438591803,53.12140074941718,-6.966136009948514,1.3622370793679401,-8.328373089316454
2022-06-27 00:00:00+05:30,1336.2204196068549,1342.0724798387096,1318.6642389112903,1322.8094482421875,4902082,0.0,0.0,1313.6753662109375,1307.8824365234375,1306.386816513624,1323.7923263840044,53.69657021751077,-4.700232764239217,2.9025122600617896,-7.602745024301007
2022-06-28 00:00:00+05:30,1310.861545385277,1317.688949267492,1305.3996460916,1312.7147216796875,4885287,0.0,0.0,1311.575946044922,1307.2287329101562,1306.9894741484873,1323.357910513247,50.85770129545021,-3.67666587000258,3.140863323438742,-6.817529193441322
2022-06-29 00:00:00+05:30,1298.4259303076087,1317.4451270332413,1298.4259303076087,1310.812744140625,4997023,0.0,0.0,1309.0936950683595,1307.5637915039063,1307.3535951001195,1322.8659432045167,50.31792104465674,-2.984551373417844,3.066382256018783,-6.050933629436627
2022-06-30 00:00:00+05:30,1303.058818330397,1320.6150000144892,1303.058818330397,1314.762939453125,6237911,0.0,0.0,1307.2844360351562,1307.74453125,1308.059246943263,1322.5481783515208,51.46996419090574,-2.093169148903371,3.1662115844266054,-5.2593807333299765
2022-07-01 00:00:00+05:30,1310.812681051943,1326.4669898430286,1297.2555033894237,1320.37109375,5736226,0.0,0.0,1305.9896667480468,1307.6508203125,1309.2318037819996,1322.4628024847946,53.131597548945884,-0.9235648507565202,3.4686527060587657,-4.392217556815286
2022-07-04 00:00:00+05:30,1320.3223740800383,1326.6621064735357,1309.154739257223,1322.224365234375,4243740,0.0,0.0,1304.8777893066406,1307.9557250976563,1310.4691905869877,1322.453452004386,53.695817687008656,0.1511560693456886,3.63469890092878,-3.483542831583091
2022-07-05 00:00:00+05:30,1330.368327635786,1345.3398242263388,1315.0554846852797,1319.2493896484375,7162859,0.0,0.0,1304.3901123046876,1308.00541015625,1311.3054000214115,1322.3278025002312,52.60112427355321,0.7541313181905025,3.390139319818875,-2.6360080016283725
2022-07-06 00:00:00+05:30,1314.7628421974705,1339.5365872201098,1313.8850093661056,1337.4395751953125,7524539,0.0,0.0,1304.577862548828,1308.2974169921874,1313.7943690855925,1322.9204210372934,58.21099076706396,2.6690226671137225,4.244024534993676,-1.5750018678799536
2022-07-07 00:00:00+05:30,1345.973925684212,1363.5301073235712,1340.560722054552,1361.3843994140625,8871571,0.0,0.0,1305.4605590820313,1309.0586767578125,1318.326752926399,1324.4288123461863,64.2150398112649,6.04900588195801,6.099206199870371,-0.0502003179123609
2022-07-08 00:00:00+05:30,1375.2341751795952,1375.2341751795952,1360.3601885331493,1362.6522216796875,6237015,0.0,0.0,1307.7038452148438,1309.8684350585938,1322.548226140998,1325.9277695749513,64.50582391463628,8.729343158287975,7.023634780960268,1.7057083773277064
2022-07-11 00:00:00+05:30,1359.6286800250816,1375.136663673904,1358.8971724856133,1371.4791259765625,3731416,0.0,0.0,1311.5832763671874,1310.5992358398437,1327.208311839623,1327.7140972769755,66.54416439960134,11.433983325439385,7.782619958489343,3.6513633669500423
2022-07-12 00:00:00+05:30,1370.6012304736184,1370.6012304736184,1355.1420623248457,1357.48291015625,4938487,0.0,0.0,1315.4748962402343,1310.6818139648437,1330.0916069173973,1328.8815017036136,60.60139163513488,12.30619435021481,6.923864786611814,5.382329563602996
2022-07-13 00:00:00+05:30,1355.727308842436,1359.823703446404,1320.8587827337187,1324.3699951171875,7972805,0.0,0.0,1317.932763671875,1311.0219165039061,1329.5466915078534,1328.7045798766949,49.3683108149687,10.207822935167997,3.8603946972520014,6.347428237915995
2022-07-14 00:00:00+05:30,1328.4176328777835,1338.8050632905731,1315.9820052572318,1317.7376708984375,5186205,0.0,0.0,1321.3342712402343,1311.2881860351563,1328.4220228783852,1328.2745050148026,47.47033111014494,7.918396983591265,1.2567749965402157,6.661621987051049
2022-07-15 00:00:00+05:30,1319.63952590063,1331.2461353433346,1313.5924448769342,1328.4664306640625,6797823,0.0,0.0,1324.8601379394531,1312.4506713867188,1328.4262521913067,1328.282031510852,50.76765973526654,6.890304530085359,0.18294603442744783,6.707358495657911
2022-07-18 00:00:00+05:30,1314.762953602322,1332.4166460069932,1308.95970777404,1314.3240966796875,10166110,0.0,0.0,1326.098828125,1313.2869262695312,1327.0831897616288,1327.7346615174731,46.614006352557986,4.878133605877565,-1.4633799118242772,6.341513517701842
2022-07-19 00:00:00+05:30,1304.0340539077984,1325.052750643214,1304.0340539077984,1314.8116455078125,7896269,0.0,0.0,1326.659649658203,1313.7241381835938,1325.9144712612654,1327.227876575918,46.77567840581464,3.284947932392697,-2.4452524682473165,5.730200400640014
2022-07-20 00:00:00+05:30,1326.3694141088872,1337.293211746356,1321.834043826554,1331.3924560546875,10173931,0.0,0.0,1328.3567443847655,1314.3473803710938,1326.4361840987342,1327.3911934182227,52.08954054155047,3.32197597619529,-1.9265795395557799,5.24855551575107
2022-07-21 00:00:00+05:30,1327.0034652789593,1335.7327407873358,1324.6138025940986,1327.198486328125,6320139,0.0,0.0,1329.6051818847657,1315.4729272460938,1326.5087843110573,1327.3836362774346,50.7104220214492,2.9785675881528277,-1.815990342078594,4.794557930231422
2022-07-22 00:00:00+05:30,1332.319049981766,1362.5546946006789,1328.8078376445671,1358.1656494140625,6364796,0.0,0.0,1331.4924682617188,1317.4460473632812,1329.5237238446769,1328.5907740474984,59.28261200561017,5.145886646107101,0.2810629727005427,4.864823673406558
2022-07-25 00:00:00+05:30,1360.603903243324,1369.9671751094654,1349.1924342596617,1362.1644287109375,5071563,0.0,0.0,1333.4602172851562,1319.2309252929688,1332.6323624033685,1329.9073879558687,60.24411104324827,7.104277001279343,1.7915626622982268,5.312714338981116
2022-07-26 00:00:00+05:30,1361.5794103839685,1367.4314708870515,1352.118626861508,1359.3848876953125,4263982,0.0,0.0,1335.7937255859374,1320.7865991210938,1335.1802219549822,1331.0633683378078,59.197695742880214,8.335938229854264,2.4185791126985183,5.917359117155746
2022-07-27 00:00:00+05:30,1354.6545156805214,1371.3328645453284,1350.119144912426,1369.7723388671875,4606389,0.0,0.0,1338.7417053222657,1322.55197265625,1338.4747092799544,1332.5813671820974,61.863629940454636,10.03454711233644,3.2937503961445556,6.740796716191885
2022-07-28 00:00:00+05:30,1380.1597365057842,1388.8890123793435,1376.2095480809369,1381.915283203125,8710203,0.0,0.0,1342.0993225097657,1325.08396484375,1342.6119067964469,1334.5160305554712,64.76213470707634,12.219680148346242,4.3831067457234845,7.836573402622758
2022-07-29 00:00:00+05:30,1402.5437547440345,1403.1289369492192,1380.4035080478538,1398.83740234375,10009868,0.0,0.0,1346.022637939453,1327.2931176757813,1347.9667158961902,1337.0384372922665,68.36999232950781,15.142335989505227,5.8446100695059755,9.297725919999252
2022-08-01 00:00:00+05:30,1403.5190691441387,1412.7360161018923,1394.7897938573872,1410.4927978515625,6596518,0.0,0.0,1350.4360595703124,1330.0660180664063,1353.921580844321,1339.9190004514546,70.60256779221716,18.189378971213273,7.113322440971217,11.076056530242056
2022-08-02 00:00:00+05:30,1406.4451479472557,1408.9810169123202,1387.9624385994605,1394.98486328125,7518255,0.0,0.0,1354.222833251953,1332.2371337890625,1357.832369647838,1342.0784460526231,64.11776391199012,19.132276794905692,6.444976211730909,12.687300583174784
2022-08-03 00:00:00+05:30,1389.8154535091105,1400.3492092719964,1382.061521531199,1398.252197265625,5487749,0.0,0.0,1357.2634643554688,1334.2814501953126,1361.6818770400082,1344.2813382570546,64.85028876613761,19.913624788918014,5.781059364594583,14.132565424323431
2022-08-04 00:00:00+05:30,1404.494496009207,1411.0292491650605,1378.1114094148445,1396.59423828125,6006103,0.0,0.0,1359.0239562988281,1335.55330078125,1365.0068638248883,1346.3328245325133,64.13480207467279,20.166597289303127,4.827225491983757,15.33937179731937
2022-08-05 00:00:00+05:30,1397.667014815754,1401.5195734082608,1386.109219977766,1391.86376953125,4634491,0.0,0.0,1360.4845336914063,1336.2360400390626,1367.5646643683513,1348.1183517873658,62.03189644756377,19.757617014228344,3.5345961735271807,16.223020840701164
2022-08-08 00:00:00+05:30,1392.7902451291689,1428.3902759045293,1391.9124123390538,1426.000732421875,7678868,0.0,0.0,1363.2106140136718,1337.4162036132811,1373.1300041829725,1351.1725627926407,69.7421615360763,21.93520937102312,4.569750824257564,17.365458546765556
2022-08-10 00:00:00+05:30,1425.3179750939942,1435.217733869578,1413.321323372547,1430.14599609375,8676551,0.0,0.0,1366.843768310547,1338.9250610351562,1378.5600986506656,1354.269560176998,70.52490172020114,23.722002657196754,5.085235288344958,18.636767368851796
2022-08-11 00:00:00+05:30,1449.8479492893432,1454.2369945445078,1438.1926434025952,1449.067626953125,9150883,0.0,0.0,1373.0786499023438,1340.6972583007812,1385.275101346138,1357.987131423121,73.85025830223047,26.360993560705538,6.17938095348299,20.181612607222547
2022-08-12 00:00:00+05:30,1448.3849246803622,1452.5789488541304,1439.558019434384,1448.53125,4425185,0.0,0.0,1379.6183288574218,1342.6489208984376,1391.2994964560296,1361.5378811712337,73.59678162230811,28.085380938296794,6.323014664859393,21.7623662734374
2022-08-16 00:00:00+05:30,1457.9433106213255,1471.3054671067584,1451.3597429030822,1465.112060546875,6281878,0.0,0.0,1386.4506103515625,1345.0258325195311,1398.3292644646815,1365.5996136957688,76.3043249119362,30.439021110367776,6.9413238695442985,23.497697240823477
2022-08-17 00:00:00+05:30,1463.0150970551538,1475.4507253801223,1449.1164536331298,1472.6710205078125,6192175,0.0,0.0,1394.3679565429688,1347.5900146484375,1405.4094317068846,1369.7984923942804,77.44011081640598,32.53915171374183,7.233163578334683,25.305988135407148
2022-08-18 00:00:00+05:30,1463.0150439532274,1476.5723405059543,1462.673697588399,1474.426513671875,4171069,0.0,0.0,1402.348699951172,1350.498486328125,1411.9824871321218,1373.9015520522253,77.70735652490137,33.95377598059804,6.918230276152709,27.03554570444533
2022-08-19 00:00:00+05:30,1472.7684725108998,1474.719159229457,1453.2616053253248,1456.2364501953125,4031851,0.0,0.0,1408.5908996582032,1352.9495239257812,1416.1971502809972,1377.1303715872484,68.63464827297479,33.22410302367325,4.950845855382337,28.273257168290915
2022-08-22 00:00:00+05:30,1448.189975434712,1451.6523731819702,1431.5115074993955,1434.09619140625,4117033,0.0,0.0,1413.9357849121093,1354.7568383789062,1417.9018208643547,1379.3643253056407,59.52489508587074,30.507625185089864,1.7874944134391555,28.72013077165071
2022-08-23 00:00:00+05:30,1417.4666543910732,1439.558087831379,1414.6381346320818,1429.658447265625,7483442,0.0,0.0,1417.5104248046875,1356.99427734375,1419.0214995692377,1381.3366438138753,57.86699491003722,27.677657258342606,-0.8339788106464852,28.51163606898909
2022-08-24 00:00:00+05:30,1425.8545829727896,1439.119229797937,1423.2210842776387,1436.5345458984375,6727760,0.0,0.0,1421.2289306640625,1359.847158203125,1420.689408743447,1383.5012674250345,59.73818376913371,25.693551710849533,-2.2544674865116505,27.948019197361184
2022-08-25 00:00:00+05:30,1443.4107778913908,1450.1406714265402,1421.0753893462618,1428.7318115234375,5911520,0.0,0.0,1424.6962768554688,1362.8287841796875,1421.455351865351,1385.2750142524228,56.662912107469616,23.223808705424972,-3.779368393548971,27.003177098973943
2022-08-26 00:00:00+05:30,1435.7542939772648,1445.2638920900615,1425.1717228802868,1428.9755859375,3853088,0.0,0.0,1427.6564392089845,1365.90404296875,1422.1715646341272,1386.9887621616415,56.73784381245265,21.04361247260522,-4.76765170109498,25.8112641737002
2022-08-29 00:00:00+05:30,1401.56845380575,1410.3465443306295,1393.375545503768,1403.9093017578125,4326589,0.0,0.0,1428.7561401367188,1368.9880786132812,1420.4323015030495,1387.6523127340404,47.62018231264424,17.096078652243023,-6.972148417165744,24.068227069408767
2022-08-30 00:00:00+05:30,1410.7853750971544,1453.2128118480814,1407.5179986077403,1449.457763671875,5067700,0.0,0.0,1431.287158203125,1372.818251953125,1423.1966312334139,1390.0760559080732,60.1513752240474,17.44194992969392,-5.301021711771881,22.7429716414658
2022-09-01 00:00:00+05:30,1428.6342416860305,1452.7251759834285,1423.0260171496286,1435.851806640625,11201568,0.0,0.0,1432.555108642578,1375.7442822265625,1424.4018860341007,1391.8711833877812,55.85290188248124,16.428787549936487,-5.051347273223453,21.48013482315994
2022-09-02 00:00:00+05:30,1435.8518695472687,1453.7493978658938,1429.0731612004363,1448.8726806640625,6019043,0.0,0.0,1435.2494995117188,1378.6498315429687,1426.7324379036208,1394.1065362221452,58.881240314803144,16.486478911825998,-3.9949247290671543,20.481403640893152
2022-09-05 00:00:00+05:30,1449.4578606454852,1462.0398148185948,1447.5071737678088,1458.187255859375,6065966,0.0,0.0,1438.2462524414063,1381.8645654296874,1429.728134851788,1396.6195056196837,60.94512350780111,17.086841630746676,-2.7156496081171824,19.80249123886386
2022-09-06 00:00:00+05:30,1461.9422627473084,1469.501174183527,1449.7991658425176,1452.627685546875,6119348,0.0,0.0,1441.0479248046875,1384.8725244140626,1431.9090444417961,1398.8159048325147,59.04029243972566,16.918990953909315,-2.3068002279636346,19.22579118187295
2022-09-07 00:00:00+05:30,1435.0228093844205,1453.261683560622,1435.0228093844205,1445.7515869140625,4888103,0.0,0.0,1443.7423156738282,1387.3791577148438,1433.2273818201072,1400.6565198161047,56.68069338934843,16.046154310990232,-2.5437094967061746,18.589863807696407
2022-09-08 00:00:00+05:30,1453.3591191248595,1463.0150422155762,1445.6051870253043,1460.6741943359375,5582345,0.0,0.0,1445.4759887695313,1390.1364526367188,1435.841363964472,1403.0101541110002,60.381333611623624,16.36985321060797,-1.77600847767075,18.14586168827872
2022-09-09 00:00:00+05:30,1459.3086882556795,1471.7931308934094,1457.2117952791236,1461.6495361328125,7564444,0.0,0.0,1447.0511657714844,1393.1151489257813,1438.2992851233616,1405.3097377196987,60.6181372808919,16.51471746948232,-1.304915375037119,17.81963284451944
2022-09-12 00:00:00+05:30,1463.0150381335368,1466.9164115685596,1453.26160454598,1456.72412109375,5540246,0.0,0.0,1447.4339904785156,1396.0333764648437,1440.0540314062557,1407.3259880480928,58.709737349894155,16.04710259831063,-1.4180241969670462,17.465126795277676
2022-09-13 00:00:00+05:30,1461.9422852310267,1478.5231234751536,1461.6009388439782,1475.7921142578125,6500983,0.0,0.0,1448.7970336914063,1399.2539599609374,1443.4576583444991,1410.010934173964,63.50046006135138,17.01895817844843,-0.35693489346339646,17.375893071911825
2022-09-14 00:00:00+05:30,1457.2118817724304,1500.9560102722046,1455.5537265249927,1490.958740234375,10109880,0.0,0.0,1450.0893676757812,1402.665712890625,1447.9815709054396,1413.185357941039,66.80004668707946,18.79630854644779,1.1363323796287723,17.659976166819018
2022-09-15 00:00:00+05:30,1492.275330654267,1502.9552927494683,1474.719150293629,1483.20458984375,6769686,0.0,0.0,1450.6160461425782,1405.8853173828124,1451.3361441376596,1415.931210172518,63.632791567861844,19.356051868603117,1.356860561427279,17.99919130717584
2022-09-16 00:00:00+05:30,1466.0386279461432,1477.3525874754068,1446.43424958916,1455.94384765625,10280023,0.0,0.0,1449.691912841797,1408.6192065429686,1451.7749730441922,1417.5003332110957,53.948387751962294,17.39936931837019,-0.47985759104452086,17.87922690941471
2022-09-19 00:00:00+05:30,1452.2862574871242,1476.6698413938925,1443.5081672806875,1465.5509033203125,6038019,0.0,0.0,1450.1576354980468,1411.1814331054688,1453.0869664038225,1419.38466929381,56.46309142839773,16.434447324086022,-1.1558236682629506,17.590270992348973
2022-09-20 00:00:00+05:30,1476.6698370003662,1486.4232705340542,1472.6709530636476,1483.20458984375,5390834,0.0,0.0,1452.613055419922,1413.6178369140625,1455.9553114933394,1421.8874112761607,60.708948900506655,16.899438449247782,-0.5526660344809535,17.452104483728736
2022-09-21 00:00:00+05:30,1470.8178174823086,1483.984953116268,1467.8917873414289,1480.91259765625,4536152,0.0,0.0,1455.175762939453,1415.9830444335937,1458.332195889807,1424.2021244675368,59.892289168061026,16.888324558570957,-0.45102394012622327,17.33934849869718
2022-09-22 00:00:00+05:30,1464.965723214849,1472.9147953919232,1446.190363579772,1449.3602294921875,6024072,0.0,0.0,1455.8170471191406,1417.5406665039063,1457.4777228995576,1425.1887168214448,49.933931877102765,14.170159525054942,-2.5353511789137926,16.705510703968734
2022-09-23 00:00:00+05:30,1436.0467457878876,1438.6314294562924,1401.56838246013,1410.4927978515625,7903126,0.0,0.0,1454.905096435547,1418.6008642578124,1453.002968133082,1424.6124062736062,40.910186767095226,8.778523889002145,-6.341589451973274,15.120113340975418
2022-09-26 00:00:00+05:30,1390.2056388162514,1401.0319263348306,1383.0368889093863,1391.4736328125,4461743,0.0,0.0,1453.0299987792969,1419.9429370117186,1447.1430314358838,1423.3128465300333,37.35299878968327,2.9370694258559524,-9.746435132095574,12.683504557951526
2022-09-27 00:00:00+05:30,1397.081925710507,1404.4945118219166,1372.308179259331,1378.9892578125,6319850,0.0,0.0,1451.7839965820312,1421.16796875,1440.6521958527044,1421.5746665803263,35.19000757443738,-2.668944121348204,-12.281958943439784,9.61301482209158
2022-09-28 00:00:00+05:30,1371.3326797382176,1375.819235105923,1351.728303221193,1355.288330078125,5908066,0.0,0.0,1447.0755249023437,1421.7044067382812,1432.5223038741728,1418.9752024037696,31.464899671035234,-8.921376957696566,-14.827513423830517,5.906136466133952
2022-09-29 00:00:00+05:30,1361.8719804414054,1367.626411013858,1344.803471650815,1348.265869140625,7205194,0.0,0.0,1442.6962280273438,1422.3832421875,1424.4978815185968,1416.2022873738424,30.436818464254202,-14.278534873408717,-16.147737071634136,1.8692021982254183
2022-09-30 00:00:00+05:30,1344.8035309502357,1396.1552658419178,1331.343744371956,1386.3043212890625,7890878,0.0,0.0,1439.5678100585938,1423.813095703125,1420.8603995919746,1415.0298181156159,41.572925532453446,-15.278613583297556,-13.71825262521838,-1.5603609580791769
2022-10-03 00:00:00+05:30,1375.1853586068569,1382.8905951635345,1366.5535934582467,1378.355224609375,5770556,0.0,0.0,1435.5762084960938,1424.7523510742187,1416.81228768887,1413.59159876243,40.12724307887246,-16.522151754002607,-11.969432636738745,-4.552719117263863
2022-10-04 00:00:00+05:30,1394.2533804571226,1422.0506671608848,1390.9860039022838,1417.1739501953125,5769263,0.0,0.0,1433.8035217285155,1426.5518603515625,1416.8467317371026,1413.7320831323473,49.38399031205957,-14.21149669281067,-7.727022060437445,-6.4844746323732245
2022-10-06 00:00:00+05:30,1423.95256510099,1426.537248951937,1398.8374722706376,1401.5684814453125,6274599,0.0,0.0,1431.5943664550782,1427.4199169921876,1415.3916602807417,1413.2550791446206,46.285873148646026,-13.48408072814118,-5.599684876614363,-7.884395851526817
2022-10-07 00:00:00+05:30,1394.9848758189707,1399.568942102385,1385.3289524993722,1395.5213623046875,6648997,0.0,0.0,1428.3367248535155,1428.0870556640625,1413.4992509496888,1412.5596392685447,45.10502785099948,-13.242894468143504,-4.28679889329335,-8.956095574850155
2022-10-10 00:00:00+05:30,1373.2834363957595,1390.8396166905918,1363.7250239443863,1380.11083984375,6554651,0.0,0.0,1424.2597900390624,1428.5015747070313,1410.3194022729328,1411.2871373303176,42.15359641996447,-14.132344124936253,-4.140998840068878,-9.991345284867375
2022-10-11 00:00:00+05:30,1366.55360299605,1382.0615867440872,1364.9442625868292,1366.11474609375,7260810,0.0,0.0,1419.7293212890625,1428.4284228515626,1406.1094350177725,1409.515671007315,39.61803114646679,-15.784651544076496,-4.634645007367297,-11.1500065367092
2022-10-12 00:00:00+05:30,1368.601822827505,1379.9645973456734,1362.8473919672294,1375.0391845703125,4612525,0.0,0.0,1414.6916748046874,1428.2909008789063,1403.1503635465858,1408.1636519313543,42.01315715160522,-16.18739130687868,-4.029907816135584,-12.157483490743097
2022-10-13 00:00:00+05:30,1367.480248477858,1371.5766430943777,1349.8752526525286,1359.238525390625,7357117,0.0,0.0,1408.1056640625,1427.4989233398437,1398.9682837222085,1406.2450195179922,39.05907834765312,-17.578907906805398,-4.337139532849839,-13.241768373955559
2022-10-14 00:00:00+05:30,1382.061489844836,1411.3217895592643,1380.3546390281608,1403.51904296875,6424960,0.0,0.0,1404.12138671875,1427.3594482421875,1399.4016893647363,1406.1381184768454,49.72728185432739,-14.93644904972598,-1.3557445406163353,-13.580704509109644
2022-10-17 00:00:00+05:30,1399.6177926366763,1421.6605298793472,1391.8150453606531,1410.883056640625,9205250,0.0,0.0,1401.8683471679688,1427.677412109375,1400.495152914821,1406.3241944832682,51.25553112506444,-12.10848789671104,1.1777732899188837,-13.286261186629924
2022-10-18 00:00:00+05:30,1422.0994591148192,1426.8298506833562,1404.4944635276624,1408.24951171875,5280554,0.0,0.0,1399.0032775878906,1427.8773583984375,1401.2336632770998,1406.3996971199538,50.662389601618194,-9.964943706245549,2.6570539843075007,-12.62199769055305
2022-10-19 00:00:00+05:30,1427.902755827327,1440.9723813662567,1417.564139467448,1422.6846923828125,6483520,0.0,0.0,1395.9772827148438,1428.3991674804688,1403.2766184300249,1407.038324385164,53.81713719070642,-7.020443746710498,4.481243155074042,-11.50168690178454
2022-10-20 00:00:00+05:30,1408.3958188728718,1417.0763986323122,1406.9328038255662,1413.0775146484375,3949039,0.0,0.0,1392.5855285644532,1428.8234423828126,1404.210037117493,1407.2751553758808,51.45880755213365,-5.39987882563787,4.881446460917337,-10.281325286555207
2022-10-21 00:00:00+05:30,1416.1985308286942,1421.7092445162573,1398.6423506944543,1403.12890625,5246303,0.0,0.0,1390.2739624023438,1428.366005859375,1404.1070722729698,1407.1125573709442,49.06122536783214,-4.8622895565742965,4.335228583984728,-9.197518140559025
2022-10-24 00:00:00+05:30,1418.441944789197,1426.9273846884455,1418.441944789197,1425.0255126953125,1083897,0.0,0.0,1391.0005981445313,1428.2635961914064,1406.0993046941455,1407.815026207194,54.127254449616885,-2.6389528395161506,5.246852240834299,-7.885805080350449
2022-10-25 00:00:00+05:30,1425.074187263618,1431.609059339287,1409.3711826736048,1415.125732421875,6886697,0.0,0.0,1392.183203125,1427.5847583007812,1406.9589644777388,1408.101720568554,51.627300392820885,-1.6566748882544289,4.983304153676817,-6.639979041931245
2022-10-27 00:00:00+05:30,1428.390372988419,1431.17007779566,1415.467073266946,1418.5394287109375,7968638,0.0,0.0,1394.160711669922,1426.984921875,1408.0618658332814,1408.5110424564905,52.44297088833688,-0.5958867622039179,4.835273823781862,-5.43116058598578
2022-10-28 00:00:00+05:30,1414.2478369695566,1430.8286736788548,1411.711968108463,1422.7332763671875,5237139,0.0,0.0,1397.532958984375,1426.1373461914063,1409.459143026987,1409.0687771196551,53.48078426942197,0.5765577280744765,4.806174651248205,-4.229616923173729
2022-10-31 00:00:00+05:30,1435.7054528982462,1461.0643807347642,1431.07257185119,1459.79638671875,6415264,0.0,0.0,1403.1094848632813,1425.879853515625,1414.2531662357264,1411.058095143149,61.48087417470881,4.44517053080358,6.939829963181847,-2.4946594323782674
2022-11-01 00:00:00+05:30,1466.4287566357204,1491.300012568019,1461.9422009463017,1475.9383544921875,9536878,0.0,0.0,1407.5911865234375,1425.9100903320314,1420.127946069675,1413.60241903919,64.3559470666656,8.713156104261316,8.966252429311666,-0.25309632505035085
2022-11-02 00:00:00+05:30,1479.595877196391,1490.5684899969574,1474.3289992400253,1476.8648681640625,6360203,0.0,0.0,1412.516668701172,1426.3226586914063,1425.5314624596167,1416.083299397028,64.5196439633822,12.031634141572795,9.827784373298517,2.2038497682742784
2022-11-03 00:00:00+05:30,1460.7716790607528,1482.7657190978027,1460.0889863439638,1470.37890625,5166176,0.0,0.0,1415.1769165039063,1427.0483129882812,1429.8026475825104,1418.2125388814584,62.36055477934726,13.977070010805164,9.418576194024709,4.558493816780456
2022-11-04 00:00:00+05:30,1466.136107520193,1478.7180608169615,1452.871461487979,1460.2353515625,5409030,0.0,0.0,1418.1102600097656,1427.6598510742188,1432.7010003425094,1419.8604923199305,59.0333718896244,14.532816599824173,7.979458226434973,6.5533583733892
2022-11-07 00:00:00+05:30,1472.7685089671677,1474.7191957340117,1455.3098385918202,1471.59814453125,4917917,0.0,0.0,1421.9140991210938,1428.361123046875,1436.4054902652465,1421.8894198576293,61.51071494250963,15.709048077618945,7.324551763383797,8.384496314235149
2022-11-09 00:00:00+05:30,1477.6940518420831,1480.522452426999,1466.9164597496538,1471.1591796875,4634895,0.0,0.0,1426.4665161132812,1429.2096704101561,1439.7153654483182,1423.8215673019379,61.356351382605304,16.416559326787365,6.425650410041772,9.990908916745592
2022-11-10 00:00:00+05:30,1460.1865174946267,1489.3493077118176,1458.1871350469462,1487.15478515625,6387091,0.0,0.0,1432.5185180664062,1430.3732543945312,1444.233405420502,1426.3052229040677,64.82081069675134,18.05979667533188,6.45511020686903,11.604686468462852
2022-11-11 00:00:00+05:30,1506.9054530345438,1596.637039881908,1500.0780496874618,1571.4244384765625,28361169,0.0,0.0,1442.3377807617187,1433.7235571289064,1456.3468371401268,1431.9961725343617,76.68155844766282,25.86378920273137,11.407282187414811,14.456507015316557
2022-11-14 00:00:00+05:30,1572.2535485836124,1587.859042862358,1558.59874108971,1575.2283935546875,9597695,0.0,0.0,1453.137274169922,1436.2389697265626,1467.6688901319897,1437.613122378296,77.0575813513238,31.986733733818028,14.024181374801174,17.962552359016854
2022-11-15 00:00:00+05:30,1583.1286314573,1583.1286314573,1565.6699611388144,1579.0809326171875,5515101,0.0,0.0,1461.9153686523437,1439.1035522460938,1478.2795608448657,1443.1608796425664,77.45411354011138,36.726716368757025,15.011331207792136,21.71538516096489
2022-11-16 00:00:00+05:30,1578.7396618301532,1601.5139070371304,1572.2536042289005,1592.6383056640625,6789075,0.0,0.0,1471.0031311035157,1441.9788647460937,1489.1708698752655,1449.0227394865467,78.84012111312568,41.103339743246124,15.510363665824986,25.592976077421138
2022-11-17 00:00:00+05:30,1578.2031383306062,1591.321578551774,1574.1067436576575,1578.251953125,6050465,0.0,0.0,1479.5032531738282,1444.3801586914062,1497.6547825657162,1454.090551786094,73.66501337885299,42.91627478004875,13.858638962102091,29.05763581794666
2022-11-18 00:00:00+05:30,1581.031726178874,1582.9824130711363,1565.6700669023055,1574.1068115234375,5229616,0.0,0.0,1487.0743591308594,1446.8097412109375,1504.9359281807374,1458.7970717757937,72.1945643714617,43.51692455542434,11.567430989982142,31.949493565442197
2022-11-21 00:00:00+05:30,1568.010806101425,1572.2535259853832,1550.990992712013,1557.9647216796875,4172408,0.0,0.0,1494.3187194824218,1449.05400390625,1509.9862894663518,1462.6859992230054,66.6177791429119,42.203911661924394,8.203534477185755,34.00037718473864
2022-11-22 00:00:00+05:30,1560.5493240595613,1564.7920437222551,1551.7712341117262,1555.672607421875,4273157,0.0,0.0,1501.9459045410156,1450.9539721679687,1514.337367366878,1466.332532877863,65.84004578055652,40.511394876799386,5.208814153648596,35.30258072315079
2022-11-23 00:00:00+05:30,1565.4260716809931,1565.4260716809931,1554.6972948657342,1559.7203369140625,5092869,0.0,0.0,1508.680645751953,1452.9153881835937,1518.6595549428002,1469.994799702812,66.58200639511875,39.046576444789935,2.9951965773113116,36.05137986747862
2022-11-24 00:00:00+05:30,1566.352681041411,1591.760424161561,1559.7204173770217,1585.079345703125,8598980,0.0,0.0,1517.1783264160156,1455.4824926757813,1524.9852493009264,1474.5079191538048,70.85329154382688,39.47689231804338,2.7404099604518066,36.736482357591576
2022-11-25 00:00:00+05:30,1589.5170988154343,1591.467785624589,1574.3017655161234,1577.7642822265625,4205248,0.0,0.0,1525.1395690917968,1457.5219360351562,1530.0118238652726,1478.557188293913,68.14747425990726,38.780617442057064,1.6353080675723888,37.145309374484675
2022-11-28 00:00:00+05:30,1563.3778966084585,1567.8156374631646,1554.746131678742,1560.793212890625,8052990,0.0,0.0,1532.0425659179687,1458.9186254882814,1532.94338472483,1481.7821304349604,62.211588690086444,36.439341082881356,-0.5647746332826529,37.00411571616401
2022-11-29 00:00:00+05:30,1557.8672103634744,1572.5948715577902,1553.5756756885853,1558.452392578125,6319118,0.0,0.0,1536.9753662109374,1460.4235815429688,1535.3728140441915,1484.7888073817512,61.41695388791621,34.003012502098045,-2.4008825712527724,36.40389507335082
2022-11-30 00:00:00+05:30,1557.720892048069,1573.1313651124867,1557.720892048069,1568.791015625,7592403,0.0,0.0,1541.6179992675782,1462.6805249023437,1538.5554999090305,1488.0830116265845,63.62677637813093,32.531442802920765,-3.097961816344039,35.629404619264804
2022-12-01 00:00:00+05:30,1582.0069619650162,1596.6371126613633,1575.1795583067208,1579.568603515625,10223183,0.0,0.0,1546.7531860351562,1464.96087890625,1542.461509776325,1491.670681896743,65.82424437292707,31.867525487969488,-3.0095033050362545,34.87702879300574
2022-12-02 00:00:00+05:30,1570.302884926151,1578.690814412419,1565.5724932153314,1567.474365234375,3905539,0.0,0.0,1551.607958984375,1466.6462744140624,1544.8436864866155,1494.6433753609638,61.345415115995976,30.01941712489679,-3.88608933448716,33.90550645938395
2022-12-05 00:00:00+05:30,1570.254023577328,1574.7893940965168,1556.8430521316182,1573.1800537109375,5796311,0.0,0.0,1557.255194091797,1468.4916235351564,1547.5423881270272,1497.7232451001785,62.637033429226456,28.684521993840463,-4.17678757243479,32.86130956627525
2022-12-06 00:00:00+05:30,1561.5246798112005,1573.9114925452916,1560.549336475903,1571.4244384765625,6176546,0.0,0.0,1562.2465087890625,1470.9329077148439,1549.816869112697,1500.613487977684,61.95109031214664,27.171725767121416,-4.551667039323071,31.723392806444487
2022-12-07 00:00:00+05:30,1574.350541162232,1578.6907715804855,1564.8896389368056,1570.74169921875,5837360,0.0,0.0,1567.225634765625,1474.1378857421876,1551.8097100751784,1503.3636139087062,61.668258131642375,25.62237373112407,-4.880815260256334,30.503188991380405
2022-12-08 00:00:00+05:30,1570.3028414079383,1585.908335484042,1565.426124509156,1579.568603515625,7401817,0.0,0.0,1571.8463256835937,1477.89978515625,1554.4534142123637,1506.3520448736833,63.959192294089966,24.820641581519567,-4.546037927888673,29.36667950940824
2022-12-09 00:00:00+05:30,1585.9083306278114,1594.540095700131,1580.0562703671922,1590.8338623046875,5981692,0.0,0.0,1572.816796875,1482.1366772460938,1557.918218792585,1509.665057321958,66.69497299825473,24.808300665925344,-3.64670307478632,28.455003740711664
2022-12-12 00:00:00+05:30,1584.9328938183223,1612.827688937432,1581.4216816810329,1603.2205810546875,7217404,0.0,0.0,1574.21640625,1487.095322265625,1562.232729484214,1513.3339013899083,69.44170143465143,25.504030496546193,-2.360778595332377,27.86480909187857
2022-12-13 00:00:00+05:30,1609.3164832908906,1616.1438865533366,1604.4397666748575,1607.658447265625,8515851,0.0,0.0,1575.645281982422,1492.283173828125,1566.558988320539,1517.032903188956,70.3840976116026,26.11249156589315,-1.4018540207883348,27.514345586681486
2022-12-14 00:00:00+05:30,1612.2426001413512,1624.4343923384274,1609.3165700140528,1621.2645263671875,7113820,0.0,0.0,1577.076593017578,1496.9823779296876,1571.769039563077,1521.1204178233966,73.12100923176551,27.37701305492601,-0.10986602540438284,27.486879080330393
2022-12-15 00:00:00+05:30,1616.1927269178514,1628.238193337964,1586.932426758647,1591.5653076171875,9091324,0.0,0.0,1577.7422607421875,1501.2465795898438,1573.6543984253733,1523.8829625211924,60.07133169337504,25.68657781921206,-1.4402410088946667,27.126818828106728
2022-12-16 00:00:00+05:30,1580.10509526299,1604.5373755710064,1569.3275032565855,1599.2218017578125,7323979,0.0,0.0,1578.9980102539062,1504.8875366210937,1576.089389218939,1526.8374268049815,61.956324447756906,24.68021267630411,-1.9572849214420955,26.637497597746204
2022-12-19 00:00:00+05:30,1603.464537377451,1606.0492211798437,1586.1033773655986,1604.196044921875,4802271,0.0,0.0,1581.3095764160157,1508.940087890625,1578.7662135715996,1529.8710981036834,63.17272385065925,24.007299695075744,-2.104158322136371,26.111458017212115
2022-12-20 00:00:00+05:30,1580.2513718971793,1596.052006841826,1580.2513718971793,1593.1259765625,3587349,0.0,0.0,1583.1822448730468,1512.8921801757813,1580.1338100469234,1532.3516815726566,58.67632710933749,22.323418832737843,-3.0304313475794196,25.353850180317263
2022-12-21 00:00:00+05:30,1600.538389551759,1604.2447417952603,1566.9378597718874,1577.71533203125,4634599,0.0,0.0,1584.0819946289062,1516.8442700195312,1579.9034788073354,1534.1306482573073,53.01887703720094,19.520401854535976,-4.666758660625032,24.187160515161008
2022-12-22 00:00:00+05:30,1582.2020083789016,1587.3713759986624,1569.3275231839311,1572.3023681640625,4873548,0.0,0.0,1583.4431457519531,1520.9680224609374,1579.1795635079761,1535.627578449729,51.153228356630066,16.67004782403751,-6.0136901528988,22.68373797693631
2022-12-23 00:00:00+05:30,1547.869893747294,1564.5970559826803,1546.3580639332467,1558.25732421875,5346576,0.0,0.0,1582.4677978515624,1524.6323852539062,1577.1869692899547,1536.515019460279,46.57377693092663,13.126490045826813,-7.645798344887599,20.77228839071441
2022-12-26 00:00:00+05:30,1560.061827122452,1598.587892875085,1550.7960644730842,1589.2733154296875,4953661,0.0,0.0,1583.8918029785157,1529.2330810546875,1578.3380498746913,1538.5839722433932,55.95188054355979,12.6748188341885,-6.477975645220731,19.15279447940923
2022-12-27 00:00:00+05:30,1592.735744599356,1595.612959955307,1573.7165486289412,1590.882568359375,3963386,0.0,0.0,1585.5133117675782,1532.9803515625,1579.5327659208517,1540.6348975812748,56.379711703481576,12.304876450980373,-5.478334422743089,17.783210873723462
2022-12-28 00:00:00+05:30,1583.0798737740763,1592.7357973989392,1583.0798737740763,1589.61474609375,4345935,0.0,0.0,1586.5544982910155,1536.5549853515624,1580.4929545087468,1542.555675954313,55.91890114829553,11.773672221283277,-4.80763092195215,16.581303143235427
2022-12-29 00:00:00+05:30,1580.1538251548109,1602.9768846226218,1571.2782239896828,1600.8311767578125,5506448,0.0,0.0,1587.617626953125,1540.4066186523437,1582.429928056277,1544.8409897113131,59.103581365680085,12.118071670120571,-3.5705851784918856,15.688656848612457
2022-12-30 00:00:00+05:30,1604.4398834740798,1604.4398834740798,1580.0562986188506,1588.00537109375,3561320,0.0,0.0,1588.6441772460937,1543.7130322265625,1582.9609226312743,1546.53371054984,54.274914657430124,11.226661422702136,-3.569596340728257,14.796257763430393
2023-01-02 00:00:00+05:30,1586.8835899480675,1599.3192173431737,1578.6419864751044,1588.5416259765625,2190689,0.0,0.0,1589.412255859375,1547.222314453125,1583.4924181879683,1548.1810797822604,54.44250329581927,10.443102086485169,-3.482524541556181,13.92562662804135
2023-01-03 00:00:00+05:30,1582.202035884906,1602.489226485911,1582.202035884906,1598.92919921875,4189015,0.0,0.0,1590.7874938964844,1551.1383203125,1584.9625878099475,1550.1712021131032,57.67829616878311,10.538830932569681,-2.7094365563773355,13.248267488947016
2023-01-04 00:00:00+05:30,1594.6863307487074,1605.171271455465,1567.37671774506,1570.3515625,5175800,0.0,0.0,1590.7679870605468,1554.0448413085937,1583.5710615899527,1550.9625887949421,47.65088681391241,8.21403401182306,-4.027386781699166,12.241420793522225
2023-01-05 00:00:00+05:30,1575.179638027212,1578.1544831102158,1550.2108700538604,1560.2568359375,5470718,0.0,0.0,1589.8023986816406,1556.9474633789061,1581.350659146862,1551.3270690750426,44.69499747601934,5.4937273650919,-5.398154742744261,10.89188210783616
2023-01-06 00:00:00+05:30,1562.5001103639945,1569.425024619056,1539.2868900639858,1555.0875244140625,4546231,0.0,0.0,1588.0150817871095,1559.6784252929688,1578.8494082199286,1551.474537911867,43.21660198659042,2.8874596728765027,-6.4035379479677275,9.29099762084423
2023-01-09 00:00:00+05:30,1556.6479469263495,1571.814583256491,1550.795886975499,1558.1109619140625,5364670,0.0,0.0,1585.7596008300782,1562.3859790039062,1576.8743180955605,1551.7347898335217,44.375514604579664,1.053792424868334,-6.589764156780717,7.643556581649051
2023-01-10 00:00:00+05:30,1560.54944170522,1560.54944170522,1526.4124226679185,1529.631103515625,8185883,0.0,0.0,1581.8582336425782,1563.7826733398438,1572.3749643260428,1550.867978605369,36.76396370583437,-2.6667480254391194,-8.248243685670538,5.581495660231417
2023-01-11 00:00:00+05:30,1529.2896258137516,1558.5987424049424,1521.535693461646,1551.673828125,7597899,0.0,0.0,1578.3786987304688,1565.2973828125,1570.4034275449912,1550.8995805473153,44.67388338949572,-3.7929170928757685,-7.499530202485749,3.7066131096099806
2023-01-12 00:00:00+05:30,1548.6502739473071,1564.3532786298608,1545.0902467808362,1559.9642333984375,4625035,0.0,0.0,1576.7986450195312,1566.9593701171875,1569.4092185786528,1551.2550571297122,47.34177873108319,-3.970676288081677,-6.141831518153326,2.1711552300716495
2023-01-13 00:00:00+05:30,1559.330295366453,1570.2053983299702,1546.8946667403875,1561.1834716796875,4622273,0.0,0.0,1574.896728515625,1568.7754614257813,1568.6258141120848,1551.6444067199075,47.74089376839305,-3.96743526715386,-4.910872397780407,0.9434371306265477
2023-01-16 00:00:00+05:30,1575.179564939048,1581.3242758815747,1541.335197143184,1546.2119140625,7374047,0.0,0.0,1571.9975219726562,1570.4949926757813,1566.4911569645053,1551.431367792166,43.39176468571191,-5.113995356776286,-4.845945989922267,-0.26804936685401914
2023-01-17 00:00:00+05:30,1550.6009458109938,1571.278177744964,1538.6041746695723,1569.22998046875,5393177,0.0,0.0,1570.8027221679688,1572.4476293945313,1566.751997298243,1552.1293526030124,50.81110593548108,-4.117819242371979,-3.079815900414368,-1.0380033419576113
2023-01-18 00:00:00+05:30,1565.4260502050213,1601.1235923976033,1560.2566829134912,1596.9296875,9545321,0.0,0.0,1571.7634399414062,1574.9630395507813,1569.6260630317438,1553.8862284813258,57.952976967411615,-1.0807494266864524,-0.03419686778307285,-1.0465525589033795
2023-01-19 00:00:00+05:30,1596.6370975998975,1609.3165614171237,1592.7357241176744,1603.56201171875,5586081,0.0,0.0,1573.3264221191407,1577.2911840820314,1572.858058144792,1555.8342984122053,59.4703523346832,1.840111756063834,2.3093314519737707,-0.46921969590993684
2023-01-20 00:00:00+05:30,1603.56194862579,1627.8480214091762,1602.8792559174497,1619.9964599609375,9421702,0.0,0.0,1576.41337890625,1578.2626245117187,1577.3474297463297,1558.3504616101948,63.03055537068274,5.41857594128669,4.710236509757301,0.7083394315293887
2023-01-23 00:00:00+05:30,1625.1658457387566,1641.1126855892762,1620.4354543359466,1631.846923828125,7722200,0.0,0.0,1578.542059326172,1579.3949951171876,1582.5378577541198,1561.2326758148195,65.3913158749426,9.105801968216838,6.717970029349959,2.3878319388668787
2023-01-24 00:00:00+05:30,1633.7489776352415,1660.42459528806,1633.700162842013,1653.6947021484375,12491970,0.0,0.0,1581.682666015625,1580.8872705078124,1589.3147000773881,1564.8586376318242,69.28544099876972,13.63372716052936,8.996716177329986,4.637010983199375
2023-01-25 00:00:00+05:30,1649.6958071830325,1651.2075179769884,1604.7325014377184,1607.9998779296875,7352071,0.0,0.0,1582.6019226074218,1581.194501953125,1591.094240825226,1566.5504509768384,55.276385247700254,13.38070562525536,6.994955713644787,6.3857499116105725
2023-01-27 00:00:00+05:30,1591.7603535762944,1596.6370703458297,1550.7471179203162,1575.9598388671875,17589974,0.0,0.0,1581.3583557128907,1581.1486596679688,1589.6528692101747,1566.9194465803814,47.95473348251139,10.474082153883955,3.270665793818706,7.203416360065249
2023-01-30 00:00:00+05:30,1555.6727358609926,1585.225688749501,1542.9932715561697,1574.3505859375,9256411,0.0,0.0,1580.6756164550782,1581.15353515625,1588.1955088984914,1567.2108638100724,47.61360619218144,7.949076839712916,0.5965283837181321,7.352548455994784
2023-01-31 00:00:00+05:30,1579.763526845785,1582.689556804055,1555.6725944802142,1563.9630126953125,9298122,0.0,0.0,1579.4466857910156,1581.2735009765624,1585.8876521172365,1567.0834970996896,45.37009054520127,5.051570231345295,-1.8407825797195914,6.892352811064886
2023-02-01 00:00:00+05:30,1583.9576493918423,1623.9467279787052,1566.4014685488291,1587.420166015625,8651395,0.0,0.0,1578.8712341308594,1581.9084521484374,1586.033605821845,1567.8810135277654,50.98651012190316,4.595102125197627,-1.8378005486938083,6.432902673891435
2023-02-02 00:00:00+05:30,1568.449653480239,1584.445308601079,1549.576783034758,1563.8167724609375,8748553,0.0,0.0,1578.5444946289062,1581.990380859375,1583.9177169303298,1567.7216315251449,45.87563809768356,2.302212788381212,-3.30455190840818,5.606764696789392
2023-02-03 00:00:00+05:30,1571.2780781211711,1619.557572141654,1567.3767048669906,1617.8995361328125,7205550,0.0,0.0,1581.4266296386718,1582.6467846679689,1587.1540806638995,1569.6893924901515,56.60845945619112,4.793848013550587,-0.6503333465910437,5.444181360141631
2023-02-06 00:00:00+05:30,1619.070020432874,1628.238272071516,1605.6102340846048,1611.0234375,5583836,0.0,0.0,1584.2234252929688,1583.3119677734376,1589.427352743528,1571.3103354317143,55.11209985368227,6.142832438475352,0.5589208626669766,5.583911575808376
2023-02-07 00:00:00+05:30,1618.4848208552503,1623.849209419633,1592.345570771886,1613.4129638671875,5132294,0.0,0.0,1586.988525390625,1584.3643627929687,1591.711696660067,1572.961418899772,55.55180663644935,7.320342767198099,1.3891449531117788,5.93119781408632
2023-02-08 00:00:00+05:30,1613.4617313444976,1627.0677234073323,1609.3165221208528,1613.2178955078125,4222413,0.0,0.0,1591.1678649902344,1585.4596728515626,1593.7599060741381,1574.5401042569501,55.5040077360396,8.143909876222324,1.7701696497088024,6.3737402265135215
2023-02-09 00:00:00+05:30,1619.0699744536512,1620.6793148066174,1595.222876972181,1609.85302734375,5888668,0.0,0.0,1594.0768249511718,1586.2809130859375,1595.2925842902916,1575.9249247701582,54.63078889896447,8.427924140846244,1.643347131466177,6.784577009380067
2023-02-10 00:00:00+05:30,1608.146176641261,1617.6069595917131,1601.7088152286983,1616.241455078125,4086058,0.0,0.0,1596.8906860351562,1587.0143701171876,1597.287714841514,1577.5059651743923,56.04469531154449,9.06401588663175,1.8235511018013462,7.2404647848304045
2023-02-13 00:00:00+05:30,1614.193316802112,1620.7768847105192,1604.0010259606925,1617.460693359375,2868472,0.0,0.0,1599.7045471191407,1588.0140966796876,1599.208950890834,1579.072817260078,56.32444982880772,9.556345910618575,1.8527049006305356,7.703641009988039
2023-02-14 00:00:00+05:30,1623.9466893249555,1636.1384812868548,1617.0704710342573,1632.43212890625,5454296,0.0,0.0,1604.015557861328,1589.1991381835937,1602.3730630827786,1581.165339285418,59.71498951677451,11.02747288573687,2.6590655005990644,8.368407385137806
2023-02-15 00:00:00+05:30,1636.6261852396292,1636.6261852396292,1615.9001384956828,1629.1160888671875,5719356,0.0,0.0,1607.00986328125,1590.3529711914061,1604.9200179193888,1583.0457608376444,58.6293478195359,11.789868627961141,2.737168994258667,9.052699633702474
2023-02-16 00:00:00+05:30,1631.944485532874,1640.4300443218135,1620.0453439958644,1623.2152099609375,4031250,0.0,0.0,1608.3241394042968,1591.40244140625,1606.6624171614412,1584.6210333522833,56.65544208953912,11.782104369342505,2.1835237885120247,9.59858058083048
2023-02-17 00:00:00+05:30,1620.045394542022,1627.0191236948606,1602.4403984702203,1615.0711669921875,4478135,0.0,0.0,1608.8995971679688,1592.1124926757811,1607.463250478655,1585.8151562401229,53.955496127193115,10.992085019705883,1.1148035511003211,9.877281468605561
2023-02-20 00:00:00+05:30,1619.070062860984,1628.2870104741653,1594.4914565188508,1599.904541015625,4043353,0.0,0.0,1607.895001220703,1592.29390625,1606.743373386938,1586.36768113328,49.248537497715446,9.037984767362104,-0.6714373609947657,9.70942212835687
2023-02-21 00:00:00+05:30,1599.5631002315515,1621.3620003768822,1593.7110401087534,1605.90283203125,6194648,0.0,0.0,1606.5977966308594,1592.3475512695313,1606.6633218292534,1587.13376548222,51.066698943401796,7.882493713155554,-1.4615427321610532,9.344036445316608
2023-02-22 00:00:00+05:30,1598.5877323491482,1601.4649475745225,1569.376246975252,1574.399169921875,5179551,0.0,0.0,1602.6330200195312,1591.6823657226562,1603.5905454571223,1586.6343695778928,42.46254627920297,4.374252819075991,-3.9758269009924927,8.350079720068484
2023-02-23 00:00:00+05:30,1573.2288360191212,1578.9345708497503,1552.8441360304623,1563.71923828125,13941005,0.0,0.0,1600.4189880371093,1590.5314599609376,1599.7932781070392,1585.7357369780245,40.00193271951764,0.7238216421935704,-6.101006462299931,6.824828104493501
2023-02-24 00:00:00+05:30,1578.0081135028747,1578.0081135028747,1546.1143128293763,1549.7718505859375,8530870,0.0,0.0,1599.1095886230469,1589.6955908203124,1595.0293326288393,1584.3253884920605,36.987526657259565,-3.257063587664561,-8.06551335372645,4.808449766061889
2023-02-27 00:00:00+05:30,1546.797107980068,1559.5740825932212,1538.409178627496,1553.62451171875,7156486,0.0,0.0,1598.0732849121093,1588.7836450195311,1591.0860163516877,1583.121432540166,38.36909367167967,-6.031538437070367,-8.671990562505805,2.640452125435438
2023-02-28 00:00:00+05:30,1552.7467156209632,1565.718830655806,1549.5280347294683,1560.1593017578125,9496996,0.0,0.0,1597.8830993652343,1587.90291015625,1588.1406149617949,1582.220956823211,40.74235376228675,-7.615243020388334,-8.204556116659017,0.5893130962706834
2023-03-01 00:00:00+05:30,1572.2535759446823,1573.228919354077,1556.4042455420142,1558.6475830078125,7068628,0.0,0.0,1596.4444702148437,1587.2133422851562,1585.3317547757013,1581.2965107912348,40.355211614263446,-8.889846762072011,-7.583327886674155,-1.3065188753978556
2023-03-02 00:00:00+05:30,1554.697389654428,1566.3526957356148,1542.993268778736,1545.3828125,8695907,0.0,0.0,1595.522772216797,1586.5666918945312,1581.5270936065867,1579.8881304660886,37.03019539564573,-10.845317463306628,-7.631038870327018,-3.2142785929796105
2023-03-03 00:00:00+05:30,1556.6480162006997,1580.0562570458228,1548.8452692523251,1576.057373046875,7493117,0.0,0.0,1593.4306640625,1586.6417919921876,1581.0061678389952,1579.737904684943,47.751164548175936,-9.806814550696572,-5.2740287661735685,-4.5327857845230035
2023-03-06 00:00:00+05:30,1580.0563370265734,1599.0267188808812,1578.1544649858242,1587.1763916015625,13502355,0.0,0.0,1592.2383117675781,1587.2201733398438,1581.593808197335,1580.0296100542223,51.007323909049646,-7.994426862087266,-2.76931286205141,-5.225114000035856
2023-03-08 00:00:00+05:30,1580.0562711520283,1599.075467008488,1580.0562711520283,1590.34619140625,10049887,0.0,0.0,1591.0849731445312,1587.241630859375,1582.4273685029461,1580.4341818719488,51.92709439935531,-6.230498895286473,-0.8043079162004929,-5.42619097908598
2023-03-09 00:00:00+05:30,1589.7609240920576,1605.3664184614922,1586.8837086918825,1590.492431640625,10350083,0.0,0.0,1589.9486999511719,1587.233828125,1583.1954697541537,1580.828623039348,51.97189290251585,-4.765835325446233,0.5282845229117985,-5.294119848358031
2023-03-10 00:00:00+05:30,1570.74166179507,1573.9603424976417,1545.919220981417,1549.479248046875,13693500,0.0,0.0,1586.9300109863282,1586.4311181640626,1579.9844010201273,1579.5992357847413,40.55703274373637,-6.835702327204444,-1.2332659830771302,-5.602436344127314
2023-03-13 00:00:00+05:30,1548.7477481703247,1564.2557314366009,1526.3635465784785,1529.8748779296875,13221775,0.0,0.0,1582.6116821289063,1585.0119921875,1575.2120654877044,1577.6492609668962,36.43735710062667,-9.94337463334682,-3.4727506313756056,-6.470624001971215
2023-03-14 00:00:00+05:30,1531.5329923243223,1544.5538030592927,1520.8530295896833,1525.7784423828125,16592806,0.0,0.0,1578.027569580078,1583.7674536132813,1570.5041013824766,1575.615111218501,35.62309097732685,-12.591627000777862,-4.896802399045317,-7.694824601732545
2023-03-15 00:00:00+05:30,1539.091829665247,1543.8710359648944,1498.7125905501484,1503.8819580078125,18632377,0.0,0.0,1571.6000610351562,1582.0742602539062,1564.1591353467943,1572.8020463867092,31.562876107581705,-16.26970237268779,-6.859902216764194,-9.409800155923595
2023-03-16 00:00:00+05:30,1501.053422888793,1520.657800506241,1494.2748341977904,1513.6353759765625,10876671,0.0,0.0,1565.826025390625,1580.3683837890626,1559.3473487401056,1570.4817848019975,35.11066576358507,-18.187925206475484,-7.0225000404415105,-11.165425166033973
2023-03-17 00:00:00+05:30,1519.0973033844443,1540.2622069534775,1502.0287943576527,1533.873779296875,11475438,0.0,0.0,1561.358953857422,1579.638828125,1556.921294507417,1569.046176742973,41.84726000651198,-17.869077017008294,-5.362921480779457,-12.506155536228837
2023-03-20 00:00:00+05:30,1529.2896351618292,1529.4359604838048,1507.295712946004,1523.2425537109375,13251557,0.0,0.0,1556.7675231933595,1578.8985424804687,1553.7137953839429,1567.2499562319128,39.525909533763205,-18.26370595214985,-4.606040332736809,-13.65766561941304
2023-03-21 00:00:00+05:30,1533.1909064394426,1543.4808262385525,1517.8292489271155,1540.5059814453125,16525247,0.0,0.0,1553.7975952148438,1578.6069116210938,1552.4559083421686,1566.2011729069482,44.87354879647378,-16.987615230762003,-2.663959689079171,-14.323655541682832
2023-03-22 00:00:00+05:30,1544.9439351941296,1546.9434367748515,1526.7050613611657,1536.9461669921875,7088662,0.0,0.0,1550.3497619628906,1578.1836157226562,1550.9787901183608,1565.0539177730361,44.00933230045229,-16.078211798804205,-1.403645005697097,-14.674566793107108
2023-03-23 00:00:00+05:30,1529.0945879741437,1551.1373246074108,1520.1214764789815,1524.6080322265625,14182089,0.0,0.0,1547.860205078125,1578.083154296875,1548.467289366761,1563.467804614351,41.05788178650669,-16.166727418330993,-1.1937285001791071,-14.972998918151886
2023-03-24 00:00:00+05:30,1521.5356807219798,1535.092977586661,1516.6101490031465,1522.169677734375,15738874,0.0,0.0,1545.7827270507812,1577.4930712890625,1545.9627549255813,1561.8482702269011,40.4800993785816,-16.246353661857484,-1.0186837949644776,-15.227669866893006
2023-03-27 00:00:00+05:30,1523.6814489783692,1540.506123038281,1520.4628871162372,1528.802001953125,15936003,0.0,0.0,1544.7342346191406,1576.8698266601561,1544.328397499633,1560.5523381377334,42.83645333696865,-15.594520967262724,-0.2934808802957729,-15.301040086966951
2023-03-28 00:00:00+05:30,1527.0950699339603,1543.8710473688377,1525.5345443508363,1541.237548828125,19638151,0.0,0.0,1544.1148864746094,1576.470908203125,1544.0340309594892,1559.7948954197095,47.06783150587901,-13.914101060190205,1.1095512214213983,-15.023652281611604
2023-03-29 00:00:00+05:30,1544.943916081314,1562.5000969458742,1542.8957187925428,1548.6502685546875,19881806,0.0,0.0,1543.5394348144532,1576.5196752929687,1544.4736726352223,1559.3578512289243,49.46897522279894,-11.847639433325412,2.5408102786289533,-14.388449711954365
2023-03-31 00:00:00+05:30,1556.257901835252,1573.180085976267,1553.1368505862456,1569.864013671875,17355614,0.0,0.0,1544.1002563476563,1576.5323559570313,1546.8918003529989,1559.769857599236,55.666959074913485,-8.40133638944394,4.78969065800834,-13.19102704745228
2023-04-03 00:00:00+05:30,1567.913203435181,1575.8621562536566,1563.231507869785,1570.8392333984375,20012699,0.0,0.0,1545.3730773925781,1576.010546875,1549.1725082620883,1560.2039507678323,55.93454324955665,-5.527704380985597,6.130658133173348,-11.658362514158945
2023-04-05 00:00:00+05:30,1578.690777338227,1615.1686437074832,1576.1549083522298,1612.97412109375,21682696,0.0,0.0,1547.2189147949218,1576.1987890625,1555.248852341294,1562.273369211986,65.5964042582444,0.14789811279979403,9.445008501566992,-9.297110388767198
2023-04-06 00:00:00+05:30,1607.9023868968095,1628.043132572869,1606.4880675505783,1625.263427734375,22318672,0.0,0.0,1549.1232666015626,1576.3041284179687,1561.916907140635,1564.743567585413,67.81312768113041,5.5732533244161,11.896290970546639,-6.323037646130539
2023-04-10 00:00:00+05:30,1622.2398010985114,1629.7987119408465,1613.2178752544344,1617.55810546875,15906643,0.0,0.0,1550.4838623046876,1576.0183520507812,1567.2160688861698,1566.8147259337793,64.98581179946832,9.145705308630795,12.374994363809067,-3.2292890551782722
2023-04-11 00:00:00+05:30,1618.0946721186951,1628.2382671122448,1610.389435582226,1622.2886962890625,21180771,0.0,0.0,1552.0736755371095,1575.3902319335937,1572.4610810197785,1568.9901757516336,65.92511166348255,12.21777943225834,12.35765478994929,-0.13987535769095016
2023-04-12 00:00:00+05:30,1626.8727522243655,1646.57464080817,1626.6777311732271,1643.3560791015625,13477752,0.0,0.0,1556.7675170898438,1576.0973559570311,1579.2129855989958,1571.906485686925,69.8094029052554,16.16603010182689,13.044724367614272,3.1213057342126183
2023-04-13 00:00:00+05:30,1646.6722688719028,1655.2065234095546,1636.7725097961325,1650.7198486328125,17665043,0.0,0.0,1562.809765625,1577.5925561523438,1586.0231630307878,1574.99720580245,71.05156073841164,19.66258383572722,13.23302248121168,6.429561354515538
2023-04-17 00:00:00+05:30,1677.5905745738526,1677.5905745738526,1612.5352202654376,1625.5560302734375,16202574,0.0,0.0,1567.7986450195312,1578.6166650390626,1589.7881980062784,1576.9799048013124,61.70809015233834,20.17060385685886,10.992834001874659,9.177769854984202
2023-04-18 00:00:00+05:30,1628.8234042833324,1635.8946436133049,1615.5587584557534,1618.6798095703125,14818613,0.0,0.0,1573.5385375976562,1579.7110009765624,1592.539780059996,1578.6151951844104,59.409057128178084,19.790230383059225,8.489968422460016,11.300261960599208
2023-04-19 00:00:00+05:30,1623.9467018003263,1629.116069256071,1616.29028020153,1624.62939453125,12370584,0.0,0.0,1579.0882385253906,1580.455185546875,1595.595933819163,1580.4196735901687,60.77091816353258,19.741298052800175,6.752828873760773,12.988469179039402
2023-04-20 00:00:00+05:30,1630.481495628121,1636.0897201143928,1625.3122471031447,1630.6766357421875,16461358,0.0,0.0,1583.9283813476563,1581.7923828125,1598.9369530499273,1582.3905348510323,62.160562405866465,19.96038970771133,5.5775364229375395,14.38285328477379
2023-04-21 00:00:00+05:30,1627.848159283026,1635.6020918064094,1622.2399346479888,1633.31005859375,10064309,0.0,0.0,1589.4317565917968,1582.1005932617188,1602.2105821493392,1584.3873789193742,62.77890984842096,20.114647502906337,4.585435374506037,15.5292121284003
2023-04-24 00:00:00+05:30,1645.4042102561043,1649.7444404835123,1632.8222573910748,1646.52587890625,17837926,0.0,0.0,1594.7327514648437,1582.8106420898437,1606.4310866023784,1586.8241828404282,65.79941537504033,21.06053146990621,4.425055473204726,16.635475996701484
2023-04-25 00:00:00+05:30,1646.086940464834,1646.086940464834,1620.9231532220272,1623.11767578125,25176534,0.0,0.0,1599.041326904297,1583.004736328125,1608.0202855717948,1588.2474570734016,56.979440255418005,19.694281548382833,2.447044441345078,17.247237107037755
2023-04-26 00:00:00+05:30,1619.0700021160412,1633.7001527375717,1614.1932852421976,1630.5791015625,13696375,0.0,0.0,1604.3398803710938,1583.3519604492187,1610.1687442375762,1589.9075215631703,58.87188229979636,18.994635016367283,1.3979183274636213,17.596716688903662
2023-04-27 00:00:00+05:30,1629.3111404518793,1643.6974555202214,1624.775769855528,1639.55224609375,23895196,0.0,0.0,1610.2090087890624,1583.9459448242187,1612.9671729857832,1591.854373505546,61.08869910445466,18.94582222578424,1.0792844295044617,17.86653779627978
2023-04-28 00:00:00+05:30,1643.1608604137418,1649.305571016879,1628.823361087042,1645.9893798828125,13958136,0.0,0.0,1616.068377685547,1584.5409033203125,1616.1121450712146,1593.9773149321054,62.64423886661307,19.205175330571365,1.0709100274332677,18.134265303138097
2023-05-02 00:00:00+05:30,1647.062393701029,1657.108478599839,1640.527640379593,1645.648193359375,16110592,0.0,0.0,1621.2889099121094,1585.1046533203125,1618.9251020510396,1596.0036238900377,62.50161879556158,19.162292652046972,0.8224218791270985,18.339870772919873
2023-05-03 00:00:00+05:30,1643.4048226037833,1654.1824148530472,1638.235573993652,1651.4027099609375,14703635,0.0,0.0,1626.426531982422,1585.4840649414064,1622.0182075662678,1598.1761370692886,63.99069167250313,19.36937116384547,0.8236003127404778,18.545770851104994
2023-05-04 00:00:00+05:30,1645.501816674412,1691.6843025813832,1645.501816674412,1685.1983642578125,28427319,0.0,0.0,1632.1932495117187,1586.6057104492188,1628.035365346415,1601.588773429623,71.21912422966739,22.006828219120962,2.768845894412774,19.237982324708188
2023-05-05 00:00:00+05:30,1598.5878271349538,1619.996567067575,1582.1044999192102,1585.5670166015625,31385208,0.0,0.0,1632.929638671875,1585.8527465820312,1623.990760704048,1600.9604692402875,43.49770242948122,15.874622073677529,-2.6906882008245283,18.565310274502057
2023-05-08 00:00:00+05:30,1594.6863733020054,1609.6578698753467,1589.809656564079,1603.9033203125,18622262,0.0,0.0,1632.4760986328124,1585.6293896484376,1622.0776711429482,1601.0758751646881,47.54449043909746,12.352004767735934,-4.970644405412898,17.322649173148832
2023-05-09 00:00:00+05:30,1609.2191488414903,1615.168719951923,1599.5144102774734,1603.9522705078125,21844469,0.0,0.0,1631.4105407714844,1585.7103442382813,1620.3514425110304,1601.1886749820655,47.555289185942904,9.455260685866506,-6.293910789825862,15.749171475692368
2023-05-10 00:00:00+05:30,1603.9521603475334,1613.8519192934234,1592.8332221979742,1611.36474609375,23170275,0.0,0.0,1631.1008728027343,1585.8195825195312,1619.4955666617657,1601.5877365942883,49.258768194825386,7.669288182016771,-6.463906634940479,14.13319481695725
2023-05-11 00:00:00+05:30,1624.0931698060378,1646.3797438295492,1608.5851851367795,1612.437744140625,17867309,0.0,0.0,1630.6083251953125,1586.5803540039062,1618.8233930883237,1602.0132270863016,49.51440472351083,6.268217965566009,-6.291981481112993,12.560199446679002
2023-05-12 00:00:00+05:30,1606.3905444769075,1631.5544512677652,1603.7083501858867,1626.677734375,11239380,0.0,0.0,1629.7744079589843,1587.8395239257814,1619.5714255918167,1602.9804626662506,52.905409298759075,6.235034333589738,-5.060132090471413,11.29516642406115
2023-05-15 00:00:00+05:30,1630.7741163160028,1639.3083708122738,1624.0442232439923,1634.48046875,9256130,0.0,0.0,1628.9624389648438,1589.5336962890624,1620.9913344640247,1604.215757022476,54.70085674330876,6.760421588211329,-3.6277958686798577,10.388217456891187
2023-05-16 00:00:00+05:30,1649.278469862677,1649.278469862677,1621.852928138655,1625.1085205078125,16361043,19.0,0.0,1628.9400634765625,1590.9633764648438,1621.383447420576,1605.0350810807245,52.130116997248535,6.347388134897528,-3.232663457594928,9.580051592492456
2023-05-17 00:00:00+05:30,1627.7720157571994,1627.7720157571994,1603.454064285113,1616.3775634765625,15233434,0.0,0.0,1628.824951171875,1592.0877416992187,1620.906696568765,1605.4798843119338,49.78286084067088,5.254964918156702,-3.4600693394686033,8.715034257625305
2023-05-18 00:00:00+05:30,1625.798940919453,1631.6687372263443,1617.906713050912,1622.83935546875,24823471,0.0,0.0,1628.73544921875,1593.3715771484376,1621.0907593211446,1606.1606478867109,51.522610726061494,4.854662728712356,-3.0882972231303603,7.942959951842716
2023-05-19 00:00:00+05:30,1625.7990244900363,1627.7720815585924,1609.570678271503,1624.7138671875,15230166,0.0,0.0,1628.4373107910155,1594.9581982421876,1621.4358172131783,1606.8882251141927,52.04167214626176,4.635245563791614,-2.6461715104408823,7.281417074232496
2023-05-22 00:00:00+05:30,1622.8393663189345,1630.632965476394,1610.705017719587,1618.942626953125,14167016,0.0,0.0,1627.7189392089845,1595.8159033203126,1621.1983705217447,1607.3609467549352,50.25746298370984,3.950130380968858,-2.665029354610911,6.615159735579769
2023-05-23 00:00:00+05:30,1626.7854936294834,1627.3773866432705,1611.4449273112157,1615.1444091796875,11235037,0.0,0.0,1626.1498657226562,1596.375263671875,1620.621802774882,1607.6661805755139,49.065222973695825,3.0653517642838324,-2.83984637703675,5.905198141320582
2023-05-24 00:00:00+05:30,1605.6245470686229,1612.72750426959,1591.862401906212,1594.0328369140625,16794056,0.0,0.0,1624.695623779297,1596.4489965820312,1618.089520311947,1607.1315396476139,42.96429103217747,0.6531023338479827,-4.20167664597808,4.8547789798260625
2023-05-25 00:00:00+05:30,1593.9340595693045,1598.225554912682,1575.8312855626104,1587.916259765625,14888465,0.0,0.0,1622.562481689453,1596.3974731445312,1615.2158764503924,1606.3779992600848,41.35967159648402,-1.7322115204583497,-5.26959240022753,3.53738087976918
2023-05-26 00:00:00+05:30,1597.18968001986,1597.18968001986,1580.6653272463377,1594.0328369140625,13317533,0.0,0.0,1620.2865112304687,1597.288544921875,1613.1984441135992,1605.8938752465156,43.6270291121157,-3.0933747788519668,-5.3046045268969175,2.2112297480449508
2023-05-29 00:00:00+05:30,1606.561707531921,1618.893314129495,1602.9608543202603,1613.4674072265625,10908146,0.0,0.0,1618.6604125976562,1598.9603955078126,1613.2240596481672,1606.190876500635,50.213950041993485,-2.5742250016235175,-3.828363799734775,1.2541387981112573
2023-05-30 00:00:00+05:30,1611.5929725879255,1620.5211038997252,1606.6110757976446,1614.7005615234375,18562964,0.0,0.0,1617.1130310058593,1600.738837890625,1613.3646788743833,1606.5245896387842,50.60830978620566,-2.039776542772188,-2.6351322727067563,0.5953557299345682
2023-05-31 00:00:00+05:30,1607.9428302042268,1612.9247268860188,1583.032985517739,1589.1494140625,21667135,0.0,0.0,1614.0003662109375,1602.4441870117187,1611.0584631780137,1605.84321020442,43.006802272644364,-3.636071974541437,-3.385142163580804,-0.2509298109606328
2023-06-01 00:00:00+05:30,1598.0775509634686,1598.0775509634686,1578.4456096087906,1582.3917236328125,25183469,0.0,0.0,1608.8600341796875,1603.8193139648438,1608.328297507042,1604.923544064357,41.24241252377716,-5.384369090979135,-4.106751424014801,-1.2776176669643333
2023-06-02 00:00:00+05:30,1590.7278286200276,1593.0462669312783,1579.4321254869135,1584.8580322265625,8929855,0.0,0.0,1608.8245849609375,1604.8389990234375,1606.0930341469962,1604.1366612471886,42.17482512709928,-6.496014646624417,-4.174717583728067,-2.32129706289635
2023-06-05 00:00:00+05:30,1592.750290890872,1594.7233479251129,1580.8625740892337,1582.786376953125,9348621,0.0,0.0,1607.7687377929688,1606.0298754882813,1603.8733525094844,1603.299395196441,41.577979092356216,-7.458193612072137,-4.109517239340629,-3.348676372731507
2023-06-06 00:00:00+05:30,1585.9926201628762,1588.162934765138,1570.8000566695046,1577.853759765625,16091426,0.0,0.0,1606.4638122558595,1606.7768310546876,1601.3952960576883,1602.3015271403306,40.122061262938956,-8.520529003239744,-4.1374821044065895,-4.383046898833155
2023-06-07 00:00:00+05:30,1581.849123863084,1590.826629830194,1574.4995344821118,1586.0418701171875,12474513,0.0,0.0,1605.1976684570313,1607.7587451171876,1599.9330650157358,1601.6638935315798,43.64952094829152,-8.602560418380563,-3.375610815637926,-5.2269496027426365
2023-06-08 00:00:00+05:30,1581.651788257666,1604.0953112159457,1581.651788257666,1587.0283203125,18697761,0.0,0.0,1603.927197265625,1609.0071508789063,1598.7040417106657,1601.0899494837727,44.07694823130542,-8.490103985393262,-2.6105235061205,-5.879580479272762
2023-06-09 00:00:00+05:30,1594.1314814293405,1596.69643153137,1585.3513533956825,1588.90283203125,9106289,0.0,0.0,1602.0384521484375,1610.3418139648438,1597.770593169769,1600.612023309164,44.931746454937375,-8.155710073318915,-1.8209036752369219,-6.334806398081993
2023-06-12 00:00:00+05:30,1590.8265730998114,1594.0327907092008,1577.9029534720612,1579.23486328125,6704146,0.0,0.0,1599.276171875,1611.3504711914063,1596.0052855613385,1599.7737033080693,41.41558872600008,-8.572011950487877,-1.7897644419247065,-6.78224750856317
2023-06-13 00:00:00+05:30,1568.6789316172014,1587.3243442079824,1568.6789316172014,1581.8984375,13963054,0.0,0.0,1597.1156677246095,1612.1636889648437,1594.6617762221633,1599.0727124920666,42.74495021615127,-8.588008788933394,-1.4446090242961782,-7.143399764637215
2023-06-14 00:00:00+05:30,1588.7547466989536,1590.2839140173833,1578.6428297518828,1580.1719970703125,10056984,0.0,0.0,1595.3053894042969,1612.7941235351564,1593.2817972553203,1598.3315079657234,42.078462174379,-8.640394622118947,-1.1975958859853844,-7.442798736133563
2023-06-15 00:00:00+05:30,1582.3916786791267,1584.315361040851,1557.7284667296392,1560.7374267578125,17688738,0.0,0.0,1592.20029296875,1612.611591796875,1590.1823333984148,1596.8572302712957,35.38909504332805,-10.13330771154233,-2.152407180327012,-7.980900531215317
2023-06-16 00:00:00+05:30,1565.7687486657542,1587.5216300548325,1562.6611597742162,1581.1585693359375,7889636,0.0,0.0,1590.022528076172,1612.817978515625,1589.3229272972264,1596.2415965091247,45.24004346256188,-9.558452659000068,-1.2620417022277994,-8.296410956772268
2023-06-19 00:00:00+05:30,1589.2974913929072,1592.5037091750469,1576.8178811711018,1582.539794921875,12414573,0.0,0.0,1588.2023864746093,1612.2092919921874,1588.6769146900501,1595.7042709566836,45.84150528609192,-8.88895617326989,-0.47403617319809577,-8.414920000071794
2023-06-20 00:00:00+05:30,1582.5397580174506,1589.297454330895,1569.2216229252922,1585.8446044921875,10002813,0.0,0.0,1586.7373962402344,1611.4209155273438,1588.407170861682,1595.3176173698405,47.332093010030285,-7.999491711054361,0.3323426312139457,-8.331834342268307
2023-06-21 00:00:00+05:30,1594.2301049307644,1615.1938361991918,1589.2974622793697,1613.5660400390625,12154473,0.0,0.0,1587.7140563964845,1611.34107421875,1590.80325364048,1596.0332417882414,57.81927791461387,-5.000058978102743,2.6654202913324516,-7.6654792694351945
2023-06-22 00:00:00+05:30,1617.9067733650536,1635.2203970674382,1616.9696194410642,1621.458251953125,28298070,0.0,0.0,1589.3911560058593,1611.3244653320312,1593.7227772893034,1597.0303010103937,60.2462178279328,-1.9635171801885463,4.561569671397319,-6.525086851585865
2023-06-23 00:00:00+05:30,1615.489822629559,1637.5387109190742,1612.036972816969,1621.359619140625,10669609,0.0,0.0,1590.7574951171875,1610.8845361328124,1596.3548574656197,1597.9843919174616,60.199600649170016,0.4300479035639455,5.564107804119849,-5.134059900555903
2023-06-26 00:00:00+05:30,1622.8393697140243,1628.511908544332,1606.758907120382,1613.5167236328125,8065157,0.0,0.0,1590.7599609375,1610.1404736328125,1597.9893209101142,1598.5935029651225,56.4586144171624,1.6748032659538694,5.4470905332078186,-3.772287267253949
2023-06-27 00:00:00+05:30,1620.8170297249612,1650.363631992317,1616.4764004545502,1636.2562255859375,16915932,0.0,0.0,1591.837744140625,1610.3544775390626,1601.6337880220974,1600.0704724796644,63.5342690405993,4.444930235415313,6.57377400213541,-2.1288437667200966
2023-06-28 00:00:00+05:30,1647.502649657298,1657.2693062164835,1638.1306285963733,1653.56982421875,29781475,0.0,0.0,1595.0587646484375,1611.0522778320312,1606.5800771836834,1602.1684862733541,67.82188658449721,7.945744928802924,8.059670956418415,-0.11392602761549231
2023-06-30 00:00:00+05:30,1681.0445642730606,1685.7799492441668,1660.5740978947356,1678.4796142578125,20349508,0.0,0.0,1599.8631591796875,1612.1292822265625,1613.4276521431243,1605.1610795276467,72.7806778386915,12.58510442185161,10.159224359573683,2.4258800622779284
2023-07-03 00:00:00+05:30,1689.4301294053164,1733.8239138276458,1686.9638080485204,1696.6318359375,22052058,0.0,0.0,1605.4518493652345,1613.4483862304687,1621.351860123541,1608.7481680143076,75.71735160120122,17.524550717954753,12.07893652454146,5.445614193413293
2023-07-04 00:00:00+05:30,1700.2325685243484,1723.465363872244,1690.7126644292125,1704.9185791015625,19397594,0.0,0.0,1611.5584594726563,1614.880556640625,1629.310595264305,1612.5195566843959,76.94046765937689,21.85582803177317,13.128171070687902,8.72765696108527
2023-07-05 00:00:00+05:30,1693.129529397183,1696.8290112531126,1646.0721683600932,1650.7581787109375,18582877,0.0,0.0,1615.203680419922,1614.9652026367187,1631.3532222592223,1614.0191104893584,56.80229122124158,20.679721872900245,9.56165192945198,11.118069943448265
2023-07-06 00:00:00+05:30,1650.4622456564832,1665.1121703746603,1638.0320101509344,1652.435302734375,26078272,0.0,0.0,1618.5233520507813,1615.5515551757812,1633.3610394473321,1615.5256278323002,57.17607443380067,19.65639250388176,6.8306580483467965,12.825734455534965
2023-07-07 00:00:00+05:30,1642.5699895390362,1652.4352747614928,1633.9872395658367,1638.031982421875,9963168,0.0,0.0,1621.07353515625,1615.7006127929687,1633.8058911591934,1616.408229973068,52.93944403033986,17.481651434805826,3.7247335834166897,13.756917851389137
2023-07-10 00:00:00+05:30,1638.6238848081282,1654.161709122233,1627.4760642727497,1634.1351318359375,19199221,0.0,0.0,1623.3351501464845,1615.5922705078126,1633.8372474141213,1617.1034025951412,51.82066316690252,15.267713497081104,1.2086365165535735,14.05907698052753
2023-07-11 00:00:00+05:30,1640.5968955307264,1653.4217660309666,1623.3326467804031,1626.193603515625,25335213,0.0,0.0,1625.683087158203,1615.1963549804686,1633.1092813285502,1617.4598810626112,49.52370139365667,12.725643469071656,-1.0667468091647017,13.792390278236358
2023-07-12 00:00:00+05:30,1633.0499225625645,1643.8524818545227,1605.2298671321728,1610.95166015625,35479179,0.0,0.0,1627.1357482910157,1614.5024243164062,1630.999031693093,1617.2046567133423,45.36732463188297,9.373090062685833,-3.5354401724404205,12.908530235126253
2023-07-13 00:00:00+05:30,1634.3817643123723,1635.121660708438,1615.983103604215,1618.991943359375,20956773,0.0,0.0,1629.0767456054687,1613.854208984375,1629.855499470834,1617.2747463857356,47.85355957595537,7.281019927872876,-4.502008245802703,11.783028173675579
2023-07-14 00:00:00+05:30,1631.3235770758977,1631.3235770758977,1612.9741702336387,1622.34619140625,12363607,0.0,0.0,1632.1571838378907,1612.5971655273438,1629.1403272742068,1617.4736265826184,48.89835931249258,5.826534396612033,-4.765195021650836,10.591729418262869
2023-07-17 00:00:00+05:30,1627.772017244422,1659.3409290940106,1611.0010328243277,1656.28271484375,24626464,0.0,0.0,1635.9133911132812,1614.0114794921874,1631.7253165665443,1618.9955516124667,58.05516042594501,7.327768007913619,-2.6111691282794,9.938937136193019
2023-07-18 00:00:00+05:30,1675.1254462206591,1681.0446174087183,1647.5026473430514,1654.901611328125,40538409,0.0,0.0,1639.5314819335938,1615.0314453125,1633.9325827343139,1620.4036323856299,57.602788123198394,8.310267360160651,-1.302935820825894,9.613203180986545
2023-07-19 00:00:00+05:30,1658.453055877588,1666.0000230724556,1652.4352560452187,1662.399169921875,16467567,0.0,0.0,1643.3592102050782,1616.2003833007811,1636.6436862759863,1622.0505162105806,59.45003109855917,9.583423750623297,-0.023823544290600296,9.607247294913897
2023-07-20 00:00:00+05:30,1658.5024075048575,1669.2062176165805,1657.3678756476684,1666.0,28105474,0.0,0.0,1645.980908203125,1617.2930883789063,1639.4395256782734,1623.774025378793,60.3436793023864,10.75894384909111,0.9213572433417703,9.83758660574934
2023-07-21 00:00:00+05:30,1657.3679171173355,1667.035944804191,1650.7088495932032,1653.1751708984375,21077124,0.0,0.0,1647.5667541503906,1618.1078369140625,1640.747682365908,1624.9270114776027,55.640408216220756,10.534263042363364,0.5573411492912186,9.976921893072145
2023-07-24 00:00:00+05:30,1655.8880574739956,1661.9552317250648,1647.6011941378406,1655.7894287109375,16089722,0.0,0.0,1649.2882446289063,1618.6900708007813,1642.1802296368633,1626.1373023494982,56.38663246460695,10.44672727236457,0.37584430343393826,10.070882968930631
2023-07-25 00:00:00+05:30,1661.955295053422,1676.1119552281257,1655.7894918043485,1673.7442626953125,27996298,0.0,0.0,1652.2996215820312,1619.4753466796874,1645.1863280233824,1628.0042419709027,61.21265684357674,11.691388542231607,1.2964044586407795,10.394984083590828
2023-07-26 00:00:00+05:30,1676.7038338913217,1676.7038338913217,1665.2601272442432,1667.9237060546875,12397179,0.0,0.0,1653.8829956054688,1620.331650390625,1647.3517925977924,1629.569711150659,58.93589511059821,12.068997400086346,1.3392106531964139,10.729786746889932
2023-07-27 00:00:00+05:30,1676.9998675967431,1680.0580819461209,1644.9869446312234,1650.6102294921875,29870651,0.0,0.0,1653.7350158691406,1621.0163037109376,1647.662119921068,1630.3948295169935,52.66147208713942,10.846174330455824,0.09311006685271295,10.753064263603111
2023-07-28 00:00:00+05:30,1639.117132462518,1646.417467580021,1618.9919266125369,1621.359619140625,20507842,0.0,0.0,1650.8790161132813,1620.986708984375,1645.1571198467402,1630.0405075414496,44.11617616949213,7.43113691930489,-2.657541875438577,10.088678794743467
2023-07-31 00:00:00+05:30,1627.821399112885,1634.4804664859114,1616.6242043005298,1628.955810546875,17282503,0.0,0.0,1647.49521484375,1621.0715478515624,1643.6141380086578,1629.9979704044074,46.542177455139054,5.2768164738099586,-3.8494898567468088,9.126306330556767
2023-08-01 00:00:00+05:30,1632.162084928418,1644.9869558705946,1627.7720811223962,1639.8570556640625,17697094,0.0,0.0,1644.242138671875,1621.4898364257813,1643.256320642506,1630.3846011989037,49.90326063633896,4.3984389093509435,-3.7822939369646598,8.180732846315603
2023-08-02 00:00:00+05:30,1619.8798171824997,1629.251838049268,1611.1490639338897,1618.4000244140625,14058161,0.0,0.0,1642.6242309570312,1621.5549487304688,1640.889054335035,1629.9146177955768,44.03458489363049,1.9484546903663613,-4.985822524759394,6.934277215125755
2023-08-03 00:00:00+05:30,1617.906791543424,1629.103866289973,1601.1358065091324,1606.709716796875,28836973,0.0,0.0,1640.3379516601562,1621.808486328125,1637.6338793314007,1629.0046216779806,41.19229623293427,-0.9258133787604947,-6.288072475109001,5.362259096348506
2023-08-04 00:00:00+05:30,1613.1221436963467,1634.1845036454856,1607.3016013066149,1629.9423828125,18694152,0.0,0.0,1639.9334716796875,1622.6490087890625,1636.9013558534102,1629.0413966244323,48.33017344449032,-1.3138641396071762,-5.340898588764546,4.0270344491573695
2023-08-07 00:00:00+05:30,1640.6955881182396,1640.6955881182396,1625.3551416017178,1629.0052490234375,14150459,0.0,0.0,1639.6769775390626,1623.34845703125,1636.149345679127,1629.0399790714523,48.07668591164587,-1.6776768141608045,-4.563769010654539,2.8860921964937347
2023-08-08 00:00:00+05:30,1629.4491410302082,1633.2966264206282,1619.9292369617406,1627.6734619140625,21886914,0.0,0.0,1639.7509704589843,1623.632578125,1635.3421186538828,1628.9863901633194,47.6938448789973,-2.049835837830642,-3.9487424274595013,1.8989065896288593
2023-08-09 00:00:00+05:30,1630.7315799929236,1632.2113727152405,1609.126582161933,1628.2652587890625,16680618,0.0,0.0,1640.616650390625,1623.9038720703124,1634.6681320000903,1628.9581105015839,47.892412060059826,-2.2708446003885,-3.3358009520138876,1.0649563516253875
2023-08-10 00:00:00+05:30,1624.8618135219183,1631.964770549075,1609.0279829321694,1613.8126220703125,25390559,0.0,0.0,1640.357684326172,1624.3971362304687,1632.681892959159,1628.364169778789,43.54480645654354,-3.571037932088757,-3.7087954269713155,0.13775749488255862
2023-08-11 00:00:00+05:30,1616.328366732635,1616.328366732635,1594.4273611233837,1596.992431640625,14112911,0.0,0.0,1639.0899963378906,1624.689150390625,1629.2828966431082,1627.1339055380768,39.096544919018676,-5.890793905081864,-4.822841119971538,-1.067952785110326
2023-08-14 00:00:00+05:30,1589.297481308102,1593.2435954764649,1578.692299480627,1589.1988525390625,15652205,0.0,0.0,1635.7358032226562,1624.775966796875,1625.4653686331992,1625.6462564008607,37.2003137758177,-8.262844992821101,-5.75591376616862,-2.506931226652481
2023-08-16 00:00:00+05:30,1561.7732276956888,1587.965607263146,1559.9975486700328,1584.56201171875,17068771,0.0,0.0,1632.2188232421875,1624.8114794921876,1621.5698108318231,1624.0351095505819,36.07912481557142,-10.397016537339141,-6.312068248549328,-4.084948288789813
2023-08-17 00:00:00+05:30,1576.0779908023185,1588.212340163892,1572.5265120998097,1575.7821044921875,26442020,0.0,0.0,1627.8879699707031,1624.7700463867188,1617.209076894715,1622.1428348424095,33.99012956308593,-12.650995200976695,-6.852837529749505,-5.79815767122719
2023-08-18 00:00:00+05:30,1566.1633474421578,1574.7954717019472,1564.1409158738138,1569.3201904296875,12816683,0.0,0.0,1623.0539794921874,1624.4356127929686,1612.6482305647123,1620.0713585909302,32.498697915946806,-14.788242339000817,-7.192067734218901,-7.596174604781916
2023-08-21 00:00:00+05:30,1578.9388495316557,1578.9388495316557,1565.6207149058027,1568.0870361328125,10918635,0.0,0.0,1618.7995727539062,1624.056787109375,1608.4043072854838,1618.0327577102198,32.20825641316462,-16.392568019665077,-7.037114731906529,-9.355453287758548
2023-08-22 00:00:00+05:30,1574.8448006794863,1576.4725968452533,1558.715083238736,1561.378662109375,16136785,0.0,0.0,1614.079034423828,1623.5063037109376,1603.9256744115687,1615.8110284709712,30.60581838654519,-17.99784939505048,-6.913916885833546,-11.083932509216934
2023-08-23 00:00:00+05:30,1558.7150102862668,1569.1229339999702,1552.0559429954867,1565.22607421875,18249294,0.0,0.0,1608.653125,1623.2261279296874,1600.2399982027289,1613.8273047748057,32.67466675639254,-18.743528715814364,-6.127676965277944,-12.61585175053642
2023-08-24 00:00:00+05:30,1571.8359353802475,1574.6967717408268,1554.9169472169706,1558.0245361328125,21572896,0.0,0.0,1603.1581665039062,1622.7486499023437,1596.219478005594,1611.6389609064925,30.822360729974434,-19.68863060969784,-5.6582230873291355,-14.030407522368703
2023-08-25 00:00:00+05:30,1553.3384783320462,1556.2486892001507,1537.406019172024,1540.4642333984375,15034878,0.0,0.0,1597.6508666992188,1621.9544946289063,1590.9094547096745,1608.8477951218629,26.82852827103195,-21.60554506822109,-6.060110036681909,-15.545435031539181
2023-08-28 00:00:00+05:30,1540.4642729924683,1561.3293751268147,1540.4642729924683,1556.495361328125,14433619,0.0,0.0,1594.4076538085938,1621.8696533203124,1587.6319220066696,1606.7947585025006,35.096666201837344,-21.582347671610478,-4.829530112057036,-16.752817559553442
2023-08-29 00:00:00+05:30,1568.2843293248195,1571.194660694379,1560.1454690906023,1568.8763427734375,17769466,0.0,0.0,1591.4036804199218,1621.6240087890626,1585.8456763654094,1605.3077618072432,40.67235714092007,-20.330563753596152,-2.862196955234168,-17.468366798361984
2023-08-30 00:00:00+05:30,1582.342339747586,1582.342339747586,1552.4998526161187,1557.4324951171875,14042102,0.0,0.0,1587.282452392578,1621.1218627929688,1583.139659103674,1603.4303003684174,37.46831969479159,-20.0310335595982,-2.0501334089889696,-17.98090015060923
2023-08-31 00:00:00+05:30,1557.7284896558913,1561.8226069849304,1542.0426625399894,1550.2801513671875,50037886,0.0,0.0,1583.8764587402343,1620.4105737304687,1580.0101821763894,1601.3459807997417,35.58169354280929,-20.13864235564415,-1.7261937640279363,-18.412448591616215
2023-09-01 00:00:00+05:30,1549.8363427525487,1557.7285711052034,1538.343261128826,1553.4864501953125,21613388,0.0,0.0,1581.2152954101562,1619.2089819335938,1577.484112463906,1599.4691364623131,37.11045727356005,-19.73767791775981,-1.0601834609148781,-18.677494456844933
2023-09-04 00:00:00+05:30,1568.5803898330391,1570.0108080559437,1553.68383285753,1563.203857421875,12536819,0.0,0.0,1577.878369140625,1618.0438940429688,1576.1240881741887,1598.0469686568058,41.63152008624539,-18.423423403705783,0.2032568425113226,-18.626680246217106
2023-09-05 00:00:00+05:30,1567.0019733191434,1567.0019733191434,1549.441716954165,1553.683837890625,19356041,0.0,0.0,1574.1122985839843,1616.6903784179688,1573.986921480516,1596.3072380385242,38.69653246463702,-17.94321503303695,0.5467721705441271,-18.489987203581077
2023-09-06 00:00:00+05:30,1555.5581907613157,1578.4456038467565,1553.6837625215792,1574.0062255859375,28160455,0.0,0.0,1571.428936767578,1615.9001684570312,1573.9887599667466,1595.4326885305798,47.246371157800745,-15.741343188208702,2.1989152122979014,-17.940258400506604
2023-09-07 00:00:00+05:30,1574.006225635289,1592.2570029303392,1565.768736725124,1589.1494140625,17104171,0.0,0.0,1569.47314453125,1614.9580322265624,1575.4326317853897,1595.186285610263,52.556190146125594,-12.628837753950847,4.249136517244608,-16.877974271195455
2023-09-08 00:00:00+05:30,1586.6338392009138,1610.9024162842786,1585.943196993458,1601.5303955078125,17251105,0.0,0.0,1568.859033203125,1613.9172436523438,1577.918133092287,1595.4350742336965,56.41853975916217,-9.05869010179913,6.255427335517062,-15.314117437316192
2023-09-11 00:00:00+05:30,1606.9563039958728,1614.453896539915,1602.122290241871,1609.8172607421875,15786511,0.0,0.0,1569.5002746582031,1612.5439965820312,1580.9561452494204,1595.999081547755,58.834161232964696,-5.497272462734827,7.853475979665092,-13.350748442399919
2023-09-12 00:00:00+05:30,1617.906724978625,1620.7676816872313,1603.1581722108942,1614.8485107421875,19516670,0.0,0.0,1570.7827575683593,1610.908330078125,1584.183989582065,1596.7382748494974,60.273866862027134,-2.2429877316990314,8.886208568560711,-11.129196300259743
2023-09-13 00:00:00+05:30,1609.3240370841354,1629.3504939618035,1606.6603378010625,1621.7542724609375,23210047,0.0,0.0,1572.6423706054688,1609.2450439453125,1587.7621117610051,1597.7192943636715,62.226601239813014,0.8831136360690834,9.609847949063061,-8.726734312993978
2023-09-14 00:00:00+05:30,1622.0994895879871,1627.7720284750974,1613.0727297085475,1620.7677001953125,11769424,0.0,0.0,1574.891650390625,1608.645234375,1590.9055011357011,1598.6231534158926,61.7595409607845,3.2435734598709587,9.57624621829195,-6.3326727584209905
2023-09-15 00:00:00+05:30,1627.7720594112006,1647.502629828306,1627.7720594112006,1639.36376953125,86705601,0.0,0.0,1578.3938293457031,1608.3838037109374,1595.5205743162296,1600.2208246361029,66.81555579470086,6.539419896088475,10.297674123607573,-3.7582542275190978
2023-09-18 00:00:00+05:30,1631.4715769433724,1632.704737621334,1604.194038661689,1607.1043701171875,18528144,0.0,0.0,1580.3446960449219,1607.7652514648437,1596.6237929639399,1600.4907675961454,53.580841341926934,6.473713077802586,8.185573844257346,-1.711860766454761
2023-09-20 00:00:00+05:30,1577.4591494969095,1577.4591494969095,1539.3791715992272,1542.6346435546875,57737324,0.0,0.0,1579.4074951171874,1605.9352416992188,1591.4819692106776,1598.2218999866764,37.56616707235418,1.2055746986293343,2.333948372067276,-1.128373673437942
2023-09-21 00:00:00+05:30,1532.078811364331,1547.8138932913917,1516.3437294372702,1532.424072265625,36420721,0.0,0.0,1577.7673950195312,1604.0598510742188,1585.857407596863,1595.6415930172234,35.74399027882891,-3.7501413958461853,-2.097414177926595,-1.6527272179195907
2023-09-22 00:00:00+05:30,1537.9979221752192,1543.325200128089,1503.2227927610586,1509.0433349609375,30852125,0.0,0.0,1575.3183349609376,1602.0216845703126,1578.5417816315369,1592.245582897369,31.9252448608368,-9.455218332964932,-6.241992892036273,-3.2132254409286594
2023-09-25 00:00:00+05:30,1504.4559511151056,1519.9444002775606,1504.4559511151056,1510.3751220703125,20104377,0.0,0.0,1573.8138793945313,1599.8493481445312,1572.0497188161821,1589.0349765904257,32.36847384120507,-13.711016752660726,-8.398233049385652,-5.312783703275073
2023-09-26 00:00:00+05:30,1504.4559374724377,1519.2538647262647,1504.4559374724377,1516.935546875,13787654,0.0,0.0,1571.835888671875,1597.7411352539064,1566.800750059879,1586.2075479741345,34.62648325236498,-16.365742119824517,-8.842366733239555,-7.523375386584963
2023-09-27 00:00:00+05:30,1502.482895245466,1511.8549159315012,1494.5906672993308,1506.281005859375,19669269,0.0,0.0,1568.706121826172,1594.7411010742187,1561.0369648979263,1583.0731737735557,32.716079004179655,-19.10908586890787,-9.268568385858325,-9.840517483049544
2023-09-28 00:00:00+05:30,1513.3347538685243,1516.886232465185,1497.8955584026237,1503.1734619140625,27677094,0.0,0.0,1565.9931701660157,1591.7065380859376,1555.5261550899393,1579.9398517398502,32.15878579756566,-21.288557145235472,-9.158431729748742,-12.13012541548673
2023-09-29 00:00:00+05:30,1503.173454902814,1514.7651649908298,1501.792411318109,1505.738525390625,16026891,0.0,0.0,1563.7660888671876,1588.5733251953125,1550.7844760709568,1577.0299958045864,33.17072580573208,-22.54889502291485,-8.335015685942494,-14.213879336972354
2023-10-03 00:00:00+05:30,1506.429042186197,1506.429042186197,1485.7119433742062,1487.734375,19485847,0.0,0.0,1560.4784851074219,1585.0080126953126,1544.7797045403895,1573.5282067534263,29.809657496631722,-24.715600285614755,-8.40137675891392,-16.314223526700836
2023-10-04 00:00:00+05:30,1474.8600946011973,1514.3212342560787,1469.187555775808,1508.9447021484375,27324715,0.0,0.0,1557.76552734375,1582.1234033203125,1541.3668471697274,1570.9955202983288,37.805002978053594,-24.43951021707835,-6.500229352302011,-17.93928086477634
2023-10-05 00:00:00+05:30,1514.3706354408143,1530.6483558342625,1511.9535683390084,1515.0611572265625,24256337,0.0,0.0,1555.8343933105468,1579.308837890625,1538.8615433656164,1568.8020158641418,39.92998244721355,-23.45676505496067,-4.413987352147462,-19.042777702813208
2023-10-06 00:00:00+05:30,1523.200066078149,1524.186594618355,1509.2406631490635,1513.3841552734375,8879678,0.0,0.0,1552.803289794922,1576.1016357421875,1536.4351254520757,1566.6287664292122,39.531180261921435,-22.553272390816346,-2.8083957504025108,-19.744876640413835
2023-10-09 00:00:00+05:30,1507.4155625257629,1509.388619544775,1491.6311063736605,1495.8238525390625,8227486,0.0,0.0,1548.13701171875,1572.659638671875,1532.567385174646,1563.8521031394025,35.529597434657134,-22.989212289276566,-2.5954685190901827,-20.393743770186383
2023-10-10 00:00:00+05:30,1500.065983035536,1508.402100824628,1494.7879591347482,1504.3079833984375,16633146,0.0,0.0,1543.2758911132812,1569.73359375,1529.8760135769119,1561.517039620149,38.75527364457619,-22.391978553825993,-1.598587826911686,-20.793390726914307
2023-10-11 00:00:00+05:30,1509.4872321894686,1521.374948772399,1507.9088106762842,1518.8592529296875,15666680,0.0,0.0,1538.7279907226562,1567.6835864257812,1528.8267982771763,1559.8441852401309,43.93634973197139,-20.50809610841543,0.22823569479910333,-20.736331803214533
2023-10-12 00:00:00+05:30,1515.4064243558855,1531.0922517938395,1510.967046048494,1528.97119140625,11012668,0.0,0.0,1534.4341247558593,1565.6838940429689,1528.8405500037547,1558.6334795995867,47.27438660257805,-17.991758973756532,2.1956582635664006,-20.187417237322933
2023-10-13 00:00:00+05:30,1519.2539033885114,1527.9354024353545,1509.339243705801,1515.0611572265625,19872650,0.0,0.0,1529.0994689941406,1563.1879760742188,1527.5282268821175,1556.9247610751543,43.442577985374946,-16.924867831605525,2.610039524573928,-19.534907356179453
2023-10-16 00:00:00+05:30,1510.8684468507718,1513.778657850012,1500.0166329981057,1508.9940185546875,8928042,0.0,0.0,1523.5107849121093,1560.9998559570313,1525.7630641842668,1555.0451241135672,41.84924713758994,-16.380096741561147,2.523848491694647,-18.903945233255794
2023-10-17 00:00:00+05:30,1534.7917826289788,1534.7917826289788,1514.3213153369643,1520.437744140625,16451279,0.0,0.0,1517.5644836425781,1559.2744165039062,1525.2558908467772,1553.6879719577655,45.8811246944175,-14.853724225508131,3.240176806198132,-18.093901031706263
2023-10-18 00:00:00+05:30,1520.4377221956242,1520.4377221956242,1497.6489372388432,1499.2767333984375,15608100,0.0,0.0,1512.1731018066407,1556.661103515625,1522.7816853755069,1551.5541978966155,40.31478172839199,-15.176632949054238,2.33381446612162,-17.510447415175857
2023-10-19 00:00:00+05:30,1485.1201064188767,1505.6892026450248,1482.949671348744,1494.5413818359375,15126182,0.0,0.0,1509.7684387207032,1553.971826171875,1520.0921326574526,1549.3184011883536,39.16957146994211,-15.634419874777905,1.5008220323183643,-17.13524190709627
2023-10-20 00:00:00+05:30,1484.7253891011128,1506.429016051428,1484.7253891011128,1502.28564453125,10547005,0.0,0.0,1508.2615173339843,1551.4640698242188,1518.3962766454333,1547.4739793586632,42.067932470768426,-15.197138876504368,1.5504824244735218,-16.74762130097789
2023-10-23 00:00:00+05:30,1502.976227353508,1508.1555021770105,1479.8914354835852,1485.7613525390625,11188068,0.0,0.0,1507.0974182128907,1548.6139916992188,1515.2881886353027,1545.05387634613,37.91659190495127,-15.99953017493749,0.59847290083232,-16.59800307576981
2023-10-25 00:00:00+05:30,1500.5099151437992,1502.2857146930064,1471.3579485037037,1476.3399658203125,14155998,0.0,0.0,1505.3956604003906,1545.8645385742188,1511.578834081494,1542.3592131882547,35.750410226817436,-17.19741711081906,-0.4795312280393986,-16.71788588277966
2023-10-26 00:00:00+05:30,1471.160709288229,1471.9006057053064,1440.578324049044,1443.6859130859375,27780899,0.0,0.0,1501.7331787109374,1542.798408203125,1505.1128416057268,1538.4896720077718,29.466844553535367,-20.544832254655603,-3.061557097500753,-17.48327515715485
2023-10-27 00:00:00+05:30,1449.703659334139,1458.089151749478,1447.138709268734,1449.3583984375,15970266,0.0,0.0,1498.8870483398437,1540.0015991210937,1499.8028946373242,1534.9943279461927,31.712220653621483,-22.480815860617668,-3.998032562770252,-18.482783297847416
2023-10-30 00:00:00+05:30,1443.537881416305,1469.8781451774992,1442.2060919768462,1465.093505859375,11655491,0.0,0.0,1496.9830505371094,1537.6122290039064,1496.4972385632339,1532.2531192369058,37.64237953497095,-22.486198254875717,-3.2027319656226396,-19.283466289253077
2023-10-31 00:00:00+05:30,1483.7389095834744,1483.7389095834744,1454.1430536742296,1456.609375,16317412,0.0,0.0,1494.526593017578,1535.2287744140624,1492.6983944143544,1529.286697894282,35.83538141774501,-22.91095902257939,-2.9019941866610495,-20.00896483591834
2023-11-01 00:00:00+05:30,1442.5513777553367,1457.5465636023548,1442.5513777553367,1454.6363525390625,16938733,0.0,0.0,1492.8716918945313,1532.93509765625,1489.073438045279,1526.359233370548,35.40967332600149,-23.14004735287699,-2.504866013566918,-20.635181339310073
2023-11-02 00:00:00+05:30,1464.9948171263968,1470.4207238564943,1447.385307551157,1456.85595703125,22612577,0.0,0.0,1490.2672546386718,1530.7104760742188,1486.0051065201333,1523.6336146905758,36.32608305187717,-22.878765801990994,-1.794867570144735,-21.08389823184626
2023-11-03 00:00:00+05:30,1467.9544650379107,1471.3086861534086,1461.6900329046723,1463.76171875,9047670,0.0,0.0,1487.7022827148437,1528.7581372070313,1483.8866886372634,1521.28569720271,39.21566207984686,-21.862444383681805,-0.6228369214684335,-21.23960746221337
2023-11-06 00:00:00+05:30,1477.8196709876318,1477.8196709876318,1463.0217437080494,1474.3668212890625,12796865,0.0,0.0,1485.751416015625,1526.9409521484374,1482.9800346041015,1519.4457412845277,43.45915308276779,-19.97104541313024,1.0148496392665045,-20.985895052396746
2023-11-07 00:00:00+05:30,1473.8735447593608,1473.8735447593608,1457.2998181740604,1467.2144775390625,20976424,0.0,0.0,1484.320947265625,1525.1247509765626,1481.4785529788596,1517.3974564317643,41.36190264580887,-18.83214719787634,1.7229982836163273,-20.555145481492666
2023-11-08 00:00:00+05:30,1463.9589519318,1473.3309728900333,1461.048740962476,1471.4566650390625,15699773,0.0,0.0,1482.6783813476563,1523.744599609375,1480.5240874607837,1515.5958567693053,43.115340436995076,-17.38682854264448,2.5346535510785486,-19.92148209372303
2023-11-09 00:00:00+05:30,1465.9813692925773,1472.492433388654,1463.5150480118025,1465.6361083984375,11058370,0.0,0.0,1480.0172241210937,1521.9274145507814,1479.1061846929413,1513.63665095084,41.29092214652677,-16.520633789305975,2.720678643533642,-19.241312432839617
2023-11-10 00:00:00+05:30,1460.160777815708,1475.8466047184045,1460.1115236472572,1471.4072265625,7007593,0.0,0.0,1477.1390258789063,1519.9780322265624,1478.3729505852803,1511.9805950924738,43.82888786026792,-15.193347746801464,3.2383717488305237,-18.431719495631988
2023-11-13 00:00:00+05:30,1471.9991240792267,1475.797234650203,1465.882695660447,1468.74365234375,10302957,0.0,0.0,1474.8231506347656,1518.2042553710937,1477.4558745622774,1510.285028710171,42.906958301586705,-14.192786565744427,3.391146343910048,-17.583932909654475
2023-11-15 00:00:00+05:30,1483.837538192476,1490.595234539194,1480.3354341657644,1484.133544921875,20622730,0.0,0.0,1473.580126953125,1516.8813232421876,1478.0918431679531,1509.2594803263164,49.514762446480056,-12.01944621463008,4.451589356019518,-16.471035570649597
2023-11-16 00:00:00+05:30,1489.3620628582516,1498.5368262915997,1483.4922663173093,1488.0302734375,14856919,0.0,0.0,1471.9597534179688,1515.5721997070314,1479.0383603364812,1508.426962409108,51.05928252095305,-9.868862796247186,5.28173821952193,-15.150601015769116
2023-11-17 00:00:00+05:30,1469.9275396582534,1487.191789285112,1468.9410111081472,1484.8240966796875,11850937,0.0,0.0,1471.2371215820312,1514.0046044921876,1479.5893828453582,1507.5013598314838,49.71168672493044,-8.327230482795585,5.458696426378825,-13.78592690917441
2023-11-20 00:00:00+05:30,1492.6177003743046,1492.6177003743046,1481.3219966151755,1484.9227294921875,9665726,0.0,0.0,1470.7561889648437,1512.6293823242188,1480.0973206212466,1506.61592334759,49.75561974636975,-7.0166335401165725,5.415434695246271,-12.432068235362843
2023-11-21 00:00:00+05:30,1498.5367575640653,1501.4963429970423,1491.7296869830502,1497.5008544921875,12479986,0.0,0.0,1470.5169494628906,1511.0992749023437,1481.7548000375266,1506.2584696669862,55.138082223146085,-4.90646774696188,6.0204803907207705,-10.92694813768265
2023-11-22 00:00:00+05:30,1499.523295087246,1499.523295087246,1483.2949497021973,1492.1737060546875,14561825,0.0,0.0,1470.8375671386718,1509.1597607421875,1482.7470768010658,1505.7061259959157,52.56951428738862,-3.6222474966618847,5.843760512816612,-9.466008009478497
2023-11-23 00:00:00+05:30,1488.178294786997,1503.3214837114267,1488.178294786997,1500.805908203125,6523110,0.0,0.0,1472.0608642578125,1507.1452709960938,1484.4669655060238,1505.5139605922768,56.13538208599677,-1.886204137757204,6.063843097377035,-7.950047235134239
2023-11-24 00:00:00+05:30,1500.70714215442,1512.4962302687104,1499.37535273253,1511.4603271484375,8234596,0.0,0.0,1475.4495849609375,1505.1781323242187,1487.0377618529205,1505.7471514376164,60.120575462678474,0.34536415488810235,6.636329112017873,-6.290964957129771
2023-11-28 00:00:00+05:30,1514.5185744814355,1516.5410061695156,1505.2453024968618,1508.056884765625,14244669,0.0,0.0,1478.3845092773438,1503.0422998046874,1489.039583082702,1505.8377292151854,58.2985024960403,1.8183084202416921,6.4874187018971705,-4.669110281655478
2023-11-29 00:00:00+05:30,1513.236150477089,1541.9441068847843,1512.3482507065737,1538.14599609375,17021244,0.0,0.0,1482.0371337890624,1501.3701342773438,1493.7163843218493,1507.1047200731684,67.63683385683262,5.3518741082154975,8.01678751189678,-2.6649134036812834
2023-11-30 00:00:00+05:30,1548.0112049713134,1551.2666767344967,1521.3749357275026,1537.8006591796875,34745720,0.0,0.0,1486.096697998047,1499.7107934570313,1497.9148866892626,1508.3084823910713,67.45014480845589,8.031798991879896,8.557369916448943,-0.5255709245690474
2023-12-01 00:00:00+05:30,1536.9128545820597,1544.6570796267445,1531.190940812592,1534.446533203125,11076768,0.0,0.0,1490.08720703125,1497.6124487304687,1501.3940911191542,1509.333503991544,65.55745811814289,9.772359161955364,8.23834406921953,1.5340150927358351
2023-12-04 00:00:00+05:30,1566.6072601267956,1590.2839441589383,1552.4506002177452,1587.718994140625,25331228,0.0,0.0,1496.6303588867188,1497.2247412109375,1509.6155104545323,1512.407444781704,76.72736361325886,15.274334992077684,10.992255919473479,4.282079072604205
2023-12-05 00:00:00+05:30,1614.4539070470291,1616.9202283226891,1594.7233368417492,1601.8262939453125,26115410,0.0,0.0,1503.5335876464844,1498.40857421875,1518.3974898346066,1515.914066317532,78.69755981622258,20.536301965999428,13.003378314716178,7.53292365128325
2023-12-06 00:00:00+05:30,1616.3776484976167,1616.3776484976167,1594.8713984440155,1605.8712158203125,19306530,0.0,0.0,1510.1088073730468,1499.8775170898436,1526.7283208808644,1519.4417976705822,79.2402316999366,24.747565562764294,13.771713529184835,10.975852033579459
2023-12-07 00:00:00+05:30,1603.1088193847468,1611.9875759228776,1594.427320377126,1608.4853515625,10225193,0.0,0.0,1517.1723510742188,1501.866357421875,1534.514704755306,1522.9337017447751,79.60189175095624,27.97350011444678,13.598118464693856,14.375381649752923
2023-12-08 00:00:00+05:30,1608.4854305052345,1632.7047546432427,1608.4854305052345,1630.928955078125,16864019,0.0,0.0,1525.1459655761719,1504.2774340820313,1543.6970143098602,1527.168809718632,82.43169946176276,31.97252831869855,14.0777173351565,17.89481098354205
2023-12-11 00:00:00+05:30,1627.8213910221475,1641.2874086355528,1624.8124309426578,1628.758544921875,11593810,0.0,0.0,1533.3020874023437,1506.5138940429688,1551.7981124633855,1531.1527209030728,81.2577064764773,34.56817264496476,13.33868932913817,21.22948331582659
2023-12-12 00:00:00+05:30,1631.9154023573187,1633.9378339598777,1609.8665143887497,1612.5794677734375,18290738,0.0,0.0,1540.3606994628906,1508.63986328125,1557.5868129691048,1534.345926662695,72.92055262518744,34.91721919478573,10.95018870316731,23.96703049161842
2023-12-13 00:00:00+05:30,1610.4583681767715,1613.960592449305,1593.3421231427492,1608.9293212890625,14673457,0.0,0.0,1547.3699829101563,1510.75498046875,1562.4765756662437,1537.2707656676507,71.14697211032747,34.50159190948398,8.427649134292444,26.073942775191533
2023-12-14 00:00:00+05:30,1623.8259265459485,1636.6014225729195,1622.8393980365036,1627.9200439453125,17586183,0.0,0.0,1554.559307861328,1513.1986108398437,1568.709286930917,1540.825639325598,74.60735937481631,35.29770690458099,7.3790113035115645,27.918695601069427
2023-12-15 00:00:00+05:30,1627.772076668304,1645.5295902319583,1624.4178555766669,1634.23388671875,69418565,0.0,0.0,1561.8694885253906,1516.1286010742188,1574.9497250059487,1544.4887078508198,75.652845967424,36.02285902335461,6.4833307378281475,29.539528285526465
2023-12-18 00:00:00+05:30,1638.32790639653,1642.274020576254,1628.709253083453,1633.395263671875,9007377,0.0,0.0,1569.298046875,1518.6176123046876,1580.515966783656,1547.9752394516454,75.20990752914983,36.113582531209204,5.259243396546189,30.854339134663014
2023-12-19 00:00:00+05:30,1627.7720997740344,1636.3055957762012,1621.902303099734,1630.633056640625,12004223,0.0,0.0,1576.583563232422,1520.9290502929687,1585.2890229605102,1551.2167224786642,73.6797354471973,35.55276440488478,3.7587402161774115,31.794024188707372
2023-12-20 00:00:00+05:30,1635.6642628809595,1646.4667018508794,1622.2967534548702,1634.677734375,17116260,0.0,0.0,1583.4424072265624,1523.354921875,1589.9927097618902,1554.489703337344,74.49792352015061,35.0308696305367,2.5894763534634606,32.44139327707324
2023-12-21 00:00:00+05:30,1634.6776913765395,1666.9864990968665,1628.0186241364722,1663.9775390625,18294620,0.0,0.0,1592.0325988769532,1526.7179956054688,1597.038883980996,1558.7833439540168,79.47534340169918,36.5600718806279,3.2949428828437277,33.265128997784174
2023-12-22 00:00:00+05:30,1660.9194254050003,1663.1884892167195,1644.6417044994485,1648.3411865234375,24289425,0.0,0.0,1599.4093627929688,1529.5986596679688,1601.9248175564665,1562.2954162116412,71.45958472296121,36.094181453730016,2.2632419647566735,33.83093948897334
2023-12-26 00:00:00+05:30,1650.7088976124296,1663.2377620371465,1646.0722615940474,1659.784912109375,9022928,0.0,0.0,1606.8255920410156,1532.4171728515626,1607.4353027519815,1566.1185336978267,73.56127804069719,36.23072767365716,1.919830547747047,34.31089712591011
2023-12-27 00:00:00+05:30,1658.8477554342537,1683.5109691635766,1655.9867985564829,1680.3541259765625,13504539,0.0,0.0,1615.4404541015624,1535.4448315429688,1614.379952582894,1570.5983608460124,76.85974499822976,37.565671514302494,2.6038195107139046,34.96185200358859
2023-12-28 00:00:00+05:30,1686.2731985214466,1698.210169182226,1679.0714923638857,1682.2777099609375,22038235,0.0,0.0,1622.647039794922,1538.7891625976563,1620.846405666517,1574.9779431642448,77.14688599819088,38.33691716012254,2.7000521252271596,35.63686503489538
2023-12-29 00:00:00+05:30,1674.1389025534318,1691.797787189989,1673.152374031008,1686.223876953125,12505713,0.0,0.0,1630.0682006835937,1542.333759765625,1627.0728315033368,1579.3405288030244,77.7566697777495,38.81907544998376,2.5457683320707005,36.273307117913056
2024-01-01 00:00:00+05:30,1683.0175981528068,1686.1251869707894,1669.2061993402986,1675.2239990234375,7119843,0.0,0.0,1637.1070739746094,1545.4294848632812,1631.6586569814417,1583.1006648900993,71.99031148496034,37.87696902799121,1.2829295280625246,36.594039499928684
2024-01-02 00:00:00+05:30,1675.9146849908566,1679.8607990403516,1665.9506506752066,1676.2105712890625,14621046,0.0,0.0,1641.5316528320313,1548.9681616210937,1635.9016964393104,1586.7520337684903,72.18951557259572,36.785906011687985,0.15349320940743638,36.63241280228055
2024-01-03 00:00:00+05:30,1679.0714801971951,1681.7350589343398,1646.4666656223246,1650.363525390625,14194881,0.0,0.0,1643.958514404297,1552.0846044921875,1637.2790134822928,1589.2466020673976,60.12495690553127,33.44999934876364,-2.5459307628135264,35.99593011157717
2024-01-04 00:00:00+05:30,1655.3949095411936,1672.1165203200335,1648.193202944364,1668.07177734375,13367028,0.0,0.0,1647.0685424804688,1555.4003271484376,1640.2116576595745,1592.3377854115683,64.50208825622,31.867824776080624,-3.3024842683972366,35.17030904447786
2024-01-05 00:00:00+05:30,1664.4215963779789,1681.9324773951955,1645.628180130009,1659.5382080078125,15944735,0.0,0.0,1649.6211853027344,1558.8758642578125,1642.052281502264,1594.973096101617,61.025604410241144,29.58432264503108,-4.468789119557428,34.05311176458851
2024-01-08 00:00:00+05:30,1655.88807345603,1659.6861840642223,1637.6372963580638,1641.040771484375,8999235,0.0,0.0,1650.126776123047,1562.1698803710938,1641.9559472148458,1596.7796716068235,54.205719280454105,25.982531763905627,-6.456464000546305,32.43899576445193
2024-01-09 00:00:00+05:30,1644.6909820919452,1655.1975345055612,1624.565776983271,1628.2652587890625,12663444,0.0,0.0,1650.1021118164062,1565.8614672851563,1640.652072126676,1598.014400515931,50.04580726728707,21.845389385461885,-8.474885103192037,30.320274488653922
2024-01-10 00:00:00+05:30,1620.866349608442,1637.5879597618186,1619.2879280701331,1633.641845703125,8057912,0.0,0.0,1651.1552307128907,1569.5471362304688,1639.9844315149094,1599.4115552291541,51.72490205335219,18.783989732982718,-9.229027804536962,28.01301753751968
2024-01-11 00:00:00+05:30,1637.6373361341157,1640.4982929149403,1620.866351366477,1626.7855224609375,9157005,0.0,0.0,1652.0480407714845,1572.7809765625,1638.7273925573882,1600.4850441402045,49.442596260116275,15.624451516045383,-9.910852817179439,25.535304333224822
2024-01-12 00:00:00+05:30,1629.745132472177,1633.6912465943856,1611.5929834248475,1619.090576171875,9886776,0.0,0.0,1651.6065673828125,1576.0306005859375,1636.8572195682918,1601.214672847329,46.93931364888204,12.357131539362854,-10.542538235089573,22.899669774452427
2024-01-15 00:00:00+05:30,1625.5029313434814,1658.2557491957923,1621.45818865314,1650.264892578125,14160178,0.0,0.0,1652.4081176757813,1579.9431713867189,1638.1341408073235,1603.1382108759876,56.53949456065007,12.143283504119836,-8.605109016266073,20.74839252038591
2024-01-16 00:00:00+05:30,1650.462244350427,1660.968797367056,1635.7629450465956,1656.5294189453125,12661250,0.0,0.0,1653.5648254394532,1583.936640625,1639.8860720585606,1605.2319837414514,58.17705431986359,12.337088047062934,-6.729043578658384,19.06613162572132
2024-01-17 00:00:00+05:30,1548.8497745172765,1575.2887869914762,1507.8102122203316,1516.78759765625,85072618,0.0,0.0,1647.8725524902343,1584.997158203125,1628.162407829769,1601.7635764439924,30.536575646577415,1.2008399018418459,-14.292233379103578,15.493073280945424
2024-01-18 00:00:00+05:30,1473.8736193832688,1494.5907184509051,1460.1115946015343,1466.12939453125,80535465,0.0,0.0,1639.445135498047,1584.8324096679687,1612.7306922775292,1596.4445889180024,25.75878355695815,-11.578935844720036,-21.65760730053237,10.078671455812332
2024-01-19 00:00:00+05:30,1485.6625178917686,1489.9046385306906,1448.6184456832252,1450.838134765625,54800269,0.0,0.0,1628.7881652832032,1584.5048828125,1597.3123534668716,1590.7345318924192,24.512074404485592,-22.679442569401317,-26.206491220170918,3.5270486507696015
2024-01-23 00:00:00+05:30,1445.2642828511198,1454.8335613317415,1405.8031420224204,1408.1214599609375,57734701,0.0,0.0,1616.7771789550782,1583.2381787109375,1579.2941731329734,1583.5732349539298,21.39660479717421,-34.52556357664048,-30.442089781928065,-4.083473794712415
2024-01-24 00:00:00+05:30,1361.6559602281698,1438.8024406503655,1361.6559602281698,1436.286865234375,43002202,0.0,0.0,1605.602276611328,1582.6511938476563,1565.674429523583,1577.7972988864963,27.90332233942525,-41.166445841677614,-29.66637763757216,-11.500068204105455
2024-01-25 00:00:00+05:30,1432.9327024141237,1437.71734174149,1400.2786318694082,1415.56982421875,49470926,0.0,0.0,1592.3630615234374,1581.5344458007812,1551.3787528278847,1571.43543713482,26.186243428560843,-47.552924439842855,-28.842284988589917,-18.710639451252938
2024-01-29 00:00:00+05:30,1428.542646903035,1443.0939423219131,1426.3229577713412,1435.0537109375,32822749,0.0,0.0,1580.0018615722656,1580.8606469726562,1540.300177409753,1566.0871341466898,30.51682803374032,-50.4603919287631,-25.399801982008128,-25.060589946754973
2024-01-30 00:00:00+05:30,1434.9550566238931,1443.4884316820198,1421.4889187128745,1424.8431396484375,20864384,0.0,0.0,1566.9328247070312,1579.6748388671874,1529.3042690515322,1560.5481539702878,29.53877843320926,-52.9777936034975,-22.333762925394023,-30.64403067810348
2024-01-31 00:00:00+05:30,1420.1077601928353,1455.0801469643789,1417.4441814423517,1442.8472900390625,32880520,0.0,0.0,1555.3139892578124,1578.7711791992188,1521.0702710503447,1555.932433816122,33.581008605812094,-52.91015279210296,-17.812897691199588,-35.097255100903375
2024-02-01 00:00:00+05:30,1445.313654517112,1453.748401096638,1436.4348978486562,1446.5960693359375,16345370,0.0,0.0,1543.8332641601562,1578.0066186523438,1513.977489934687,1551.6447332482717,34.424564719960784,-51.95514522909889,-13.486312102556411,-38.46883312654248
2024-02-02 00:00:00+05:30,1455.12953600114,1460.9007036350267,1422.6234701299595,1426.668212890625,22433877,0.0,0.0,1532.6484985351562,1576.8415283203126,1505.6623206923955,1546.7436932342464,32.091298027158125,-52.20452505737876,-10.988553544669024,-41.215971512709736
2024-02-05 00:00:00+05:30,1426.5202740978511,1432.340816590474,1414.7313061717384,1425.3857421875,19302523,0.0,0.0,1520.5141967773438,1575.3992260742189,1498.0169322633578,1541.9845578990798,31.941253750846418,-51.907290106481014,-8.553054875017018,-43.354235231463996
2024-02-06 00:00:00+05:30,1426.076290502691,1430.170287348474,1413.300674448492,1424.645751953125,20537870,0.0,0.0,1508.7695739746093,1574.0486669921875,1491.0292008052406,1537.3830360972777,31.848722722612735,-51.14190821086777,-6.23013838352302,-44.91176982734475
2024-02-07 00:00:00+05:30,1433.4259318004297,1434.2152027824948,1407.4309295243172,1410.6864013671875,27418543,0.0,0.0,1497.25185546875,1572.2462768554688,1483.3775056206641,1532.4145406176663,30.07854772525283,-51.073002690266776,-4.928986290337619,-46.14401639992916
2024-02-08 00:00:00+05:30,1410.5878185804238,1419.5652042712843,1381.633229816529,1384.14892578125,34553062,0.0,0.0,1485.0460388183594,1569.700048828125,1473.927164683577,1526.600202780944,27.005587820600542,-52.55393798223258,-5.127937265842739,-47.426000716389844
2024-02-09 00:00:00+05:30,1373.3957028690857,1395.1485844742872,1368.3150569071524,1384.69140625,28321062,0.0,0.0,1472.5985168457032,1567.2327392578125,1465.4285210232365,1521.0351519365934,27.169391311206915,-53.072034849003785,-4.516827306091145,-48.55520754291264
2024-02-12 00:00:00+05:30,1380.7946826132295,1394.606082048369,1364.7142193862646,1371.274658203125,17223906,0.0,0.0,1459.8229736328126,1563.8953125,1456.4614864689402,1515.1621913980262,25.637070249317166,-53.94342357914206,-4.310572828983538,-49.632850750158525
2024-02-13 00:00:00+05:30,1373.1983515043971,1385.4313294715068,1365.7007586941838,1375.6646728515625,28790497,0.0,0.0,1447.651678466797,1560.6525927734374,1448.7665518387137,1509.6917004746356,27.086120534581283,-53.66119507861549,-3.222675462765565,-50.43851961584993
2024-02-14 00:00:00+05:30,1357.463182755405,1372.7543741309198,1345.1809514015365,1365.40478515625,45660405,0.0,0.0,1433.408673095703,1557.2717578125,1440.8273359641933,1504.033390069993,25.8198069197318,-53.647004872090065,-2.5667882049921076,-51.08021666709796
2024-02-15 00:00:00+05:30,1366.3420301180138,1396.431150636858,1365.7007624808034,1395.000732421875,20792472,0.0,0.0,1420.3322387695312,1553.417392578125,1436.4628975315916,1499.7575995739883,35.227051916563404,-50.66359504382672,0.33329729861699064,-50.99689234244371
2024-02-16 00:00:00+05:30,1404.7179646122795,1408.4667006817986,1389.4760269300275,1400.7718505859375,16087871,0.0,0.0,1414.5314514160157,1549.3963037109374,1433.063750203434,1495.8758054960254,36.90727213113205,-47.288428686158795,2.96677092502793,-50.255199611186725
2024-02-19 00:00:00+05:30,1409.7492347885666,1409.7492347885666,1396.1350932381858,1398.009521484375,17225878,0.0,0.0,1411.1254577636719,1545.2390698242189,1429.7252522301903,1492.0379120053724,36.42028662447125,-44.32552484496341,4.743739812978653,-49.069264657942064
2024-02-20 00:00:00+05:30,1395.937876512155,1437.6187071005922,1392.7810333716534,1434.70849609375,28066754,0.0,0.0,1410.3189758300782,1541.7635327148437,1430.1998468838626,1489.7896996166812,46.51705898201806,-38.57147372025929,8.39823275014622,-46.96970647040551
2024-02-21 00:00:00+05:30,1444.2777833901084,1444.2777833901084,1415.668455713665,1419.7625732421875,22946568,0.0,0.0,1410.9010314941406,1537.540205078125,1429.2058208227509,1487.0435377980737,43.48813566526921,-34.816020403077346,9.722948853862533,-44.53896925693988
2024-02-22 00:00:00+05:30,1398.650836201605,1409.5520247281615,1393.1755546396816,1400.4266357421875,25280441,0.0,0.0,1409.1080200195313,1532.9735668945314,1426.4649460531734,1483.6467965409802,39.87103405000634,-33.01941785653207,9.215641120326254,-42.235058976858326
2024-02-23 00:00:00+05:30,1403.3862052282425,1414.583279932295,1398.8974522569388,1401.46240234375,14916726,0.0,0.0,1408.4026489257812,1528.7512255859374,1424.0837514141808,1480.423879121481,40.15816247792232,-31.152908350635244,8.865720500978469,-40.01862885161371
2024-02-26 00:00:00+05:30,1394.507402037424,1415.5203867218004,1394.507402037424,1403.1395263671875,11753435,0.0,0.0,1406.8069396972655,1524.6354296875,1422.0890633144672,1477.39312018994,40.65234116309492,-29.201736783169736,8.653513654755187,-37.85525043792492
2024-02-27 00:00:00+05:30,1394.5074902947094,1407.4802444820875,1394.0142260160762,1401.0185546875,16043575,0.0,0.0,1405.6157104492188,1520.0973999023438,1420.082348207137,1474.3980391898444,40.20021273635248,-27.509452107515926,8.276638664327201,-35.78609077184313
2024-02-28 00:00:00+05:30,1401.0185117436736,1405.0138800226289,1385.086051947006,1390.413330078125,12660993,0.0,0.0,1402.9940124511718,1515.2209887695312,1417.2567274329456,1471.1045211854632,37.92870632762472,-26.716090839218623,7.255999946099607,-33.97209078531823
2024-02-29 00:00:00+05:30,1383.2116053864695,1391.3998402229613,1378.4763407748026,1384.494140625,26647850,0.0,0.0,1399.888916015625,1510.2429663085939,1414.136481070284,1467.7080356732884,36.68282842647839,-26.26224067554017,6.1678800878224465,-32.430120763362616
2024-03-01 00:00:00+05:30,1381.1399554156474,1413.4487650869776,1381.1399554156474,1411.4757080078125,17369449,0.0,0.0,1399.1292907714844,1505.8598193359376,1413.8830741119534,1465.5028463530737,45.47494054838743,-23.454999523311244,7.180096992041101,-30.635096515352345
2024-03-04 00:00:00+05:30,1411.672989089437,1417.6415350237946,1405.1126705324766,1413.3994140625,17808237,0.0,0.0,1398.5299743652345,1501.4342529296875,1413.8370112501007,1463.4595744985415,46.05013972585895,-20.834842587449202,7.840203142322515,-28.675045729771718
2024-03-05 00:00:00+05:30,1402.8435369239296,1423.5606355704856,1402.4982760316557,1421.4395751953125,18995836,0.0,0.0,1398.3696655273438,1496.5834936523438,1414.5610649591686,1461.8117313886112,48.4956889822505,-17.903198600467476,8.617477703443392,-26.520676303910868
2024-03-06 00:00:00+05:30,1414.2380047948438,1433.277932931966,1414.2380047948438,1423.166015625,21204765,0.0,0.0,1398.9936462402343,1492.079990234375,1415.3805840702,1460.2962131233717,49.029973364412314,-15.26457973194033,9.004877257576432,-24.269456989516762
2024-03-07 00:00:00+05:30,1426.0270034460111,1431.5022850090345,1421.9822605203683,1426.618896484375,24674023,0.0,0.0,1401.1171447753907,1487.416669921875,1416.4508995382166,1458.9755340394895,50.14391327335,-12.747886934688722,9.217256043862434,-21.965142978551157
2024-03-11 00:00:00+05:30,1410.7357442005489,1426.470825484757,1403.8300447534134,1408.5654296875,25265547,0.0,0.0,1402.3108459472655,1481.9808959960938,1415.6999024095771,1456.9986672021566,44.64943374000873,-12.071006602294347,7.915309101005448,-19.986315703299795
2024-03-12 00:00:00+05:30,1414.6818444053736,1444.2776988908415,1409.995834111841,1439.8876953125,32709227,0.0,0.0,1405.7414978027343,1477.133095703125,1418.003501733665,1456.32764869668,54.05569905497995,-8.904483652671615,8.865465640502542,-17.769949293174157
2024-03-13 00:00:00+05:30,1445.7575898786963,1451.7753899479176,1430.565026125064,1440.726318359375,31533727,0.0,0.0,1408.994580078125,1472.22314453125,1420.167579507542,1455.7158318207073,54.279727043360026,-6.255215302046508,9.21178719290212,-15.467002494948629
2024-03-14 00:00:00+05:30,1442.4033342932184,1446.250819631158,1424.8431987796707,1435.8428955078125,26216079,0.0,0.0,1412.5164855957032,1467.4355224609376,1421.6604667456631,1454.9365009849075,52.66919441391992,-4.497853997811717,8.77531879770953,-13.273172795521248
2024-03-15 00:00:00+05:30,1430.4663637954914,1439.6411272646558,1422.820767713136,1433.0806884765625,71806902,0.0,0.0,1414.4204833984375,1462.5729248046875,1422.7481069105106,1454.0794102983057,51.73416368341653,-3.2900933773537417,7.986463534534005,-11.276556911887747
2024-03-18 00:00:00+05:30,1427.5067339791635,1436.385490444825,1416.4576629922324,1426.569580078125,10718928,0.0,0.0,1415.7103698730468,1458.0970458984375,1423.1120567359976,1453.0005934269261,49.503232617577005,-2.8257528959316005,6.760643212764917,-9.586396108696517
2024-03-19 00:00:00+05:30,1416.1616774508711,1432.8340333708843,1416.1616774508711,1429.8250732421875,18091797,0.0,0.0,1417.3011474609375,1453.3321118164063,1423.751391641349,1452.091749498113,50.64914121610588,-2.1700536008645486,5.933074006265576,-8.103127607130125
2024-03-20 00:00:00+05:30,1429.529242401384,1432.094192544157,1405.457921715519,1411.771728515625,21803047,0.0,0.0,1416.1543090820312,1448.3767822265625,1422.610471343661,1450.5105722046821,44.604253390013376,-3.0717519820518646,4.025100500062608,-7.096852482114473
2024-03-21 00:00:00+05:30,1423.165970752205,1431.6994662468726,1418.9239705151265,1426.2735595703125,14461430,0.0,0.0,1416.4798583984375,1444.0814379882813,1422.9593368890564,1449.5601011209815,49.788322044902706,-2.5863638833827736,3.608390878985359,-6.194754762368133
2024-03-22 00:00:00+05:30,1421.5875440478103,1431.2061967573638,1418.3813264779594,1423.41259765625,22990163,0.0,0.0,1417.6291564941407,1439.984384765625,1423.0025045811703,1448.534708828247,48.81771006671429,-2.4048247122325392,3.031944040108475,-5.436768752341014
2024-03-26 00:00:00+05:30,1407.9734329582216,1418.5786143778769,1402.9915362677496,1406.19775390625,28422145,0.0,0.0,1417.8659240722657,1435.4355029296876,1421.4020521359398,1446.8744360862079,43.342421420824834,-3.6084516469468326,1.4626536843153453,-5.071105331262178
2024-03-27 00:00:00+05:30,1404.3727577780448,1428.443957924619,1402.103693955219,1421.2916259765625,31084334,0.0,0.0,1418.7735290527344,1431.325625,1421.3915353588563,1445.8711886309277,48.76808055453719,-3.306272679681342,1.4118661212646684,-4.718138800946011
2024-03-28 00:00:00+05:30,1421.291575794765,1440.8248884577165,1421.291575794765,1428.3946533203125,27796071,0.0,0.0,1420.142333984375,1427.5117065429688,1422.058498974233,1445.1858343050212,51.13935174957107,-2.4652211915283715,1.8023340875341116,-4.267555279062483
2024-04-01 00:00:00+05:30,1438.358579073338,1453.9457778262265,1435.99088654525,1450.690185546875,12599785,0.0,0.0,1423.1561767578125,1423.5202124023438,1424.7853262668657,1445.4016912164666,57.74976707769142,0.0003769462261971057,3.4143457802309443,-3.413968834004747
2024-04-02 00:00:00+05:30,1445.412277358033,1474.7121260734775,1443.537849094986,1460.210205078125,20612723,0.0,0.0,1426.9419799804687,1419.593828125,1428.1591242488903,1445.9824172502572,60.224293541883284,2.691540840735115,4.8844077397918895,-2.192866899056775
2024-04-03 00:00:00+05:30,1452.2686354934094,1475.5014307142717,1451.578113687724,1462.331298828125,22792193,0.0,0.0,1429.4847595214844,1418.5047021484374,1431.4136170659604,1446.623549861154,60.77551604908836,4.938533811182424,5.705120568191359,-0.7665867570089351
2024-04-04 00:00:00+05:30,1483.7389462877031,1509.38868871023,1483.7389462877031,1507.02099609375,44467533,0.0,0.0,1434.165838623047,1419.3225341796874,1438.614319830512,1448.992077164393,70.15884432346652,10.207708896840131,8.779436523079253,1.428272373760878
2024-04-05 00:00:00+05:30,1518.2673690715094,1533.5585608977656,1509.5366158881382,1528.67529296875,29527951,0.0,0.0,1439.5276245117188,1420.87927734375,1447.191555367487,1452.1169091567208,73.47053334282073,15.947061106151978,11.61503098591288,4.332030120239098
2024-04-08 00:00:00+05:30,1534.0025038656252,1536.2715676761345,1520.7831177809633,1525.7650146484375,10241470,0.0,0.0,1444.6575744628906,1423.2321484375,1454.6747419656729,1455.005070156396,72.30907974109086,20.02981273056048,12.558226088257104,7.471586642303375
2024-04-09 00:00:00+05:30,1533.9037778505833,1533.9037778505833,1519.549860770675,1527.688720703125,10942247,0.0,0.0,1449.7110656738282,1425.060185546875,1461.6284542263825,1457.8554093935227,72.61722465726703,23.15374781694618,12.545728939714241,10.608018877231938
2024-04-10 00:00:00+05:30,1529.0205858636652,1529.0205858636652,1512.2988550997732,1515.653076171875,13903700,0.0,0.0,1455.065447998047,1427.0618505859375,1466.7736563164294,1460.1219845613011,67.55229899152604,24.37730653664198,11.015430127528033,13.361876409113949
2024-04-12 00:00:00+05:30,1500.5098583664476,1509.2406115636873,1493.0615199721349,1498.4874267578125,20542104,0.0,0.0,1457.9954345703125,1428.3305249023438,1469.794015406085,1461.6265117062624,61.01571693992545,23.688791545690492,8.261532109261235,15.427259436429257
2024-04-15 00:00:00+05:30,1477.375789453297,1489.6580209924682,1471.9498827543182,1474.5640869140625,11707624,0.0,0.0,1459.687322998047,1429.3249438476562,1470.2483079306542,1462.1338675967643,53.27812580990948,20.970984410877463,4.434979979558566,16.536004431318897
2024-04-16 00:00:00+05:30,1466.9679526707698,1492.5190661804002,1462.2819420620367,1488.918212890625,10372443,0.0,0.0,1462.3410888671874,1430.2463623046874,1472.026394117318,1463.1842340788764,56.816633784927376,19.747721241722502,2.5693734483228816,17.17834779339962
2024-04-18 00:00:00+05:30,1489.46076346466,1498.388774050203,1470.9633542635945,1474.5640869140625,17117442,0.0,0.0,1464.4152587890626,1430.80572265625,1472.2680791455793,1463.6305028175111,52.53204712152938,17.419220433095006,0.19269811175630736,17.2265223213387
2024-04-19 00:00:00+05:30,1466.523992134222,1514.271875268071,1460.308814404185,1510.671142578125,17288217,0.0,0.0,1468.6203369140626,1432.48578125,1475.925513758203,1465.4752337885157,60.58407331569654,18.276721727934955,0.8401595252770022,17.436562202657953
2024-04-22 00:00:00+05:30,1536.4195301823074,1536.4195301823074,1487.9810042807228,1491.828369140625,21149219,0.0,0.0,1471.7205017089843,1433.8146337890626,1477.4400714136716,1466.5086900768338,55.311112939850325,17.23714427186428,-0.1595343446349382,17.39667861649922
2024-04-23 00:00:00+05:30,1505.7385612573923,1505.935818795379,1482.9990302025244,1487.2904052734375,13413530,0.0,0.0,1475.496435546875,1435.0675268554687,1478.3781984479351,1467.32365930023,54.090115267516445,15.864223001812661,-1.2259644917492452,17.090187493561906
2024-04-24 00:00:00+05:30,1494.59067522319,1501.2497425880458,1488.7208788274686,1491.3350830078125,11220790,0.0,0.0,1478.74951171875,1436.6805004882813,1479.6121874536377,1468.265283759351,55.04271421327112,14.930435922870174,-1.7278012565533878,16.658237179423562
2024-04-25 00:00:00+05:30,1485.9585709155997,1499.227331229123,1485.9585709155997,1490.39794921875,17722602,0.0,0.0,1482.098779296875,1438.8054809570312,1480.6394028598388,1469.1332314244255,54.75920746281695,13.953931830292959,-2.1634442793044855,16.117376109597444
2024-04-26 00:00:00+05:30,1499.3261006811072,1507.4155864169331,1485.2680691978342,1489.4608154296875,12427347,0.0,0.0,1486.2619323730469,1440.900869140625,1481.4795373903007,1469.9303915814946,54.45714060341322,12.955088243758837,-2.529830292670887,15.484918536429724
2024-04-29 00:00:00+05:30,1494.5907220656516,1513.7786537924596,1486.2546041624223,1508.8953857421875,18046675,0.0,0.0,1490.6421203613281,1443.6532836914062,1484.090570566671,1471.4584305681885,59.45251330036877,13.575218242271603,-1.5277602353264985,15.102978477598102
2024-04-30 00:00:00+05:30,1508.5993335038902,1518.7606252206858,1494.4920482143125,1499.6219482421875,26153691,0.0,0.0,1494.2034851074218,1446.1324291992187,1485.5697493929106,1472.5628822416788,56.280354532689195,13.166610340909756,-1.5490945093506774,14.715704850260433
2024-05-02 00:00:00+05:30,1501.4963593609784,1516.294286687138,1499.8685632699328,1511.6082763671875,16737503,0.0,0.0,1497.2493896484375,1449.0564990234375,1488.0496091047464,1474.0940741681693,59.30293507594435,13.652603427125541,-0.8504811385079147,14.503084565633456
2024-05-03 00:00:00+05:30,1512.5948000182832,1519.8457602997444,1486.8956848070363,1499.128662109375,15932621,0.0,0.0,1499.1953125,1451.1390576171875,1489.1047570099493,1475.0758227148833,55.036622167998146,12.882257232772645,-1.29666186628865,14.178919099061295
2024-05-06 00:00:00+05:30,1501.4964276806866,1513.8280343469207,1496.711788379357,1502.1376953125,14396698,0.0,0.0,1501.1856323242187,1453.1663745117187,1490.3459892292399,1476.1370726206721,55.8611550551965,12.371940131089787,-1.445583174377207,13.817523305466993
2024-05-07 00:00:00+05:30,1501.4470640358736,1503.5188703115905,1483.8869282705728,1485.8599853515625,14240301,0.0,0.0,1500.1275817871094,1454.9233837890624,1489.918750764699,1476.5183633160013,50.46942187742769,10.532621491792497,-2.6279214509395974,13.160542942732095
2024-05-08 00:00:00+05:30,1475.7972705476566,1476.7837990537682,1460.4074499374806,1462.676513671875,20843931,0.0,0.0,1496.8276428222657,1455.482744140625,1487.324251993954,1475.9755456828984,43.9612585096518,7.122136253031158,-4.830725351760751,11.95286160479191
2024-05-09 00:00:00+05:30,1455.0801590835492,1466.7212435233162,1425.8296854760365,1428.0,23140639,0.0,0.0,1491.9393920898438,1455.6474926757812,1481.674323232625,1474.0941517345495,36.400301961388024,1.602722097806236,-8.280111605588539,9.882833703394775
2024-05-10 00:00:00+05:30,1439.0,1451.949951171875,1426.800048828125,1437.9000244140625,13638304,19.5,0.0,1487.4499572753907,1456.3969604492188,1477.505342392762,1472.6747741925697,39.59454744337101,-1.9501243337729193,-9.466366429734155,7.516242095961236
2024-05-13 00:00:00+05:30,1432.0,1459.800048828125,1430.300048828125,1455.25,13523601,0.0,0.0,1484.4298034667968,1457.4727124023439,1475.3857859744037,1471.9914497144296,44.824599543414735,-3.3274261997071335,-8.674934636534696,5.347508436827562
2024-05-14 00:00:00+05:30,1452.25,1465.5,1450.300048828125,1460.949951171875,12832571,0.0,0.0,1482.5529296875,1458.6289208984374,1474.0109445646392,1471.5584497715845,46.46454103436882,-3.913892511731774,-7.40912075884747,3.4952282471156955
2024-05-15 00:00:00+05:30,1459.699951171875,1459.699951171875,1435.800048828125,1438.5,19465998,0.0,0.0,1480.7497253417969,1459.3785498046875,1470.6289498441975,1470.2620399766206,41.26256837115265,-6.119651197123176,-7.6919035553910975,1.5722523582679215
2024-05-16 00:00:00+05:30,1446.050048828125,1462.550048828125,1435.5,1460.25,17472618,0.0,0.0,1479.3163146972656,1460.775283203125,1469.6404784304646,1469.8694109579296,47.406001654078445,-6.0430273614938415,-6.09222377580941,0.04919641431556876
2024-05-17 00:00:00+05:30,1446.199951171875,1468.0,1446.199951171875,1464.0999755859375,10460095,0.0,0.0,1478.7931091308594,1462.3673999023438,1469.1128114928904,1469.6431585904004,48.434117484199945,-5.607007473601243,-4.52496311033345,-1.0820443632677936
2024-05-21 00:00:00+05:30,1450.0999755859375,1469.699951171875,1450.0999755859375,1458.800048828125,21884989,0.0,0.0,1476.1995544433594,1463.31388671875,1468.1306436200557,1469.2179385997229,47.07001570079565,-5.624285109367065,-3.633792596879417,-1.990492512487648
2024-05-22 00:00:00+05:30,1457.8499755859375,1465.5999755859375,1448.1500244140625,1459.199951171875,19998139,0.0,0.0,1474.568133544922,1464.2298974609375,1467.2801014821337,1468.8250763476503,47.1908730705253,-5.541826259717936,-2.8410669977842304,-2.700759261933706
2024-05-23 00:00:00+05:30,1458.6500244140625,1495.6500244140625,1457.050048828125,1492.5999755859375,20430960,0.0,0.0,1474.8336120605468,1465.65310546875,1469.6915180634483,1469.757425337387,56.188655241520074,-2.7496776207265157,-0.039134687034247495,-2.710542933692268
2024-05-24 00:00:00+05:30,1487.5,1519.9000244140625,1486.0,1517.199951171875,15530103,0.0,0.0,1476.12685546875,1467.5337841796875,1474.2161307404413,1471.6179165465828,61.40461720146445,1.4316297941222729,3.3137381822516327,-1.8821083881293599
2024-05-27 00:00:00+05:30,1523.3499755859375,1545.0,1519.050048828125,1527.699951171875,14692720,0.0,0.0,1477.9919555664062,1469.5554052734376,1479.3098279243873,1473.8172120220845,63.40716633090677,5.528874865082116,5.928786602569181,-0.39991173748706466
2024-05-28 00:00:00+05:30,1530.0999755859375,1536.050048828125,1524.800048828125,1530.5,13954452,0.0,0.0,1480.0439147949219,1471.9940966796876,1484.185082407779,1476.040066452591,63.944422330543354,8.899325754658094,7.4393899937161265,1.459935760941967
2024-05-29 00:00:00+05:30,1518.0,1523.8499755859375,1501.25,1508.300048828125,17573853,0.0,0.0,1480.0141479492188,1473.36234375,1486.4817458763835,1477.3051638006511,56.821342367800185,9.667639312499205,6.56616284124579,3.101476471253415
2024-05-30 00:00:00+05:30,1499.199951171875,1523.5999755859375,1497.6500244140625,1514.8499755859375,16877675,0.0,0.0,1480.7755493164063,1474.8448168945313,1489.1834820391982,1478.7775093608584,58.297380557241844,10.68192313123177,6.064357327982684,4.617565803249086
2024-05-31 00:00:00+05:30,1519.0,1536.0,1514.0,1531.550048828125,37039794,0.0,0.0,1481.772637939453,1476.7589599609375,1493.2183931619531,1480.847020712516,61.875834404854224,12.68705819792035,6.455593915737012,6.231464282183339
2024-06-03 00:00:00+05:30,1599.0,1599.0,1550.0,1572.199951171875,36318628,0.0,0.0,1485.426202392578,1479.5413452148437,1500.7404463057553,1484.4294885736674,68.87659206964264,17.356178357956423,8.899771260618468,8.456407097337955
2024-06-04 00:00:00+05:30,1557.0,1559.0,1454.0,1483.1500244140625,44765620,0.0,0.0,1484.4768188476562,1480.6729541015625,1499.065168030356,1484.379313508585,48.057405360046594,13.71283186610276,4.205139815011844,9.507692051090917
2024-06-05 00:00:00+05:30,1494.050048828125,1559.5999755859375,1482.3499755859375,1551.800048828125,40815825,0.0,0.0,1487.7738220214844,1483.1124536132813,1504.0875376301437,1487.023263913273,58.47741853415628,16.178441754620053,5.336599762823308,10.841841991796745
2024-06-06 00:00:00+05:30,1564.9000244140625,1565.449951171875,1546.5999755859375,1559.699951171875,23211435,0.0,0.0,1492.6249938964843,1486.0710180664062,1509.3839579674514,1489.8733300802771,59.484651468029135,18.556009327123775,6.171333868261623,12.384675458862151
2024-06-07 00:00:00+05:30,1561.050048828125,1584.3499755859375,1552.050048828125,1573.3499755859375,18356108,0.0,0.0,1499.8924926757813,1489.0125463867187,1515.4759596454023,1493.1469240216757,61.23444947114411,21.296202286450807,7.129221462070923,14.166980824379884
2024-06-10 00:00:00+05:30,1574.0,1580.6500244140625,1557.5999755859375,1561.300048828125,11227029,0.0,0.0,1506.0624938964843,1491.7702954101562,1519.8401586151856,1495.8195955827127,58.819407700887844,22.239137629614333,6.45772544418756,15.781412185426774
2024-06-11 00:00:00+05:30,1556.0,1571.0,1552.199951171875,1564.800048828125,14772663,0.0,0.0,1511.5399963378907,1494.9423413085938,1524.1220529211798,1498.5247113962585,59.32124712873967,23.00366944970392,5.777805811421715,17.225863638282206
2024-06-12 00:00:00+05:30,1575.0,1588.300048828125,1566.4000244140625,1574.1500244140625,19640218,0.0,0.0,1517.2,1497.9995092773438,1528.8866216347876,1501.4904099459764,60.699096802653024,24.08637853555024,5.488411917814425,18.597966617735814
2024-06-13 00:00:00+05:30,1581.75,1585.699951171875,1574.0,1580.75,12060096,0.0,0.0,1524.3125,1501.0466162109376,1533.825991002903,1504.5986291637812,61.68563161281527,25.18666001951533,5.27095472142361,19.91570529809172
2024-06-14 00:00:00+05:30,1584.0,1599.0,1577.699951171875,1596.9000244140625,12770277,0.0,0.0,1531.145001220703,1503.9708129882813,1539.833041803966,1508.218291722616,64.06284985585022,27.04999748847854,5.707433752309456,21.342563736169083
2024-06-18 00:00:00+05:30,1596.9000244140625,1610.5,1589.449951171875,1607.800048828125,16207857,0.0,0.0,1538.3300048828125,1506.9226098632812,1546.306090091981,1512.1234586679302,65.61357005428371,29.07113280929002,6.182855258496751,22.88827755079327
2024-06-19 00:00:00+05:30,1613.4000244140625,1669.9000244140625,1604.0,1657.8499755859375,45065598,0.0,0.0,1548.2825012207031,1510.8329833984376,1556.9293172818816,1517.838224037264,71.66058852951771,34.31593517739452,9.142126101281,25.17380907611352
2024-06-20 00:00:00+05:30,1669.800048828125,1681.449951171875,1652.0,1669.3499755859375,20704371,0.0,0.0,1558.7900024414062,1514.0795629882812,1567.6360466441724,1523.7798613528983,72.84233864253152,38.951424950953424,11.02209269987192,27.929332251081505
2024-06-21 00:00:00+05:30,1672.8499755859375,1672.8499755859375,1643.1500244140625,1665.75,25815388,0.0,0.0,1567.4475036621093,1516.8210571289062,1576.9802326780607,1529.3473177704316,71.83252242483148,41.85215051083537,11.138254607803091,30.71389590303228
2024-06-24 00:00:00+05:30,1647.0,1675.0999755859375,1645.75,1672.4000244140625,14272497,0.0,0.0,1575.2075073242188,1519.7537573242187,1586.0678318910132,1534.9572278348878,72.58848427419586,44.17833743538813,10.771553225884674,33.406784209503456
2024-06-25 00:00:00+05:30,1671.0999755859375,1716.949951171875,1671.0999755859375,1711.3499755859375,37260774,0.0,0.0,1584.3900085449218,1523.426982421875,1597.999464623863,1541.8745904917917,76.55704192513466,48.604510333743974,12.158180899392413,36.44632943435156
2024-06-26 00:00:00+05:30,1707.949951171875,1710.9000244140625,1691.0999755859375,1701.5,23798333,0.0,0.0,1592.940008544922,1527.1439208984375,1607.8566584692094,1548.1344104725058,73.65299921506494,50.73265902122739,11.429063669500664,39.30359535172673
2024-06-27 00:00:00+05:30,1696.0999755859375,1713.0,1686.5999755859375,1696.1500244140625,27537325,0.0,0.0,1602.3325073242188,1531.0971728515624,1616.2655504639572,1553.9389443525668,72.05425561056911,51.39508334193056,9.673190392163065,41.72189294976749
2024-06-28 00:00:00+05:30,1697.5999755859375,1706.5999755859375,1679.0,1683.800048828125,13238023,0.0,0.0,1610.780010986328,1535.2818920898437,1622.6974074510208,1559.0315366849418,68.36514154702769,50.34319456249864,6.897041290184916,43.44615327231372
2024-07-01 00:00:00+05:30,1680.0,1707.300048828125,1680.0,1705.199951171875,10593512,0.0,0.0,1619.4625061035156,1539.6075268554687,1630.5547925672925,1564.763631370704,71.12400253671848,50.65246827483816,5.765052002019544,44.88741627281861
2024-07-02 00:00:00+05:30,1715.0,1734.9000244140625,1702.75,1730.5999755859375,22960845,0.0,0.0,1627.3825073242188,1544.7282446289062,1640.0829052357349,1571.2670174183602,74.0200715045917,52.343753406997166,5.965069707342842,46.378683699654324
2024-07-03 00:00:00+05:30,1791.0,1794.0,1764.6500244140625,1768.6500244140625,61608901,0.0,0.0,1641.6575073242188,1549.887822265625,1652.327392776528,1579.0075274966232,77.63820319275034,56.10765587110882,7.783177737163591,48.32447813394523
2024-07-04 00:00:00+05:30,1759.75,1759.75,1724.8499755859375,1727.1500244140625,22924329,0.0,0.0,1650.4250061035157,1554.5942553710938,1659.4533576943886,1584.81703717966,66.72369721941791,55.1066375068533,5.425727498326452,49.68091000852685
2024-07-05 00:00:00+05:30,1685.0,1685.0,1642.199951171875,1648.0999755859375,41121274,0.0,0.0,1654.8450073242188,1557.8104467773437,1658.3720832078695,1587.2987210387298,51.78877474530032,47.38838118951662,-1.8340230552081849,49.22240424472481
2024-07-08 00:00:00+05:30,1645.300048828125,1654.949951171875,1627.1500244140625,1635.3499755859375,19543900,0.0,0.0,1657.9450073242188,1560.6907446289063,1656.1795015295902,1589.1830839621498,49.85062983527715,39.78418172505599,-7.550578015735056,47.33475974079104
2024-07-09 00:00:00+05:30,1625.0,1646.699951171875,1620.3499755859375,1636.5,24275439,0.0,0.0,1661.7050048828125,1563.6127856445312,1654.305263288677,1591.0386492969676,50.03227412588113,33.46483444291016,-11.095940238304713,44.56077468121487
2024-07-10 00:00:00+05:30,1629.949951171875,1640.0,1620.75,1626.0999755859375,22753591,0.0,0.0,1664.770001220703,1566.3455688476563,1651.6190454122257,1592.4136032690842,48.32751617118292,27.30278166810831,-13.806394410485254,41.10917607859356
2024-07-11 00:00:00+05:30,1623.949951171875,1625.8499755859375,1601.0,1621.9000244140625,22088537,0.0,0.0,1667.1575012207031,1568.6056616210938,1648.7886624600196,1593.569933510064,47.62182756374095,21.828780891597034,-15.424316149597225,37.25309704119426
2024-07-12 00:00:00+05:30,1622.0,1638.4000244140625,1611.1500244140625,1622.699951171875,28024980,0.0,0.0,1669.2549987792968,1571.0672216796875,1646.3040232897201,1594.7122871438605,47.778236237527665,17.355084629807152,-15.918409929109686,33.27349455891684
2024-07-15 00:00:00+05:30,1623.5,1629.800048828125,1615.199951171875,1622.0999755859375,16687847,0.0,0.0,1670.5149963378906,1573.2770556640626,1643.99887588936,1595.786314141589,47.66327210051524,13.604411903545952,-15.735266124296711,29.339678027842663
2024-07-16 00:00:00+05:30,1620.75,1627.0,1616.800048828125,1619.75,14475162,0.0,0.0,1671.1124938964845,1575.689482421875,1641.6894591379926,1596.7260665281933,47.18437202583218,10.323352177784272,-15.213060680046716,25.53641285783099
2024-07-18 00:00:00+05:30,1608.0,1623.949951171875,1599.1500244140625,1614.800048828125,16858532,0.0,0.0,1668.9599975585938,1577.9427294921875,1639.1285629180052,1597.4348501477987,46.13290868190154,7.2402083996987585,-14.636963566505788,21.877171966204546
2024-07-19 00:00:00+05:30,1616.0,1623.0,1603.5,1607.300048828125,13001076,0.0,0.0,1665.8575012207032,1580.3715307617188,1636.0972758618261,1597.8217206842821,44.5143047751094,4.143839816871605,-14.186665719466355,18.33050553633796
2024-07-22 00:00:00+05:30,1617.0,1651.0,1612.6500244140625,1642.550048828125,26872411,0.0,0.0,1664.6975036621093,1583.9690014648438,1636.7118256681404,1599.5757727683545,52.88189008480439,4.482652581700904,-11.078282363709645,15.56093494541055
2024-07-23 00:00:00+05:30,1647.550048828125,1647.800048828125,1605.0,1618.4000244140625,26001076,0.0,0.0,1661.9975036621095,1587.777001953125,1634.9678445963234,1600.313978715245,47.58706988073948,2.7705221441153753,-10.23233024103614,13.002852385151515
2024-07-24 00:00:00+05:30,1608.1500244140625,1621.0,1588.050048828125,1604.050048828125,30864103,0.0,0.0,1656.6325073242188,1591.1000024414063,1632.0232926183996,1600.4604912686912,44.72169918071366,0.25280910901938114,-10.200034620905708,10.452843729925089
2024-07-25 00:00:00+05:30,1593.0,1625.0,1593.0,1616.5999755859375,12767866,0.0,0.0,1652.3875061035155,1594.327001953125,1630.5544052819746,1601.0934122223086,47.6883406287494,-0.7215053407492178,-8.939479256539446,8.217973915790228
2024-07-26 00:00:00+05:30,1605.0,1621.75,1596.449951171875,1618.1500244140625,21905270,0.0,0.0,1648.4875061035157,1597.4710034179689,1629.3730356755068,1601.7622989749266,48.05911405433557,-1.3529842157799976,-7.656766505256181,6.3037822894761835
2024-07-29 00:00:00+05:30,1615.0,1631.8499755859375,1598.300048828125,1605.050048828125,25500574,0.0,0.0,1644.5500061035157,1600.8020043945312,1627.056560737661,1601.8912303417187,45.14674544297048,-2.8773262960551165,-7.34488686842504,4.467560572369924
2024-07-30 00:00:00+05:30,1602.0,1634.75,1599.0,1615.550048828125,27297917,0.0,0.0,1640.0675109863282,1603.9080053710939,1625.960702460562,1602.4268702823622,47.8734200217377,-3.2012145208173024,-6.135020074549781,2.933805553732479
2024-07-31 00:00:00+05:30,1614.0,1627.9000244140625,1609.199951171875,1615.75,18910242,0.0,0.0,1634.3250122070312,1606.941005859375,1624.9882546071751,1602.9493459575635,47.92650442978153,-3.402541503477778,-5.069077645768205,1.6665361422904277
2024-08-01 00:00:00+05:30,1622.9000244140625,1650.050048828125,1617.949951171875,1638.800048828125,13107587,0.0,0.0,1627.8325134277343,1610.541005859375,1626.3036635805988,1604.3552558740562,53.77109308718057,-1.6827505833359737,-2.679429380501121,0.9966787971651476
2024-08-02 00:00:00+05:30,1631.0,1670.5,1631.0,1659.1500244140625,22059619,0.0,0.0,1624.4325134277344,1614.5400073242188,1629.431888421881,1606.5040703266054,58.228608820865425,1.307200475862146,0.24841734295759865,1.0587831329045474
2024-08-05 00:00:00+05:30,1640.0999755859375,1646.0,1601.0,1615.75,20666817,0.0,0.0,1622.8150146484375,1617.0030078125,1628.1288514293208,1606.8666558039934,47.671423499555694,0.1727476433331958,-0.7088283916570813,0.8815760349902771
2024-08-06 00:00:00+05:30,1630.0,1632.949951171875,1593.300048828125,1601.199951171875,22558025,0.0,0.0,1621.1075134277344,1618.6830078125,1625.564194261945,1606.64443209293,44.742606909935716,-1.8787249683657592,-2.2082408026848293,0.32951583431906994
2024-08-07 00:00:00+05:30,1617.0,1630.0,1602.199951171875,1623.5,21173132,0.0,0.0,1620.4575134277343,1620.5990087890625,1625.367604332236,1607.3054347559523,49.830094735385366,-1.6856728349077912,-1.612150935381489,-0.07352189952630228
2024-08-08 00:00:00+05:30,1624.0,1653.300048828125,1619.25,1642.699951171875,16988475,0.0,0.0,1621.2875122070313,1622.8430078125,1627.018304031249,1608.693455007557,53.77610761038041,0.016408819944444986,0.07194457557659781,-0.05553575563215283
2024-08-09 00:00:00+05:30,1652.0,1662.550048828125,1645.800048828125,1650.199951171875,13322309,0.0,0.0,1622.7025085449218,1625.681005859375,1629.2260799494038,1610.321160739491,55.25654668578217,1.948052181210869,1.6028703494744176,0.34518183173645156
2024-08-12 00:00:00+05:30,1652.0,1675.949951171875,1647.3499755859375,1660.0999755859375,19658098,0.0,0.0,1624.572509765625,1628.586005859375,1632.166450962407,1612.2732711256263,57.204943092195336,4.228993489522054,3.107049326228482,1.121944163293572
2024-08-13 00:00:00+05:30,1628.0,1632.4000244140625,1601.1500244140625,1603.199951171875,27027521,0.0,0.0,1623.627508544922,1630.01900390625,1629.4077366966421,1611.9174546568518,45.059903219102566,1.4288288235215987,0.24550772818242117,1.1833210953391775
2024-08-14 00:00:00+05:30,1606.5,1613.699951171875,1603.199951171875,1607.800048828125,16167214,0.0,0.0,1623.030010986328,1630.731005859375,1627.3498616615452,1611.7559877616077,46.057005524677,-0.4143559743965852,-1.2781416557886103,0.863785681392025
2024-08-16 00:00:00+05:30,1628.5,1634.1500244140625,1611.0,1632.0999755859375,13924623,0.0,0.0,1623.8950073242188,1633.7100048828124,1627.8022534638683,1612.553791205699,51.10519466490509,0.08473107314989647,-0.6232436865937029,0.7079747597435994
2024-08-19 00:00:00+05:30,1637.6500244140625,1637.6500244140625,1623.699951171875,1631.550048828125,9751082,0.0,0.0,1625.1075073242187,1635.3050048828125,1628.1591863557023,1613.2987424850098,50.98889973585872,0.43091929128058837,-0.22164437477040888,0.6525636660509972
2024-08-20 00:00:00+05:30,1627.449951171875,1646.0,1627.449951171875,1637.699951171875,15567247,0.0,0.0,1624.8650024414062,1636.8650048828124,1629.0678306239092,1614.2556526295928,52.296262727196066,1.1878291159125638,0.4282123598892532,0.7596167560233106
2024-08-21 00:00:00+05:30,1628.0999755859375,1634.550048828125,1617.800048828125,1625.800048828125,23815452,0.0,0.0,1625.2350036621094,1637.9140063476561,1628.7566133100252,1614.7083740491432,49.542421930210814,0.8180331605997253,0.04673312366113169,0.7713000369385936
2024-08-22 00:00:00+05:30,1632.0,1638.300048828125,1628.0,1631.300048828125,10650319,0.0,0.0,1626.5975036621094,1639.3140063476562,1628.9988452641298,1615.3590279620444,50.831152643033384,0.9577311083107816,0.14914485709775038,0.8085862512130312
2024-08-23 00:00:00+05:30,1634.0,1634.0,1623.0,1625.050048828125,10166711,0.0,0.0,1627.0200073242188,1640.5190063476562,1628.6227694130816,1615.7390679960083,49.29051279874591,0.5576912541434922,-0.2007159976556312,0.7584072517991234
2024-08-26 00:00:00+05:30,1632.199951171875,1647.949951171875,1632.199951171875,1639.949951171875,11182133,0.0,0.0,1628.1100036621094,1641.8350048828124,1629.7015486282048,1616.688514395062,52.95155339419622,1.4265104584524124,0.5344825653226312,0.8920278931297813
2024-08-27 00:00:00+05:30,1643.4000244140625,1647.4000244140625,1632.199951171875,1637.75,17886622,0.0,0.0,1629.7450012207032,1642.9750048828125,1630.468067806471,1617.5144550070204,52.35058563530144,1.915458055428644,0.8187441298390901,1.096713925589554
2024-08-28 00:00:00+05:30,1637.75,1639.75,1630.199951171875,1637.0999755859375,13460594,0.0,0.0,1630.8224975585938,1643.77900390625,1631.099678071182,1618.2825146375662,52.16220782541006,2.224854275807502,0.9025122801743581,1.3223419956331437
2024-08-29 00:00:00+05:30,1642.0,1644.4000244140625,1631.1500244140625,1638.550048828125,24526302,0.0,0.0,1631.9625,1644.39400390625,1631.809237190891,1619.077319899941,52.57220988832272,2.557579615643135,0.9881900960079932,1.569389519635142
2024-08-30 00:00:00+05:30,1656.0,1662.0,1621.1500244140625,1636.9000244140625,222671050,0.0,0.0,1631.867498779297,1643.9750048828125,1632.2940740692884,1619.77624948873,52.02579969382989,2.657489776322336,0.8704802053497551,1.787009570972581
2024-09-02 00:00:00+05:30,1646.800048828125,1646.800048828125,1623.199951171875,1626.949951171875,17024840,0.0,0.0,1630.2574951171875,1643.1270043945312,1631.7851099838203,1620.0575711233632,48.73625844987033,1.9117441475480064,0.09978766126034011,1.8119564862876663
2024-09-03 00:00:00+05:30,1634.0,1639.949951171875,1624.5999755859375,1637.3499755859375,18641430,0.0,0.0,1631.3374938964844,1642.55900390625,1632.3150971840219,1620.7357046316997,52.14238213006311,2.135315825868929,0.25868747166501027,1.8766283542039188
2024-09-04 00:00:00+05:30,1639.0,1644.800048828125,1632.0,1641.800048828125,12341372,0.0,0.0,1633.367498779297,1641.9470043945312,1633.2184259120315,1621.561757345285,53.56412554352514,2.641136335886131,0.6116063853457696,2.0295299505403612
2024-09-05 00:00:00+05:30,1646.0,1649.9000244140625,1642.0,1645.449951171875,11438159,0.0,0.0,1634.4649963378906,1640.62900390625,1634.3833330796356,1622.4985492600533,54.751461108063666,3.298496337414008,1.0151731094989174,2.2833232279150906
2024-09-06 00:00:00+05:30,1638.300048828125,1647.75,1634.0999755859375,1636.949951171875,13014801,0.0,0.0,1634.1774963378907,1639.3380029296875,1634.627772897944,1623.0652709036542,51.45198957661537,3.097869599723026,0.6516370974463483,2.4462325022766778
2024-09-09 00:00:00+05:30,1638.0,1648.5,1630.0999755859375,1646.5,11896457,0.0,0.0,1633.992498779297,1638.3450024414062,1635.7584611933778,1623.9842798878246,54.751320882605796,3.6672073089068817,0.9767798453041632,2.6904274636027186
2024-09-10 00:00:00+05:30,1654.0,1654.0,1638.0,1650.3499755859375,13303323,0.0,0.0,1633.5049987792968,1637.6760009765626,1637.1481292307644,1625.018228738731,56.04810929246664,4.378598639950269,1.3505369410780403,3.0280616988722286
2024-09-11 00:00:00+05:30,1650.4000244140625,1652.5,1639.199951171875,1643.9000244140625,11113342,0.0,0.0,1635.5400024414062,1636.4500024414062,1637.791166867269,1625.7586913142343,53.292531357378685,4.371531940988916,1.0747761936933502,3.296755747295566
2024-09-12 00:00:00+05:30,1654.0,1670.0,1647.050048828125,1666.5999755859375,16212023,0.0,0.0,1638.479998779297,1635.1700024414063,1640.5348629357138,1627.3603103052815,60.628918711818066,6.126999641371185,2.2641951152604953,3.86280452611069
2024-09-13 00:00:00+05:30,1674.0,1674.0,1657.050048828125,1665.949951171875,11930266,0.0,0.0,1640.1724975585937,1633.1160009765624,1642.9553475296339,1628.873629554952,60.33666056825853,7.380688916145573,2.8143075120279057,4.566381404117667
2024-09-16 00:00:00+05:30,1667.0,1677.800048828125,1664.050048828125,1670.949951171875,7586410,0.0,0.0,1642.1424926757813,1631.9919995117189,1645.6215002574666,1630.5236813830668,61.8596486580223,8.677674086796515,3.289034146143077,5.388639940653437
2024-09-17 00:00:00+05:30,1678.0,1678.0,1664.1500244140625,1668.800048828125,10063561,0.0,0.0,1643.6974975585938,1632.4060009765626,1647.8289810737197,1632.02471540052,60.77897634737803,9.42343750547684,3.227838051858722,6.195599453618119
2024-09-18 00:00:00+05:30,1671.8499755859375,1698.9000244140625,1671.0999755859375,1694.800048828125,20458671,0.0,0.0,1647.1474975585938,1633.5950024414062,1652.3024160979487,1634.4864931819948,68.04865232621873,11.974409557087029,4.623048082775128,7.351361474311901
2024-09-19 00:00:00+05:30,1699.199951171875,1719.0,1699.1500244140625,1708.5,15325888,0.0,0.0,1651.0074951171875,1635.0350024414063,1657.6545669457632,1637.388983645446,71.0894203119346,14.92944747383035,6.062468799614759,8.866978674215591
2024-09-20 00:00:00+05:30,1716.5,1744.949951171875,1707.550048828125,1741.199951171875,30311693,0.0,0.0,1656.814990234375,1637.337001953125,1665.6112702053929,1641.4600019798158,76.77171778236516,19.683055080729673,8.652861125211265,11.030193955518408
2024-09-23 00:00:00+05:30,1749.0,1766.3499755859375,1740.25,1759.800048828125,13482675,0.0,0.0,1662.8074951171875,1640.0950024414062,1674.5816300742247,1646.10078813073,79.26783320387932,24.6668516788759,10.909326178685994,13.757525500189907
2024-09-24 00:00:00+05:30,1765.0,1781.6500244140625,1754.25,1768.050048828125,16519518,0.0,0.0,1669.3224975585938,1643.0020043945312,1683.483384241263,1650.8831120796476,80.2800571983763,28.948551558576128,12.152820846708977,16.79573071186715
2024-09-25 00:00:00+05:30,1760.1500244140625,1788.0,1760.1500244140625,1779.0999755859375,15982656,0.0,0.0,1676.4224975585937,1646.1420043945313,1692.589726274089,1655.911224374012,81.57745091499069,32.854737341772534,12.847205303924305,20.00753203784823
2024-09-26 00:00:00+05:30,1773.050048828125,1788.0,1768.050048828125,1783.449951171875,15949822,0.0,0.0,1683.6674926757812,1649.4160034179688,1701.243081026259,1660.9127430719673,82.07734790010639,35.88773294695261,12.704160727283504,23.183572219669106
2024-09-27 00:00:00+05:30,1777.0,1778.199951171875,1750.0,1752.6500244140625,17806751,0.0,0.0,1689.4549926757813,1652.1730029296875,1706.138980396526,1664.5102835167554,68.00627185765927,35.39806032706065,9.77159048591323,25.62646984114742
2024-09-30 00:00:00+05:30,1748.800048828125,1751.449951171875,1724.4000244140625,1732.050048828125,13191767,0.0,0.0,1694.7099975585938,1654.6680029296874,1708.6067011995353,1667.15890176426,60.53166553219007,32.96771409291614,5.8729954014149754,27.094718691501164
2024-10-01 00:00:00+05:30,1724.0,1742.0,1720.0999755859375,1726.199951171875,12286142,0.0,0.0,1699.1524963378906,1656.3410009765626,1710.2822488159486,1669.4742370351469,58.56312354307452,30.22122177059032,2.501202463271323,27.720019307318996
2024-10-03 00:00:00+05:30,1715.6500244140625,1726.1500244140625,1673.3499755859375,1682.0,24236699,0.0,0.0,1701.1624938964844,1657.6130004882812,1707.5887013096678,1669.9654434259255,46.30925514582842,24.199088128041694,-2.8167449434218454,27.01583307146354
2024-10-04 00:00:00+05:30,1674.5,1690.6500244140625,1653.0,1657.6500244140625,24341616,0.0,0.0,1701.7724975585938,1658.685,1702.8326368434196,1669.482485817617,41.19528786207561,17.262670975280344,-7.8025296769465555,25.0652006522269
2024-10-07 00:00:00+05:30,1652.199951171875,1659.0,1613.0,1617.800048828125,47229148,0.0,0.0,1700.8150024414062,1658.7090014648438,1694.7342951276771,1667.4557235827351,34.48379131924372,8.45251508548904,-13.290148453390287,21.742663538879327
2024-10-08 00:00:00+05:30,1630.0,1656.800048828125,1622.0,1651.050048828125,14867203,0.0,0.0,1701.0425048828124,1659.367001953125,1690.573890718196,1666.8123637884369,42.850128447669086,4.106067991373493,-14.10927643800467,18.215344429378163
2024-10-09 00:00:00+05:30,1649.5,1656.75,1628.699951171875,1633.1500244140625,20562821,0.0,0.0,1700.1825073242187,1659.9290014648439,1685.1049510701832,1665.4922720482652,39.896422770854336,-0.7739830241280288,-15.191461962804954,14.417478938676926
2024-10-10 00:00:00+05:30,1639.0,1665.449951171875,1632.5,1662.4000244140625,10877383,0.0,0.0,1701.1075073242187,1660.8660009765624,1682.9425771029337,1665.3710074351593,46.398457804844675,-2.255231164203451,-13.338168082304302,11.08293691810085
2024-10-11 00:00:00+05:30,1664.449951171875,1664.449951171875,1643.25,1651.0,11836297,0.0,0.0,1700.3275085449218,1661.5710009765626,1679.9004269026543,1664.8074385161335,44.38319299491531,-4.299456228185363,-12.305914517028972,8.006458288843609
2024-10-14 00:00:00+05:30,1656.050048828125,1692.050048828125,1654.0,1688.0999755859375,9263754,0.0,0.0,1701.435009765625,1662.5569995117187,1680.6813363010624,1665.7208713424004,51.730877572290424,-2.892518197632853,-8.719181189181171,5.826662991548317
2024-10-15 00:00:00+05:30,1694.0,1698.0,1675.5,1684.0999755859375,9825565,0.0,0.0,1702.092510986328,1663.0559985351563,1681.00692099486,1666.4416205284215,50.94933254834061,-2.076341470588659,-6.32240356970958,4.2460620991209215
2024-10-16 00:00:00+05:30,1680.0999755859375,1707.949951171875,1680.0999755859375,1699.800048828125,10235341,0.0,0.0,1703.642510986328,1664.7369995117188,1682.7967426932662,1667.7497941872334,53.89369229178001,-0.16079726374891834,-3.5254874902958724,3.364690226546954
2024-10-17 00:00:00+05:30,1694.949951171875,1697.6500244140625,1665.199951171875,1673.1500244140625,7347866,0.0,0.0,1702.560009765625,1666.1760009765626,1681.8780076190565,1667.961567921619,48.56467584806452,-0.7841101915489617,-3.3190403344767327,2.534930142927771
2024-10-18 00:00:00+05:30,1663.0999755859375,1691.0,1654.0999755859375,1681.8499755859375,12404862,0.0,0.0,1701.2275085449219,1667.3430004882812,1681.8753379016166,1668.5062113594356,50.292636073442004,-0.5695118484329669,-2.4835535930885904,1.9140417446556235
2024-10-21 00:00:00+05:30,1715.0,1748.1500244140625,1711.050048828125,1728.699951171875,23274177,0.0,0.0,1700.6025085449219,1669.0630004882812,1686.3348248797365,1670.86675017561,58.39786235677228,3.3424309098486447,1.1427113321544171,2.1997195776942275
2024-10-22 00:00:00+05:30,1730.050048828125,1740.0,1710.699951171875,1714.550048828125,19437640,0.0,0.0,1698.3400085449218,1670.3500024414063,1689.0219890652975,1672.5798207110026,55.45664730990951,5.2404858080342365,2.432612984272007,2.8078728237622297
2024-10-23 00:00:00+05:30,1705.050048828125,1746.5,1705.050048828125,1735.800048828125,19018045,0.0,0.0,1696.7275085449219,1671.86400390625,1693.4770423760428,1675.0590453430468,58.81166090038299,8.363001915637824,4.444103273500476,3.9188986421373486
2024-10-24 00:00:00+05:30,1738.0999755859375,1768.6500244140625,1738.0999755859375,1749.6500244140625,15416129,0.0,0.0,1695.2550109863282,1674.7930053710938,1698.8268501891876,1677.9841817772044,60.87983373815686,11.818954161605234,6.320044415574308,5.498909746030926
2024-10-25 00:00:00+05:30,1755.0,1757.8499755859375,1728.699951171875,1743.4000244140625,13065239,0.0,0.0,1693.2525146484375,1677.5050048828125,1703.0719144010804,1680.5495089394342,59.42962266741847,13.89334462027955,6.7155478993988975,7.177796720880652
2024-10-28 00:00:00+05:30,1742.0,1751.0,1728.9000244140625,1734.199951171875,11006071,0.0,0.0,1692.330010986328,1679.5470043945313,1706.0364893316323,1682.6534478505105,57.26710848366874,14.626341619917866,5.95883591922977,8.667505700688096
2024-10-29 00:00:00+05:30,1726.1500244140625,1764.0,1725.0999755859375,1751.8499755859375,17897463,0.0,0.0,1693.3200073242188,1681.9530029296875,1710.399678498709,1685.3670371734686,60.255079199314125,16.44192421825028,6.219534814049746,10.222389404200532
2024-10-30 00:00:00+05:30,1742.0,1754.75,1724.199951171875,1734.5999755859375,16357862,0.0,0.0,1693.740008544922,1683.8910034179687,1712.7044686974925,1687.2977406406244,56.12464120972961,16.300948485111803,4.862847264729016,11.438101220382787
2024-10-31 00:00:00+05:30,1728.0,1738.9000244140625,1719.4000244140625,1735.699951171875,11447956,0.0,0.0,1696.4250061035157,1686.0890014648437,1714.8945146474337,1689.1958665438108,56.33021235477069,16.092478957626554,3.7235021897950134,12.36897676783154
2024-11-01 00:00:00+05:30,1733.0,1744.0999755859375,1726.0999755859375,1737.300048828125,879846,0.0,0.0,1700.4075073242188,1688.2090014648438,1717.0283750455947,1691.0823050647643,56.64840830505804,15.873401175535719,2.803539526163341,13.069861649372378
2024-11-04 00:00:00+05:30,1745.0,1745.0,1710.9000244140625,1714.0999755859375,14044624,0.0,0.0,1705.2225036621094,1689.99,1716.7494798589605,1691.984958810693,50.86169522622631,13.670147484486051,0.48022866809093756,13.189918816395114
2024-11-05 00:00:00+05:30,1703.0,1762.699951171875,1697.9000244140625,1757.8499755859375,22116203,0.0,0.0,1710.5625,1692.3480004882813,1720.6638127853394,1694.5679006450164,59.304133957952686,15.278194906205272,1.6706208718481257,13.607574034357146
2024-11-06 00:00:00+05:30,1771.5,1771.5,1745.3499755859375,1755.25,13893955,0.0,0.0,1716.667498779297,1694.6980004882812,1723.957735377212,1696.9475908158,58.659134580820215,16.156545176694408,2.0391769138698095,14.117368262824598
2024-11-07 00:00:00+05:30,1744.300048828125,1760.949951171875,1738.0,1746.550048828125,9447728,0.0,0.0,1720.875,1696.887001953125,1726.109384277299,1698.8927852476556,56.44682414446778,15.966577971182232,1.4793677666861065,14.487210204496126
2024-11-08 00:00:00+05:30,1752.0,1761.800048828125,1745.8499755859375,1754.449951171875,9951493,0.0,0.0,1726.0474975585937,1699.205,1728.8084858863062,1701.0714976368408,57.995965383699605,16.265979601451363,1.42301551756419,14.842964083887173
2024-11-11 00:00:00+05:30,1754.550048828125,1782.800048828125,1751.199951171875,1766.300048828125,12282681,0.0,0.0,1729.957501220703,1701.7930004882812,1732.379110928384,1703.6294800364992,60.27832279272583,17.2604931749363,1.9340232728393012,15.326469902097
2024-11-12 00:00:00+05:30,1772.0,1775.0,1708.6500244140625,1718.199951171875,15697703,0.0,0.0,1731.6625,1703.6180004882813,1731.0287147610975,1704.200871061416,48.708943300427,14.005924871898287,-1.0564360241589696,15.062360896057257
2024-11-13 00:00:00+05:30,1716.75,1729.4000244140625,1673.0,1681.3499755859375,17864250,0.0,0.0,1730.7399963378907,1704.4980004882811,1726.2974062682251,1703.3047575133578,42.050191666597456,8.356838549307668,-5.3644178773996725,13.72125642670734
2024-11-14 00:00:00+05:30,1673.0999755859375,1704.8499755859375,1672.0999755859375,1692.75,13573235,0.0,0.0,1731.7199951171874,1705.5169995117187,1723.102415195061,1702.8908454540106,44.57452550185482,4.745085246413055,-7.1809369442354285,11.926022190648483
2024-11-18 00:00:00+05:30,1700.0,1718.9000244140625,1695.0,1705.0999755859375,13540984,0.0,0.0,1732.8824951171875,1706.71,1721.387897137049,1702.9774780082037,47.2550552265174,2.846472189788301,-7.263640000688147,10.110112190476448
2024-11-19 00:00:00+05:30,1714.0,1753.75,1702.699951171875,1742.25,25490636,0.0,0.0,1733.5599975585938,1708.8160009765625,1723.3747640763777,1704.5175769098428,54.399358014514185,4.290051119312011,-4.65604885693155,8.946099976243561
2024-11-21 00:00:00+05:30,1749.4000244140625,1759.0,1734.199951171875,1741.199951171875,17858256,0.0,0.0,1734.8924926757813,1710.71,1725.0724009426156,1705.9561013907069,54.17599002183875,5.288406201802445,-2.9261550195528923,8.214561221355337
2024-11-22 00:00:00+05:30,1743.550048828125,1754.300048828125,1729.550048828125,1745.5999755859375,12386806,0.0,0.0,1735.3824890136718,1712.615,1727.0274080515032,1707.5107631238534,55.009627122571516,6.361325593459242,-1.4825885023168768,7.843914095776118
2024-11-25 00:00:00+05:30,1785.050048828125,1803.550048828125,1764.9000244140625,1785.5999755859375,213868637,0.0,0.0,1737.1799865722655,1715.4489990234374,1732.6057478166874,1710.5730851811902,61.811202501295114,10.320321406370113,1.9811258484751946,8.339195557894918
2024-11-26 00:00:00+05:30,1810.0,1810.0,1769.800048828125,1785.550048828125,15467783,0.0,0.0,1739.2874877929687,1717.8280004882813,1737.648062198729,1713.5133582653839,61.79864431482589,13.300505491003378,3.969047946486768,9.33145754451661
2024-11-27 00:00:00+05:30,1789.9000244140625,1817.3499755859373,1785.1500244140625,1812.300048828125,16357488,0.0,0.0,1743.1924926757813,1720.7550024414063,1744.7577752110524,1717.3873461305895,65.80704786754737,17.61773797336832,6.629024343081369,10.988713630286952
2024-11-28 00:00:00+05:30,1819.0,1836.0999755859373,1788.0,1793.1500244140625,17861196,0.0,0.0,1745.2574951171875,1723.19900390625,1749.3665608494343,1720.3584315534708,60.881985868733615,19.271775857024068,6.626449781389692,12.645326075634376
2024-11-29 00:00:00+05:30,1801.300048828125,1804.5999755859373,1782.9000244140625,1796.050048828125,13834768,0.0,0.0,1748.3299987792968,1725.74400390625,1753.8126073235953,1723.326730270124,61.35368426156046,20.57939408543143,6.347254407837642,14.23213967759379
2024-12-02 00:00:00+05:30,1803.5,1808.1500244140625,1775.0,1804.699951171875,7555438,0.0,0.0,1751.7799987792969,1727.942001953125,1758.6590210234315,1726.5178369721536,62.794757236061656,22.05937899168589,6.26179145127368,15.79758754041221
2024-12-03 00:00:00+05:30,1822.699951171875,1837.4000244140625,1816.0999755859373,1826.300048828125,21705121,0.0,0.0,1756.229998779297,1730.2980029296875,1765.1010236714976,1730.4308648880742,66.18560783143664,24.69060710458689,7.1144156513397405,17.576191453247148
2024-12-04 00:00:00+05:30,1838.0,1865.0,1831.1500244140625,1860.0999755859373,22334542,0.0,0.0,1763.5299987792969,1732.6760034179688,1774.1485429014442,1735.5159280526964,70.68756300657951,29.167026625521885,9.272668137819789,19.894358487702096
2024-12-05 00:00:00+05:30,1860.0,1879.949951171875,1835.199951171875,1865.75,19841357,0.0,0.0,1768.925,1734.7950024414063,1782.8724911965448,1740.623146560434,71.37365867156089,32.79251934731337,10.318528687689021,22.473990659624352
2024-12-06 00:00:00+05:30,1857.0,1864.199951171875,1844.0,1855.8499755859373,8891578,0.0,0.0,1773.9549987792968,1736.5510009765626,1789.8227278050583,1745.1418457379048,68.35460288649463,34.46955563651454,9.596451981512153,24.87310365500239
2024-12-09 00:00:00+05:30,1853.6500244140625,1880.0,1849.0,1870.0,13473956,0.0,0.0,1780.1274963378905,1738.3690014648437,1797.4586584902909,1750.0382439442615,70.28904357137277,36.51943438459989,9.317064583678,27.20236980092189
2024-12-10 00:00:00+05:30,1877.699951171875,1877.699951171875,1858.550048828125,1868.0999755859373,6662740,0.0,0.0,1785.8099975585938,1740.062001953125,1804.1864029755907,1754.668115773347,69.67316220409813,37.5577199532363,8.284280121851527,29.273439831384774
2024-12-11 00:00:00+05:30,1861.699951171875,1871.9000244140625,1856.75,1863.0999755859373,7022713,0.0,0.0,1790.6499938964844,1742.2710009765624,1809.7972194146712,1758.9203455699192,67.98498533311518,37.54432294913954,6.616706494203811,30.92761645493573
2024-12-12 00:00:00+05:30,1851.0,1868.6500244140625,1848.699951171875,1859.25,8646895,0.0,0.0,1797.7024963378906,1744.815,1814.5070080418454,1762.8548418220794,66.64592943310926,36.79885062911285,4.696987339341696,32.10186328977115
2024-12-13 00:00:00+05:30,1862.5,1875.0,1829.25,1871.75,9504501,0.0,0.0,1807.2224975585937,1747.7260009765625,1819.9587215616698,1767.125240181998,68.79498116118992,36.79258199514197,3.752574964296656,33.04000703084532
2024-12-16 00:00:00+05:30,1865.0999755859373,1869.949951171875,1855.25,1865.199951171875,6553541,0.0,0.0,1815.8449951171874,1751.39,1824.267410095975,1770.97130727964,66.38139070162799,35.84587097089661,2.2446911520410353,33.60117981885558
2024-12-17 00:00:00+05:30,1856.3499755859373,1862.3499755859373,1826.5,1833.25,10539766,0.0,0.0,1822.2524963378905,1754.9019995117187,1825.1228948487394,1773.4136089549484,56.05132562883315,32.146931801769824,-1.1633984136686024,33.31033021543843
2024-12-18 00:00:00+05:30,1829.8499755859373,1836.0,1807.1500244140625,1810.699951171875,11711156,0.0,0.0,1825.6749938964845,1758.7599975585938,1823.7492811652285,1774.8758184536514,50.122710838298644,27.083691443067664,-4.981311017896616,32.06500246096428
2024-12-19 00:00:00+05:30,1799.5999755859375,1801.0999755859375,1779.0,1793.5,12690385,0.0,0.0,1828.2899963378907,1761.6089965820313,1820.8683972447307,1775.6061785142924,46.11603917003207,21.436043302817325,-8.503167326517566,29.93921062933489
2024-12-20 00:00:00+05:30,1782.199951171875,1797.550048828125,1767.050048828125,1771.5,12846174,0.0,0.0,1829.5849975585938,1764.37599609375,1816.166645126185,1775.445151905889,41.5418398875297,15.01197660258913,-11.941787221396613,26.953763823985742
2024-12-23 00:00:00+05:30,1782.0,1806.0,1781.300048828125,1801.0,5522296,0.0,0.0,1830.354998779297,1767.1479956054689,1814.722202733215,1776.4473028115403,48.86598580735803,12.161075608363717,-11.834150572497624,23.99522618086134
2024-12-24 00:00:00+05:30,1802.050048828125,1808.699951171875,1789.550048828125,1798.0999755859375,7242917,0.0,0.0,1830.9824951171875,1770.0899951171875,1813.1391334810933,1777.2964272340657,48.22630960059654,9.557534983181085,-11.550152958144203,21.10768794132529
2024-12-26 00:00:00+05:30,1798.550048828125,1812.0,1780.75,1790.75,5240839,0.0,0.0,1829.9049926757812,1772.1429956054687,1811.0068350543224,1777.824018322926,46.56266598880851,6.822483335704646,-11.428163684496514,18.25064702020116
2024-12-27 00:00:00+05:30,1794.800048828125,1805.949951171875,1789.0999755859375,1798.25,3629665,0.0,0.0,1830.1599914550782,1774.42599609375,1809.7918983824823,1778.6250372122229,48.514406343645575,5.200178103798862,-10.440375133121838,15.6405532369207
2024-12-30 00:00:00+05:30,1792.199951171875,1815.0,1771.0,1777.9000244140625,11111109,0.0,0.0,1829.252490234375,1775.9879956054688,1806.7545770521565,1778.5966053377851,43.83602384988464,2.246520076461138,-10.715226528367651,12.96174660482879
2024-12-31 00:00:00+05:30,1770.300048828125,1781.800048828125,1765.5999755859375,1772.8499755859375,7058618,0.0,0.0,1827.6599914550782,1777.9819946289062,1803.525567388707,1778.371247308301,42.73468272475583,-0.49605372698965766,-10.766240265454758,10.2701865384651
2025-01-01 00:00:00+05:30,1773.449951171875,1794.0,1761.0999755859375,1782.75,3656903,0.0,0.0,1825.482489013672,1779.9999951171876,1801.5469419231158,1778.5429631001325,45.61912760338737,-1.8493953151585174,-9.695665482898894,7.846270167740377
2025-01-02 00:00:00+05:30,1777.0999755859375,1803.449951171875,1773.0,1793.75,9279288,0.0,0.0,1822.164990234375,1781.30099609375,1800.8043760256762,1779.1393174883626,48.71042491945513,-2.0111370686795453,-7.885925789135937,5.874788720456392
2025-01-03 00:00:00+05:30,1791.0,1795.25,1746.300048828125,1749.199951171875,12213097,0.0,0.0,1816.3374877929687,1781.993994140625,1795.889668896743,1777.9652246916378,39.03287661439378,-5.668788923753482,-9.2348621153679,3.566073191614417
2025-01-06 00:00:00+05:30,1740.0999755859375,1757.199951171875,1705.800048828125,1710.5,9408174,0.0,0.0,1809.0699890136718,1781.4879931640626,1787.7573194780055,1775.3195296056913,32.915196104431644,-11.557044585470976,-12.098494221668314,0.5414496361973384
2025-01-07 00:00:00+05:30,1715.0,1721.0,1700.0,1713.4000244140625,6763953,0.0,0.0,1801.239990234375,1780.7629931640624,1780.6756723290584,1772.8913137158236,33.75310667814319,-15.807305112640961,-13.07900379907064,-2.7283013135703214
2025-01-08 00:00:00+05:30,1708.25,1711.6500244140625,1683.3499755859375,1694.300048828125,9869095,0.0,0.0,1792.5499938964845,1779.7809936523438,1772.4494224718267,1769.8093033280707,31.006234881022813,-20.480785856023886,-14.201987633962851,-6.2787982220610346
2025-01-09 00:00:00+05:30,1684.1500244140625,1689.0,1658.0999755859375,1667.800048828125,20210111,0.0,0.0,1782.7849975585937,1778.4529956054687,1762.4828154581407,1765.8089404065042,27.644723168203125,-26.022905687950697,-15.79528597271173,-10.227619715238967
2025-01-10 00:00:00+05:30,1671.0,1674.9000244140625,1654.0,1656.75,8726640,0.0,0.0,1772.6599975585937,1776.55099609375,1752.4130235097464,1761.5321192140923,26.36134071529569,-30.949950412211138,-16.577864557577737,-14.3720858546334
2025-01-13 00:00:00+05:30,1640.0,1646.75,1624.300048828125,1630.8499755859375,10834533,0.0,0.0,1760.6149963378907,1774.47599609375,1740.8355903741456,1756.4073292678902,23.596260734542806,-36.52356346382521,-17.721182087353448,-18.802381376471764
2025-01-14 00:00:00+05:30,1639.9000244140625,1656.199951171875,1637.0,1646.5999755859375,13330716,0.0,0.0,1749.6849975585938,1772.6939965820313,1731.8607699181257,1752.1011585352646,28.50723190098811,-39.217721114362575,-16.332271790312646,-22.88544932404993
2025-01-15 00:00:00+05:30,1656.5,1662.699951171875,1636.300048828125,1643.050048828125,7011446,0.0,0.0,1740.175,1770.8089965820313,1723.4026060047922,1747.8246444291024,28.069298720859674,-41.16478783418893,-14.623470808111197,-26.54131702607773
2025-01-16 00:00:00+05:30,1652.8499755859375,1660.550048828125,1642.8499755859375,1652.050048828125,10606227,0.0,0.0,1732.2425048828125,1769.567998046875,1716.6071243689191,1744.0687779349464,30.96484753364313,-41.50320434876312,-11.969509858148307,-29.533694490614813
2025-01-17 00:00:00+05:30,1643.5,1650.5,1628.5,1636.75,11556038,0.0,0.0,1724.4050048828126,1767.1459985351562,1709.0016839528316,1739.8601984080858,28.83945734605273,-42.51589121856455,-10.385757382359785,-32.13013383620476
2025-01-20 00:00:00+05:30,1626.0,1660.949951171875,1626.0,1651.25,8778809,0.0,0.0,1718.3925048828125,1765.0659985351563,1703.5015235763715,1736.3852886665923,33.49814259382694,-41.668100119764404,-7.630373026847714,-34.03772709291669
2025-01-21 00:00:00+05:30,1658.25,1661.050048828125,1633.050048828125,1642.4000244140625,15579072,0.0,0.0,1710.4625061035156,1762.982998046875,1697.682333179961,1732.6995920292381,32.116148065890584,-41.23500713901558,-5.757824036879114,-35.477183102136465
2025-01-22 00:00:00+05:30,1642.4000244140625,1671.9000244140625,1625.449951171875,1666.050048828125,15309653,0.0,0.0,1703.860009765625,1761.215,1694.6697346702624,1730.085884452724,39.32060193122668,-38.539163031164435,-2.449583943222379,-36.089579087942056
2025-01-23 00:00:00+05:30,1687.0,1687.0,1651.25,1664.9000244140625,17454579,0.0,0.0,1697.5675109863282,1759.1869995117188,1691.834524169672,1727.5295762159137,39.10327782568535,-36.079581554839706,0.007998026481885745,-36.08757958132159
2025-01-24 00:00:00+05:30,1660.0,1670.300048828125,1644.5,1649.800048828125,12118100,0.0,0.0,1690.1450134277343,1757.8190014648437,1687.8312408038105,1724.4813594556083,36.268789500459484,-34.94595216508924,0.9133019329858811,-35.85925409807512
2025-01-27 00:00:00+05:30,1641.0999755859375,1643.5999755859375,1626.0,1629.800048828125,11402083,0.0,0.0,1682.7400146484374,1756.7880029296875,1682.30446061565,1720.7683668819816,32.87017462330752,-35.254978117107385,0.48342078477418937,-35.738398901881574
2025-01-28 00:00:00+05:30,1647.0,1684.300048828125,1647.0,1670.4000244140625,15089656,0.0,0.0,1677.6175170898437,1756.3410034179688,1681.1707047869274,1718.7931377655925,44.28395766663963,-31.85658184340423,3.105453646781875,-34.9620354901861
2025-01-29 00:00:00+05:30,1675.0,1681.1500244140625,1668.8499755859375,1677.300048828125,6309945,0.0,0.0,1672.34501953125,1755.7850048828125,1680.8020708860893,1717.1659578072606,45.965451056822225,-28.280553392590264,5.345185678076675,-33.62573907066694
2025-01-30 00:00:00+05:30,1681.0,1697.9000244140625,1672.550048828125,1691.5,12872423,0.0,0.0,1667.23251953125,1754.7700048828126,1681.8209212778902,1716.1594496579562,49.353028943747255,-24.02377655396731,7.681570013359703,-31.705346567327013
2025-01-31 00:00:00+05:30,1687.25,1704.699951171875,1683.949951171875,1698.75,7910843,0.0,0.0,1664.7100219726562,1753.921005859375,1683.4332144895197,1715.476726141958,51.040703738606645,-19.83657217551354,9.495019513450782,-29.33159168896432
2025-02-01 00:00:00+05:30,1697.5,1713.0,1676.050048828125,1690.949951171875,2793764,0.0,0.0,1663.73251953125,1752.8280053710937,1684.1490941735537,1714.5148918294058,49.14336793714064,-16.952167259304588,9.903539543727788,-26.855706803032376
2025-02-03 00:00:00+05:30,1670.0,1686.800048828125,1663.449951171875,1678.0,10138270,0.0,0.0,1661.9625183105468,1750.676005859375,1683.5634661570248,1713.0829352870762,46.08068547490641,-15.532163304369533,9.058834798930278,-24.59099810329981
2025-02-04 00:00:00+05:30,1688.699951171875,1725.800048828125,1680.050048828125,1720.9000244140625,14308251,0.0,0.0,1663.2925170898438,1749.3830053710938,1687.1193288481713,1713.38948780186,55.888328707724874,-10.820395713434209,11.01648191189248,-21.83687762532669
2025-02-05 00:00:00+05:30,1733.0,1744.199951171875,1718.9000244140625,1737.800048828125,11837753,0.0,0.0,1666.7925170898438,1747.8930053710938,1691.9460640843572,1714.3467647048508,59.04845922221309,-5.657380460002059,12.943597732259704,-18.600978192261763
2025-02-06 00:00:00+05:30,1735.5,1749.0,1724.0,1743.8499755859375,13380358,0.0,0.0,1671.1475158691405,1746.9070043945312,1696.8892937511746,1715.5037533668542,60.14907906296482,-1.0651962270887907,14.028625572138377,-15.093821799227168
2025-02-07 00:00:00+05:30,1750.0,1767.0,1725.0,1732.75,11754800,0.0,0.0,1676.2425170898437,1745.6410034179687,1700.3045991082054,1716.1800767642326,57.11601502251511,1.6593397630917934,13.40252924985517,-11.743189486763377
2025-02-10 00:00:00+05:30,1717.300048828125,1723.449951171875,1708.5,1715.75,8597975,0.0,0.0,1679.700018310547,1743.8620043945311,1701.7755896693286,1716.1632110087726,52.73044904726084,2.418912521630773,11.32968160671532,-8.910769085084548
2025-02-11 00:00:00+05:30,1703.0,1711.0,1688.699951171875,1701.4000244140625,11362352,0.0,0.0,1682.6175170898437,1741.36400390625,1701.7398215497794,1715.5842625148623,49.290012132262554,1.8417260319029083,8.601996093589964,-6.760270061687057
2025-02-12 00:00:00+05:30,1693.0,1712.0,1681.199951171875,1706.800048828125,11404785,0.0,0.0,1685.3550170898438,1738.2980053710937,1702.221747957241,1715.239783546755,50.59630573220741,1.7992972421334343,6.847653843056393,-5.048356600922959
2025-02-13 00:00:00+05:30,1699.0,1714.25,1693.550048828125,1697.699951171875,6301217,0.0,0.0,1688.4025146484375,1734.9370043945312,1701.791100644349,1714.5519469830342,48.336567605471984,1.0196167847827837,4.854378708564594,-3.83476192378181
2025-02-14 00:00:00+05:30,1701.9000244140625,1701.9000244140625,1680.0,1694.8499755859375,9979946,0.0,0.0,1690.5825134277343,1731.7170043945312,1701.1300411149764,1713.7793206537365,47.61926605011271,0.16978798331024336,3.203639925673643,-3.0338519423633996
2025-02-17 00:00:00+05:30,1685.199951171875,1720.0,1681.25,1717.3499755859375,6469473,0.0,0.0,1694.330010986328,1728.66400390625,1702.6747967788774,1713.9193463373522,53.487671458249295,1.2969045863353585,3.4646052229590065,-2.167700636623648
2025-02-18 00:00:00+05:30,1713.050048828125,1731.550048828125,1706.1500244140625,1723.050048828125,8175455,0.0,0.0,1697.1800109863282,1725.7630053710936,1704.615296974044,1714.2774131016963,54.8671775550837,2.6199003078961596,3.830080755615846,-1.2101804477196865
2025-02-19 00:00:00+05:30,1717.0,1737.9000244140625,1712.449951171875,1727.199951171875,5942056,0.0,0.0,1700.2950073242187,1723.0450048828125,1706.7662164214564,1714.7841793005268,55.89284532561918,3.9576253444279246,4.1342446337180885,-0.17661928929016424
2025-02-20 00:00:00+05:30,1711.0,1714.699951171875,1685.300048828125,1687.0999755859375,13195255,0.0,0.0,1702.1600036621094,1719.6020043945311,1704.8932411037881,1713.6985242528958,45.20298074280982,1.7617409206736738,1.5506881679710705,0.2110527527026034
2025-02-21 00:00:00+05:30,1680.9000244140625,1694.949951171875,1677.25,1692.5,7840470,0.0,0.0,1705.2950012207032,1716.0170043945313,1703.7129324272369,1712.8672095763118,46.681841964114795,0.452013010071596,0.19276820589519406,0.25924480417640194
2025-02-24 00:00:00+05:30,1681.0999755859375,1684.199951171875,1661.0999755859375,1677.0999755859375,10346823,0.0,0.0,1705.6299987792968,1712.2550048828125,1701.178365109018,1711.4645729492383,43.10873411302018,-1.8077702122923256,-1.653612013174982,-0.15415819911734355
2025-02-25 00:00:00+05:30,1671.0999755859375,1688.0,1671.0999755859375,1682.3499755859375,12069354,0.0,0.0,1705.8824951171875,1709.2370043945311,1699.385185154439,1710.3228240330307,44.66373472135585,-3.1388508541749616,-2.3877541240460944,-0.7510967301288671
2025-02-27 00:00:00+05:30,1682.550048828125,1710.75,1682.550048828125,1700.699951171875,17893400,0.0,0.0,1706.3424926757812,1707.0370043945313,1699.5104009656234,1709.945456469848,49.8258301874303,-2.68213420658185,-1.544829981162386,-1.1373042254194639
2025-02-28 00:00:00+05:30,1685.0,1737.25,1685.0,1732.4000244140625,27258364,0.0,0.0,1708.0249938964844,1705.8150048828124,1702.642746055951,1710.826027761778,57.24583336324898,0.2350386301582148,1.097874284462143,-0.8628356543039282
2025-03-03 00:00:00+05:30,1739.800048828125,1743.050048828125,1694.0999755859375,1701.550048828125,10602682,0.0,0.0,1708.554998779297,1704.416005859375,1702.5386796533007,1710.462263882027,49.5639294847236,0.05692768764129141,0.7358106735561757,-0.6788829859148843
2025-03-04 00:00:00+05:30,1698.0,1714.300048828125,1693.25,1710.0,9960479,0.0,0.0,1710.1549987792969,1702.596005859375,1703.2492815910816,1710.4441358866534,51.48432687032788,0.5908035077829936,1.0157491949583024,-0.4249456871753087
2025-03-05 00:00:00+05:30,1701.949951171875,1710.800048828125,1688.25,1690.0,10791936,0.0,0.0,1708.6099975585937,1700.4340063476564,1701.987445249074,1709.642405067569,46.929649176202844,-0.5930921147016761,-0.13451714202109388,-0.4585749726805822
2025-03-06 00:00:00+05:30,1687.0,1699.9000244140625,1672.25,1691.199951171875,16483044,0.0,0.0,1706.2799926757812,1698.4430053710937,1700.9600648607693,1708.9191715814634,47.231281182663984,-1.4181641799777935,-0.767671365837769,-0.6504928141400246
2025-03-07 00:00:00+05:30,1682.0,1701.1500244140625,1677.5999755859375,1689.25,6686457,0.0,0.0,1703.5499938964845,1696.2630053710936,1699.844820588315,1708.1478315194452,46.766121926126786,-2.2039784080218396,-1.242788475105452,-0.9611899329163875
2025-03-10 00:00:00+05:30,1689.0,1699.9000244140625,1683.050048828125,1687.5,7802025,0.0,0.0,1701.2874938964844,1694.4550048828125,1698.669123389428,1707.3381126363297,46.32517330413713,-2.934129402552344,-1.5783515757087652,-1.3557778268435787
2025-03-11 00:00:00+05:30,1682.4000244140625,1694.0,1670.050048828125,1685.5,9949215,0.0,0.0,1699.7749938964844,1692.7080053710938,1697.4149211618633,1706.4817160623559,45.79375135953124,-3.6322918124828902,-1.821211188511449,-1.8110806239714412
2025-03-12 00:00:00+05:30,1691.550048828125,1718.5,1691.550048828125,1711.1500244140625,9392053,0.0,0.0,1700.2624938964843,1691.276005859375,1698.7230262335013,1706.6647869781093,53.2075485361303,-2.0917357209934835,-0.2245240776176336,-1.8672116433758499
2025-03-13 00:00:00+05:30,1716.050048828125,1720.800048828125,1700.050048828125,1706.5999755859375,7868132,0.0,0.0,1700.252490234375,1689.5330053710939,1699.4732118861143,1706.6622453548869,51.8527458018572,-1.2238767441954224,0.5146679193443422,-1.7385446635397646
2025-03-17 00:00:00+05:30,1705.0,1724.0,1705.0,1710.4000244140625,9475326,0.0,0.0,1700.8874938964843,1688.7570068359375,1700.5138606982998,1706.808824925835,52.93069526637537,-0.2268451408231158,1.209359618173319,-1.4362047589964348
2025-03-18 00:00:00+05:30,1710.4000244140625,1710.4000244140625,1710.4000244140625,1710.4000244140625,0,0.0,0.0,1701.6649963378907,1688.7550073242187,1701.455400099801,1706.9496562783147,52.93069526637536,0.5568901055892184,1.5944758916685227,-1.0375857860793043
2025-03-19 00:00:00+05:30,1735.0,1751.0,1732.199951171875,1744.0999755859375,7610703,0.0,0.0,1703.0024963378905,1689.3690063476563,1705.5167882413377,1708.4065315452804,61.74065409196549,3.8528965590180633,3.9123858760778942,-0.05948931705983074
2025-03-20 00:00:00+05:30,1754.0,1774.0,1749.300048828125,1768.75,8916989,0.0,0.0,1705.2874938964844,1690.8580053710937,1711.53899888502,1710.7729420729163,66.65671490547035,8.357713858307534,6.733762540293892,1.6239513180136422
2025-03-21 00:00:00+05:30,1755.550048828125,1774.0999755859375,1755.550048828125,1770.3499755859375,16754132,0.0,0.0,1707.4449951171875,1692.90900390625,1717.1400442851073,1713.1092963283288,66.95352964992482,11.919517898984395,8.236453264776603,3.683064634207793
2025-03-24 00:00:00+05:30,1779.0,1804.4000244140625,1773.6500244140625,1800.0,8696868,0.0,0.0,1713.0899963378906,1695.77400390625,1725.0314686389065,1716.5167749036884,71.93871219890272,16.93951426133185,10.605159701699247,6.3343545596326045
2025-03-25 00:00:00+05:30,1804.9000244140625,1843.699951171875,1801.5,1821.449951171875,19550708,0.0,0.0,1719.5374938964844,1699.5860034179686,1734.214181261094,1720.6318014240094,74.88986058152182,22.39062416279262,12.845015682528011,9.545608480264608
2025-03-26 00:00:00+05:30,1825.0,1827.5,1802.0,1806.550048828125,12239221,0.0,0.0,1726.0099975585938,1702.7850048828125,1741.103311505573,1724.001144459465,69.42777508725325,25.217676757167283,12.537654621522138,12.680022135645144
2025-03-27 00:00:00+05:30,1800.0,1841.0,1798.0999755859375,1825.3499755859373,20829050,0.0,0.0,1733.1599975585937,1706.4310034179687,1749.1268033227504,1727.975608425209,72.18442105487372,28.64493232880045,12.771928154524243,15.873004174276208
2025-03-28 00:00:00+05:30,1829.0,1836.0,1805.8499755859373,1828.199951171875,14386824,0.0,0.0,1739.5349975585937,1709.9540014648437,1756.6575793083814,1731.9059748074312,72.5879412432884,31.231014577489987,12.28640832257102,18.944606254918966
2025-04-01 00:00:00+05:30,1802.0,1809.9000244140625,1765.3499755859375,1767.8499755859375,14255503,0.0,0.0,1741.3074951171875,1712.5760009765625,1757.7235218110059,1733.3155434654118,54.543582085220244,28.086995328696275,7.313911259021847,20.77308406967443
2025-04-02 00:00:00+05:30,1770.699951171875,1799.199951171875,1770.699951171875,1796.9000244140625,5786782,0.0,0.0,1746.0749938964843,1715.4890014648438,1761.4546172970113,1735.8090525222217,59.73259845319134,27.621035478139447,5.478361126772015,22.142674351367432
2025-04-03 00:00:00+05:30,1781.0999755859375,1804.0,1777.0,1794.8499755859375,5625019,0.0,0.0,1750.3174926757813,1718.5380004882813,1764.6351276102423,1738.1243828384459,59.218848480821705,26.77766092542379,3.707989259245082,23.069671666178706
2025-04-04 00:00:00+05:30,1813.0,1841.949951171875,1811.0999755859373,1817.300048828125,16770227,0.0,0.0,1756.6824951171875,1721.5630004882812,1769.6508343928979,1741.2293109164727,62.97445515628427,27.602627891471457,3.6263649802342,23.976262911237257
2025-04-07 00:00:00+05:30,1762.800048828125,1779.8499755859375,1738.199951171875,1757.699951171875,18997725,0.0,0.0,1760.0074951171875,1723.4189990234374,1768.5126550385146,1741.8752183774689,49.849560078779,23.17998592486788,-0.6370215890955038,23.817007513963382
2025-04-08 00:00:00+05:30,1765.0,1782.0,1750.300048828125,1769.1500244140625,17781936,0.0,0.0,1764.0024963378905,1725.8059985351563,1768.573356883805,1742.944818614198,51.92264899142611,20.36418981736324,-2.7622541572801147,23.126443974643355
2025-04-09 00:00:00+05:30,1765.0,1775.0,1753.5,1765.0,11227304,0.0,0.0,1767.8774963378905,1728.5099975585938,1768.2330371805854,1743.8097276881513,51.098177463432535,17.59495513808406,-4.425191069247436,22.020146207331496
2025-04-11 00:00:00+05:30,1774.75,1819.4000244140625,1774.75,1806.75,16387883,0.0,0.0,1773.9399963378905,1731.2369970703126,1771.901319353863,1746.2779736611649,58.27603599966166,18.555298849325936,-2.77187788640445,21.327176735730387
2025-04-15 00:00:00+05:30,1865.0,1876.800048828125,1855.0,1864.9000244140625,24649172,0.0,0.0,1781.6274963378905,1734.9889965820312,1780.758338883406,1750.9298187887296,65.8046496699197,23.734996880060862,1.9262561154643798,21.808740764596482
2025-04-16 00:00:00+05:30,1883.800048828125,1883.800048828125,1860.5,1878.0,9568410,0.0,0.0,1790.1974975585938,1738.7189965820312,1790.0194494659388,1755.9129631499559,67.23879950010081,28.56769285538303,5.407161672629236,23.160531182753793
2025-04-17 00:00:00+05:30,1882.0,1919.699951171875,1876.699951171875,1906.699951171875,17851542,0.0,0.0,1800.0124938964843,1742.8779956054686,1801.1318781998375,1761.8261783665018,70.18867756919396,34.31789016194875,8.925887183355968,25.392002978592785
2025-04-21 00:00:00+05:30,1924.0,1950.699951171875,1910.0,1927.0999755859373,17123649,0.0,0.0,1810.8474914550782,1747.60099609375,1813.1288398556565,1768.3075037476563,72.1109386283159,40.05929580938914,11.733834264637082,28.32546154475206
2025-04-22 00:00:00+05:30,1935.0,1970.5999755859373,1935.0,1961.699951171875,22980875,0.0,0.0,1821.727490234375,1753.2749951171875,1827.2784695048201,1775.891521293704,75.04953270485834,46.861143918263,14.828545898808748,32.03259801945425
2025-04-23 00:00:00+05:30,1978.9000244140625,1978.9000244140625,1920.5,1923.9000244140625,15285321,0.0,0.0,1829.4849914550782,1757.3349951171874,1836.4805223533194,1781.695776318032,66.77201645609075,48.64081829162069,13.286576217733156,35.354242073887534
2025-04-24 00:00:00+05:30,1910.0,1923.9000244140625,1905.0999755859373,1916.800048828125,12965877,0.0,0.0,1836.8074951171875,1760.9149951171876,1844.1300010652058,1786.9939830831336,65.31483228210146,48.914458927235046,10.848173482678007,38.06628544455704
2025-04-25 00:00:00+05:30,1924.800048828125,1933.0,1891.800048828125,1911.199951171875,9250439,0.0,0.0,1842.3674926757812,1764.2619946289062,1850.517615361079,1791.8648053611234,64.1261157111004,48.124688570283524,8.046722500581183,40.07796606970234
2025-04-28 00:00:00+05:30,1911.199951171875,1929.699951171875,1908.4000244140625,1920.199951171875,6960246,0.0,0.0,1847.3049926757812,1768.0109936523438,1857.1540282954404,1796.8975561772315,65.22160376117293,47.675441839677205,6.0779806159798895,41.597461223697316
2025-04-29 00:00:00+05:30,1918.800048828125,1928.800048828125,1900.199951171875,1908.800048828125,9459154,0.0,0.0,1852.4174926757812,1771.8719946289064,1862.072696917601,1801.2858892223646,62.613409704060764,45.8707641077674,3.4186423072560643,42.452121800511335
2025-04-30 00:00:00+05:30,1913.0,1936.9000244140625,1910.300048828125,1925.0,15968435,0.0,0.0,1857.3999938964844,1776.343994140625,1868.0657734016388,1806.1374229783503,64.76948852511447,45.22640285450848,2.2194248431977144,43.006978011310764
2025-05-02 00:00:00+05:30,1929.800048828125,1941.9000244140625,1920.0,1921.9000244140625,8920202,0.0,0.0,1862.0849975585938,1780.6459936523438,1873.1928449266316,1810.6771328385744,64.00878122468788,43.95886931470659,0.7615130427166577,43.19735627198993
2025-05-05 00:00:00+05:30,1939.0,1952.0,1932.300048828125,1936.800048828125,7534012,0.0,0.0,1870.5325012207031,1785.4279956054688,1879.2506738696309,1815.6231295440468,66.07143348728208,43.65343764202703,0.3648650960296749,43.288572545997354
2025-05-06 00:00:00+05:30,1930.0,1940.0999755859373,1924.300048828125,1931.699951171875,8745078,0.0,0.0,1877.2724975585938,1790.1649951171876,1884.2458431365112,1820.175161764746,64.70452231010584,42.50981885305259,-0.6230029543558118,43.132821807408405
2025-05-07 00:00:00+05:30,1934.0,1948.699951171875,1922.4000244140625,1945.5999755859373,10710389,0.0,0.0,1884.8099975585938,1794.7299951171874,1890.0890938459804,1825.0937819145968,66.72505405633929,42.238212702663986,-0.715687283795539,42.953899986459525
2025-05-08 00:00:00+05:30,1954.800048828125,1954.800048828125,1919.0999755859373,1928.5,17401715,0.0,0.0,1890.3699951171875,1798.838994140625,1893.7472753844586,1829.1489277218675,62.02122465367333,40.17996809134229,-2.219145516093789,42.39911360743608
2025-05-09 00:00:00+05:30,1910.0999755859373,1919.0,1886.800048828125,1889.699951171875,8594398,0.0,0.0,1896.9699951171874,1802.088994140625,1893.361815935641,1831.5234776610835,52.907402785182086,35.01433131736462,-5.9078258320571635,40.922157149421786
2025-05-12 00:00:00+05:30,1917.5999755859373,1959.9000244140625,1912.300048828125,1957.199951171875,9309486,0.0,0.0,1906.372491455078,1807.4909936523438,1899.441638339092,1836.4519668183693,63.07350495784461,35.95277166462006,-3.975508387841387,39.928280052461446
2025-05-13 00:00:00+05:30,1950.0,1961.699951171875,1920.0,1922.5999755859373,12121051,0.0,0.0,1914.252490234375,1812.0929931640626,1901.647194267363,1839.830320103372,56.357510477304295,33.51818674276956,-5.1280746477535075,38.646261390523065
2025-05-14 00:00:00+05:30,1922.0999755859373,1930.199951171875,1903.0,1910.5999755859373,7722654,0.0,0.0,1919.4449890136718,1816.7629931640624,1902.499840107227,1842.6056007105315,54.201910849155404,30.271509818325285,-6.699801257758224,36.97131107608351
2025-05-15 00:00:00+05:30,1913.5,1944.800048828125,1897.0,1933.800048828125,16120729,0.0,0.0,1922.889990234375,1821.7919946289062,1905.4808123663602,1846.1818535778882,57.58006232183674,29.233560693783375,-6.190200305840108,35.42376099962348
2025-05-16 00:00:00+05:30,1933.800048828125,1943.800048828125,1928.4000244140625,1934.699951171875,7934005,0.0,0.0,1925.7249877929687,1826.4719946289063,1908.2635874906948,1849.6531515227505,57.710365917045905,28.15899378096492,-5.811813774926854,33.970807555891774
2025-05-19 00:00:00+05:30,1937.0,1945.0,1931.0,1938.699951171875,5101482,0.0,0.0,1927.3249877929688,1830.5979931640625,1911.1622887936644,1853.1451828815398,58.32318208767378,27.315284732107784,-5.324418259027198,32.63970299113498
2025-05-20 00:00:00+05:30,1928.0999755859373,1934.5999755859373,1913.0,1914.9000244140625,11939545,0.0,0.0,1926.714990234375,1834.8649926757812,1911.5182636146546,1855.5669413730113,53.36781299494643,24.444404172042823,-6.556239055273728,31.00064322731655
2025-05-21 00:00:00+05:30,1927.0,1946.9000244140625,1921.0999755859373,1926.800048828125,7566020,0.0,0.0,1924.9699951171874,1839.2009936523436,1912.973671730223,1858.3603965673296,55.40790425791169,22.86585976431502,-6.507826770401227,29.373686534716246
2025-05-22 00:00:00+05:30,1915.199951171875,1924.199951171875,1905.199951171875,1919.9000244140625,10653335,0.0,0.0,1924.7699951171876,1843.798994140625,1913.633324366779,1860.7737153064172,53.9345131873551,20.818099551277783,-6.844469586750769,27.66256913802855
2025-05-23 00:00:00+05:30,1920.0999755859373,1937.0,1914.5,1933.5999755859373,4783036,0.0,0.0,1925.6099914550782,1848.6469946289062,1915.5349101971751,1863.6296470820848,56.41283666431548,20.069359312024517,-6.074567860803231,26.14392717282775
2025-05-26 00:00:00+05:30,1935.0,1949.9000244140625,1926.9000244140625,1940.199951171875,5401430,0.0,0.0,1927.059991455078,1853.6659936523438,1917.8839617185752,1866.632404105214,57.596404095958604,19.7805225979605,-5.090723659893801,24.8712462578543
2025-05-27 00:00:00+05:30,1931.5999755859373,1948.0,1916.300048828125,1926.300048828125,13081074,0.0,0.0,1927.3649963378907,1858.4419946289063,1918.6854938242466,1868.9723117414067,54.25500528526596,18.219982847577512,-5.321010728221431,23.540993575798943
2025-05-28 00:00:00+05:30,1920.199951171875,1934.5,1917.699951171875,1923.5,9078797,0.0,0.0,1928.0999938964844,1863.2019946289063,1919.1440182219374,1871.11065245743,53.580664268813635,16.566336893351945,-5.579725345957598,22.146062239309543
2025-05-29 00:00:00+05:30,1928.0,1940.800048828125,1907.300048828125,1927.5,14458897,0.0,0.0,1928.2249938964844,1867.528994140625,1919.9398260103244,1873.3219994198837,54.45161151859384,15.401043488835057,-5.396015000379592,20.79705848921465
2025-05-30 00:00:00+05:30,1931.9000244140625,1948.800048828125,1925.4000244140625,1944.9000244140625,14374039,0.0,0.0,1929.3749938964843,1872.2949951171875,1922.3169877630612,1876.1289807922044,58.13165752767028,15.700589994237589,-4.077174795981648,19.777764790219237
2025-06-02 00:00:00+05:30,1930.0999755859373,1936.0,1908.0,1932.0999755859373,7334411,0.0,0.0,1929.139990234375,1876.728994140625,1923.2487008890494,1878.3239217645078,54.63466299794502,14.735266808543201,-4.03399838534083,18.76926519388403
2025-06-03 00:00:00+05:30,1938.0,1952.0,1920.0,1924.5999755859373,12188792,0.0,0.0,1928.7849914550782,1881.0129931640624,1923.3773937173244,1880.1386689731914,52.636621193162604,13.212745602559835,-4.445215673059359,17.657961275619193
2025-06-04 00:00:00+05:30,1921.0,1943.300048828125,1920.9000244140625,1941.199951171875,6480771,0.0,0.0,1928.564990234375,1884.9549926757813,1925.0747801415673,1882.5332290594145,56.43424882014382,13.193529085040382,-3.5715457524630487,16.76507483750343
2025-06-05 00:00:00+05:30,1948.0,1958.9000244140625,1940.199951171875,1949.5999755859373,11127709,0.0,0.0,1929.6199890136718,1888.5719921875,1927.4105130410312,1885.163297550651,58.25814144053197,13.698207218760444,-2.45349409499439,16.151701313754835
2025-06-06 00:00:00+05:30,1944.0,1996.300048828125,1942.699951171875,1978.699951171875,15063504,0.0,0.0,1934.0699890136718,1892.7389916992188,1932.2952214344448,1888.8314016142283,63.897032670627155,16.25887096321685,0.08573571956961246,16.173135243647238
2025-06-09 00:00:00+05:30,1995.0,1995.0,1977.5999755859373,1978.4000244140625,4476039,0.0,0.0,1935.1299926757813,1896.3069921875,1936.6861550515512,1892.3438966259866,63.801366324634046,18.05587693658981,1.5061933543540569,16.549683582235755
