Date,Open,High,Low,Close,Volume,Dividends,Stock Splits,SMA_20,SMA_50,EMA_20,EMA_50,RSI_14,MACD_12_26_9,MACDh_12_26_9,MACDs_12_26_9
2020-06-09 00:00:00+05:30,640.3338085615588,648.8715709630051,635.9315027713442,638.1993408203125,10078029,0.0,0.0,,,,,,,,
2020-06-10 00:00:00+05:30,635.8870164486704,639.844645799005,630.7287829757898,636.6429443359375,7263049,0.0,0.0,,,,,,,,
2020-06-11 00:00:00+05:30,633.2189072942798,634.4640223640241,622.7690166191285,626.0596313476562,8825715,0.0,0.0,,,,,,,,
2020-06-12 00:00:00+05:30,601.0243418406906,618.2333433719971,600.7575469766981,615.476318359375,9795316,0.0,0.0,,,,,,,,
2020-06-15 00:00:00+05:30,616.3212246907829,626.4598639525142,609.4287434622784,611.4742431640625,7857344,0.0,0.0,,,,,,,,
2020-06-16 00:00:00+05:30,624.325423744747,633.2189482995155,621.7907909593445,623.6139526367188,10131760,0.0,0.0,,,,,,,,
2020-06-17 00:00:00+05:30,622.4578358431633,631.707069264896,620.7680443821375,625.7929077148438,7291916,0.0,0.0,,,,,,,,
2020-06-18 00:00:00+05:30,629.8394324869248,637.3099606940532,627.8828461891886,634.9087524414062,6670195,0.0,0.0,,,,,,,,
2020-06-19 00:00:00+05:30,630.5507590963838,633.1299023907211,623.4359409401482,627.4824829101562,22438862,0.0,0.0,,,,,,,,
2020-06-22 00:00:00+05:30,628.8611071245523,630.2841036395035,622.5467263273672,625.8373413085938,7804096,0.0,0.0,,,,,,,,
2020-06-23 00:00:00+05:30,618.7225696576886,644.3359118176897,615.5208679615816,640.9119262695312,12157390,0.0,0.0,,,,,,,,
2020-06-24 00:00:00+05:30,637.5767615970568,646.3813178477159,630.9066185518167,635.1310424804688,10220838,0.0,0.0,,,,,,,,
2020-06-25 00:00:00+05:30,626.8599940910882,627.5270083662572,616.7658664395689,622.9913330078125,14945284,0.0,0.0,,,,,,,,
2020-06-26 00:00:00+05:30,631.6181201223332,668.4372789410681,631.440238776184,665.4135131835938,26030458,0.0,0.0,,,,,,,,
2020-06-29 00:00:00+05:30,654.0299110812235,662.3008792446229,649.3162989671274,650.7837524414062,8954428,0.0,0.0,,,,,57.36993391673038,,,
2020-06-30 00:00:00+05:30,651.717499851441,657.1870394283036,644.1135468478716,654.5189819335938,10411290,0.0,0.0,,,,,58.865765766963,,,
2020-07-01 00:00:00+05:30,655.6751284039879,660.1663476574207,649.0049846765821,650.9171142578125,5477468,0.0,0.0,,,,,56.79619096349474,,,
2020-07-02 00:00:00+05:30,655.764058245608,680.7548966013774,654.0298642587792,672.8840942382812,17263756,0.0,0.0,,,,,64.90096317038468,,,
2020-07-03 00:00:00+05:30,671.4610577383606,679.4652292875596,669.237676752472,678.30908203125,7796572,0.0,0.0,,,,,66.56891074703812,,,
2020-07-06 00:00:00+05:30,680.5325047911842,689.2481479345191,677.2418898737243,679.4652709960938,8810958,0.0,0.0,640.8407012939454,,640.8407012939454,,66.9296067215388,,,
2020-07-07 00:00:00+05:30,684.2678228961965,708.7694729738242,680.8437832637665,706.279296875,19362533,0.0,0.0,644.2446990966797,,647.072948492141,,73.9494262731816,,,
2020-07-08 00:00:00+05:30,698.0527286852647,698.0527286852647,686.7579422160295,688.9813232421875,8476642,0.0,0.0,646.8616180419922,,651.0642222778597,,64.44561408846852,,,
2020-07-09 00:00:00+05:30,693.6949380641917,702.5884629111684,689.2481756407033,695.2068481445312,6854166,0.0,0.0,650.318978881836,,655.2682818842094,,66.13259580005055,,,
2020-07-10 00:00:00+05:30,687.9140781337458,702.4994791371985,687.9140781337458,695.3401489257812,5206452,0.0,0.0,654.3121704101562,,659.0846501738829,,66.16960976448749,,,
2020-07-13 00:00:00+05:30,700.8097088361494,716.2399516517524,699.0754607561538,708.8583374023438,10804688,0.0,0.0,659.1813751220703,,663.8250013384982,,69.77698978940323,,,
2020-07-14 00:00:00+05:30,705.2120570259717,717.173858690045,694.8955357305508,696.5853271484375,8961822,0.0,0.0,662.8299438476563,,666.9450323680162,,63.18912724715627,28.601500447599392,,
2020-07-15 00:00:00+05:30,710.59268268587,754.571176844873,706.8573911445587,739.0075073242188,30060599,0.0,0.0,668.490673828125,,673.8081252209879,,72.76186624079065,30.970022263325973,,
2020-07-16 00:00:00+05:30,800.5061099286693,849.7762568418333,795.3034198647927,810.2000732421875,90432109,0.0,0.0,677.255239868164,,686.7978345563403,,81.47050167058427,38.15194606952139,,
2020-07-17 00:00:00+05:30,810.2001455679821,818.1154047072049,793.4358722818355,803.21875,31682878,0.0,0.0,686.0420532226562,,697.8855407890699,,78.80953573504645,42.78711476366493,,
2020-07-20 00:00:00+05:30,807.9766549833412,840.4380175666015,806.4202882841438,830.9219360351562,18421053,0.0,0.0,696.2962829589844,,710.5556736696495,,81.40498273785062,48.140995506739614,,
2020-07-21 00:00:00+05:30,840.4380486811324,844.6180159700793,826.3862911045097,833.1008911132812,12877784,0.0,0.0,705.9057312011719,,722.2266467595192,,81.59591928495105,51.960835861457895,,
2020-07-22 00:00:00+05:30,835.0574664909967,835.1019232556906,809.3107030486458,816.3366088867188,14354201,0.0,0.0,714.9660095214844,,731.1895002954429,,75.19825276491963,53.02412033940061,,
2020-07-23 00:00:00+05:30,814.3355733882971,814.4689436835986,800.9952869522857,807.487548828125,13051307,0.0,0.0,724.1908203125,,738.4559811080793,,71.98962078812289,52.547006574261104,,
2020-07-24 00:00:00+05:30,803.3075454527898,823.3179742074954,803.3075454527898,820.7388305664062,18209580,0.0,0.0,731.9570861816406,,746.2924429612533,,73.79295274015179,52.631455511473405,8.31867802953515,44.312777481938255
2020-07-27 00:00:00+05:30,819.5828041838615,847.3750704418038,817.0037144441865,843.5064086914062,16827870,0.0,0.0,741.5932189941407,,755.5509158879346,,76.58254089867656,53.91404760032651,7.6810160947106,46.23303150561591
2020-07-28 00:00:00+05:30,841.3274211500055,860.4929556697439,837.0585402288534,856.31298828125,15818463,0.0,0.0,751.6829193115234,,765.147303734917,,78.00102798675336,55.32612982981061,7.274478659355758,48.05165117045485
2020-07-29 00:00:00+05:30,847.7752446555619,853.7783738466713,839.1929715807505,848.57568359375,11152710,0.0,0.0,761.5658477783203,,773.0928637214726,,75.04342750742613,55.18474396809813,5.706474238114616,49.478269729983516
2020-07-30 00:00:00+05:30,855.5571261948261,865.0287522671754,852.6667304982219,855.0679931640625,12492320,0.0,0.0,770.6750427246094,,780.9000189064811,,75.87020200455062,54.96299063512208,4.38777672411085,50.57521391101123
2020-07-31 00:00:00+05:30,862.0047750532258,877.3016465037645,847.8195940528459,859.1143798828125,12704346,0.0,0.0,779.7153076171875,,788.3490056661318,,76.39507899379437,54.48568208531037,3.1283745394393065,51.357307545871066
2020-08-03 00:00:00+05:30,853.7783331260346,858.5808579625743,842.6169709816252,851.0213623046875,8479792,0.0,0.0,788.2931121826172,,794.3178015364705,,72.97598083774292,52.845206097484265,1.190318841290555,51.65488725619371
2020-08-04 00:00:00+05:30,854.178572357572,863.2944349796632,836.4804368712447,844.7514038085938,11133170,0.0,0.0,795.2167175292968,,799.1210017528632,,70.34908120444116,50.457540687419396,-0.9578772550194543,51.41541794243885
2020-08-05 00:00:00+05:30,846.6635266328617,854.6232418624963,834.4793872945021,840.1712646484375,9614176,0.0,0.0,802.7762145996094,,803.0305506000608,,68.41179747372777,47.64648072445118,-3.0151497743901388,50.66163049884132
2020-08-06 00:00:00+05:30,847.9975522754795,866.5850400003067,838.2146754269946,863.4277954101562,10976491,0.0,0.0,811.1872619628906,,808.7826691534032,,72.54599688172243,46.756325307397105,-3.1242441531553737,49.88056946055248
2020-08-07 00:00:00+05:30,862.1827183081617,862.1827183081617,843.9954503809033,845.6852416992188,8010948,0.0,0.0,818.7045166015625,,812.2971998720523,,65.50261806478645,44.11071406857752,-4.6158843135799685,48.72659838215749
2020-08-10 00:00:00+05:30,843.906639974253,850.932492413375,840.704938287537,846.0855102539062,5716319,0.0,0.0,825.5658752441407,,815.5151341941336,,65.58379834750347,41.56718578533412,-5.727530077458702,47.29471586279282
2020-08-11 00:00:00+05:30,844.7959807021288,855.5571244844961,841.416397699747,843.5064086914062,6802442,0.0,0.0,832.9119293212891,,818.1809698605406,,64.53007107442136,38.89495255233328,-6.719810648367634,45.614763200700914
2020-08-12 00:00:00+05:30,843.1061597539189,852.7111557808378,837.9479261729596,849.2871704101562,6908726,0.0,0.0,838.425912475586,,821.1434651509802,,65.85431735515772,36.81921858891576,-7.036435689428124,43.855654278343884
2020-08-13 00:00:00+05:30,849.153673342286,861.3378122605587,843.3284258916622,845.9520263671875,5097703,0.0,0.0,840.213510131836,,823.5061852668096,,64.36135844083132,34.50728768436136,-7.478693275186025,41.98598095954738
2020-08-14 00:00:00+05:30,850.0875298577134,856.4464216794628,846.7080013554147,848.0864868164062,4663873,0.0,0.0,842.4568969726563,,825.8471663667711,,64.90964744383915,32.472970713102654,-7.610408197155792,40.083378910258446
2020-08-17 00:00:00+05:30,848.5311725556618,864.8508230000228,848.5311725556618,851.5549926757812,9008210,0.0,0.0,843.4885498046875,741.22369140625,828.2955307771531,741.22369140625,65.82962481485116,30.785760212002742,-7.438094958604566,38.22385517060731
2020-08-18 00:00:00+05:30,857.2468769748864,861.9604342613792,852.6222332236648,860.4929809570312,6141761,0.0,0.0,844.858154296875,745.6695642089844,831.3619546038082,745.9009184474572,68.14712651688627,29.826038682727926,-6.718253190303507,36.54429187303143
2020-08-19 00:00:00+05:30,863.4723440854801,864.0503906281122,851.5105423794882,853.1558227539062,6622744,0.0,0.0,846.6991149902344,749.9998217773438,833.4375610942936,750.1069931261414,64.292323237101,28.14892185945439,-6.71629601086164,34.86521787031603
2020-08-20 00:00:00+05:30,852.8000373173586,858.6697414394546,846.0409265142877,849.4649658203125,5656501,0.0,0.0,848.7979858398437,754.4679284667968,834.9639805920096,754.0033842121874,62.380757118105116,26.219728674329986,-6.916391356788836,33.13612003111882
2020-08-21 00:00:00+05:30,856.4907140094734,856.8464766389988,841.8164011905272,843.8174438476562,6513773,0.0,0.0,849.9519165039062,759.0347509765625,835.8071675687379,757.525504197892,59.467202813275044,23.95893763204822,-7.341745919256482,31.3006835513047
2020-08-24 00:00:00+05:30,842.2167470826626,846.663509210871,835.2798090190104,842.572509765625,5798574,0.0,0.0,849.9052215576172,763.6567163085938,836.4514858732033,760.8606808868227,58.81507274524451,21.815315291727643,-7.588294607661648,29.40360989938929
2020-08-25 00:00:00+05:30,842.6614484350185,843.6842254677251,830.2994276370913,834.301513671875,6233918,0.0,0.0,848.8046478271484,767.8704675292969,836.2467266159339,763.7407135450601,54.53612362944439,19.227436957311397,-8.140938353662314,27.36837531097371
2020-08-26 00:00:00+05:30,837.1029478639203,848.664529082758,834.5683152324956,845.5962524414062,5153601,0.0,0.0,848.6556762695312,772.2665344238281,837.1371576469312,766.9507346782501,58.93025967483131,17.88178566316094,-7.58927171825022,25.47105738141116
2020-08-27 00:00:00+05:30,853.7783556011816,854.6232512885985,840.6159501420166,842.26123046875,6154280,0.0,0.0,848.0153381347657,776.413583984375,837.6251645823424,769.9040874543482,57.17312064040687,16.357677789148397,-7.290703673810214,23.64838146295861
2020-08-28 00:00:00+05:30,846.174427767487,847.1082370149295,829.8103204263551,831.7669067382812,7593610,0.0,0.0,846.6479644775391,780.4992724609375,837.0672352638604,772.3300803674437,51.926306884199455,14.140009866176456,-7.606697277425724,21.74670714360218
2020-08-31 00:00:00+05:30,831.7668766220885,845.3295014480568,813.4017268663498,825.8526611328125,12808355,0.0,0.0,845.3895294189454,784.4995788574219,835.9991805847129,774.4290051033405,49.186743200751295,11.769589366931086,-7.981694221336873,19.75128358826796
2020-09-01 00:00:00+05:30,823.7627919942762,831.5446267364623,811.1784318127752,813.0016479492188,6907773,0.0,0.0,843.8020416259766,787.9413732910157,833.8089393813325,775.9416577639632,43.78158797116402,8.753143885732243,-8.798511762028575,17.551655647760818
2020-09-02 00:00:00+05:30,813.7576066054307,823.8962476791257,812.4235777421432,821.7617797851562,5678118,0.0,0.0,842.8815673828125,791.6739880371093,832.6615908483634,777.7385252942062,47.97824125423753,6.9888949071954585,-8.450208592452288,15.439103499647747
2020-09-03 00:00:00+05:30,823.9849415297483,844.351131791865,821.7615606837426,832.0335693359375,8827948,0.0,0.0,841.3118560791015,795.8548327636719,832.6017792757515,779.8677427076074,52.459579160841656,6.346405045929032,-7.274158762974974,13.620563808904006
2020-09-04 00:00:00+05:30,813.7575297054575,826.6531408319374,813.2683966914964,817.4483642578125,8650342,0.0,0.0,839.9000122070313,798.8955297851562,831.1585968930906,781.3414925723214,46.35357611015511,4.607213951286667,-7.210679886093873,11.81789383738054
2020-09-07 00:00:00+05:30,817.2258891980902,824.9187543913033,812.0231454256508,822.6953735351562,6700385,0.0,0.0,838.7305053710937,802.3337622070312,830.3525756209064,782.9632133943934,48.668313482192346,3.610660825742002,-6.56578640931083,10.176447235052832
2020-09-08 00:00:00+05:30,827.0532295755415,846.6634380565283,823.140057518879,835.36865234375,12891964,0.0,0.0,838.323617553711,805.9507556152344,830.8302972135582,785.0183286473094,53.84810548272764,3.799712261106265,-5.101387979157254,8.901100240263519
2020-09-09 00:00:00+05:30,831.544484513945,841.3273608023443,823.5403130052546,825.0966796875,5528947,0.0,0.0,837.1140930175782,809.4343469238281,830.2842384015526,786.5900286881013,49.48911405336675,3.085111296165337,-4.652791155278546,7.737902451443883
2020-09-10 00:00:00+05:30,831.8113424295236,837.7700147495948,822.4731416281746,836.0357666015625,5171884,0.0,0.0,836.6182800292969,812.6973803710938,830.8320029920296,788.5290772337272,53.78009455570899,3.3627144957390556,-3.5001503645638623,6.862864860302918
2020-09-11 00:00:00+05:30,831.4556124767968,848.575646835775,827.9871162705836,841.0606079101562,6671903,0.0,0.0,836.2669860839844,815.9524108886719,831.806155841375,790.5891372602539,55.64410714847289,3.9427303890165604,-2.336107577029087,6.278837966045647
2020-09-14 00:00:00+05:30,851.1102919718684,881.3927319427276,843.3729148248619,870.1424560546875,21871587,0.0,0.0,837.1963592529297,819.7659545898438,835.4572320521667,793.7088752521925,64.55398157554785,6.672146905091154,0.3146471512364055,6.357499753854748
2020-09-15 00:00:00+05:30,871.1207231515052,884.0163336524719,864.1393281447226,873.7443237304688,11608203,0.0,0.0,837.8589263916016,823.1152551269531,839.1036217358145,796.8475202905562,65.47888317383195,9.0218712618489,2.1314972063953217,6.890374055453579
2020-09-16 00:00:00+05:30,876.9015124411186,894.3773097313785,873.3441026543393,890.9088134765625,10059251,0.0,0.0,839.7465759277344,827.1538049316406,844.0374495206477,800.5361984547134,69.55570573076372,12.129257090770807,4.191106428253781,7.9381506625170255
2020-09-17 00:00:00+05:30,884.9057360006723,908.028900961494,884.9057360006723,899.1353759765625,15628241,0.0,0.0,842.2300964355469,831.2323754882813,849.2848710878777,804.4028328673348,71.30481973294471,15.081843485615423,5.714954258478716,9.366889227136706
2020-09-18 00:00:00+05:30,899.1353349420978,906.0722732574046,888.5520189803201,891.2645874023438,12897633,0.0,0.0,844.6024536132812,835.1508642578125,853.2829393083031,807.8091761824332,67.31972138674021,16.59538139034953,5.782793730570258,10.812587659779272
2020-09-21 00:00:00+05:30,890.2418455909096,916.922420383844,889.7971693443608,898.1571044921875,14140637,0.0,0.0,847.3816833496094,838.9368395996094,857.556669325816,811.3522321945806,68.95594583774192,18.141910953757247,5.863458635182379,12.278452318574868
2020-09-22 00:00:00+05:30,897.3566727934049,909.3629315473304,881.5262091445827,896.0226440429688,12625762,0.0,0.0,850.467739868164,842.9255859375,861.2200954893543,814.6726405023605,67.82346196643704,18.97656364191687,5.3584890586736,13.618074583243269
2020-09-23 00:00:00+05:30,907.272876932227,922.2584432315288,896.556137035322,906.9171142578124,13486204,0.0,0.0,853.5337829589844,846.2837780761719,865.5721925149218,818.2900708457116,70.48766076075945,20.283311222235284,5.332189311193613,14.951121911041671
2020-09-24 00:00:00+05:30,892.0204701171157,897.3565845943865,862.6718404921259,867.474365234375,14427432,0.0,0.0,854.7944396972656,847.4292639160157,865.7533518215363,820.2188667040906,53.28552697568853,17.92953733916511,2.3827323424987483,15.54680499666636
2020-09-25 00:00:00+05:30,867.8301456336937,902.6038604314498,867.1186745007135,899.5355834960938,13311078,0.0,0.0,858.1828735351562,849.3556005859375,868.9707072191131,823.32932618613,61.50854244956102,18.438677350923513,2.31349788340572,16.125179467517793
2020-09-28 00:00:00+05:30,902.514863853044,903.7155222408442,888.0184296386808,898.6017456054688,8554526,0.0,0.0,861.8203277587891,850.7091967773438,871.7927108749566,826.2811857712021,61.17078892525162,18.55295465261122,1.942220148074739,16.61073450453648
2020-09-29 00:00:00+05:30,905.3607389451964,914.2542629034008,892.9987189305874,897.3565673828125,8708463,0.0,0.0,866.0380737304688,851.9943103027343,874.2273638757048,829.0684556383242,60.692222525460934,18.33172801192552,1.3767948059112314,16.95493320601429
2020-09-30 00:00:00+05:30,897.3565284280661,910.6523570247548,893.7991189992135,896.6895141601562,8048817,0.0,0.0,869.7844604492187,853.6013684082031,876.3666162837478,831.7202618548666,60.4195200711947,17.89628149206601,0.7530786288413758,17.143202863224634
2020-10-01 00:00:00+05:30,907.672984477238,912.9201850421076,899.8022379116926,905.0494384765624,5563358,0.0,0.0,873.43525390625,855.5526062011719,879.0983136354445,834.5959158400311,62.682570680858404,18.01806201038437,0.6998873177277893,17.31817469265658
2020-10-05 00:00:00+05:30,905.40525912252,938.1779297729328,905.40525912252,932.6638793945312,14212509,0.0,0.0,879.1960296630859,857.7911071777344,884.1997960886907,838.4417183323645,68.98977283269387,20.11100144115119,2.234261398795688,17.8767400423555
2020-10-06 00:00:00+05:30,938.2668235610791,942.7135857580512,917.233616656696,938.933837890625,9090819,0.0,0.0,885.0079528808594,859.6996557617188,889.4125619745893,842.3825857660217,70.22048296580269,22.021751229148094,3.3160089494340745,18.70574227971402
2020-10-07 00:00:00+05:30,929.2843775367488,953.3858067215754,920.9244429665964,948.5388793945312,9284008,0.0,0.0,890.6664642333984,861.5441735839844,895.0436398241076,846.5455776730222,72.05045650773444,24.034031425421404,4.262631316565905,19.7714001088555
2020-10-08 00:00:00+05:30,969.3941927030144,999.6321766955854,967.9712504631296,972.6847534179688,21482613,0.0,0.0,898.0458679199219,864.0263549804688,902.4380315949514,851.4922120159613,76.03700165167203,27.26287872151738,5.9931828901295034,21.269695831387878
2020-10-09 00:00:00+05:30,973.9297780392724,990.1160566332228,968.0155629484736,984.3352661132812,10567867,0.0,0.0,905.4608428955078,866.6117004394531,910.2377682157447,856.7017435491896,77.69048167286006,30.4112999380676,7.313283285343779,23.09801665272382
2020-10-12 00:00:00+05:30,998.7427304221416,1013.861720998434,989.0487676928728,1006.8358154296876,14633537,0.0,0.0,913.7496032714844,869.5661291503907,919.4375822361203,862.5893542111698,80.49036370728449,34.32635981173826,8.982674527211547,25.34368528452671
2020-10-13 00:00:00+05:30,1009.9042894014076,1037.029541043579,1009.9042894014076,1029.6923828125,17523825,0.0,0.0,921.727099609375,873.1395495605469,929.9380394338707,869.14241415632,82.84556737714634,38.82584674259647,10.785729166455805,28.040117576140663
2020-10-14 00:00:00+05:30,1033.4276613690083,1036.006805472397,1005.9466459073304,1011.19384765625,16649573,0.0,0.0,928.599575805664,876.4683984375,937.6766878360021,874.7130586072977,74.958571527659,40.43295937690016,9.914273440607595,30.518685936292563
2020-10-15 00:00:00+05:30,1049.4358528631146,1054.7719673691984,971.6175163160616,985.6248168945312,44288251,0.0,0.0,933.3353759765625,879.3774694824219,942.2431763177667,879.0625393244442,65.65458625558082,39.19162397974287,6.938350434760245,32.253273544982626
2020-10-16 00:00:00+05:30,990.6053111576056,1010.2599807017394,975.5308289358068,1002.7449951171876,18365685,0.0,0.0,938.5158569335938,882.1638134765625,948.0052542986639,883.9128317084734,68.47600568177343,39.138151786287494,5.5079025930438945,33.6302491932436
2020-10-19 00:00:00+05:30,1009.4149846265568,1012.9723942640072,991.8947855875242,1001.3218994140624,12902123,0.0,0.0,944.0187225341797,885.2765466308593,953.08303002394,888.5171088733985,67.97612561764757,38.53671548989746,3.9251730373230913,34.61154245257437
2020-10-20 00:00:00+05:30,995.0964335806224,1018.0416606278602,987.1811754163804,1011.6383666992188,10448776,0.0,0.0,949.6927856445312,888.5876037597657,958.6597287549189,893.3453934940188,69.7028038631556,38.4493059187223,3.070210772918344,35.37909514580396
2020-10-21 00:00:00+05:30,1014.8846083755086,1026.6240177336451,1009.4150688886472,1021.2879028320312,19811433,0.0,0.0,955.9560485839844,892.1432336425781,964.6243167622629,898.362746801392,71.26354490691533,38.71241747419435,2.666657862712313,36.04575961148204
2020-10-22 00:00:00+05:30,1015.6406071977424,1029.8702479290591,999.4544342912868,1004.12353515625,11271335,0.0,0.0,960.8163696289063,895.2399609375,968.3861470854998,902.510228697661,64.8628048068361,37.10815454808653,0.8499159492835915,36.25823859880294
2020-10-23 00:00:00+05:30,1018.4609783894766,1020.2587912374722,1006.9100527870628,1009.0224609375,9069862,12.0,0.0,967.8937744140625,898.5013696289062,972.2562722142618,906.6871789815763,65.80677984050662,35.81916594125744,-0.3512581260363987,36.17042406729384
2020-10-26 00:00:00+05:30,1008.7977301307226,1015.4046703736363,991.6286394498172,999.9884033203124,6309368,0.0,0.0,972.9164154052735,901.5394079589844,974.8974275576952,910.3460505242718,62.47361542798912,33.68041339446472,-1.992008538263292,35.672421932728014
2020-10-27 00:00:00+05:30,993.9207595374468,997.5163851264108,968.2570477340876,980.572021484375,10172479,0.0,0.0,977.0149291992187,904.1197485351563,975.4378650745218,913.100010169766,55.91807580815172,30.07204503163814,-4.480301520871905,34.552346552510045
2020-10-28 00:00:00+05:30,984.7519445015804,993.0668285605852,961.8748209014216,967.7177124023438,7608392,0.0,0.0,980.5329864501953,906.2642431640625,974.7026124390762,915.2418808455535,52.025866003850375,25.876859464114773,-6.940389670716215,32.81724913483099
2020-10-29 00:00:00+05:30,961.8299008616642,972.6167782545052,952.930705066612,966.1895751953124,6935616,0.0,0.0,984.0079895019531,908.5249182128906,973.8918469872892,917.2398296435833,51.566341537279925,22.173237496245065,-8.515209310868741,30.688446807113806
2020-10-30 00:00:00+05:30,963.6276203942368,974.054912251054,945.9640884289272,953.3800659179688,8800386,0.0,0.0,986.4245208740234,910.6032202148438,971.9383440283063,918.6570938112063,47.75837040859307,17.997011710163065,-10.153148077560594,28.15015978772366
2020-11-02 00:00:00+05:30,957.3353391318722,970.773946244672,944.8405179240056,963.8973999023438,7183119,0.0,0.0,987.986196899414,913.0048193359376,971.1725398258336,920.4312234618392,50.96044678996735,15.358935395488743,-10.232979513787935,25.591914909276678
2020-11-03 00:00:00+05:30,963.627616805734,970.2795458079984,950.5934746008056,955.1329956054688,7204782,0.0,0.0,988.7961547851562,915.2560290527343,969.6449641857989,921.7920772713933,48.303429624243265,12.417881126457587,-10.539227026255276,22.957108152712863
2020-11-04 00:00:00+05:30,960.0320050865702,1003.1795109331576,958.9533613323182,983.3585815429688,15702690,0.0,0.0,990.5371398925781,918.2371704101563,970.9510229817199,924.2064499879257,56.220078113917936,12.223735706972207,-8.586697956592523,20.81043366356473
2020-11-05 00:00:00+05:30,997.6962700861546,1009.4719223907028,987.8981680386308,992.3927001953124,9568890,0.0,0.0,991.5225372314453,921.1730993652344,972.9930874782525,926.8804205842938,58.41511893297339,12.65299607471934,-6.525950071076313,19.178946145795653
2020-11-06 00:00:00+05:30,995.9882514111996,1007.7639028348163,981.336033784628,1000.258056640625,8807127,0.0,0.0,992.3186767578125,924.3330358886719,975.5897512080023,929.757974939444,60.2822284558232,13.472553331985182,-4.565114251048378,18.03766758303356
2020-11-09 00:00:00+05:30,1015.1349676477776,1030.1466595450484,1007.8088590741676,1021.6520385742188,10160320,0.0,0.0,993.0594879150391,928.1307385253906,979.9766357190705,933.3616637094351,64.89874948601775,15.667765658369262,-1.8959215397314395,17.563687198100702
2020-11-10 00:00:00+05:30,1001.2468302892828,1001.2468302892828,969.0210591278784,980.7518310546876,15622869,0.0,0.0,990.6124603271485,931.2287219238282,980.0504638462721,935.220101644543,52.36712793760568,13.94641670274325,-2.8938163962859633,16.840233099029213
2020-11-11 00:00:00+05:30,985.201440701559,1012.4832287239338,977.1112828855792,1009.0224609375,12514800,0.0,0.0,990.5038909912109,935.1491381835938,982.8097016644844,938.1143118128942,58.35326381808449,14.694054899639582,-1.7169425595117076,16.41099745915129
2020-11-12 00:00:00+05:30,1014.0562837679056,1026.551104623022,1001.1569989263492,1004.7526245117188,9180976,0.0,0.0,991.4602813720703,938.808955078125,984.8995038404114,940.727578977554,57.18436335935076,14.771743972648324,-1.3114027892023756,16.0831467618507
2020-11-13 00:00:00+05:30,1006.775052484156,1018.4608343433472,1004.0783335935736,1010.5504150390624,6363212,0.0,0.0,991.850552368164,942.3792919921875,987.3424477640925,943.4657294113388,58.40282586899796,15.126774325789256,-0.7650979488491547,15.891872274638411
2020-11-14 00:00:00+05:30,1022.0565178732398,1024.4386416418554,1016.7529484730604,1018.8653564453124,1136144,0.0,0.0,992.7277252197266,946.4076318359375,990.3446295432564,946.4225775303181,60.154179686584946,15.895847286431945,0.003180009434824882,15.89266727699712
2020-11-17 00:00:00+05:30,1029.0230355852846,1029.2477621709115,1000.1681639367544,1010.1010131835938,12813968,0.0,0.0,992.6508575439453,950.1557446289063,992.2261898899551,948.9197710853485,57.41042248851633,15.61809818017241,-0.21965527745976843,15.837753457632179
2020-11-18 00:00:00+05:30,1014.4159671435164,1018.1913304842104,990.1005028606083,998.2806396484376,9839468,0.0,0.0,991.5004943847656,953.413984375,992.8028041526677,950.855491421156,53.843376871902635,14.279568676108397,-1.246547825219027,15.526116501327424
2020-11-19 00:00:00+05:30,988.7971174154462,1002.0109986380804,983.223941191022,985.8756713867188,10092343,0.0,0.0,990.588101196289,956.6295642089843,992.1430772225774,952.2288318119624,50.310521342072285,12.078562979099388,-2.75804281778243,14.836605796881818
2020-11-20 00:00:00+05:30,994.1904123218496,996.8871313426142,980.7966859060972,991.8082885742188,8063554,0.0,0.0,989.727392578125,959.7450146484375,992.1111925894004,953.7809673712667,51.93479694606726,10.689738086381908,-3.3174941683999286,14.007232254781837
2020-11-23 00:00:00+05:30,993.2915430229722,1029.0680605911875,990.5498346910412,1024.618408203125,10546363,0.0,0.0,990.9588928222656,963.4161706542968,995.2071178859455,956.558906227418,59.76760281526596,12.097138518765064,-1.5280749888134189,13.625213507578483
2020-11-24 00:00:00+05:30,1029.2478828690405,1038.1470786494122,1018.7756008048076,1024.79833984375,8515426,0.0,0.0,993.1702087402343,966.5092883300781,998.0253295009745,959.2349624476662,59.80628661464778,13.07629706796115,-0.43913315169386813,13.515430219655018
2020-11-25 00:00:00+05:30,1022.056558550584,1027.8994500462557,998.9097191638843,1002.8649291992188,8958701,0.0,0.0,994.9275695800782,969.0917004394531,998.4862437579502,960.9459415359624,53.10344137885094,11.944752665426108,-1.2565420433831278,13.201294708809236
2020-11-26 00:00:00+05:30,1006.7302160810164,1006.7302160810164,987.26897958393,1000.66259765625,10962256,0.0,0.0,996.651220703125,971.2867761230468,998.6935155577883,962.5034574622483,52.46757688584628,10.746407923084348,-1.9639094285799104,12.710317351664258
2020-11-27 00:00:00+05:30,1004.97737360174,1007.6740928511186,980.7069003573332,988.7970581054688,25306145,0.0,0.0,998.4220703125,973.080009765625,997.7509958004244,963.5345790561001,49.05916892942905,8.738528882462674,-3.1774307753612696,11.915959657823944
2020-12-01 00:00:00+05:30,993.3364945375156,1024.977953801774,993.3364945375156,1022.820556640625,8933802,0.0,0.0,1001.3682281494141,975.7111291503907,1000.1385730233008,965.8595193535325,57.57061677608065,9.779945142529868,-1.7088116122352606,11.488756754765129
2020-12-02 00:00:00+05:30,1019.360022888317,1031.450272036826,1007.6742377934772,1025.5625,6741637,0.0,0.0,1004.8897033691406,978.2592370605469,1002.559899402034,968.2008127122176,58.17709581754263,10.703147720908305,-0.6284872270854613,11.331634947993766
2020-12-03 00:00:00+05:30,1031.045567139054,1031.045567139054,1009.202099287702,1012.572998046875,16212632,0.0,0.0,1006.3504241943359,980.590244140625,1003.5135278443998,969.940898411616,54.22296490904479,10.2682818049052,-0.8506825144708543,11.118964319376055
2020-12-04 00:00:00+05:30,1011.2698052932028,1022.0566832163304,1002.2807403572632,1019.9442749023438,10564055,0.0,0.0,1007.7280029296875,982.8507873535157,1005.0783608975374,971.9018151367426,56.04857033976516,10.398579519528198,-0.5763078398782859,10.974887359406484
2020-12-07 00:00:00+05:30,1031.3150571418946,1036.4387782421704,1021.1573738795364,1027.899169921875,7792141,0.0,0.0,1009.11005859375,986.0592834472657,1007.2517712808077,974.0977898341987,57.995419581112436,11.016740812947319,0.03348276283266749,10.983258050114651
2020-12-08 00:00:00+05:30,1029.247936891547,1049.0238797837862,1029.247936891547,1036.7537841796875,12308330,0.0,0.0,1009.8651458740235,988.8036474609376,1010.0614867949866,976.5548876516689,60.113327157208964,12.081859307697187,0.8788810060660275,11.202978301631159
2020-12-09 00:00:00+05:30,1049.967803632564,1060.2602393853772,1040.0348427035874,1056.3948974609375,10039346,0.0,0.0,1013.6472991943359,991.9595104980468,1014.4741925726962,979.685868428503,64.40106739476072,14.345481303994688,2.5140024018908242,11.831478902103864
2020-12-10 00:00:00+05:30,1040.3940963378122,1053.203510161973,1033.7421682656284,1049.69775390625,9488782,0.0,0.0,1015.6810638427735,995.0063342285156,1017.828817461606,982.4314325648852,61.9554508238764,15.421247982725617,2.8718152644974015,12.549432718228216
2020-12-11 00:00:00+05:30,1042.461615964271,1053.4732183901035,1038.4615267300624,1045.6077880859375,10574009,0.0,0.0,1017.7238220214844,997.9846997070313,1020.4744337115424,984.9089367029657,60.44580109143407,15.76207932674663,2.57011728681473,13.1919620399319
2020-12-14 00:00:00+05:30,1051.1810848900202,1054.0575412558665,1032.1242048445142,1046.8214111328125,6728187,0.0,0.0,1019.5373718261719,1000.8201391601563,1022.9836696564253,987.3368768766852,60.75141247343076,15.94630082991273,2.2034710319846624,13.742829797928067
2020-12-15 00:00:00+05:30,1039.1358102562535,1046.0573457233122,1035.5401846152286,1037.8773193359375,6905926,0.0,0.0,1020.4879699707031,1002.9244079589844,1024.4021124830456,989.3188550123422,57.2412809350123,15.195420886147758,1.1620728705757521,14.033348015572006
2020-12-16 00:00:00+05:30,1042.731380166364,1050.7316687360103,1036.9783575022489,1047.8551025390625,7788404,0.0,0.0,1022.3756744384766,1005.1028332519531,1026.6357305836186,991.6143941310371,60.016697483342455,15.229905961952909,0.9572463571047223,14.272659604848187
2020-12-17 00:00:00+05:30,1048.035068247803,1050.731787639608,1039.3156097097574,1042.0123291015625,6658153,0.0,0.0,1024.5622589111329,1006.9723022460937,1028.1001685377087,993.5907837377243,57.65664051209028,14.617273813088445,0.2756913665922056,14.34158244649624
2020-12-18 00:00:00+05:30,1063.271333976301,1074.1930678675203,1056.7542630624607,1069.518798828125,15995676,0.0,0.0,1028.7444152832031,1008.9089831542968,1032.0447999939388,996.5683529569558,64.69521155730895,16.16496103859754,1.4587028736810375,14.706258164916502
2020-12-21 00:00:00+05:30,1067.9006014033782,1087.451811908869,1035.58496632184,1058.2823486328125,10858352,0.0,0.0,1032.0681182861329,1010.3879248046875,1034.543614150022,998.9885096501266,60.28662740334926,16.296965418631316,1.272565802971851,15.024399615659465
2020-12-22 00:00:00+05:30,1062.50733882118,1100.126548795415,1057.2037692448978,1097.115234375,10901851,0.0,0.0,1035.6929595947265,1012.1935131835937,1040.5028160762104,1002.8366165020824,68.32102524368574,19.312447309275058,3.4304381548924727,15.882009154382585
2020-12-23 00:00:00+05:30,1112.8462906817408,1131.5884699964545,1106.149480885795,1126.3748779296875,15878346,0.0,0.0,1040.7717864990234,1014.1271630859375,1048.6811076813033,1007.6812542051258,72.7881552923799,23.789022096230156,6.325610353478055,17.4634117427521
2020-12-24 00:00:00+05:30,1123.543092988199,1123.543092988199,1102.059208814937,1111.09326171875,7313885,0.0,0.0,1046.183203125,1016.1251513671875,1054.6251223515362,1011.7366270487973,67.4393613472545,25.8061637603937,6.674201614113279,19.131962146280422
2020-12-28 00:00:00+05:30,1113.25063159889,1121.8352319532687,1111.0483547229487,1114.9136962890625,4607051,0.0,0.0,1051.8957580566407,1018.7109289550781,1060.3668912979674,1015.7827866268469,68.0710569561689,27.397222081112204,6.612207947865425,20.78501413324678
2020-12-29 00:00:00+05:30,1110.1492776440966,1127.63296124221,1110.1492776440966,1123.902587890625,6878105,0.0,0.0,1058.6510345458985,1021.1340808105468,1066.4179100210777,1020.0227788332696,69.56707456569298,29.048621268339957,6.610885708074541,22.437735560265416
2020-12-30 00:00:00+05:30,1126.329645148234,1126.5993609424154,1112.9809079318184,1120.7564697265625,5194690,0.0,0.0,1063.5478302001952,1023.5227722167969,1071.5930109454096,1023.9731196526145,68.35979872724207,29.760441732216123,5.858164937560563,23.90227679465556
2020-12-31 00:00:00+05:30,1117.3407549190213,1131.1839366604372,1113.7451289981234,1128.8468017578125,7430470,0.0,0.0,1068.7120452880858,1025.8669409179688,1077.0457529275432,1028.0858130685046,69.81068071060301,30.62436810689428,5.377673049790975,25.246695057103306
2021-01-01 00:00:00+05:30,1130.7344656773969,1137.5661328739448,1128.846784044505,1133.026611328125,4253550,0.0,0.0,1074.7347259521484,1028.1017150878906,1082.377263251408,1032.2011384904506,70.5617494414641,31.28566995469373,4.831179918072337,26.454490036621394
2021-01-04 00:00:00+05:30,1140.7121659257955,1159.5891994044732,1133.6557729761507,1158.01611328125,7208454,0.0,0.0,1081.6383178710937,1031.1795666503906,1089.5809632542503,1037.135059070482,74.6261662505057,33.44071662994611,5.588981274659769,27.85173535528634
2021-01-05 00:00:00+05:30,1152.397987698619,1167.6793962718457,1146.1506322032428,1163.005126953125,8145280,0.0,0.0,1088.3936157226562,1034.259219970703,1096.5737407493812,1042.071140163919,75.35765892716175,35.14603672107751,5.835441092632934,29.310595628444574
2021-01-06 00:00:00+05:30,1168.578238350454,1170.3760510248394,1139.8582247690597,1152.48779296875,7161715,0.0,0.0,1094.1803161621094,1037.3092077636718,1101.8988885797971,1046.4012049797948,70.72858099552671,35.242599474964436,4.74560307721589,30.496996397748546
2021-01-07 00:00:00+05:30,1164.98252058386,1166.46573786852,1128.5768168156144,1134.5545654296875,10954918,0.0,0.0,1098.0882995605468,1040.388858642578,1105.0089530416915,1049.8581995072416,63.55918022588198,33.48605813116205,2.391249386730806,31.094808744431248
2021-01-08 00:00:00+05:30,1149.0269991839962,1183.679881580536,1149.0269991839962,1179.4549560546875,13186251,0.0,0.0,1104.5761596679688,1044.623603515625,1112.0990485667387,1054.9404252542001,71.38115426923056,35.31004056828351,3.372185459081809,31.937855109201703
2021-01-11 00:00:00+05:30,1206.4223837404843,1243.5022766207212,1204.5347020489044,1237.0750732421875,20528626,0.0,0.0,1114.1495239257813,1050.0413134765624,1124.0015271072577,1062.0829604694154,77.9285407905621,40.93316959730123,7.196251590479619,33.73691800682161
2021-01-12 00:00:00+05:30,1238.6929939872084,1238.6929939872084,1222.5126791165485,1233.0748291015625,8309868,0.0,0.0,1123.4621948242188,1055.6352087402345,1134.3894606305248,1068.788523945186,76.61802023815022,44.55317235699704,8.653003480140342,35.900168876856696
2021-01-13 00:00:00+05:30,1234.9625912703718,1251.99693415483,1222.5127590160562,1246.9180908203125,14442997,0.0,0.0,1133.9142333984375,1061.2956225585938,1145.1064730295523,1075.7739971559754,77.99702364590598,47.98593417355937,9.66861223736214,38.31732193619723
2021-01-14 00:00:00+05:30,1222.5126550529003,1244.086407789128,1185.163051736394,1231.951171875,27521697,0.0,0.0,1143.1190368652344,1066.8319860839845,1153.3773967291186,1081.8985922429958,72.98518119791122,48.934629422538364,8.493845989072902,40.44078343346546
2021-01-15 00:00:00+05:30,1222.5127162063673,1226.5128058343928,1204.534588026862,1208.984130859375,15018441,0.0,0.0,1151.467626953125,1071.3444970703124,1158.6732761700955,1086.8823388554028,65.97898445118163,47.28812095342596,5.477870015968392,41.81025093745757
2021-01-18 00:00:00+05:30,1202.73698181873,1204.5347949455142,1173.9719717901803,1179.410400390625,8861765,0.0,0.0,1156.96220703125,1075.0848510742187,1160.6482403815744,1090.5108902881568,58.22786779023468,43.10006748919636,1.0318532413910333,42.06821424780533
2021-01-19 00:00:00+05:30,1186.556480592383,1196.444451263986,1179.365229194853,1183.545166015625,5585744,0.0,0.0,1163.2253479003907,1078.7505932617187,1162.8288999657696,1094.1592932578615,58.95390678020573,39.6574990130714,-1.9285721877871467,41.58607120085855
2021-01-20 00:00:00+05:30,1187.0507972201028,1212.0853165487604,1187.0507972201028,1204.0400390625,8225838,0.0,0.0,1168.5715881347655,1082.3983532714844,1166.7537703559342,1098.4683421129453,62.438816903468734,38.14331131599397,-2.7542079078916686,40.89751922388564
2021-01-21 00:00:00+05:30,1213.5236726390642,1223.456632518136,1200.040076276408,1204.264892578125,6142421,0.0,0.0,1172.4660888671874,1086.868614501953,1170.326258186619,1102.617226444913,62.47645803879004,36.54023734584348,-3.485825502433734,40.02606284827721
2021-01-22 00:00:00+05:30,1192.8485110899312,1218.916790533494,1192.4440471973658,1205.29833984375,9646591,0.0,0.0,1177.1763427734375,1090.794132080078,1173.6569326301553,1106.6439367742792,62.661662629725186,34.95029498761778,-4.060614288527546,39.01090927614533
2021-01-25 00:00:00+05:30,1209.0290048501097,1211.6358551336596,1180.264002504233,1191.1407470703125,6542611,0.0,0.0,1180.9876953125,1094.52189453125,1175.3220578149321,1109.9575371780452,58.40852040327348,32.17693907274929,-5.467176162716825,37.64411523546612
2021-01-27 00:00:00+05:30,1186.1968091800409,1193.3431805706914,1155.1845398000416,1169.4771728515625,8133665,0.0,0.0,1183.266424560547,1097.7004296875,1174.7654021041349,1112.291640537791,52.53276595203633,27.909244739402084,-7.787896396851224,35.69714113625331
2021-01-28 00:00:00+05:30,1161.2073540693195,1165.387181127048,1143.903405531686,1147.184326171875,4660690,0.0,0.0,1184.5878173828125,1100.2668090820312,1172.138632967729,1113.6599811508925,47.26368235005717,22.469208763164943,-10.582345898470692,33.051554661635635
2021-01-29 00:00:00+05:30,1156.218251301587,1160.6229142048817,1106.553677241791,1113.7899169921875,12183519,0.0,0.0,1183.8349731445312,1102.340587158203,1166.5816123986299,1113.6650766740804,40.6811766243679,15.287071482398005,-14.211586543390105,29.49865802578811
2021-02-01 00:00:00+05:30,1124.1274926340516,1148.7574413106047,1115.5428922386072,1133.43115234375,8880279,0.0,0.0,1183.8552001953126,1105.0435974121094,1163.4244257267364,1114.4402168964205,45.48980429000352,11.052651401780395,-14.756805299206174,25.80945670098657
2021-02-02 00:00:00+05:30,1150.6001720747297,1163.544445956527,1135.8580854240654,1142.7347412109375,6892490,0.0,0.0,1183.091131591797,1108.1807788085937,1161.4539795823746,1115.5498060852249,47.65439236916734,8.35129630350184,-13.966528317987787,22.317824621489628
2021-02-03 00:00:00+05:30,1148.4878064437075,1172.1739686025642,1144.307869655724,1154.7801513671875,8182968,0.0,0.0,1182.6798828125,1111.4402160644531,1160.8183768952138,1117.088250998243,50.40057807132463,7.10056595345759,-12.173806934425631,19.27437288788322
2021-02-04 00:00:00+05:30,1155.0947121946751,1162.645547823461,1143.4539183255606,1150.015869140625,5032240,0.0,0.0,1182.5562866210937,1113.948165283203,1159.789566632872,1118.3795301410817,49.298917985847794,5.659674180182037,-10.89175896616095,16.551433146342987
2021-02-05 00:00:00+05:30,1156.3531843693338,1158.465592407593,1134.4198468425857,1143.498779296875,5477481,0.0,0.0,1183.0034973144532,1116.3221740722656,1158.2380630770626,1119.3645987354266,47.76102317925195,3.9463908468585487,-10.084033839587551,14.0304246864461
2021-02-08 00:00:00+05:30,1155.544105770731,1177.5673112093796,1146.5550423263844,1171.7694091796875,6921922,0.0,0.0,1182.6192199707032,1119.700263671875,1159.526762705884,1121.4196893410838,54.4055984121028,4.814308672121797,-7.372892811459444,12.18720148358124
2021-02-09 00:00:00+05:30,1174.7808845979516,1197.3434149915486,1166.6457371732463,1173.5673828125,7965949,0.0,0.0,1179.4438354492188,1123.158359375,1160.8639646207998,1123.4646969281982,54.79937466430619,5.582865449835936,-5.283468826996245,10.86633427683218
2021-02-10 00:00:00+05:30,1164.8029383282565,1172.4885220871072,1153.8362145862936,1165.43212890625,5951207,0.0,0.0,1176.061700439453,1126.6910607910156,1161.2990278860807,1125.1104785743964,52.586363439951626,5.472422551536738,-4.315129380236355,9.787551931773093
2021-02-11 00:00:00+05:30,1158.690405083806,1164.9827501851146,1153.34195563961,1161.971435546875,4673317,0.0,0.0,1171.8143676757813,1129.4740783691407,1161.3630667109182,1126.5560062988075,51.63115846761392,5.047462718770703,-3.792071370401912,8.839534089172615
2021-02-12 00:00:00+05:30,1173.072900522112,1189.9273962192688,1169.971717205751,1177.3876953125,5797875,0.0,0.0,1169.0861938476562,1132.5105822753906,1162.8892218158308,1128.549405867972,55.508229087622134,5.886783141995011,-2.362200757742084,8.248983899737095
2021-02-15 00:00:00+05:30,1186.5563440256665,1194.1071790699668,1174.960430535824,1177.252685546875,4363513,0.0,0.0,1167.4996215820313,1135.8041760253907,1164.257170742597,1130.4593384043994,55.46629781417506,6.466514510602337,-1.425975511307806,7.8924900219101435
2021-02-16 00:00:00+05:30,1181.1630218531775,1186.3317337067967,1155.993642392075,1159.9488525390625,6896421,0.0,0.0,1166.526544189453,1138.604267578125,1163.8468547232128,1131.615789939092,50.22911185961629,5.46666477871031,-1.9406601945598663,7.4073249732701765
2021-02-17 00:00:00+05:30,1159.948702075637,1163.6341959298466,1146.105523221749,1151.7686767578125,4575741,0.0,0.0,1164.9377197265626,1141.0816577148437,1162.6965520598412,1132.4060992261009,47.925342261780905,3.9684589175701603,-2.751092844560014,6.719551762130174
2021-02-18 00:00:00+05:30,1147.0045378857642,1173.9717292153668,1146.1056315081107,1161.79150390625,6437551,0.0,0.0,1162.82529296875,1143.582412109375,1162.6103569975944,1133.558468037087,50.89703271275029,3.54896807048317,-2.5364669533176043,6.085435023800774
2021-02-19 00:00:00+05:30,1165.0726196619328,1168.1289235162828,1147.7237911374643,1160.7579345703125,5389696,0.0,0.0,1160.6499450683593,1145.6696728515626,1162.4339358140437,1134.6251137834881,50.57650908221398,3.0974130943088767,-2.390417543593519,5.487830637902396
2021-02-22 00:00:00+05:30,1164.0837176412836,1176.2639425170091,1132.6219955428703,1137.2962646484375,7371303,0.0,0.0,1157.2498413085937,1147.4216430664062,1160.0398718935098,1134.7298647977998,43.82913919747056,0.8367463460535873,-3.7208674334790466,4.557613779532634
2021-02-23 00:00:00+05:30,1142.6447501297232,1160.488018003576,1130.4196465568173,1138.3299560546875,6612942,0.0,0.0,1154.6093017578125,1149.2760864257812,1157.972260861241,1134.8710448470897,44.182463089164,-0.8615071632893887,-4.335296754257619,3.47378959096823
2021-02-24 00:00:00+05:30,1132.6670245537844,1147.5438592595076,1125.4307843249578,1145.4764404296875,4537258,0.0,0.0,1153.4092651367187,1151.2491870117187,1156.7821827249027,1135.286942713074,46.67959558814026,-1.6121399949595343,-4.068743668742211,2.4566036737826775
2021-02-25 00:00:00+05:30,1158.19600618952,1168.353693269703,1143.4090385374589,1145.7012939453125,8788221,0.0,0.0,1153.3351135253906,1153.4056665039063,1155.7268599839895,1135.69534864375,46.760300214934475,-2.1639336425148485,-3.696429853038021,1.5324962105231723
2021-02-26 00:00:00+05:30,1140.7122745478391,1145.4765225808928,1118.9137933360307,1126.5994873046875,15132388,0.0,0.0,1153.9755920410157,1154.9805541992187,1152.9528244907226,1135.3386481990808,41.07283072570857,-4.095381233526723,-4.502301955239917,0.40692072171319327
2021-03-01 00:00:00+05:30,1135.588640578544,1154.6454147423171,1131.7232986847623,1138.91455078125,5756286,0.0,0.0,1154.2497619628907,1156.9185986328125,1151.6158460422014,1135.4788796728913,45.66159325090837,-4.579554410878245,-3.9891801060731504,-0.5903743048050945
2021-03-02 00:00:00+05:30,1152.622865430511,1177.567520931152,1149.8811566997829,1172.62353515625,10461434,0.0,0.0,1155.7442016601562,1158.980693359375,1153.6165783387776,1136.9355328291015,55.80619676569478,-2.217667925488513,-1.3018348965467348,-0.9158330289417782
2021-03-03 00:00:00+05:30,1185.8372499205202,1210.826891119881,1175.7695423792168,1207.7257080078125,9056399,0.0,0.0,1158.3914794921875,1161.969560546875,1158.7698287834476,1139.7116181302274,63.456976093452255,2.458258840972576,2.6992734959314832,-0.2410146549589074
2021-03-04 00:00:00+05:30,1200.0399216312892,1225.9733466808868,1191.8598961713678,1195.8599853515625,12041941,0.0,0.0,1160.6836853027344,1163.9444555664063,1162.3022246470775,1141.9135148840053,59.69490955439698,5.147166507747443,4.31054493016508,0.8366215775823627
2021-03-05 00:00:00+05:30,1194.1969816452302,1204.534403767112,1173.1176734712135,1183.58984375,6486176,0.0,0.0,1162.6882385253907,1165.0887548828125,1164.329616942594,1143.5478807218874,55.99783346199374,6.216388665833847,4.303813670601187,1.9125749952326596
2021-03-08 00:00:00+05:30,1190.8712521316672,1210.0178927668533,1184.0394756532264,1200.7142333984375,5119392,0.0,0.0,1164.135479736328,1166.8811743164063,1167.794818509817,1145.789698473909,59.7449063569725,8.349304474855899,5.149383583698591,3.1999208911573076
2021-03-09 00:00:00+05:30,1195.096067849155,1213.9281131798352,1185.4328239759857,1209.5235595703125,6518173,0.0,0.0,1165.9332885742188,1168.7733715820314,1171.7689843251023,1148.289065575729,61.55846289289464,10.627981860594218,5.942448775549528,4.68553308504469
2021-03-10 00:00:00+05:30,1219.7261697427994,1235.0974479127865,1218.0182255617362,1229.8388671875,7925984,0.0,0.0,1169.1536254882812,1170.8920971679688,1177.2994493596163,1151.4870970114846,65.4267272477757,13.91274814810663,7.381772050449552,6.530976097657078
2021-03-12 00:00:00+05:30,1234.198373384312,1251.0078776222538,1231.546643640764,1235.861328125,9462061,0.0,0.0,1172.8481201171876,1173.1941943359375,1182.8767711467958,1154.795890388485,66.50284211991531,16.808157386635003,8.221745031182339,8.586412355452664
2021-03-15 00:00:00+05:30,1231.5018736673553,1240.4010697368958,1221.1644491803663,1234.7379150390625,6658635,0.0,0.0,1175.7156311035155,1175.3120166015624,1187.815927707964,1157.9308717473311,66.08960297522391,18.79547745684158,8.167252081111133,10.628225375730448
2021-03-16 00:00:00+05:30,1245.9292277460324,1263.8623660754606,1240.9402534617163,1244.08642578125,9352771,0.0,0.0,1179.0573181152345,1177.533212890625,1193.1750227625625,1161.309520925132,67.87834143854735,20.884051275248112,8.204660719614129,12.679390555633983
2021-03-17 00:00:00+05:30,1251.502461824644,1258.4689865717376,1242.2886710301009,1246.783203125,7626744,0.0,0.0,1183.3990356445313,1179.3085546875,1198.2805637494614,1164.661430031009,68.39623456125612,22.49753093503682,7.854512303522268,14.643018631514552
2021-03-18 00:00:00+05:30,1252.850677015057,1252.850677015057,1180.71344520845,1201.9276123046875,10961755,0.0,0.0,1185.906982421875,1180.0870043945313,1198.627901707102,1166.1228489437024,53.06967206857132,19.92704728755257,4.2272229248304125,15.699824362722156
2021-03-19 00:00:00+05:30,1195.5457558717144,1218.1981578805185,1184.758876871368,1208.534912109375,12767112,0.0,0.0,1188.2441528320312,1181.2079467773438,1199.5714265073186,1167.786067107062,54.68064557155972,18.213124787047946,2.010640339460629,16.202484447587317
2021-03-22 00:00:00+05:30,1213.613398565953,1236.8950941592368,1201.0287101079375,1232.2208251953125,4862758,0.0,0.0,1191.8172973632813,1183.1612719726563,1202.6808930490322,1170.3129203654248,59.98366178387535,18.55222558368382,1.879792908877203,16.67243267480662
2021-03-23 00:00:00+05:30,1233.7041917444046,1243.412425912744,1222.153265074439,1232.895263671875,7165335,0.0,0.0,1196.5972473144532,1184.230078125,1205.5584521559697,1172.7671299068543,60.1267348654914,18.660282831786162,1.5902801255836359,17.070002706202526
2021-03-24 00:00:00+05:30,1220.580025520571,1231.9062241424815,1210.1527332929363,1216.89453125,6134303,0.0,0.0,1200.5254760742187,1183.8264672851562,1206.6380787363537,1174.4976162340365,55.09396764763387,17.25587856993002,0.14870069098199323,17.107177878948026
2021-03-25 00:00:00+05:30,1210.6022200175903,1215.7709319278194,1193.3881401445217,1198.96142578125,8749994,0.0,0.0,1203.199725341797,1183.14419921875,1205.9069689311057,1175.4569813143196,50.03868508750332,14.52835253170997,-2.063060277790445,16.591412809500415
2021-03-26 00:00:00+05:30,1208.7593565182772,1219.5462329999625,1197.343289467073,1201.11865234375,4922071,0.0,0.0,1205.9705932617187,1182.2282104492188,1205.450938779929,1176.4633213546895,50.625590667436505,12.39792311037877,-3.354791759297317,15.752714869676087
2021-03-30 00:00:00+05:30,1210.7368605672966,1258.4687609101493,1201.0736182960222,1245.2548828125,10546381,0.0,0.0,1211.9033630371093,1182.4942846679687,1209.2417905925547,1179.1610296471529,60.7776129544927,14.108335275100444,-1.3155036756605156,15.42383895076096
2021-03-31 00:00:00+05:30,1242.288601316348,1247.6820395275622,1225.479096116643,1229.7489013671875,8220987,0.0,0.0,1216.4450805664062,1182.909580078125,1211.1948487615673,1181.144867753821,56.390814128617805,14.050678647548693,-1.098528242569813,15.149206890118506
2021-04-01 00:00:00+05:30,1240.4908915204487,1250.9181843148074,1232.400733532272,1245.1651611328125,5675155,0.0,0.0,1220.0721618652344,1184.2246752929686,1214.4301166064479,1183.6554674941735,59.51918190121059,15.075171485926376,-0.05922832335370565,15.134399809280081
2021-04-05 00:00:00+05:30,1250.378570171294,1280.9413820949635,1246.7829452390977,1267.367919921875,9479572,0.0,0.0,1223.0542724609375,1185.9011303710938,1219.471812160298,1186.9383087658482,63.572257352246865,17.477200234370684,1.8742403400724825,15.602959894298202
2021-04-06 00:00:00+05:30,1279.1439887218298,1281.8407083045183,1264.2670417987456,1268.402099609375,5793571,0.0,0.0,1226.681378173828,1187.1883715820313,1224.1318395364005,1190.1329672303004,63.75429687270918,19.242459881478226,2.911599989744019,16.330859891734207
2021-04-07 00:00:00+05:30,1267.682826929009,1289.8857724539662,1264.4017964254965,1285.615966796875,5879234,0.0,0.0,1231.7826843261719,1188.8153930664062,1229.987470704065,1193.8773985858525,66.73417718469497,21.77939676090432,4.358829495336089,17.42056726556823
2021-04-08 00:00:00+05:30,1285.4359563861765,1304.9421784058632,1277.345800017312,1294.2901611328125,5654434,0.0,0.0,1236.4614807128905,1190.5952294921874,1236.1115364591835,1197.815153979851,68.15493425189578,24.21078563898095,5.432174698730176,18.778610940250775
2021-04-09 00:00:00+05:30,1307.9089645459471,1307.9089645459471,1285.481291142044,1295.3692626953125,6052712,0.0,0.0,1240.7537658691406,1192.6797998046875,1241.7551294340528,1201.640805302026,68.33611150025723,25.925895732043955,5.717827833434541,20.208067898609414
2021-04-12 00:00:00+05:30,1324.9880800469598,1328.1792417707388,1271.952600587821,1281.6158447265625,20384532,0.0,0.0,1243.3426147460937,1194.9225732421876,1245.5513880333394,1204.7770813578902,63.386286737575176,25.877052397397847,4.5351875990307455,21.3418647983671
2021-04-13 00:00:00+05:30,1288.1328771347014,1290.1554165440198,1235.996305694497,1255.9071044921875,14855206,0.0,0.0,1244.344903564453,1197.0970288085937,1246.5376467437059,1206.7821803043332,55.31995275434672,23.49304996668593,1.720948134655064,21.772101832030867
2021-04-15 00:00:00+05:30,1197.6131658561962,1228.2658553558435,1186.556572088003,1223.18701171875,25342491,0.0,0.0,1243.7673583984374,1199.284970703125,1244.313776741329,1207.4255070264671,47.10401356797896,18.747364878455983,-2.4197895628599078,21.16715444131589
2021-04-16 00:00:00+05:30,1227.0072281855955,1232.2658086461483,1210.4673285849758,1216.89453125,10879878,0.0,0.0,1242.407763671875,1200.95423828125,1241.7024200278693,1207.796841309743,45.69839214133107,14.313626098108216,-5.48282267456614,19.796448772674356
2021-04-19 00:00:00+05:30,1204.5345488850126,1240.2210882697675,1197.6578931338545,1224.804931640625,12508028,0.0,0.0,1241.3088500976562,1202.5956420898438,1240.0931354195604,1208.4638252442876,47.80694478527742,11.307809978306068,-6.790911035494631,18.0987210138007
2021-04-20 00:00:00+05:30,1239.5917182244789,1239.5917182244789,1206.69177143438,1214.7369384765625,8560766,0.0,0.0,1241.94931640625,1203.7947778320313,1237.6782595202274,1208.709829684769,45.39108643700097,8.020817153654889,-8.06232308811665,16.083140241771538
2021-04-22 00:00:00+05:30,1218.512528136203,1226.827411747475,1209.1638802921689,1214.5123291015625,6622446,0.0,0.0,1242.2481872558594,1205.08470703125,1235.4719804327353,1208.9373786815058,45.33604449443025,5.336214994413467,-8.597540197886458,13.933755192299925
2021-04-23 00:00:00+05:30,1207.2313209457018,1212.0854375551787,1196.4444439156582,1198.96142578125,7316262,0.0,0.0,1240.5852172851562,1206.1939599609375,1231.9947847516414,1208.5461648422802,41.57691043098957,1.9315547472974686,-9.601760356001966,11.533315103299435
2021-04-26 00:00:00+05:30,1197.5680220448864,1214.692232437047,1187.4553252927717,1207.7257080078125,7088606,0.0,0.0,1239.3267395019532,1206.9130859375,1229.683444109372,1208.513990064458,44.376214935392255,-0.05878110627077149,-9.273676967656165,9.214895861385394
2021-04-27 00:00:00+05:30,1209.9279051014437,1216.2202493330262,1204.6693250824333,1212.1751708984375,3636115,0.0,0.0,1239.090771484375,1207.6852416992188,1228.0159895178545,1208.6575657834378,45.79616016998168,-1.262548269714216,-8.381955304879689,7.119407035165472
2021-04-28 00:00:00+05:30,1220.7149271107005,1222.063286750366,1208.6695590503955,1218.9171142578125,4879234,0.0,0.0,1240.088555908203,1208.75494140625,1227.149429969279,1209.059901017727,47.96376023973848,-1.653463833262549,-7.018296694742418,5.364832861479869
2021-04-29 00:00:00+05:30,1229.7039710944407,1230.6028775060597,1214.7821466075268,1219.231689453125,5412357,0.0,0.0,1240.994207763672,1209.900146484375,1226.3953594439308,1209.4587946818604,48.06811379708824,-1.915799500425237,-5.824505889524085,3.908706389098848
2021-04-30 00:00:00+05:30,1210.1975860004666,1235.0073777380865,1209.8380015373589,1217.4337158203125,8354677,0.0,0.0,1239.6031494140625,1210.7010668945313,1225.5418695750147,1209.7715366872899,47.48201074708069,-2.242928765914712,-4.9213081240108485,2.6783793580961364
2021-05-03 00:00:00+05:30,1205.2536369148029,1223.4115006743411,1202.7366553286322,1215.3663330078125,4560337,0.0,0.0,1238.8840209960938,1211.46333984375,1224.5727708543288,1209.9909404645655,46.77575823897024,-2.6385856083534236,-4.253571973159648,1.6149863648062244
2021-05-04 00:00:00+05:30,1217.1193017365222,1217.9732189499612,1190.241977632572,1195.0062255859375,4887060,0.0,0.0,1236.37607421875,1212.1644873046876,1221.7569094001963,1209.4033045869721,40.40222783901323,-4.54267192473435,-4.926126631632459,0.3834547068981097
2021-05-05 00:00:00+05:30,1205.5233500646625,1208.0403318744277,1193.5679607927425,1205.8829345703125,3939788,0.0,0.0,1233.301824951172,1213.2467724609376,1220.2451022735406,1209.2652508608287,44.73449744792661,-5.115051405484337,-4.398804889905957,-0.7162465155783797
2021-05-06 00:00:00+05:30,1209.0291034959214,1226.737515618037,1202.1974368273288,1223.950927734375,4810090,0.0,0.0,1231.0792663574218,1214.4899609375,1220.5980380317153,1209.8411597578306,51.094279130302525,-4.063884291497288,-2.678110220735127,-1.3857740707621615
2021-05-07 00:00:00+05:30,1227.2769747832704,1234.2434995136653,1212.1753030886932,1215.81591796875,4991435,0.0,0.0,1227.5892639160156,1215.5911206054689,1220.1425980257186,1210.075464001396,48.39397768884884,-3.842954889574685,-1.9657446550500186,-1.8772102345246662
2021-05-10 00:00:00+05:30,1213.3887971501383,1216.1305055960722,1200.0850481029324,1204.130126953125,7195348,0.0,0.0,1223.0812622070312,1216.9277978515624,1218.6176007807096,1209.842313528915,44.73646099472544,-4.558267548692811,-2.144845851334516,-2.413421697358295
2021-05-11 00:00:00+05:30,1201.7478028055968,1205.4332965313647,1191.1406650292226,1196.129638671875,6420988,0.0,0.0,1218.1192810058594,1218.0837915039062,1216.4758901036776,1209.304561573737,42.37516999325547,-5.704967215182023,-2.6332364142589824,-3.071730800923041
2021-05-12 00:00:00+05:30,1195.5454739970917,1195.5454739970917,1181.6124252399827,1192.8487548828125,5241898,0.0,0.0,1213.680926513672,1219.0312377929688,1214.2256867493095,1208.6592358211517,41.409895002937816,-6.8000876867420175,-2.982685508655181,-3.8174021780868364
2021-05-14 00:00:00+05:30,1192.7137166993243,1192.7137166993243,1178.7357905743131,1183.3201904296875,4824609,0.0,0.0,1210.051580810547,1219.7836157226564,1211.2823061474407,1207.6655477665845,38.655819768121,-8.340707583093945,-3.618644324005686,-4.722063259088259
2021-05-17 00:00:00+05:30,1186.8261990490278,1199.9950904161867,1186.8261990490278,1195.0062255859375,5017129,0.0,0.0,1208.6425415039062,1221.1517504882813,1209.7322032368213,1207.1691037595003,43.60922784489912,-8.520475836055084,-3.0387300615734603,-5.481745774481624
2021-05-18 00:00:00+05:30,1202.7366112552472,1208.6693707997897,1195.0959078205165,1204.534423828125,5620150,0.0,0.0,1208.0245361328125,1222.4641479492188,1209.2371766264694,1207.065782977878,47.342737651923194,-7.804136278900842,-1.8579124035353738,-5.946223875365468
2021-05-19 00:00:00+05:30,1206.332300224675,1220.2203591930258,1198.4668698021967,1201.8377685546875,4435878,0.0,0.0,1206.8761779785157,1223.0484326171875,1208.5324710958234,1206.8607628044197,46.406285919325036,-7.369083356744795,-1.1382875851034617,-6.230795771641334
2021-05-20 00:00:00+05:30,1212.0854218704528,1212.7146124638152,1200.040054063484,1203.9053955078125,4490092,0.0,0.0,1206.3346008300782,1222.9720263671875,1208.0917972302987,1206.74486604769,47.26755991281355,-6.779312867549834,-0.4388136767267996,-6.340499190823034
2021-05-21 00:00:00+05:30,1211.2765021903265,1220.265567141646,1210.242737774965,1217.56884765625,4969733,0.0,0.0,1206.4874267578125,1223.4062036132811,1208.9943734613416,1207.1693359146925,52.67946379230865,-5.150022850014238,0.9523810726470368,-6.102403922661275
2021-05-24 00:00:00+05:30,1219.501447485017,1225.2094814504385,1209.1190341794893,1211.7708740234375,4225371,0.0,0.0,1207.1278991699219,1223.96982421875,1209.2588020863031,1207.3497883895454,50.31948098658193,-4.277340273080881,1.460050919664316,-5.737391192745197
2021-05-25 00:00:00+05:30,1220.7148866523876,1229.7039506189,1217.5237250523617,1223.950927734375,4099340,0.0,0.0,1207.93916015625,1224.4345581054688,1210.6580521480241,1208.0008134618918,54.891265835214625,-2.5732417726385393,2.5313195360853262,-5.1045613087238655
2021-05-26 00:00:00+05:30,1229.6138287382423,1258.468696183351,1224.3552493465716,1255.9967041015625,6850024,0.0,0.0,1210.1302368164063,1225.3640209960938,1214.976019000742,1209.8830052516828,64.2204013546464,1.3475610564028102,5.161697892101341,-3.814136835698531
2021-05-27 00:00:00+05:30,1262.2442786045776,1273.0761442356174,1251.0079489996735,1260.491455078125,15365391,0.0,0.0,1212.2089538574219,1225.9770727539062,1219.3108224366833,1211.8676503429158,65.30426917578886,4.762613937042033,6.861400618192452,-2.0987866811504183
2021-05-28 00:00:00+05:30,1267.2333613230735,1271.0537137157835,1254.9632663981758,1263.008544921875,4261312,0.0,0.0,1214.3977966308594,1226.5200170898438,1223.472510292416,1213.873175620522,65.92675873532602,7.584743857420108,7.746824430856421,-0.1620805734363131
2021-05-31 00:00:00+05:30,1273.4120619920125,1273.4120619920125,1256.6028410524104,1266.370361328125,4429904,15.0,0.0,1216.84462890625,1227.152666015625,1227.5580199148644,1215.931888785526,66.7839235233029,9.977557566962105,8.111710512318734,1.8658470546433705
2021-06-01 00:00:00+05:30,1272.0490301692846,1272.9576366194055,1252.6503046419778,1260.4188232421875,4791325,0.0,0.0,1219.0972534179687,1227.4793139648436,1230.6876202317524,1217.6764744504933,63.727472264256605,11.263798232061617,7.518360941934597,3.74543729012702
2021-06-02 00:00:00+05:30,1254.5583198621982,1264.7346674448352,1240.2477686850627,1252.6502685546875,9272276,0.0,0.0,1221.9794555664062,1227.5966552734376,1232.779301024413,1219.0479957879127,59.87543966793247,11.523460507629125,6.222418574001683,5.301041933627442
2021-06-03 00:00:00+05:30,1261.2367570531562,1271.140590844371,1251.1967210076143,1262.6451416015625,5115645,0.0,0.0,1224.8175659179688,1228.811005859375,1235.6236667936653,1220.7576877806048,62.97618544599296,12.392889935159019,5.673478401225262,6.719411533933757
2021-06-04 00:00:00+05:30,1266.551987526104,1269.2324432520063,1251.741768110205,1259.0106201171875,4194328,0.0,0.0,1226.5705505371093,1229.8205200195312,1237.8509956816197,1222.2578027741963,61.12632567852752,12.642903984354461,4.738793960336563,7.904110024017898
2021-06-07 00:00:00+05:30,1263.8717382877198,1264.780344857301,1251.4238726500098,1262.6451416015625,5154576,0.0,0.0,1228.91201171875,1230.4290063476562,1240.2123429120904,1223.8416199831127,62.31832853968586,12.984638597328285,4.064422858648308,8.920215738679977
2021-06-08 00:00:00+05:30,1268.4147154451457,1291.8113335846244,1268.005886872339,1283.8155517578125,7360630,0.0,0.0,1232.8962829589843,1231.447412109375,1244.3650294688257,1226.193538876238,68.39709462586143,14.793213949332767,4.698398568522231,10.094815380810536
2021-06-09 00:00:00+05:30,1284.2244311556549,1294.764244224107,1276.2286497029654,1285.9508056640625,5394317,0.0,0.0,1237.3873413085937,1232.8285375976564,1248.3255795826576,1228.5369611032118,68.94131312431239,16.211938950412105,4.893698855681254,11.31824009473085
2021-06-10 00:00:00+05:30,1293.855669580024,1298.3987021277069,1289.3126370323416,1294.1282958984375,3496575,0.0,0.0,1242.451318359375,1234.731875,1252.6877430413033,1231.1091703108677,71.00092605972759,17.7910595944511,5.178255599776197,12.612803994674902
2021-06-11 00:00:00+05:30,1299.39796605734,1318.933003290514,1298.807349725657,1314.66259765625,6140828,0.0,0.0,1249.0184387207032,1237.00275390625,1258.5901101474888,1234.3857753048044,75.41050153330079,20.46357921824506,6.280620178856124,14.182959039388935
2021-06-14 00:00:00+05:30,1336.5601853885398,1342.0118244859775,1320.6140966629812,1328.2010498046875,7132294,0.0,0.0,1255.6781799316407,1238.6616772460939,1265.2197234481744,1238.0648056773489,77.80662782755051,23.404220927152664,7.377009510210982,16.027211416941682
2021-06-15 00:00:00+05:30,1330.1999635751934,1341.103241965154,1329.2913570426963,1339.1951904296875,5403104,0.0,0.0,1262.4112182617187,1240.8506030273438,1272.2650060178423,1242.030703118617,79.54940897972764,26.31845318852288,8.232993417264957,18.085459771257923
2021-06-16 00:00:00+05:30,1338.1047015610766,1353.3238599057977,1333.3799922912506,1345.28271484375,7661710,0.0,0.0,1269.5834655761719,1242.8529541015625,1279.2190735250715,1246.0798016176418,80.46418586996917,28.787372683441617,8.561530329746954,20.225842353694663
2021-06-17 00:00:00+05:30,1340.2853652102433,1365.3175175160532,1340.2853652102433,1358.6392822265625,7677951,0.0,0.0,1277.3201599121094,1244.6783813476563,1286.7829029252136,1250.4938988964232,82.33161839466007,31.45913125064294,8.986631117558623,22.472500133084317
2021-06-18 00:00:00+05:30,1371.0872158371628,1377.2657844357784,1351.461337514914,1365.908203125,13533974,0.0,0.0,1284.737127685547,1246.6285034179687,1294.3186458013838,1255.019950042642,83.2689563495746,33.773737706865404,9.040990059024868,24.732747647840537
2021-06-21 00:00:00+05:30,1356.5495012472277,1368.1797087848922,1348.5537197008484,1363.182373046875,5454052,0.0,0.0,1292.3077026367187,1248.1798315429687,1300.87709601524,1259.2616136898669,81.52237123024484,34.98484477936154,8.201677705216799,26.78316707414474
2021-06-22 00:00:00+05:30,1371.7232315936153,1382.3993583025776,1364.8178441603825,1373.6767578125,6427862,0.0,0.0,1299.793994140625,1249.7675634765626,1307.8103971387886,1263.748482086833,83.0007298472389,36.37218905074769,7.6712175812823595,28.700971469465333
2021-06-23 00:00:00+05:30,1385.6247561172197,1385.6247561172197,1361.6829997270825,1365.771728515625,5529809,0.0,0.0,1305.2827453613281,1251.1756127929686,1313.3305239365825,1267.7493937114916,77.94205685720151,36.414041182131314,6.170455770132783,30.24358541199853
2021-06-24 00:00:00+05:30,1378.3559498240268,1425.3763324234951,1373.08598818163,1416.6990966796875,10785137,0.0,0.0,1313.0931274414063,1253.8772778320313,1323.1751499121165,1273.590558533774,84.4973601017067,40.09443856103667,7.880682519230504,32.213756041806164
2021-06-25 00:00:00+05:30,1428.3294791206408,1433.7811183539256,1401.9798894930973,1430.328369140625,9780240,0.0,0.0,1321.4591186523437,1257.365703125,1333.3802184100696,1279.7371393418857,85.72042416242924,43.608259512207724,9.115602776321246,34.49265673588648
2021-06-28 00:00:00+05:30,1429.1471500201644,1435.7345469791708,1417.9712459862303,1428.147705078125,5019178,0.0,0.0,1329.5479858398437,1261.4649169921875,1342.4056933308368,1285.5571615276206,84.57077681495045,45.69033680500888,8.958144055297922,36.73219274971096
2021-06-29 00:00:00+05:30,1418.3348219759514,1429.828716995369,1416.6992858233657,1420.197509765625,5913567,0.0,0.0,1337.5369201660155,1265.5309765625,1349.8144377531976,1290.837175184013,80.34031688647153,46.16670272965348,7.547607983954016,38.61909474569946
2021-06-30 00:00:00+05:30,1428.374767066409,1445.5928143615472,1428.374767066409,1436.3250732421875,6058722,0.0,0.0,1346.7206604003907,1269.7613793945313,1358.0535458950062,1296.5425829510002,82.2770867662065,47.30033690544383,6.944993727795492,40.35534317764834
2021-07-01 00:00:00+05:30,1432.7360827714067,1432.7360827714067,1416.562954235745,1417.78955078125,4814317,0.0,0.0,1354.477880859375,1273.822431640625,1363.7426892175056,1301.2973660031669,73.33509760909637,46.17085947471537,4.6524130376536235,41.51844643706175
2021-07-02 00:00:00+05:30,1416.4720494610297,1426.0124176480651,1401.61635546685,1424.5133056640625,5166064,0.0,0.0,1362.7530151367187,1278.022451171875,1369.5303669743205,1306.1293636369276,74.42109529762935,45.29614552989938,3.022159274270102,42.273986255629275
2021-07-05 00:00:00+05:30,1425.739766722254,1440.1411561004852,1418.3800770031892,1434.64404296875,4058338,0.0,0.0,1371.352960205078,1282.736103515625,1375.7316694499805,1311.1691549832735,76.00669255643002,44.90278293043298,2.103037339842956,42.79974559059002
2021-07-06 00:00:00+05:30,1429.873777779364,1441.7311350882849,1414.7909344556197,1419.4248046875,4089574,0.0,0.0,1378.1334228515625,1286.9700854492187,1379.8929204249823,1315.414474579518,69.0789286052322,42.86880994339572,0.05525148224455734,42.81355846115116
2021-07-07 00:00:00+05:30,1422.923258868747,1427.0119881336266,1403.4790575152117,1421.605712890625,4797120,0.0,0.0,1384.9161682128906,1291.1586962890624,1383.8655673264723,1319.5788368662281,69.50783124036403,40.9606835003151,-1.4822999686688547,42.442983468983954
2021-07-08 00:00:00+05:30,1424.69481819638,1431.9636693096268,1407.4312968024187,1418.107421875,3326813,0.0,0.0,1391.1151245117187,1295.1425024414064,1387.126696331094,1323.4427029450037,67.88131772129887,38.71985827442927,-2.9785001556437507,41.69835843007302
2021-07-09 00:00:00+05:30,1413.791506971223,1426.4211576545742,1409.2484751364827,1420.0609130859375,3436594,0.0,0.0,1396.3850402832031,1299.1590869140625,1390.263288402984,1327.2316523622953,68.3270283206341,36.67880808551172,-4.015640275649041,40.69444836116076
2021-07-12 00:00:00+05:30,1427.012031479578,1433.7811057692725,1393.575266776693,1406.3865966796875,4588982,0.0,0.0,1400.2943176269532,1302.93814453125,1391.7988415721939,1330.3357678257225,61.85623442055546,33.5708739155134,-5.698859556517888,39.26973347203129
2021-07-13 00:00:00+05:30,1414.155075053969,1414.155075053969,1395.8921079263405,1403.75146484375,4456160,0.0,0.0,1403.5221313476563,1306.7058471679688,1392.9371866456754,1333.214814767606,60.66395738502009,30.543098747941485,-6.9813077792718445,37.52440652721333
2021-07-14 00:00:00+05:30,1411.9743848199,1438.1422942323034,1397.5275204758414,1432.781494140625,5657716,0.0,0.0,1407.8970703125,1311.4613525390625,1396.7318825975753,1337.1193904292932,67.98505600175766,30.13862653779438,-5.908623991535158,36.04725052932954
2021-07-15 00:00:00+05:30,1415.5179640393762,1450.9081397362936,1413.7915896584334,1436.3250732421875,10021355,0.0,0.0,1411.7813598632813,1316.0701953125,1400.502662658967,1341.0098093631323,68.74963098204819,29.760950899338695,-5.02903970399268,34.789990603331375
2021-07-16 00:00:00+05:30,1429.919412656921,1430.737180651541,1407.976544522969,1413.2918701171875,6265593,0.0,0.0,1414.1505432128906,1319.8570141601563,1401.7206824168927,1343.8443999809383,58.90272848698923,27.288488529901315,-6.001201658744051,33.289690188645366
2021-07-19 00:00:00+05:30,1403.5245257675117,1410.975166197563,1397.0280775163917,1400.7987060546875,5669162,0.0,0.0,1416.0313598632813,1323.556669921875,1401.6328751443018,1346.0779021799087,54.35522198301248,24.043788531425662,-7.396721325775765,31.440509857201427
2021-07-20 00:00:00+05:30,1397.7094932083255,1415.3363714586578,1397.436866879141,1408.3856201171875,5069939,0.0,0.0,1417.7668029785157,1327.6417797851564,1402.2759937131482,1348.5213420990178,56.54910779590635,21.832865283686488,-7.6861156588119535,29.51898094249844
2021-07-22 00:00:00+05:30,1418.6980471031727,1447.2736738556912,1418.6980471031727,1444.8658447265625,7854575,0.0,0.0,1421.7215087890625,1332.61650390625,1406.33217000014,1352.2995578883335,65.20827146823194,22.761956266021116,-5.405619741181862,28.167576007202978
2021-07-23 00:00:00+05:30,1443.3667541336133,1452.4073435297937,1440.186631704865,1445.093017578125,4179719,0.0,0.0,1423.1412048339844,1337.6613891601562,1410.0236792932815,1355.938517091855,65.25470768492146,23.248603089159815,-3.935178334434532,27.183781423594347
2021-07-26 00:00:00+05:30,1448.4095769168314,1464.3556651091174,1448.4095769168314,1457.31396484375,4586710,0.0,0.0,1424.4904846191407,1343.1412646484375,1414.5275160123738,1359.9140248468311,67.74851909774132,24.339828124612723,-2.2751626391853,26.614990763798023
2021-07-27 00:00:00+05:30,1458.3131994067685,1462.2202510978263,1451.8621164706694,1456.087158203125,5892859,0.0,0.0,1425.8874572753907,1348.3628833007813,1418.4855771733978,1363.685520272568,67.22688430166393,24.819534638326786,-1.4363649003769936,26.25589953870378
2021-07-28 00:00:00+05:30,1458.4042172745385,1460.67573344091,1440.5955527129588,1458.8585205078125,4686788,0.0,0.0,1427.8205078125,1353.449365234375,1422.330619395723,1367.417794791597,67.82948091481046,25.13360671026203,-0.8978342627533991,26.031440973015428
2021-07-29 00:00:00+05:30,1453.8612031449802,1471.9424942384626,1453.8612031449802,1469.2166748046875,4660873,0.0,0.0,1429.465087890625,1358.796943359375,1426.7959580061006,1371.409907733287,70.04631394076699,25.919543215258273,-0.08951820620572803,26.009061421464
2021-07-30 00:00:00+05:30,1462.856365726143,1475.0317141826629,1459.3582531213112,1463.3106689453125,6234257,0.0,0.0,1431.741143798828,1363.985048828125,1430.2735495241209,1375.0138591533664,67.2027805163424,25.768791653863445,-0.19221581408044486,25.96100746794389
2021-08-02 00:00:00+05:30,1478.7116362565312,1485.3445082165051,1471.215632468315,1482.43701171875,5553389,0.0,0.0,1434.6373291015625,1369.282412109375,1435.241498304562,1379.2265318029893,71.27027739752795,26.882768154311407,0.7374085490940097,26.145359605217397
2021-08-03 00:00:00+05:30,1496.4747647351307,1507.0600516472089,1486.1166294266857,1503.92529296875,5513668,0.0,0.0,1438.1013916015625,1375.1255004882812,1441.7828120821036,1384.1166792996858,75.01878343757947,29.163350319570554,2.414392571482523,26.74895774808803
2021-08-04 00:00:00+05:30,1516.5549806164977,1526.367974493898,1489.2514237545286,1498.5191650390625,6740391,0.0,0.0,1442.0561096191407,1380.616865234375,1447.1862742684807,1388.6030512894652,72.4573757689486,30.186527277225196,2.7500556233097306,27.436471653915465
2021-08-05 00:00:00+05:30,1498.7463689702893,1513.7383756923325,1496.520327489233,1502.42626953125,5420536,0.0,0.0,1446.0971374511719,1385.5454565429689,1452.4472261982683,1393.0667069067902,73.17035520247298,30.955833488128974,2.815489467370803,28.14034402075817
2021-08-06 00:00:00+05:30,1505.5607698907224,1508.877205356598,1493.7488869646031,1499.3822021484375,3754855,0.0,0.0,1450.1608764648438,1390.323271484375,1456.9172239078082,1397.2359420143057,71.61489478998122,30.96296165715262,2.2580941091155537,28.704867548037065
2021-08-09 00:00:00+05:30,1509.1953170444733,1515.055784295382,1495.929685025653,1511.28515625,5018477,0.0,0.0,1454.7220886230468,1395.2888037109376,1462.0951222261122,1401.7084602196269,73.94709157732306,31.565215545177352,2.288278397712226,29.276937147465127
2021-08-10 00:00:00+05:30,1515.5557166096846,1526.458995146445,1509.240945489365,1523.9603271484375,6846517,0.0,0.0,1460.6007751464845,1400.4406030273437,1467.987046504429,1406.5026510795803,76.19050170782707,32.688474069913354,2.729229537958581,29.959244531954774
2021-08-11 00:00:00+05:30,1521.7341203590554,1530.0932552979846,1515.5555521597614,1524.2327880859375,4899639,0.0,0.0,1466.6248413085937,1405.7168823242187,1473.3437837979059,1411.1195191974766,76.23786839018885,33.217736475248785,2.606793554635207,30.610942920613578
2021-08-12 00:00:00+05:30,1525.6866250055218,1541.450925580674,1521.0072793528136,1535.1815185546875,5659579,0.0,0.0,1471.7448425292969,1411.3675073242186,1479.2330918699804,1415.9846956428576,78.12145406714187,34.12725404986804,2.813048903403569,31.314205146464474
2021-08-13 00:00:00+05:30,1541.905410476944,1565.074878931371,1536.726397187982,1555.7161865234375,5612790,0.0,0.0,1477.7143981933593,1417.2289282226564,1486.5171961226906,1421.4643619519,81.14091373667397,36.0890176394571,3.8198499943940973,32.269167645063
2021-08-16 00:00:00+05:30,1551.6271187781572,1562.757547277607,1535.6356681780478,1548.6287841796875,4564109,0.0,0.0,1484.4812438964843,1423.0212915039062,1492.4325854614524,1426.4512020392642,77.18169777270353,36.64936422337223,3.5041572626473823,33.14520696072485
2021-08-17 00:00:00+05:30,1548.1744734936706,1589.0617616613977,1532.410174571776,1582.474365234375,9510390,0.0,0.0,1493.5650268554687,1429.4178759765625,1501.0079930588736,1432.5697574586804,81.75906674999351,39.370658021704,4.98036084878332,34.39029717292068
2021-08-18 00:00:00+05:30,1570.9805493808562,1595.058620264947,1569.1633364839438,1575.0238037109375,6686090,0.0,0.0,1501.8969360351562,1435.242041015625,1508.0571178828795,1438.1561906450436,78.04745081316024,40.45971055674113,4.855530707056353,35.604179849684776
2021-08-20 00:00:00+05:30,1559.2595828305214,1585.5183327010102,1559.2595828305214,1574.569580078125,6206972,0.0,0.0,1508.3821228027343,1441.0144165039062,1514.3916380919504,1443.5057353286938,77.81551984926045,40.815643158420926,4.169170646988917,36.64647251143201
2021-08-23 00:00:00+05:30,1577.11365816732,1592.923432706201,1573.706383952642,1579.8394775390625,6189051,0.0,0.0,1515.1194458007812,1446.7286401367187,1520.624765658342,1448.8521565918456,78.60972641223417,41.04976287846216,3.5226322936241203,37.52713058483804
2021-08-24 00:00:00+05:30,1590.0612163987423,1596.4214612643373,1556.1701529636675,1563.5753173828125,7602939,0.0,0.0,1520.4325134277344,1451.70689453125,1524.715294394006,1453.3511040738445,70.25081465264905,39.46796056257176,1.5526639821869708,37.91529658038479
2021-08-25 00:00:00+05:30,1560.9859188868804,1587.2446681103022,1560.9859188868804,1576.9320068359375,6153253,0.0,0.0,1526.474755859375,1456.681513671875,1529.688314626571,1458.1974139860833,72.80802298085258,38.844370322022996,0.7432589933105618,38.101111328712435
2021-08-26 00:00:00+05:30,1575.5235813962493,1586.4268587761542,1562.8030911196936,1569.79931640625,5302248,0.0,0.0,1532.021795654297,1461.2935961914063,1533.5084100341594,1462.5739591790311,69.37833857939383,37.34414203293409,-0.6055754366226793,37.94971746955677
2021-08-27 00:00:00+05:30,1567.3463352118697,1569.7995285883849,1549.3558807377954,1552.626953125,6698514,0.0,0.0,1536.1923095703125,1465.4404809570312,1535.3292236618584,1466.1054491376967,61.82714679895672,34.37330009701873,-2.861133898030431,37.23443399504916
2021-08-30 00:00:00+05:30,1547.402285256663,1561.5765239340512,1535.90839128664,1542.8592529296875,6559667,0.0,0.0,1540.1697387695312,1469.1248803710937,1536.0463693064135,1469.1154022275787,57.96270153006232,30.87480910490035,-5.087699912119049,35.9625090170194
2021-08-31 00:00:00+05:30,1544.7674225267726,1558.2602073875555,1531.7743047118652,1550.4915771484375,12255438,0.0,0.0,1543.5724670410157,1472.8165478515625,1537.422103386606,1472.3066247734948,60.063236863578574,28.390822833882794,-6.057348946509286,34.44817178039208
2021-09-01 00:00:00+05:30,1553.2628070693172,1553.2628070693172,1520.234983076621,1524.41455078125,7801974,0.0,0.0,1544.5969299316407,1476.04119140625,1536.1832888527626,1474.3500728522304,50.73519537856681,24.040918975915247,-8.325802243581471,32.36672121949672
2021-09-02 00:00:00+05:30,1524.0511680045938,1539.4521155101943,1510.6946961417193,1534.727294921875,6830050,0.0,0.0,1546.4073364257813,1479.2622021484376,1536.0446227641066,1476.71780705104,53.79155167729681,21.181573104384825,-8.948118492089517,30.12969159647434
2021-09-03 00:00:00+05:30,1541.042233674489,1550.0373500812914,1530.4569448395198,1545.2218017578125,5339139,0.0,0.0,1548.5471130371093,1482.8512036132813,1536.9186398111262,1479.4042382160114,56.73322357171411,19.537128045461486,-8.474050840810285,28.01117888627177
2021-09-06 00:00:00+05:30,1549.3102514864631,1573.706311558508,1544.0402899113085,1572.2525634765625,4876026,0.0,0.0,1552.1906311035157,1485.9622729492187,1540.2837753983106,1483.0453490105429,63.2268158344382,20.18239991081532,-6.263023180365163,26.445423091180484
2021-09-07 00:00:00+05:30,1571.8892799071189,1576.341474038765,1548.2655103825032,1550.67333984375,3520341,0.0,0.0,1554.1600402832032,1488.3691723632812,1541.2732577264476,1485.6974270824333,56.0009766461197,18.736536382639315,-6.1671093668329355,24.90364574947225
2021-09-08 00:00:00+05:30,1545.4033118813336,1545.4033118813336,1529.1392336796573,1538.4979248046875,4584896,0.0,0.0,1554.8869201660157,1490.5761767578124,1541.0089403053275,1487.7680348362471,52.3646896156446,16.418957360210015,-6.787750711409792,23.206708071619808
2021-09-09 00:00:00+05:30,1531.8196447981695,1539.9971028938685,1528.4123705916284,1536.9986572265625,3331674,0.0,0.0,1555.525213623047,1492.9121997070313,1540.6270085835404,1489.6986474790046,51.917638131287845,14.296480001815553,-7.128182455843408,21.42466245765896
2021-09-13 00:00:00+05:30,1529.1846208291531,1545.9938397746903,1522.0974463135944,1537.271240234375,4662374,0.0,0.0,1555.6296997070312,1494.931123046875,1540.3074115979055,1491.5642393517642,51.997876809917436,12.492392054958145,-7.145816322160655,19.6382083771188
2021-09-14 00:00:00+05:30,1540.9511521681914,1540.9511521681914,1525.1868515467215,1532.046875,4945167,0.0,0.0,1554.4462341308595,1497.21626953125,1539.5206938266763,1493.1517936909106,50.26648280863794,10.519810914878008,-7.294717969792636,17.814528884670644
2021-09-15 00:00:00+05:30,1538.4979520082384,1558.350981797339,1535.7266578251022,1555.0345458984375,4062344,0.0,0.0,1554.7665222167968,1499.8266943359374,1540.9982035477965,1495.5785682872843,57.04412976602799,10.688231792298893,-5.7010376738974,16.389269466196293
2021-09-16 00:00:00+05:30,1558.4418248516606,1562.1217255431975,1536.8624204708835,1546.6754150390625,3246568,0.0,0.0,1552.9765747070312,1502.0673217773438,1541.5388903564885,1497.5823661991187,54.154039148529456,10.031557006142293,-5.086169968043201,15.117726974185494
2021-09-17 00:00:00+05:30,1541.905208900963,1560.9859451336797,1530.5021531201455,1536.7261962890625,7454864,0.0,0.0,1551.0616943359375,1504.413349609375,1541.0805385405433,1499.1174183595087,50.851722540975345,8.609078603812804,-5.206918696298153,13.815997300110958
2021-09-20 00:00:00+05:30,1531.0019243694178,1551.627247174897,1524.5962042965646,1533.5914306640625,5660743,0.0,0.0,1549.0127868652344,1506.6530639648438,1540.3672901713549,1500.4693404106677,49.8208621050245,7.1464252916878195,-5.335657606738511,12.48208289842633
2021-09-21 00:00:00+05:30,1544.631030047717,1568.936253608762,1530.68394263565,1561.394775390625,4672222,0.0,0.0,1548.0905517578126,1509.5188110351562,1542.3699078112854,1502.8585731549797,57.96086605593517,8.136961731410565,-3.476096933612613,11.613058665023178
2021-09-22 00:00:00+05:30,1560.0772886583536,1579.9757922748022,1556.4883375141767,1559.9864501953125,4553892,0.0,0.0,1547.9111083984376,1512.3173217773438,1544.0476737526212,1505.0988820585221,57.45247169420421,8.70794910613813,-2.3240876471080387,11.03203675324617
2021-09-23 00:00:00+05:30,1573.7065151100142,1585.518400038669,1563.8026817178268,1583.2923583984375,3826090,0.0,0.0,1548.2291259765625,1515.8554370117188,1547.7852627665086,1508.1652928953815,63.2043547584633,10.915228767998542,-0.09344638819810314,11.008675156196645
2021-09-24 00:00:00+05:30,1597.3300604541666,1624.5882526120874,1592.287250539404,1602.6453857421875,8280446,0.0,0.0,1549.8714294433594,1519.8333154296874,1553.0100363832398,1511.8703945756486,67.17293633471354,14.064020100091511,2.4442759551158915,11.61974414497562
2021-09-27 00:00:00+05:30,1607.097542096934,1607.3246936929902,1561.0766065531946,1563.847900390625,5045337,0.0,0.0,1550.4324768066406,1522.4546435546874,1554.0422139077527,1513.9087281370203,54.4858482217558,13.275792026249292,1.324838305018936,11.950953721230356
2021-09-28 00:00:00+05:30,1553.7168981680627,1553.7168981680627,1521.9156751061432,1532.9097900390625,6557197,0.0,0.0,1549.9350036621095,1524.386337890625,1552.0296021107347,1514.6538678194534,46.88177094982359,10.038945934353933,-1.5296062295011374,11.56855216385507
2021-09-29 00:00:00+05:30,1507.6052211649328,1545.9030044277745,1503.7436438318298,1537.5892333984375,7792548,0.0,0.0,1549.2898864746094,1526.87228515625,1550.6543289000397,1515.55329392059,48.06244335788688,7.761840393196735,-3.0453694165266683,10.807209809723403
2021-09-30 00:00:00+05:30,1547.3569628392368,1547.3569628392368,1517.463785003253,1522.09765625,6914031,0.0,0.0,1549.1740417480469,1529.2982641601564,1547.9346457905121,1515.809935580567,44.5333939104977,4.653533995626276,-4.9229406512777025,9.576474646903979
2021-10-01 00:00:00+05:30,1512.9207118313568,1525.5048900966588,1509.4225988715268,1512.9661865234375,5733906,0.0,0.0,1548.085986328125,1531.3898754882812,1544.604316336505,1515.6984160096993,42.55012121556455,1.4367831475974526,-6.511753199445221,7.9485363470426735
2021-10-04 00:00:00+05:30,1519.6444512634955,1533.727852755026,1513.1933669566042,1525.3232421875,2947154,0.0,0.0,1547.0910583496093,1532.9990234375,1542.7680235604091,1516.0758601735347,46.05146910545896,-0.11408881025045048,-6.450100125834499,6.336011315584049
2021-10-05 00:00:00+05:30,1518.2814454716804,1547.3113784746631,1511.0125935484168,1538.089111328125,4373310,0.0,0.0,1545.3828857421875,1534.8589453125,1542.3224128716201,1516.939124924695,49.477202828577795,-0.309499343668449,-5.3164085274019985,5.0069091837335495
2021-10-06 00:00:00+05:30,1546.5392849162276,1552.8086926926746,1517.373034989331,1520.5986328125,4271698,0.0,0.0,1543.879150390625,1536.124638671875,1540.2534814374183,1517.0826350379423,45.23863213006874,-1.8543235537902092,-5.488986190019007,3.634662636228798
2021-10-07 00:00:00+05:30,1532.8193090112868,1548.4472979089164,1523.4152530386011,1536.4537353515625,5476108,0.0,0.0,1543.7769409179687,1537.7319702148438,1539.8916008578128,1517.8422860306332,49.46492199201632,-1.7787295152559182,-4.330713721187773,2.5519842059318547
2021-10-08 00:00:00+05:30,1549.401331818746,1573.252253947608,1543.177399084087,1566.3013916015625,4738376,0.0,0.0,1545.2420776367187,1539.8808276367188,1542.4068190238843,1519.742643111846,56.3020255962166,0.6817766205215321,-1.4961660683282583,2.1779426888497904
2021-10-11 00:00:00+05:30,1528.2759760102715,1571.8890835301845,1511.648434402758,1536.407958984375,8840633,0.0,0.0,1545.1989135742188,1541.2246533203124,1541.8354990201215,1520.3961849107689,49.1323861898263,0.2170927674601444,-1.5686799371117168,1.7857727045718612
2021-10-12 00:00:00+05:30,1523.7330188328667,1534.6362962484866,1510.103922063342,1531.13818359375,7439300,0.0,0.0,1545.1534790039063,1542.5812036132813,1540.816707074753,1520.817439761082,47.9726270689448,-0.5698307128795932,-1.8844827339611636,1.3146520210815704
2021-10-13 00:00:00+05:30,1540.9511978706048,1557.0335999757492,1526.5044427964367,1552.990234375,7104171,0.0,0.0,1545.0512634277343,1543.9922680664063,1541.9760906271574,1522.0791179812356,52.93389807033189,0.563311132229046,-0.6010727110820195,1.1643838433110656
2021-10-14 00:00:00+05:30,1593.6958500860594,1620.590581131645,1542.9955614589314,1558.941650390625,19655776,0.0,0.0,1545.6645751953124,1545.0925952148436,1543.5918582236782,1523.5247074874862,54.21446458675176,1.919437660187441,0.6040430535011003,1.3153946066863407
2021-10-18 00:00:00+05:30,1580.9752805832566,1634.5830630857922,1580.9752805832566,1628.359130859375,13438109,0.0,0.0,1550.2462219238282,1547.68939453125,1551.6649318080301,1527.6358613452073,65.87662699527642,8.497632810252526,5.745790562852948,2.751842247399578
2021-10-19 00:00:00+05:30,1648.2122661452331,1666.8387002444488,1619.4094831476095,1655.617431640625,10324260,0.0,0.0,1556.3475219726563,1550.7532177734374,1561.5651698873248,1532.6547464548316,69.19473386151215,15.729101633334722,10.381807508748114,5.3472941245866075
2021-10-20 00:00:00+05:30,1662.2044323593457,1679.1044878136595,1630.085220968409,1637.6265869140625,5876115,0.0,0.0,1560.159112548828,1553.51810546875,1568.8091143660617,1536.7712892179388,64.72147258823847,19.780366213022717,11.546457670748886,8.23390854227383
2021-10-21 00:00:00+05:30,1648.212061324939,1648.212061324939,1587.1991174674297,1593.377685546875,8779629,0.0,0.0,1561.8286743164062,1555.1599560546874,1571.148978288044,1538.991147897505,55.25927477340408,19.199189735190657,8.77222495433346,10.426964780857197
2021-10-22 00:00:00+05:30,1589.970368466954,1602.0547670912604,1550.9911315544296,1562.621337890625,7369809,0.0,0.0,1560.7951232910157,1555.9331762695313,1570.3368220597183,1539.9178220148822,49.80843425952097,16.07156003513478,4.515676203422066,11.555883831712714
2021-10-25 00:00:00+05:30,1564.6658832481858,1571.6621090021983,1533.0008576772336,1551.4910888671875,5905209,0.0,0.0,1558.2374084472656,1556.4783422851563,1568.5419903270963,1540.3716756169335,47.964550756983975,12.550103111168482,0.7953754235646144,11.754727687603868
2021-10-26 00:00:00+05:30,1567.5325432558725,1582.703180395499,1554.5617978837658,1561.711669921875,5871709,15.0,0.0,1558.130596923828,1557.0089453125,1567.891483621837,1541.208538138696,49.80223282583234,10.463422777823553,-1.0330439278242523,11.496466705647805
2021-10-27 00:00:00+05:30,1566.661885052364,1589.624237915467,1559.3744907121156,1584.8575439453125,5090259,0.0,0.0,1560.7279846191407,1557.5917724609376,1569.5072988907395,1542.9202638566026,53.78290485000445,10.555712492567181,-0.7526033704644988,11.30831586303168
2021-10-28 00:00:00+05:30,1576.0573538475787,1581.0073339619178,1551.0326346588704,1561.89501953125,5329972,0.0,0.0,1561.9432739257813,1557.8570971679687,1568.7823199041216,1543.664371922275,49.5821433699537,8.675957899947434,-2.105886370467399,10.781844270414833
2021-10-29 00:00:00+05:30,1557.4034018512966,1569.8699399576144,1522.6162429018154,1528.7578125,5875091,0.0,0.0,1562.2762817382813,1556.7827661132812,1564.97046205611,1543.0798009645387,44.21509748573512,4.460920459932822,-5.056739048385609,9.517659508318431
2021-11-01 00:00:00+05:30,1537.6952643857423,1564.9199882423625,1536.3202760718357,1558.365966796875,3636806,0.0,0.0,1564.5462707519532,1556.449609375,1564.3414625076114,1543.6792584481598,49.477400113662405,3.469608045313862,-4.838441170403655,8.308049215717517
2021-11-02 00:00:00+05:30,1553.7368084584612,1564.2325079220566,1545.807686732093,1556.3951416015625,3471772,0.0,0.0,1566.0998657226562,1556.0861206054688,1563.5846700403686,1544.177920532607,49.145076949061824,2.496182257079681,-4.6494935669102695,7.145675823989951
2021-11-03 00:00:00+05:30,1566.5699768693787,1574.3156994041192,1557.4033883563925,1560.6116943359375,3530713,0.0,0.0,1567.2259948730468,1555.7015649414063,1563.3015294970894,1544.8223822503846,49.92009418562126,2.041443384628792,-4.0833859514889275,6.1248293361177195
2021-11-04 00:00:00+05:30,1572.0700398709214,1573.9033577016746,1562.9034507171552,1566.2950439453125,483407,0.0,0.0,1569.5108154296875,1555.7559594726563,1563.5866261112058,1545.6644474148918,51.00394862497602,2.1152747965945764,-3.207643631618515,5.322918428213091
2021-11-08 00:00:00+05:30,1585.8198825314748,1595.9031303394784,1561.0700924572843,1592.69482421875,5245903,0.0,0.0,1572.3228698730468,1556.0712158203125,1566.3588354547815,1547.508775917004,55.79031064692479,4.254979602179901,-0.8543510608265521,5.109330663006453
2021-11-09 00:00:00+05:30,1590.1739699507375,1604.1530176762014,1582.1532048623565,1597.278076171875,4016134,0.0,0.0,1573.8717041015625,1556.620791015625,1569.3035250468856,1549.460513181901,56.58328569086747,6.248512245526626,0.9113452660161379,5.337166979510489
2021-11-10 00:00:00+05:30,1582.1531564135155,1605.023749692163,1578.4406433561303,1595.1239013671875,4780368,0.0,0.0,1576.8075012207032,1557.4707299804688,1571.762608505962,1551.2512342872064,56.07419286073049,7.567345674036915,1.7841429556211406,5.783202718415774
2021-11-11 00:00:00+05:30,1588.5240505596312,1594.7573760524715,1566.5701139092826,1588.844970703125,4731349,0.0,0.0,1579.6928405761719,1558.3904443359374,1573.389500143787,1552.7254984603799,54.53403278405602,8.013498812357057,1.7842368751530255,6.229261937204031
2021-11-12 00:00:00+05:30,1597.7365142197998,1634.2653501833224,1593.199097277224,1631.836181640625,5069009,0.0,0.0,1583.6351379394532,1560.0173364257812,1578.9558507625334,1555.8278781929387,62.19129188906626,11.701225376569482,4.37757075149236,7.323654625077122
2021-11-15 00:00:00+05:30,1633.577615438026,1649.9858302403368,1627.5276897731767,1638.206787109375,4354074,0.0,0.0,1587.5983947753907,1562.2931811523438,1584.5987970812803,1559.058423640642,63.18086127036968,14.96531898562148,6.113331488435485,8.851987497185995
2021-11-16 00:00:00+05:30,1640.8193742192248,1658.190015014376,1628.902808931599,1642.927734375,6034233,0.0,0.0,1588.3268249511718,1564.4571899414063,1590.1539339663964,1562.3474162184602,63.9341877801943,17.72871211947995,7.1013796978351635,10.627332421644788
2021-11-17 00:00:00+05:30,1643.1569835798214,1651.819365571725,1632.2944859147217,1638.48193359375,4732492,0.0,0.0,1587.4700500488282,1566.322392578125,1594.756600597573,1565.3330835665108,62.634530090202055,19.33707634015809,6.967795134810643,12.369281205347448
2021-11-18 00:00:00+05:30,1633.1193879182665,1640.3151375252248,1612.4029202478314,1631.102783203125,4326924,0.0,0.0,1587.1438598632812,1567.4993969726563,1598.2181417981017,1567.9122874738289,60.438440148686354,19.788175042119065,5.935115069417293,13.853059972701772
2021-11-22 00:00:00+05:30,1635.3195631306587,1636.6029080371482,1605.2073390700937,1612.769775390625,6621839,0.0,0.0,1588.1134643554688,1568.7413256835937,1599.6040116640563,1569.6714046470365,55.2549799269179,18.453631521095758,3.6804572387151886,14.77317428238057
2021-11-23 00:00:00+05:30,1590.494866649379,1601.6322948852967,1567.4867501810602,1592.1448974609375,8436160,0.0,0.0,1589.5896423339843,1569.8142651367189,1598.8936198351878,1570.5527180907188,50.05397308198248,15.55246178777088,0.6234300043122474,14.929031783458633
2021-11-24 00:00:00+05:30,1594.98643263331,1595.4447620679748,1547.3201714281763,1554.6534423828125,7333061,0.0,0.0,1589.7477600097657,1570.1673608398437,1594.6802696016282,1569.9292170825656,42.265874325885115,10.111458180925183,-3.854058882026761,13.965517062951944
2021-11-25 00:00:00+05:30,1558.3202107513016,1582.3366304170838,1555.5243562026865,1578.8533935546875,4476260,0.0,0.0,1590.6048461914063,1570.99900390625,1593.1729480733482,1570.2791847873548,47.90083083772918,7.663813759860432,-5.04136264247321,12.705176402333642
2021-11-26 00:00:00+05:30,1560.657742646102,1575.1408869417976,1543.6536743369188,1550.6661376953125,4494181,0.0,0.0,1588.8952758789062,1571.3713891601562,1589.124680418297,1569.510045685706,42.67608103894384,3.41025069748207,-7.435940563881259,10.846191261363328
2021-11-29 00:00:00+05:30,1550.0702623013178,1569.3200999762605,1530.0412869093773,1554.974365234375,3942776,0.0,0.0,1588.5492431640625,1571.370185546875,1585.8722694483997,1568.94001900134,43.68710357315731,0.38250005973213774,-8.370952961304953,8.75345302103709
2021-11-30 00:00:00+05:30,1562.490978815251,1585.7282596410298,1558.3660137492486,1569.9158935546875,14808963,0.0,0.0,1590.6071472167969,1571.8349951171874,1584.3526146013796,1568.9782885916675,47.16733822484394,-0.8021114293030678,-7.644451560272127,6.842340130969059
2021-12-01 00:00:00+05:30,1572.0700370666937,1596.7281842257082,1570.2367192392103,1571.9783935546875,5193264,0.0,0.0,1591.2877685546875,1572.5400390625,1583.1741173588375,1569.0959397666877,47.64830494545178,-1.5565550582703054,-6.719116151391492,5.1625610931211865
2021-12-02 00:00:00+05:30,1572.0701609812938,1604.6115549841136,1568.7243333030424,1602.549072265625,5559574,0.0,0.0,1593.5954650878907,1573.9191918945312,1585.019351159484,1570.4078273156658,54.29054257948614,0.3087817684345282,-3.8830234597493263,4.1918052281838545
2021-12-03 00:00:00+05:30,1623.494504365112,1637.7485945706735,1588.1573720192766,1590.9073486328125,6754012,0.0,0.0,1595.1102478027344,1574.509443359375,1585.5801128236103,1571.2117301124167,51.60535094993123,0.8380246133101537,-2.6830244918989608,3.5210491052091144
2021-12-06 00:00:00+05:30,1585.819734563143,1589.4404920885302,1550.528370528067,1554.01171875,3991449,0.0,0.0,1594.4960815429688,1574.3899487304689,1582.573599102314,1570.5372198629102,44.15211394197738,-1.7001177024485514,-4.176933446126133,2.4768157436775815
2021-12-07 00:00:00+05:30,1559.3283498660105,1581.144875289866,1552.8200943998993,1568.9991455078125,4202122,0.0,0.0,1593.311297607422,1574.1040844726563,1581.2807939980758,1570.4769032215338,47.470955538849765,-2.4737379782463904,-3.9604429775391776,1.4867049992927872
2021-12-08 00:00:00+05:30,1588.569769866459,1613.1362715394564,1588.203083951059,1607.2237548828125,3029169,0.0,0.0,1593.8085815429688,1574.1956518554687,1583.7515521775745,1571.9179562278584,54.84179747823302,-0.0024033954300648475,-1.1912867157782816,1.1888833203482168
2021-12-09 00:00:00+05:30,1612.4029684106154,1621.9362431330585,1596.819767465203,1616.4820556640625,2082171,0.0,0.0,1594.8764892578124,1575.2483349609374,1586.8687429858114,1573.6655679704547,56.43626479104095,2.6724087006705304,1.186820304257851,1.4855883964126795
2021-12-10 00:00:00+05:30,1613.3196963372177,1616.757167281118,1600.4864714799896,1612.6322021484375,1823469,0.0,0.0,1596.065850830078,1576.842783203125,1589.3224057632044,1575.1936712715521,55.55780546275064,4.430493581546443,2.355924148107011,2.0745694334394322
2021-12-13 00:00:00+05:30,1619.782082196287,1623.7236481534487,1593.88646941928,1599.2489013671875,4040584,0.0,0.0,1594.4364868164062,1578.0759765625,1590.267786296917,1576.137013628244,52.4985588032677,4.689806818126726,2.092189907749835,2.597616910376891
2021-12-14 00:00:00+05:30,1586.6448998955718,1616.0696279745036,1567.8075148901687,1606.1239013671875,4768144,0.0,0.0,1592.832342529297,1579.7565014648437,1591.7778924940856,1577.3129700101633,53.902788690559454,5.387960415810539,2.2322748043469183,3.155685611463621
2021-12-15 00:00:00+05:30,1599.5698833905392,1602.273982560742,1577.75335540848,1589.669921875,3053149,0.0,0.0,1590.169451904297,1581.290576171875,1591.5771333875061,1577.797556357804,50.08655043827349,4.560977429823652,1.1242334546880244,3.4367439751356272
2021-12-16 00:00:00+05:30,1615.7488284833244,1629.4528342458236,1611.486342229459,1623.952880859375,4481031,0.0,0.0,1589.4429992675782,1583.2631689453126,1594.6605379086363,1579.6075690833559,56.928858979664064,6.595902275113758,2.5273266399825047,4.068575635131253
2021-12-17 00:00:00+05:30,1668.3191289481786,1688.4856239134865,1656.173399025891,1669.0982666015625,18887243,0.0,0.0,1591.3427734375,1585.8833520507812,1601.7498454032007,1583.117008201717,63.93921396617057,11.716390947864511,6.118252250186606,5.598138697677905
2021-12-20 00:00:00+05:30,1651.5443610871475,1677.165045499712,1638.3445619193908,1648.977783203125,5773891,0.0,0.0,1593.153173828125,1588.4509350585938,1606.2477442412885,1585.6997836919684,59.30620151183884,13.989596891052088,6.713166554699345,7.2764303363527425
2021-12-21 00:00:00+05:30,1650.9025792508633,1684.818956503657,1650.9025792508633,1660.619140625,5353584,0.0,0.0,1596.576885986328,1590.9342431640625,1611.4259724683088,1588.637797689342,61.06410966745795,16.539828385709825,7.410718439485667,9.129109946224158
2021-12-22 00:00:00+05:30,1672.9024838335604,1676.7066406282208,1661.3067264292642,1672.62744140625,4156428,0.0,0.0,1602.4755859375,1593.0607641601562,1617.2546837957318,1591.9315092076522,62.84699931718257,19.30731205910888,8.142561690307778,11.164750368801103
2021-12-23 00:00:00+05:30,1678.6315832196426,1706.452158001076,1674.7357829582454,1702.7855224609375,4112933,0.0,0.0,1608.6721923828125,1596.3883154296875,1625.400477954323,1596.2787254136633,66.94119280667003,23.661314997796808,9.997251703196563,13.664063294600245
2021-12-24 00:00:00+05:30,1716.856229439158,1719.4229190991205,1699.4855881699425,1708.19384765625,3780347,0.0,0.0,1616.5485778808593,1599.9294287109376,1633.285560783078,1600.6675537369022,67.63009826433957,27.234359594995567,10.856237040316255,16.37812255467931
2021-12-27 00:00:00+05:30,1704.9855722004531,1718.2771263923382,1691.2815662579003,1710.623046875,2647733,0.0,0.0,1624.3310119628907,1603.0820849609374,1640.6510356489753,1604.9795338599647,67.95312844798767,29.91717271173252,10.831240125642566,19.085932586089953
2021-12-28 00:00:00+05:30,1723.9603229095464,1737.8936051210562,1721.852074608909,1730.6519775390625,3340933,0.0,0.0,1632.3678161621094,1606.5162915039064,1649.2225539242218,1609.9078649846354,70.56165039802922,33.275904833810955,11.3519777981768,21.923927035634154
2021-12-29 00:00:00+05:30,1726.5269325409,1735.968563392105,1720.018677128368,1728.4061279296875,3236635,0.0,0.0,1640.1892028808593,1608.5172314453125,1656.7638466866472,1614.554855688363,69.87483935494484,35.34902142974761,10.740075515290762,24.608945914456847
2021-12-30 00:00:00+05:30,1727.4435773447665,1750.6350906664184,1718.1394677751375,1735.09765625,4584738,0.0,0.0,1646.816632080078,1610.1068359375,1664.2242095022045,1619.282024337839,70.78720919572463,37.10421735889963,9.996217155554227,27.108000203345405
2021-12-31 00:00:00+05:30,1732.4854563189065,1740.1395363523743,1715.6647865694654,1730.4229736328125,4619420,0.0,0.0,1653.792413330078,1611.962763671875,1670.5288537051197,1623.640492937642,69.21023933305001,37.683621626135846,8.460497138232352,29.223124487903494
2022-01-03 00:00:00+05:30,1730.4227520498516,1754.5309246745155,1730.4227520498516,1740.23095703125,3329616,0.0,0.0,1663.1033752441406,1614.8998291015625,1677.1671492599892,1628.2126680001363,70.68580600023387,38.49053109092711,7.413925282418887,31.07660580850822
2022-01-04 00:00:00+05:30,1740.2310743550584,1747.7477446045075,1721.4854442812327,1740.872802734375,3921999,0.0,0.0,1671.6970581054688,1618.4648583984374,1683.2343543527877,1632.6307124995183,70.7844797758802,38.73528795172865,6.126945714576344,32.60834223715231
2022-01-05 00:00:00+05:30,1741.651966369965,1744.3102996453715,1686.6524305898608,1690.9149169921875,6995719,0.0,0.0,1675.8816162109374,1621.2533349609375,1683.965836508921,1634.9163675776622,55.207592052446124,34.50037679541015,1.513627646606274,32.986749148803874
2022-01-06 00:00:00+05:30,1675.6523656780032,1675.6523656780032,1649.9859180636793,1666.302490234375,6449205,0.0,0.0,1678.3726379394532,1623.3451513671876,1682.2836130542025,1636.147195917141,49.435697589354135,28.82587530142746,-3.3286990779011347,32.154574379328594
2022-01-07 00:00:00+05:30,1664.148428615564,1682.9858145998055,1656.2194182984588,1663.0943603515625,4834389,0.0,0.0,1680.8957458496093,1624.9098876953126,1680.4560651777606,1637.203947463589,48.720682626669536,23.79562160122896,-6.68716222247971,30.48278382370867
2022-01-10 00:00:00+05:30,1663.7357941354012,1714.0603868167143,1661.9024764559133,1696.50634765625,7857560,0.0,0.0,1685.7586181640625,1627.6021142578124,1681.9846635090453,1639.5295317848697,55.878204573714996,22.248708184054294,-6.587260511723503,28.835968695777797
2022-01-11 00:00:00+05:30,1700.402175504035,1714.1520583248223,1695.9564024380138,1700.9521484375,5142287,0.0,0.0,1690.5000305175781,1631.0460009765625,1683.7910906450886,1641.9382618496788,56.74338240692491,21.137843225125152,-6.158500376522117,27.29634360164727
2022-01-12 00:00:00+05:30,1713.1438347417302,1731.5686561894713,1704.98554818021,1720.981201171875,5362535,0.0,0.0,1697.0655944824218,1634.2983056640626,1687.333005933354,1645.0379849603532,60.50116451701797,21.624379521297215,-4.5375712642800465,26.16195078557726
2022-01-13 00:00:00+05:30,1746.2351860716285,1753.1101277490757,1710.8062975811488,1738.7186279296875,14277630,0.0,0.0,1702.8038818359375,1637.944775390625,1692.2268746949096,1648.711735665033,63.52327132112582,23.1740886739492,-2.3902896893024526,25.564378363251652
2022-01-14 00:00:00+05:30,1725.1521296583062,1771.901735722373,1724.2354707158736,1768.555908203125,7688506,0.0,0.0,1707.7767639160156,1642.1036596679687,1699.4963064575968,1653.4115071371152,67.96366652207786,26.50433799001712,0.7519677014123722,25.752370288604748
2022-01-17 00:00:00+05:30,1776.989082120872,1791.0597732766262,1769.6099335212443,1777.85986328125,5262464,0.0,0.0,1714.2208679199218,1646.3349560546876,1706.9595023455638,1658.291834829042,69.2218425692074,29.553659791003156,3.041031601918725,26.51262818908443
2022-01-18 00:00:00+05:30,1761.9099524191436,1782.9014624541396,1752.1475132916348,1760.6724853515625,3690315,0.0,0.0,1719.22353515625,1649.6945092773437,1712.0750245366114,1662.3067623005134,64.20538903141811,30.23486285104832,2.9777877295711086,27.25707512147721
2022-01-19 00:00:00+05:30,1756.318405238252,1756.318405238252,1707.5979636321556,1711.447998046875,5747770,0.0,0.0,1721.1645629882812,1651.9779077148437,1712.0153077280652,1664.2338695846845,52.47610530244601,26.49727238260698,-0.6078421910961893,27.10511457370317
2022-01-20 00:00:00+05:30,1690.3190361284492,1693.9856717816565,1664.194257099349,1671.7108154296875,5533463,0.0,0.0,1719.6108276367188,1653.5096459960937,1708.176784652029,1664.5270831472335,45.284152787927454,20.097079842341827,-5.606427785089075,25.703507627430902
2022-01-21 00:00:00+05:30,1645.4026577244597,1657.319222933606,1627.9861393418607,1636.877685546875,8252758,0.0,0.0,1716.04501953125,1654.4703002929687,1701.386394261062,1663.4427930452587,40.09649057821971,12.074946210828784,-10.902849133281695,22.97779534411048
2022-01-24 00:00:00+05:30,1617.9029588836445,1621.2487862488051,1583.9865795756018,1592.05322265625,7116712,0.0,0.0,1710.1165283203125,1653.6746411132813,1690.9737112510797,1660.6432020496113,34.60302085110685,2.07645192465543,-16.72107473556404,18.79752666021947
2022-01-25 00:00:00+05:30,1582.7032328501843,1594.9864844778294,1558.778457962385,1578.6241455078125,9137653,0.0,0.0,1702.51513671875,1652.48298828125,1680.2737526088638,1657.4267684597369,33.138198281877166,-6.852054903129783,-20.519665250679402,13.667610347549621
2022-01-27 00:00:00+05:30,1560.1534540059404,1567.211682805281,1526.2370745710286,1538.70361328125,11231734,0.0,0.0,1693.030010986328,1650.398505859375,1666.79088219671,1652.7709584527374,29.18326048609662,-16.95378157085679,-24.49711353472513,7.543331963868338
2022-01-28 00:00:00+05:30,1540.9035845757908,1583.5741004005592,1539.5285962492806,1545.670166015625,10998502,0.0,0.0,1683.5586364746093,1648.5422705078124,1655.2555758937497,1648.5709273767723,30.73679056397924,-24.119297897862452,-25.33010388938463,1.2108059915221796
2022-01-31 00:00:00+05:30,1574.8199054345266,1603.6946592303284,1572.39073710091,1591.5030517578125,8788872,0.0,0.0,1676.6126403808594,1647.7502758789062,1649.1839069284224,1646.3329714701465,40.054038004948076,-25.802258004853456,-21.61045119710051,-4.191806807752949
2022-02-01 00:00:00+05:30,1618.9114124821829,1631.6529947644888,1590.1282979479788,1624.3656005859375,5119935,0.0,0.0,1670.8193725585938,1647.9821923828124,1646.8202587053286,1645.4715059452756,45.69476923431448,-24.20525980033949,-16.010762394069232,-8.194497406270258
2022-02-02 00:00:00+05:30,1639.9028071390812,1643.3861557922437,1624.319605506122,1638.1611328125,4253717,0.0,0.0,1665.6837890625,1648.9025170898437,1645.9955800488688,1645.184824645951,47.91064961946094,-21.577708667044817,-10.706569008619645,-10.871139658425172
2022-02-03 00:00:00+05:30,1630.736280667835,1630.736280667835,1589.486627699846,1593.657470703125,3832922,0.0,0.0,1660.8209167480468,1649.68259765625,1641.0109982064168,1643.1641440991737,41.962186993314006,-22.823335854333436,-9.561756956726612,-13.261578897606825
2022-02-04 00:00:00+05:30,1587.6532989938855,1607.7739181571546,1567.624323346109,1595.994873046875,4700077,0.0,0.0,1657.3055358886718,1650.0254272460938,1636.7237481912223,1641.3143687637896,42.36691842028676,-23.352700149097018,-8.072897001192153,-15.279803147904865
2022-02-07 00:00:00+05:30,1578.66972274537,1587.6530236424926,1554.1033343213292,1572.06982421875,4310209,0.0,0.0,1652.7543090820313,1650.4535009765625,1630.5662316224154,1638.59889642869,39.342629274158,-25.40986752132244,-8.104051498734059,-17.30581602258838
2022-02-08 00:00:00+05:30,1567.486690121112,1581.2365733677884,1554.6534657575476,1574.1783447265625,6053401,0.0,0.0,1646.6379089355469,1650.8375805664064,1625.1959566799533,1636.0726002835086,39.75081451205441,-26.563836134023177,-7.406416089147836,-19.15742004487534
2022-02-09 00:00:00+05:30,1590.4031144827395,1597.7363853276167,1581.2365259266433,1592.511474609375,3867244,0.0,0.0,1641.2158752441405,1651.2894921875,1622.0831488637077,1634.3643208453072,43.32214922950626,-25.70274891817644,-5.236263098640876,-20.466485819535563
2022-02-10 00:00:00+05:30,1609.3322815224496,1626.0613070852671,1603.0073124919334,1622.11962890625,4334630,0.0,0.0,1636.2727966308594,1652.2923168945313,1622.0866231534737,1633.8841368476972,48.61926087439715,-22.373295071045277,-1.5254474012077708,-20.847847669837506
2022-02-11 00:00:00+05:30,1594.9864576306056,1600.4405332298606,1570.2366677708203,1577.8907470703125,7551371,0.0,0.0,1628.2314025878907,1651.799150390625,1617.8774920979347,1631.688317640741,42.26473424988862,-23.03801217406817,-1.7521316033845302,-21.28588057068364
2022-02-14 00:00:00+05:30,1549.153524139982,1575.3241802088924,1538.382782182204,1542.0035400390625,7459637,0.0,0.0,1616.9037841796876,1650.82107421875,1610.651401425661,1628.1712675387143,37.93256472945167,-26.15905761996555,-3.898541639425524,-22.260515980540028
2022-02-15 00:00:00+05:30,1557.403462590339,1601.1739248261767,1549.5659842794273,1593.38232421875,4669915,0.0,0.0,1607.6799072265626,1651.608486328125,1609.0067274059554,1626.8069952516569,46.40284673086091,-24.207619757032944,-1.5576830211943324,-22.64993673583861
2022-02-16 00:00:00+05:30,1593.382387655243,1609.1488765180625,1582.9324534569362,1588.844970703125,5350642,0.0,0.0,1599.0885314941406,1652.0054028320312,1607.086560100924,1625.3182884066166,45.80830577492434,-22.76479926444881,-0.09189002288815828,-22.672909241560653
2022-02-17 00:00:00+05:30,1598.6529043150806,1603.2361981921308,1576.9281360965922,1581.0531005859375,3937950,0.0,0.0,1592.5687866210938,1651.4819897460939,1604.6071830042586,1623.5823986881587,44.74799182984762,-21.99653012132285,0.5411032961902436,-22.537633417513092
2022-02-18 00:00:00+05:30,1567.4867724678534,1578.9450091087003,1561.528489414613,1564.69091796875,5602215,0.0,0.0,1587.217791748047,1650.4461669921875,1600.8056339532577,1621.2729288560251,42.52217253389236,-22.449182481539992,0.07076074877847915,-22.51994323031847
2022-02-21 00:00:00+05:30,1559.236702714804,1592.5114637043112,1550.5284436461438,1586.46142578125,5120890,0.0,0.0,1584.6969787597657,1649.9227514648437,1599.439518889257,1619.9077718727006,46.34626446746604,-20.81131481881539,1.3669027292024651,-22.178217548017855
2022-02-22 00:00:00+05:30,1558.2283984151973,1605.0696431782694,1550.1159899880945,1589.8072509765625,8878515,0.0,0.0,1584.5846801757812,1649.7339184570312,1598.5221600404288,1618.7273592885383,46.93063890529127,-19.024015753307594,2.523361435768212,-21.547377189075807
2022-02-23 00:00:00+05:30,1604.1531327738537,1611.7155689712158,1588.9366168651957,1597.5989990234375,5478811,0.0,0.0,1585.5334228515626,1649.5634204101561,1598.4342399435725,1617.8987961408873,48.341705931289674,-16.785348370571228,3.809623054803666,-20.594971425374894
2022-02-24 00:00:00+05:30,1549.2451666654013,1572.024117688651,1531.278674811719,1538.2911376953125,13592379,0.0,0.0,1585.5127990722656,1648.5358447265626,1592.7063254437383,1614.7769271822374,39.69089660513453,-19.571232112602047,0.8189914502182774,-20.390223562820324
2022-02-25 00:00:00+05:30,1572.0701042769776,1584.1241918873916,1537.237064065593,1553.3702392578125,9737281,0.0,0.0,1585.897802734375,1647.1241918945314,1588.960031521269,1612.3688217734366,42.50792136875789,-20.327979283137893,0.04979542374594459,-20.377774706883837
2022-02-28 00:00:00+05:30,1542.0034456154942,1584.0323426669368,1526.2369584312726,1572.619873046875,15076542,0.0,0.0,1584.9536437988281,1645.1946240234374,1587.403825952279,1610.8100394704343,45.97703029033351,-19.153631159693532,0.9793148377522485,-20.13294599744578
2022-03-02 00:00:00+05:30,1567.486862817433,1571.520184726859,1550.0703421194612,1560.886962890625,6771489,0.0,0.0,1581.7797119140625,1643.4328076171876,1584.8784104225979,1608.8522717614223,44.22537204871857,-18.95124148957666,0.9453636062952988,-19.89660509587196
2022-03-03 00:00:00+05:30,1576.8364003857432,1589.3946929037236,1563.4074386758068,1577.4322509765625,7344147,0.0,0.0,1578.7432678222656,1641.7690698242188,1584.1692523801185,1607.6201140835847,47.27587276757876,-17.256853479187384,2.1118012933476606,-19.368654772535045
2022-03-04 00:00:00+05:30,1553.9660175363883,1591.3198681275153,1540.9036280658715,1579.6783447265625,9074499,0.0,0.0,1578.0443115234375,1639.910087890625,1583.7415468893037,1606.524358422525,47.694110557022384,-15.55350663652689,3.0521185088065224,-18.605625145333413
2022-03-07 00:00:00+05:30,1555.5701866945778,1605.069768357222,1554.6535277748992,1594.8489990234375,9742588,0.0,0.0,1577.9870178222657,1637.751357421875,1584.7993994735068,1606.0665011911883,50.54751359470151,-12.831533050799635,4.619273675627021,-17.450806726426656
2022-03-08 00:00:00+05:30,1575.2325564318692,1649.986139918586,1575.2325564318692,1630.0029296875,10984500,0.0,0.0,1580.8836730957032,1636.1875390625,1589.1044975891252,1607.005184661632,56.47301825794928,-7.748402205010279,7.761923617133103,-15.510325822143383
2022-03-09 00:00:00+05:30,1641.7360847011198,1678.9524135438992,1641.7360847011198,1662.223388671875,10193515,0.0,0.0,1585.2859252929688,1635.2195458984374,1596.068201501768,1609.1706044267396,61.07654916080671,-1.1072983788722013,11.522421954616945,-12.629720333489146
2022-03-10 00:00:00+05:30,1691.0065372699532,1691.0065372699532,1659.3359269263535,1673.7275390625,6547182,0.0,0.0,1589.346728515625,1634.0810571289062,1603.4643288885045,1611.7022489222597,62.59758573441806,5.026174432070775,14.124715812447938,-9.098541380377164
2022-03-11 00:00:00+05:30,1662.8190733054337,1678.768958901731,1660.069096888721,1670.15234375,4758657,0.0,0.0,1591.7483642578125,1632.9159814453126,1609.815568399123,1613.9944095037397,61.78947159299891,9.489122741275878,14.870131297322434,-5.381008556046556
2022-03-14 00:00:00+05:30,1678.906668217749,1737.0686311893369,1678.906668217749,1733.126953125,10289724,0.0,0.0,1599.5101745605468,1632.8765673828125,1621.5595098015874,1618.6662739594753,69.30602366421526,17.90121207622269,18.6257765058154,-0.7245644295927063
2022-03-15 00:00:00+05:30,1730.972793631946,1730.972793631946,1677.4857697464472,1686.0107421875,7140443,0.0,0.0,1606.7105346679687,1631.9883227539062,1627.6977224097695,1621.3072334978294,59.82400756939053,20.52931980430094,17.003107387114916,3.526212417186023
2022-03-16 00:00:00+05:30,1709.5688037800835,1736.1060334821716,1694.9022617637395,1731.935302734375,5233979,0.0,0.0,1613.63818359375,1631.8224096679687,1637.625111012113,1625.6455891541648,64.86919334629262,26.017923910616446,17.99336919474434,8.024554715872108
2022-03-17 00:00:00+05:30,1763.0099275439795,1763.0099275439795,1680.2814702459143,1700.035400390625,17731459,0.0,0.0,1619.197705078125,1631.0056616210939,1643.5689480957808,1628.562836653634,59.29880447533294,27.476890201127617,15.561868388204406,11.91502181292321
2022-03-21 00:00:00+05:30,1705.9021392755003,1729.6436261402166,1687.6606055734132,1698.61474609375,8362085,0.0,0.0,1625.0757873535156,1631.159658203125,1648.8114050479685,1631.309970357168,59.05558868954419,28.19349945689237,13.022782115175325,15.170717341717044
2022-03-22 00:00:00+05:30,1695.8187458320078,1732.4850970932405,1685.7354992351688,1730.101806640625,5709382,0.0,0.0,1633.3463317871094,1632.43564453125,1656.5533480567929,1635.1841600153427,62.706546522373856,30.94544031962846,12.619778382329134,18.325661937299326
2022-03-23 00:00:00+05:30,1738.9019597552622,1741.6519364970998,1702.2356031974286,1716.3521728515625,6192824,0.0,0.0,1639.840869140625,1633.50080078125,1662.2484742277234,1638.3672193422535,60.182897394203515,31.652027869144376,10.66109274547604,20.990935123668336
2022-03-24 00:00:00+05:30,1701.4563443885272,1736.7018323621985,1701.4563443885272,1729.460205078125,3784303,0.0,0.0,1646.8235168457031,1634.1598779296876,1668.649591451571,1641.9394932926798,61.76281016564659,32.89057022522434,9.5197080812448,23.370862143979537
2022-03-25 00:00:00+05:30,1734.3187078806857,1736.1520257537095,1703.152304039278,1720.1563720703125,3438588,0.0,0.0,1652.9513854980469,1634.5439624023438,1673.5549991295466,1645.0068218721947,59.9446872371262,32.74393074602904,7.498454881639599,25.245475864389437
2022-03-28 00:00:00+05:30,1710.48542344731,1724.143662766315,1698.2480501123027,1717.72705078125,4008555,0.0,0.0,1661.9231811523437,1634.4788793945313,1677.7618611916134,1647.8585955549029,59.452563274424044,32.06210004558284,5.453299344954722,26.608800700628116
2022-03-29 00:00:00+05:30,1717.7270537303368,1731.935266007374,1705.4896803743195,1728.818603515625,3917785,0.0,0.0,1670.6955993652343,1634.28087890625,1682.6244080796146,1651.0334978278722,61.0257965978497,32.04731837537611,4.350814139798391,27.696504235577716
2022-03-30 00:00:00+05:30,1750.8184138418037,1759.068343540535,1737.0685310105855,1745.2725830078125,7795839,0.0,0.0,1679.3282348632813,1633.8152124023438,1688.590900929919,1654.7291482270857,63.30064001855819,32.98309385393145,4.229271694682986,28.753822159248465
2022-03-31 00:00:00+05:30,1741.6518174511546,1753.5683825179256,1736.335151354939,1747.930908203125,5399145,0.0,0.0,1688.6804321289062,1633.2166333007813,1694.242330194034,1658.3841192065383,63.66958908096937,33.55243569625554,3.83889082960566,29.713544866649883
2022-04-01 00:00:00+05:30,1729.597856862632,1751.093575625521,1721.7604902526805,1744.9061279296875,6171518,0.0,0.0,1697.0541259765625,1632.9013061523438,1699.0674537879058,1661.7771391564659,62.89478312158011,33.37484428941184,2.9290395382095618,30.445804751202278
2022-04-04 00:00:00+05:30,1732.2561524132768,1735.235293831635,1716.9021158725056,1726.0228271484375,7364074,0.0,0.0,1704.3713500976562,1633.192802734375,1701.6346322031945,1664.296577901249,58.138238889665956,31.349005440652036,0.7225605515598055,30.62644488909223
2022-04-05 00:00:00+05:30,1726.8022447004823,1732.1187996876845,1702.3732603142926,1705.9940185546875,5472024,0.0,0.0,1709.9286010742187,1633.878466796875,1702.0498118557177,1665.9317716523644,53.515313557313604,27.80681642128843,-2.2557027742430407,30.062519195531472
2022-04-06 00:00:00+05:30,1700.402293721794,1702.693941017915,1670.2900706301318,1676.431640625,5407453,0.0,0.0,1712.2500366210938,1634.6695458984375,1699.609986024221,1666.3435312199188,47.510327996611814,22.356457936840116,-6.164849006953084,28.5213069437932
2022-04-07 00:00:00+05:30,1669.2816802710706,1675.7899358698687,1656.9067855238552,1660.0692138671875,5797544,0.0,0.0,1712.1423278808593,1636.0298657226563,1695.8441981997416,1666.0974795590273,44.53182898833396,16.526194791001217,-9.596089722233586,26.122284513234803
2022-04-08 00:00:00+05:30,1671.0693426790067,1684.8192275611707,1657.3194577968427,1663.369384765625,5131446,0.0,0.0,1711.6244201660156,1637.7247705078125,1692.751358825064,1665.990495449482,45.276994541717,12.033253596946224,-11.271224733030863,23.304478329977087
2022-04-11 00:00:00+05:30,1662.8192733370197,1662.8192733370197,1615.6572168756952,1619.3238525390625,8248407,0.0,0.0,1709.0829956054688,1639.3371752929688,1685.7582629883018,1664.1604310216226,37.94936431374724,4.862408169320361,-14.753656128525382,19.616064297845742
2022-04-12 00:00:00+05:30,1611.0280613906957,1611.0280613906957,1583.7574583600424,1597.2322998046875,6456184,0.0,0.0,1702.288262939453,1640.36841796875,1677.3272188755766,1661.53579842488,34.89863640044642,-2.57347673619779,-17.75163282723483,15.178156091037037
2022-04-13 00:00:00+05:30,1608.6905020894412,1611.0280270581331,1587.65322495857,1602.823974609375,6257693,0.0,0.0,1698.128924560547,1640.5948364257813,1670.231671802605,1659.2333739615271,36.29460462651337,-7.9239255895925,-18.481665344503632,10.55773975491113
2022-04-18 00:00:00+05:30,1471.6959740437594,1512.4872981452525,1457.4877600308796,1486.2708740234375,30523965,0.0,0.0,1685.845703125,1637.8329418945314,1652.7115958236366,1652.4505308267003,24.501196102062952,-21.323254788257373,-25.5047956345348,4.1815408462774295
2022-04-19 00:00:00+05:30,1500.249518784619,1500.249518784619,1420.8210181945722,1431.8209228515625,17044923,0.0,0.0,1672.4349792480468,1633.7061376953125,1631.6743888739152,1643.7983893374794,21.058606523744125,-35.92189052413278,-32.08274509632817,-3.8391454278046124
2022-04-20 00:00:00+05:30,1443.7377493361364,1463.2626284192263,1432.7378426745277,1455.3792724609375,10678747,0.0,0.0,1660.2732055664062,1630.9405737304687,1614.8843777869647,1636.4094043619289,25.909193924160263,-45.070903276858644,-32.98540627924322,-12.08549699761542
2022-04-21 00:00:00+05:30,1462.070924900518,1491.5872963059192,1456.8001362997795,1483.887451171875,7766514,0.0,0.0,1647.9624877929687,1628.6984252929688,1602.408480014099,1630.4281512956522,31.402187678425527,-49.451147977673145,-29.892520784046177,-19.558627193626968
2022-04-22 00:00:00+05:30,1470.6417711492145,1476.4625331304314,1450.5211518583667,1453.31689453125,8134245,0.0,0.0,1634.810723876953,1626.3233666992187,1588.209281396685,1623.4826118146955,28.925641963494144,-54.75809466357282,-28.15957397595668,-26.59852068761614
2022-04-25 00:00:00+05:30,1441.721192308834,1441.721192308834,1424.579603388439,1430.9962158203125,7000570,0.0,0.0,1619.8875244140625,1623.4597241210938,1573.2366084846494,1615.9341256972689,27.236645297789014,-60.072501968058305,-26.77918502435373,-33.293316943704575
2022-04-26 00:00:00+05:30,1445.7543224398846,1459.3209184505456,1435.9919950091748,1449.2376708984375,5345435,0.0,0.0,1606.3415893554688,1620.594248046875,1561.4271858573911,1609.397009822805,30.79321423075673,-62.096465667983466,-23.042518979423107,-39.05394668856036
2022-04-27 00:00:00+05:30,1441.6751155297047,1441.6751155297047,1421.141936203676,1423.3878173828125,8819356,0.0,0.0,1591.6246276855468,1616.6196118164062,1548.2805793360028,1602.1025316879034,28.655682523483264,-65.03663675984967,-20.786152057031444,-44.25048470281823
2022-04-28 00:00:00+05:30,1439.1545870971229,1468.3043871868738,1427.650472231334,1450.7044677734375,9245177,0.0,0.0,1577.7189208984375,1614.0758862304688,1538.9876163300441,1596.1653527108656,33.87905097760613,-64.4199253418617,-16.135552511234778,-48.28437283062692
2022-04-29 00:00:00+05:30,1457.4876387799743,1464.179293452605,1430.7212438831275,1436.90869140625,9831395,0.0,0.0,1562.3007263183595,1611.9739892578125,1529.2658139563493,1589.919993444018,32.581668639179526,-64.30313445003048,-12.815009295522849,-51.488125154507635
2022-05-02 00:00:00+05:30,1421.646356919199,1423.3421535603338,1403.404821832794,1412.5714111328125,7072627,0.0,0.0,1545.5327514648438,1608.3577709960937,1518.1520613064886,1582.9651470788729,30.372030517616903,-65.42026782496646,-11.145714136367054,-54.274553688599404
2022-05-04 00:00:00+05:30,1418.3004254594043,1439.1544145879882,1402.6255812849784,1407.5755615234375,6220959,0.0,0.0,1528.6662231445312,1604.7323828125,1507.620966089055,1576.0871241159148,29.923408189922345,-65.94851396704621,-9.339168222757436,-56.609345744288774
2022-05-05 00:00:00+05:30,1430.0337542268524,1456.9376704218184,1427.650351581843,1453.0418701171875,6144870,0.0,0.0,1515.0171752929687,1602.172158203125,1502.422956948877,1571.2618200375332,38.78532425921809,-61.98389001427927,-4.299635415992391,-57.68425459828688
2022-05-06 00:00:00+05:30,1420.8213456621304,1431.683731635082,1407.117339377223,1414.2672119140625,6171472,0.0,0.0,1500.4308349609375,1599.1636840820313,1494.027171707466,1565.1051687385736,34.7493839305552,-61.26446916704117,-2.8641716550034317,-58.40029751203774
2022-05-09 00:00:00+05:30,1411.6545259686357,1454.5542017762823,1395.2921890697276,1439.47509765625,6832202,0.0,0.0,1488.5830078125,1596.2239575195313,1488.8317360835406,1560.178499284365,39.18031128494755,-57.99176429399313,0.3268265744356924,-58.31859086842882
2022-05-10 00:00:00+05:30,1428.1545836183998,1438.3753528574246,1417.200554388535,1423.5712890625,6212545,0.0,0.0,1476.7581115722655,1592.89923828125,1482.61645541487,1554.8213537854683,37.45233295847692,-56.035484360548026,1.826485206304639,-57.861969566852665
2022-05-11 00:00:00+05:30,1420.7753518748366,1420.7753518748366,1385.6215070579085,1399.5089111328125,7846080,0.0,0.0,1463.565087890625,1588.9374365234376,1474.7014511975312,1548.730669759874,34.941412512751356,-55.78371132035318,1.6626065971995914,-57.44631791755277
2022-05-12 00:00:00+05:30,1387.8215129501484,1400.1964075504304,1378.9299667738644,1383.054931640625,7034979,0.0,0.0,1451.751641845703,1585.8327124023438,1465.9732112397305,1542.2335819904918,33.297485227863135,-56.26330959512893,0.9464066579390789,-57.20971625306801
2022-05-13 00:00:00+05:30,1392.6799690693026,1401.8006807424024,1373.2467324482875,1379.021728515625,6723761,0.0,0.0,1440.84111328125,1582.3457421875,1457.6921176469586,1535.8331171483403,32.889018314455996,-56.31962291331388,0.7120746718033075,-57.031697585117186
2022-05-16 00:00:00+05:30,1384.1548969083362,1385.8506934424,1355.4176636465932,1364.9967041015625,6145331,0.0,0.0,1428.9497497558593,1578.1932788085937,1448.8639830235877,1529.1336499700353,31.444483133257304,-56.8407293362236,0.15277459911487057,-56.993503935338474
2022-05-17 00:00:00+05:30,1370.3132650531768,1397.9046726052327,1357.4800418292598,1391.9005126953125,6516378,0.0,0.0,1424.2312316894531,1574.8135498046875,1443.438890611371,1523.7519583122032,37.14737883104574,-54.45507323460038,2.0307445605904846,-56.48581779519086
2022-05-18 00:00:00+05:30,1395.1549100786954,1420.5463180198133,1379.8467505021408,1383.421630859375,6594126,0.0,0.0,1421.8112670898438,1570.9333374023438,1437.722961111181,1518.248808216014,36.12738156692542,-52.64177685431946,3.0752327526971257,-55.717009607016585
2022-05-19 00:00:00+05:30,1357.5719007942118,1360.9634941400918,1299.5015788688452,1308.2098388671875,16561140,0.0,0.0,1414.4527954101563,1565.5039672851562,1425.3883780403244,1510.011985888609,28.620218986994193,-56.620997833769025,-0.7231905814019512,-55.89780725236707
2022-05-20 00:00:00+05:30,1331.9055035787242,1344.5095646070845,1326.1305072215362,1333.8763427734375,10488908,0.0,0.0,1406.9522399902344,1560.2845141601563,1416.6729461101447,1503.1047057664455,33.684522219318104,-57.04589717461954,-0.918471937801975,-56.127425236817565
2022-05-23 00:00:00+05:30,1333.830364332625,1363.9884650040865,1329.2013039517303,1346.02197265625,5887569,0.0,0.0,1401.5874938964844,1554.6048950195313,1409.9442819716787,1496.9445985856535,35.99856925773569,-55.759817668399364,0.2940860547345636,-56.05390372313393
2022-05-24 00:00:00+05:30,1346.2052816561863,1347.0761747774277,1315.6347287328272,1320.905517578125,5693167,0.0,0.0,1396.082958984375,1547.7785375976562,1401.464399648483,1490.0411052128093,33.40281634708941,-56.12035786014667,-0.05316330961018423,-56.067194550536485
2022-05-25 00:00:00+05:30,1315.405509811582,1322.2804515004923,1282.634954427774,1292.9014892578125,9630092,0.0,0.0,1388.2661499023438,1540.1620166015625,1391.1250748493717,1482.3101398812407,30.74119820201088,-57.997223712735604,-1.5440233297592911,-56.45320038297631
2022-05-26 00:00:00+05:30,1299.8222916111945,1310.8221981692582,1289.7849216356956,1305.2763671875,13040065,0.0,0.0,1382.360577392578,1532.8644970703126,1382.9490074530029,1475.3676389912903,33.27153817080109,-57.819595885327544,-1.0931164018809838,-56.72647948344656
2022-05-27 00:00:00+05:30,1323.6095611563396,1344.7385933567052,1317.6055125572325,1339.5594482421875,8284860,0.0,0.0,1376.8033264160156,1524.9931469726562,1378.8166684805444,1470.0418275893646,39.83007521146186,-54.28668333373275,1.9518369197710541,-56.23852025350381
2022-05-30 00:00:00+05:30,1363.0718606191815,1402.4881955261249,1361.238542716533,1399.554931640625,10904213,0.0,0.0,1374.9356384277344,1519.2640307617187,1380.791741162457,1467.2776355913747,49.23369043131378,-46.114115754872955,8.099523598904682,-54.21363935377764
2022-05-31 00:00:00+05:30,1399.4619457197975,1406.2244669795173,1378.5724472116078,1392.884765625,16033857,16.0,0.0,1373.9513061523437,1512.4830200195313,1381.9434577779373,1464.360268141713,48.32935580959194,-39.717682994849156,11.596765087142785,-51.31444808199194
2022-06-01 00:00:00+05:30,1401.5928538486803,1403.2139956161852,1363.7044322089007,1369.6795654296875,8738508,0.0,0.0,1372.0565063476563,1505.8759033203125,1380.7754680304847,1460.6472994079081,45.217585751828075,-36.10473673981437,12.167769073742065,-48.272505813556435
2022-06-02 00:00:00+05:30,1374.7282575612358,1402.380282443649,1366.9467542416833,1396.9610595703125,7205840,0.0,0.0,1369.2524658203124,1499.8428295898439,1382.3169529390398,1458.149799806434,49.34683056444954,-30.68632932377045,14.068941191828792,-44.75527051559924
2022-06-03 00:00:00+05:30,1412.6164184399415,1440.500029841728,1406.2244664307032,1409.6519775390625,9395707,0.0,0.0,1369.0217041015626,1493.4338330078126,1384.9202886152325,1456.2479244233998,51.189928761215754,-25.079055649035126,15.740971893251299,-40.820027542286425
2022-06-06 00:00:00+05:30,1404.371953468,1423.4550853644485,1383.0655188177598,1417.387451171875,6624883,0.0,0.0,1367.9173217773437,1487.4545385742188,1388.0123993349127,1454.723984295889,52.328548687011775,-19.783016489869397,16.82960884193362,-36.61262533180302
2022-06-07 00:00:00+05:30,1407.9384590442346,1407.9384590442346,1391.9586328714904,1395.7567138671875,4904592,0.0,0.0,1366.526593017578,1480.78046875,1388.7499530998914,1452.411542318293,48.893820247898155,-17.133779480756175,15.583076680837479,-32.716856161593654
2022-06-08 00:00:00+05:30,1408.2627346337836,1408.2627346337836,1382.139236653646,1389.5501708984375,4697608,0.0,0.0,1366.0286560058594,1474.1683447265625,1388.8261643188007,1449.9463904979066,47.921855600243916,-15.358018534020403,13.887070102058601,-29.245088636079004
2022-06-09 00:00:00+05:30,1375.6545555190285,1405.2519264807795,1372.4122720548423,1403.445556640625,4361061,0.0,0.0,1367.0481872558594,1467.88271484375,1390.2184873970696,1448.1228283858563,50.30376642016818,-12.683268860887893,13.249455820152892,-25.932724681040785
2022-06-10 00:00:00+05:30,1376.6734918297975,1383.9454476054582,1365.093908402991,1368.058349609375,6516436,0.0,0.0,1366.500018310547,1460.667509765625,1388.1079980839559,1444.9830449044257,44.69704278957048,-13.266039690859088,10.13334799214536,-23.39938768300445
2022-06-13 00:00:00+05:30,1337.3028327920492,1337.3028327920492,1307.7517149363246,1319.6092529296875,6987685,0.0,0.0,1364.230645751953,1452.1542431640626,1381.5843080692637,1440.0664256112987,38.388439916734356,-17.436331789177984,4.770444715061174,-22.20677650423916
2022-06-14 00:00:00+05:30,1306.1771118108263,1342.2128008452455,1299.8315222173412,1334.4776611328125,6090247,0.0,0.0,1361.3595031738282,1443.8851782226564,1377.0979607419824,1435.9256897493974,41.13431076996618,-19.31886617719374,2.310328261636336,-21.629194438830076
2022-06-15 00:00:00+05:30,1334.1532378167476,1339.8967790410302,1314.3753319557527,1317.4786376953125,4651958,0.0,0.0,1358.062353515625,1435.3366284179688,1371.4199299756328,1431.280707315904,38.994546387372885,-21.929675716354723,-0.24038502201971568,-21.689290694335007
2022-06-16 00:00:00+05:30,1332.115388775437,1337.4419975970354,1289.5025182026482,1294.319580078125,6641772,0.0,0.0,1357.3678405761718,1426.7025634765625,1364.0770395092036,1425.9096827183441,36.22948082191642,-25.572717122865015,-3.1067411428240064,-22.46597598004101
2022-06-17 00:00:00+05:30,1288.6225570724202,1294.0880306196052,1266.4823683707357,1285.148681640625,9692047,0.0,0.0,1354.9314575195312,1418.2856567382812,1356.5600530455295,1420.3896434603944,35.16606998624947,-28.867106509044106,-5.120904423202479,-23.746202085841627
2022-06-20 00:00:00+05:30,1287.6961896314465,1317.6177688195298,1280.2388918089237,1310.0216064453125,4595194,0.0,0.0,1353.1314392089844,1410.9574560546876,1352.127820035985,1416.0614851460775,40.285465442850516,-29.13504599802377,-4.31107512974571,-24.82397086827806
2022-06-21 00:00:00+05:30,1319.1461190624589,1348.7898520750985,1317.9881607416526,1343.1390380859375,6270787,0.0,0.0,1354.243115234375,1404.6188525390626,1351.2717455645518,1413.2017813397977,46.358826194559725,-26.371100384176998,-1.2377036127191516,-25.133396771457846
2022-06-22 00:00:00+05:30,1330.3089374254466,1352.124805240916,1329.3362071630663,1331.4205322265625,6253366,0.0,0.0,1356.1690673828125,1397.9798754882813,1349.3811538180767,1409.9946735314356,44.62913807401457,-24.839900152604287,0.2347972950828492,-25.074697447687136
2022-06-23 00:00:00+05:30,1333.7826518199768,1350.6424784026854,1327.4833138210206,1345.5010986328125,6254281,0.0,0.0,1358.1803039550782,1392.5034204101562,1349.0116247528135,1407.4655137314896,47.17932427441285,-22.233929999704287,2.2726139583862803,-24.506543958090568
2022-06-24 00:00:00+05:30,1350.642804267946,1359.4432889322434,1323.6855528073704,1334.9871826171875,6114340,0.0,0.0,1357.9516906738281,1387.2585180664062,1347.6759635970395,1404.6232262368112,45.49441038605391,-20.77755431990704,2.983191710546823,-23.760746030453863
2022-06-27 00:00:00+05:30,1359.9527513841067,1374.7282558009683,1357.2662651950743,1366.0203857421875,4511097,0.0,0.0,1356.2749633789062,1382.5224462890626,1349.4230514203869,1403.1093893546692,51.05109512268401,-16.92415484206117,5.469272950714156,-22.393427792775327
2022-06-28 00:00:00+05:30,1360.8326103187287,1378.6651683504751,1346.0107439027315,1371.16162109375,4412178,0.0,0.0,1355.1888061523437,1380.2202612304689,1351.4933913892787,1401.8565356973784,51.92550491295321,-13.30211476907084,7.273050418963592,-20.575165188034433
2022-06-29 00:00:00+05:30,1356.8492900273463,1368.2436459200944,1349.7163115135934,1355.506103515625,5060038,0.0,0.0,1354.4801330566406,1378.69396484375,1351.8755544489309,1400.0388716902507,49.051991026822286,-11.561616230719892,7.210839165851635,-18.772455396571527
2022-06-30 00:00:00+05:30,1357.173570867806,1372.8754411051875,1347.8635403563076,1354.2554931640625,9165177,0.0,0.0,1352.3448547363282,1376.6714892578125,1352.1022152789435,1398.2434450813807,48.819575124619966,-10.165985253154076,6.885176114733962,-17.05116136788804
2022-07-01 00:00:00+05:30,1346.937182142947,1375.654549850259,1336.1449874688246,1370.4669189453125,4651635,0.0,0.0,1350.3856018066406,1374.4030786132812,1353.8512346757407,1397.154169546633,51.99484712155228,-7.66347134512489,7.510152018210519,-15.173623363335409
2022-07-04 00:00:00+05:30,1371.2542521158855,1382.3706520654823,1354.3480605258735,1378.43359375,4800224,0.0,0.0,1348.4379089355468,1372.9054125976563,1356.192411730432,1396.4200293193142,53.52091951123532,-4.979961075552865,8.154929830226035,-13.1348909057789
2022-07-05 00:00:00+05:30,1388.4384434042122,1398.7673415560166,1363.611770822254,1367.2708740234375,7379669,0.0,0.0,1347.0136169433595,1371.6309057617189,1357.2475033773849,1395.276925190064,51.071067623433684,-3.711217439966731,7.538938772649734,-11.250156212616465
2022-07-06 00:00:00+05:30,1373.0605867504528,1389.5499581532845,1361.7589589902186,1381.8148193359375,5209162,0.0,0.0,1346.6268493652344,1370.2824487304688,1359.5872477543899,1394.7489994702944,54.02394148198123,-1.5146936841374554,7.788370022783209,-9.303063706920664
2022-07-07 00:00:00+05:30,1392.3754886631302,1402.4727950463025,1385.5666030749078,1388.345703125,3323472,0.0,0.0,1345.8718566894531,1369.5816064453124,1362.3261482658766,1394.4978898096947,55.32768458790814,0.744473135473072,8.038029473914989,-7.293556338441917
2022-07-08 00:00:00+05:30,1403.4454599708183,1405.2518296865494,1389.5035968023883,1402.9359130859375,3652582,0.0,0.0,1347.6157348632812,1368.6262353515624,1366.1937449154063,1394.828792683273,58.18074426873433,3.6698829980293795,8.770751469177037,-5.100868471147658
2022-07-11 00:00:00+05:30,1384.918337642924,1389.4575574863577,1358.4242703217838,1364.67724609375,4702638,0.0,0.0,1349.8691345214843,1367.1816064453126,1366.049316456201,1393.646379091527,49.29093530347715,2.8680753183414254,6.375155031591267,-3.5070797132498415
2022-07-12 00:00:00+05:30,1354.1627943213975,1360.4620195997948,1330.262489869547,1332.6710205078125,4710356,0.0,0.0,1349.7788024902343,1365.5835986328125,1362.8704311277831,1391.2551885588323,43.32666004594142,-0.3460093813559979,2.528856265515075,-2.874865646871073
2022-07-13 00:00:00+05:30,1343.231834978544,1352.495502805982,1332.6712310388878,1338.0904541015625,5264025,0.0,0.0,1350.809393310547,1364.193896484375,1360.5104333157622,1389.1702970114884,44.550135412831956,-2.4279042937955637,0.35756908246040764,-2.7854733762559714
2022-07-14 00:00:00+05:30,1344.158083129128,1345.9644529632997,1309.8825151926858,1323.6390380859375,6157606,0.0,0.0,1352.2753662109376,1361.60583984375,1356.9988718653026,1386.6004437202903,41.94947222215964,-5.184169627650817,-1.918957001115877,-3.2652126265349404
2022-07-15 00:00:00+05:30,1339.5262256807744,1339.5262256807744,1306.7791860026705,1325.028564453125,5620018,0.0,0.0,1354.2693603515625,1359.8210668945312,1353.9540806831903,1384.185860219617,42.29826303836477,-7.173712505196136,-3.1267999029289557,-4.04691260226718
2022-07-18 00:00:00+05:30,1343.2317916019986,1383.6213594089656,1341.4254216667337,1380.19384765625,5835171,0.0,0.0,1357.7779724121094,1358.6354418945311,1356.453106109196,1384.0293107073282,54.09155811758702,-4.250070088149414,-0.16252598870578705,-4.087544099443627
2022-07-19 00:00:00+05:30,1363.194868432512,1377.3682101141303,1361.8515689611993,1374.8670654296875,3418540,0.0,0.0,1359.3643737792968,1357.661357421875,1358.2068165206713,1383.6700069709502,52.965849491885784,-2.335961704398187,1.401265916036352,-3.737227620434539
2022-07-20 00:00:00+05:30,1390.7078923896215,1413.4502382106534,1389.5499341111956,1403.723388671875,5079392,0.0,0.0,1362.9795166015624,1357.7456469726562,1362.5417281541193,1384.456414096477,58.058053765893355,1.4922454270274557,4.1835784379695955,-2.6913330109421403
2022-07-21 00:00:00+05:30,1405.298334216868,1422.389755211079,1392.421814009448,1420.027587890625,5008061,0.0,0.0,1366.7058410644531,1358.4851000976562,1368.0165719385484,1385.8513620884044,60.65030475097282,5.77516724343468,6.773200203501457,-0.9980329600667761
2022-07-22 00:00:00+05:30,1421.046418971102,1426.6046187845484,1382.2779978886872,1395.3861083984375,7020642,0.0,0.0,1369.7257873535157,1358.8123876953125,1370.623194458538,1386.2252737084057,55.106785765663716,7.099216829637044,6.477799831763056,0.6214169978739879
2022-07-25 00:00:00+05:30,1371.1151510176096,1405.4370780037066,1371.1151510176096,1392.884765625,7859626,0.0,0.0,1371.0690063476563,1359.3701489257812,1372.7433440934392,1386.4864302541546,54.56161708442748,7.856137545394176,5.7877764380161505,2.068361107378026
2022-07-26 00:00:00+05:30,1386.4468058662242,1386.4468058662242,1338.5999410657344,1344.297119140625,7268273,0.0,0.0,1369.72578125,1358.4180810546875,1370.0341798122188,1384.8319474653888,45.206235645945476,4.483700351916241,1.932271395630572,2.551428956285669
2022-07-27 00:00:00+05:30,1344.1581135160511,1364.538181398445,1338.5999131844894,1362.7318115234375,4517285,0.0,0.0,1370.0870666503906,1358.0042846679687,1369.338716165668,1383.9652754676654,48.793736923747325,3.2609549305616383,0.5676207794207753,2.693334151140863
2022-07-28 00:00:00+05:30,1386.215122956737,1412.199640488895,1380.1473759682892,1405.6688232421875,6636841,0.0,0.0,1372.657733154297,1359.9534643554687,1372.7987263634318,1384.8163949882348,56.01689923815439,5.690976348026879,2.398113757508813,3.2928625905180664
2022-07-29 00:00:00+05:30,1419.9349470715792,1441.1486543958167,1415.488341603426,1435.5904541015625,7009465,0.0,0.0,1375.9139099121094,1361.9877465820311,1378.7788909099204,1386.8075345613065,60.22733557906837,9.916895574446471,5.299226387142724,4.617669187303747
2022-08-01 00:00:00+05:30,1448.837590650613,1448.837590650613,1424.6594411979472,1436.8411865234375,2983249,0.0,0.0,1378.8342895507812,1363.804130859375,1384.308633349303,1388.7696385598215,60.39799186952893,13.21456142282318,6.877513788415547,6.337047634407634
2022-08-02 00:00:00+05:30,1432.672547036009,1433.089366842093,1415.8126042828571,1429.939697265625,4374635,0.0,0.0,1381.9677307128907,1365.984814453125,1388.6544489603814,1390.3841506659314,58.89627339641837,15.097063312833143,7.008012542740406,8.089050770092737
2022-08-03 00:00:00+05:30,1434.9421100182385,1454.3958119616748,1426.512195125792,1450.782958984375,6011955,0.0,0.0,1385.4161376953125,1369.1424438476563,1394.5714499150477,1392.7527313843018,61.971536981969685,18.06262198698232,7.978856973511668,10.083765013470654
2022-08-04 00:00:00+05:30,1470.6071464350075,1485.7532194685305,1458.9811990367405,1482.0941162109375,7402209,0.0,0.0,1390.1035583496093,1372.678798828125,1402.9069419432276,1396.2563151029935,66.07743325542356,22.67797967868296,10.075371732169845,12.602607946513114
2022-08-05 00:00:00+05:30,1489.9681926535625,1505.9942683891477,1484.317378514635,1497.6107177734375,5361971,0.0,0.0,1394.8372985839844,1375.83982421875,1411.9263491651525,1400.2309975606581,67.92559502271716,27.273353724987373,11.736596622779405,15.536757102207968
2022-08-08 00:00:00+05:30,1497.9349005078725,1502.5667338427763,1478.4812005012768,1500.158203125,3763409,0.0,0.0,1401.611346435547,1377.8518896484375,1420.329382875614,1404.149711504358,68.23161249120027,30.766128761105847,12.183497327118303,18.582631433987544
2022-08-10 00:00:00+05:30,1501.8256747532032,1501.8256747532032,1471.16295906984,1484.456298828125,4423829,0.0,0.0,1409.2006103515625,1379.6833203125,1426.4367082044246,1407.2989894386235,64.16783156960054,31.899448702916516,10.653453815143177,21.24599488777334
2022-08-11 00:00:00+05:30,1509.9777553891563,1511.2283278462633,1497.0086212937897,1500.667724609375,3462090,0.0,0.0,1417.3294738769532,1382.3030834960937,1433.5063288144197,1410.9605084649277,66.3933127510957,33.71707010195178,9.97686017134275,23.740209930609026
2022-08-12 00:00:00+05:30,1494.5076241291474,1495.1560356652687,1473.0622097992318,1476.7213134765625,3562286,0.0,0.0,1424.9835876464845,1383.8982885742187,1437.6220416393858,1413.5393635634232,60.42350113004164,32.84663731735964,7.285141909400487,25.56149540795915
2022-08-16 00:00:00+05:30,1490.5241416234355,1490.5241416234355,1473.9421537273454,1478.898193359375,3004430,0.0,0.0,1432.677069091797,1385.283212890625,1441.553103707956,1416.1024549279703,60.76884054329897,31.96400789196491,5.122009987204606,26.841997904760305
2022-08-17 00:00:00+05:30,1478.898123298378,1493.3031712062257,1468.2912694552529,1487.9765625,4067324,0.0,0.0,1438.0662048339843,1386.6949951171875,1445.9743854976746,1418.9210473817752,62.2483009023892,31.632427300472273,3.8323435165695727,27.8000837839027
2022-08-18 00:00:00+05:30,1476.7211009348723,1480.519181703832,1458.101153296319,1466.39208984375,4635706,0.0,0.0,1442.6424560546875,1388.1077026367188,1447.9189287687295,1420.782656890088,56.76696803578609,29.29032016019505,1.192189101033879,28.098131059161172
2022-08-19 00:00:00+05:30,1468.5691848544834,1486.725949683126,1468.3838436640838,1479.500244140625,4739884,0.0,0.0,1446.431298828125,1389.9067041015626,1450.9266730898623,1423.0853073705014,59.12116077370757,28.16720784137874,0.05526142577405224,28.111946415604688
2022-08-22 00:00:00+05:30,1469.2176337813207,1481.2604012713316,1458.101233021311,1459.6297607421875,3950555,0.0,0.0,1448.4114074707031,1391.0303881835937,1451.7555385805601,1424.518423188999,54.294633153087744,25.38117292913853,-2.18461878917293,27.56579171831146
2022-08-23 00:00:00+05:30,1434.0157562823194,1440.037140271877,1420.120254767956,1428.828125,5551574,0.0,0.0,1450.0835083007812,1392.2457836914064,1449.5719753824117,1424.6874311031559,47.782665327308834,20.45202736399915,-5.691011483449849,26.143038847449
2022-08-24 00:00:00+05:30,1421.9729015815549,1432.1629354039635,1418.2674347370428,1424.288818359375,2888426,0.0,0.0,1451.6537109375,1394.339375,1447.164055665932,1424.6717992308506,46.89010622419402,15.994979712128043,-8.118447308256766,24.11342702038481
2022-08-25 00:00:00+05:30,1434.0156712178523,1434.664082683974,1402.2876113088012,1406.3636474609375,4331088,0.0,0.0,1454.7570373535157,1395.7770947265626,1443.2783025035517,1423.9538324947757,43.43939329950891,10.890783677172749,-10.578114674569647,21.468898351742396
2022-08-26 00:00:00+05:30,1422.1119934010137,1431.1903200499391,1405.7152334482537,1409.513427734375,3079136,0.0,0.0,1457.0961181640625,1397.6177905273437,1440.0626001445826,1423.387542112015,44.216243015645794,7.0189227180128455,-11.559980506983642,18.578903224996488
2022-08-29 00:00:00+05:30,1360.4160388278945,1360.4160388278945,1343.2318890830768,1354.11669921875,8079050,0.0,0.0,1454.5185119628907,1398.8137329101562,1431.8772762468843,1420.6710384691419,35.08828495544135,-0.5136865500173826,-15.274071820011097,14.760385269993714
2022-08-30 00:00:00+05:30,1364.6309285026764,1385.9373651843262,1358.0537467521094,1383.019287109375,6725875,0.0,0.0,1451.8899536132812,1400.7711450195313,1427.2241344242643,1419.1944992001313,41.83497853804191,-4.103829973295888,-15.091372194631681,10.987542221335794
2022-09-01 00:00:00+05:30,1352.5417769696817,1359.9989612286915,1344.204476476115,1356.3861083984375,8140604,0.0,0.0,1447.8671997070312,1401.6984350585938,1420.4776557551381,1416.7314250510453,37.923448411352744,-8.99443716820906,-15.985583511635884,6.991146343426823
2022-09-02 00:00:00+05:30,1369.1699084329834,1369.1699084329834,1341.3789089384031,1346.0107421875,5175653,0.0,0.0,1443.670751953125,1401.755869140625,1413.3855687486964,1413.9580649387497,36.49201836663208,-13.551273304489996,-16.433935718333455,2.882662413843459
2022-09-05 00:00:00+05:30,1344.1580847667317,1358.979952000548,1339.850456985529,1353.69970703125,3669352,0.0,0.0,1438.8165893554688,1402.2014526367188,1407.7012009660825,1411.594992079632,38.34918243068298,-16.353648884644826,-15.389049038790628,-0.964599845854198
2022-09-06 00:00:00+05:30,1353.699718207459,1361.759063349636,1339.0167153922378,1347.9561767578125,3428442,0.0,0.0,1432.1096923828125,1402.2505541992186,1402.011198660533,1409.0993522630902,37.46777722125741,-18.821049273990184,-14.285159542508788,-4.5358897314813955
2022-09-07 00:00:00+05:30,1333.9680861068637,1357.8220293132883,1332.161716223011,1350.3184814453125,3600574,0.0,0.0,1424.7450805664062,1402.5571801757812,1397.088082735274,1406.7942200741577,38.09795944649497,-20.3512668771923,-12.652301716568724,-7.698965160623578
2022-09-08 00:00:00+05:30,1366.3909787402135,1372.041793391848,1355.8303750000148,1367.2247314453125,4061475,0.0,0.0,1418.098406982422,1402.5812670898438,1394.2439540409919,1405.2424754220463,42.55942095726725,-19.969585319847056,-9.816496127378782,-10.153089192468274
2022-09-09 00:00:00+05:30,1378.4335692909813,1408.0773019639057,1371.02263612275,1400.3421630859375,4816910,0.0,0.0,1413.8927001953125,1403.1648779296875,1394.8247358547962,1405.0503063108263,50.14024430401492,-16.801127042106828,-5.318430279710842,-11.482696762395985
2022-09-12 00:00:00+05:30,1413.4504707306846,1432.0704202944817,1409.14284260994,1423.0845947265625,5494819,0.0,0.0,1410.0135437011718,1404.5164477539063,1397.5161509854406,1405.757533307522,54.57395570067248,-12.31303980425946,-0.66427443349078,-11.64876537076868
2022-09-13 00:00:00+05:30,1437.6287471891776,1438.6477281149284,1427.8092811268575,1431.1904296875,4947158,0.0,0.0,1407.7369995117188,1406.055146484375,1400.7232251475416,1406.7549017930114,56.07326668861882,-8.009793284227271,2.911177669233128,-10.9209709534604
2022-09-14 00:00:00+05:30,1386.7709730469846,1388.5773429093863,1363.6118051604285,1366.761474609375,14332197,0.0,0.0,1402.1301635742188,1405.9810375976563,1397.4887727153352,1405.1865320995355,43.721038918627286,-9.68665589403281,0.9874520475420727,-10.674107941574883
2022-09-15 00:00:00+05:30,1366.3908462433817,1366.5760743457176,1323.8243427406153,1327.2982177734375,12784100,0.0,0.0,1394.0962463378905,1404.958330078125,1390.803957958964,1402.1320884004729,38.174084652537466,-14.03811397245613,-2.6912048247049967,-11.346909147751134
2022-09-16 00:00:00+05:30,1320.0725587223735,1320.0725587223735,1267.5938621048604,1275.6533203125,20464045,0.0,0.0,1384.559307861328,1403.1259790039062,1379.8372305640626,1397.1721367107484,32.3836734918665,-21.407218372977013,-8.048247380180703,-13.35897099279631
2022-09-19 00:00:00+05:30,1289.5025126131125,1302.4716470790488,1278.941909074474,1287.927734375,6595241,0.0,0.0,1374.9806823730469,1401.2482373046876,1371.0839452127232,1392.8880425015034,34.91069219987137,-25.957620774405314,-10.078919825287201,-15.878700949118112
2022-09-20 00:00:00+05:30,1304.277941957935,1309.4656859113177,1283.110485610349,1286.3065185546875,7219797,0.0,0.0,1366.314520263672,1399.2074536132814,1363.0099045786246,1388.708374895746,34.726089726956715,-29.35626527658178,-10.782051461970934,-18.574213814610847
2022-09-21 00:00:00+05:30,1278.2933952775163,1286.5380812873857,1267.6401785331122,1275.8385009765625,7917054,0.0,0.0,1358.6650390625,1396.6655053710938,1354.707866140333,1384.2821053302878,33.49451425202122,-32.51953214034165,-11.156254660584644,-21.36327747975701
2022-09-22 00:00:00+05:30,1265.741102515985,1282.04513362108,1259.8586966589885,1267.2232666015625,9168498,0.0,0.0,1350.8117614746093,1394.71642578125,1346.375999517593,1379.6915626350437,32.47375119303366,-35.31453732972227,-11.161007879972207,-24.153529449750064
2022-09-23 00:00:00+05:30,1266.8064455755646,1292.096301385434,1261.711428792628,1264.9073486328125,10426200,0.0,0.0,1343.738946533203,1393.36115234375,1338.6170803857092,1375.190220909466,32.189756832737125,-37.28665693338553,-10.506501986908368,-26.78015494647716
2022-09-26 00:00:00+05:30,1259.8587495471834,1296.4038717185774,1255.2269159091425,1278.61767578125,9414587,0.0,0.0,1337.194158935547,1392.1716967773436,1332.9028513757607,1371.403062276987,35.77087452718591,-37.313144406655056,-8.426391568142314,-28.88675283851274
2022-09-27 00:00:00+05:30,1290.845505295542,1302.934634768406,1276.5331864279156,1290.938232421875,8561254,0.0,0.0,1334.0352355957032,1391.5176806640625,1328.9062209992003,1368.2475787532571,38.89389676935173,-35.92583925447548,-5.631269132770189,-30.294570121705288
2022-09-28 00:00:00+05:30,1277.4597493545511,1302.3326739971817,1275.6070158529492,1292.003662109375,7022098,0.0,0.0,1329.4844543457032,1390.8571826171874,1325.3916915811217,1365.2576212378108,39.16934798138397,-34.3445164478735,-3.2399570609345716,-31.10455938693893
2022-09-29 00:00:00+05:30,1301.4525112090196,1306.0379808303796,1290.4287256100483,1295.6627197265625,6119965,0.0,0.0,1326.4482849121093,1389.1665600585939,1322.5603609283066,1362.5284094138403,40.16688912978634,-32.4223071860838,-1.0541982393158946,-31.368108946767904
2022-09-30 00:00:00+05:30,1286.676941384038,1314.7922602910317,1274.6805382372993,1309.3729248046875,8120130,0.0,0.0,1324.6163940429688,1387.8566772460938,1321.304414630819,1360.4438806056382,43.88038076345971,-29.453126223336994,1.5319861787447309,-30.985112402081725
2022-10-03 00:00:00+05:30,1308.02985040639,1308.02985040639,1283.9443149173203,1291.1236572265625,4943169,0.0,0.0,1321.4875915527343,1385.6046826171876,1318.4300567827947,1357.7254404731257,40.295432752188184,-28.246978709202494,2.1905069543033875,-30.437485663505882
2022-10-04 00:00:00+05:30,1315.162856136162,1326.7888043147336,1309.8826107879445,1324.148681640625,6631341,0.0,0.0,1320.297216796875,1383.6871044921875,1318.9746877216357,1356.4087048326355,48.49586856848337,-24.345613567272267,4.873497676986894,-29.21911124425916
2022-10-06 00:00:00+05:30,1338.5999185946264,1352.310191367308,1337.766165925147,1348.0025634765625,6180672,0.0,0.0,1320.1814208984374,1382.73943359375,1321.739247317343,1356.0790522304367,53.467370094070496,-19.108671801727724,8.088351554025152,-27.197023355752876
2022-10-07 00:00:00+05:30,1339.8504060008383,1350.5036226697623,1334.1069778990357,1344.34326171875,3994466,0.0,0.0,1319.0373474121093,1381.768603515625,1323.8920105936675,1355.618825151547,52.628127967575736,-15.079802219069734,9.693776909346518,-24.77357912841625
2022-10-10 00:00:00+05:30,1321.3231599222415,1357.1272565773293,1321.3231599222415,1354.9503173828125,5274677,0.0,0.0,1316.767755126953,1381.9816674804688,1326.849944573586,1355.5926091606163,54.840843483514654,-10.905283977756426,11.094636120527863,-21.99992009828429
2022-10-11 00:00:00+05:30,1354.9502607640743,1370.6984944826747,1315.5333129003584,1318.9609375,12824774,0.0,0.0,1311.561572265625,1381.10625,1326.0986105665777,1354.1560730170627,46.84550022797452,-10.381320970481738,9.294879302242041,-19.67620027272378
2022-10-12 00:00:00+05:30,1331.1890112791366,1334.9870923135925,1309.4657563626213,1323.5001220703125,5481467,0.0,0.0,1306.1770568847655,1379.4628759765626,1325.8511354716952,1352.9538788622883,47.87765563252176,-9.49040279711653,8.148637980485802,-17.639040777602332
2022-10-13 00:00:00+05:30,1325.6307926334148,1332.0689961838943,1310.8089249310146,1315.34814453125,4821514,0.0,0.0,1303.6063903808595,1377.0580297851564,1324.8508506202243,1351.4791441826396,46.144664410203355,-9.334537447344019,6.643602664206652,-15.97814011155067
2022-10-14 00:00:00+05:30,1375.6546094511775,1383.991910114518,1359.2115998095894,1365.6961669921875,14990688,0.0,0.0,1305.5262878417968,1375.6351293945313,1328.7408807508873,1352.0366744888966,56.59455659381911,-5.089677761067378,8.710769880386636,-13.800447641454014
2022-10-17 00:00:00+05:30,1368.150972904232,1384.9181872031604,1366.8540369352932,1380.239990234375,4286396,0.0,0.0,1310.7556213378907,1374.6411352539062,1333.6455578445527,1353.1426868710723,59.06544966234342,-0.5457399389833881,10.603766161976502,-11.14950610095989
2022-10-18 00:00:00+05:30,1398.8136944110029,1399.693697529043,1387.0025191767377,1392.9775390625,4692004,0.0,0.0,1316.0081115722655,1373.4850268554687,1339.2962227224525,1354.704837937403,61.151277473697455,4.036645326021471,12.148921141585088,-8.112275815563617
2022-10-19 00:00:00+05:30,1393.2555591731843,1394.1355623321988,1372.2270796763926,1376.0714111328125,3553171,0.0,0.0,1320.496356201172,1371.3645727539063,1342.7986216186773,1355.5427427685956,56.999781748780464,6.232194569727653,11.475576308233016,-5.243381738505363
2022-10-20 00:00:00+05:30,1366.3908691505333,1393.2555031880693,1365.649730565025,1390.3837890625,4583939,0.0,0.0,1326.2236206054688,1369.2200341796874,1347.3305423276129,1356.909058309533,59.506125968600394,9.023060227196538,11.41315357256152,-2.390093345364982
2022-10-21 00:00:00+05:30,1389.8279554931294,1395.1082002613712,1381.5369059757884,1390.01318359375,3594485,0.0,0.0,1332.3631164550782,1367.0171337890624,1351.3955557815307,1358.2072593010712,59.40956288519745,11.077245018564327,10.773870691143447,0.3033743274208798
2022-10-24 00:00:00+05:30,1406.6878543394778,1409.7449097265378,1399.7401039887725,1406.085693359375,982837,0.0,0.0,1339.4220336914063,1365.4497216796874,1356.6041403127538,1360.0848449504165,62.26914549156256,13.842550178078682,10.83134068052624,3.0112094975524406
2022-10-25 00:00:00+05:30,1415.5810886849038,1420.0276945709174,1409.0502705745596,1413.9136962890625,3914341,0.0,0.0,1346.186834716797,1363.7146411132812,1362.0621932628785,1362.1957802970303,63.613671236030854,16.475806019062475,10.771677217208026,5.704128801854448
2022-10-27 00:00:00+05:30,1433.5798469445867,1437.4194355162388,1416.4420233482358,1427.164794921875,6760137,16.5,0.0,1352.9981628417968,1362.7235107421875,1368.2624410399258,1364.7435847921222,65.83320767660776,19.408207426222134,10.963262899494149,8.444944526727985
2022-10-28 00:00:00+05:30,1429.08466440324,1430.910775357409,1411.2913428936322,1417.1444091796875,3053981,0.0,0.0,1359.2552001953125,1361.4884350585937,1372.917866577046,1366.7985190818308,62.71768239958729,20.685149752383722,9.79216418052459,10.892985571859132
2022-10-31 00:00:00+05:30,1433.0646978798516,1448.189043482002,1433.0646978798516,1439.9947509765625,4542336,0.0,0.0,1366.4718017578125,1360.528798828125,1379.3061412817617,1369.668959548291,66.59947637683935,23.272694228160162,9.903766925040824,13.368927303119339
2022-11-01 00:00:00+05:30,1454.4167894786017,1474.9727126677476,1448.8446017512358,1473.0997314453125,4542692,0.0,0.0,1374.6581420898438,1360.6629516601563,1388.2388641544808,1373.7250682501349,71.2670864179637,27.675609917763722,11.445346091715507,16.230263826048215
2022-11-02 00:00:00+05:30,1472.163207208946,1472.8655751513168,1446.8779612836015,1454.65087890625,2938906,0.0,0.0,1382.8345031738281,1360.1659643554688,1394.5638179403634,1376.8986294523354,65.75248453409202,29.338092834789677,10.486263206993168,18.85182962779651
2022-11-03 00:00:00+05:30,1441.0247609351711,1445.847709887298,1425.0107962035886,1433.5328369140625,3174027,0.0,0.0,1388.3037109375,1359.6440258789062,1398.2751530807157,1379.11957876456,60.026656658395694,28.621640570008367,7.815848753769487,20.80579181623888
2022-11-04 00:00:00+05:30,1423.8869979524864,1423.8869979524864,1405.8127990939815,1417.8466796875,4509682,0.0,0.0,1391.795916748047,1359.4243969726563,1400.1391079956475,1380.6382886046752,56.11759290899722,26.48282764283249,4.541628661274885,21.941198981557605
2022-11-07 00:00:00+05:30,1424.776758364222,1430.8639469936122,1396.4010487186013,1411.712646484375,4898592,0.0,0.0,1395.1643859863282,1359.1728735351562,1401.2413497564785,1381.8568908744674,54.61966177769236,24.01599631738509,1.6598378686619846,22.356158448723104
2022-11-09 00:00:00+05:30,1431.8940649851572,1431.8940649851572,1405.7659555205155,1415.2244873046875,3334755,0.0,0.0,1398.1780944824218,1359.3500903320312,1402.5730771420222,1383.1654240678095,55.354420350552786,22.089753990322833,-0.21312356672021693,22.30287755704305
2022-11-10 00:00:00+05:30,1390.688662459787,1415.9739108681472,1390.688662459787,1406.5621337890625,3435763,0.0,0.0,1402.558154296875,1359.291064453125,1402.952987298883,1384.0829420960938,53.07183612786204,19.637840730092194,-2.132029461560684,21.769870191652878
2022-11-11 00:00:00+05:30,1448.4231314014712,1473.5678797946769,1448.4231314014712,1470.3837890625,7214098,0.0,0.0,1409.9023376464843,1361.61640625,1409.3749684192276,1387.467289035953,64.64078621221704,22.58421918642398,0.6514791958168793,21.9327399906071
2022-11-14 00:00:00+05:30,1475.113249516064,1490.3312223650648,1468.8386936584686,1484.61865234375,4908813,0.0,0.0,1418.3658630371094,1363.6483935546876,1416.5410335548966,1391.2771464205725,66.61752308022788,25.770809985912592,3.070455996244391,22.7003539896682
2022-11-15 00:00:00+05:30,1477.641645412607,1496.3714570965583,1472.865566296739,1492.7659912109375,3497614,0.0,0.0,1424.7193542480468,1366.3759912109374,1423.8005533316623,1395.257101118234,67.72950828387694,28.623672430918305,4.738654753000084,23.88501767791822
2022-11-16 00:00:00+05:30,1495.715764034726,1506.8131531443155,1492.2975509853743,1501.0069580078125,4497697,0.0,0.0,1430.7577026367187,1369.4759155273437,1431.1535442532004,1399.40415432959,68.85944436330797,31.19002443366867,5.844005404600356,25.346019029068312
2022-11-17 00:00:00+05:30,1495.7627443908077,1501.007183218284,1482.4177533069233,1486.585205078125,3469515,0.0,0.0,1435.4380859375,1372.1336254882813,1436.4327500460504,1402.8230190648267,64.59675610649799,31.69480398065025,5.079027961265549,26.6157760193847
2022-11-18 00:00:00+05:30,1490.6119989981223,1496.5119353338391,1475.440897445847,1492.2041015625,3126064,0.0,0.0,1441.2447204589844,1375.018583984375,1441.7443073333313,1406.3281595549315,65.49303764747516,32.17732324292865,4.449237778835162,27.72808546409349
2022-11-21 00:00:00+05:30,1481.6217342048546,1487.0065550778356,1464.7181477072463,1468.6044921875,3071764,0.0,0.0,1445.1557556152343,1377.3843041992188,1444.3024201765857,1408.7703686777775,58.764024275954505,30.3060823359624,2.0623974974951267,28.243684838467274
2022-11-22 00:00:00+05:30,1469.3538011186988,1487.1471231207734,1462.7983666968817,1484.384521484375,3399329,0.0,0.0,1449.8743225097655,1379.7275,1448.1197631582797,1411.735629572154,61.60470205086882,29.75344769651224,1.2078102864359685,28.54563741007627
2022-11-23 00:00:00+05:30,1487.9900459529233,1490.8931441615557,1478.9997583994104,1482.605224609375,3245067,0.0,0.0,1453.7002990722656,1381.3727612304688,1451.4040928202887,1414.5148293775353,61.09364774840757,28.839462998122144,0.23506047043669653,28.604402527685448
2022-11-24 00:00:00+05:30,1488.0834978738435,1532.098554135688,1484.1034129991024,1526.2923583984375,5282215,0.0,0.0,1459.3192321777344,1383.4369165039063,1458.536308589636,1418.898261888159,68.09261841753639,31.279736793119355,2.140267412347125,29.13946938077223
2022-11-25 00:00:00+05:30,1527.7907889701378,1539.5905476763803,1511.3085772600134,1531.7708740234375,4563255,0.0,0.0,1464.5495361328126,1385.448525390625,1465.511029107141,1423.3246388346406,68.84940605005677,33.27220056506167,3.3061849474315466,29.96601561763012
2022-11-28 00:00:00+05:30,1524.6066619229134,1548.48717167662,1517.1147372942996,1520.298828125,3825766,0.0,0.0,1469.707257080078,1388.5192724609376,1470.7289147278893,1427.1275482185763,65.35384678034222,33.53892834246221,2.858330179865675,30.68059816259654
2022-11-29 00:00:00+05:30,1518.2384235986972,1534.6738783664032,1512.4790982095546,1525.5899658203125,3131710,0.0,0.0,1473.9870178222657,1392.485107421875,1475.9537767366915,1430.9888194970758,66.20605981875163,33.787778145550874,2.4857439863634667,31.302034159187407
2022-11-30 00:00:00+05:30,1517.067875616915,1541.2293784079006,1510.699808237202,1531.115234375,11868134,0.0,0.0,1476.88779296875,1397.594345703125,1481.2072488927208,1434.91534557072,67.11570230232635,34.0384621991077,2.1891424319362294,31.84931976717147
2022-12-01 00:00:00+05:30,1551.015656120506,1566.374124528243,1547.3634343050076,1551.8585205078125,5407928,0.0,0.0,1481.7481750488282,1402.8729614257813,1487.9359414274916,1439.5013524309982,70.34319397651768,35.50169945737093,2.9219037521595723,32.57979570521136
2022-12-02 00:00:00+05:30,1550.8283861655038,1556.2600772064472,1530.1787233400255,1533.8779296875,4283343,0.0,0.0,1486.7654296875,1407.8243896484375,1492.3113688808257,1443.2023946763513,64.43930115663078,34.80918351783862,1.7835102501018056,33.02567326773681
2022-12-05 00:00:00+05:30,1533.9714931296692,1540.3864304174972,1520.2051280209669,1535.6103515625,3824966,0.0,0.0,1492.65361328125,1413.0198266601562,1496.4350815171756,1446.826236122867,64.74631312618875,34.008127093500434,0.7859630606108965,33.22216403288954
2022-12-06 00:00:00+05:30,1521.7972115384105,1522.7337021301264,1505.455496440047,1510.4656982421875,4822398,0.0,0.0,1497.5912658691407,1417.8846752929687,1497.7713307290815,1449.3219013040168,57.047897717090585,30.987120489410017,-1.7880348347836161,32.77515532419363
2022-12-07 00:00:00+05:30,1505.8768710098102,1520.673468081389,1495.294481599639,1503.53564453125,4898087,0.0,0.0,1502.0068237304688,1422.6572412109374,1498.3203129959547,1451.4479304501829,55.103257755567064,27.714280597704146,-4.048699781191591,31.762980378895737
2022-12-08 00:00:00+05:30,1503.535639045592,1520.7670887284646,1496.9802049295415,1517.2552490234375,4206837,0.0,0.0,1507.5414794921876,1427.4299926757812,1500.1236402366674,1454.0286096099185,58.145092539788884,25.928698925827575,-4.667425162454531,30.596124088282107
2022-12-09 00:00:00+05:30,1524.6067189153207,1524.6067189153207,1461.955474002987,1469.634765625,8880658,0.0,0.0,1507.5040283203125,1431.0039233398438,1497.219937892699,1454.640615728157,46.39526820994898,20.43547017760625,-8.128523128540689,28.563993306146937
2022-12-12 00:00:00+05:30,1451.5604518684602,1466.4974314364129,1432.8775098440726,1448.938232421875,8037679,0.0,0.0,1505.7200073242188,1434.1426147460938,1492.6216802288109,1454.4169928534009,42.3863026058141,14.24777013156995,-11.452978539661594,25.700748671231544
2022-12-13 00:00:00+05:30,1448.9380818821512,1477.3137902685858,1443.2723828460616,1472.3035888671875,6135067,0.0,0.0,1504.6968872070313,1437.6754321289063,1490.6866239086564,1455.1184279911965,47.86351837527747,11.101392317560112,-11.679485082937148,22.78087740049726
2022-12-14 00:00:00+05:30,1481.5279921196093,1487.615180456384,1473.09957749946,1479.0931396484375,4976020,0.0,0.0,1503.6011962890625,1441.0698364257812,1489.5824825505404,1456.0586127620686,49.36976928632209,9.051386487793934,-10.983592730162663,20.034979217956597
2022-12-15 00:00:00+05:30,1469.634669931184,1470.2901675909304,1437.7471208878828,1442.6636962890625,6443866,0.0,0.0,1501.4051208496094,1444.1006372070312,1485.1140267161138,1455.53332191999,42.30715341863581,4.436054398906663,-12.479139855239946,16.91519425414661
2022-12-16 00:00:00+05:30,1428.1482204855197,1451.092241076926,1416.020712471429,1425.5260009765625,9630453,0.0,0.0,1498.0712158203125,1446.12818359375,1479.4389766456804,1454.356564235934,39.448143740223315,-0.5976094494969857,-14.010242962914877,13.412633513417891
2022-12-19 00:00:00+05:30,1412.181012144378,1420.5626719468778,1400.1003743657811,1411.619140625,6222740,0.0,0.0,1495.2219482421874,1447.4005151367187,1472.979944643711,1452.6805868394267,37.24840616126537,-5.6439319861258355,-15.245252399634982,9.601320413509146
2022-12-20 00:00:00+05:30,1405.6723293748962,1419.719687763053,1388.300383774464,1411.572265625,7396259,0.0,0.0,1491.5813354492188,1448.7450952148438,1467.1315942609767,1451.06849581141,37.24086807734071,-9.53702449218963,-15.310675924559021,5.773651432369391
2022-12-21 00:00:00+05:30,1418.783271447071,1424.4022150963665,1406.9366423896,1413.679443359375,6236361,0.0,0.0,1488.1350463867188,1449.919677734375,1462.040913222729,1449.6022584603497,37.849760614376684,-12.310390203404268,-14.467233308618926,2.156843105214659
2022-12-22 00:00:00+05:30,1424.8703825134337,1432.783681993216,1415.7395995824402,1425.385498046875,6302640,0.0,0.0,1483.0897033691406,1452.0481689453125,1458.549921301219,1448.6525815813898,41.25930884980676,-13.409149401468085,-12.452794005346195,-0.9563553961218898
2022-12-23 00:00:00+05:30,1412.8834103737136,1414.007267754237,1398.1805527662816,1402.0201416015625,6283822,0.0,0.0,1476.6021667480468,1453.6185693359375,1453.1661327583945,1446.823858444926,36.907093076740566,-15.981092883891051,-12.01978999021533,-3.9613028936757226
2022-12-26 00:00:00+05:30,1405.204287394656,1414.0073227883615,1401.3178281481162,1406.983642578125,4115459,0.0,0.0,1470.9364074707032,1455.451279296875,1448.7678003602737,1445.261497038385,38.39375959450892,-17.41807880636111,-10.765420730148309,-6.6526580762128
2022-12-27 00:00:00+05:30,1414.053751918001,1424.8233924179633,1402.3944911907677,1418.642578125,4860076,0.0,0.0,1465.5890380859375,1456.5102075195311,1445.898731575962,1444.217617865311,41.85928332484433,-17.415368316735112,-8.610168192417849,-8.805200124317263
2022-12-28 00:00:00+05:30,1409.511887986456,1428.101202329995,1403.3310732899588,1414.2412109375,5029860,0.0,0.0,1459.7453369140626,1457.1902319335939,1442.8837296103943,1443.042072495593,40.92338408639478,-17.565885192336054,-7.008548054415032,-10.557337137921023
2022-12-29 00:00:00+05:30,1408.4818930852164,1424.683226545259,1405.6724212240092,1421.17138671875,4624745,0.0,0.0,1453.2109802246093,1457.7541088867188,1440.8158874302376,1442.18439854356,43.08129565541294,-16.930795956284783,-5.098767054691008,-11.832028901593775
2022-12-30 00:00:00+05:30,1430.957598168994,1433.205198411856,1408.5286946315782,1412.4150390625,5060544,0.0,0.0,1447.1378356933594,1458.4809814453124,1438.1110447285482,1441.0169726815577,41.04141934476601,-16.938787439577254,-4.085406830386782,-12.853380609190472
2023-01-02 00:00:00+05:30,1417.846763951259,1429.552896414529,1408.5287282375762,1427.211669921875,3801140,0.0,0.0,1441.7179016113282,1459.2175390625,1437.0730090326747,1440.4755882596094,45.71866445333956,-15.571655941242852,-2.174620265641904,-13.397035675600948
2023-01-03 00:00:00+05:30,1423.3250447880514,1435.3121687570183,1418.876714971724,1425.8536376953125,4551130,0.0,0.0,1437.4872985839843,1459.9343481445312,1436.0044974767354,1439.9021784335584,45.36297047328694,-14.43141980602013,-0.8275073043353451,-13.603912501684785
2023-01-04 00:00:00+05:30,1424.4020950067627,1424.4020950067627,1396.4010053183051,1399.8660888671875,7059590,0.0,0.0,1432.3038208007813,1459.8099560546875,1432.5627442758262,1438.3321357054656,39.094786293257755,-15.446692600257165,-1.4742240788579029,-13.972468521399263
2023-01-05 00:00:00+05:30,1410.2611937869729,1410.2611937869729,1375.938791008204,1381.5108642578125,9868404,0.0,0.0,1425.5166015625,1459.1618994140624,1427.700660464587,1436.1038505506556,35.376566862161376,-17.530338005033627,-2.846295586907491,-14.684042418126136
2023-01-06 00:00:00+05:30,1376.6412629511672,1381.3237162265114,1354.6337325570498,1356.5067138671875,6443714,0.0,0.0,1419.8601989746094,1457.7487377929688,1420.9202845981679,1432.9823942101275,31.04500090359109,-20.957680868939633,-5.018910760650797,-15.938770108288836
2023-01-09 00:00:00+05:30,1356.2256767734436,1394.76228883799,1356.2256767734436,1390.1734619140625,11498717,0.0,0.0,1416.9219604492187,1457.2093188476563,1417.9920157711101,1431.3036125514582,41.44161833788755,-20.718420523600116,-3.8237203322490245,-16.89470019135109
2023-01-10 00:00:00+05:30,1387.8789916306982,1389.6583465347892,1361.7041265507055,1376.406982421875,7158624,0.0,0.0,1412.127130126953,1455.9375634765624,1414.0315364045164,1429.1508035267686,38.8614295401605,-21.39303918091764,-3.5986711916532386,-17.7943679892644
2023-01-11 00:00:00+05:30,1376.6411543516356,1399.1169283002337,1371.022210864486,1377.811767578125,6173092,0.0,0.0,1407.0630615234375,1454.0318041992186,1410.5820346115268,1427.1375079993709,39.27690025045358,-21.565728610158885,-3.017088496715587,-18.548640113443298
2023-01-12 00:00:00+05:30,1387.8321104596064,1390.688452334576,1362.5937361257968,1386.56787109375,6591385,0.0,0.0,1404.2582702636719,1452.6701440429688,1408.2949714193574,1425.5465418462093,41.92596629476077,-20.756770718885946,-1.7665044843541153,-18.99026623453183
2023-01-13 00:00:00+05:30,1389.2837450958568,1422.903779047324,1374.768141422796,1408.154052734375,11610426,0.0,0.0,1403.3896728515624,1452.162568359375,1408.281550592216,1424.864483449667,47.95400201096976,-18.164452801754805,0.66065074622162,-18.825103547976425
2023-01-16 00:00:00+05:30,1414.1007294931478,1430.9575593811455,1406.8897979903595,1428.6163330078125,6073063,0.0,0.0,1404.2395324707031,1452.3779614257812,1410.2181965365585,1425.0116148048885,52.94058689600378,-14.294113525189687,3.6247920182293925,-17.91890554341908
2023-01-17 00:00:00+05:30,1430.021162290161,1444.2557738432447,1427.21169045855,1441.727294921875,5922644,0.0,0.0,1405.7472839355469,1452.9782543945312,1413.2190630494458,1425.6671316722213,55.85885179732449,-10.05301184783957,6.292714956463605,-16.345726804303176
2023-01-18 00:00:00+05:30,1446.6439437557135,1453.2930045630997,1441.8209940041047,1447.252685546875,5843098,0.0,0.0,1407.4259460449218,1453.618818359375,1416.4603604301533,1426.5136239810315,57.06716869580936,-6.174875249085517,8.13668124417413,-14.311556493259646
2023-01-19 00:00:00+05:30,1442.1017737225477,1451.1389300985147,1429.2250290804857,1441.165283203125,6165284,0.0,0.0,1408.2149353027344,1454.3108813476563,1418.8132102180555,1427.0881988524861,55.27203666905116,-3.551684935613366,8.607897246117025,-12.159582181730391
2023-01-20 00:00:00+05:30,1440.3224696586608,1446.8779035257678,1427.2116019244468,1428.6632080078125,6496429,0.0,0.0,1409.5470886230469,1453.4764697265625,1419.7513052456516,1427.149963917401,51.67669953431008,-2.453320347355202,7.765009467500153,-10.218329814855355
2023-01-23 00:00:00+05:30,1437.5130007248515,1454.6508235941217,1431.0511930372077,1449.6873779296875,4855020,0.0,0.0,1411.682275390625,1452.7778442382812,1422.6023597869882,1428.0337840747457,56.769386542077214,0.11232153575815573,8.264521080490809,-8.152199544732653
2023-01-24 00:00:00+05:30,1460.9253950530808,1469.166558393283,1451.326366015072,1453.33984375,5200802,0.0,0.0,1413.417138671875,1451.9893212890624,1425.529739212037,1429.0261785718146,57.60528609242106,2.412524597530137,8.451779313810231,-6.039254716280095
2023-01-25 00:00:00+05:30,1448.7509673063582,1457.1793827593365,1441.024919807795,1445.0050048828125,4158617,0.0,0.0,1414.9553283691407,1450.8692822265625,1427.3845264187776,1429.6527992114616,54.99216668429424,3.5222974046980653,7.6492416967825285,-4.126944292084463
2023-01-27 00:00:00+05:30,1447.814426771755,1452.450009383952,1411.66591349468,1422.669677734375,6209955,0.0,0.0,1415.0302429199219,1449.5909716796875,1426.9354932107394,1429.3789513103993,48.62642446913473,2.569901883889088,5.357476940778842,-2.7875750568897533
2023-01-30 00:00:00+05:30,1431.7067500905264,1445.9413602414752,1423.4655878024885,1441.0716552734375,6964719,0.0,0.0,1416.4630737304688,1448.5683227539062,1428.2817943595678,1429.8374887207146,53.411450126099574,3.2624004460992637,4.839980402391213,-1.57757995629195
2023-01-31 00:00:00+05:30,1450.5302621810438,1450.5302621810438,1416.9102279600909,1436.3424072265625,9448126,0.0,0.0,1416.919610595703,1447.9230810546876,1429.049471775472,1430.0925835640812,52.06918731633025,3.390515994563202,3.974476760684122,-0.5839607661209196
2023-02-01 00:00:00+05:30,1444.2556654298946,1456.289660326123,1431.0044157396635,1452.5904541015625,6194199,0.0,0.0,1418.2564514160156,1447.2871997070313,1431.2914700922427,1430.9748529969238,56.14673350932903,4.748393556812289,4.265883458346567,0.4825100984657221
2023-02-02 00:00:00+05:30,1453.43341554854,1486.163716389386,1453.43341554854,1483.1669921875,6916834,0.0,0.0,1422.4214965820313,1447.2984350585937,1436.2319960060765,1433.021603553417,62.595539665956125,8.197299032018918,6.171831146842557,2.0254678851763614
2023-02-03 00:00:00+05:30,1496.0437650760916,1502.7396958709587,1473.099744891826,1497.8231201171875,7040194,0.0,0.0,1428.237109375,1446.7290502929689,1442.097817349992,1435.5628394970943,65.23454862787978,11.975166244511456,7.959758687468075,4.015407557043381
2023-02-06 00:00:00+05:30,1496.5118898904536,1496.5118898904536,1462.423611212139,1470.149658203125,4570612,0.0,0.0,1433.919256591797,1445.4966259765624,1444.7694212407666,1436.9191853287034,57.04987942863506,12.590994976316779,6.860469935418718,5.730525040898061
2023-02-07 00:00:00+05:30,1469.3537888869607,1475.9560935124823,1456.3365463513178,1463.1729736328125,4336238,0.0,0.0,1437.5692321777344,1444.3541088867187,1446.5221405161997,1437.9487456543548,55.17055775140108,12.373450114130037,5.3143400585855805,7.059110055544457
2023-02-08 00:00:00+05:30,1466.0760165337158,1501.194413608142,1466.0760165337158,1489.48828125,7983338,0.0,0.0,1443.2232971191406,1443.6320751953126,1450.6141539194186,1439.9699039130076,60.46125938905695,14.161227822743513,5.681694213759243,8.47953360898427
2023-02-09 00:00:00+05:30,1494.826247674691,1516.8806469975686,1485.3209595535925,1514.3052978515625,6904911,0.0,0.0,1450.0479736328125,1443.2958764648438,1456.6799771510514,1442.8850174007941,64.693152418205,17.38023187807562,7.1205586152730795,10.25967326280254
2023-02-10 00:00:00+05:30,1510.5125572743648,1513.6498924248972,1495.0604614564386,1506.39208984375,4786762,0.0,0.0,1456.0391845703125,1442.3865478515625,1461.4144640741654,1445.3754908299297,62.399739166476536,19.07292522133821,7.0506015668285364,12.022323654509673
2023-02-13 00:00:00+05:30,1495.5754417061576,1495.5754417061576,1466.544234008668,1467.902099609375,4001199,0.0,0.0,1459.0265869140626,1441.06703125,1462.0323341251378,1446.258887252653,52.62707189123644,17.11132762005468,4.071203172436004,13.040124447618677
2023-02-14 00:00:00+05:30,1484.0565585430722,1494.6389476968263,1477.9226139084933,1492.0635986328125,5043736,0.0,0.0,1462.1989501953126,1440.1960961914062,1464.8924545544403,1448.0551504440318,57.16247097400322,17.30687554547626,3.4134008782860654,13.893474667190194
2023-02-15 00:00:00+05:30,1483.4009456827828,1497.4483031229606,1475.909021714688,1495.6221923828125,3465747,0.0,0.0,1464.8936950683594,1439.8992260742189,1467.8190962523804,1449.9205246377096,57.80324304328141,17.54672968310888,2.922604012734947,14.624125670373932
2023-02-16 00:00:00+05:30,1498.3849499152032,1511.917193267045,1496.3714722752147,1500.0706787109375,4290289,0.0,0.0,1467.5345947265625,1439.8299267578125,1470.8906755341477,1451.8871973464636,58.636191658053875,17.88955186631142,2.612340956749991,15.27721090956143
2023-02-17 00:00:00+05:30,1492.7659027830766,1493.7023933117987,1475.4408280017171,1483.2137451171875,2857734,0.0,0.0,1469.6370178222655,1439.1490966796875,1472.064301208723,1453.1156894159037,54.26490598087122,16.60956255659744,1.065881317628806,15.543681238968633
2023-02-20 00:00:00+05:30,1484.2907734230373,1501.1944749661757,1481.9964171141442,1491.314453125,2417716,0.0,0.0,1472.769580078125,1439.5826904296875,1473.8976490102732,1454.6136801495936,55.963860521312334,16.063649490560238,0.4159746012732821,15.647674889286955
2023-02-21 00:00:00+05:30,1497.1674632827064,1499.9301791189498,1475.9091725773585,1479.1868896484375,2723288,0.0,0.0,1474.2445556640625,1440.1876635742187,1474.401386213908,1455.577335424058,52.80148403069807,14.485437329688239,-0.9297900476789742,15.415227377367213
2023-02-22 00:00:00+05:30,1463.7347048279285,1474.9725912373558,1456.5237734422892,1462.6109619140625,3656244,0.0,0.0,1474.7081115722656,1439.9938110351563,1473.2784886615418,1455.853163913862,48.74693813253133,11.761573882049788,-2.922922796253941,14.684496678303729
2023-02-23 00:00:00+05:30,1470.149760417762,1470.149760417762,1449.827959919277,1452.2159423828125,4766854,0.0,0.0,1475.0686584472655,1439.4562670898438,1471.2725318730913,1455.7105277753897,46.343583531288814,8.664225476056117,-4.816216961798089,13.480442437854206
2023-02-24 00:00:00+05:30,1460.9253538063083,1469.353769309037,1446.877994635094,1452.169189453125,2790986,0.0,0.0,1476.543634033203,1439.646376953125,1469.4531659283325,1455.5716517627518,46.33251921379353,6.135060816273381,-5.876305297264661,12.011366113538042
2023-02-27 00:00:00+05:30,1442.1954037249195,1442.1954037249195,1406.6087638927463,1413.4451904296875,4920268,0.0,0.0,1475.1623107910157,1439.4047607421876,1464.1190730236997,1453.9196336712591,38.198003004032735,0.9945123907416473,-8.813482978237117,9.807995368978764
2023-02-28 00:00:00+05:30,1419.3450289458724,1427.211572286581,1387.2234722547096,1393.0765380859375,9679811,0.0,0.0,1472.9990173339843,1439.0339086914062,1457.3531173153415,1451.5336299228152,34.74277220870179,-4.669166048600573,-11.581729134063469,6.912563085462897
2023-03-01 00:00:00+05:30,1397.6185297683587,1405.5318292458812,1387.4107598361636,1401.0367431640625,5125043,0.0,0.0,1470.4213317871095,1438.8231982421876,1451.9896531104578,1449.5533598538445,37.13600542321546,-8.418308967225585,-12.264697642150786,3.8463886749252008
2023-03-02 00:00:00+05:30,1390.688544462358,1394.0598877672114,1374.1127065281696,1378.6546630859375,4644499,0.0,0.0,1465.1957153320313,1438.1227026367187,1445.005368346218,1446.7730188041228,33.424253135699296,-13.045201585289078,-13.513272208171422,0.4680706228823448
2023-03-03 00:00:00+05:30,1392.3273951584142,1395.183737206485,1379.4506494490292,1385.3505859375,4615015,0.0,0.0,1459.572088623047,1437.3220043945312,1439.3239604977687,1444.364295946608,35.501221898534666,-15.987448946493032,-13.164415655500301,-2.8230332909927305
2023-03-06 00:00:00+05:30,1399.6320097355872,1423.8402678058542,1398.3209000903332,1411.712646484375,6561742,0.0,0.0,1456.6502380371094,1437.5158544921876,1436.694311544112,1443.0838391049517,43.035962059691094,-16.00747895570271,-10.547556531767983,-5.459922423934726
2023-03-08 00:00:00+05:30,1395.8860508113924,1400.989878639518,1387.0361464232192,1397.8994140625,4137080,0.0,0.0,1453.3865600585937,1437.334169921875,1432.999559403006,1441.3119008679928,40.374475163396774,-16.94266084892911,-9.186190739995505,-7.756470108933604
2023-03-09 00:00:00+05:30,1400.0534774989967,1403.1906982137984,1380.9490459792826,1386.3807373046875,5104656,0.0,0.0,1448.231182861328,1436.6889331054688,1428.5596715841184,1439.1577375910003,38.25016427041571,-18.40114326049661,-8.515738521250405,-9.885404739246205
2023-03-10 00:00:00+05:30,1367.2761402837575,1380.6680002615576,1365.0754104557427,1378.0926513671875,3699580,0.0,0.0,1441.4205505371094,1435.9659619140625,1423.7532887063153,1436.7630283273215,36.751771059945526,-19.995287124852894,-8.08790590848535,-11.907381216367543
2023-03-13 00:00:00+05:30,1371.209495287346,1384.414104244787,1337.308581183309,1343.9576416015625,8798403,0.0,0.0,1433.298828125,1434.4216870117189,1416.1537032677672,1433.1236013968996,31.31143281049707,-23.739414440055498,-9.465626578950364,-14.273787861105134
2023-03-14 00:00:00+05:30,1349.4829529668243,1356.366136004954,1321.3882350008253,1329.816650390625,7402784,0.0,0.0,1426.3945556640624,1432.7697192382811,1407.9311268032775,1429.0723484162615,29.371702907277704,-27.53036916320866,-10.60526504168282,-16.92510412152584
2023-03-15 00:00:00+05:30,1346.673471098705,1351.2154276056997,1326.866672217267,1329.4888916015625,7556182,0.0,0.0,1418.2658203125,1430.815263671875,1400.4604377364474,1425.1671148156852,29.326355173631818,-30.212899984599062,-10.630236690458574,-19.582663294140488
2023-03-16 00:00:00+05:30,1327.7563810512163,1327.7563810512163,1309.869319640301,1314.9263916015625,7323117,0.0,0.0,1409.2310302734375,1428.59671875,1392.3143381045534,1420.8439491994452,27.308930067973368,-33.13197228073568,-10.839447189276154,-22.292525091459527
2023-03-17 00:00:00+05:30,1339.1815763954655,1351.262328164951,1321.7628738597364,1330.47216796875,9090018,0.0,0.0,1400.7511047363282,1427.2088403320313,1386.4246076154293,1417.2999577786338,32.63645425988471,-33.80130348880789,-9.20702271787869,-24.5942807709292
2023-03-20 00:00:00+05:30,1329.5357333317868,1329.5357333317868,1296.899056962954,1314.505126953125,8221829,0.0,0.0,1392.315673828125,1425.8687255859375,1379.5751332666384,1413.2687879423395,30.189129166599166,-35.214232311320984,-8.495961232313427,-26.718271079007557
2023-03-21 00:00:00+05:30,1310.1501135735837,1315.7690561621766,1301.7216996906943,1302.377197265625,8536755,0.0,0.0,1382.8688110351563,1424.7861352539062,1372.2229488855894,1408.9200981118802,28.4443834856908,-36.88739620931483,-8.135300104245815,-28.752096105069015
2023-03-22 00:00:00+05:30,1313.8962766555696,1317.8763615991093,1294.370471031391,1301.01953125,8356487,0.0,0.0,1373.9604431152343,1423.003056640625,1365.4416710155333,1404.688703332983,28.24757056396487,-37.88621425931069,-7.307294523393338,-30.578919735917353
2023-03-23 00:00:00+05:30,1296.0560938352812,1296.0560938352812,1282.9920959575372,1287.253173828125,7607718,0.0,0.0,1365.1925537109375,1421.21998046875,1357.9951474738752,1400.0833884504398,26.263230902650555,-39.335183246559154,-7.00501080851344,-32.330172438045715
2023-03-24 00:00:00+05:30,1299.848758187791,1310.1032829954124,1290.0156083600016,1292.965576171875,7559127,0.0,0.0,1357.2300354003905,1419.523056640625,1351.801854968923,1395.882689929712,28.507524531109674,-39.56646094707753,-5.789030807225451,-33.77743013985208
2023-03-27 00:00:00+05:30,1298.2102902565748,1307.1069522998118,1286.8319048851015,1300.73876953125,4170193,0.0,0.0,1349.658514404297,1417.806474609375,1346.938703974859,1392.151555796439,31.56012620395758,-38.676677784091225,-3.919398115391317,-34.75727966869991
2023-03-28 00:00:00+05:30,1303.688611500511,1309.213929201167,1288.4706384321853,1290.1094970703125,6633366,0.0,0.0,1343.4917297363281,1415.4455834960938,1341.5263985553784,1388.14990643463,29.693085106391386,-38.38671353323252,-2.9035470916260877,-35.483166441606436
2023-03-29 00:00:00+05:30,1291.4204409159593,1301.6282105568607,1277.8881984840543,1295.6815185546875,8813966,0.0,0.0,1338.6219787597656,1412.7868872070312,1337.1602195076935,1384.5236951452205,31.96525010425229,-37.27758639738772,-1.435535964625025,-35.8420504327627
2023-03-31 00:00:00+05:30,1314.83281440234,1339.1346999670975,1305.3742821195383,1337.26171875,8711975,0.0,0.0,1335.4332275390625,1410.6975756835936,1337.1698861021987,1382.6702843061921,45.99203442735579,-32.666857299337835,2.5401545067398956,-35.20701180607773
2023-04-03 00:00:00+05:30,1343.863950499421,1343.863950499421,1315.9097302114565,1321.2476806640625,5242764,0.0,0.0,1332.5628784179687,1408.1774755859376,1335.6534855842808,1380.2615547515989,42.368984290852005,-29.95966395245773,4.197878282895999,-34.15754223535373
2023-04-05 00:00:00+05:30,1311.0869561116274,1336.8404498923917,1311.0869561116274,1333.141357421875,7506334,0.0,0.0,1329.9524169921874,1406.0169970703125,1335.4142352830993,1378.4137038759234,45.784935504507445,-26.54843952105989,6.087282171435071,-32.63572169249496
2023-04-06 00:00:00+05:30,1326.070630109961,1337.6831358925422,1320.779435593794,1331.595947265625,6948465,0.0,0.0,1325.94658203125,1404.0756518554688,1335.0505888052446,1376.5777134206176,45.408315752034454,-23.696562049995237,7.15132771399978,-30.847889763995017
2023-04-10 00:00:00+05:30,1333.5157464016077,1342.9275226746292,1325.1342012444914,1336.9339599609375,4993788,0.0,0.0,1322.8983093261718,1401.8205834960938,1335.2299574867393,1375.0230564221988,47.02914763797905,-20.766314448253297,8.065260252593376,-28.831574700846673
2023-04-11 00:00:00+05:30,1338.151351122032,1342.3186882844154,1300.7853558338911,1316.84619140625,6942255,0.0,0.0,1319.42158203125,1399.0907104492187,1333.4791226219306,1372.7416107352988,41.97820828868075,-19.836326332182807,7.196198694931095,-27.032525027113902
2023-04-12 00:00:00+05:30,1323.3079968731429,1340.58620152549,1311.086749658181,1337.5894775390625,5831169,0.0,0.0,1317.3964233398438,1396.9423999023438,1333.8705849949908,1371.3630957079954,48.16873242855171,-17.22691308726303,7.844489551880699,-25.071402639143727
2023-04-13 00:00:00+05:30,1320.2175832221326,1321.435066692207,1295.1664604335588,1300.97265625,11267238,0.0,0.0,1315.2471740722656,1394.5084594726563,1330.7374489240392,1368.602686317486,40.0462946986373,-17.907182891797675,5.731375797876844,-23.638558689674518
2023-04-17 00:00:00+05:30,1170.8943052697248,1181.0552059573615,1110.0224130276456,1178.38623046875,53171705,0.0,0.0,1307.6756530761718,1389.2547509765625,1316.2278090711545,1361.1432174606728,24.905192278236957,-28.015061485971273,-3.501202237037404,-24.51385924893387
2023-04-18 00:00:00+05:30,1189.296038916163,1189.296038916163,1173.5161971974424,1179.3692626953125,12430884,0.0,0.0,1300.1696716308593,1384.1152880859374,1303.1936617972647,1354.0148270777174,25.149591259163437,-35.53666110166955,-8.818241482188547,-26.718419619481004
2023-04-19 00:00:00+05:30,1174.6870162100558,1174.6870162100558,1151.321620373869,1153.9437255859375,11307230,0.0,0.0,1292.120538330078,1378.142353515625,1288.9793821580906,1346.1689015290203,23.059230007983988,-43.05292403321573,-13.067603530987782,-29.98532050222795
2023-04-20 00:00:00+05:30,1152.5389495905642,1159.2348803248456,1143.829655496165,1145.70263671875,8621249,0.0,0.0,1282.882061767578,1371.39306640625,1275.3339778305344,1338.3074793795981,22.409079978683202,-49.108511207926995,-15.29855256455923,-33.809958643367764
2023-04-21 00:00:00+05:30,1150.1041013596518,1154.9270508901975,1142.518550242077,1149.4017333984375,8691352,0.0,0.0,1274.6268920898438,1364.424638671875,1263.3404307417632,1330.8994109097487,23.452349260340693,-52.998191325256585,-15.350586145511052,-37.64760517974553
2023-04-24 00:00:00+05:30,1150.0104453082618,1151.8834264895454,1140.6455394018426,1148.41845703125,8313774,0.0,0.0,1266.928955078125,1357.9900146484374,1252.3954808645715,1323.7432950713762,23.362426821955726,-55.520131511142154,-14.298021065117297,-41.22211044602486
2023-04-25 00:00:00+05:30,1148.090668468442,1157.0341999172645,1137.8361415616966,1147.107421875,6808576,0.0,0.0,1259.233349609375,1351.6687036132812,1242.3680466750884,1316.816398083283,23.234506778162302,-56.96788652381724,-12.596620862233905,-44.37126566158334
2023-04-26 00:00:00+05:30,1150.0103642668273,1154.6928168900636,1143.0335555852816,1149.5889892578125,5680192,0.0,0.0,1252.3501403808593,1344.8707177734375,1233.5319459686812,1310.2584604822841,24.081856406112543,-57.25500104140019,-10.306988303853487,-46.948012737546705
2023-04-27 00:00:00+05:30,1151.8833473075476,1168.5529244021643,1147.5755137502608,1167.101318359375,8020704,0.0,0.0,1246.0569274902343,1337.9266381835937,1227.2052195296997,1304.644454908837,29.957566332235952,-55.43047475457979,-6.78596961362647,-48.64450514095332
2023-04-28 00:00:00+05:30,1175.9512001745147,1179.0416648802322,1165.8839262289528,1173.1885986328125,10118277,0.0,0.0,1239.6794189453126,1331.262568359375,1222.0607794442817,1299.4893232901693,31.929700689100233,-52.88372126298373,-3.391372897624322,-49.492348365359405
2023-05-02 00:00:00+05:30,1174.8741618938295,1198.473675951063,1174.8741618938295,1196.3197021484375,8886401,0.0,0.0,1234.9899291992188,1325.8309204101563,1219.609248273249,1295.443455794415,38.96252209575213,-48.44052185079477,0.841461211651712,-49.28198306244648
2023-05-03 00:00:00+05:30,1185.597028992456,1191.684217529937,1181.944693006429,1188.5469970703125,5549783,0.0,0.0,1229.633203125,1319.7605883789063,1216.650938634874,1291.2514378052347,37.55829197881797,-45.02739882068727,3.4036673934073747,-48.43106621409464
2023-05-04 00:00:00+05:30,1188.3596544940103,1194.7747063063484,1182.3193360882024,1192.6676025390625,4505401,0.0,0.0,1222.403497314453,1313.7014965820313,1214.3668113876538,1287.3854050496986,38.81720027791523,-41.511457562319265,5.535686921420307,-47.04714448373957
2023-05-05 00:00:00+05:30,1197.7714391140978,1197.7714391140978,1174.5932975049705,1179.13525390625,5373791,0.0,0.0,1215.2978759765624,1307.2827880859375,1211.0114249608534,1283.140301083289,36.23358716050644,-39.363241281459295,6.147122561824226,-45.51036384328352
2023-05-08 00:00:00+05:30,1182.2725657925323,1189.6241087896717,1175.4830086350073,1185.2225341796875,5260842,0.0,0.0,1207.9019348144532,1301.3229638671876,1208.555340124552,1279.300388655697,38.22539773642242,-36.74598689394202,7.011501559473203,-43.75748845341522
2023-05-09 00:00:00+05:30,1185.597075154084,1191.2160186382266,1180.6336293493457,1189.99853515625,4969897,0.0,0.0,1200.8220642089843,1295.2966455078124,1206.7880253656663,1275.7983551851305,39.81386509090475,-33.895682245831495,7.889444966066982,-41.78512721189848
2023-05-10 00:00:00+05:30,1195.3366025408352,1195.3366025408352,1179.1821399903547,1183.021728515625,6515734,0.0,0.0,1193.1264526367188,1289.3733422851562,1204.524568522805,1272.1600561000519,38.26591346634363,-31.832816373249898,7.961848670918869,-39.79466504416877
2023-05-11 00:00:00+05:30,1189.5770469129602,1194.868241053851,1173.469456185083,1176.32568359375,6888461,0.0,0.0,1186.1004272460937,1283.64763671875,1201.8389604343238,1268.4018454135303,36.78758585807394,-30.388001209032154,7.525331068109288,-37.91333227714144
2023-05-12 00:00:00+05:30,1173.7503403280073,1176.232063006008,1160.358594825478,1166.117919921875,8292212,0.0,0.0,1177.5268493652343,1277.9256762695313,1198.4369565759953,1264.3907110805242,34.59351700798328,-29.72401604611605,6.551452984820315,-36.275469030936364
2023-05-15 00:00:00+05:30,1170.5195619036792,1188.312882362726,1166.5394770641556,1178.432861328125,5534710,0.0,0.0,1171.3998596191407,1272.4509497070312,1196.5318046476266,1261.0198150118028,39.29726100295799,-27.88267603653935,6.714234395517607,-34.59691043205696
2023-05-16 00:00:00+05:30,1184.660624654707,1193.042169908385,1182.5535207768626,1184.005126953125,5236469,0.0,0.0,1171.6808044433594,1267.8621484375,1195.3387877243408,1257.9996311663645,41.35247346406343,-25.677768218078654,7.135313771182645,-32.8130819892613
2023-05-17 00:00:00+05:30,1180.5400811541865,1180.8678300155434,1163.5427531280866,1167.710205078125,10465667,0.0,0.0,1171.0978515625,1263.3548217773437,1192.707494138987,1254.4588693589826,37.36814501914276,-24.957532005973462,6.284439986630268,-31.24197199260373
2023-05-18 00:00:00+05:30,1178.667068488944,1179.650429364539,1163.5427221506357,1166.8673095703125,6948732,0.0,0.0,1171.7440307617187,1258.6714331054689,1190.2465241800655,1251.0239062300152,37.168647939007386,-24.176067583938675,5.652723526932046,-29.82879111087072
2023-05-19 00:00:00+05:30,1176.279106498548,1192.433569934166,1173.2355119382144,1188.31298828125,11094136,0.0,0.0,1173.8745483398438,1254.864599609375,1190.062377903988,1248.56465454575,45.186745433698555,-21.57753199903391,6.601007289469454,-28.178539288503362
2023-05-22 00:00:00+05:30,1192.1055186838032,1213.3170510598163,1189.577040098132,1210.6949462890625,7625947,0.0,0.0,1176.939208984375,1251.3714868164063,1192.027384416852,1247.0795679474486,52.062401795570835,-17.510289155547525,8.534600106364671,-26.044889261912196
2023-05-23 00:00:00+05:30,1216.688388706321,1230.688990005352,1214.6750256238067,1217.4844970703125,7436031,0.0,0.0,1180.392510986328,1247.486923828125,1194.4518713362293,1245.918976932659,53.949483595279105,-13.582538840858206,9.969880336843193,-23.5524191777014
2023-05-24 00:00:00+05:30,1213.9727320099048,1222.1201539760011,1209.2902793126789,1216.1734619140625,4824077,0.0,0.0,1183.8458129882813,1243.8524047851563,1196.5205942484038,1244.752486147616,53.51143826074077,-10.45503881941113,10.477904286632214,-20.932943106043343
2023-05-25 00:00:00+05:30,1212.2869440400702,1223.9930752107932,1207.3703689483666,1221.5113525390625,4334121,0.0,0.0,1187.4419311523438,1240.5550170898437,1198.900666466562,1243.841069143359,55.10961609542827,-7.459757911503175,10.778548155632137,-18.238306067135312
2023-05-26 00:00:00+05:30,1223.056647965495,1239.398362197834,1223.056647965495,1233.7794189453125,5521606,0.0,0.0,1190.7758361816407,1237.6687524414062,1202.222452416919,1243.4464946257885,58.62974316370942,-4.049367197270385,11.351151095891941,-15.400518293162326
2023-05-29 00:00:00+05:30,1248.0609264704428,1248.0609264704428,1226.6621399885078,1230.9232177734375,4419365,0.0,0.0,1193.6625671386719,1235.4080639648437,1204.9558586413493,1242.955385729618,57.499258631194394,-1.5591071334797562,11.073128927746057,-12.632236061225813
2023-05-30 00:00:00+05:30,1231.485030999138,1242.1610457663946,1226.006584333136,1239.77294921875,6274719,0.0,0.0,1195.8352294921874,1233.6071899414062,1208.2717720296732,1242.8305842978193,60.06840736365019,1.1156804065346932,10.998333174208407,-9.882652767673713
2023-05-31 00:00:00+05:30,1236.027053313222,1246.5625722032387,1230.689102802692,1234.5755615234375,17800782,0.0,0.0,1198.1366577148438,1231.7089233398438,1210.776894838603,1242.5068579145102,57.856413317048954,2.7839909376145897,10.133314964230642,-7.3493240266160536
2023-06-01 00:00:00+05:30,1238.5556828638016,1245.0642467757525,1234.3882311230109,1235.6993408203125,4277841,0.0,0.0,1200.2882446289063,1230.1243823242187,1213.1504611225753,1242.2398964598358,58.21470923589131,4.148991657298666,9.198652547131775,-5.04966088983311
2023-06-02 00:00:00+05:30,1242.3428286933458,1246.0442552499076,1230.0523176388706,1232.85205078125,10909311,17.5,0.0,1202.9740844726562,1228.1719799804687,1215.0268029948302,1241.8717456489107,56.89487651293813,4.94402046125947,7.994945080874063,-3.0509246196145936
2023-06-05 00:00:00+05:30,1237.59760459587,1242.770032905285,1231.2388288894117,1238.0721435546875,5002553,0.0,0.0,1205.6165649414063,1226.6433203125,1217.221597333864,1241.7227416452158,58.74171341376125,5.926981819949788,7.182325151651505,-1.2553433317017175
2023-06-06 00:00:00+05:30,1222.9816069364476,1222.9816069364476,1208.1760167054033,1213.8704833984375,10008100,0.0,0.0,1206.8101623535156,1224.8731860351563,1216.9024436257282,1240.6304962237737,48.3901050108822,4.698947523610968,4.763432684250149,-0.06448516063918042
2023-06-07 00:00:00+05:30,1224.7848375587337,1228.1066096869442,1217.1922155513955,1223.313720703125,5397578,0.0,0.0,1208.8247619628905,1223.3190698242188,1217.5130414426233,1239.9514069876698,51.94830508184265,4.436569811199661,3.6008439774710728,0.8357258337285879
2023-06-08 00:00:00+05:30,1220.703822624761,1226.208520218204,1215.863549005271,1217.47705078125,5034942,0.0,0.0,1210.8823303222657,1221.9235473632812,1217.5096137605876,1239.0700596854572,49.668953534722384,3.7148407286626934,2.3032919159472844,1.411548812715409
2023-06-09 00:00:00+05:30,1217.1923928289243,1217.1923928289243,1199.6344518797357,1201.485107421875,5339073,0.0,0.0,1212.6506896972655,1220.0939379882811,1215.983470299758,1237.596139988846,43.97554958633087,1.8313385216122242,0.335831767117452,1.4955067544947722
2023-06-12 00:00:00+05:30,1208.6504514414398,1229.719930048322,1208.175912591247,1226.160888671875,4785588,0.0,0.0,1215.037091064453,1218.6023803710937,1216.9527482399594,1237.1476987607296,52.939472811387255,2.3032285899159888,0.6461774683369732,1.6570511215790156
2023-06-13 00:00:00+05:30,1233.706285920123,1239.9701763842843,1231.0014372940336,1238.4041748046875,4846587,0.0,0.0,1217.7570434570312,1217.5682739257813,1218.995741246124,1237.1969723310808,56.64595500781176,3.6233678096955373,1.5730533504932174,2.05031445920232
2023-06-14 00:00:00+05:30,1239.8278752926387,1240.160029382451,1227.3474778998798,1234.180908203125,3457981,0.0,0.0,1221.0805786132812,1216.33826171875,1220.4419476229812,1237.078695306455,55.03573548794657,4.279474218119731,1.7833278071339285,2.4961464109858023
2023-06-15 00:00:00+05:30,1228.059128772096,1228.059128772096,1217.3346195305912,1221.2733154296875,6161155,0.0,0.0,1223.80087890625,1214.0184936523438,1220.521125509334,1236.4588764877583,50.327055792019635,3.715083243156414,0.9751494657364894,2.7399337774199246
2023-06-16 00:00:00+05:30,1221.4633511690597,1235.2249817766365,1215.8163835717862,1225.8765869140625,8536287,0.0,0.0,1225.6790588378906,1212.1110717773438,1221.0311694526417,1236.0438847397704,51.90735405504732,3.597771990948104,0.6862705708225434,2.9115014201255605
2023-06-19 00:00:00+05:30,1228.1068115234375,1233.3267400113657,1221.510766412205,1228.1068115234375,4451787,0.0,0.0,1226.5496520996094,1210.010380859375,1221.705040126051,1235.732626966581,52.692616428008456,3.642770870553477,0.5850155603423328,3.057755310211144
2023-06-20 00:00:00+05:30,1228.1067213313888,1238.5465775405428,1225.3543724326753,1237.028076171875,4009180,0.0,0.0,1227.5268310546876,1208.1190234375,1223.16437689232,1235.7834288962003,55.80151131357746,4.348181179856965,1.0323406957166568,3.3158404841403084
2023-06-21 00:00:00+05:30,1233.7537497317826,1237.4077922708432,1229.055860544753,1233.184326171875,4041529,0.0,0.0,1228.377374267578,1206.0440307617187,1224.118657776087,1235.6815032991678,54.150341638788596,4.544677220708763,0.9830693892547635,3.561607831454
2023-06-22 00:00:00+05:30,1223.740886657653,1223.740886657653,1208.6505271059807,1216.2906494140625,6676607,0.0,0.0,1228.1163391113282,1204.032919921875,1223.37313317018,1234.921077656615,47.49799662550396,3.2991921868988356,-0.20993251564413162,3.5091247025429673
2023-06-23 00:00:00+05:30,1211.4503912779653,1214.2027402501333,1199.017494449738,1200.58349609375,7239467,0.0,0.0,1226.45654296875,1201.2928002929686,1221.2026915438532,1233.5745058306204,42.29535165582199,1.0327949048073606,-1.9810638381884855,3.013858742995846
2023-06-26 00:00:00+05:30,1205.5661261290436,1209.1251680286568,1197.9735034098685,1205.6610107421875,3403244,0.0,0.0,1225.1934326171875,1199.3865673828125,1219.7225314675043,1232.4798589644074,44.41491103924706,-0.34959832037247907,-2.6907656506946602,2.341167330322181
2023-06-27 00:00:00+05:30,1214.8197545958758,1216.717910462432,1209.3150562411674,1214.0130615234375,3240024,0.0,0.0,1223.9054382324218,1200.0991040039062,1219.1787724252122,1231.7556708294676,47.810716108166815,-0.7624254479167121,-2.4828742225911147,1.7204487746744026
2023-06-28 00:00:00+05:30,1224.3104803974434,1230.669255930682,1216.148433698974,1227.4898681640625,5662358,0.0,0.0,1223.5511535644532,1201.0615161132812,1219.9703053527217,1231.588384450432,52.819429588263965,-0.0021040016074493906,-1.3780422210254817,1.3759382194180323
2023-06-30 00:00:00+05:30,1241.5836573675615,1270.7204182911055,1238.024615257097,1267.4935302734375,12821692,0.0,0.0,1225.1408630371093,1203.3325122070312,1224.496326773742,1232.9964293846674,63.89584963056768,3.784788741423654,1.9270804176044973,1.8577083238191565
2023-07-03 00:00:00+05:30,1262.2734926096066,1277.4587376334816,1260.8023756562286,1265.7850341796875,7732412,0.0,0.0,1226.7875122070313,1205.73416015625,1228.4285846219275,1234.2822570236879,63.2132854157796,6.5723057178990985,3.7716779152639535,2.800627802635145
2023-07-04 00:00:00+05:30,1275.8454066036068,1277.4587926151432,1263.60227910532,1276.652099609375,5797775,0.0,0.0,1228.7165100097657,1208.2791674804687,1233.0213003350177,1235.9438194780287,65.72155899249893,9.548248104481672,5.398096241477222,4.15015186300445
2023-07-05 00:00:00+05:30,1288.7053287056738,1288.800213319331,1272.7133901877326,1278.692626953125,5414936,0.0,0.0,1231.9576171875,1210.8846508789063,1237.3709504891233,1237.6202433005815,66.18775942380445,11.933792063220153,6.226912160172562,5.706879903047591
2023-07-06 00:00:00+05:30,1274.184466363292,1278.834854971563,1269.0594229934848,1275.4656982421875,5963897,0.0,0.0,1234.5652160644531,1213.45181640625,1240.999021703701,1239.1043787884876,64.68939877216266,13.409391540410752,6.162009309890529,7.247382230520223
2023-07-07 00:00:00+05:30,1266.0697988565291,1277.268963359019,1257.8602526271318,1262.4632568359375,6295647,0.0,0.0,1236.8145263671875,1215.7093017578125,1243.0432345734378,1240.020413221721,58.90314616290395,13.375442625000005,4.902448315583825,8.47299430941618
2023-07-10 00:00:00+05:30,1268.489873104064,1273.5674157356068,1252.11828243282,1261.4666748046875,3940315,0.0,0.0,1239.8136047363282,1217.5966088867187,1244.797847928795,1240.8614430877196,58.47144725631678,13.116918354023028,3.715139235685479,9.401779118337549
2023-07-11 00:00:00+05:30,1265.5478387081876,1282.1093170430452,1259.4263327917745,1279.9263916015625,6126128,0.0,0.0,1242.5018798828125,1219.7313647460937,1248.1434235166776,1242.3934018529683,63.76840570393631,14.237460298118776,3.868544943824981,10.368915354293796
2023-07-12 00:00:00+05:30,1282.2042725248696,1283.058465825453,1259.426402398595,1265.4056396484375,8102770,0.0,0.0,1243.851953125,1221.1130834960939,1249.7874441006547,1243.2958425508298,57.55006718385183,13.79477693272429,2.740689262744395,11.054087669979895
2023-07-13 00:00:00+05:30,1266.9240762093295,1306.6904622705142,1263.0802644808616,1295.586181640625,9977644,0.0,0.0,1246.922216796875,1223.2538671875,1254.149228628271,1245.346444083763,65.1555246637336,15.698304404424562,3.715373387555733,11.982931016868829
2023-07-14 00:00:00+05:30,1310.344366986501,1357.181336078214,1310.344366986501,1353.3375244140625,12833381,0.0,0.0,1253.5254272460938,1226.467265625,1263.5957329888224,1249.5813884104414,74.55131657289853,21.617718748459083,7.707830185272202,13.90988856318688
2023-07-17 00:00:00+05:30,1353.3373455004703,1384.656910654081,1342.280682606886,1350.4901123046875,11569884,0.0,0.0,1259.756103515625,1229.8943627929686,1271.871388161762,1253.5385932690392,73.49898231066125,25.781936784223035,9.497638576828923,16.284298207394112
2023-07-18 00:00:00+05:30,1360.977628992627,1402.689553916086,1356.232239770198,1400.07958984375,16743977,0.0,0.0,1268.3547424316407,1234.19150390625,1284.0816930838562,1259.2852990170672,79.04629964626186,32.706545285054744,13.137797662128506,19.56874762292624
2023-07-19 00:00:00+05:30,1410.3296414156002,1422.4778838610052,1386.3179262126616,1399.84228515625,13687062,0.0,0.0,1276.4954528808594,1238.38837890625,1295.1065113764653,1264.797337689192,78.96112011877165,37.74015390425279,14.537125025061243,23.20302887919155
2023-07-20 00:00:00+05:30,1396.0935284291188,1396.0935284291188,1367.3364230042164,1375.6883544921875,8347221,0.0,0.0,1283.620654296875,1242.2417114257812,1302.7809726255819,1269.1460050147998,70.61960144811692,39.32696785316648,12.899151179179945,26.427816673986534
2023-07-21 00:00:00+05:30,1252.9724819521573,1281.2550471115694,1238.5465455411838,1263.7919921875,45548305,0.0,0.0,1285.9957214355468,1243.9910375976563,1299.0677363933835,1268.9360437274547,46.246031924599116,31.195822041221618,3.8144042937880656,27.381417747433552
2023-07-24 00:00:00+05:30,1272.713318970938,1281.1601344899118,1266.3070438754469,1268.537353515625,8859789,0.0,0.0,1289.3934143066406,1246.0394262695313,1296.160080881216,1268.9204088171869,47.08019339238626,24.848305604577035,-2.0264897142852156,26.87479531886225
2023-07-25 00:00:00+05:30,1268.9170922496144,1274.4691745310197,1256.8163495972713,1266.6392822265625,6801982,0.0,0.0,1292.4423278808595,1247.8035546875,1293.3485762474395,1268.8309528724567,46.76757654577666,19.44059552312592,-5.947359836589065,25.387955359714987
2023-07-26 00:00:00+05:30,1274.611613770737,1281.2551590398325,1271.1949565174775,1280.1636962890625,5528885,0.0,0.0,1295.7498596191406,1249.7267260742187,1292.0928733942608,1269.275374182912,49.34839792830916,16.061111019588907,-7.461475472100865,23.522586491689772
2023-07-27 00:00:00+05:30,1289.4171790586518,1294.352453525993,1278.4553991042765,1284.2447509765625,9191861,0.0,0.0,1298.5876037597657,1252.0574169921874,1291.345433164004,1269.8624085669767,50.13403964627452,13.555888366309546,-7.97335850030418,21.529246866613725
2023-07-28 00:00:00+05:30,1284.9090580635998,1294.399836814824,1267.9680411635118,1272.2388916015625,6122735,0.0,0.0,1298.8248718261718,1254.1648486328124,1289.5257625390095,1269.9556039800977,47.785834446030336,10.480891655150117,-8.83868416917089,19.319575824321007
2023-07-31 00:00:00+05:30,1280.0687502059716,1288.3731813935915,1265.3580435307597,1286.664794921875,7902180,0.0,0.0,1299.8688598632812,1256.131884765625,1289.2532894326157,1270.6108663699715,50.76964186222383,9.103050147398562,-8.173220541537955,17.276270688936517
2023-08-01 00:00:00+05:30,1292.644149289172,1299.2876948435216,1287.8987596074935,1295.68115234375,6064652,0.0,0.0,1300.8203125,1257.8316088867186,1289.8654668527238,1271.5940148395316,52.59310401277966,8.639059812900769,-6.909768700828598,15.548828513729367
2023-08-02 00:00:00+05:30,1299.572314037208,1302.0872775937985,1279.7839486732953,1287.7562255859375,7419145,0.0,0.0,1301.2734924316405,1259.2370434570312,1289.6645867320776,1272.2278270256652,50.81164500186019,7.544895908464014,-6.403146084212283,13.948041992676297
2023-08-03 00:00:00+05:30,1281.2550452536098,1296.9623293722975,1280.3059674423107,1294.826904296875,6503741,0.0,0.0,1302.241552734375,1260.8101123046874,1290.1562360239632,1273.1140653500265,52.36206889518414,7.165706012601731,-5.425868784059652,12.591574796661384
2023-08-04 00:00:00+05:30,1299.1927592188438,1315.3270835031713,1292.6440985443578,1308.1614990234375,5712345,0.0,0.0,1304.52646484375,1262.543115234375,1291.8710229762942,1274.4884745136897,55.22820035544239,7.850687798730405,-3.792709598344784,11.643397397075189
2023-08-07 00:00:00+05:30,1317.22515587959,1323.9635853654431,1306.8801842639537,1322.0654296875,3729093,0.0,0.0,1307.5564025878907,1264.3088354492188,1294.7466807583137,1276.3542374616823,58.061537009427475,9.407033378742653,-1.7890912146660298,11.196124593408683
2023-08-08 00:00:00+05:30,1321.9231607192771,1322.5875847773373,1313.9034986186628,1319.4080810546875,4161877,0.0,0.0,1309.5304870605469,1266.0785327148437,1297.0953855484445,1278.0426234849374,57.314989465480004,10.307207564696,-0.7111336229701468,11.018341187666147
2023-08-09 00:00:00+05:30,1313.523853478859,1324.9127886246297,1312.100236585638,1323.394287109375,4090828,0.0,0.0,1312.4299194335938,1267.7509594726562,1299.6000428399618,1279.8211200976605,58.183573321938944,11.212999132814502,0.15572635611868435,11.057272776695818
2023-08-10 00:00:00+05:30,1320.73670828861,1324.7229047572628,1315.0422412084458,1318.364013671875,3873025,0.0,0.0,1313.5688110351562,1269.426728515625,1301.3870876810965,1281.3326061201788,56.6178807125275,11.39360605147931,0.26906661982679303,11.124539431652517
2023-08-11 00:00:00+05:30,1321.116497444652,1325.7195023001016,1297.4370490943627,1301.9925537109375,5783517,0.0,0.0,1311.0015625,1270.7525927734375,1301.44475111251,1282.1428001433458,51.73813304123573,10.099280124187544,-0.8202074459719793,10.919487570159523
2023-08-14 00:00:00+05:30,1301.9923447610038,1323.9635187993792,1296.060608565666,1322.58740234375,4304135,0.0,0.0,1309.606427001953,1272.5472998046876,1303.4583369440566,1283.7288629747343,56.784087445693324,10.613009500873886,-0.24518245542850892,10.858191956302395
2023-08-16 00:00:00+05:30,1338.9589930586214,1347.642962157537,1333.833949819538,1346.266845703125,7735313,0.0,0.0,1306.915789794922,1274.7111938476562,1307.5353377782535,1286.1813328856515,61.7375566918031,12.78351649417209,1.540259630295754,11.243256863876336
2023-08-17 00:00:00+05:30,1347.6905600057007,1347.6905600057007,1334.4034699774754,1339.6708984375,5618346,0.0,0.0,1303.9072204589843,1277.2272021484375,1310.5958673648483,1288.2789629072927,59.68533721973998,13.812202630191678,2.0551566130522723,11.757046017139405
2023-08-18 00:00:00+05:30,1332.220389403959,1336.9657781470864,1315.5641444281114,1318.0792236328125,5134103,0.0,0.0,1301.0267639160156,1279.1225122070311,1311.3085679617973,1289.4476005828033,53.42480634313176,12.738336483050034,0.7850323727285033,11.95330411032153
2023-08-21 00:00:00+05:30,1318.9808933993695,1335.3524857081586,1316.513314251209,1333.833984375,3032722,0.0,0.0,1304.5288635253905,1281.4496508789061,1313.4538457154356,1291.1882430844582,56.97139590857262,13.008612165059048,0.8442464437900128,12.164365721269036
2023-08-22 00:00:00+05:30,1333.1696440453838,1334.450991859419,1325.5296366677576,1332.26806640625,2890714,0.0,0.0,1307.715399169922,1284.0653100585937,1315.245676257418,1292.799216548058,56.51078998386865,12.947203791176435,0.6262704559259173,12.320933335250517
2023-08-23 00:00:00+05:30,1343.8943964093403,1344.4638200166314,1334.071462657282,1336.2542724609375,2559125,0.0,0.0,1311.1961486816406,1286.267177734375,1317.2464949434673,1294.503336387779,57.453784176787664,13.069533282768589,0.5988799580144555,12.470653324754133
2023-08-24 00:00:00+05:30,1349.1141374590973,1352.483410102568,1342.4230924054214,1351.107177734375,5171963,0.0,0.0,1314.7433227539063,1288.5212377929688,1320.4713218759348,1296.7230948719593,60.85936878912053,14.201282071124751,1.3845029970964937,12.816779074028258
2023-08-25 00:00:00+05:30,1341.047092442583,1350.063332625318,1339.528590951075,1347.7855224609375,4307172,0.0,0.0,1317.920361328125,1290.793330078125,1323.0726743126017,1298.7255430127036,59.708320815840146,14.661166518011441,1.4755099551865456,13.185656562824896
2023-08-28 00:00:00+05:30,1347.7854840441626,1352.2462196252268,1339.5285527696528,1343.5621337890625,3133464,0.0,0.0,1321.4865234375,1293.2391064453125,1325.024051405598,1300.4838406902081,58.20106121241138,14.517487526584773,1.0654647710079015,13.452022755576872
2023-08-29 00:00:00+05:30,1351.4868261107931,1351.8664804125688,1343.2298953547568,1345.460205078125,3074444,0.0,0.0,1324.4262939453124,1295.6307788085937,1326.9703517553626,1302.2476196858127,58.7055838812183,14.390890157197646,0.7510939212966186,13.639796235901027
2023-08-30 00:00:00+05:30,1354.333962815741,1363.4925863658225,1351.4867295372214,1362.0689697265625,3070887,0.0,0.0,1327.7456848144532,1298.3100219726562,1330.3130772764293,1304.5935549815285,62.922852268453916,15.452621134252013,1.4502599186807892,14.002361215571224
2023-08-31 00:00:00+05:30,1362.0691059218414,1371.3226150023013,1355.900099868201,1362.353759765625,9792735,0.0,0.0,1331.4755615234376,1300.8165356445313,1333.364570846829,1306.858661051493,62.99264338128751,16.1310816905102,1.7029763799511812,14.428105310559019
2023-09-01 00:00:00+05:30,1358.082922196826,1372.366590381703,1355.4729580726562,1370.3260498046875,3582133,0.0,0.0,1335.2505187988281,1303.5593701171874,1336.8847116999586,1309.3475782575008,64.97990092765315,17.11477527256943,2.1493359696083285,14.965439302961103
2023-09-04 00:00:00+05:30,1369.5194199781222,1395.1445234704363,1361.6420270073086,1390.4940185546875,4609014,0.0,0.0,1339.3671447753907,1307.0434375,1341.9903599718375,1312.5297916024886,69.44931681962511,19.29927601039276,3.467069365945324,15.832206644447435
2023-09-05 00:00:00+05:30,1390.3991028092184,1404.6827713333548,1382.3319407792674,1403.59130859375,5496840,0.0,0.0,1343.4434387207032,1311.10359375,1347.8571169834481,1316.100831484499,71.95270580553245,21.835642733907207,4.802748871567818,17.03289386233939
2023-09-06 00:00:00+05:30,1406.4384315927011,1407.3875094039042,1388.7856074751687,1402.2149658203125,5075786,0.0,0.0,1347.5837829589843,1315.0346728515624,1353.0340549679113,1319.4778563604132,71.29159299155556,23.464191680843214,5.145038254803062,18.319153426040153
2023-09-07 00:00:00+05:30,1395.7138073410729,1398.3712715567144,1387.599261559934,1391.537841796875,4411743,0.0,0.0,1350.9909606933593,1318.5851684570312,1356.7010822849554,1322.3037381422353,66.20929884284615,23.620985757845574,4.2414658654443365,19.379519892401238
2023-09-08 00:00:00+05:30,1388.9754188545974,1399.6525445547095,1385.843415640873,1394.7647705078125,3125838,0.0,0.0,1354.8109985351562,1321.9306665039062,1360.326195449037,1325.145347254611,66.97555982072659,23.732063911835667,3.482035215547544,20.250028696288123
2023-09-11 00:00:00+05:30,1394.7648308962373,1402.784608504087,1389.9245568734652,1401.2659912109375,4182226,0.0,0.0,1359.7746704101562,1324.6061157226563,1364.225223616837,1328.1304705470159,68.52418634529077,24.067255981315384,3.0537818280218083,21.013474153293576
2023-09-12 00:00:00+05:30,1407.0079414013696,1427.4131155936998,1401.8828977357057,1424.6607666015625,6793161,0.0,0.0,1364.8783386230468,1327.7836303710938,1369.9809896153822,1331.9159723530765,73.36456820318956,25.92185001584312,3.9267006900396346,21.995149325803485
2023-09-13 00:00:00+05:30,1428.3621721582897,1428.3621721582897,1412.8447723957215,1422.05078125,4804686,0.0,0.0,1368.6675354003905,1330.6916040039061,1374.9400173901076,1335.4506707411913,72.03367831808303,26.871269872219045,3.9008964371324453,22.9703734350866
2023-09-14 00:00:00+05:30,1428.3621131550806,1435.5276970079474,1422.8100311020337,1430.2127685546875,6444213,0.0,0.0,1373.19462890625,1333.7220068359375,1380.2040889295913,1339.1668314397598,73.64387820858099,27.959990742719583,3.9916938461063864,23.968296896613197
2023-09-15 00:00:00+05:30,1440.7002202288666,1441.0798745512886,1432.1585193184187,1434.6260986328125,8657816,0.0,0.0,1379.02197265625,1336.90521484375,1385.3871374727553,1342.9103321139971,74.49886448076565,28.84640532563799,3.902486743219832,24.943918582418156
2023-09-18 00:00:00+05:30,1428.267370107953,1428.267370107953,1412.2279302561053,1415.83447265625,3991916,0.0,0.0,1383.1219970703125,1339.9726391601562,1388.2868836807072,1345.7701023313402,64.85204900898565,27.713108635199887,2.2153520422253834,25.497756592974504
2023-09-20 00:00:00+05:30,1401.0288118911135,1418.9664081689937,1401.0288118911135,1414.3634033203125,4169337,0.0,0.0,1387.2267639160157,1343.0305737304689,1390.7703617416219,1348.460035703457,64.15172961343504,26.392028960505968,0.715417894025169,25.6766110664808
2023-09-21 00:00:00+05:30,1410.8517724894757,1427.935174373475,1400.838954487993,1425.2777099609375,6779195,0.0,0.0,1391.6779357910157,1345.9376000976563,1394.0567758577472,1351.4724935174756,66.99911185486677,25.9268881045366,0.20022163044464136,25.72666647409196
2023-09-22 00:00:00+05:30,1415.929309642692,1430.2128621969134,1409.5704183462783,1419.962890625,5455613,0.0,0.0,1395.1207214355468,1349.0287451171876,1396.5240248832,1354.1583914432608,64.31994199955759,24.843024203636105,-0.7069138163646862,25.54993802000079
2023-09-25 00:00:00+05:30,1413.9837290940338,1413.9837290940338,1396.615672509019,1399.083251953125,4217863,0.0,0.0,1397.6856079101562,1351.0986865234374,1396.7677607946214,1355.9201506789418,55.01284090933923,22.045119496016014,-2.8038548191878228,24.848974315203836
2023-09-26 00:00:00+05:30,1403.8285706791507,1404.540379089813,1384.704628208509,1386.2706298828125,3996528,0.0,0.0,1399.8210327148438,1351.7573486328124,1395.7680340411157,1357.110365549682,50.211407570250046,18.579712970237324,-5.0154090759732135,23.595122046210538
2023-09-27 00:00:00+05:30,1381.857384596541,1394.7648205125847,1376.210417587719,1392.2972412109375,3863586,0.0,0.0,1402.1628845214843,1352.5934912109376,1395.4374823430035,1358.490243026594,52.319396962844955,16.133671576269762,-5.969160375952622,22.102831952222385
2023-09-28 00:00:00+05:30,1393.1513579600842,1397.6119773813948,1361.9266744482306,1366.1500244140625,5814602,0.0,0.0,1402.3669372558593,1351.9148999023437,1392.6482006354854,1358.7906266104164,43.67875863326564,11.947580009435796,-8.12420155422927,20.071781563665066
2023-09-29 00:00:00+05:30,1359.1743721242103,1373.125886096519,1343.8942418391173,1362.353759765625,6068968,0.0,0.0,1402.3669372558593,1351.1651293945313,1389.763015790737,1358.9303573223854,42.57925454702626,8.228887955096297,-9.474314886855016,17.703202841951313
2023-10-03 00:00:00+05:30,1362.9233171016476,1363.8248947335087,1347.9753406979924,1360.9776611328125,4181867,0.0,0.0,1401.8995178222656,1350.8709155273436,1387.0215534423633,1359.0106437463237,42.16491578515427,5.111832033493556,-10.073096646766206,15.184928680259763
2023-10-04 00:00:00+05:30,1352.4359043163458,1376.115349773036,1345.9821287470402,1370.800537109375,4510406,0.0,0.0,1400.91484375,1353.0110864257813,1385.4766947439834,1359.4729925056592,46.190166528330586,3.3950309530632694,-9.431918181757196,12.826949134820465
2023-10-05 00:00:00+05:30,1378.0610831205893,1400.506798175597,1376.3526965932092,1388.927978515625,7384621,0.0,0.0,1400.1816772460938,1355.4188989257811,1385.8053884365206,1360.6280899962462,52.728717113222665,3.4573327719933786,-7.495693090261671,10.95302586225505
2023-10-06 00:00:00+05:30,1394.6698973295106,1408.906065046382,1388.7856610148956,1403.4013671875,3598672,0.0,0.0,1400.2409973144531,1358.154140625,1387.4811959366139,1362.305473415511,57.20046479854049,4.621317250427182,-5.065366889462295,9.686684139889477
2023-10-09 00:00:00+05:30,1390.3041925325829,1415.0751017259531,1387.7416127754695,1400.31689453125,3567552,0.0,0.0,1400.679949951172,1360.5572045898436,1388.7036434218173,1363.796117380834,55.98498744837825,5.234551518782155,-3.5617060968858585,8.796257615668013
2023-10-10 00:00:00+05:30,1408.3367891089576,1420.7696870472064,1394.290389147823,1419.013916015625,5688951,0.0,0.0,1401.8924072265625,1363.252587890625,1391.5903360497991,1365.961521248865,61.34677100083741,7.146852998226677,-1.3195236939530695,8.466376692179747
2023-10-11 00:00:00+05:30,1420.769458978731,1440.9373621205468,1406.0112529262074,1418.3018798828125,7220129,0.0,0.0,1402.7442016601562,1366.17384765625,1394.1342926053242,1368.0140843325494,61.041805922514826,8.506848676675645,0.03237758759671827,8.474471089078927
2023-10-12 00:00:00+05:30,1415.9292125939835,1427.79268525823,1378.060984678864,1390.87353515625,11081662,0.0,0.0,1401.0548400878906,1368.2580224609376,1393.823744276841,1368.9105333844593,50.60566791807167,7.287412108365288,-0.949647184570912,8.2370592929362
2023-10-13 00:00:00+05:30,1333.454417488394,1364.77398743652,1328.7090281023145,1358.2728271484375,17973439,0.0,0.0,1397.8659423828126,1369.5098559570313,1390.4379426455644,1368.4933684340272,41.51957016796625,3.648339376349213,-3.67097593326959,7.319315309618803
2023-10-16 00:00:00+05:30,1359.1743392210635,1370.0887342825165,1357.1812989459045,1361.1199951171875,4850745,0.0,0.0,1394.4113037109375,1370.9771313476563,1387.6457571666713,1368.2042165392493,42.49072148428098,0.982762009725775,-5.069242639914423,6.052004649640198
2023-10-17 00:00:00+05:30,1366.909389500319,1379.3422863103474,1364.821464547514,1368.997314453125,3923764,0.0,0.0,1391.129864501953,1372.4605395507813,1385.8697150034764,1368.2353184182248,45.20210093944314,-0.4884627266108055,-5.232373901000803,4.743911174389997
2023-10-18 00:00:00+05:30,1368.570330479165,1379.959265268173,1365.1061729766614,1367.1942138671875,4264837,0.0,0.0,1388.6978515625,1373.6411938476563,1384.0910958476393,1368.1944907887723,44.682800189398634,-1.7794022365603723,-5.218650728760296,3.4392484921999236
2023-10-19 00:00:00+05:30,1353.4798021442552,1366.339852435891,1353.4798021442552,1360.6453857421875,6795691,0.0,0.0,1386.0119506835938,1374.41279296875,1381.8581710756914,1367.898447453612,42.76130373170009,-3.292957631973195,-5.385764899338495,2.0928072673653
2023-10-20 00:00:00+05:30,1357.1812530105972,1365.248414304716,1352.6731334638837,1354.5712890625,3928622,0.0,0.0,1382.476629638672,1375.1160571289063,1379.2594204077684,1367.3758137912155,41.00018819795334,-4.925808373403015,-5.614892512614652,0.6890841392116371
2023-10-23 00:00:00+05:30,1353.005279289947,1359.4115543962955,1333.691569362393,1336.91845703125,2636516,0.0,0.0,1378.3244079589845,1375.3865405273436,1375.2269477052428,1366.1814076437659,36.31869385000553,-7.55717594398584,-6.597008066557981,-0.9601678774278583
2023-10-25 00:00:00+05:30,1344.9458943551224,1348.3587775546555,1308.7025815988666,1317.114501953125,6940777,18.0,0.0,1374.2259704589844,1375.3615502929688,1369.692429062184,1364.2572152637408,31.915903343367358,-11.112469734076967,-8.121841485319287,-2.9906282487576803
2023-10-26 00:00:00+05:30,1302.6940498987915,1320.9118187987838,1300.819322975117,1306.9239501953125,6357656,0.0,0.0,1370.2586364746094,1375.4601782226562,1363.7144786939105,1362.008851927724,29.90681768637151,-14.584239997773466,-9.27488939921263,-5.309350598560838
2023-10-27 00:00:00+05:30,1310.9616547992175,1331.4867153521186,1310.9616547992175,1327.016357421875,4634358,0.0,0.0,1366.9945922851562,1375.5487573242187,1360.2194195251452,1360.63659724122,38.171043659232275,-15.535272647863394,-8.180737639442045,-7.354535008421349
2023-10-30 00:00:00+05:30,1327.0162969362996,1327.0162969362996,1310.4327988908606,1323.8438720703125,2667696,0.0,0.0,1364.8792846679687,1375.1002978515626,1356.755081672304,1359.1937452737336,37.42081782059976,-16.356419308909153,-7.201507440390243,-9.15491186851891
2023-10-31 00:00:00+05:30,1326.6317393233992,1327.7854443916494,1310.3366967492134,1315.528076171875,3451595,0.0,0.0,1362.5380004882813,1374.61744140625,1352.8287001960725,1357.4813660932687,35.453794170093985,-17.47673822545653,-6.657461085550095,-10.819277139906434
2023-11-01 00:00:00+05:30,1319.9985056410244,1324.228405726366,1299.4253296877127,1301.8287353515625,3090672,0.0,0.0,1359.5805541992188,1374.292431640625,1347.9715606870716,1355.298909985751,32.429544206561154,-19.24814076710186,-6.743090901756338,-12.505049865345521
2023-11-02 00:00:00+05:30,1317.0663434741273,1323.1229728710375,1309.0389917857558,1317.2105712890625,3758060,0.0,0.0,1356.901055908203,1373.9599633789062,1345.041942649166,1353.8052496447042,38.747439192947816,-19.189598686287127,-5.347639056753284,-13.841959629533843
2023-11-03 00:00:00+05:30,1326.7281102555007,1338.2163429825457,1324.516929988651,1335.38037109375,3349045,0.0,0.0,1354.2236755371093,1374.0222094726562,1344.1217929772215,1353.082705387804,45.25859576835189,-17.475604778878733,-2.9069161194759108,-14.568688659402822
2023-11-06 00:00:00+05:30,1340.0430044149878,1352.877168328979,1337.062804597903,1349.079833984375,2736381,0.0,0.0,1351.5075988769531,1374.278720703125,1344.5939873588552,1352.9257300386498,49.608034968361565,-14.8407452216411,-0.21764524979062294,-14.623099971850477
2023-11-07 00:00:00+05:30,1345.9072328244042,1351.5792939192097,1340.9561934614692,1350.0411376953125,2272209,0.0,0.0,1348.9938110351563,1374.2573999023436,1345.112763581375,1352.8126087702838,49.90879530967951,-12.530586067700597,1.6740111233199038,-14.2045971910205
2023-11-08 00:00:00+05:30,1350.71407754159,1350.71407754159,1332.8807593271897,1337.2550048828125,3550635,0.0,0.0,1344.9058654785156,1374.0467895507813,1344.3644056100834,1352.2025066570495,45.978065057082325,-11.597810019681901,2.0854297370708785,-13.68323975675278
2023-11-09 00:00:00+05:30,1341.9656288206843,1343.5037849964333,1317.1144373775558,1321.680908203125,5498051,0.0,0.0,1340.0748168945313,1373.6091650390624,1342.2040725237064,1351.0055812274838,41.67282443803494,-11.97721188221044,1.3648222996338717,-13.342034181844312
2023-11-10 00:00:00+05:30,1317.0182905327597,1320.0947204325528,1308.4141445326438,1315.9608154296875,2943649,0.0,0.0,1336.3291809082032,1373.0191772460937,1339.7047147052283,1349.631276686394,40.184524505483324,-12.594275307631506,0.5982070993702457,-13.192482407001751
2023-11-13 00:00:00+05:30,1326.535760188536,1329.0352787241643,1317.8834993971936,1320.479248046875,3462092,0.0,0.0,1334.439501953125,1372.1873828125,1337.8737178806234,1348.488059877001,41.94821559269455,-12.573760286203878,0.4949776966382995,-13.068737982842178
2023-11-15 00:00:00+05:30,1344.945798877282,1359.366232746588,1339.1776253295595,1356.00146484375,8551860,0.0,0.0,1334.183575439453,1372.0603369140624,1339.60016997235,1348.7827032090304,53.5450165728598,-9.5807154362044,2.7904180373102214,-12.371133473514622
2023-11-16 00:00:00+05:30,1361.3851069731406,1397.2439671097416,1356.097614410863,1389.0723876953125,6673907,0.0,0.0,1335.1873291015625,1372.435263671875,1344.3118097554893,1350.3626908359433,61.29678231655124,-4.4884190392285745,6.306171547428837,-10.794590586657412
2023-11-17 00:00:00+05:30,1385.3712378944508,1394.9367461730697,1379.6030638923569,1382.0064697265625,4901251,0.0,0.0,1335.9279418945312,1372.2655126953125,1347.901777371782,1351.6036233414577,59.03031032138253,-1.0112410272622583,7.826679647516125,-8.837920674778383
2023-11-20 00:00:00+05:30,1386.2843973217946,1395.8980200494077,1378.2570458149964,1381.093017578125,3584210,0.0,0.0,1336.9503234863282,1371.815546875,1351.0628478676242,1352.7600701742683,58.72799528411819,1.6516998765655444,8.391696441075142,-6.739996564509598
2023-11-21 00:00:00+05:30,1386.2843552855172,1393.9752532343966,1381.237203506565,1383.4002685546875,3793135,0.0,0.0,1338.3917724609375,1371.4392529296874,1354.1426022187732,1353.9616465813438,59.295050853355754,3.903281005882036,8.514622056313307,-4.611341050431271
2023-11-22 00:00:00+05:30,1380.7083593300426,1402.5793496118126,1380.7083593300426,1401.473876953125,3108786,0.0,0.0,1341.6195434570313,1371.6379736328124,1358.6503426696638,1355.8248713018058,63.52294876304549,7.064627791337216,9.34077507341479,-2.2761472820775737
2023-11-23 00:00:00+05:30,1411.1837023014712,1411.1837023014712,1391.7641139980717,1393.2542724609375,3186928,0.0,0.0,1345.426531982422,1371.607763671875,1361.9459550307377,1357.292690955105,60.4479187163978,8.805262916846004,8.865128159138862,-0.059865242292858056
2023-11-24 00:00:00+05:30,1389.6973087712938,1396.522957576825,1378.4492995375242,1381.8621826171875,2973195,0.0,0.0,1349.1734436035156,1371.2196875,1363.8427386103997,1358.2562004320494,56.37467908873709,9.159892809218036,7.375806441208715,1.7840863680093209
2023-11-28 00:00:00+05:30,1388.2070932609774,1389.1684555139282,1371.9120500149772,1386.957275390625,3755373,0.0,0.0,1352.1704895019532,1370.4656176757812,1366.044123065659,1359.381732783366,57.746063356513304,9.739796646317018,6.364568222646158,3.3752284236708605
2023-11-29 00:00:00+05:30,1395.032766408813,1404.2618207292774,1393.7830658701937,1403.204345703125,3875778,0.0,0.0,1356.1385131835937,1370.0886889648436,1369.5831918882748,1361.1002666233567,61.86300443793489,11.37920501488361,6.403181272970199,4.97602374191341
2023-11-30 00:00:00+05:30,1397.0997797382329,1404.2138843168973,1393.5427861257997,1398.9263916015625,10120867,0.0,0.0,1360.3084289550782,1369.4629614257813,1372.3777823371593,1362.5836440734824,60.1997901901305,12.192702925004824,5.77334334647313,6.419359578531694
2023-12-01 00:00:00+05:30,1403.492730780569,1403.492730780569,1390.274000233607,1396.1864013671875,3489187,0.0,0.0,1365.0263122558595,1368.6941674804686,1374.6452698638286,1363.901399261471,59.10374176480787,12.47253593646019,4.842541086342797,7.629994850117393
2023-12-04 00:00:00+05:30,1404.0214158015517,1415.0290836998097,1393.3023208663506,1407.770751953125,5511948,0.0,0.0,1369.5543212890625,1368.5328930664064,1377.800077681857,1365.6217660336927,62.23441900549124,13.473748901732733,4.675003241292272,8.798745660440462
2023-12-05 00:00:00+05:30,1409.16481944382,1410.2222944378952,1386.2843511722765,1397.7725830078125,5123039,0.0,0.0,1372.6739318847656,1368.2010766601563,1379.7022210462335,1366.882582385619,58.10044588134264,13.307053287413964,3.606646101578802,9.700407185835163
2023-12-06 00:00:00+05:30,1400.464591806758,1419.932179233624,1394.9848733984943,1417.3365478515625,5269178,0.0,0.0,1376.086767578125,1368.0422534179688,1383.286442646741,1368.8611692666364,63.24527830995396,14.585462143646737,3.9080439662492594,10.677418177397477
2023-12-07 00:00:00+05:30,1415.9424072165132,1415.9424072165132,1405.3194244603785,1409.260986328125,4424453,0.0,0.0,1379.0477600097656,1367.8282153320313,1385.7602087116347,1370.4454758180673,59.97180008020526,14.77664409302929,3.27938073250545,11.49726336052384
2023-12-08 00:00:00+05:30,1413.5871328983626,1436.9481661035304,1409.597455929151,1433.535400390625,6323433,0.0,0.0,1383.8617797851562,1368.5172583007814,1390.3102269667766,1372.9195905071872,65.71604528820636,16.694456211143233,4.157754280495514,12.53670193064772
2023-12-11 00:00:00+05:30,1432.4298364282415,1440.1207348788628,1424.73893797762,1430.98779296875,3862018,0.0,0.0,1389.3271240234376,1369.4116015625,1394.1842808717265,1375.1967749174446,64.6671810613613,17.803537407223757,4.21346838126083,13.590069025962928
2023-12-12 00:00:00+05:30,1420.412727151834,1432.4297553003266,1410.9433324415795,1419.018798828125,6103494,0.0,0.0,1394.4800231933593,1369.9460327148438,1396.5494730580504,1376.91528565904,59.835311088709815,17.514794795701846,3.1397806157911354,14.37501417991071
2023-12-13 00:00:00+05:30,1418.9706970593943,1419.018812113955,1377.7763476514297,1393.013916015625,8549258,0.0,0.0,1398.106756591797,1370.483310546875,1396.212753339724,1377.5466044965533,50.93108520198484,15.014509564643731,0.5115963077864158,14.502913256857315
2023-12-14 00:00:00+05:30,1406.857612838719,1452.618434833256,1404.8867731828336,1443.4373779296875,12489858,0.0,0.0,1402.4785522460938,1372.1049829101562,1400.7103366340064,1380.130556395892,62.56403982707742,16.90687553841667,1.9231698252474825,14.983705713169188
2023-12-15 00:00:00+05:30,1464.202925794702,1527.1721576419056,1462.2320861007129,1517.414306640625,18395389,0.0,0.0,1408.8956481933594,1375.2337158203125,1411.8250004441604,1385.5142328760776,72.76531150305226,24.09812096445694,7.291532201030201,16.80658876342674
2023-12-18 00:00:00+05:30,1507.367985333549,1531.4501581135771,1500.0136575533295,1503.9071044921875,6467243,0.0,0.0,1414.9906799316407,1377.8958471679687,1420.5947246392107,1390.1570905865133,69.06468577846393,28.38016754037426,9.258863021558014,19.121304518816245
2023-12-19 00:00:00+05:30,1509.4349472873578,1513.1361687292908,1483.6223926007674,1498.0909423828125,4221721,0.0,0.0,1420.840576171875,1380.0791064453124,1427.975316805268,1394.3897906569564,67.47343232161147,30.94765927585354,9.461083805629833,21.486575470223706
2023-12-20 00:00:00+05:30,1504.580039292656,1522.3171258988723,1470.884245421708,1477.0369873046875,6592367,0.0,0.0,1425.522412109375,1381.5518188476562,1432.6478568528316,1397.6308571921616,61.91254789166574,30.92702921307864,7.552362994283946,23.374666218794694
2023-12-21 00:00:00+05:30,1462.4723721543946,1486.890997599005,1462.4723721543946,1476.6524658203125,5319038,0.0,0.0,1429.2813415527344,1383.0785302734375,1436.8387719925918,1400.7297438050302,61.81235015209432,30.52774720260004,5.722464787044277,24.805282415555762
2023-12-22 00:00:00+05:30,1475.6429166255464,1505.4932609831062,1464.154684851386,1502.5130615234375,6741060,0.0,0.0,1434.7442810058594,1384.7485131835938,1443.0934662336247,1404.7212464606541,65.8188779485489,31.92997836498057,5.699756759539845,26.230221605440725
2023-12-26 00:00:00+05:30,1475.691142373228,1488.1888523737832,1464.1547946804085,1484.2952880859375,6878067,0.0,0.0,1439.8659362792969,1386.0683813476562,1447.017449267178,1407.841797112626,60.96625857770566,31.21144845029289,3.9849814758817317,27.22646697441116
2023-12-27 00:00:00+05:30,1484.343336410472,1509.3387552878503,1484.343336410472,1506.55078125,4225849,0.0,0.0,1445.8456115722656,1388.3819262695313,1452.6872904083991,1411.7127376670328,64.4175976517008,32.068178616257,3.8733693134766725,28.194809302780328
2023-12-28 00:00:00+05:30,1508.3292166862195,1508.3292166862195,1494.9182605826363,1502.272705078125,5702253,0.0,0.0,1450.7990295410157,1391.261923828125,1457.4097108531348,1415.264108938056,63.25969901465629,32.03268559164894,3.0703010310948926,28.96238456055405
2023-12-29 00:00:00+05:30,1481.5075138445177,1499.1964874096525,1480.498036423616,1483.2860107421875,4388990,0.0,0.0,1455.0170104980468,1393.705244140625,1459.874120366378,1417.9316344990025,58.25492794229458,30.12522472116484,0.9302721284886317,29.19495259267621
2024-01-01 00:00:00+05:30,1479.5366225500268,1496.841144451197,1475.9315138206164,1491.409423828125,2808451,0.0,0.0,1459.7781616210937,1396.153486328125,1462.8774826008303,1420.813116433478,59.72313275040319,28.935489473695952,-0.207570495184207,29.14305996888016
2024-01-02 00:00:00+05:30,1486.2661594193387,1489.2944742239738,1464.1548258704092,1475.1143798828125,5396313,0.0,0.0,1463.1453430175782,1398.3118896484375,1464.0429013895905,1422.9425777452166,55.50594795331836,26.37372200527011,-2.215470370888042,28.589192376158152
2024-01-03 00:00:00+05:30,1461.2226876874497,1461.2226876874497,1430.5072069001678,1432.429931640625,7550363,0.0,0.0,1464.8782104492188,1399.7475805664062,1461.0321423658795,1423.314630839154,46.285999067909145,20.661056784132143,-6.342508473620807,27.00356525775295
2024-01-04 00:00:00+05:30,1446.8021278177912,1461.0303366161402,1435.2177826642023,1454.252685546875,7056038,0.0,0.0,1466.7240173339844,1401.7412084960938,1460.3864798116886,1424.5278878865158,50.78685085893335,17.690714751156293,-7.450280405277326,25.14099515643362
2024-01-05 00:00:00+05:30,1448.532621558546,1480.2094618779236,1448.051940416499,1473.3358154296875,8895403,0.0,0.0,1469.9277587890624,1404.4695556640625,1461.6197498705455,1426.4419242607578,54.386232435882846,16.68422107208471,-6.765419267479128,23.44964033956384
2024-01-08 00:00:00+05:30,1469.8748085428847,1476.6524595467752,1454.781467714295,1463.9625244140625,4440136,0.0,0.0,1471.4491149902344,1407.4065161132812,1461.8428712556424,1427.913320345201,52.36051969514889,14.957797156214156,-6.793474546679747,21.751271702893902
2024-01-09 00:00:00+05:30,1482.3245674013035,1492.9956655581657,1466.89465540363,1470.21142578125,4412074,0.0,0.0,1473.4102966308594,1410.672265625,1462.6398764485575,1429.5720695779873,53.601289033444154,13.933214457615804,-6.25444579622248,20.187660253838285
2024-01-10 00:00:00+05:30,1466.029369674196,1476.1236736674186,1446.8502390285903,1461.174560546875,4096845,0.0,0.0,1475.518084716797,1413.3554296875,1462.500322553159,1430.8113829493163,51.511848609744526,12.250806119987374,-6.349483307080732,18.600289427068105
2024-01-11 00:00:00+05:30,1465.9814228857829,1466.077535646869,1429.1611991473617,1436.467529296875,11296088,0.0,0.0,1477.6907653808594,1415.6079028320312,1460.0210089097034,1431.033192610005,46.2083477814598,8.822138335578074,-7.822520873192026,16.6446592087701
2024-01-12 00:00:00+05:30,1501.6479944061484,1555.484286139019,1495.3030263512492,1550.4371337890625,26754401,0.0,0.0,1483.040753173828,1420.306083984375,1468.6320684220232,1435.715700107223,64.41071656906969,15.12691534904343,-1.214195087781338,16.341110436824767
2024-01-15 00:00:00+05:30,1581.392837780024,1600.620083407205,1572.7886923033784,1588.2666015625,13228305,0.0,0.0,1486.5833679199218,1426.0348413085937,1480.025833483021,1441.6980883995868,68.25104473507749,22.911904280562112,5.256635074989873,17.65526920557224
2024-01-16 00:00:00+05:30,1581.248792944148,1584.8057865912774,1562.2137720417506,1568.5107421875,6500917,0.0,0.0,1489.8135498046875,1431.0608447265624,1488.4529676453521,1446.6711336461715,64.34604227364217,27.174184270719707,7.615132052117971,19.559052218601735
2024-01-17 00:00:00+05:30,1557.6472848471606,1583.844407829469,1557.6472848471606,1576.826416015625,9209876,0.0,0.0,1493.7503234863282,1435.889765625,1496.8694865377593,1451.7752623665422,65.2473763876161,30.86725870775126,9.046565191319623,21.82069351643164
2024-01-18 00:00:00+05:30,1579.1817820479896,1585.286409091318,1565.338141663395,1579.1336669921875,6375464,0.0,0.0,1498.855157470703,1440.4908422851563,1504.704170390562,1456.7697096067636,65.50791946021528,33.59298367269821,9.417832125013256,24.175151547684955
2024-01-19 00:00:00+05:30,1587.7858336178035,1601.148792068902,1580.6237319547474,1595.0921630859375,4522736,0.0,0.0,1504.7771423339843,1445.3918627929688,1513.3125506472645,1462.1941195471236,67.33220796853738,36.618739573822495,9.95487042091003,26.663869152912465
2024-01-23 00:00:00+05:30,1586.343832786963,1609.993320778504,1574.4229173595988,1578.7010498046875,9401255,0.0,0.0,1508.5865417480468,1450.2207836914063,1519.5400267574953,1466.7630187729103,63.61080907754872,37.26448527934622,8.480492901147002,28.783992378199216
2024-01-24 00:00:00+05:30,1595.765266547254,1615.0886248379493,1581.4409451538254,1610.6663818359375,8999681,0.0,0.0,1514.905096435547,1456.0004931640624,1528.2187272411563,1472.4062879126368,67.39539025897965,39.89568591973557,8.889354833229081,31.00633108650649
2024-01-25 00:00:00+05:30,1608.3109624792746,1615.6174096135103,1593.9386434858618,1604.6097412109375,8865304,0.0,0.0,1519.8080444335938,1461.7734716796874,1535.494061904945,1477.5907370615898,65.9948590203922,41.01936539246526,8.010427444767018,33.00893794769824
2024-01-29 00:00:00+05:30,1600.8124680993892,1614.4637659098305,1583.940512679215,1592.5927734375,4253785,0.0,0.0,1524.3240478515625,1467.2157421875,1540.932034431855,1482.1006208410374,63.18908648888287,40.47366538042729,5.971781946183235,34.50188343424406
2024-01-30 00:00:00+05:30,1598.2167089344066,1624.7022872449177,1584.5654112138673,1587.6417236328125,4995943,0.0,0.0,1529.5418334960937,1471.8485473632813,1545.3805762605175,1486.2394876171854,62.01916861590783,39.18992874406422,3.750436247856129,35.43949249620809
2024-01-31 00:00:00+05:30,1584.5653067342696,1602.8311892326474,1574.807456560431,1596.7265625,6763779,0.0,0.0,1534.8076904296875,1476.001630859375,1550.2706701880873,1490.5723140831783,63.359699853812444,38.46225979336646,2.4182138377266966,36.04404595563976
2024-02-01 00:00:00+05:30,1595.4287962912194,1612.2045208999132,1586.584193027257,1593.025390625,5760011,0.0,0.0,1540.7032409667968,1480.2220092773437,1554.3425483249362,1494.5900817907009,62.393518489732045,37.158582263123435,0.8916290459869387,36.266953217136496
2024-02-02 00:00:00+05:30,1601.6777307925615,1652.1011372395883,1600.668253420957,1627.9228515625,7858483,0.0,0.0,1550.4778869628906,1485.1586059570313,1561.3501962523233,1499.8188178601831,67.43578119771063,38.4975658995354,1.784490145919122,36.71307575361628
2024-02-05 00:00:00+05:30,1629.2688306775033,1635.0370047350723,1616.8672329829697,1622.010498046875,3634135,0.0,0.0,1558.8657775878905,1489.930810546875,1567.1273678518046,1504.6106484557397,65.825476623611,38.63626771713575,1.5385535708155729,37.09771414632018
2024-02-06 00:00:00+05:30,1621.5778077302,1666.0408126850075,1609.2723237417308,1662.6279296875,7694265,0.0,0.0,1568.3303833007812,1495.1538916015625,1576.2226594552042,1510.8074045824756,70.95649337045514,41.54477488211887,3.557648588638955,37.98712629347992
2024-02-07 00:00:00+05:30,1662.1953936519833,1662.1953936519833,1621.6739497980948,1628.307373046875,4613877,0.0,0.0,1576.547625732422,1499.8549536132812,1581.1831083686966,1515.4152464830402,62.42740185129734,40.61225290178936,2.1001012866475506,38.51215161514181
2024-02-08 00:00:00+05:30,1632.393130184841,1640.4204816475594,1617.7804706606282,1626.7210693359375,5919715,0.0,0.0,1584.3731079101562,1504.7521313476564,1585.5200570322434,1519.7801807125657,62.056113007871666,39.292284069584184,0.6241059635538946,38.66817810603029
2024-02-09 00:00:00+05:30,1619.606985174379,1627.490226277787,1595.6691583001957,1604.85009765625,4600004,0.0,0.0,1591.556884765625,1509.1099877929687,1587.3610132821486,1523.116255886828,57.02069459275715,36.06565224005135,-2.0820206927831535,38.1476729328345
2024-02-12 00:00:00+05:30,1605.811531809379,1627.5382968256615,1605.811531809379,1615.184814453125,3555808,0.0,0.0,1600.4927490234375,1513.3495971679688,1590.010899107956,1526.7267875953103,58.725022008681414,33.9510816082302,-3.3572730596834504,37.30835466791365
2024-02-13 00:00:00+05:30,1617.9726101777746,1623.8368962269726,1599.226046958246,1619.4627685546875,2696481,0.0,0.0,1603.9440307617188,1517.7603247070313,1592.8158390552637,1530.3634927309722,59.44197821036334,32.24872110868591,-4.047706847382187,36.2964279560681
2024-02-14 00:00:00+05:30,1596.0537253184357,1604.9463270491935,1572.3081222329592,1601.8218994140625,3768579,0.0,0.0,1604.6217956542969,1521.8730346679688,1593.673559089435,1533.1657831891325,55.18505518121013,29.14020726895137,-5.7249765496933875,34.86518381864476
2024-02-15 00:00:00+05:30,1612.2044987791512,1622.5391430020943,1597.3994966076186,1611.57958984375,4834391,0.0,0.0,1606.7752380371094,1525.9492114257812,1595.3788953517505,1536.2408344304902,57.01861340755,27.15107107814879,-6.171290192396782,33.32236127054557
2024-02-16 00:00:00+05:30,1623.7409648134922,1642.968211288489,1622.731487432035,1635.9022216796875,4880654,0.0,0.0,1609.7290283203124,1530.7118041992187,1599.238259763935,1540.1491241265371,61.272090590673905,27.223484054282835,-4.879101773010191,32.10258582729303
2024-02-19 00:00:00+05:30,1639.1225911266822,1645.3714455796578,1622.490977718017,1634.075439453125,3690993,0.0,0.0,1612.4761169433593,1535.04658203125,1602.5560864010008,1543.8325090413055,60.78554349485638,26.82425251546806,-4.222666649459974,31.046919164928035
2024-02-20 00:00:00+05:30,1619.895523675665,1628.7881252151303,1604.2733858360627,1620.1358642578125,3706389,0.0,0.0,1613.7283020019531,1539.2640795898437,1604.2303509587923,1546.8247974811686,57.06199847887844,25.09378588098184,-4.762506627156959,29.8562925081388
2024-02-21 00:00:00+05:30,1609.320584627967,1609.320584627967,1581.729531940562,1591.58349609375,4300508,0.0,0.0,1614.3724243164063,1542.4250415039062,1603.025888590693,1548.580040564015,50.26938150970497,21.174356318015043,-6.945548952099006,28.11990527011405
2024-02-22 00:00:00+05:30,1600.6682245239977,1619.510902074662,1580.8641846763217,1616.386474609375,5841277,0.0,0.0,1614.658428955078,1546.1330151367188,1604.298325354377,1551.2391164089313,55.25254228876738,19.84086014522154,-6.623236099914006,26.464096245135547
2024-02-23 00:00:00+05:30,1631.4317759907635,1632.8257043439935,1607.3016064283056,1612.060302734375,5373072,0.0,0.0,1615.03095703125,1549.9938452148438,1605.0375612953292,1553.6242609707135,54.231791772060014,18.22488379023821,-6.59136996391787,24.81625375415608
2024-02-26 00:00:00+05:30,1610.2338297480162,1610.2338297480162,1581.441074154028,1596.0057373046875,2782438,0.0,0.0,1615.2016052246095,1554.053681640625,1604.1773875819347,1555.2862796504771,50.50303312991028,15.47040839191186,-7.476676289795378,22.94708468170724
2024-02-27 00:00:00+05:30,1596.8227471676216,1606.5324827253958,1588.9396234127066,1599.322265625,5159088,0.0,0.0,1615.7856323242188,1557.1713793945312,1603.7149950146077,1557.013181061243,51.248736379462024,13.400609032542661,-7.637180519331665,21.037789551874326
2024-02-28 00:00:00+05:30,1605.4750549270757,1622.5873509570388,1597.8322715172949,1606.6767578125,3188916,0.0,0.0,1616.2831420898438,1558.9566284179687,1603.997067662026,1558.9607723063903,52.94181184016891,12.212941002039315,-7.059878839868013,19.272819841907328
2024-02-29 00:00:00+05:30,1600.6680959372443,1617.2515942284858,1589.4202049073078,1609.2242431640625,7814722,0.0,0.0,1617.093084716797,1561.0629711914062,1604.4948939003152,1560.931888810613,53.543649302358716,11.346471251176126,-6.341078872584962,17.68755012376109
2024-03-01 00:00:00+05:30,1604.5136407879363,1607.3496125644087,1587.2091197968143,1590.76611328125,6387291,0.0,0.0,1615.2352478027344,1562.916474609375,1603.1873909842136,1562.1018583976968,48.685159471385255,9.065865259122575,-6.897347891710812,15.963213150833386
2024-03-04 00:00:00+05:30,1593.7944150788564,1600.139382587033,1570.5294950976115,1573.9422607421875,4445156,0.0,0.0,1612.8318359375,1564.854580078125,1600.402140484973,1562.5661879014024,44.703557396902085,5.833677282071449,-8.10362869500955,13.937305977081
2024-03-05 00:00:00+05:30,1570.8659288802326,1574.086468972356,1540.10233663778,1544.428466796875,4596579,0.0,0.0,1606.9218627929688,1566.2101000976563,1595.07131441944,1561.8549047208328,38.72093772671175,0.8804788966408523,-10.445461664352118,11.32594056099297
2024-03-06 00:00:00+05:30,1540.8714208560284,1557.5510319856055,1515.1068662897885,1555.051513671875,6420684,0.0,0.0,1603.2590698242188,1567.260869140625,1591.2599048244338,1561.588105071854,41.74301824210849,-2.162843493900482,-10.791027243914762,8.62818375001428
2024-03-07 00:00:00+05:30,1554.1383684498298,1565.5304889505271,1542.217451709358,1553.994140625,6348359,0.0,0.0,1599.6227233886718,1568.6548461914062,1587.7107844244877,1561.2903025445266,41.52350951385248,-4.606913946138775,-10.588078156922444,5.981164210783669
2024-03-11 00:00:00+05:30,1546.0148020133513,1551.446522464346,1526.643328250248,1538.7564697265625,6752895,0.0,0.0,1596.3180419921875,1569.2989599609375,1583.0484687389708,1560.4066228261752,38.39046639902814,-7.6848242131966344,-10.932790739184243,3.2479665259876085
2024-03-12 00:00:00+05:30,1538.179677636585,1562.2137350996566,1535.9204997058157,1550.6292724609375,4614222,0.0,0.0,1593.090264892578,1570.2660913085938,1579.960926236301,1560.023197321656,42.0588820324012,-9.061597859993299,-9.847651508784725,0.7860536487914274
2024-03-13 00:00:00+05:30,1550.5812035377992,1561.7329822176875,1536.785678658404,1549.13916015625,5688997,0.0,0.0,1589.5740844726563,1571.583154296875,1577.0255199429628,1559.5963723347775,41.723099875743536,-10.155869956746528,-8.753538884430364,-1.4023310723161637
2024-03-14 00:00:00+05:30,1552.0232723085692,1593.6983032463334,1545.8705303092167,1589.4202880859375,8803799,0.0,0.0,1588.95400390625,1573.5433715820313,1578.2059740518175,1560.7659376583524,52.71331234530173,-7.684159884805922,-5.0254630499918065,-2.6586968348141156
2024-03-15 00:00:00+05:30,1577.6916155196643,1582.2100886516137,1555.8206236318867,1570.865966796875,11809997,0.0,0.0,1586.9183227539063,1575.4584033203125,1577.506925741823,1561.1620172324124,48.20389993961906,-7.140182924038982,-3.5851888713798927,-3.554994052659089
2024-03-18 00:00:00+05:30,1567.0205300379491,1569.5681635728802,1537.074071284563,1540.727294921875,4958904,0.0,0.0,1582.1595764160156,1577.6243505859375,1574.0041037589706,1560.3606555731756,41.929363583113506,-9.036845079574505,-4.385480821532333,-4.651364258042172
2024-03-19 00:00:00+05:30,1530.8252596452844,1537.2183425142427,1497.8024875779802,1501.119140625,6870411,0.0,0.0,1575.5117614746093,1578.5616796875,1567.0626786985924,1558.037458908541,35.40663514609531,-13.579474802555978,-7.142488435611044,-6.436986366944934
2024-03-20 00:00:00+05:30,1502.6092525994748,1514.097484972457,1492.3707207856676,1494.8702392578125,4759059,0.0,0.0,1569.2484802246095,1578.9923681640626,1560.187208275661,1555.5603130398852,34.49489801830157,-17.48225119255835,-8.836211860490733,-8.646039332067618
2024-03-21 00:00:00+05:30,1503.570598916372,1516.020193442864,1483.7665595113776,1494.6298828125,11062497,0.0,0.0,1564.4007995605468,1579.6057153320312,1553.9436534696458,1553.1708844035172,34.458143253919964,-20.359927782157456,-9.371110760071868,-10.988817022085588
2024-03-22 00:00:00+05:30,1462.2319662822674,1469.8267514450897,1440.3128602801105,1450.5513916015625,14673890,0.0,0.0,1556.1090454101563,1579.2125146484375,1544.096771386971,1549.1465905681466,28.46761076254745,-25.89872865086818,-11.927929303026072,-13.970799347842107
2024-03-26 00:00:00+05:30,1434.3525080454035,1449.2055081878689,1430.41094620585,1434.9774169921875,8351081,0.0,0.0,1547.254901123047,1578.6885717773437,1533.7044519208014,1544.6693680749718,26.70131422033374,-31.185471139057427,-13.771737432972255,-17.41373370608517
2024-03-27 00:00:00+05:30,1438.198031721582,1441.0821186835904,1424.306393129427,1426.5174560546875,6857402,0.0,0.0,1538.7804870605469,1578.4895703125,1523.496166600219,1540.0359597604509,25.766092177158875,-35.64698454631025,-14.586600672180062,-21.06038387413019
2024-03-28 00:00:00+05:30,1429.6899508266822,1453.387554709184,1429.6899508266822,1440.1688232421875,12499530,0.0,0.0,1530.8228149414062,1576.2842041015624,1515.5602291375494,1536.119601465617,30.025177832209412,-37.64724086414299,-13.269485592010238,-24.37775527213275
2024-04-01 00:00:00+05:30,1466.0774920604706,1470.8361884538372,1435.1216732679904,1437.669189453125,6580002,0.0,0.0,1522.3724365234375,1573.272255859375,1508.14203488189,1532.2588009945391,29.68928654849327,-38.98476585001549,-11.685608462306192,-27.2991573877093
2024-04-02 00:00:00+05:30,1427.4787548291838,1435.4581086770484,1423.6333057176912,1425.5560302734375,7279400,0.0,0.0,1513.1890258789062,1570.4131616210936,1500.2767011096564,1528.0743786133196,28.051579611032736,-40.55470535071686,-10.604438370406044,-29.950266980310815
2024-04-03 00:00:00+05:30,1421.854768854572,1437.332677620838,1418.009319851585,1423.4410400390625,8736248,0.0,0.0,1504.822772216797,1567.3454541015626,1492.9590191029333,1523.971110433937,27.763609128334863,-41.491270216393104,-9.23280258886583,-32.258467627527274
2024-04-04 00:00:00+05:30,1432.9585406732908,1437.8614646501408,1411.2797751153907,1429.2572021484375,11186915,0.0,0.0,1497.5885192871094,1564.3479248046874,1486.8921793929812,1520.25683952078,29.89494934452811,-41.288243772327405,-7.223820915840108,-34.0644228564873
2024-04-05 00:00:00+05:30,1422.8644144632087,1429.2573803038365,1419.0189650053617,1421.9510498046875,5072482,0.0,0.0,1491.4646484375,1560.8851025390625,1480.7073099083818,1516.401710512306,28.747499478950754,-41.24148314103854,-5.741648227640994,-35.49983491339755
2024-04-08 00:00:00+05:30,1425.7001836634586,1433.3429664320747,1417.144036366265,1419.6435546875,6610887,0.0,0.0,1484.6942504882813,1557.7039526367187,1474.8917141730597,1512.6072730289802,28.37704081777555,-40.9189325915022,-4.335278142483716,-36.58365444901848
2024-04-09 00:00:00+05:30,1432.42982355354,1455.3102931800076,1429.8341922913037,1437.0924072265625,9423230,0.0,0.0,1478.8491638183593,1554.2324731445312,1471.2917801781552,1509.645905742611,35.17945570661057,-38.80797816819086,-1.7794589753378958,-37.02851919285296
2024-04-10 00:00:00+05:30,1442.3799530857132,1451.5128952507323,1427.190498634067,1448.580810546875,6744595,0.0,0.0,1474.340380859375,1551.11189453125,1469.1288306894621,1507.2511961270918,39.26921048144821,-35.795386509922764,0.9865061463441549,-36.78189265626692
2024-04-12 00:00:00+05:30,1445.888914905708,1448.5807763164664,1422.3355382998636,1427.3826904296875,12275616,0.0,0.0,1468.1780517578125,1547.8076928710936,1465.153007807579,1504.1190978644486,34.894369171047146,-34.71818739658306,1.6509642077470872,-36.36915160433015
2024-04-15 00:00:00+05:30,1422.8161919534118,1434.3044243996258,1404.5984234641753,1411.424072265625,8531224,0.0,0.0,1461.2922973632812,1544.28333984375,1460.0359663273928,1500.4839988213575,32.00373325215624,-34.751631279315234,1.2940162600119294,-36.04564753932716
2024-04-16 00:00:00+05:30,1394.9366663519509,1398.9263432791952,1358.453014817895,1359.798828125,16173541,0.0,0.0,1449.8112243652345,1539.54478515625,1450.4895722128792,1494.9669333038532,24.836136042432155,-38.50005685929136,-1.9635274559713594,-36.53652940332
2024-04-18 00:00:00+05:30,1366.192071172371,1388.8802001423792,1353.1175661179432,1364.41357421875,22107945,0.0,0.0,1439.4886047363282,1534.972548828125,1442.2918581182003,1489.8471937318886,26.422448221305093,-40.62998254712966,-3.274762515047726,-37.35522003208193
2024-04-19 00:00:00+05:30,1331.4867740222269,1371.719762459648,1325.4782596990217,1356.7225341796875,20603621,0.0,0.0,1430.2883666992188,1529.5485424804688,1434.1423986954849,1484.6266188474885,25.458113671495138,-42.449238259553795,-4.075214581977491,-38.374023677576304
2024-04-22 00:00:00+05:30,1365.0383635258054,1381.333407692064,1358.453055191947,1377.391845703125,5859087,0.0,0.0,1424.102001953125,1524.6561694335937,1428.737584124784,1480.421333626141,32.57961443393649,-41.741995083548545,-2.6943771247777875,-39.04761795877076
2024-04-23 00:00:00+05:30,1387.2458613180056,1390.9470828687795,1377.6322378854484,1386.6690673828125,4856174,0.0,0.0,1418.691943359375,1519.1369921875,1424.7310587207867,1476.7447741656183,35.55561386813951,-39.97213166256029,-0.7396109630316232,-39.23252069952866
2024-04-24 00:00:00+05:30,1388.4956223694112,1388.4956223694112,1371.9121226282691,1375.4691162109375,4268213,0.0,0.0,1412.733905029297,1514.0802270507813,1420.03944514842,1472.773179736023,33.62587692978703,-39.023407062533124,0.16729090959643145,-39.190697972129556
2024-04-25 00:00:00+05:30,1365.1344941717352,1389.0724394064923,1365.1344941717352,1382.87158203125,9089398,0.0,0.0,1409.3499145507812,1509.2032373046875,1416.4996486610708,1469.2476268848554,36.094600414663425,-37.244883027700325,1.556651955543387,-38.80153498324371
2024-04-26 00:00:00+05:30,1384.0733528171795,1389.553188721318,1371.8640976979002,1374.988525390625,8062444,0.0,0.0,1406.3504699707032,1504.606005859375,1412.5462083496,1465.5511915321406,34.61794926144332,-36.055857227835986,2.1965422043261853,-38.25239943216217
2024-04-29 00:00:00+05:30,1374.6999891627063,1384.1695018055798,1373.065720176132,1379.3145751953125,5055957,0.0,0.0,1403.9903259277344,1499.8886010742187,1409.3812909063345,1462.1693634405003,36.161427077949625,-34.36829335773541,3.1072848595414087,-37.47557821727682
2024-04-30 00:00:00+05:30,1379.2665134161475,1381.0451276425792,1362.7792430347895,1365.663330078125,6936588,0.0,0.0,1400.2650512695313,1494.8126123046875,1405.2176755893622,1458.384813112564,33.47584268101586,-33.74345468415322,2.9856988264988757,-36.7291535106521
2024-05-02 00:00:00+05:30,1358.4048997624443,1368.9798848278278,1357.2993096712137,1359.798828125,10076354,0.0,0.0,1396.371533203125,1489.9721508789062,1400.8920710689467,1454.518696054228,32.36386225677652,-33.33719143832923,2.713569657858301,-36.05076109618753
2024-05-03 00:00:00+05:30,1367.1533457490432,1369.7490944518047,1348.983574244914,1361.5775146484375,8842345,0.0,0.0,1393.172607421875,1484.972109375,1397.1478276003268,1450.8739438422363,33.08981907822387,-32.497093486730364,2.8429340875657374,-35.3400275742961
2024-05-06 00:00:00+05:30,1365.134335983826,1389.8412977992025,1362.346362108595,1370.806396484375,6445422,0.0,0.0,1390.5408752441406,1479.6701928710938,1394.639119874998,1447.734040024281,36.875666857597274,-30.732352740169745,3.686139867301087,-34.41849260747083
2024-05-07 00:00:00+05:30,1369.8931061755525,1387.582195239738,1360.9043925105204,1385.27490234375,6080661,0.0,0.0,1388.3417602539062,1474.6941821289063,1393.7472896339268,1445.284662076025,42.37998575886131,-27.84531205547637,5.258544441595575,-33.103856497071945
2024-05-08 00:00:00+05:30,1379.795249208848,1384.1213795843505,1370.5180794884,1372.1524658203125,6234983,0.0,0.0,1385.8518310546874,1469.7345141601563,1391.6906397469158,1442.4167328110952,39.053806620936605,-26.312864152751672,5.43279387545622,-31.74565802820789
2024-05-09 00:00:00+05:30,1372.3927301216006,1393.9271506886637,1369.796981628288,1383.9290771484375,6088406,0.0,0.0,1384.0661071777345,1465.58142578125,1390.9514433089655,1440.1230992556968,43.350841110540756,-23.87292185347019,6.298188939790165,-30.171110793260354
2024-05-10 00:00:00+05:30,1379.6029430765502,1380.4680752180618,1358.4048585337118,1369.8450927734375,8777481,0.0,0.0,1380.7037414550782,1460.6505981445312,1388.9413146865343,1437.3670990014905,39.74204503864314,-22.812738784478142,5.88669760702577,-28.699436391503912
2024-05-13 00:00:00+05:30,1369.9413304391032,1369.9413304391032,1356.6744832449094,1368.451171875,3735954,0.0,0.0,1376.6972595214843,1455.7784155273437,1386.9898725140072,1434.664513623981,39.392521944060704,-21.833332761815655,5.492882903750608,-27.326215665566263
2024-05-14 00:00:00+05:30,1371.287218365655,1378.353207852325,1363.2598665718515,1369.65283203125,3463230,0.0,0.0,1373.8107666015626,1451.251357421875,1385.3387258013636,1432.1150359144622,39.88337160636171,-20.721320022059217,5.2839165148056395,-26.005236536864857
2024-05-15 00:00:00+05:30,1370.9025923662102,1376.4785404547986,1363.7404904205405,1365.0863037109375,4327544,0.0,0.0,1371.493878173828,1446.5666381835938,1383.4099236975135,1429.4864581809907,38.60386580821726,-19.978226031881377,4.821608403986787,-24.799834435868163
2024-05-16 00:00:00+05:30,1378.5453496843256,1399.5030936490596,1371.86392899688,1397.19580078125,9249145,0.0,0.0,1373.3637268066407,1442.3770190429686,1384.722864372155,1428.2201578908048,50.603735544581994,-16.606916432464914,6.554334402722603,-23.161250835187516
2024-05-17 00:00:00+05:30,1400.7048596373168,1400.7048596373168,1383.6406789519615,1388.49560546875,7542860,0.0,0.0,1374.5678283691407,1437.9624462890624,1385.082173048021,1426.6623323056263,47.87343606095481,-14.470357068307067,6.952715013504363,-21.42307208181143
2024-05-21 00:00:00+05:30,1374.7479941579209,1388.8799720514555,1373.2098380547957,1378.7376708984375,6752663,0.0,0.0,1375.6685852050782,1433.7218774414061,1384.4779347480608,1424.78293381907,44.94444963519838,-13.409920927429994,6.41052092350515,-19.820441850935143
2024-05-22 00:00:00+05:30,1373.546430160898,1403.540887941002,1372.8254084127825,1398.5899658203125,7173285,0.0,0.0,1376.7284912109376,1430.2148315429688,1385.8219377073228,1423.7557586034325,51.452185839768894,-10.842616425255073,7.182260340544058,-18.02487676579913
2024-05-23 00:00:00+05:30,1398.493704408289,1421.0377209738313,1393.975348496062,1415.5098876953125,8641428,0.0,0.0,1378.1705322265625,1427.6364599609376,1388.6493615157028,1423.4323911168397,56.20376459245,-7.357895581097864,8.533584947761014,-15.891480528858878
2024-05-24 00:00:00+05:30,1411.5201358737334,1418.4900122470244,1403.588897242057,1408.4918212890625,5277938,0.0,0.0,1379.8216674804687,1424.7052661132811,1390.5391195893562,1422.8464864177113,53.84950800753421,-5.103696278839834,8.630227400015237,-13.73392367885507
2024-05-27 00:00:00+05:30,1414.9811694623938,1422.4317277701236,1403.8293895306174,1414.50048828125,5821844,0.0,0.0,1381.4031127929688,1421.9153930664063,1392.82115470287,1422.5191923731443,55.56564751439795,-2.800100070812732,8.747058886433871,-11.547158957246603
2024-05-28 00:00:00+05:30,1418.490041457558,1418.970722596649,1403.8773817707088,1410.3665771484375,6186922,0.0,0.0,1383.1720153808594,1419.3475952148438,1394.4921473167335,1422.0426192270775,54.075783071818805,-1.2931489432571652,8.20320801119155,-9.496356954448716
2024-05-29 00:00:00+05:30,1408.780305128906,1408.8764178859117,1393.975302582444,1394.8885498046875,7401634,0.0,0.0,1383.9507141113281,1416.2327807617187,1394.5298999346337,1420.9777537595328,48.79986379409331,-1.3324669198218544,6.53111202770149,-7.863578947523345
2024-05-30 00:00:00+05:30,1387.0535133382937,1393.8310468476277,1366.6245653476285,1372.2965087890625,9663150,0.0,0.0,1384.282373046875,1412.695927734375,1392.4124341112458,1419.0686853293182,42.31094172653294,-3.1503008922250046,3.770622444238673,-6.9209233364636775
2024-05-31 00:00:00+05:30,1374.5880898199573,1400.8649238524729,1365.032812523725,1371.760498046875,37113815,20.0,0.0,1384.8804565429687,1408.3427319335938,1390.4455830574962,1417.213462298634,42.16767796692112,-4.581387614798132,1.8716285773324373,-6.453016192130569
2024-06-03 00:00:00+05:30,1404.033674005501,1404.033674005501,1368.9328321553637,1370.785400390625,10589244,0.0,0.0,1385.3408508300781,1404.3411206054689,1388.5731847082704,1415.3927539885162,41.88980182490702,-5.7281854285402005,0.5798646108722956,-6.308050039412496
2024-06-04 00:00:00+05:30,1373.807893135552,1379.658033205682,1324.4229369059228,1358.84130859375,13736134,0.0,0.0,1384.7425964355468,1400.7034008789062,1385.7415774592687,1413.1750502475452,38.53961767661523,-7.514200321353201,-0.9649202255525635,-6.549280095800637
2024-06-05 00:00:00+05:30,1365.1789578532776,1402.0835675909418,1365.1789578532776,1394.380859375,9233424,0.0,0.0,1385.1978942871094,1398.5686352539062,1386.5643662131479,1412.4380231545042,51.07723138796834,-5.992803946319327,0.4451809195850487,-6.437984865904376
2024-06-06 00:00:00+05:30,1408.85996393557,1437.476994921283,1401.5960874734012,1435.4781494140625,12660930,0.0,0.0,1388.3641784667968,1397.3807934570314,1391.2228217560921,1413.3415575176243,60.9879352344509,-1.4541163679336933,3.987094798376546,-5.441211166310239
2024-06-07 00:00:00+05:30,1444.00969016698,1501.243517516417,1440.3533523289473,1495.2958984375,24075302,0.0,0.0,1393.93251953125,1397.3941137695313,1401.1345433447977,1416.5554532399724,70.39016769130436,6.890192812077657,9.865123182710317,-2.9749303706326597
2024-06-10 00:00:00+05:30,1487.2031538066,1491.5907588534046,1459.9025001820376,1462.291259765625,6810606,0.0,0.0,1398.5548278808594,1397.6289111328124,1406.9589925277337,1418.3490142801943,61.572594000618004,10.71638759966254,10.953054376236159,-0.23666677657361967
2024-06-11 00:00:00+05:30,1462.583761115188,1468.823815070724,1456.6360237178806,1458.39111328125,4853054,0.0,0.0,1403.051824951172,1398.0971850585938,1411.8572897423542,1419.9192926723924,60.60643970294695,13.280871686912178,10.814030770788637,2.46684091612354
2024-06-12 00:00:00+05:30,1469.3601706387192,1471.0664614805355,1445.7158546878306,1448.1046142578125,9564320,0.0,0.0,1406.9744140625,1398.5289282226563,1415.3094158866836,1421.0245994012325,58.020537243701135,14.318158480615239,9.481054051593357,4.83710442902188
2024-06-13 00:00:00+05:30,1457.6599305401555,1467.4101641892537,1452.1510247241338,1456.6361083984375,7307565,0.0,0.0,1411.551904296875,1398.8582739257813,1419.2452913639936,1422.421129165829,59.56163143696528,15.648252697946873,8.648918615139994,6.999334082806879
2024-06-14 00:00:00+05:30,1466.142554347695,1466.142554347695,1448.9334875481077,1451.7122802734375,4237727,0.0,0.0,1414.2777282714844,1399.1391357421876,1422.3373855458453,1423.5698017582843,58.23294191514301,16.1192376309225,7.295922838492494,8.823314792430004
2024-06-18 00:00:00+05:30,1459.6099268376586,1469.3601601498674,1458.0499133119856,1460.7799072265625,5420939,0.0,0.0,1417.891943359375,1399.84361328125,1425.998578086866,1425.0290215805699,60.00250153346144,17.027891365201867,6.56366125821749,10.464230106984377
2024-06-19 00:00:00+05:30,1467.410187837327,1477.7942106452415,1459.3174461695942,1473.6015625,5493456,0.0,0.0,1422.6351379394532,1400.8468237304687,1430.5321956500215,1426.933827106822,62.42658262709474,18.568559624809268,6.483463614259911,12.085096010549357
2024-06-20 00:00:00+05:30,1478.42795986229,1479.5979402789894,1461.657486754027,1477.5504150390625,7927010,0.0,0.0,1426.5831604003906,1401.8126879882811,1435.0101213061207,1428.918791339459,63.16697712075173,19.879036559244014,6.2351524389557245,13.64388412028829
2024-06-21 00:00:00+05:30,1506.4111705290543,1518.8427190237114,1485.6431242588264,1494.4183349609375,17301941,0.0,0.0,1430.528582763672,1403.2620336914063,1440.6680464161032,1431.4874008932425,66.22831012491831,22.02481082860345,6.704741366652128,15.320069461951322
2024-06-24 00:00:00+05:30,1486.4719210591036,1490.9082059639925,1477.5504334510292,1489.0069580078125,5564989,0.0,0.0,1434.5543395996094,1404.6493017578125,1445.2717522819803,1433.7430697996963,64.37966783872366,23.023301216272785,6.162585403457172,16.860715812815613
2024-06-25 00:00:00+05:30,1487.8856805292482,1505.3386228666056,1482.3767746181577,1503.437255859375,4551525,0.0,0.0,1439.0011779785157,1405.9761987304687,1450.811324051256,1436.47617513537,67.02311723177489,24.69435532336024,6.266911608435702,18.42744371492454
2024-06-26 00:00:00+05:30,1502.511060488151,1510.164970379412,1496.6609200839146,1502.218505859375,4851004,0.0,0.0,1443.5937744140624,1407.0489526367187,1455.7072461282196,1439.0543057519978,66.57375136382863,25.624946372236536,5.758002125849597,19.86694424638694
2024-06-27 00:00:00+05:30,1500.0246394725443,1538.976894088541,1493.784585190291,1534.052978515625,14757754,0.0,0.0,1450.5519958496093,1409.1823583984376,1463.1687444508298,1442.779743899591,71.87764555402411,28.601521834706773,6.987662070655865,21.613859764050908
2024-06-28 00:00:00+05:30,1533.2729807577389,1548.8245552176206,1525.180239533625,1527.6177978515625,8197544,0.0,0.0,1458.3180603027345,1411.5062329101563,1469.3067495366138,1446.1067264075116,69.47770521705513,30.09430561318777,6.784356679309489,23.30994893387828
2024-07-01 00:00:00+05:30,1520.5488612730949,1559.939827043026,1520.5488612730949,1551.067138671875,6801771,0.0,0.0,1467.2833923339845,1415.3315991210939,1477.0934532637816,1450.222821006114,73.01364895489846,32.79151319039056,7.585251405209824,25.206261785180736
2024-07-02 00:00:00+05:30,1556.3323402976748,1592.9933162222828,1546.8746607024498,1580.561767578125,10493173,0.0,0.0,1477.7722106933593,1419.6545629882812,1486.9475784365764,1455.334152244232,76.67401950621965,36.883865442083334,9.342082925522078,27.541782516561256
2024-07-03 00:00:00+05:30,1584.4129718719971,1595.1382289123617,1565.887527893186,1586.7530517578125,7269965,0.0,0.0,1489.1677978515625,1424.2551733398439,1496.4528616100274,1460.4878345780978,77.36796750983369,40.16368699330428,10.09752358139442,30.066163411909862
2024-07-04 00:00:00+05:30,1587.5330170243992,1618.538808064561,1587.3380599572922,1609.42236328125,8008311,0.0,0.0,1499.919873046875,1428.8957836914062,1507.2118617691915,1466.3284043311626,79.74414989718271,44.084020045351735,11.214285306753496,32.86973473859824
2024-07-05 00:00:00+05:30,1610.202339677658,1624.242700384009,1592.5544400147564,1606.30224609375,7065022,0.0,0.0,1508.4610778808594,1433.288447265625,1516.6490412286732,1471.8175745963622,78.5221652765375,46.40422582279257,10.827592867355463,35.576632955437105
2024-07-08 00:00:00+05:30,1602.0608521487309,1624.388910801362,1599.03830354996,1620.1475830078125,5880533,0.0,0.0,1514.703662109375,1438.1820166015625,1526.5060452076389,1477.634437671321,79.98765316763779,48.7976990965783,10.576852912912955,38.220846183665344
2024-07-09 00:00:00+05:30,1618.441324047008,1625.1202103618075,1609.7635922047962,1615.760009765625,5191182,0.0,0.0,1522.377099609375,1442.83978515625,1535.0064227845899,1483.0511267730583,78.16743627406417,49.76682246730047,9.236781026908098,40.530041440392374
2024-07-10 00:00:00+05:30,1615.613729908852,1632.1891272585506,1596.649572902613,1607.082275390625,9852770,0.0,0.0,1529.8116577148437,1447.48166015625,1541.8707896994504,1487.915093385512,74.5538619833282,49.26672296467768,6.989345219428245,42.27737774524944
2024-07-11 00:00:00+05:30,1614.6387674406476,1623.41397813326,1601.0372384756638,1611.421142578125,8857679,0.0,0.0,1537.9774841308595,1452.1237915039062,1548.4946328307528,1492.7584678636536,75.17189181183112,48.65958343809666,5.105764554277776,43.553818883818884
2024-07-12 00:00:00+05:30,1638.0393443296334,1676.7965252445756,1625.022805487011,1668.996337890625,17078316,0.0,0.0,1548.5954956054688,1458.1904516601562,1559.9709856935979,1499.6697568843192,81.56896181754007,52.22227222780566,6.934762675189418,45.28750955261624
2024-07-15 00:00:00+05:30,1683.085298662652,1684.8403883424053,1660.1235696440942,1664.4136962890625,6942230,0.0,0.0,1559.23056640625,1464.2827490234374,1569.9179105122137,1506.1303035276426,79.80641590710093,54.05286015776278,7.012280484117227,47.04057967364555
2024-07-16 00:00:00+05:30,1675.6750916039832,1694.4930897114273,1657.539681248719,1682.9390869140625,6886281,0.0,0.0,1570.338525390625,1470.70998046875,1580.6818320742946,1513.0639813075022,81.54269653748756,56.34890339880894,7.446658980130714,48.90224441867823
2024-07-18 00:00:00+05:30,1676.0651821635772,1721.3062905823963,1676.0651821635772,1714.139892578125,11248896,0.0,0.0,1582.3654418945312,1477.576650390625,1593.3921235508499,1520.9493111612521,84.03280497825178,59.994598089082956,8.873882936323781,51.120715152759175
2024-07-19 00:00:00+05:30,1797.943081102566,1797.943081102566,1741.8304389617622,1748.1680908203125,29819116,0.0,0.0,1595.8963256835937,1484.8345141601562,1608.1326918622274,1529.8598515400388,86.21682713496061,64.88171261401249,11.008797969002643,53.87291464500984
2024-07-22 00:00:00+05:30,1755.1882696669777,1777.4675289324205,1748.1680302846828,1765.6209716796875,8462126,0.0,0.0,1609.4564575195313,1492.7038842773438,1623.1315756543663,1539.1053856631625,87.18501444131063,69.36350836319207,12.392474974545777,56.97103338864629
2024-07-23 00:00:00+05:30,1764.7923545401895,1793.9942577705635,1738.710478582206,1791.0205078125,7113056,0.0,0.0,1624.5571350097657,1500.845712890625,1639.120997764665,1548.9844100611758,88.45591887842866,74.11059328994543,13.711647921039308,60.39894536890612
2024-07-24 00:00:00+05:30,1791.605423504355,1796.3342629947656,1774.152481560902,1788.14404296875,6002845,0.0,0.0,1638.7924743652343,1509.2116918945312,1653.3136687364824,1558.363219194806,87.39881350540765,76.75579262348492,13.08547780366304,63.67031481982188
2024-07-25 00:00:00+05:30,1774.5425227927356,1785.1703012664898,1766.7423358793608,1779.2713623046875,5815599,0.0,0.0,1652.6451171875,1517.428095703125,1665.309639552502,1567.0262836304878,84.06170712418213,77.24574016660654,10.860340277427724,66.38539988917881
2024-07-26 00:00:00+05:30,1779.7588864220972,1835.9690075636292,1779.7588864220972,1831.971435546875,11369047,0.0,0.0,1667.5410400390624,1526.6744677734375,1681.182191551966,1577.4162895879933,87.19027378614923,80.95330331325408,11.65432273926021,69.29898057399387
2024-07-29 00:00:00+05:30,1846.304236848296,1855.469480366421,1817.4435687877085,1824.3662109375,4635931,0.0,0.0,1682.3784606933593,1535.8600659179688,1694.818764826779,1587.1006002291506,84.60916373423409,82.32885990303362,10.423903463231795,71.90495643980182
2024-07-30 00:00:00+05:30,1824.366197741286,1832.9951307328352,1813.543462174526,1830.26513671875,2721265,0.0,0.0,1696.338360595703,1544.5214526367188,1707.7184192926811,1596.6364644052135,84.98056021599457,82.93892413224216,8.82717415395227,74.1117499782899
2024-07-31 00:00:00+05:30,1830.1188567906963,1838.065321022705,1818.467375183144,1821.58740234375,5004209,0.0,0.0,1708.3896423339843,1553.1832885742188,1718.563084345164,1605.4580698145678,81.85145563617179,81.7794808388046,6.134184688411764,75.64529615039284
2024-08-01 00:00:00+05:30,1809.740828819239,1821.2461520384677,1799.0155718940416,1806.3282470703125,7475014,0.0,0.0,1719.3684020996093,1561.7351000976562,1726.9216712713687,1613.3353316677344,76.51611418667478,78.72187064875675,2.4612595986911288,76.26061105006562
2024-08-02 00:00:00+05:30,1796.9680816152534,1813.0559673160951,1770.788727779074,1775.7125244140625,7400938,0.0,0.0,1727.68291015625,1569.2775512695312,1731.5684191897205,1619.70306471661,67.06981635115237,72.98691190450245,-2.6189593164505425,75.60587122095299
2024-08-05 00:00:00+05:30,1740.3678829585922,1752.6044736236083,1675.6264276618872,1708.1434326171875,10736703,0.0,0.0,1732.774969482422,1575.1302221679687,1729.3374680875747,1623.1713144382013,51.854433845673555,62.27182394837587,-10.667237818061693,72.93906176643756
2024-08-06 00:00:00+05:30,1716.2360922033895,1752.068201133107,1701.2695072438298,1707.3634033203125,7690163,0.0,0.0,1737.135760498047,1581.1076538085938,1727.244700014502,1626.472964982598,51.70859741325952,53.10493704227679,-15.867299779328619,68.9722368216054
2024-08-07 00:00:00+05:30,1751.1419625968092,1752.9945307935927,1718.0886467368307,1746.900634765625,5094329,0.0,0.0,1743.6927917480468,1587.7556567382812,1729.1166938003234,1631.1956186995794,58.13555580569642,48.47168585459144,-16.400440773611166,64.87212662820261
2024-08-08 00:00:00+05:30,1735.492850191383,1735.492850191383,1683.9628873956328,1699.612060546875,6227910,0.0,0.0,1748.3192810058595,1593.54056640625,1726.3067287285667,1633.8786164190813,49.628129025917204,40.516953951010464,-19.484138141753718,60.00109209276418
2024-08-09 00:00:00+05:30,1727.010094678858,1736.2728164287234,1712.140988711969,1726.5225830078125,4258524,0.0,0.0,1754.0743530273437,1600.1732470703125,1726.327286278971,1637.511713148051,53.77380304125701,35.969590816017444,-19.225201021397396,55.19479183741484
2024-08-12 00:00:00+05:30,1728.7652841315069,1758.4546990040476,1723.9388468966088,1752.507080078125,4315329,0.0,0.0,1758.2498901367187,1607.7774584960937,1728.8205999741288,1642.0213353806032,57.41806300218989,34.06976942736105,-16.900017928043034,50.96978735540409
2024-08-13 00:00:00+05:30,1764.7922546522138,1764.7922546522138,1744.365563180685,1752.5556640625,4176918,0.0,0.0,1762.6569885253907,1615.3933618164062,1731.0810822682595,1646.356014936756,57.42482135966241,32.19692154124277,-15.018292651329055,47.21521419257183
2024-08-14 00:00:00+05:30,1756.9921783945222,1779.4177167425098,1752.5557742866815,1777.71142578125,7450718,0.0,0.0,1767.39560546875,1623.5318823242187,1735.5220673647348,1651.507207518893,60.88638800036537,32.36940152209013,-11.876650136385358,44.24605165847549
2024-08-16 00:00:00+05:30,1803.7932417323864,1815.3472449089315,1783.805262567244,1812.5196533203125,7335657,0.0,0.0,1772.3145935058594,1632.60544921875,1742.8551707890754,1657.821421079733,65.11314394043606,34.91237804556181,-7.466938890330944,42.37931693589275
2024-08-19 00:00:00+05:30,1813.5434730155096,1820.90494708712,1803.0131729829857,1818.2236328125,2585989,0.0,0.0,1775.8173706054688,1641.0823046875,1750.033119553211,1664.1117038927828,65.766000272578,36.96189501864933,-4.333937533794739,41.29583255244407
2024-08-20 00:00:00+05:30,1833.043950660172,1838.6015363062695,1821.538627191082,1825.438720703125,3870333,0.0,0.0,1778.8082580566406,1648.8815161132814,1757.2146053770123,1670.4382535716197,66.61700015788912,38.72198632480877,-2.0590769821082446,40.78106330691701
2024-08-21 00:00:00+05:30,1828.2662272635985,1832.0688420652468,1820.4660406023304,1825.9261474609373,1966902,0.0,0.0,1780.5535400390625,1655.49412109375,1763.7585617659574,1676.5358180378676,66.67726512453915,39.69858208866435,-0.865984974602128,40.56456706326648
2024-08-22 00:00:00+05:30,1836.9440574204723,1846.3530568904168,1823.001175405798,1833.2877197265625,4300287,0.0,0.0,1782.810723876953,1662.9140502929688,1770.380386333634,1682.6829514374242,67.62777792051136,40.59856365602377,0.027197274205825295,40.571366381817946
2024-08-23 00:00:00+05:30,1831.28891751955,1835.5790443195535,1810.6184688760036,1815.591064453125,5015935,0.0,0.0,1784.626708984375,1670.0580493164061,1774.6861652021569,1687.895034300785,62.97720950274681,39.4293167293672,-0.9136397219605925,40.342956451327794
2024-08-26 00:00:00+05:30,1823.2937434663284,1841.575432070603,1817.4436031129603,1829.2901611328125,3728589,0.0,0.0,1784.4926452636719,1677.6817602539063,1779.886545766981,1693.4399412353744,64.98457189591085,39.1567085677807,-0.9489983068376802,40.10570687461838
2024-08-27 00:00:00+05:30,1829.2900840518048,1855.225681387936,1827.0962815117325,1852.641845703125,3830679,0.0,0.0,1785.906427001953,1685.601875,1786.8156219513758,1699.6831531752862,68.15427604775157,40.35970882208676,0.20320155797470107,40.15650726411206
2024-08-28 00:00:00+05:30,1859.272020838988,1902.27052609718,1850.0092991588629,1890.667724609375,6514531,0.0,0.0,1788.9265563964843,1694.3809838867187,1796.7062983949947,1707.1727442119172,72.51709900864846,43.87569413268716,2.975349494860083,40.900344637827075
2024-08-29 00:00:00+05:30,1884.720166993276,1901.7830759029405,1872.922408065732,1885.0614013671875,7228284,0.0,0.0,1792.1002563476563,1702.8666137695313,1805.121070106632,1714.148769982712,70.97328517338958,45.68314750335139,3.826242292419451,41.85690521093194
2024-08-30 00:00:00+05:30,1889.5952465616888,1901.295526726158,1879.8450130912988,1895.15283203125,13466759,0.0,0.0,1796.541485595703,1711.2976391601562,1813.6955236232623,1721.2469684944194,72.12368589577638,47.38365219142247,4.421397584392423,42.96225460703005
2024-09-02 00:00:00+05:30,1894.8117029397852,1926.4024849433151,1894.2755114819656,1915.4334716796875,5573739,0.0,0.0,1803.5275329589845,1720.0553002929687,1823.3848520095885,1728.862125482077,74.32590251918576,49.79380059771938,5.465236792551465,44.32856380516792
2024-09-03 00:00:00+05:30,1917.8710125060368,1917.8710125060368,1888.0840002650075,1892.76416015625,4694322,0.0,0.0,1812.7585693359374,1728.022216796875,1829.9924051664134,1735.2896562536132,67.87153455062163,49.3062646623473,3.9821606857435086,45.324103976603794
2024-09-04 00:00:00+05:30,1873.1173360302705,1879.0649546678148,1852.5931659020605,1874.43359375,4778310,0.0,0.0,1821.112078857422,1735.7307495117188,1834.2248993172313,1740.7462812534716,63.09992795091008,46.90012990379546,1.260820741753328,45.63930916204213
2024-09-05 00:00:00+05:30,1878.1387700081425,1891.545341370952,1861.9046070627132,1884.866455078125,4081810,0.0,0.0,1828.0103698730468,1743.3593334960938,1839.0479046277926,1746.398052776007,64.62431097300947,45.31275821995109,-0.26124075367282984,45.57399897362392
2024-09-06 00:00:00+05:30,1873.994888945443,1888.132727597737,1849.473027754597,1854.34814453125,5848106,0.0,0.0,1835.7471740722656,1750.4019262695313,1840.5050703328836,1750.6313897075852,57.18260416796478,41.118197133770536,-3.564641471882709,44.682838605653245
2024-09-09 00:00:00+05:30,1842.7942423455024,1872.8736906980237,1841.819218936854,1847.328125,4772612,0.0,0.0,1841.787451171875,1756.6674291992188,1841.1548850630852,1754.4234185425819,55.596660166416314,36.80327509926951,-6.303650805106983,43.106925904376496
2024-09-10 00:00:00+05:30,1857.3220347286265,1886.670214257235,1848.644302962128,1864.5372314453125,6909600,0.0,0.0,1847.3889587402343,1763.4058178710939,1843.3817751947258,1758.7416072838655,58.62605275796417,34.37603384737167,-6.984713645603861,41.360747492975534
2024-09-11 00:00:00+05:30,1866.877202898836,1877.895014611819,1857.419523798295,1862.44091796875,5312946,0.0,0.0,1852.8832214355468,1769.6332934570312,1845.1969316493946,1762.808246918567,58.10600464469112,31.915372146502477,-7.556300277178451,39.47167242368093
2024-09-12 00:00:00+05:30,1876.9200766599956,1907.535835740706,1863.0747917550168,1901.734375,8555092,0.0,0.0,1859.0843688964844,1776.0567456054687,1850.581450063738,1768.2563303727409,64.46834631500307,32.7583161366731,-5.370685029606264,38.129001166279366
2024-09-13 00:00:00+05:30,1901.734221068696,1909.680685073812,1887.303947086156,1895.5428466796875,3843127,0.0,0.0,1863.235528564453,1782.2325415039063,1854.8634878366854,1773.2479584632094,62.84868681414364,32.55151710471159,-4.461987249254221,37.013504353965814
2024-09-16 00:00:00+05:30,1897.1517015233924,1903.2455975195487,1884.768952467765,1901.539306640625,1570181,0.0,0.0,1867.4013122558595,1788.0748803710937,1859.308803913251,1778.2789917250689,63.79732289187491,32.49688769359477,-3.613293328296834,36.110181021891606
2024-09-17 00:00:00+05:30,1899.1018225052496,1909.5345252500708,1893.6417152834613,1903.781982421875,2793127,0.0,0.0,1871.3184753417968,1794.0244750976562,1863.5443447235962,1783.2006776347475,64.16585787387105,32.26265488175295,-3.0780209121109294,35.34067579386388
2024-09-18 00:00:00+05:30,1890.3265684033404,1890.3265684033404,1834.311523114536,1844.8905029296875,6385468,0.0,0.0,1872.2666931152344,1798.5193334960939,1861.7677883622716,1785.6198864698433,49.82292651004771,27.01357776333475,-6.6616784244233,33.67525618775805
2024-09-19 00:00:00+05:30,1862.8795667117413,1876.8224480606875,1831.873895960651,1846.88916015625,7976570,0.0,0.0,1872.9467651367188,1803.1419165039063,1860.3507761521744,1788.0226030849965,50.229534728525934,22.75264295913371,-8.738090582899474,31.490733542033183
2024-09-20 00:00:00+05:30,1857.4194893204567,1867.169722860197,1820.758635015316,1858.1507568359373,15242974,0.0,0.0,1875.0747497558593,1808.1632861328126,1860.1412505030091,1790.772726761504,52.56214509592191,20.053375335314513,-9.149886565374938,29.20326190068945
2024-09-23 00:00:00+05:30,1861.3195986178432,1870.972353708828,1831.5325872912213,1849.0830078125,3636672,0.0,0.0,1876.0643920898438,1812.9165234375,1859.0880845324843,1793.0594044497782,50.50943682549939,16.986682826631068,-9.773263259246708,26.759946085877775
2024-09-24 00:00:00+05:30,1840.8440975119731,1863.172156185441,1824.6587335944864,1851.1793212890625,7277616,0.0,0.0,1875.9912658691405,1816.5601831054687,1858.3348689854918,1795.3386168748482,50.985994822878006,14.55765036551793,-9.761836576287877,24.319486941805806
2024-09-25 00:00:00+05:30,1839.235383142048,1854.1044901242792,1829.9239810020888,1847.9619140625,4268341,0.0,0.0,1873.855975341797,1820.2311474609376,1857.3469685166353,1797.4022755880894,50.18722610421953,12.232003839558274,-9.669986481798027,21.9019903213563
2024-09-26 00:00:00+05:30,1850.399326383558,1870.0459512988607,1845.7191667831537,1852.7880859375,8952803,0.0,0.0,1872.2423095703125,1823.6281274414061,1856.9127892233844,1799.5742681508113,51.41675324757426,10.65551381819887,-8.997181202525947,19.652695020724817
2024-09-27 00:00:00+05:30,1883.8426736989857,1925.2811678990213,1855.7620713951017,1859.1258544921875,14908931,0.0,0.0,1870.4409606933593,1826.5278466796874,1857.1235573442227,1801.9096244779241,53.055458224371655,9.804518685391486,-7.878541068266664,17.68305975365815
2024-09-30 00:00:00+05:30,1833.044033110499,1853.7632808251788,1823.78131060276,1828.75390625,6986955,0.0,0.0,1866.106982421875,1828.1395629882813,1854.4216858114396,1802.9623414101625,45.18917452757356,6.6032187223008805,-8.863872825085815,15.467091547386696
2024-10-01 00:00:00+05:30,1828.1688539454187,1861.2708503856263,1828.1688539454187,1856.7857666015625,4029072,0.0,0.0,1864.3080627441407,1829.9628588867188,1854.6468363628799,1805.073063966688,52.22908375947709,6.255987169892251,-7.368883501995558,13.624870671887809
2024-10-03 00:00:00+05:30,1842.3066380228452,1864.0983863063177,1834.0189394659812,1846.1092529296875,7503887,0.0,0.0,1862.891845703125,1831.0646337890626,1853.8337331787661,1806.6823262789626,49.615249079520254,5.060958655919421,-6.851129612774711,11.912088268694133
2024-10-04 00:00:00+05:30,1842.355444469921,1905.2931311832976,1838.8940639202567,1870.2410888671875,10001483,0.0,0.0,1862.160577392578,1832.7065747070312,1855.3963384824253,1809.1748267726186,55.08651754953155,5.992054753594402,-4.736026812079784,10.728081565674186
2024-10-07 00:00:00+05:30,1875.164938110668,1893.4954254714787,1868.1936160815956,1885.98779296875,6112575,0.0,0.0,1863.7425598144532,1834.8409033203125,1858.3098103382658,1812.1870999567807,58.27080934146044,7.90940780969072,-2.254939004786774,10.164346814477494
2024-10-08 00:00:00+05:30,1889.497813238808,1909.0469604018251,1858.7357782951613,1899.8818359375,5637391,0.0,0.0,1866.3702453613282,1836.199111328125,1862.2690508715264,1815.6261092109264,60.9046238034901,10.429828500040458,0.21238534845037016,10.217443151590087
2024-10-09 00:00:00+05:30,1903.7818495832903,1927.621122380497,1896.5178543658285,1903.976806640625,4857163,0.0,0.0,1868.3422241210938,1837.7913232421874,1866.2412180876308,1819.0908424434635,61.672450337673155,12.612322960249912,1.9159038469278578,10.696419113322055
2024-10-10 00:00:00+05:30,1908.998256653625,1914.9458753338329,1866.2921859597157,1871.06982421875,4782119,0.0,0.0,1868.7736694335938,1838.6074169921876,1866.7010853382135,1821.1292338856317,52.71306999858609,11.553465914392746,0.6856374408565529,10.867828473536193
2024-10-11 00:00:00+05:30,1870.094824366297,1898.370502106976,1862.3921159361064,1886.7677001953125,4709431,0.0,0.0,1868.0253356933595,1839.9110229492187,1868.61219151508,1823.7032913879723,55.9970892391165,11.844465846231515,0.7813098981562554,11.06315594807526
2024-10-14 00:00:00+05:30,1883.891391955165,1920.3084903207136,1882.8675698277727,1909.9732666015625,3751378,0.0,0.0,1868.7468566894531,1841.9839233398438,1872.5513415233163,1827.0864276708583,60.37775043475689,13.788633872572746,2.180382339597987,11.608251532974759
2024-10-15 00:00:00+05:30,1911.045749980717,1941.7101864726117,1903.0018074106451,1910.36328125,5353705,0.0,0.0,1869.188055419922,1844.6769384765626,1876.1524786401435,1830.3521866347462,60.44901751481195,15.18581929111906,2.8620542065154417,12.323765084603618
2024-10-16 00:00:00+05:30,1906.1706731299528,1910.6070770365927,1868.4859963760691,1872.142333984375,3111512,0.0,0.0,1867.6060729980468,1847.9569165039063,1875.7705601014989,1831.991015942575,50.80493444738132,13.05845800763882,0.5877543384281587,12.47070366921066
2024-10-17 00:00:00+05:30,1886.865188588284,1928.596236666682,1881.9413919550384,1918.9434814453125,8162822,0.0,0.0,1871.3087219238282,1852.1885180664062,1879.882266896148,1835.4009165505254,59.35579895473426,14.976332491736912,2.004503058021001,12.97182943371591
2024-10-18 00:00:00+05:30,1846.4993341440768,1888.474019455993,1822.5624624334712,1832.6539306640625,10526196,0.0,0.0,1870.5969604492188,1853.903583984375,1875.3843301121397,1835.2931916138014,44.12664491409124,9.424773321608882,-2.837644889685624,12.262418211294506
2024-10-21 00:00:00+05:30,1843.86673306473,1851.3744846784607,1792.0930141849954,1806.474609375,4654601,0.0,0.0,1868.0131530761719,1856.0408349609374,1868.8214995657454,1834.1630511338483,40.71363636486728,2.879477420852936,-7.506352632353256,10.385830053206192
2024-10-22 00:00:00+05:30,1811.7884020054903,1830.8989555222813,1800.819388950836,1805.353271484375,4125240,0.0,0.0,1865.8266662597657,1857.6174487304688,1862.7769064151387,1833.033255853477,40.56889507269986,-2.370869426237732,-10.20535958355514,7.834490157317408
2024-10-23 00:00:00+05:30,1799.161833587424,1838.8940350336711,1797.9430544019565,1826.6087646484373,4311910,0.0,0.0,1864.5981384277343,1859.099482421875,1859.3323214849765,1832.781315021907,44.590126624073214,-4.761775684503391,-10.07701267345664,5.315236988953249
2024-10-24 00:00:00+05:30,1814.90844450391,1836.9439478876664,1813.543388041964,1816.8096923828125,2906475,0.0,0.0,1863.04052734375,1860.3845629882812,1855.2825472847705,1832.1549768791974,43.14091087360906,-7.362419962915283,-10.142125561494826,2.7797055985795427
2024-10-25 00:00:00+05:30,1816.9071737708173,1829.4849985119592,1800.283097433777,1815.542236328125,4689120,0.0,0.0,1861.1782348632812,1861.1411791992186,1851.49775576509,1831.5034968575867,42.94648476007721,-9.417167160188228,-9.757498207014216,0.34033104682598836
2024-10-28 00:00:00+05:30,1813.250859943176,1834.8964495297284,1810.6183445306103,1818.759765625,7018940,0.0,0.0,1859.159930419922,1861.2659814453125,1848.3798519422244,1831.003742691603,43.64087531807268,-10.663024682401556,-8.802684583382035,-1.8603400990195205
2024-10-29 00:00:00+05:30,1820.3868971098543,1825.9091734808055,1803.6227707551047,1813.7799072265625,4621252,21.0,0.0,1858.41123046875,1861.1771069335937,1845.0846191121614,1830.3282981635623,42.77317049953262,-11.914861591333647,-8.0436171938513,-3.871244397482346
2024-10-30 00:00:00+05:30,1806.5812347424808,1813.4841106394224,1771.4258498491638,1777.0960693359375,5919715,0.0,0.0,1854.4267456054688,1860.21025390625,1838.6095191334734,1828.2407597781653,36.945644050763946,-15.686209638423634,-9.45197219275303,-6.234237445670604
2024-10-31 00:00:00+05:30,1763.0931679230189,1763.0931679230189,1722.2675629117984,1732.868408203125,7395236,0.0,0.0,1848.7647033691405,1858.3490991210938,1828.538937140107,1824.5006675595364,31.392460179526243,-21.990341792596837,-12.604883477540987,-9.38545831505585
2024-11-01 00:00:00+05:30,1740.017715602962,1741.4969032331146,1727.7405064233335,1736.4183349609375,371966,0.0,0.0,1842.0735656738282,1856.4117114257813,1819.7655464563768,1821.046458438023,32.272403258712735,-26.395689445042763,-13.60818490398953,-12.787504541053233
2024-11-04 00:00:00+05:30,1700.5727434953685,1742.4830604559677,1694.1629303131592,1739.1795654296875,7336722,0.0,0.0,1834.733154296875,1854.8834814453126,1812.0906911205018,1817.8359920455393,32.99230850297875,-29.32609797358259,-13.230874746023485,-16.095223227559107
2024-11-05 00:00:00+05:30,1735.580169412054,1743.9128783247852,1720.7882929682014,1729.860595703125,3160880,0.0,0.0,1826.2320922851563,1852.8948901367187,1804.259253461704,1814.3859765026996,31.765123205675746,-32.03119514109767,-12.74877753083085,-19.28241761026682
2024-11-06 00:00:00+05:30,1739.5247398383508,1801.8478002805573,1738.1934949801216,1798.3963623046875,10421494,0.0,0.0,1820.9530700683595,1851.80998046875,1803.7008828753214,1813.7589328086601,47.292660780236126,-28.31830475835841,-7.228709718473269,-21.08959503988514
2024-11-07 00:00:00+05:30,1787.7955014436675,1800.3685968171349,1762.2056025400752,1778.032958984375,4550965,0.0,0.0,1816.3012268066407,1849.55728515625,1801.2563186952314,1812.3579142273156,44.08282119148303,-26.711060367138998,-4.497172261803087,-22.21388810533591
2024-11-08 00:00:00+05:30,1792.775423572222,1815.0618266546207,1787.9927409344914,1804.5595703125,4210960,0.0,0.0,1812.1908203125,1847.9472485351562,1801.570914087352,1812.0520968188914,48.94411104783264,-23.031340805197715,-0.6539621598894421,-22.377378645308273
2024-11-11 00:00:00+05:30,1803.6227934762044,1842.081672068644,1797.262334782709,1834.291259765625,3804234,0.0,0.0,1808.406719970703,1846.7300170898438,1804.6871374852828,1812.9242208560183,53.79294237243084,-17.514145513339827,3.8905865055747597,-21.404732018914586
2024-11-12 00:00:00+05:30,1845.1386209364089,1854.901283345124,1835.1787816614965,1842.87060546875,5012450,0.0,0.0,1805.0320861816406,1845.278759765625,1808.3236582456132,1814.0985888800471,55.11754941345552,-12.30757295777903,7.277727248908448,-19.585300206687478
2024-11-13 00:00:00+05:30,1835.2774347702136,1847.2095246339784,1830.544106425298,1842.4761962890625,4257495,0.0,0.0,1803.548779296875,1844.2730004882812,1811.5762809164178,1815.2114362294203,55.03943516783341,-8.119555044448589,9.172596129791113,-17.292151174239702
2024-11-14 00:00:00+05:30,1839.714924537372,1849.9706494411496,1830.2481478479608,1838.6795654296875,4311431,0.0,0.0,1799.5355834960938,1843.557919921875,1814.1575461081577,1816.1317550215877,54.24251249489381,-5.048679026553373,9.794777718149064,-14.843456744702436
2024-11-18 00:00:00+05:30,1823.5425071201328,1823.5425071201328,1770.0945742542924,1786.3162841796875,4839244,0.0,0.0,1797.218701171875,1841.5869165039062,1811.5059973530651,1814.9625208709251,44.641916246574404,-6.762315077757194,6.464913333556195,-13.227228411313389
2024-11-19 00:00:00+05:30,1800.1713565147516,1833.8967865305349,1795.2900854570928,1799.4317626953125,4669769,0.0,0.0,1796.8665588378906,1840.4885888671874,1810.356070242803,1814.353471530705,47.16439248727893,-6.981595007479427,4.996506723067171,-11.978101730546598
2024-11-21 00:00:00+05:30,1816.442429577535,1841.095557014798,1795.339328415918,1808.602783203125,5436504,0.0,0.0,1797.029034423828,1839.71408203125,1810.1890905247385,1814.1279543413882,48.9172183856924,-6.342241806411266,4.508687939308265,-10.850929745719531
2024-11-22 00:00:00+05:30,1828.374498334409,1887.492769480848,1808.553408176173,1875.8564453125,6301486,0.0,0.0,1799.4914184570312,1839.9404663085938,1816.443124314049,1816.5486794775102,59.522238944821055,-0.4040832976306774,8.357477158471083,-8.76156045610176
2024-11-25 00:00:00+05:30,1889.4157296228743,1892.6699906690037,1855.8874755481472,1863.4805908203125,12764638,0.0,0.0,1801.8249633789062,1839.961259765625,1820.9228830289314,1818.3891465889926,57.17016816368672,3.265677378505643,9.621790267685922,-6.356112889180279
2024-11-26 00:00:00+05:30,1878.518962558038,1911.702096274213,1870.9752018384395,1897.45263671875,6850495,0.0,0.0,1805.9204833984375,1839.875625,1828.2114309993904,1821.489675613689,61.65005519091742,8.813651058219875,12.135811157920124,-3.3221600997002487
2024-11-27 00:00:00+05:30,1903.3200059027893,1914.4632675339487,1885.224634635848,1897.7977294921875,4447143,0.0,0.0,1809.872381591797,1839.92072265625,1834.838697522514,1824.4821483148066,61.69388682143524,13.087442383988446,13.127681986950956,-0.040239602962509835
2024-11-28 00:00:00+05:30,1888.3309462638708,1888.3309462638708,1825.9585347392867,1830.88916015625,8468790,0.0,0.0,1810.7278442382812,1838.5077197265625,1834.4625511066793,1824.7334036811378,49.80753690893615,10.949274018302503,8.79161089701201,2.157663121290493
2024-11-29 00:00:00+05:30,1825.416165279565,1850.9568296791745,1819.4008261897047,1832.072509765625,5244346,0.0,0.0,1813.4766662597656,1837.0735302734374,1834.2349281218171,1825.0212117628826,49.99105129484652,9.243691090740185,5.6688223755597535,3.5748687151804317
2024-12-02 00:00:00+05:30,1833.206567276144,1856.6763928884145,1809.7367416638729,1853.718017578125,2868263,0.0,0.0,1819.5191467285156,1837.2500805664063,1836.0904604509892,1826.1465766968138,53.35086063366349,9.528774137200116,4.763124337615747,4.765649799584369
2024-12-03 00:00:00+05:30,1860.8180760709477,1873.391171179535,1845.1880172073568,1865.8472900390625,4715792,0.0,0.0,1825.9905944824218,1837.6292431640625,1838.9244442212819,1827.7034674161177,55.16847632608078,10.611117072054412,4.676373817976034,5.934743254078378
2024-12-04 00:00:00+05:30,1857.8597084036323,1887.3941073159904,1848.9845824080735,1863.036865234375,4705573,0.0,0.0,1832.1834594726563,1837.7269653320313,1841.220865270148,1829.089090859971,54.63726263223025,11.11398870813855,4.1433963632481365,6.970592344890413
2024-12-05 00:00:00+05:30,1873.6377142854976,1922.845381488632,1862.7409836386184,1908.004150390625,9050038,0.0,0.0,1841.0906372070312,1838.9053881835937,1847.5811781387647,1832.1837990768595,61.09261172824213,14.968455173852362,6.398290263169558,8.570164910682804
2024-12-06 00:00:00+05:30,1905.9826538933169,1911.061101890244,1885.8656776464572,1895.7269287109373,3573331,0.0,0.0,1845.9571655273437,1839.7963403320311,1852.166487717067,1834.67568651349,58.639057975595065,16.838376115005076,6.614568963457817,10.223807151547259
2024-12-09 00:00:00+05:30,1897.501891311903,1903.4186419806356,1870.876513302606,1896.9595947265625,4274645,0.0,0.0,1851.903497314453,1840.7762939453125,1856.4324979084474,1837.1181927179243,58.817890080011686,18.20985589504653,6.388838994799416,11.821016900247114
2024-12-10 00:00:00+05:30,1912.096617063394,1938.3275213087989,1905.193741189519,1921.51416015625,6174921,0.0,0.0,1857.7512268066407,1842.1508154296876,1862.630751455857,1840.4278384998195,62.31342208020965,21.035626117161655,7.371687373531632,13.663938743630023
2024-12-11 00:00:00+05:30,1927.8745911898272,1950.5554687332367,1924.9162158580784,1946.7589111328125,5025612,0.0,0.0,1863.374609375,1843.9034765625,1870.6429571393767,1844.5976844854272,65.5508950664215,25.02365270963128,9.087771172801002,15.935881536830276
2024-12-12 00:00:00+05:30,1947.7942178498488,1971.0668661345264,1943.2088325103296,1959.4305419921875,6462130,0.0,0.0,1869.2026062011719,1846.5170092773437,1879.0989176015491,1849.1009337994178,67.07962351680945,28.873847484996304,10.35037275853282,18.523474726463483
2024-12-13 00:00:00+05:30,1942.419946638723,1978.6106902340607,1926.6912991940403,1971.954345703125,5362693,0.0,0.0,1875.676513671875,1848.820380859375,1887.9422917064612,1853.9187146583868,68.5644049035151,32.5603850268526,11.229528240311293,21.330856786541307
2024-12-16 00:00:00+05:30,1967.7632564033931,1971.8556995891383,1950.1609476784477,1952.5770263671875,3119221,0.0,0.0,1881.37138671875,1850.949736328125,1894.0979807217684,1857.787668058732,63.771831853151106,33.53187033311133,9.760810837256013,23.771059495855315
2024-12-17 00:00:00+05:30,1940.6942746330092,1954.5000265866995,1930.8330232375165,1949.1749267578125,5811050,0.0,0.0,1889.5143188476563,1852.5284130859375,1899.3434041537726,1861.3714821253625,62.940001447579625,33.63948340669049,7.894739128668135,25.744744278022353
2024-12-18 00:00:00+05:30,1939.5109539146308,1957.4090287235867,1934.3830310124576,1951.6895751953125,3064095,0.0,0.0,1897.1272094726562,1853.8424487304687,1904.3287537767765,1864.9133681281057,63.32083940037222,33.54103844332167,6.237035332239451,27.304003111082217
2024-12-19 00:00:00+05:30,1907.165976992173,1932.558698764432,1893.360225349003,1919.1966552734373,5323592,0.0,0.0,1902.6569030761718,1854.2287451171876,1905.744744395506,1867.0421244867464,55.398890482935535,30.48964734214701,2.5485153848518323,27.941131957295177
2024-12-20 00:00:00+05:30,1947.7449759219587,1952.4783040802065,1884.7315592319007,1895.4803466796875,11056720,0.0,0.0,1903.6380981445313,1854.0588159179688,1904.7671827082852,1868.1573488864697,50.438763015816036,25.859596678851858,-1.6652282227546564,27.524824901606515
2024-12-23 00:00:00+05:30,1903.270805285977,1913.0827019209628,1882.5128236943904,1897.6005859375,2781793,0.0,0.0,1905.3440979003906,1854.5894311523436,1904.084649682496,1869.311985633569,50.86233647021787,22.10650374465581,-4.334656925560566,26.441160670216377
2024-12-24 00:00:00+05:30,1900.312385244756,1915.0549070531515,1814.4701488042217,1882.5621337890625,2360544,0.0,0.0,1904.5995727539062,1854.5053198242188,1902.034886264074,1869.8315992867258,47.7454462625794,17.714471744545335,-6.981351140536837,24.695822885082173
2024-12-26 00:00:00+05:30,1882.5621891003143,1893.113679625016,1875.9058446088604,1880.93505859375,3623321,0.0,0.0,1903.7564392089844,1853.9245556640626,1900.0253788669004,1870.267029063472,47.40694806159039,13.941751538057133,-8.603257077620032,22.545008615677165
2024-12-27 00:00:00+05:30,1882.907278073787,1897.4526232065396,1877.4835900581843,1890.1552734375,3937500,0.0,0.0,1906.719744873047,1853.5203955078125,1899.085368826005,1871.0469602153946,49.58805019719602,11.562551973067457,-8.785965314087765,20.34851728715522
2024-12-30 00:00:00+05:30,1889.1198086927784,1889.415694373852,1860.325003881144,1879.554443359375,7789055,0.0,0.0,1909.0938415527344,1853.6686376953126,1897.2252806863257,1871.3805870053548,47.16612172467484,8.721089493147247,-9.301942235206383,18.02303172835363
2024-12-31 00:00:00+05:30,1866.0445478376716,1870.6792875898643,1819.450137537924,1853.9151611328125,3613063,0.0,0.0,1909.1036987304688,1852.3680712890625,1893.1005073955148,1870.6956683436865,41.84309382997126,4.350187948148914,-10.938275024163774,15.288462972312688
2025-01-01 00:00:00+05:30,1847.998429848315,1866.6854522663125,1847.998429848315,1856.3804931640625,1838368,0.0,0.0,1908.6303588867188,1852.8426025390625,1889.6033631829955,1870.1342889248779,42.51489100394412,1.07278230771567,-11.372544531677615,12.445326839393285
2025-01-02 00:00:00+05:30,1860.818117320804,1935.4185073607875,1859.141752753138,1930.68505859375,7083645,0.0,0.0,1912.0127685546875,1855.3268115234375,1893.5159056030673,1872.5088289118924,58.19082008942555,4.420218637291555,-6.420086561681385,10.84030519897294
2025-01-03 00:00:00+05:30,1925.8530263652965,1925.8530263652965,1895.3325017126049,1911.85009765625,6218003,0.0,0.0,1912.2050659179688,1857.456748046875,1895.262019131942,1874.0516237646123,54.159161295291014,5.489977069868019,-4.280262503283938,9.770239573151956
2025-01-06 00:00:00+05:30,1924.9162188256444,1945.6248461798136,1901.2492161351647,1910.9625244140625,7164403,0.0,0.0,1912.966845703125,1859.1438232421874,1896.7573053492868,1875.4991100645907,53.96940287089849,6.194739491229257,-2.86040006553816,9.055139556767417
2025-01-07 00:00:00+05:30,1918.013387115037,1931.375430841724,1896.9596395631563,1904.0596923828125,4294832,0.0,0.0,1913.3218505859375,1860.8888232421875,1897.4527707810512,1876.6191329005994,52.43081077512518,6.125655192181512,-2.3435874916687247,8.469242683850236
2025-01-08 00:00:00+05:30,1903.221440652574,1911.7020924267945,1862.5437803277457,1906.3277587890625,5482050,0.0,0.0,1912.5625305175781,1862.7045336914061,1898.2980077341952,1877.7841770530881,52.90587871801642,6.182649654769193,-1.8292744232648346,8.011924078034028
2025-01-09 00:00:00+05:30,1907.2153497813904,1924.7683048137867,1884.04140929985,1890.69775390625,6833503,0.0,0.0,1909.75947265625,1864.1432934570312,1897.5741740362955,1878.2905918316437,49.255227546005266,4.910007893725833,-2.4815329474465564,7.3915408411723895
2025-01-10 00:00:00+05:30,1910.1242932060773,1950.3582448997247,1905.440199043595,1939.65869140625,8036913,0.0,0.0,1908.7708801269532,1866.660869140625,1901.5822233096246,1880.6971839718244,58.83705128849677,7.762685198963027,0.29691548623250874,7.465769712730518
2025-01-13 00:00:00+05:30,1928.8606819489096,1955.2888825925093,1921.9578062977632,1934.974609375,5804152,0.0,0.0,1906.921893310547,1869.8184399414063,1904.762450553946,1882.8257104582235,57.71425894490859,9.535566171240134,1.655837166807692,7.879729004432442
2025-01-14 00:00:00+05:30,1941.5324112023416,1944.4415525214629,1904.30618806105,1913.132080078125,5792162,0.0,0.0,1904.9496459960938,1873.4237133789063,1905.5595581276775,1884.014195541357,52.66705667620069,9.073484069755523,0.9550040522584631,8.11848001749706
2025-01-15 00:00:00+05:30,1919.985621292584,1930.8823520910328,1910.222958464928,1922.598876953125,2985439,0.0,0.0,1903.6208435058593,1877.14732421875,1907.1823503967678,1885.5273203026027,54.52332644319977,9.36323848090251,0.995806770724359,8.36743171017815
2025-01-16 00:00:00+05:30,1938.6725617632849,1939.6586868478057,1890.2538441886263,1901.69287109375,7533579,0.0,0.0,1901.1210083007813,1880.3975903320313,1906.6595428440994,1886.1612634708831,49.871899713987695,7.815834905630027,-0.44127744363849963,8.257112349268526
2025-01-17 00:00:00+05:30,1825.3175372033904,1832.2204128168012,1786.858658785815,1790.2607421875,16409953,0.0,0.0,1894.6742126464844,1881.6055932617187,1895.573942781566,1882.400458714672,33.47787040091795,-2.3747603427959803,-8.505498153651606,6.130737810855626
2025-01-20 00:00:00+05:30,1797.656758277206,1802.5873839291105,1768.270301617817,1788.1407470703125,4333011,0.0,0.0,1889.3072326660156,1881.4004809570313,1885.3422098566848,1878.703999434501,33.25390467640096,-10.500898562816474,-13.30530909893768,2.8044105361212064
2025-01-21 00:00:00+05:30,1793.810946341272,1806.236098768633,1768.1716932405016,1775.7154541015625,7169109,0.0,0.0,1883.2129760742187,1881.354130859375,1874.901566451435,1874.6652329508563,31.906615161292997,-17.73905417358401,-16.434771767764172,-1.304282405819837
2025-01-22 00:00:00+05:30,1782.3225305814187,1839.9122605214925,1780.103749105465,1830.69189453125,8373913,0.0,0.0,1880.6194641113282,1881.87677734375,1870.6911215066555,1872.9407883069503,42.9250197493374,-18.822234356591025,-14.014361560616951,-4.807872795974075
2025-01-23 00:00:00+05:30,1832.220432769354,1853.4714767898429,1826.9939215973595,1839.5670166015625,5907471,0.0,0.0,1878.5510620117188,1881.9822924804687,1867.7269210395036,1871.6320129459546,44.486703918895806,-18.748394456111782,-11.152417328110165,-7.595977128001617
2025-01-24 00:00:00+05:30,1839.616447739169,1868.60855091582,1838.3837913147927,1849.4283447265625,4887027,0.0,0.0,1876.514715576172,1882.113447265625,1865.9841994858903,1870.7612808589197,46.24664752302529,-17.690227111507056,-8.075399986804351,-9.614827124702705
2025-01-27 00:00:00+05:30,1823.0988176934152,1837.151100669551,1786.8587194918016,1796.719970703125,7652371,0.0,0.0,1872.3729919433595,1881.1983227539063,1859.387606268484,1867.8577000684963,39.10966371189962,-20.864237209638077,-8.999528067948297,-11.86470914168978
2025-01-28 00:00:00+05:30,1804.6089580362327,1837.6441493445463,1799.57974403178,1804.3624267578125,6999495,0.0,0.0,1869.8953552246094,1880.5119799804688,1854.1471129817533,1865.3676893504305,40.54244376179388,-22.503573558971766,-8.511091533825589,-13.992482025146177
2025-01-29 00:00:00+05:30,1819.4007926053775,1862.4451768959957,1814.963229696584,1855.1478271484373,5145155,0.0,0.0,1869.833721923828,1881.8886108398438,1854.242419092866,1864.9669104405486,49.11164225575584,-19.480245897699433,-4.390211098042604,-15.090034799656829
2025-01-30 00:00:00+05:30,1847.1602339434603,1861.0152192135097,1818.414663533007,1834.143310546875,7336056,0.0,0.0,1865.0066345214843,1882.582841796875,1852.3282182789621,1863.7581418172674,46.149162026018,-18.565118759246843,-2.7800671676720103,-15.785051591574833
2025-01-31 00:00:00+05:30,1845.0400685173024,1871.123029352383,1845.0400685173024,1853.718017578125,5820470,0.0,0.0,1862.100030517578,1883.485146484375,1852.4605801169778,1863.3644114549481,49.22316240215201,-16.075055411707126,-0.2320030561058335,-15.843052355601293
2025-02-01 00:00:00+05:30,1854.2111142217132,1864.3681307478305,1820.386974401532,1825.6627197265625,1701402,0.0,0.0,1857.8350402832032,1882.4812719726563,1849.9084029369383,1861.8859137401096,45.23738332643079,-16.178989023169834,-0.26874933405483326,-15.910239689115
2025-02-03 00:00:00+05:30,1810.525757012148,1850.513179589174,1806.975730583523,1837.447021484375,4823228,0.0,0.0,1854.5044067382812,1881.9606005859375,1848.7216047033608,1860.9275258085122,47.17237221079741,-15.135984287673864,0.6194043211529099,-15.755388608826774
2025-02-04 00:00:00+05:30,1862.7903932312308,1884.6823232329093,1848.984641243281,1872.4544677734373,7334787,0.0,0.0,1852.8107421875,1881.4606372070311,1850.9818773767013,1861.3795627483132,52.53756750733351,-11.353708687942344,3.521343936707545,-14.87505262464989
2025-02-05 00:00:00+05:30,1879.5544090414844,1893.0642745340083,1868.0167937158456,1870.7286376953125,4996744,0.0,0.0,1851.8122863769531,1880.9192553710936,1852.862521216569,1861.7461931383916,52.25580625771928,-8.398673410191577,5.18110337156665,-13.579776781758227
2025-02-06 00:00:00+05:30,1890.4018014395583,1897.3046770838343,1873.6376748748885,1889.070556640625,4765255,0.0,0.0,1849.2828796386718,1882.0828833007813,1856.3109055426694,1862.817736805146,55.016965609209066,-4.524590431584784,7.244149080138756,-11.76873951172354
2025-02-07 00:00:00+05:30,1892.6699423538048,1897.008796469081,1863.2340119765795,1877.237060546875,4126260,0.0,0.0,1846.3960021972657,1882.9861743164063,1858.303872685927,1863.3832004812923,52.89170844902198,-2.3817605449232815,7.509583173440207,-9.891343718363489
2025-02-10 00:00:00+05:30,1878.568301204317,1878.568301204317,1852.534574687111,1854.2110595703125,3828734,0.0,0.0,1843.449951171875,1882.99603515625,1857.9140809606304,1863.0235086808618,48.93086330815967,-2.512594637037637,5.902999265060682,-8.415593902098319
2025-02-11 00:00:00+05:30,1856.972194364576,1876.5961083803957,1844.0539793333369,1849.6256103515625,4411601,0.0,0.0,1839.801287841797,1882.6716015625,1857.1247028073858,1862.4981009032422,48.15744971587614,-2.9522572436139853,4.370669326787468,-7.322926570401453
2025-02-12 00:00:00+05:30,1858.8458824242405,1868.31265965994,1821.3731272347864,1837.299072265625,5633947,0.0,0.0,1836.5815979003905,1882.156845703125,1855.2365475176944,1861.5099037017671,46.05025402615231,-4.24639187107914,2.4612277594578504,-6.707619630536991
2025-02-13 00:00:00+05:30,1842.5748307737583,1847.505456491644,1810.180643882573,1817.6751708984373,5237744,0.0,0.0,1837.9523193359375,1880.3502661132814,1851.6592735539555,1859.790894572225,42.83669515132164,-6.777362507403495,-0.055794301493202525,-6.721568205910293
2025-02-14 00:00:00+05:30,1828.2759758276584,1833.5024871238693,1802.981842378024,1830.6427001953125,5292961,0.0,0.0,1840.0774169921874,1879.0485815429688,1849.6576951388465,1858.6478281260715,45.5411472145343,-7.648635027765522,-0.7416534574841833,-6.906981570281339
2025-02-17 00:00:00+05:30,1813.0403122036323,1827.0432401752385,1796.8678368321998,1816.73828125,4428956,0.0,0.0,1842.1285583496094,1877.4441552734374,1846.5225128637182,1857.0043164838726,43.18205171465799,-9.353276433626434,-1.9570358906760763,-7.396240542950357
2025-02-18 00:00:00+05:30,1816.7383832854173,1835.819880561048,1812.1035229277,1826.25439453125,4365260,0.0,0.0,1841.9066833496095,1875.5389599609375,1844.5922158796736,1855.798437191613,45.27156912476094,-9.823111502008942,-1.9414967672468677,-7.881614734762074
2025-02-19 00:00:00+05:30,1821.7675703475045,1823.5425233371384,1780.8433778768451,1785.6754150390625,4611411,0.0,0.0,1839.2121032714845,1872.3172900390625,1838.9810919900915,1853.048514754258,38.73061580060932,-13.316341198813689,-4.347781171241291,-8.968560027572398
2025-02-20 00:00:00+05:30,1780.4982655923657,1805.5951018447556,1780.4982655923657,1799.8262939453125,2218020,0.0,0.0,1836.732000732422,1869.125205078125,1835.2520636048746,1850.9613688401816,41.884009004988386,-14.772603855369425,-4.643235062237622,-10.129368793131803
2025-02-21 00:00:00+05:30,1796.5227152827192,1804.4609499348012,1781.1390677643708,1789.8170166015625,3379879,0.0,0.0,1836.3868530273437,1865.4824584960938,1830.9249162712258,1848.563551105334,40.30390480203554,-16.543662490002816,-5.131434957496811,-11.412227532506005
2025-02-24 00:00:00+05:30,1775.0745611201182,1782.9142076324636,1725.9654822503978,1739.623291015625,7594720,0.0,0.0,1833.1498962402343,1861.2233837890626,1822.22952338974,1844.2913840429924,33.48233126659265,-21.746770156584944,-8.267634099263152,-13.479136057321792
2025-02-25 00:00:00+05:30,1720.9362904431496,1753.7741849650602,1720.9362904431496,1743.17333984375,5092963,0.0,0.0,1827.551171875,1857.1033520507813,1814.700363052027,1840.3259705449827,34.32893672953072,-25.29225779332637,-9.450497388803662,-15.84176040452271
2025-02-27 00:00:00+05:30,1730.846721957405,1751.2102292840527,1726.8036331353665,1739.820556640625,5757079,0.0,0.0,1822.8350341796875,1852.8659716796874,1807.5689529176077,1836.3845817644196,33.89022990475359,-28.049289128420924,-9.76602297911857,-18.283266149302353
2025-02-28 00:00:00+05:30,1730.6989486606933,1730.7481826909784,1659.106168289425,1664.2833251953125,12182167,0.0,0.0,1813.363299560547,1847.767705078125,1793.9227026583414,1829.6355128793568,25.86909883576637,-35.91546844781146,-14.10576183880729,-21.809706609004174
2025-03-03 00:00:00+05:30,1668.8195437500424,1704.615812415331,1668.8195437500424,1684.893310546875,7504969,0.0,0.0,1806.3248291015625,1843.5559643554689,1783.538951028678,1823.9593480820045,30.689274294907385,-40.02503496974123,-14.572262688589642,-25.452772281151585
2025-03-04 00:00:00+05:30,1671.4821123578995,1675.4266129180364,1646.8289838570458,1664.8751220703125,6759673,0.0,0.0,1797.6962341308595,1838.901455078125,1772.237633985024,1817.7207509835066,28.734911418445527,-44.38554759366025,-15.146220250006927,-29.239327343653322
2025-03-05 00:00:00+05:30,1668.9674417970127,1708.9055098893523,1668.9674417970127,1687.753173828125,8180782,0.0,0.0,1788.4611694335938,1835.0052758789063,1764.1914949224622,1812.623983251923,33.91459344024271,-45.471055661991386,-12.985382654670452,-32.48567300732093
2025-03-06 00:00:00+05:30,1691.204542351751,1698.403303714733,1667.6361284442405,1692.042724609375,10610547,0.0,0.0,1779.526873779297,1831.2274291992187,1757.320183464073,1807.8953064424113,34.87042631675435,-45.46114989067564,-10.380381506683769,-35.080768383991874
2025-03-07 00:00:00+05:30,1679.4696488805018,1681.3433106627187,1652.2526199503725,1662.60693359375,8019331,0.0,0.0,1768.2036926269532,1826.6764624023438,1748.2998739526136,1802.1977231934443,31.50314856980047,-47.28346744555574,-9.762159249251098,-37.521308196304645
2025-03-10 00:00:00+05:30,1662.606944415946,1695.14907322124,1652.9428701352483,1677.842529296875,7558981,0.0,0.0,1758.2339660644532,1822.6422241210937,1741.589650652067,1797.3210489229905,35.001729283058374,-46.95699102994968,-7.548546266916027,-39.40844476303365
2025-03-11 00:00:00+05:30,1656.6901357180045,1656.6901357180045,1614.336111648948,1638.54541015625,12671234,0.0,0.0,1747.45068359375,1818.3348291015625,1731.7759134619891,1791.0945532850792,30.652843392118072,-49.30089518244563,-7.9139603355295804,-41.38693484691605
2025-03-12 00:00:00+05:30,1614.1882088567118,1614.1882088567118,1542.1024877383609,1568.777099609375,14870008,0.0,0.0,1733.4082580566405,1812.5827612304688,1716.2522169045974,1782.376221768385,24.76880233181559,-56.14101699589037,-11.80326571917945,-44.33775127671092
2025-03-13 00:00:00+05:30,1577.0605381756682,1583.766236887254,1548.5122651881577,1557.9296875,7822888,0.0,0.0,1719.4397888183594,1805.1276538085938,1701.1738807708261,1773.5743968951151,23.997501890883257,-61.72562374738959,-13.910297976542935,-47.815325770846655
2025-03-17 00:00:00+05:30,1523.711239680789,1571.8834272886888,1523.711239680789,1567.98828125,7526032,0.0,0.0,1706.9554443359375,1798.2504174804687,1688.489537959319,1765.512196281581,26.28965092497848,-64.59520704275337,-13.423905017525371,-51.171302025228
2025-03-18 00:00:00+05:30,1567.98828125,1567.98828125,1567.98828125,1567.98828125,0,0.0,0.0,1693.8227233886719,1791.3909326171874,1677.0132277965267,1757.7661603979896,26.28965092497848,-66.10732834775081,-11.94882105801824,-54.15850728973257
2025-03-19 00:00:00+05:30,1580.7585753901394,1580.7585753901394,1550.9776447654951,1564.536865234375,7387068,0.0,0.0,1681.2126525878907,1784.6004760742187,1666.301193266798,1750.1885409798085,25.977871141247228,-66.81400553840831,-10.124398598940587,-56.68960693946772
2025-03-20 00:00:00+05:30,1569.9112262370732,1609.2576434825316,1569.9112262370732,1593.134521484375,7186750,0.0,0.0,1669.556658935547,1778.336611328125,1659.332938811329,1744.029559823125,33.061516584283794,-64.32496231982464,-6.108284304285533,-58.2166780155391
2025-03-21 00:00:00+05:30,1556.0560901796125,1581.6461093555213,1541.9545731422113,1570.45361328125,10074677,0.0,0.0,1658.7955688476563,1771.931728515625,1650.8682411417976,1737.222659958738,30.56340590408285,-63.45111244887789,-4.187547546671027,-59.263564902206866
2025-03-24 00:00:00+05:30,1575.7785592177397,1584.8016279799526,1550.878900382325,1570.6507568359375,8857726,0.0,0.0,1647.3367919921875,1764.5515698242189,1643.2284807317155,1730.6904284637262,30.61248279911084,-62.027656084669616,-2.211272945970194,-59.81638313869942
2025-03-25 00:00:00+05:30,1582.7307615847424,1613.4485820609125,1582.7307615847424,1605.8553466796875,9890140,0.0,0.0,1638.1387084960938,1757.9691845703126,1639.6691346315224,1725.7949350604306,38.91524994739016,-57.39720126951033,1.935345495351278,-59.33254676486161
2025-03-26 00:00:00+05:30,1603.4394832085677,1615.0264536438078,1572.8696037624018,1577.2578125,6651302,0.0,0.0,1630.0204345703125,1751.25169921875,1633.7251991904252,1719.9699498619825,35.22768562471936,-55.396537673454304,3.148807273125847,-58.54534494658015
2025-03-27 00:00:00+05:30,1573.4120242257595,1597.4733814773151,1563.9944809345598,1581.301025390625,9426573,0.0,0.0,1621.9268188476562,1744.4257421875,1628.7324207333013,1714.5319528238902,36.148921249599404,-52.875231119190175,4.536091061911982,-57.41132218110216
2025-03-28 00:00:00+05:30,1567.938918601529,1576.271627596916,1538.355165420368,1548.857421875,6799047,0.0,0.0,1612.378662109375,1737.369033203125,1621.1252779848917,1708.0349123945218,32.1923324877917,-52.88537548254635,3.6207573588446493,-56.506132841391
2025-04-01 00:00:00+05:30,1517.8930411565275,1525.9299846961485,1496.7899402056196,1505.3199462890625,12680733,0.0,0.0,1604.4304931640625,1731.6702172851562,1610.096198775765,1700.0853058805822,27.795683703706608,-55.76371597940965,0.5939334895850834,-56.35764946899474
2025-04-02 00:00:00+05:30,1513.8992032527772,1534.065533745542,1513.8992032527772,1528.641845703125,6193478,0.0,0.0,1596.617919921875,1726.4802392578124,1602.3386413402757,1693.3620329324467,33.06897951143369,-55.52290569201932,0.6677950215803392,-56.19070071359966
2025-04-03 00:00:00+05:30,1513.3569025396205,1513.3569025396205,1464.4451218569632,1475.7362060546875,10459504,0.0,0.0,1587.1609741210937,1720.480654296875,1590.2812665511722,1684.827686780378,28.062151494512655,-58.921889903859665,-2.184951352207996,-56.73693855165167
2025-04-04 00:00:00+05:30,1440.2357281000195,1451.5761669039568,1427.9091641826965,1431.508544921875,9590254,0.0,0.0,1574.3487426757813,1712.4969873046875,1575.1600549674297,1674.8936027859268,24.695921373464124,-64.44156970545328,-6.16370492304128,-58.277864782411996
2025-04-07 00:00:00+05:30,1333.241140845937,1386.393308036343,1288.8655111580174,1377.3702392578125,21715252,0.0,0.0,1558.6151184082032,1703.2530517578125,1556.322929661752,1663.2260199024713,21.323936704715344,-72.35045353796068,-11.25807100443894,-61.092382533521736
2025-04-08 00:00:00+05:30,1411.1450129990185,1436.2912029581205,1395.3670114560523,1408.9755859375,12805001,0.0,0.0,1545.9335510253907,1694.4439965820313,1542.2898493070613,1653.255414648943,27.543742673560924,-75.20114166547205,-11.287007305560245,-63.914134359911806
2025-04-09 00:00:00+05:30,1385.5551200692491,1389.8939742084822,1362.7262999262337,1384.2237548828125,8546854,0.0,0.0,1531.2526123046875,1686.194072265625,1527.2359355523708,1642.7051534816437,25.822047179030132,-78.55209875360606,-11.710371514955398,-66.84172723865066
2025-04-11 00:00:00+05:30,1391.669116387415,1418.836912390297,1377.6661874236538,1389.89404296875,12567440,0.0,0.0,1518.8200439453126,1677.9047045898437,1514.1557553063117,1632.7909922850597,26.94858173554884,-79.82998119752688,-10.390603167100963,-69.43937803042591
2025-04-15 00:00:00+05:30,1425.5423828430714,1427.6132214230709,1389.450229211409,1406.21435546875,10178530,0.0,0.0,1510.6919067382812,1668.92603515625,1503.8756219884485,1623.9056339785377,30.23277823117605,-78.61952250034187,-7.344115575932761,-71.27540692440911
2025-04-16 00:00:00+05:30,1405.2283214187144,1407.6936342633087,1377.4196406823328,1393.493408203125,12022740,0.0,0.0,1502.4700927734375,1660.113037109375,1493.36303019937,1614.8698604187177,29.133350760134647,-77.78998486988667,-5.2116623563820355,-72.57832251350463
2025-04-17 00:00:00+05:30,1378.6028759920416,1409.9617020085943,1359.1762598672565,1399.8045654296875,14264227,0.0,0.0,1494.0609069824218,1651.0347680664063,1484.4527002213051,1606.4359272818929,30.484015109623645,-75.75011253313892,-2.5374320157074237,-73.2126805174315
2025-04-21 00:00:00+05:30,1390.436423661214,1451.379004423389,1390.436423661214,1430.8675537109375,15648970,0.0,0.0,1487.2048706054688,1643.1388647460938,1479.3493529346035,1599.5508930242083,36.86242403536127,-70.81071363110709,1.9215735090595274,-72.73228714016662
2025-04-22 00:00:00+05:30,1420.0201414292796,1420.0201414292796,1399.6074000468734,1403.058837890625,9399738,0.0,0.0,1479.1309692382813,1634.4511010742187,1472.0835895970818,1591.8453222346561,33.866566025784635,-68.35221360371543,3.504058829160954,-71.85627243287638
2025-04-23 00:00:00+05:30,1425.9368740316995,1467.1569507677636,1419.6256494074153,1454.4359130859375,11136642,0.0,0.0,1472.1960388183593,1626.0907299804687,1470.4028585007823,1586.4567179543142,43.07185623595754,-61.548639622472365,8.246106248323215,-69.79474587079558
2025-04-24 00:00:00+05:30,1449.505309419441,1462.324935726995,1441.22183449924,1450.9844970703125,7114292,0.0,0.0,1466.2225830078125,1617.6958471679689,1468.5534907454994,1581.1440818412161,42.642447230717394,-55.79212180226091,11.202099254827743,-66.99422105708865
2025-04-25 00:00:00+05:30,1455.027613605307,1480.864043581714,1443.194112173071,1459.662353515625,8329979,0.0,0.0,1460.673162841797,1609.1076831054688,1467.7067157712256,1576.3800924951145,44.15009480844749,-49.95397118050619,13.632199901265977,-63.586171081772164
2025-04-28 00:00:00+05:30,1459.6623489459623,1468.9319491141807,1444.9691810148831,1461.5360107421875,5886253,0.0,0.0,1453.4571960449218,1600.793662109375,1467.1190295779838,1571.8764030146074,44.489366612436804,-44.66117998948516,15.139992873829605,-59.80117286331477
2025-04-29 00:00:00+05:30,1461.4374722845366,1488.8517996048886,1453.647059524298,1476.722412109375,8056743,0.0,0.0,1448.4304260253907,1593.2438891601562,1468.0336374381163,1568.1448739595003,47.28456438916349,-38.79399612689281,16.805741389137573,-55.59973751603038
2025-04-30 00:00:00+05:30,1476.0321142425894,1487.8656155741658,1462.0290654409305,1479.2862548828125,7704183,0.0,0.0,1443.3296875,1585.8371020507811,1469.1053152899922,1564.6602222310028,47.76279512884835,-33.55057976114722,17.639326203906535,-51.189905965053754
2025-05-02 00:00:00+05:30,1478.8917703842976,1502.065710329334,1475.440332520143,1485.991943359375,7402310,0.0,0.0,1440.1864135742187,1578.8109594726564,1470.7135655823142,1561.5751916870174,49.0643375152776,-28.525220510524832,18.131748363623146,-46.65696887414798
2025-05-05 00:00:00+05:30,1493.979559817003,1501.8685607929344,1481.9488814793483,1487.6683349609375,4282493,0.0,0.0,1439.3038330078125,1572.2108227539063,1472.3283055231354,1558.6768835801124,49.403738889782396,-24.129170251815367,18.02223889786609,-42.151409149681456
2025-05-06 00:00:00+05:30,1485.10438816728,1494.571164972708,1478.3001009589232,1490.528076171875,4270530,0.0,0.0,1437.39814453125,1565.4085302734375,1474.0616170134915,1556.004381328809,50.015612820890674,-20.181867528001703,17.5756332973438,-37.7575008253455
2025-05-07 00:00:00+05:30,1479.1876719914237,1497.72687229769,1475.8348225262564,1487.37255859375,5691799,0.0,0.0,1437.979962158203,1558.8212158203125,1475.329325735421,1553.312937299983,49.30704559657753,-17.110980841468518,16.517215987101586,-33.628196828570104
2025-05-08 00:00:00+05:30,1487.0767158676624,1495.4587795844232,1480.371016743612,1490.4295654296875,8424409,0.0,0.0,1440.9260131835938,1552.1047192382812,1476.7674438015415,1550.8469227168343,50.04539425551014,-14.26615476292477,15.489633652516268,-29.75578841544104
2025-05-09 00:00:00+05:30,1479.8779633712215,1490.429574694462,1473.369561461306,1486.6822509765625,4478653,0.0,0.0,1446.3916137695312,1546.1248559570313,1477.7117111515436,1548.3306610799611,49.10130013923174,-12.173656227415677,14.065705750420292,-26.23936197783597
2025-05-12 00:00:00+05:30,1515.6743515413357,1609.356240543565,1510.743725804376,1604.3270263671875,11372857,0.0,0.0,1456.1591857910157,1542.2148706054688,1489.7703126006525,1550.5265969735779,68.92262542145028,-1.0107347655575722,20.18290176982272,-21.193636535380293
2025-05-13 00:00:00+05:30,1586.675293741908,1589.8308459268644,1542.8913150101926,1546.8358154296875,12846210,0.0,0.0,1464.2897888183593,1537.3552465820312,1495.2051223938938,1550.381860442445,57.19976175444561,3.160468752457291,19.48328423027007,-16.322815477812778
2025-05-14 00:00:00+05:30,1552.1609377918994,1572.8695652973822,1547.7233747550104,1570.3056640625,4870057,0.0,0.0,1473.310369873047,1533.9688940429687,1502.357554933761,1551.1631860746043,60.177547333819476,8.264727596226521,19.67003445923144,-11.40530686300492
2025-05-15 00:00:00+05:30,1567.7416973152629,1596.1420273386077,1549.2024976963296,1590.6197509765625,11151167,0.0,0.0,1482.5306396484375,1530.917822265625,1510.763478366409,1552.7105023452693,62.602805418083996,13.790102824845917,20.15632775028067,-6.366224925434753
2025-05-16 00:00:00+05:30,1590.2253238143162,1590.2253238143162,1559.5568570553514,1567.84033203125,4576751,0.0,0.0,1491.2479858398438,1527.4782177734376,1516.1993691916318,1553.3038289996216,58.31403251848137,16.144786716874705,18.008809313847568,-1.8640225969728617
2025-05-19 00:00:00+05:30,1554.62619978804,1563.0082630282543,1534.1147498260525,1538.157958984375,8855798,0.0,0.0,1498.1656555175782,1524.9557104492187,1518.2906634576073,1552.709873312749,53.19969853020342,15.437813720088116,13.841469053648781,1.5963446664393337
2025-05-20 00:00:00+05:30,1548.2163771805324,1561.529065774123,1536.382876208452,1538.94677734375,7143998,0.0,0.0,1503.5696166992188,1522.0367797851563,1520.2579123991447,1552.1701440590627,53.316874622198725,14.770913677540875,10.539655208881232,4.231258468659642
2025-05-21 00:00:00+05:30,1546.145531646558,1549.2024953086398,1530.564707285941,1546.7371826171875,4157309,0.0,0.0,1510.7535339355468,1519.6740209960938,1522.779747658006,1551.9570867476168,54.52776379394706,14.701540974536783,8.376226004701714,6.325314969835071
2025-05-22 00:00:00+05:30,1533.9175651094254,1539.1440761948634,1518.6326263378432,1526.028564453125,6158990,0.0,0.0,1514.3331665039063,1516.4395288085936,1523.0891587813508,1550.9402819517545,50.758722403577124,12.827680673060968,5.201892562580717,7.625788110480251
2025-05-23 00:00:00+05:30,1528.4939232420525,1565.1777292492216,1528.4939232420525,1543.088623046875,5038421,0.0,0.0,1518.9383728027344,1513.4604467773438,1524.9938696637814,1550.6323737594064,53.60389627282749,12.574288465160407,3.958800283744125,8.615488181416282
2025-05-26 00:00:00+05:30,1544.86351611358,1561.824939604218,1541.0176042515016,1558.5706787109375,3170102,0.0,0.0,1523.8837890625,1511.3797216796875,1528.1916610016058,1550.943679835937,56.08381200643533,13.467500851372506,3.88161013596498,9.585890715407526
2025-05-27 00:00:00+05:30,1557.9791380318973,1560.9375134619054,1534.805197163501,1548.3150634765625,7775714,0.0,0.0,1528.2227416992187,1508.7891723632813,1530.1081755230302,1550.8405968414518,54.023852232780385,13.195723575703823,2.8878662882370367,10.307857287466787
2025-05-28 00:00:00+05:30,1559.0637576996792,1565.6707476113982,1548.216381776405,1549.991455078125,3623370,0.0,0.0,1531.8861938476562,1507.0180932617188,1532.001821194944,1550.8072971644585,54.31921328769014,12.966143290040236,2.126628802058759,10.839514487981477
2025-05-29 00:00:00+05:30,1566.9528250893914,1586.5767391705513,1554.7248494526432,1563.5999755859375,8609500,0.0,0.0,1536.1018798828125,1506.91455078125,1535.0111692321814,1551.308970828046,56.74830494238123,13.724090362693232,2.3076606997694036,11.416429662923829
2025-05-30 00:00:00+05:30,1571.0,1572.0,1555.0999755859375,1562.699951171875,13148092,22.0,0.0,1539.9372802734374,1507.0099560546876,1537.6481960835808,1551.7556759395688,56.53418872957402,14.08972682974445,2.1386377334564965,11.951089096287953
2025-06-02 00:00:00+05:30,1560.0,1560.0,1539.0,1553.800048828125,4374509,0.0,0.0,1543.2438659667969,1506.72619140625,1539.1864677735375,1551.8358474253946,54.350378641986126,13.505663739987085,1.2436597149593034,12.262004025027782
2025-06-03 00:00:00+05:30,1559.0,1567.300048828125,1535.5999755859375,1543.0,6853403,0.0,0.0,1545.8674621582031,1506.22642578125,1539.549661318915,1551.489343604791,51.738558945007696,12.032611398589097,-0.1835141011509478,12.216125499740045
2025-06-04 00:00:00+05:30,1543.0,1557.300048828125,1541.4000244140625,1551.199951171875,4548307,0.0,0.0,1549.0588317871093,1505.9596875,1540.6592127334827,1551.4779948819316,53.56318258290637,11.395513943698916,-0.6564892448329029,12.052003188531819
2025-06-05 00:00:00+05:30,1547.9000244140625,1567.699951171875,1541.5999755859375,1554.300048828125,6948539,0.0,0.0,1552.2523559570313,1505.182998046875,1541.9583399805915,1551.5886636641353,54.26714602744166,11.013801346848368,-0.8305614733467621,11.84436282019513
2025-06-06 00:00:00+05:30,1554.699951171875,1568.9000244140625,1543.0999755859375,1563.800048828125,3960020,0.0,0.0,1556.1082458496094,1505.0499267578125,1544.0385027279756,1552.0675415137036,56.44609793269363,11.347060123140864,-0.3978421576434137,11.744902280784277
2025-06-09 00:00:00+05:30,1578.0,1588.0,1572.699951171875,1576.199951171875,1966813,0.0,0.0,1554.7018920898438,1505.1609106445312,1547.1014978178707,1553.0139105199066,59.1799335079717,12.468015076454094,0.5784902365358526,11.889524839918241
