Date,Open,High,Low,Close,Volume,Dividends,Stock Splits,SMA_20,SMA_50,EMA_20,EMA_50,RSI_14,MACD_12_26_9,MACDh_12_26_9,MACDs_12_26_9
2020-06-09 00:00:00+05:30,156.74673400417686,163.03241398894423,156.2723380540702,156.94439697265625,39914264,0.0,0.0,,,,,,,,
2020-06-10 00:00:00+05:30,157.69551312452458,160.6209226318691,156.78626829940063,157.37925720214844,27199665,0.0,0.0,,,,,,,,
2020-06-11 00:00:00+05:30,158.13038554737773,159.11870045704885,153.07021803561804,153.58413696289062,19847133,0.0,0.0,,,,,,,,
2020-06-12 00:00:00+05:30,149.39366407594002,154.33523811962942,148.52395428288452,153.30738830566406,22562768,0.0,0.0,,,,,,,,
2020-06-15 00:00:00+05:30,153.30737424161464,153.34690924321524,147.29842799436844,148.010009765625,24462536,0.0,0.0,,,,,,,,
2020-06-16 00:00:00+05:30,150.85639846835764,150.97499143824206,143.8195886883507,146.27061462402344,27636105,0.0,0.0,,,,,,,,
2020-06-17 00:00:00+05:30,145.4799253868781,146.27057715528505,142.87077213825745,143.26609802246094,24027295,0.0,0.0,,,,,,,,
2020-06-18 00:00:00+05:30,143.2661171725212,148.24722639217637,142.8707912354754,147.53564453125,28887489,0.0,0.0,,,,,,,,
2020-06-19 00:00:00+05:30,147.93096068420624,148.60300749410112,145.16367930791242,145.51947021484375,30531449,0.0,0.0,,,,,,,,
2020-06-22 00:00:00+05:30,147.45659258043443,148.2472445513751,144.80790365202654,146.27061462402344,31395991,0.0,0.0,,,,,,,,
2020-06-23 00:00:00+05:30,146.58685447138228,148.2472282535785,146.072935572526,146.94265747070312,26546793,0.0,0.0,,,,,,,,
2020-06-24 00:00:00+05:30,148.1681735731435,153.93993533667268,147.17985861584026,151.68658447265625,54652978,0.0,0.0,,,,,,,,
2020-06-25 00:00:00+05:30,152.0028155522768,160.89764871203292,151.5284196246673,159.79074096679688,75574255,0.0,0.0,,,,,,,,
2020-06-26 00:00:00+05:30,162.87431002248405,165.56252196408866,152.83303215727724,154.33526611328125,71956002,0.0,0.0,,,,,,,,
2020-06-29 00:00:00+05:30,160.10700762498516,160.5023335697382,155.12589830821864,155.95608520507812,91503336,0.0,0.0,,,,,55.151845611053425,,,
2020-06-30 00:00:00+05:30,157.65597159488723,157.65597159488723,153.38645649751635,153.90037536621094,41210494,0.0,0.0,,,,,51.271407280601565,,,
2020-07-01 00:00:00+05:30,153.90037082323167,161.17437716609,153.90037082323167,160.42324829101562,44297953,0.0,0.0,,,,,60.71626281008803,,,
2020-07-02 00:00:00+05:30,161.64878683171057,163.46728870784412,160.14655297043,162.75570678710938,39320871,0.0,0.0,,,,,63.44474403352135,,,
2020-07-03 00:00:00+05:30,164.4555986889278,164.85092464731466,162.87429485538044,164.0998077392578,37893277,0.0,0.0,,,,,64.95528781574775,,,
2020-07-06 00:00:00+05:30,166.55214571852895,167.88222757628304,165.38830982268226,166.0949249267578,34710176,10.15,0.0,153.70365142822266,,153.70365142822266,,67.12672685363749,,,
2020-07-07 00:00:00+05:30,166.26119527730856,166.67684826550183,161.27335941898932,161.48118591308594,31263172,0.0,0.0,153.93049087524415,,154.44436899820963,,58.15311243170385,,,
2020-07-08 00:00:00+05:30,161.4811991006098,164.55702892748624,161.4811991006098,163.1853790283203,21274354,0.0,0.0,154.22079696655274,,155.27684614393445,,60.26603833739085,,,
2020-07-09 00:00:00+05:30,163.684120218845,163.76725587947422,161.39802908347164,162.47872924804688,18769502,0.0,0.0,154.66552658081054,,155.96273977289752,,58.937174382259535,,,
2020-07-10 00:00:00+05:30,162.229350405402,163.35161850720291,161.27335364069907,161.56431579589844,16191544,0.0,0.0,155.07837295532227,,156.49622320365953,,57.180156116766824,,,
2020-07-13 00:00:00+05:30,162.85285518626904,165.22208257634782,162.18782047336362,164.22451782226562,20297515,0.0,0.0,155.88909835815429,,157.2322512625744,,60.83787182193201,,,
2020-07-14 00:00:00+05:30,164.09980326823663,165.8455509840634,160.23423534926428,162.85284423828125,18474376,0.0,0.0,156.71820983886718,,157.76754583168935,,58.082798030568625,5.256775916955121,,
2020-07-15 00:00:00+05:30,163.2269347674239,166.2611965302112,161.6890136256304,165.1804962158203,23776757,0.0,0.0,157.81392974853514,,158.4735411063685,,61.286646518983304,5.1992269185574,,
2020-07-16 00:00:00+05:30,165.18050834162304,165.3052118590087,159.61076038593362,161.148681640625,22144320,0.0,0.0,158.4945816040039,,158.7283163953453,,53.639004032579074,4.773261988816415,,
2020-07-17 00:00:00+05:30,160.6914466694507,162.4371815970459,160.44205234130212,161.31492614746094,14882294,0.0,0.0,159.28435440063475,,158.97466018126107,,53.89447767631186,4.398394303794703,,
2020-07-20 00:00:00+05:30,162.10466373373785,162.39562589637967,159.9017079927837,160.19265747070312,18914963,0.0,0.0,159.98045654296874,,159.0906599231127,,51.81854722718077,3.9650446925543292,,
2020-07-21 00:00:00+05:30,159.69386692934455,161.43960169173644,159.195078320249,159.8185577392578,28010715,0.0,0.0,160.62425155639647,,159.15998352465033,,51.11179866388052,3.55049735824727,,
2020-07-22 00:00:00+05:30,160.44206477381087,164.5154592718991,160.02641175626215,163.39320373535156,32572133,0.0,0.0,161.20958251953124,,159.56314735424093,,57.12874605038447,3.4704049979144713,,
2020-07-23 00:00:00+05:30,164.30763835930003,167.50817177732202,163.60103581623497,166.84312438964844,31488108,0.0,0.0,161.56220169067382,,160.25647850047022,,61.990818470477585,3.6433131438891735,,
2020-07-24 00:00:00+05:30,167.09248836440923,167.67439996604745,164.0166590259888,165.9286651611328,60183102,0.0,0.0,162.1418716430664,,160.79668675386665,,60.04686659083808,3.6643149363935947,-0.549155536620014,4.213470473013609
2020-07-27 00:00:00+05:30,166.67685333304328,166.67685333304328,162.2293611502674,163.26849365234375,22645697,0.0,0.0,162.5074920654297,,161.032096934674,,54.67554410549347,3.4268033436501923,-0.6293337034907331,4.0561370471409255
2020-07-28 00:00:00+05:30,163.76727417577158,165.13892393634978,162.14623009016398,162.4371795654297,19287132,0.0,0.0,162.93433227539063,,161.1659143280793,,53.07766873389896,3.13535121882785,-0.7366286626504608,3.871979881478311
2020-07-29 00:00:00+05:30,160.8161388728575,164.76484226751532,160.7745710370218,163.51788330078125,14831635,0.0,0.0,163.0890640258789,,161.38991137309853,,54.922006918999706,2.957485023353172,-0.7315958865001115,3.6890809098532835
2020-07-30 00:00:00+05:30,164.9311020362566,164.9311020362566,160.02640180797903,160.73301696777344,16315231,0.0,0.0,162.9879295349121,,161.32735000116278,,49.520349203652735,2.5622730541988687,-0.9014462845235323,3.463719338722401
2020-07-31 00:00:00+05:30,160.85769699242695,163.72569990573518,160.85769699242695,161.39804077148438,16652851,0.0,0.0,162.85284118652345,,161.33408245547912,,50.765627974631734,2.2764846860212913,-0.9497877221608881,3.2262724081821794
2020-08-03 00:00:00+05:30,161.27338155828835,161.27338155828835,159.5276336943347,160.10955810546875,13265411,0.0,0.0,162.55357284545897,,161.21746108881146,,48.2805037192816,1.9238486329120121,-1.0419390202161343,2.9657876531281464
2020-08-04 00:00:00+05:30,160.10951508590784,162.7696913238259,160.10951508590784,160.9823760986328,17187619,0.0,0.0,162.52863235473632,,161.1950720421278,,50.063800499469565,1.6952691305527594,-1.0164148180603094,2.711683948613069
2020-08-05 00:00:00+05:30,161.6890356975724,161.77217138107528,159.36137609145936,160.27581787109375,48768332,0.0,0.0,162.383154296875,,161.10752402583887,,48.60283522291215,1.4404997002334028,-1.0169473987037327,2.4574470989371355
2020-08-06 00:00:00+05:30,161.43963555442798,162.60347165819704,160.52520649224218,162.39564514160156,17886089,0.0,0.0,162.37900009155274,,161.23020222734007,,53.031380364594,1.3935811003344156,-0.8510927988821759,2.2446738992165916
2020-08-07 00:00:00+05:30,162.52030302296805,163.7672618696916,161.39803498702832,162.97752380371094,20911818,0.0,0.0,162.44966049194335,,161.39661380604207,,54.19798353400255,1.3873579184697462,-0.6858527845974765,2.0732107030672227
2020-08-10 00:00:00+05:30,163.26848134176078,165.9702256434454,163.26848134176078,165.30519104003906,16474505,0.0,0.0,162.50369415283203,,161.76885925689893,,58.62514153355522,1.5523547159925783,-0.41668478965971567,1.969039505652294
2020-08-11 00:00:00+05:30,166.26120596659598,172.66225985936526,166.26120596659598,168.79669189453125,55142972,0.0,0.0,162.80088653564454,,162.43817665095915,,64.21295839398397,1.9424593438575357,-0.02126412943580669,1.9637234732933424
2020-08-12 00:00:00+05:30,168.33946785981135,170.33459721981615,166.5937201562648,169.752685546875,21287010,0.0,0.0,163.02949600219728,,163.13479654580829,,65.58352324870465,2.302222185889036,0.27079897007655473,2.0314232158124814
2020-08-13 00:00:00+05:30,169.17076300839247,169.75267464395844,163.8504099336145,167.46658325195312,22698888,0.0,0.0,163.34539108276368,,163.5473476606792,,59.69585533211582,2.375484375510979,0.27524892775879817,2.1002354477521807
2020-08-14 00:00:00+05:30,167.59129500875963,169.04608051166647,162.52032332473794,163.26849365234375,28751298,0.0,0.0,163.4430694580078,,163.52079013607582,,50.69551681029272,2.0709221414794,-0.02345064501822458,2.0943727864976247
2020-08-17 00:00:00+05:30,164.64014951651038,165.84554063329156,163.64258489175086,165.22206115722656,11740766,0.0,0.0,163.69453964233398,159.43175109863282,163.682815947614,159.43175109863282,54.15912654806005,1.9645448970694872,-0.10386231154250991,2.068407208611997
2020-08-18 00:00:00+05:30,166.17804146760773,166.17804146760773,163.97508594452287,165.0557861328125,12488159,0.0,0.0,163.9564010620117,159.59397888183594,163.81357501287098,159.65230149213005,53.81262117864862,1.845548821614841,-0.17828670959772497,2.023835531212566
2020-08-19 00:00:00+05:30,165.0973597480491,167.67440047301622,164.68170679066196,164.97265625,15474353,0.0,0.0,164.03537368774414,159.74584686279297,163.92396370212137,159.86094285518377,53.62788844970059,1.7246549391212511,-0.2393444736730519,1.963999412794303
2020-08-20 00:00:00+05:30,163.76727900025165,163.9335376602617,161.7305818745027,162.76971435546875,16910449,0.0,0.0,163.83170318603516,159.92955841064452,163.81403519291638,159.97501232578318,48.84279157861667,1.4345500659329389,-0.4235594774890914,1.8581095434220303
2020-08-21 00:00:00+05:30,164.5985931365689,165.59615783075492,163.18537542941166,163.6010284423828,17233813,0.0,0.0,163.71532135009767,160.1354312133789,163.7937488357227,160.11720903623808,50.63292027872836,1.2572274278790019,-0.48070569243442285,1.7379331203134247
2020-08-24 00:00:00+05:30,163.97510412552825,165.429889586718,163.22693381937685,163.51788330078125,14737317,0.0,0.0,163.72779083251953,160.44558868408203,163.76747592763303,160.2505688113182,50.442798001723965,1.097339396137727,-0.5124749793405585,1.6098143754782854
2020-08-25 00:00:00+05:30,163.97510066584235,164.84797446108408,162.1877979251226,162.4371795654297,15199264,0.0,0.0,163.72779083251953,160.76891998291015,163.64078103599462,160.33631825265593,47.92392170629489,0.8733557183506946,-0.5891669257020729,1.4625226440527674
2020-08-26 00:00:00+05:30,163.3516218735038,163.39318970863494,160.98239480297627,162.06309509277344,22631175,0.0,0.0,163.65505142211913,161.1448599243164,163.4905252318783,160.40403499148405,47.04813609329517,0.6580756627974154,-0.6435575850042816,1.301633247801697
2020-08-27 00:00:00+05:30,165.01423631272874,165.34675362939436,161.19022374746163,161.48118591308594,47212216,0.0,0.0,163.69245986938478,161.42377075195313,163.2991595824695,160.44627620409588,45.650602737774754,0.4354894093512769,-0.6929150707603362,1.128404480111613
2020-08-28 00:00:00+05:30,161.77215149115594,163.18536914387917,161.31493065755413,162.5618896484375,34645487,0.0,0.0,163.75065231323242,161.764619140625,163.228943398276,160.52924143720733,48.698404787430455,0.3423456123562687,-0.6288470942042755,0.9711927065605442
2020-08-31 00:00:00+05:30,165.42989157556775,165.42989157556775,157.94813768521544,158.86257934570312,96994911,0.0,0.0,163.68830337524415,162.01645843505858,162.81309920279284,160.4638821395013,40.355877870898674,-0.029633348041528507,-0.8006608436816582,0.7710274956401297
2020-09-01 00:00:00+05:30,158.86259346676437,159.9017260439025,156.49336611699994,158.11441040039062,39779151,0.0,0.0,163.54490509033204,162.23989349365235,162.3656050311355,160.37174599286953,38.90428792633058,-0.3804151462921652,-0.921154113545836,0.5407389672536708
2020-09-02 00:00:00+05:30,159.02886672647008,160.44208462403734,157.65720398802026,159.0704345703125,20585374,0.0,0.0,163.48463592529296,162.38757049560547,162.05177927296188,160.3207141723771,41.785796964104925,-0.5746449388162205,-0.892307124855913,0.31766218603969254
2020-09-03 00:00:00+05:30,159.1119726610214,160.6498939251386,157.94814926663045,159.2782440185547,15691462,0.0,0.0,163.32876586914062,162.37732055664063,161.78763305825643,160.27983298987428,42.421494812530675,-0.7036932255343515,-0.8170843292592352,0.11339110372488373
2020-09-04 00:00:00+05:30,157.94811537606213,157.94811537606213,154.37349759639653,155.20480346679688,41389019,0.0,0.0,162.94012985229492,162.39471130371095,161.16069690668886,160.0808122242634,34.47453556283596,-1.1217269617012278,-0.9880944523408892,-0.13363250936033857
2020-09-07 00:00:00+05:30,155.66204528850406,158.36378973276382,150.30012423607155,157.19996643066406,32660563,0.0,0.0,162.53486862182618,162.41958892822265,160.7834844804008,159.96783787941638,40.36707880032447,-1.2773047583131927,-0.9149377991622832,-0.36236695915090944
2020-09-08 00:00:00+05:30,157.61562112105892,158.40535927633383,153.4590911620091,156.41021728515625,25589032,0.0,0.0,161.91554489135743,162.46978576660158,160.36698284275846,159.82832334630817,38.87676321523469,-1.4476399466586543,-0.8682183900061958,-0.5794215566524584
2020-09-09 00:00:00+05:30,154.20725444993352,154.83073391536453,151.54707793437237,152.79403686523438,27829564,0.0,0.0,161.0676124572754,162.31720153808592,159.64574989251807,159.55246897450135,32.88920317360105,-1.8530663533999245,-1.0189158373979728,-0.8341505160019518
2020-09-10 00:00:00+05:30,153.04344615457808,154.37352820006723,152.2952631120622,153.70848083496094,17784303,0.0,0.0,160.37970733642578,162.13625701904297,159.08029569656026,159.32329296902918,35.59067368967828,-2.0766434624822523,-0.9939943571842402,-1.082649105298012
2020-09-11 00:00:00+05:30,153.70846982940495,155.0385644643825,151.92116705558124,152.91873168945312,19255948,0.0,0.0,159.86221923828126,161.91263549804688,158.49348007683577,159.07213370316344,34.306279860010726,-2.2911451924592825,-0.9667968697290164,-1.3243483227302661
2020-09-14 00:00:00+05:30,154.45664945165652,154.498217286479,152.1289902335431,152.41995239257812,30992032,0.0,0.0,159.22211380004882,161.63913604736328,157.91504886881123,158.81126384784636,33.48439977441654,-2.4728808485457137,-0.9188260206523577,-1.554054827893356
2020-09-15 00:00:00+05:30,152.96029449965985,153.126553152389,150.3001180018276,151.1314239501953,30771790,0.0,0.0,158.52589569091796,161.43214080810546,157.26898935275256,158.51009365578162,31.392092925124015,-2.689873949446877,-0.9086552972428168,-1.7812186522040603
2020-09-16 00:00:00+05:30,151.17299232847068,152.5446420743237,149.67663907908056,150.1754150390625,50641398,0.0,0.0,157.7860336303711,161.1719415283203,156.59341084668685,158.18324351394952,29.89931006567854,-2.905491774124272,-0.899418497536169,-2.006073276588103
2020-09-17 00:00:00+05:30,150.3000921588319,150.88200368568943,147.8061747425395,148.47122192382812,33933262,0.0,0.0,157.07110900878905,160.89179138183593,155.81986904450983,157.80237992218008,27.398162291388108,-3.1772591300112936,-0.9369486827385525,-2.240310447272741
2020-09-18 00:00:00+05:30,149.26097170175257,149.51036600004144,147.14113919337834,148.8868865966797,29782789,0.0,0.0,156.3354019165039,160.63824279785158,155.15958500185934,157.45275273294476,28.959135379637463,-3.3208157553931414,-0.8644042464963202,-2.4564115088968212
2020-09-21 00:00:00+05:30,149.63507054031828,150.13385918267485,145.52010863740395,146.10202026367188,23891325,0.0,0.0,155.46460876464843,160.27579284667968,154.29695978869864,157.0076259694439,25.070038781043788,-3.61759942001612,-0.9289503288954388,-2.688649091120681
2020-09-22 00:00:00+05:30,146.10201856176536,146.9333244995279,144.43940668624032,144.81349182128906,18529108,0.0,0.0,154.58342437744142,159.91500579833985,153.39377236323105,156.52942463030055,23.497643310431066,-3.911684623657038,-0.9784284260290854,-2.9332561976279528
2020-09-23 00:00:00+05:30,145.43698095967994,147.5983816156852,142.7352364820347,143.40028381347656,61785000,0.0,0.0,153.65028381347656,159.47940155029298,152.4420115489687,156.0145563629741,21.876986561791927,-4.210250198373217,-1.0215952005962108,-3.188654997777006
2020-09-24 00:00:00+05:30,142.73524635538448,142.77681419486046,138.12149523747044,138.4540252685547,31486355,0.0,0.0,152.49892578125,159.02550842285157,151.10982237940547,155.32590808476158,17.36311016194749,-4.7907623679209905,-1.2816858961151874,-3.509076471805803
2020-09-25 00:00:00+05:30,140.40757447377524,142.31958075826049,138.82809819100018,141.94549560546875,26625318,0.0,0.0,151.46810607910157,158.63811981201172,150.23702935331625,154.80118602675012,28.567188420023555,-4.912462161996103,-1.1227085521522402,-3.789753609843863
2020-09-28 00:00:00+05:30,142.15334677715097,145.3123125758104,141.73769371639906,144.0653533935547,23194638,0.0,0.0,150.72824478149414,158.31557373046874,149.64925069048184,154.38017298231108,34.38412277980511,-4.7827230641507015,-0.7943755634454703,-3.988347500705231
2020-09-29 00:00:00+05:30,145.270718963721,145.270718963721,140.4907096129834,140.82322692871094,25615786,0.0,0.0,149.86368560791016,157.93566711425783,148.8086769988846,153.84852803903266,30.317798672665305,-4.8852028272604855,-0.717484261244203,-4.1677185660162825
2020-09-30 00:00:00+05:30,141.32202701774384,143.067774778323,140.241326627134,142.73524475097656,18481590,0.0,0.0,149.04692611694335,157.5225079345703,148.23025488003623,153.41271300812852,35.185906214261266,-4.757295774618626,-0.47166176688187456,-4.285634007736752
2020-10-01 00:00:00+05:30,145.0628715226976,145.1460071819857,141.4051308389935,142.0286102294922,19756417,0.0,0.0,148.18444442749023,157.02621765136718,147.6396220561749,152.96627760504475,34.23402263958257,-4.659239204893822,-0.2988841577256567,-4.360355047168166
2020-10-05 00:00:00+05:30,142.2364686121903,143.64968634418253,140.2828943430057,140.69854736328125,24298942,0.0,0.0,147.45913162231446,156.52161529541016,146.97856732351835,152.48519014458344,32.45431159635212,-4.635419395093237,-0.22005147834005712,-4.41536791675318
2020-10-06 00:00:00+05:30,140.90637425832313,142.65212202213868,139.7425508722618,141.2388916015625,21885190,0.0,0.0,146.66107788085938,156.08102325439452,146.43193154047495,152.04415882917087,33.95643329887561,-4.520827475015182,-0.08436764660960083,-4.436459828405581
2020-10-07 00:00:00+05:30,141.32200978146895,142.07018005348203,140.49070384157795,140.90635681152344,16286540,0.0,0.0,145.88588485717773,155.6504067993164,145.90568632819384,151.60738227945922,33.4632293051182,-4.406055071025321,0.02432380590420813,-4.430378876929529
2020-10-08 00:00:00+05:30,141.40513656421442,141.65451818273434,138.74494757593752,138.95277404785156,25502126,0.0,0.0,145.1938217163086,155.1591046142578,145.2435042062565,151.11112313312168,30.64697693969412,-4.42176357815211,0.006892239021936142,-4.428655817174046
2020-10-09 00:00:00+05:30,139.2437515783778,140.40757487589013,138.28775477575857,139.5347137451172,22373277,0.0,0.0,144.4851333618164,154.73513854980467,144.6998098766242,150.65714629437642,32.47016006574171,-4.3372578050006325,0.07311840973873096,-4.4103762147393635
2020-10-12 00:00:00+05:30,141.7376764674113,145.64481222604925,141.32202345724292,143.15089416503906,66250422,0.0,0.0,143.9967414855957,154.3701956176758,144.55229409456845,150.36278346577495,42.57288809392608,-3.933151905871057,0.3817794470946456,-4.3149313529657025
2020-10-13 00:00:00+05:30,143.69125274337043,145.35386480781338,140.90637246153915,141.44671630859375,35684395,0.0,0.0,143.44807968139648,153.9969387817383,144.2565247816185,150.01313377333648,39.568589969097864,-3.707668287911929,0.48581045204301887,-4.193478739954948
2020-10-14 00:00:00+05:30,141.77922478611342,142.15330990681863,138.869654115506,139.49313354492188,38216229,0.0,0.0,142.8661651611328,153.56715393066406,143.80286847336168,149.6005847447712,36.3976713702528,-3.6445960636737595,0.4391061410249506,-4.08370220469871
2020-10-15 00:00:00+05:30,139.4100021530184,139.49313782004367,136.7913935431064,137.20704650878906,27116799,0.0,0.0,142.21774673461914,153.10577850341798,143.1746949529262,149.1145636374778,33.05902661832811,-3.7360125625100125,0.27815171375095815,-4.014164276260971
2020-10-16 00:00:00+05:30,137.5811168568183,138.66181698840813,136.16789946230264,137.74737548828125,20227056,0.0,0.0,141.6815544128418,152.61281311035157,142.65780738486478,148.66879155319558,34.58629562326968,-3.7219563673651237,0.23376632711667789,-3.9557226944818016
2020-10-19 00:00:00+05:30,138.66184212385718,140.40757709775082,138.12148561775075,139.8672332763672,19016521,0.0,0.0,141.23057174682617,152.15060729980468,142.3920384221507,148.32363240508468,40.33749167716728,-3.4994227571067427,0.3650399499000474,-3.86446270700679
2020-10-20 00:00:00+05:30,139.65943038287853,139.90882475979294,138.57872987273268,139.20220947265625,16148741,0.0,0.0,140.88558120727538,151.62854766845703,142.08824518886553,147.96592954498945,39.17389797086148,-3.338243932760321,0.42097501939717574,-3.7592189521574966
2020-10-21 00:00:00+05:30,139.78409169951192,140.40757116772514,138.49557761298243,139.36843872070312,16478833,0.0,0.0,140.6133285522461,151.03998260498048,141.82921600142149,147.62877304207626,39.64257975768812,-3.1606611083397524,0.47884627505419575,-3.639507383393948
2020-10-22 00:00:00+05:30,139.28533212814048,140.5738590510378,138.82811126069643,140.11663818359375,22044107,0.0,0.0,140.44914627075195,150.44726165771485,141.66611335210456,147.3341795182142,41.815723069807625,-2.9258249085963257,0.5709459798380982,-3.496770888434424
2020-10-23 00:00:00+05:30,140.44914230957934,142.15332209976663,139.4515776738939,141.94549560546875,20145584,0.0,0.0,140.62371978759765,149.93683990478516,141.6927211857583,147.12285858045948,46.852870390749175,-2.5626019388632244,0.7473351596569597,-3.309937098520184
2020-10-26 00:00:00+05:30,142.56898851023615,142.652124189671,139.86724383001302,140.11663818359375,16080575,0.0,0.0,140.53227691650392,149.47380279541017,141.542618042695,146.84810483940592,42.85721823728882,-2.3947138573259963,0.7321785929553504,-3.1268924502813467
2020-10-27 00:00:00+05:30,140.07506991254212,140.7401172918016,138.62028431997862,138.99436950683594,45885092,0.0,0.0,140.27872772216796,148.94924896240235,141.29992770594652,146.5401152185208,40.57074496639609,-2.325413131107126,0.6411834553393763,-2.9665965864465025
2020-10-28 00:00:00+05:30,140.07506429896972,140.07506429896972,137.16549323044515,137.58114624023438,16820774,0.0,0.0,140.11662368774415,148.39975616455078,140.94575804254538,146.18878310172528,37.833478694135806,-2.357353014953901,0.48739485719408115,-2.844747872147982
2020-10-29 00:00:00+05:30,137.1655000701243,137.95523829115905,135.8769731385814,136.20950317382812,21007139,0.0,0.0,139.79033660888672,147.82449310302735,140.49468615028658,145.79743879082733,35.34117980197736,-2.464931538764233,0.3038530667069992,-2.7687846054712324
2020-10-30 00:00:00+05:30,136.3341738517634,138.66183301544524,135.79383006587386,137.37330627441406,16347325,0.0,0.0,139.5575714111328,147.31656494140626,140.19741187639397,145.46708065292876,39.01222490117987,-2.428287325306627,0.27239782413168445,-2.7006851494383115
2020-11-02 00:00:00+05:30,138.66185287398326,138.99437022296436,136.70827856572902,138.6202850341797,14370649,0.0,0.0,139.45365829467772,146.8169500732422,140.04720931999262,145.1985788639582,42.76204378278162,-2.272430592327993,0.3426036456882553,-2.615034238016248
2020-11-03 00:00:00+05:30,138.99437142842237,141.94551049393803,138.91124843281807,141.40516662597656,22602903,0.0,0.0,139.46197204589845,146.3746957397461,140.17653858722917,145.0498175997236,50.13579916717754,-1.9022681749241315,0.5702128504736934,-2.472481025397825
2020-11-04 00:00:00+05:30,141.3635882193121,142.8183737232471,139.82566704126313,141.15576171875,18808819,0.0,0.0,139.47444229125978,145.9490673828125,140.26979793308828,144.89710952595993,49.52051924811046,-1.6104721632904955,0.6896070896858637,-2.300079252976359
2020-11-05 00:00:00+05:30,142.3611654300717,145.47856321321197,141.48829151384763,145.27073669433594,26997641,0.0,0.0,139.79034042358398,145.61322021484375,140.74607781511187,144.9117615717786,58.55740220998027,-1.0352439833223173,1.0118682157232337,-2.047112199045551
2020-11-06 00:00:00+05:30,146.7254998185524,147.30741144519433,144.14844630592412,144.6056671142578,34252005,0.0,0.0,140.04388809204102,145.2757098388672,141.11365774836386,144.89975786756213,56.78792747307792,-0.6258229657087782,1.1370313866694182,-1.7628543523781963
2020-11-09 00:00:00+05:30,144.60567024892623,147.39055030891848,142.8599353311576,143.64967346191406,35286484,0.0,0.0,140.06882705688477,144.89746551513673,141.35518305441627,144.85073494969356,54.2502472523693,-0.3741812294098281,1.1109384983746946,-1.4851197277845227
2020-11-10 00:00:00+05:30,145.47856257848628,149.26100774247172,142.85995352596314,148.26344299316406,57459436,0.0,0.0,140.40966339111327,144.68548278808595,142.01311257239226,144.9845666376728,62.87316712014756,0.195288141743589,1.3443262956224893,-1.1490381538789003
2020-11-11 00:00:00+05:30,149.3025736147137,154.53979165071635,148.471267553796,154.041015625,63318644,0.0,0.0,141.13705749511718,144.60401489257814,143.15862714883107,145.33972149992093,70.39750260537217,1.1001170824604571,1.799324189071486,-0.6992071066110288
2020-11-12 00:00:00+05:30,153.95787823801993,156.90901725850208,152.83562267905825,156.28553771972656,46367792,0.0,0.0,142.09098205566406,144.5483169555664,144.40880910796398,145.76896919481527,72.71130452592354,1.9755418944822054,2.139799200874587,-0.1642573063923819
2020-11-13 00:00:00+05:30,155.62047650256898,156.9505711408983,154.24882671312895,155.537353515625,28198725,0.0,0.0,142.98048095703126,144.47349914550782,145.46867048012217,146.152043089749,70.72680411358307,2.5792185269984884,2.1947806667126963,0.3844378602857922
2020-11-14 00:00:00+05:30,157.158417475671,157.94815571731272,156.3271113929483,156.78433227539062,7767144,0.0,0.0,143.82633590698242,144.5050897216797,146.54635255586203,146.56899560683297,72.09385388101657,3.1222658349968526,2.190262379768848,0.9320034552280043
2020-11-17 00:00:00+05:30,157.11682799635452,157.44934530975942,154.9554274050554,155.74517822265625,20950589,0.0,0.0,144.65348434448242,144.47599395751953,147.4224311907948,146.92884590549272,69.19392263678868,3.429253393068052,1.997799950272038,1.431453442796014
2020-11-18 00:00:00+05:30,155.28796840567466,156.6596182765573,151.9211764588351,153.0018768310547,26595992,0.0,0.0,145.33515625,144.4078271484375,147.95380696605764,147.16700398100494,62.09306466713769,3.4118520424483165,1.584318879721842,1.8275331627264746
2020-11-19 00:00:00+05:30,151.9627247374843,159.4444780186925,151.8795890715822,156.20237731933594,48984610,0.0,0.0,146.13944320678712,144.47599395751953,148.73938509494127,147.521332347214,66.42240315328236,3.6146475811424637,1.4296915347327914,2.1849560464096722
2020-11-20 00:00:00+05:30,156.95056127369173,159.61073769838714,154.66446997853254,159.36134338378906,45307312,0.0,0.0,147.01023559570314,144.5890512084961,149.75100017006963,147.98564650551108,70.05740062702215,3.9843377025698317,1.4395053249281275,2.544832377641704
2020-11-23 00:00:00+05:30,159.61073611082463,160.02638906944657,156.82585621416897,158.6547393798828,23180456,0.0,0.0,147.93714065551757,144.70377136230468,150.598975332909,148.40404230450605,68.27689207527763,4.1722081312674675,1.3019006029006106,2.870307528366857
2020-11-24 00:00:00+05:30,158.446927515467,163.31005996907837,158.446927515467,162.5618896484375,45411815,0.0,0.0,149.11551666259766,144.90661010742187,151.73830050581648,148.95925200426808,72.44683608894027,4.583535034077471,1.370582004568491,3.21295302950898
2020-11-25 00:00:00+05:30,162.93598456064055,164.55702880886548,160.02641340777197,161.148681640625,41659179,0.0,0.0,150.29389343261718,145.10695526123047,152.63452728056015,149.43726885275268,68.91810563651187,4.740831142105094,1.222302490076891,3.518528652028203
2020-11-26 00:00:00+05:30,162.18777930616486,162.81125870480253,160.06794681385264,161.93838500976562,24222956,0.0,0.0,151.58033752441406,145.34221466064454,153.5206089690559,149.9275087020473,69.8032257277235,4.873038548017121,1.0836079167911339,3.789430631225987
2020-11-27 00:00:00+05:30,161.64742332929254,162.7281234935245,160.60829099536198,160.9823760986328,31385396,0.0,0.0,152.760791015625,145.59243774414062,154.23125345758706,150.36103291367812,67.30448410347925,4.844823826997242,0.8443145566170038,4.000509270380238
2020-12-01 00:00:00+05:30,162.10465410349195,163.22692216732787,159.94325364155674,161.60586547851562,15893346,0.0,0.0,153.9100700378418,145.84681732177734,154.93359745958026,150.80200673975017,68.10635025726683,4.817243653345571,0.6533875063722654,4.1638561469733055
2020-12-02 00:00:00+05:30,162.1046710117033,165.22206853115912,160.89927984112495,162.8944091796875,28425948,0.0,0.0,154.98453216552736,146.18266510009767,155.69177000435238,151.27621860013988,69.75713841702301,4.843527702534232,0.5437372444487405,4.299790458085491
2020-12-03 00:00:00+05:30,163.9335398827619,163.9335398827619,161.7305840671367,163.10223388671875,28009042,0.0,0.0,156.08185577392578,146.54843994140626,156.39752846933965,151.7399839054959,70.02660552550499,4.825502330778136,0.4205694981541157,4.40493283262402
2020-12-04 00:00:00+05:30,163.6425913116468,165.72085631339635,163.35162913751273,164.7648468017578,22152332,0.0,0.0,157.0565612792969,146.97573120117187,157.19441592956994,152.25076284260422,72.16346842069136,4.889018499054629,0.3872685331444874,4.501749965910141
2020-12-07 00:00:00+05:30,164.7648295247356,169.37857988177237,164.26605358745044,168.87979125976562,35693450,0.0,0.0,158.27026748657227,147.5842465209961,158.30730881816,152.90288160406152,76.60834055690009,5.211324245789797,0.5676594239037236,4.643664821886073
2020-12-08 00:00:00+05:30,169.5032885031818,170.16833584082113,165.88711501023792,168.2978973388672,30853963,0.0,0.0,159.50267868041993,148.11129455566407,159.25879343917975,153.5066077113088,74.78968529888849,5.3580357944617845,0.5714967780605686,4.786539016401216
2020-12-09 00:00:00+05:30,170.4177115916433,172.7453706771564,170.1267494491836,170.75022888183594,39684395,0.0,0.0,160.62701797485352,148.64499206542968,160.3532158622899,154.18282814936867,77.24175669459123,5.607548090501865,0.6568072592805194,4.950740831221346
2020-12-10 00:00:00+05:30,171.7893678752406,177.6085094704204,168.8797970776507,176.8187713623047,65227495,0.0,0.0,161.76590576171876,149.36490295410155,161.92136400514843,155.0705121969348,81.92651031260763,6.223231505037887,1.0179925390532336,5.205238965984654
2020-12-11 00:00:00+05:30,178.2735565956594,181.1831273905492,177.3591276709558,179.8114776611328,60322445,0.0,0.0,162.94220275878905,150.10642761230469,163.62518435333743,156.0407461367073,83.70764317668701,6.873418939067648,1.3345439784663942,5.5388749606012535
2020-12-14 00:00:00+05:30,181.18315334964743,181.72350989980856,178.73080300810884,179.47897338867188,26990063,0.0,0.0,164.1392837524414,150.85543487548827,165.13506902336928,156.959892303451,82.7321007333816,7.277970930443701,1.3912767758739575,5.886694154569743
2020-12-15 00:00:00+05:30,178.93863898320092,179.89463592943042,175.90437677584248,177.52542114257812,23255609,0.0,0.0,165.17633819580078,151.59197235107422,166.31510255853203,157.7663836304756,77.05052084736118,7.356148853566253,1.1755637591972077,6.180585094369046
2020-12-16 00:00:00+05:30,177.69166384901956,179.18801723942966,177.4838373415938,177.8994903564453,19551630,0.0,0.0,166.28405380249023,152.32518432617186,167.41837758690474,158.55591722757242,77.37097981916538,7.363408886138103,0.9462590334152452,6.417149852722858
2020-12-17 00:00:00+05:30,178.06573801207824,178.81392100336987,175.61338791307682,177.1097412109375,22386185,0.0,0.0,167.48944702148438,153.04925201416015,168.34136459871738,159.28351816809655,74.99016407239564,7.2221835224301,0.6440269357657931,6.578156586664307
2020-12-18 00:00:00+05:30,177.15131642631448,179.52053095229158,174.36643620915626,178.3151397705078,23775053,0.0,0.0,168.59508514404297,153.8364993286133,169.2912479484117,160.0298562701519,76.19424541900761,7.12538993427782,0.4377866780908093,6.6876032561870105
2020-12-21 00:00:00+05:30,178.31516565015338,178.4814243399218,165.55461142600765,168.7135772705078,41834797,0.0,0.0,169.0626968383789,154.4200765991211,169.23623169337324,160.37039434859722,53.924072172703255,6.20241686738612,-0.3881491110407129,6.590565978426833
2020-12-22 00:00:00+05:30,168.83824957941198,171.45685834201925,163.68414235662533,169.08763122558594,40986353,0.0,0.0,169.58434143066407,154.93881134033202,169.22207926786967,160.7122467751458,54.48223304966026,5.438446069316086,-0.9216959272885976,6.360141996604684
2020-12-23 00:00:00+05:30,168.75512328073293,173.1194799173036,167.92381725471947,172.70382690429688,23695667,0.0,0.0,170.09143829345703,155.5639535522461,169.55367428086277,161.1825048194262,59.58004158868083,5.066388306516615,-1.0350029520704558,6.10139125858707
2020-12-24 00:00:00+05:30,174.57426955681487,175.11461341250603,170.91652803046628,173.4104461669922,22768284,0.0,0.0,170.70452651977538,156.2422998046875,169.92098588906558,161.66203193109547,60.51072079738192,4.773521928623609,-1.06229546397077,5.835817392594379
2020-12-28 00:00:00+05:30,173.74294687057167,174.7405114926927,172.78695008368953,174.15859985351562,15741000,0.0,0.0,171.3155372619629,156.98133087158203,170.32456817139416,162.15209341824922,61.52094683526722,4.549350879015577,-1.0291732108630418,5.578524089878619
2020-12-29 00:00:00+05:30,174.98988873526315,177.4838063894474,174.65737145526035,175.86276245117188,26546469,0.0,0.0,172.05955657958984,157.74363861083984,170.85201524565872,162.68976671365795,63.793090069081295,4.457818430514436,-0.8965645274913463,5.3543829580057825
2020-12-30 00:00:00+05:30,176.81876965478435,177.4838169390413,174.20016103612988,175.53024291992188,18925262,0.0,0.0,172.75577545166016,158.45689880371094,171.2975607384457,163.1933148001781,63.01124588699244,4.308777849503429,-0.8364840868018835,5.145261936305312
2020-12-31 00:00:00+05:30,175.0314772499917,175.6549567372146,173.3688652840639,173.74295043945312,18245270,0.0,0.0,173.29820251464844,159.14771362304688,171.5304549956845,163.60702600171828,58.837159622503094,4.0003292437223195,-0.9159461540663942,4.916275397788714
2021-01-01 00:00:00+05:30,174.49112664088753,178.0657450252525,173.99235064510455,177.77479553222656,19527333,0.0,0.0,174.03183059692384,159.91584075927733,172.1251540944028,164.16262480683625,64.54321067861561,4.034708101366078,-0.705253837138109,4.739961938504187
2021-01-04 00:00:00+05:30,177.89949977769646,179.56211192515156,176.32002331150372,177.4007110595703,26891799,0.0,0.0,174.66362380981445,160.66152221679687,172.6275880910854,164.68176544419836,63.66143669408534,3.985822027896546,-0.6033119284861126,4.589133956382659
2021-01-05 00:00:00+05:30,176.6109384804204,177.27598574701352,175.07303015394044,175.77963256835938,18024083,0.0,0.0,175.00861587524415,161.33820495605468,172.92778280320672,165.1169759196557,59.84586259563996,3.772781697213901,-0.6530818073350062,4.425863504548907
2021-01-06 00:00:00+05:30,175.77963217550922,175.82120000796368,170.00205863654173,170.75022888183594,49067837,0.0,0.0,175.13123245239257,161.95087677001953,172.72039671545713,165.3378878005255,49.86100988917882,3.161669101916914,-1.0113555221055952,4.173024624022509
2021-01-07 00:00:00+05:30,171.33217965219043,172.57913871025667,168.00695549734712,168.5888671875,34952401,0.0,0.0,175.02316436767578,162.5427667236328,172.32691771279454,165.46537718825,46.286950699386566,2.474430447911942,-1.3588753408884537,3.833305788800396
2021-01-08 00:00:00+05:30,169.87739068900856,171.24904055157606,166.46903092452965,167.50816345214844,56427360,0.0,0.0,174.55763397216796,163.14130706787108,171.86798873559016,165.54548645350093,44.56676372745689,1.8215869828610494,-1.6093750447514776,3.430962027612527
2021-01-11 00:00:00+05:30,169.58640588831017,171.33215337575493,167.30031463246286,168.33944702148438,42970983,0.0,0.0,173.98403244018556,163.78390594482423,171.53193714377056,165.65505353459832,46.22232897137656,1.3556543307840627,-1.6602461574627716,3.0159004882468343
2021-01-12 00:00:00+05:30,168.75511997236936,171.99720833637295,167.59129663265605,171.6231231689453,35617404,0.0,0.0,173.59123992919922,164.46890228271485,171.54062152712055,165.8890954810433,52.2845392091804,1.2371040045293569,-1.423037186973982,2.660141191503339
2021-01-13 00:00:00+05:30,172.45442280441895,177.068173524755,170.62555218758666,175.61338806152344,63925996,0.0,0.0,173.4956382751465,165.20876434326172,171.92850405420654,166.27044028812097,58.41867542115901,1.4484363727744096,-0.9693638549831434,2.417800227757553
2021-01-14 00:00:00+05:30,176.23686714500104,179.9777440419468,175.90434982805044,178.024169921875,48304263,0.0,0.0,173.50187225341796,165.94114440917969,172.50904366065114,166.73137086199367,61.6282452211117,1.7898168510255346,-0.5023867013856149,2.2922035524111495
2021-01-15 00:00:00+05:30,178.6476434056466,181.6403498965961,175.57181393061202,181.1000061035156,58321158,0.0,0.0,173.70138549804688,166.740029296875,173.32723055997158,167.29484675381806,65.30760883649556,2.2822492647032675,-0.007963430166305407,2.290212694869573
2021-01-18 00:00:00+05:30,181.55722098866428,184.54992759105696,178.39826841191078,182.6794891357422,67607822,0.0,0.0,173.9196029663086,167.48820434570314,174.21792185290212,167.8981660629131,67.05460600663828,2.7680482436346665,0.3822684390120745,2.385779804622592
2021-01-19 00:00:00+05:30,183.71862298723087,184.3005346407436,180.8090520349444,181.9313201904297,31785089,0.0,0.0,174.5804901123047,168.23471740722655,174.95253121838093,168.44848583261964,65.37525771359905,3.0574322771470293,0.5373219780195497,2.5201102991274795
2021-01-20 00:00:00+05:30,181.64034619539805,182.05599916152025,179.3126870481694,180.9337310791016,44672447,0.0,0.0,175.17279510498048,168.98039855957032,175.5221693003543,168.93810329326598,63.1058199264598,3.169735368286979,0.5197000553275992,2.6500353129593797
2021-01-21 00:00:00+05:30,182.0560253188798,182.471678344722,176.40314163048123,177.6501007080078,28999164,0.0,0.0,175.42010879516602,169.5681317138672,175.72482943441656,169.27975025070683,56.1913118775018,2.9596577563203823,0.2476979546888023,2.71195980163158
2021-01-22 00:00:00+05:30,177.8994860749969,178.5229655822691,173.8676468540809,175.1561737060547,24712182,0.0,0.0,175.50739517211915,169.9904348754883,175.67067174600115,169.51019822934794,51.56963003485448,2.5623929974292423,-0.11965344336187034,2.6820464407911127
2021-01-25 00:00:00+05:30,176.2368745594649,176.65252756550137,171.95565367117845,172.74539184570312,24967899,0.0,0.0,175.4367347717285,170.31963195800782,175.39207366025846,169.63706856724423,47.50234348613948,2.0296315365328894,-0.5219319234065787,2.551563459939468
2021-01-27 00:00:00+05:30,172.91163780957814,176.77720540787456,172.16346752756016,175.11459350585938,48471357,0.0,0.0,175.3993263244629,170.7111767578125,175.36564697888713,169.85187346679777,51.546815863317896,1.7780922732615068,-0.6187769493423692,2.396869222603876
2021-01-28 00:00:00+05:30,173.95078918809213,175.4055747607524,171.0412180427716,171.74783325195312,22131983,0.0,0.0,175.21020584106446,171.01044677734376,175.0210932906077,169.9262248309215,46.11036616291679,1.2921807245377295,-0.8837507984529172,2.1759315229906466
2021-01-29 00:00:00+05:30,173.36887618381104,173.5767026926181,168.21478130234013,168.96295166015625,23764654,0.0,0.0,174.9712059020996,171.27480224609374,174.4441274210409,169.88844941246012,42.150375139919625,0.6745992904422451,-1.2010657860387213,1.8756650764809664
2021-02-01 00:00:00+05:30,169.5864336044115,181.18315042423905,167.75756283777923,179.52053833007812,57744414,0.0,0.0,175.0584930419922,171.80517547607423,174.92759512666348,170.26617838962161,57.16813664341438,1.025252097336221,-0.6803303833157965,1.7055824806520175
2021-02-02 00:00:00+05:30,182.88729859639415,185.79686925588229,180.39338088826156,181.3909454345703,48457781,0.0,0.0,175.25800476074218,172.30894683837892,175.5431522988451,170.70244376393333,59.1894483568413,1.4375025601062816,-0.2144639364365888,1.6519664965428704
2021-02-03 00:00:00+05:30,184.1342809340533,184.54993393841912,179.31270354646531,180.18557739257807,53643263,0.0,0.0,175.47830200195312,172.7254315185547,175.98528802205774,171.07433135721354,57.31236789560948,1.6479543032560287,-0.0032097546294733714,1.651164057885502
2021-02-04 00:00:00+05:30,179.64521856853773,192.36418929289405,179.56208290071342,191.15879821777344,105818897,0.0,0.0,176.49873046875,173.3755126953125,177.43038423117352,171.86195750860804,67.43669562398303,2.6694146886082137,0.8146005045781692,1.8548141840300445
2021-02-05 00:00:00+05:30,192.98769067452443,198.5574512488135,188.914296182757,194.8165740966797,125490301,0.0,0.0,177.81011581420898,174.02060638427736,179.0862118374122,172.76213855127753,69.99159986952318,3.7310718732999533,1.5010061514159267,2.2300657218840265
2021-02-08 00:00:00+05:30,197.43516111277745,197.89238191756195,192.44732546361251,193.7774200439453,41495834,0.0,0.0,179.12357864379882,174.67318115234374,180.4853745237487,173.5862672372645,68.35086760534949,4.437439750281328,1.7658992227178412,2.671540527563487
2021-02-09 00:00:00+05:30,195.0243671365676,198.84836662500308,189.7040018224052,190.3690490722656,70655961,0.0,0.0,180.22505874633788,175.24179443359375,181.42667686170267,174.24441554451946,63.124039851569314,4.668399921112439,1.5974875148391616,3.070912406273277
2021-02-10 00:00:00+05:30,190.3690721818164,192.11481983903215,185.46437190254952,189.16368103027344,47283127,0.0,0.0,181.1020866394043,175.80542053222655,182.16353440156655,174.82948477925493,61.33763982634713,4.699995767603355,1.3032666890640616,3.396729078539293
2021-02-11 00:00:00+05:30,190.3690544206791,190.61844873197367,186.6281778054256,188.2492218017578,43631374,0.0,0.0,181.733878326416,176.3382876586914,182.74312367777523,175.35574897621584,59.95148034518722,4.598240828333161,0.9612093998350941,3.6370314284980667
2021-02-12 00:00:00+05:30,187.66729720423476,187.66729720423476,179.39580646462457,180.7674560546875,110568108,0.0,0.0,181.87104263305665,176.6957485961914,182.55496485652878,175.5679727832147,49.99631309725693,3.8692806786733343,0.18579940014021368,3.6834812785331206
2021-02-15 00:00:00+05:30,181.5987919733816,183.71862479643892,180.80905381549988,181.72349548339844,31776555,0.0,0.0,181.90221710205077,177.068173828125,182.47577729718304,175.80936583028074,51.11341987579715,3.3303289411597916,-0.28252186989866335,3.612850811058455
2021-02-16 00:00:00+05:30,182.09755762449367,184.38364882052545,180.60120448651043,181.43251037597656,29148891,0.0,0.0,181.8398681640625,177.40152709960938,182.37641854278243,176.02988130266095,50.7418516121855,2.8469083525880876,-0.6127539667762942,3.459662319364382
2021-02-17 00:00:00+05:30,180.89220064650712,181.55723533539228,180.01932676144085,181.0168914794922,19850516,0.0,0.0,181.7941467285156,177.6442691040039,182.24693977485003,176.22545032920334,50.18073912576039,2.4025618444138956,-0.8456803799603891,3.248242224374285
2021-02-18 00:00:00+05:30,181.3909636884572,183.3861056665729,181.14156935560237,181.9313201904297,24070563,0.0,0.0,181.84402618408203,177.91693756103516,182.21688076681,176.44920993160437,51.45274053579502,2.099993373703626,-0.9185990805365272,3.018592454240153
2021-02-19 00:00:00+05:30,181.9313334774456,181.97288863202076,177.89949407521598,179.52053833007812,28125203,0.0,0.0,181.93754806518555,178.09234375,181.960086249026,176.5696541825249,47.97499355131438,1.6466936727635186,-1.0975190251813078,2.7442126979448265
2021-02-22 00:00:00+05:30,180.41409545081743,180.41409545081743,175.3080361456056,176.20159912109375,51546288,5.0,0.0,181.9898193359375,178.0800003051758,181.41165890350865,176.5552206507041,43.605264926266244,1.008019911221794,-1.388954229378426,2.39697414060022
2021-02-23 00:00:00+05:30,177.0100571886241,179.1801350060415,176.15904729829418,177.43556213378906,26675953,0.0,0.0,182.2243278503418,178.0324819946289,181.03298302067822,176.58974384611918,45.58957345896006,0.5945828750012936,-1.4419130124791413,2.036495887480435
2021-02-24 00:00:00+05:30,177.9461356062721,178.54183980636768,175.73350516548535,177.73338317871094,13160617,0.0,0.0,182.3552673339844,177.99757019042968,180.71873541668134,176.63459244739727,46.082675608625436,0.28764690006445903,-1.3990791899327808,1.6867260899972398
2021-02-25 00:00:00+05:30,178.28655185938365,179.7332659122408,177.69084760060468,177.9886932373047,25954142,0.0,0.0,182.66731033325195,178.00683563232423,180.45873139959784,176.68769443915835,46.53004044675578,0.06425858363351722,-1.2979740050909783,1.3622325887244955
2021-02-26 00:00:00+05:30,176.3717758183419,177.01003314940948,172.7549842756256,173.4783477783203,43429293,0.0,0.0,182.89308013916016,177.9184127807617,179.7939329594762,176.56183770736078,40.18639215026839,-0.4712926819067036,-1.466820216504959,0.9955275345982556
2021-03-01 00:00:00+05:30,174.83998232703334,176.79730770495857,173.64857365458175,176.07394409179688,16225536,0.0,0.0,182.7207504272461,177.89769683837892,179.4396483054115,176.5427046243975,44.84644856854968,-0.6784571563186148,-1.3391877527334963,0.6607305964148815
2021-03-02 00:00:00+05:30,176.15904492917494,179.3928850660136,175.7335399897325,178.62696838378906,25604169,0.0,0.0,182.58255157470703,177.90393341064453,179.36225021763795,176.62444045809912,49.05108632549743,-0.6293737422508627,-1.0320834709325954,0.4027097286817327
2021-03-03 00:00:00+05:30,180.4140980311256,180.4140980311256,177.69086895980735,178.66952514648438,20846117,0.0,0.0,182.50674896240236,178.10305236816407,179.29627640133762,176.70463985764366,49.12071600787745,-0.580350884150846,-0.786448490266063,0.20609760611521696
2021-03-04 00:00:00+05:30,177.69085294822813,179.8183774974517,176.6696437616767,178.45675659179688,24899212,0.0,0.0,181.87164688110352,178.29043487548827,179.2163221337623,176.77335031780655,48.76190669388097,-0.552301966820778,-0.606719658348796,0.05441769152801798
2021-03-05 00:00:00+05:30,177.01006085004514,178.71208066591095,176.32925032662268,177.47811889648438,17323590,0.0,0.0,181.00472412109374,178.38592071533202,179.05077896830727,176.8009883012841,47.059189043342975,-0.6021002441304404,-0.5252143485267666,-0.0768858956036737
2021-03-08 00:00:00+05:30,178.45675436151885,179.39287034562977,176.75473474341112,177.01004028320312,22988740,0.0,0.0,180.16635513305664,178.45791259765625,178.85642290305924,176.8091864182221,46.227720206227254,-0.6715940516959904,-0.47576652487385335,-0.19582752682213705
2021-03-09 00:00:00+05:30,177.60574739626034,178.49931030715032,174.24426119374982,176.83984375,22593086,0.0,0.0,179.48989486694336,178.51153747558592,178.66436774562501,176.81038866652713,45.9100867459878,-0.7319642049821198,-0.4289093425279862,-0.3030548624541336
2021-03-10 00:00:00+05:30,177.9461665926817,178.03125978729713,175.13783146277382,175.73353576660156,19603214,0.0,0.0,178.81838760375976,178.50895294189453,178.3852408904799,176.76815914103986,43.80320723242296,-0.8591737744092143,-0.4448951295640645,-0.41427864484514976
2021-03-12 00:00:00+05:30,177.01004261827438,177.01004261827438,173.18049842701365,174.62721252441406,30787960,0.0,0.0,178.13728713989258,178.49089233398436,178.02733342704508,176.68420045019178,41.74030847361884,-1.0373019432869057,-0.49841863875340475,-0.538883304533501
2021-03-15 00:00:00+05:30,175.18037754128923,175.3080238207934,171.5635857877049,174.8399658203125,41115805,0.0,0.0,177.84091262817384,178.51283264160156,177.72377460735626,176.61187752352984,42.30304337807154,-1.1480681722985082,-0.48734789421200575,-0.6607202780865025
2021-03-16 00:00:00+05:30,175.64841070353154,177.7759351208969,174.41444913853533,176.88238525390625,48763187,0.0,0.0,177.5988571166992,178.49498443603517,177.64364228798007,176.6224856698191,47.54151655880804,-1.0588393863964143,-0.31849528664792937,-0.7403440997484849
2021-03-17 00:00:00+05:30,180.58429479077293,182.0310089965213,177.4781139082726,179.22268676757812,78578698,0.0,0.0,177.4883659362793,178.53142395019532,177.7940274765132,176.72445434031945,52.82669534327438,-0.7901735286999383,-0.039863543161162696,-0.7503099855387756
2021-03-18 00:00:00+05:30,181.26508446842416,186.45624935861977,180.32896850941225,185.22227478027344,91993104,0.0,0.0,177.69863510131836,178.7202767944336,178.50147960068085,177.0577022007098,63.092497833864066,-0.0920758952617291,0.5265872722216373,-0.6186631674833664
2021-03-19 00:00:00+05:30,186.3711643171416,192.45587978448523,183.43518281881063,189.73265075683597,134184994,0.0,0.0,178.08870162963868,179.09992523193358,179.57111494888608,177.5547590068324,68.62104565487331,0.8157180651949716,1.1475049861426703,-0.3317869209476988
2021-03-22 00:00:00+05:30,190.03047759237649,192.66859999588956,188.4986574628712,192.3282012939453,46050245,0.0,0.0,178.72908477783204,179.5747119140625,180.78607555317745,178.1341096847584,71.2865714898685,1.7247091817302191,1.6451968821423344,0.0795122995878848
2021-03-23 00:00:00+05:30,191.477221106655,194.11535690272095,188.32848717886608,189.09439086914065,41564683,0.0,0.0,179.37372436523438,180.00643646240235,181.5773436785073,178.56392463316556,63.99290342462905,2.1592591202651192,1.6637974565417875,0.4954616637233317
2021-03-24 00:00:00+05:30,188.0731760518054,189.6049963723802,183.1798694350729,183.77557373046875,27609243,0.0,0.0,179.69072494506835,180.31515899658203,181.78669892155125,178.76830302913825,54.17493077470863,2.050818427197356,1.2442854107792196,0.8065330164181366
2021-03-25 00:00:00+05:30,183.0947591916913,183.7755696507643,177.9036070351912,180.0736846923828,40681282,0.0,0.0,179.80774002075196,180.48417022705078,181.6235547092495,178.81949446691257,48.58755282540076,1.6471792324143735,0.6725169727969894,0.9746622596173841
2021-03-26 00:00:00+05:30,182.32885440712764,182.4990537744925,179.00992129468523,179.47796630859375,26079435,0.0,0.0,179.8822036743164,180.5614617919922,181.4192129568061,178.84531689207654,47.734367946211734,1.2646447303030186,0.2319859765485075,1.032658753754511
2021-03-30 00:00:00+05:30,181.47783690257185,182.96710402838423,179.05245381781148,182.5841522216797,27792033,0.0,0.0,180.33749389648438,180.6526614379883,181.53015955346072,178.99193788539432,52.42536062995868,1.1983132162420134,0.1325235699900018,1.0657896462520116
2021-03-31 00:00:00+05:30,182.1586570400442,186.62645865567413,181.00978857330185,185.94564819335935,36485322,0.0,0.0,180.8310791015625,180.74957427978515,181.9506822810701,179.2646324072753,56.93049982001628,1.4008416150319931,0.26804157502398507,1.132800040008008
2021-04-01 00:00:00+05:30,187.22217164081457,187.73278275762337,184.92444758593516,187.2647247314453,29062762,0.0,0.0,181.26296691894532,180.84127899169923,182.45678156205824,179.57836151802707,58.587733653364985,1.6487791827628087,0.4127833142038404,1.2359958685589683
2021-04-05 00:00:00+05:30,185.1797589529795,187.22217751352025,179.1375834845273,180.8821563720703,31378045,0.0,0.0,181.37359848022462,180.82029571533204,182.30681725824985,179.62949072798958,48.80259399736422,1.3150920042227199,0.06327690853100121,1.2518150956917187
2021-04-06 00:00:00+05:30,181.94587781583985,182.92453378399745,178.83968459641642,180.9672088623047,25674227,0.0,0.0,181.49912109375,180.82096527099608,182.17923550625505,179.6819502626686,48.92501187515039,1.0454541911491049,-0.16508872363409122,1.210542914783196
2021-04-07 00:00:00+05:30,181.0097915684285,183.1373161825036,180.79703910702105,181.94590759277344,15204883,0.0,0.0,181.72251052856444,180.90688140869142,182.1570138002092,179.7707329030649,50.394852704891626,0.9003583196199827,-0.24814767613057076,1.1485059957505535
2021-04-08 00:00:00+05:30,182.8394497720828,183.9032119583636,181.13743027403365,181.4778289794922,14116874,0.0,0.0,181.9458999633789,181.03331451416017,182.09232953156948,179.8376778472385,49.65879365806688,0.7390791198454281,-0.32754150072410027,1.0666206205695283
2021-04-09 00:00:00+05:30,181.9033709821805,183.7755902150964,180.8821616719883,181.3502197265625,16364247,0.0,0.0,182.17141876220703,181.20541107177735,182.0216524072831,179.89699321505515,49.44675632496491,0.5941185628670382,-0.37800164616199206,0.9721202090290303
2021-04-12 00:00:00+05:30,178.71206977629336,179.56307963237097,174.45702049590545,174.7123260498047,34511670,0.0,0.0,182.1203582763672,181.19736572265626,181.32552608752326,179.69367293406495,39.90237605502077,-0.05574368889858761,-0.8222911183420945,0.7665474294435068
2021-04-13 00:00:00+05:30,176.1590142047118,178.4567378798716,175.30800447425426,177.60572814941406,20247639,0.0,0.0,182.2692840576172,181.31452362060546,180.97125961722713,179.61179274643158,44.89537170797724,-0.3334470669353493,-0.879995597103085,0.5465485301677356
2021-04-15 00:00:00+05:30,177.8610575396616,179.09501921738234,175.30802800559948,175.9037322998047,17530742,0.0,0.0,182.3224723815918,181.45333923339842,180.48863796794882,179.46637861126976,42.65064301928139,-0.6829927207285493,-0.983633000717028,0.30064027998847864
2021-04-16 00:00:00+05:30,177.01005186961078,178.07381420055796,175.73353707247415,176.96749877929688,13311926,0.0,0.0,182.32672805786132,181.40227844238282,180.15329137855338,179.36838332374143,44.51783166961839,-0.8642110184050296,-0.9318810387148065,0.06767002030977701
2021-04-19 00:00:00+05:30,174.45702498745382,175.39314104739222,173.39326263996932,174.96763610839844,15792299,0.0,0.0,182.11397552490234,181.27381225585938,179.6594194480624,179.19580500157113,41.76481545626243,-1.1558758120590653,-0.9788366658950738,-0.17703914616399147
2021-04-20 00:00:00+05:30,175.47822382715833,176.1590342862099,172.32949006259665,173.22305297851562,21364882,0.0,0.0,181.51401443481444,181.13456176757813,179.04643216524843,178.96157943203954,39.47164583717214,-1.5103847654588947,-1.0666764954359225,-0.44370827002297214
2021-04-22 00:00:00+05:30,171.9039825662957,175.56332736651547,170.67002093207884,175.22291564941406,23139735,0.0,0.0,180.78852767944335,180.81584411621094,178.68228773516898,178.8149651660542,43.313976975601875,-1.6113883789573435,-0.9341440871474971,-0.6772442918098465
2021-04-23 00:00:00+05:30,173.81875157993667,176.15902852899333,173.81875157993667,174.75486755371094,19625381,0.0,0.0,179.90986099243165,180.41460998535158,178.30824771788727,178.65574565184468,42.63188111589174,-1.7094960338745864,-0.8258013936517918,-0.8836946402227945
2021-04-26 00:00:00+05:30,175.1378309778435,175.94628774404123,174.2017149420062,174.7123260498047,19886214,0.0,0.0,179.19075775146484,180.03330810546876,177.9657789875937,178.50110174588232,42.56626810494903,-1.7702731936355747,-0.7092628427302241,-1.0610103509053506
2021-04-27 00:00:00+05:30,174.7123158681963,176.11647685474287,174.49956341657534,174.7974090576172,11444814,0.0,0.0,178.74184951782226,179.7218753051758,177.66402947045307,178.35585889536213,42.75602603146302,-1.7909293245215565,-0.5839351788929648,-1.2069941456285918
2021-04-28 00:00:00+05:30,175.30801220821928,175.7335170922198,174.71230796769424,174.88250732421875,12708021,0.0,0.0,178.48229064941407,179.43625183105468,177.39912259938316,178.2196490298271,42.959019672416204,-1.7799149861475314,-0.45833667241515164,-1.3215783137323798
2021-04-29 00:00:00+05:30,176.2441430146994,176.62709484552906,173.6485604062634,173.86131286621094,13096755,0.0,0.0,178.20145797729492,179.14849365234375,177.06218833908105,178.0487338861559,41.07658710005038,-1.8324643930614286,-0.408708863463239,-1.4237555295981896
2021-04-30 00:00:00+05:30,173.52089894706538,175.0527192364129,171.90398546604152,172.4145965576172,16495657,0.0,0.0,177.6929801940918,178.98143646240234,176.6195605503702,177.82778732425243,38.502553502785666,-1.9681603644850725,-0.43552386790950637,-1.532636496575566
2021-05-03 00:00:00+05:30,171.2231894869723,171.77635371385983,170.2019802028314,171.01043701171875,20611626,0.0,0.0,176.94621963500975,178.76717529296874,176.0853583085939,177.5604402531727,36.13568610968276,-2.1640584213759837,-0.5051375398403339,-1.6589208815356498
2021-05-04 00:00:00+05:30,171.22316486140178,172.20183389804276,169.4360521175256,169.86155700683594,18259282,0.0,0.0,176.0760612487793,178.53575622558594,175.49261532747408,177.25852326312028,34.27893127011963,-2.3845267179464145,-0.5804846691286116,-1.8040420488178028
2021-05-05 00:00:00+05:30,171.4359246698658,171.90398266528777,169.77645812735102,171.39337158203125,13862655,0.0,0.0,175.60162200927735,178.34328582763672,175.10221116124143,177.02851731484228,38.794620677261236,-2.4078881611931706,-0.48307688990029396,-1.9248112712928767
2021-05-06 00:00:00+05:30,172.15928451658104,175.26546508123417,171.98908515427027,172.542236328125,14320889,0.0,0.0,175.18037338256835,178.1555041503906,174.85840403427795,176.8525847271279,42.01272090353441,-2.3071036351460634,-0.3058338910825493,-2.001269744063514
2021-05-07 00:00:00+05:30,172.7124362433068,175.6909705421062,172.7124362433068,174.75486755371094,19463495,0.0,0.0,174.82082138061523,178.06019073486328,174.8485434170811,176.77032130856253,47.714567092020836,-2.025343425687538,-0.01925894529921912,-2.006084480388319
2021-05-10 00:00:00+05:30,176.28667195311195,176.54197748595493,174.4570061075984,174.92506408691406,16295368,0.0,0.0,174.49318313598633,178.0346600341797,174.85583109992234,176.6979582802626,48.13700869748337,-1.7679333566461253,0.19052089899375502,-1.9584542556398803
2021-05-11 00:00:00+05:30,173.52091188300582,175.73354279761222,173.39326559328566,173.60601806640625,13747541,0.0,0.0,174.10597305297853,177.95806915283202,174.73680128720653,176.5767057228565,45.095998309728216,-1.6513344568205923,0.24569583905543046,-1.8970302958760228
2021-05-12 00:00:00+05:30,173.5209094067786,174.66977793938707,172.62735942072783,172.96775817871094,16537612,0.0,0.0,174.01874465942382,177.86275665283202,174.56832099115934,176.43517836818415,43.6587481352942,-1.5920787348153738,0.24396124884851944,-1.8360399836638932
2021-05-14 00:00:00+05:30,174.45702470795143,181.43530309919348,173.6060148313273,180.62684631347656,61647120,0.0,0.0,174.16980056762696,177.91551971435547,175.1453234028086,176.59955750329368,60.0945467533239,-0.9165285745187361,0.7356091273161258,-1.652137701834862
2021-05-17 00:00:00+05:30,184.498921060454,184.66912041768023,180.11621294595008,180.9246826171875,38001828,0.0,0.0,174.42084808349608,178.06444641113282,175.69573856608278,176.76917025285815,60.57617103101037,-0.3530475919444598,1.0392720879123218,-1.3923196798567816
2021-05-18 00:00:00+05:30,182.20121593782125,182.6267208671619,178.41421167838544,178.75462341308594,30479551,0.0,0.0,174.51020431518555,178.1180599975586,175.98706093246403,176.8470311611024,55.33581200254301,-0.08066068920695102,1.0493271925198644,-1.1299878817268154
2021-05-19 00:00:00+05:30,178.75462756358382,179.9034831082509,176.62710286748165,176.79730224609375,24405319,0.0,0.0,174.6016876220703,178.0814666748047,176.06422677185734,176.84508100757265,51.04638383563978,-0.022472517315634377,0.8860122915289449,-0.9084848088445793
2021-05-20 00:00:00+05:30,177.3930040676977,178.11636764834554,175.98884298218132,176.15904235839844,20884367,0.0,0.0,174.74848709106445,178.03125701904298,176.07325682771838,176.81817753113447,49.693644548011655,-0.027542715367189885,0.7047536747819115,-0.7322963901491014
2021-05-21 00:00:00+05:30,176.66963340159006,178.5844053836071,176.49942105933016,177.90359497070312,22638020,0.0,0.0,174.8825210571289,178.0201937866211,176.24757474609788,176.86074292092147,53.333822023757385,0.10796537449556354,0.672209411715732,-0.5642440372201685
2021-05-24 00:00:00+05:30,178.28653646699078,180.45661385161208,176.79726945593,179.98855590820312,28865798,0.0,0.0,175.14420547485352,178.07040252685547,176.60385866629838,176.98340225375605,57.309653079148,0.37922397695786003,0.7547744113424228,-0.37555043438456276
2021-05-25 00:00:00+05:30,181.2650921293731,181.6054908641028,178.92481511831312,179.47796630859375,25334878,0.0,0.0,175.38248748779296,178.11976104736328,176.87758320365984,177.08122829512223,56.05025789361975,0.5466960880126521,0.737797217917772,-0.19110112990511982
2021-05-26 00:00:00+05:30,180.2438960313193,180.79704726177653,178.96738120529776,179.22268676757812,17576137,0.0,0.0,175.603751373291,178.16741790771485,177.10092640022347,177.16520705874797,55.394819122891555,0.6513120966724557,0.6739305812620604,-0.02261848458960472
2021-05-27 00:00:00+05:30,179.56307332471644,182.24374908304264,178.96736904346386,179.6907196044922,47554219,0.0,0.0,175.8441619873047,178.24656158447266,177.34757337205858,177.2642467664242,56.401452961627925,0.7631897987475327,0.6286466266697099,0.1345431720778228
2021-05-28 00:00:00+05:30,180.83959392842087,181.6906037822017,180.03113716440507,181.17999267578125,25597550,0.0,0.0,176.2100959777832,178.3776171875,177.71256568669884,177.41780542953626,59.531066261117594,0.9609483596357222,0.6611241500463195,0.2998242095894027
2021-05-31 00:00:00+05:30,182.96709927610223,185.435022397768,182.4564882235059,184.32872009277344,73039531,0.0,0.0,176.80580215454103,178.5673922729492,178.34267563013452,177.6888216908397,65.21620466298478,1.356116959298049,0.8450341997669171,0.511082759531132
2021-06-01 00:00:00+05:30,185.5201322442563,186.71154074341652,182.32884556574277,183.1798553466797,38755111,0.0,0.0,177.41427307128907,178.69334167480469,178.80335941266264,177.9041563440099,61.804600735433404,1.5586203330283297,0.838030058797758,0.7205902742305716
2021-06-02 00:00:00+05:30,179.13756820459685,180.79703476666091,177.52065473086864,177.86105346679688,96654991,0.0,0.0,177.81424789428712,178.66610900878905,178.71361598924685,177.90246603509956,49.01956066740722,1.2752228794869893,0.44370608420513413,0.8315167952818552
2021-06-03 00:00:00+05:30,179.3503089822625,179.3503089822625,177.60573635712683,177.90359497070312,46657520,0.0,0.0,178.1397590637207,178.51973541259767,178.63647113033792,177.90251030708401,49.11023730812757,1.0420490073148017,0.16842576962635714,0.8736232376884445
2021-06-04 00:00:00+05:30,178.28655753678188,178.45675690394162,177.01004280501496,177.64830017089844,30126021,0.0,0.0,178.3950622558594,178.2780484008789,178.54235961039132,177.89254128213557,48.55213477721123,0.8271223256306257,-0.03720072964625509,0.8643230552768808
2021-06-07 00:00:00+05:30,179.0524515430857,180.7544710938199,178.88225218508802,179.94601440429688,31433280,0.0,0.0,178.65461959838868,178.03040466308593,178.67604101933472,177.9730696398674,53.65679409132936,0.8326000229796193,-0.02537842583780925,0.8579784488174286
2021-06-08 00:00:00+05:30,180.5842908556213,182.3288636769105,179.73328099015148,181.81825256347656,21261361,0.0,0.0,178.9992790222168,177.88488189697264,178.97529926163395,178.12386112706776,57.36854890602942,0.976755678637943,0.09502178385641158,0.8817338947815314
2021-06-09 00:00:00+05:30,182.1160990636489,182.7543564201804,179.9885745418773,180.83958435058597,24887924,0.0,0.0,179.36095733642577,177.826162109375,179.1528502224865,178.23036007700964,54.89355770756134,1.0004966263033452,0.09501018521745097,0.9054864410858943
2021-06-10 00:00:00+05:30,182.5452106894629,184.90683751737325,181.495600248894,183.0700225830078,30719587,5.75,0.0,179.86607055664064,177.8860888671875,179.52591425682186,178.42015076351936,59.21240001329697,1.1856221095243882,0.22410853475079517,0.961513574773593
2021-06-11 00:00:00+05:30,183.94469313165789,184.0758894267604,181.7142626892725,181.845458984375,21424291,0.0,0.0,179.92700119018554,177.93343872070312,179.7468232784936,178.55447657610193,56.039897788405455,1.2194660943846998,0.20636201568888524,1.0131040786958145
2021-06-14 00:00:00+05:30,181.88919853567648,182.32653732193515,179.48383521125382,181.32066345214844,17677889,0.0,0.0,179.9468002319336,177.9081689453125,179.89671281884168,178.66295449280966,54.6876022343763,1.1902209563696147,0.1416935021390402,1.0485274542305745
2021-06-15 00:00:00+05:30,181.53932852193725,182.28279643295903,181.05825319920532,181.10198974609372,14854294,0.0,0.0,180.06416854858398,177.8112957763672,180.0115010976276,178.75860293411492,54.10176517603566,1.1363002710443482,0.07021825345101895,1.0660820175933292
2021-06-16 00:00:00+05:30,181.10199781189252,183.1137589396751,181.10199781189252,181.8017425537109,20104244,0.0,0.0,180.31439056396485,177.7020361328125,180.18200028392124,178.8779417427265,55.73584367924766,1.1369261658154812,0.05667531857772157,1.0802508472377597
2021-06-17 00:00:00+05:30,181.014509589592,181.9329236523332,179.30889109965528,179.87742614746094,21476893,0.0,0.0,180.50030975341798,177.68194152832032,180.152993223306,178.91713720957884,50.419733256940894,0.9709533938034838,-0.08743796274742088,1.0583913565509047
2021-06-18 00:00:00+05:30,180.18356289399733,180.57716509509297,177.12219167977892,178.915283203125,23567549,0.0,0.0,180.55089416503907,177.64090301513673,180.03511607852687,178.91706450344338,47.9567742849379,0.7531006065672727,-0.2442325999869056,0.9973332065541783
2021-06-21 00:00:00+05:30,177.64701315682507,180.1835726762812,177.03472820352457,178.82781982421875,19074685,0.0,0.0,180.49285736083985,177.57854125976561,179.92013548287846,178.91356471210125,47.7285268012786,0.5668587446709807,-0.3443795695065581,0.9112383141775389
2021-06-22 00:00:00+05:30,180.27105514624043,180.40225144504672,178.74036937640366,179.39637756347656,18042675,0.0,0.0,180.488777923584,177.5369122314453,179.87025377626875,178.93249854941007,49.41399072806729,0.4598378606226845,-0.3611203628438835,0.820958223466568
2021-06-23 00:00:00+05:30,179.87745225605997,180.05239846218046,178.08437376202,178.3905029296875,12575210,0.0,0.0,180.44716873168946,177.47771789550782,179.7293251242134,178.9112438192249,46.55399340612656,0.2905085606173827,-0.42435973027934826,0.714868290896731
2021-06-24 00:00:00+05:30,178.82783924919056,179.00277210634113,177.16595708647785,177.77822875976562,22435272,0.0,0.0,180.35154418945314,177.53903594970703,179.54350642283742,178.86681185610885,44.85227786020174,0.10569013183749121,-0.4873425272473919,0.5930326590848831
2021-06-25 00:00:00+05:30,178.43423171793572,179.8337212268809,178.2155623163206,179.35264587402344,13877208,0.0,0.0,180.26017684936522,177.57397430419923,179.5253292277123,178.88586417053688,49.921484755798254,0.0852794502346228,-0.40620256708020824,0.49148201731483104
2021-06-28 00:00:00+05:30,180.096113660457,180.096113660457,177.86569644331925,178.08436584472656,14627153,0.0,0.0,179.94795913696288,177.61758697509765,179.3880946198089,178.85443286364236,46.234599877651064,-0.03285700578257433,-0.4194712184779243,0.38661421269534996
2021-06-29 00:00:00+05:30,178.08436640103145,179.57131566594197,177.69075080005183,177.82196044921875,13326068,0.0,0.0,179.68006439208983,177.6346762084961,179.2389389845146,178.81394374935124,45.48609772506585,-0.1459722435484423,-0.42606916499503383,0.28009692144659154
2021-06-30 00:00:00+05:30,178.69662379973866,178.7840835456839,177.16593810723614,177.29713439941406,15942408,0.0,0.0,179.6518684387207,177.68126617431642,179.05400521450503,178.75446102974587,43.95343676669445,-0.27479825724060447,-0.4439161429497568,0.16911788570915234
2021-07-01 00:00:00+05:30,177.47208195399227,178.2592998118968,176.81607374566576,177.55955505371094,10191296,0.0,0.0,179.6346664428711,177.76799621582032,178.91167662776272,178.70760197186218,44.95222744234455,-0.3516648738105914,-0.416626207615795,0.0649613338052036
2021-07-02 00:00:00+05:30,177.82194679891447,178.1718124767936,176.9035327113316,177.03472900390625,12698779,0.0,0.0,179.60398788452147,177.80423248291015,178.73291971120494,178.64199911037372,43.29064607935995,-0.44974689505284005,-0.4117665830864349,-0.03798031196640514
2021-07-05 00:00:00+05:30,177.55956240204293,178.5217131526824,177.29715643854837,178.1280975341797,10248249,0.0,0.0,179.51309204101562,177.87169708251952,178.6753175991073,178.62184610738572,47.63335772936183,-0.43424618113192537,-0.31701269533241616,-0.11723348579950918
2021-07-06 00:00:00+05:30,177.77821581805193,178.2592911500863,176.90353824945143,177.12220764160156,11088659,0.0,0.0,179.27828979492188,177.91989471435548,178.52740236505912,178.56303675578636,44.27423466535141,-0.497395001472114,-0.3041292125380839,-0.19326578893403015
2021-07-07 00:00:00+05:30,177.12221391361916,179.48384076316322,176.94728106300866,178.21556091308594,17879443,0.0,0.0,179.14708862304687,177.98825775146486,178.4977031791569,178.54941025215103,48.52354181494824,-0.45398318946669747,-0.20857392042613385,-0.24540926904056362
2021-07-08 00:00:00+05:30,177.99687651832505,178.8715540442136,176.50992739361843,176.6848602294922,20925008,0.0,0.0,178.82783050537108,178.0243048095703,178.32505146966503,178.47629064341933,43.52012517213416,-0.5369046654816998,-0.23319631715290895,-0.30370834832879084
2021-07-09 00:00:00+05:30,176.68486808631374,176.99101057259622,175.72271742644344,176.1163330078125,11834045,0.0,0.0,178.54137420654297,178.06940521240233,178.11469733044098,178.38374328516025,41.796282974120125,-0.641105661063591,-0.2699178501878401,-0.3711878108757509
2021-07-12 00:00:00+05:30,176.684879079222,177.16595443908852,175.7664649097535,175.89767456054688,13085323,0.0,0.0,178.27022476196288,178.13906677246095,177.9035523047368,178.28625039399896,41.121634687735295,-0.7328814093946505,-0.2893548788151197,-0.44352653057953084
2021-07-13 00:00:00+05:30,176.68486145231614,176.85979428940058,176.11632639516174,176.5536651611328,10830411,0.0,0.0,178.04280853271484,178.24993133544922,177.77499162439355,178.21830587506304,44.039960735537626,-0.744103826309356,-0.2404618365838601,-0.5036419897254959
2021-07-14 00:00:00+05:30,176.55368854926118,179.44011410982012,176.4224788941765,178.52171325683594,20480406,0.0,0.0,177.8788070678711,178.4231344604492,177.84610797034046,178.23020420376002,51.76442398349466,-0.5874212128239265,-0.0670233784787444,-0.520397834345182
2021-07-15 00:00:00+05:30,178.78410844571889,182.3702921919389,177.4720919551294,180.4022674560547,28852257,0.0,0.0,177.9050491333008,178.60331237792968,178.0895517308847,178.3153831548304,57.76384700722292,-0.30795420103495985,0.16995490664817775,-0.4779091076831376
2021-07-16 00:00:00+05:30,181.6705261420649,183.37614471099943,181.2331873630293,181.845458984375,29019824,0.0,0.0,178.0515579223633,178.78937683105468,178.44725718359805,178.4538175010871,61.70075305449329,0.029637274290024607,0.4060371055785298,-0.3763998312885052
2021-07-19 00:00:00+05:30,180.88333808855637,183.2449650402964,180.48973582101996,181.7142791748047,16464973,0.0,0.0,178.19588088989258,178.92856506347655,178.75840213514155,178.58167874319366,61.14286865680628,0.28332978696593614,0.5277836946035531,-0.24445390763761696
2021-07-20 00:00:00+05:30,182.10785924455985,183.07000986705472,180.53343701980455,180.88331604003903,23656813,0.0,0.0,178.2702278137207,179.04773010253905,178.96077488798895,178.67193902934446,57.59060774560117,0.4125752401413365,0.5256233182231628,-0.11304807808182626
2021-07-22 00:00:00+05:30,181.05825805664065,182.1516050255817,180.05238418382308,181.05825805664065,18311537,0.0,0.0,178.40361557006835,179.19677490234375,179.1605351897653,178.7655201676698,58.141967311442784,0.5230896991941165,0.5089102218207542,0.014179477373362295
2021-07-23 00:00:00+05:30,181.0582558887505,186.8311331542464,180.6209171064105,185.7815093994141,44526781,0.0,0.0,178.80377960205078,179.4530499267578,179.79110416211282,179.04065700028724,69.62431238559498,0.9804975483120302,0.7730544567509343,0.2074430915610959
2021-07-26 00:00:00+05:30,187.1810079053754,188.3618280134804,184.3820422321693,184.68817138671875,47263771,0.0,0.0,179.07055587768554,179.53427642822265,180.2574915168372,179.26212815269633,65.16791719471802,1.2404739128667472,0.8264246570445211,0.4140492558222262
2021-07-27 00:00:00+05:30,185.4316554685995,186.3063330887344,181.8892084377489,182.50148010253903,24436949,0.0,0.0,179.29141159057616,179.5658123779297,180.4712047154755,179.3891615624941,57.27231553789083,1.2555857323654322,0.6732291812345648,0.5823565511308675
2021-07-28 00:00:00+05:30,182.19533585892796,183.68228502074425,181.4518546047597,182.89508056640625,14736840,0.0,0.0,179.54506759643556,179.6486215209961,180.70205003461174,179.52664858225538,58.252779786780074,1.2845151352741766,0.5617268673146473,0.7227882679595293
2021-07-29 00:00:00+05:30,182.8950948374589,183.85723220711068,179.8774463851533,180.22732543945312,15603733,0.0,0.0,179.6915771484375,179.71722198486327,180.65683816840618,179.55412610606706,49.895600759863214,1.0797298979640004,0.2855533040035769,0.7941765939604235
2021-07-30 00:00:00+05:30,180.27103911618448,181.1457166211703,178.95902285870574,179.26515197753906,14940336,0.0,0.0,179.7768569946289,179.7793441772461,180.52429662641885,179.54279378730126,47.262015493335085,0.830226431337934,0.028839869902008264,0.8013865614359257
2021-08-02 00:00:00+05:30,180.5771821769005,181.4955962973478,179.70250460438314,181.32066345214844,9674128,0.0,0.0,179.99115371704102,179.847685546875,180.60014108601214,179.6125141663149,52.97267912676999,0.7892576627953076,-0.009703118912494535,0.7989607817078022
2021-08-03 00:00:00+05:30,181.49562743720816,184.46952635540143,180.5772131591852,183.5948486328125,18468527,0.0,0.0,180.26449127197264,179.91981140136718,180.88535132856455,179.76868414539325,58.346740776246314,0.9295817170921339,0.10449674830746536,0.8250849687846685
2021-08-04 00:00:00+05:30,184.46948074158783,184.64442692006497,182.02039440114325,182.45773315429688,10998260,0.0,0.0,180.53126754760743,179.97940673828126,181.0351019786343,179.87413704770321,54.96454698018165,0.938218624969096,0.09050692494754198,0.847711700021554
2021-08-05 00:00:00+05:30,182.4577375500853,189.5863540596248,180.97077507632332,188.2743377685547,47178466,0.0,0.0,181.03420639038086,180.16043975830078,181.72455300624574,180.20355668381504,65.86475083033864,1.398296130283967,0.4404675442099303,0.9578285860740366
2021-08-06 00:00:00+05:30,188.40556269144705,188.9303746262398,185.9564759198059,187.39968872070312,23581637,0.0,0.0,181.5699478149414,180.314619140625,182.26504212190835,180.4857579401636,63.38055906687901,1.6730481419666035,0.5721756447140534,1.10087249725255
2021-08-09 00:00:00+05:30,188.05568344564864,189.93623494149676,186.04392230227472,187.00607299804688,20358146,0.0,0.0,182.11443481445312,180.43114074707032,182.71656887201678,180.74145656988452,62.24281498953126,1.8378440690620153,0.589577257447572,1.2482668116144433
2021-08-10 00:00:00+05:30,187.18100842523629,187.57461068019077,182.41401812296323,183.5511016845703,18155926,0.0,0.0,182.4971061706543,180.41558837890625,182.79604818749806,180.85163873124475,53.21328261063549,1.6704033479726945,0.33770922908660084,1.3326941188860937
2021-08-11 00:00:00+05:30,183.551103923918,184.2071121390192,181.45186962768145,182.50148010253903,15418634,0.0,0.0,182.79449691772462,180.40202087402344,182.7679940841686,180.91633839286413,50.80209689618648,1.4364511656697232,0.08300563742690348,1.3534455282428197
2021-08-12 00:00:00+05:30,183.9009586047813,187.35593232781437,182.23907656479693,182.7201385498047,27692208,0.0,0.0,183.00441818237306,180.4992025756836,182.76343641422918,180.9870756539206,51.297185423846415,1.2542283215883856,-0.07937376532354734,1.333602086911933
2021-08-13 00:00:00+05:30,183.5511006230905,185.6940580845796,182.9825521723143,184.95057678222656,18850939,0.0,0.0,183.23183364868163,180.64014221191405,182.9717354968956,181.14250707071693,56.14518102506456,1.2750946324120207,-0.046805963599929834,1.3219005960119505
2021-08-16 00:00:00+05:30,184.9068364739767,186.5249953478418,184.11963198462223,184.4694976806641,11190075,0.0,0.0,183.3630355834961,180.77656616210936,183.11437951439734,181.27297729071486,54.876348404499204,1.2385352082043255,-0.06669231024610012,1.3052275184504256
2021-08-17 00:00:00+05:30,184.38203338804777,184.99430501429927,182.6326782578889,182.9825439453125,7858486,0.0,0.0,183.42644882202148,180.8372967529297,183.10182374591307,181.34001912030692,51.03712241158664,1.077160031338849,-0.1824539896892614,1.2596140210281104
2021-08-18 00:00:00+05:30,183.3324339573058,184.9943160918629,182.23908693548623,182.76388549804688,10735658,0.0,0.0,183.52047729492188,180.85620941162108,183.06963915087817,181.3958570174732,50.47786348572242,0.9210083211200697,-0.27088455992643246,1.1918928810465022
2021-08-20 00:00:00+05:30,181.05825650982032,184.2945608409333,180.7958505702121,182.7201385498047,19421004,0.0,0.0,183.60357131958008,180.89382049560547,183.03635337934736,181.4477896265842,50.35896680197101,0.7846816312470537,-0.32576899983955876,1.1104506310866125
2021-08-23 00:00:00+05:30,183.2449649140312,183.85723659050169,180.1835931851572,180.4459991455078,9936365,0.0,0.0,183.33679580688477,180.84134002685548,182.78965297612456,181.40850372536553,44.49210647565486,0.4875179003058179,-0.49834618462463565,0.9858640849304535
2021-08-24 00:00:00+05:30,181.05825171580727,181.05825171580727,179.0464906941054,179.96490478515625,12490094,0.0,0.0,183.10063247680665,180.8037289428711,182.5206293388895,181.3518920022201,43.341747923281865,0.2107636561465256,-0.6200803430271423,0.8308439991736679
2021-08-25 00:00:00+05:30,180.5334625244141,181.84547900597676,180.1835968012728,180.5334625244141,10586894,0.0,0.0,183.0022315979004,180.78798492431642,182.3313753565585,181.31979672858066,45.1467657291429,0.036886576177352026,-0.6351659383970527,0.6720525145744047
2021-08-26 00:00:00+05:30,180.5334544403136,180.92707004437412,178.74037600635427,178.95904541015625,14836173,0.0,0.0,182.8054298400879,180.74512603759766,182.01020107594877,181.22721824550518,41.229720233442535,-0.22535679275554799,-0.7179274458639622,0.49257065310841425
2021-08-27 00:00:00+05:30,179.3088954074082,180.92705419237572,179.2214223149429,180.09609985351562,10476384,0.0,0.0,182.79886856079102,180.71101318359376,181.82790572143134,181.1828606615056,44.94486663508304,-0.33754475535232586,-0.6640923267685921,0.3265475714162662
2021-08-30 00:00:00+05:30,180.18356734055735,182.1078551962497,180.18356734055735,181.93292236328125,12084844,0.0,0.0,182.93225708007813,180.75212310791017,181.8379073063694,181.21227484588897,50.399605017262424,-0.2750674915895672,-0.4812920504046668,0.20622455881509957
2021-08-31 00:00:00+05:30,181.9766644564801,185.0817723857912,181.276919756752,184.81936645507807,25808430,0.0,0.0,183.1071922302246,180.87020477294922,182.1218557967226,181.35372941879837,57.52192631403661,0.007274252203700371,-0.15916024528911937,0.16643449749281974
2021-09-01 00:00:00+05:30,184.5569656845493,185.69404918508525,183.0700164976272,183.2449493408203,16241960,0.0,0.0,183.089697265625,180.95854736328124,182.22881708663667,181.4278949059365,53.04744942523207,0.10280474603595735,-0.050903801165489926,0.15370854720144728
2021-09-02 00:00:00+05:30,182.80761485957987,184.99430881723035,182.80761485957987,183.463623046875,14321164,0.0,0.0,183.1399917602539,181.03989227294923,182.3464176542784,181.50772738205177,53.587464137995035,0.19392306680305182,0.03217161568128363,0.1617514511217682
2021-09-03 00:00:00+05:30,183.4636262467684,184.77564264424228,183.4636262467684,184.2071075439453,10228853,0.0,0.0,182.93663024902344,181.15622436523438,182.52362621519904,181.61358542761624,55.46300839353973,0.3224114196854089,0.12852797485091252,0.19388344483449635
2021-09-06 00:00:00+05:30,184.5569718193572,184.73190466836525,182.8513531851176,183.0700225830078,10632156,0.0,0.0,182.72014694213868,181.26206024169923,182.57566396451418,181.6707006101806,52.00188721131523,0.3286970962029443,0.10785092109475836,0.22084617510818594
2021-09-07 00:00:00+05:30,184.46950087760968,187.48714928098084,183.81349267627175,185.2129821777344,37489544,0.0,0.0,182.63049240112304,181.37926696777345,182.826837127678,181.80961361282976,57.397648237753906,0.50082427942192,0.2239824834509872,0.2768417959709328
2021-09-08 00:00:00+05:30,185.6503123266457,186.30632049741124,183.41988187673883,184.775634765625,17233315,0.0,0.0,182.69171905517578,181.5130923461914,183.0124369027206,181.92592816784133,56.01369931303742,0.5950862473092684,0.2545955610706685,0.3404906862385999
2021-09-09 00:00:00+05:30,184.60072212140872,187.09354543516585,184.1633832930455,186.0001983642578,19051252,0.0,0.0,182.8666549682617,181.6766571044922,183.29698561334317,182.0857034696616,58.99497739784109,0.7598425918719727,0.3354815245066982,0.42436106736527446
2021-09-13 00:00:00+05:30,186.61247865264951,188.1868877174772,185.25672564991768,187.3122100830078,16043896,0.0,0.0,183.09625854492188,181.87695861816405,183.67938794378742,182.29066451332224,61.96912436814949,0.9849279266646818,0.44845348743952584,0.5364744392251559
2021-09-14 00:00:00+05:30,187.9682288855618,190.02372678083336,187.35595717628595,189.01785278320312,19621849,0.0,0.0,183.29962234497071,182.1061245727539,184.1878131665889,182.55447581802343,65.4749822710676,1.286115251356449,0.5997126497050345,0.6864026016514146
2021-09-15 00:00:00+05:30,189.89250957150944,189.9799693223408,188.318087244816,188.93035888671875,20248758,0.0,0.0,183.52266540527344,182.34403717041016,184.63948418755368,182.80451044816837,65.1432393100537,1.500452072391397,0.6512395765919858,0.8492124957994112
2021-09-16 00:00:00+05:30,189.76129507698437,204.36840774468425,189.192759998284,201.83184814453125,149238901,0.0,0.0,184.4651306152344,182.8181121826172,186.2768521834563,183.55068055390808,80.68435736462092,2.68045924251615,1.464997397373391,1.2154618451427592
2021-09-17 00:00:00+05:30,203.7998757776768,207.56099203429423,200.38863856034968,202.1817169189453,79501805,0.0,0.0,185.4360221862793,183.31930236816407,187.79160120588384,184.28130943096838,80.9326340611596,3.602329500344723,1.909494124161571,1.692835376183152
2021-09-20 00:00:00+05:30,202.05052346622244,209.35408668770071,201.3945152731503,204.4558868408203,70390969,0.0,0.0,186.52280960083007,183.84410888671874,189.37867602825872,185.07246932939395,82.50662694709727,4.464955599244973,2.217696178449457,2.2472594207955163
2021-09-21 00:00:00+05:30,205.50547876792112,212.06556010769208,202.6627768540204,211.234619140625,56671832,0.0,0.0,188.06224060058594,184.5351040649414,191.46019441991265,186.0984359886579,86.17108947993921,5.630673146809386,2.7067309808110953,2.9239421659982905
2021-09-22 00:00:00+05:30,212.9840087890625,214.99577006294527,210.53490868809743,212.9840087890625,52621868,0.0,0.0,189.71319580078125,185.2724575805664,193.51008150268882,187.15277217690908,86.93189241834644,6.619369850938256,2.956342147951972,3.663027702986284
2021-09-23 00:00:00+05:30,214.29599250714804,214.8208043580184,211.4095540204009,212.1092987060547,21791090,0.0,0.0,191.29198760986327,185.99669006347656,195.28143552205702,188.13145949177755,84.43070131499724,7.248777919050667,2.8686001728515063,4.380177746199161
2021-09-24 00:00:00+05:30,213.42134281312943,213.42134281312943,207.9108710466009,208.5668792724609,24823291,0.0,0.0,192.77237930297852,186.63695434570312,196.54671587923832,188.93284850278474,75.01723974502862,7.376710576925575,2.397226264581131,4.979484312344444
2021-09-27 00:00:00+05:30,209.74770373485623,211.54079559175184,205.98658715987267,208.7855529785156,22890540,0.0,0.0,194.20685195922852,187.2422311401367,197.71231941250284,189.71138593320558,75.20104738673953,7.410321694809966,1.9446699059724173,5.465651788837548
2021-09-28 00:00:00+05:30,209.79143345151704,211.32211929349157,206.6863252170644,207.95460510253903,15713947,0.0,0.0,195.5079360961914,187.7932778930664,198.68777519250628,190.4268062927873,73.0030555228708,7.285920640996949,1.4562150817275201,5.829705559269429
2021-09-29 00:00:00+05:30,206.4239138863436,211.14716759428717,206.1615079366754,208.2607421875,15450046,0.0,0.0,196.6800048828125,188.32158355712892,199.59948633488662,191.12617632787408,73.31253817229846,7.129846185203064,1.0401125007469076,6.0897336844561565
2021-09-30 00:00:00+05:30,209.83515582302635,210.27249463328403,205.76791022623848,206.55511474609372,16357902,0.0,0.0,197.84551315307618,188.81840026855468,200.26192713595395,191.73123273643174,68.59447506898496,6.790252371973708,0.5604149500140405,6.229837421959667
2021-10-01 00:00:00+05:30,205.72416755018247,207.29858988953376,203.71240641359591,205.8553771972656,15956143,0.0,0.0,198.9651008605957,189.31784149169923,200.7946366656027,192.28512075450368,66.69805582974122,6.390987530112852,0.12892008652254816,6.262067443590304
2021-10-04 00:00:00+05:30,206.4239185575376,208.47941630551145,205.89910664632512,206.94873046875,10686552,0.0,0.0,200.10218200683593,189.83565093994142,201.38074083733102,192.86016427270943,68.17844736883104,6.092560492988554,-0.13560556048140082,6.2281660534699546
2021-10-05 00:00:00+05:30,206.7737532626652,207.6921672963148,205.111871370552,205.28680419921875,9223597,0.0,0.0,201.2130210876465,190.2257568359375,201.75274687179652,193.34748348551372,63.55374210062916,5.656743932509897,-0.4571376967680454,6.113881629277943
2021-10-06 00:00:00+05:30,205.37431920752232,206.7737954690348,201.70067566958437,202.2692108154297,17505160,0.0,0.0,202.06583251953126,190.5773776245117,201.80193391404728,193.69735514551044,56.11121725040875,5.010108192886634,-0.8830187491130479,5.8931269419996815
2021-10-07 00:00:00+05:30,203.79988584237853,205.5055045352744,203.187614176534,203.7561492919922,10371535,0.0,0.0,203.0148582458496,191.00247100830077,201.98804966432775,194.09181766105874,58.679048299225414,4.565005674868985,-1.062497013704557,5.627502688573542
2021-10-08 00:00:00+05:30,205.33054989396885,205.37428643971455,202.22544199730132,202.66278076171875,9739240,0.0,0.0,203.84798736572264,191.39782501220702,202.05230976884116,194.42793386108463,56.0807730575625,4.077035492527131,-1.2403737568371298,5.31740924936426
2021-10-11 00:00:00+05:30,202.9252082178882,209.4852903801044,202.66280226209528,208.21701049804688,21184428,0.0,0.0,204.89322738647462,191.9576187133789,202.63942412400363,194.96868196449492,64.6451066919401,4.091333186268088,-0.9808608504769385,5.072194036745026
2021-10-12 00:00:00+05:30,208.698080789873,212.5466568929476,208.1732688910351,211.0597076416016,29222028,0.0,0.0,205.99532012939454,192.59350982666015,203.4413558875844,195.59970257928342,68.0762883163346,4.282678066761605,-0.6316127759867376,4.9142908427483425
2021-10-13 00:00:00+05:30,212.15304970011337,219.45659948526324,210.05381550018305,217.9696502685547,50159625,0.0,0.0,207.44728469848633,193.3264895629883,204.82500297148633,196.4769554298431,74.54355134808375,4.935007193323884,0.016573080460432266,4.9184341128634514
2021-10-14 00:00:00+05:30,221.51210363130053,229.03433637851384,218.97554391351895,224.3985290527344,85406902,0.0,0.0,208.57561874389648,194.1425631713867,206.68914831255756,197.57191910132903,78.83883786444359,5.902696899843448,0.7874102295839975,5.115286670259451
2021-10-18 00:00:00+05:30,228.290836426936,232.0519391467921,225.0982687657037,229.6465759277344,60292901,0.0,0.0,209.94886169433593,195.08634002685548,208.87556999019344,198.8297487807959,81.57229750499872,7.012238763642586,1.5175616747065073,5.494677088936078
2021-10-19 00:00:00+05:30,228.6407355976735,229.6466095707584,214.33976382628973,215.12696838378903,59061766,0.0,0.0,210.48241577148437,195.62339263916016,209.47094126577397,199.4688554318937,58.90245876464851,6.643367100564859,0.9189520093030241,5.724415091261835
2021-10-20 00:00:00+05:30,215.1269471730898,217.35737766145516,211.9781159070334,215.69549560546875,47822165,0.0,0.0,210.70545959472656,196.18930877685546,210.0637559647925,200.10519426223,59.37849803746336,6.324009797027543,0.47967576461256556,5.844334032414977
2021-10-21 00:00:00+05:30,216.92005398381295,217.22619649538265,212.63413890096723,214.0336151123047,22518727,0.0,0.0,210.75793991088867,196.72985961914063,210.4418377883651,200.65140684458586,57.289513213792524,5.869160932442185,0.019861520021765777,5.849299412420419
2021-10-22 00:00:00+05:30,214.03361119099,214.9957619127057,204.41215735991835,206.94873046875,35537151,0.0,0.0,210.49991149902343,197.19781219482422,210.1091609007827,200.89836071220014,49.32292171992482,4.880736854065333,-0.7748500466840689,5.655586900749402
2021-10-25 00:00:00+05:30,204.7620500673901,206.992467472438,201.6132050832297,204.14976501464844,22333919,0.0,0.0,210.2790557861328,197.6307778930664,209.54159938781754,201.02586676327655,46.567849204242435,3.82743029655893,-1.4625252833523774,5.289955579911307
2021-10-26 00:00:00+05:30,204.7620249099555,209.04793967343872,203.4500085521724,207.0361785888672,18934170,0.0,0.0,210.19158706665038,198.11709869384765,209.30298788315562,201.2615652662409,49.68885208359535,3.1888278907971994,-1.6809021512912867,4.869730042088486
2021-10-27 00:00:00+05:30,210.1413016838293,211.05971586933765,206.5988545948809,208.5668792724609,25911499,0.0,0.0,210.2222007751465,198.58942474365233,209.23288230118467,201.5480481684456,51.312983172160294,2.7742656286688714,-1.6763715307356923,4.450637159404564
2021-10-28 00:00:00+05:30,205.63669865132707,206.3801665656429,196.0589687407026,196.88992309570312,46282465,0.0,0.0,209.65365982055664,198.83783325195313,208.05736237685312,201.3653765969655,40.55706617728865,1.4863554932011311,-2.371425332962746,3.8577808261638773
2021-10-29 00:00:00+05:30,196.80244960993352,199.6451516598548,194.4408228839184,195.22802734375,26642108,0.0,0.0,209.08730545043946,199.08274291992188,206.83552094512902,201.1246962340943,39.29462222332313,0.32779768613241345,-2.8239865120251713,3.1517841981575847
2021-11-01 00:00:00+05:30,196.0589684468132,199.03288013917964,194.61575582090668,198.4206085205078,23197539,0.0,0.0,208.71556701660157,199.3958773803711,206.03410071421274,201.01865357865955,42.967375755074166,-0.32896104531832293,-2.7845961947807263,2.4556351494624034
2021-11-02 00:00:00+05:30,199.42647597329227,200.51982288104057,196.36510463159695,197.32725524902344,14343859,0.0,0.0,208.23449325561523,199.68801971435548,205.20487733657566,200.8738928598503,42.0295490556957,-0.926985827566881,-2.706096781623428,1.7791109540565466
2021-11-03 00:00:00+05:30,197.67716051114508,198.42064189592435,193.91604372592056,194.57205200195312,17843327,0.0,0.0,207.69875564575196,199.97054077148437,204.19222730470685,200.6267618458151,39.679240253346734,-1.6047481145356812,-2.707087254873782,1.102339140338101
2021-11-04 00:00:00+05:30,196.6712690923137,198.8142266017801,195.92778777331532,198.15821838378903,7024796,0.0,0.0,207.49320602416992,200.33440704345702,203.61755978842893,200.52995621985332,44.06378727237918,-1.831394774840163,-2.3469871321426115,0.5155923573024482
2021-11-08 00:00:00+05:30,200.91345768071943,201.78813534876485,197.41474700853797,201.0009307861328,20270558,0.0,0.0,207.35544509887694,200.7437564086914,203.3683570263055,200.54842581068783,47.33186970746573,-1.7613272683408638,-1.8215357005146497,0.0602084321737858
2021-11-09 00:00:00+05:30,201.0446396546408,201.9630404024054,199.29528455943927,200.08248901367188,11520817,0.0,0.0,207.2264305114746,201.16622528076172,203.05541721557847,200.5301537794323,46.38885815255064,-1.7596249785067926,-1.4558667285444626,-0.3037582499623299
2021-11-10 00:00:00+05:30,198.94543000543007,203.6686973514112,198.72676059163064,201.9193420410156,13431108,0.0,0.0,206.91154708862305,201.60269012451172,202.9472195799058,200.58463175047478,48.59472115656642,-1.5917089831107205,-1.0303605865187124,-0.5613483965920081
2021-11-11 00:00:00+05:30,201.52570797660917,202.48785864788556,199.90756247048876,201.17584228515625,8134962,0.0,0.0,206.41735382080077,201.98754852294923,202.77851698040584,200.60781647732506,47.73850503743479,-1.5013222551839647,-0.7519790868735652,-0.7493431683103995
2021-11-12 00:00:00+05:30,202.22545313216105,204.6308164688999,200.4323614300152,203.71240234375,11855531,0.0,0.0,205.70449142456056,202.36540924072267,202.86745844358148,200.72956494267507,50.915988900060086,-1.2110506858357155,-0.3693660140202528,-0.8416846718154627
2021-11-15 00:00:00+05:30,204.6308221345521,209.0479466899836,203.88735418143335,208.2607421875,38755267,0.0,0.0,204.89760208129883,202.86572509765625,203.38110451443086,201.02490522678588,56.07329164465378,-0.6069982643568039,0.18774912596692706,-0.794747390323731
2021-11-16 00:00:00+05:30,209.0916698182422,209.616468337372,205.54922309140545,205.9428253173828,14675969,0.0,0.0,203.71241455078123,203.3153091430664,203.62507792423582,201.21776483818184,53.01611779660424,-0.31172551050821085,0.38641750385241613,-0.698143014360627
2021-11-17 00:00:00+05:30,206.42390381369063,214.51467123011707,206.11776132959608,209.4852752685547,46697822,0.0,0.0,203.4303298950195,203.82087249755858,204.1831919570281,201.54198093349058,56.88497971422351,0.20575456921602608,0.7231180668613224,-0.5173634976452963
2021-11-18 00:00:00+05:30,209.9226254111842,212.546658228824,206.68632093873268,207.7359313964844,20226071,0.0,0.0,203.0323516845703,204.31419067382814,204.52154809411917,201.7848809516472,54.49840902196109,0.4692940997838946,0.7893260779433527,-0.32003197815945816
2021-11-22 00:00:00+05:30,208.085786131299,210.5786225152591,200.78223651510984,201.96304321289065,22574227,0.0,0.0,202.4288230895996,204.64919189453124,204.27788096257362,201.7918677069901,47.42701371069554,0.2099075623662543,0.42395163242057,-0.21404407005431567
2021-11-23 00:00:00+05:30,200.43236189576527,203.5374699706205,200.43236189576527,202.5753326416016,13433385,0.0,0.0,202.21015319824218,205.00518585205077,204.11573350343343,201.82259182207292,48.19480451802162,0.05313598391779806,0.213744043177691,-0.16060805925989294
2021-11-24 00:00:00+05:30,203.3188117462241,203.53748115299496,198.5080847972656,199.16409301757807,14139854,0.0,0.0,201.96086959838868,205.26846374511717,203.64414869525672,201.7183369669947,44.312030934201864,-0.34241796902139754,-0.14544792780920368,-0.19697004121219386
2021-11-25 00:00:00+05:30,198.5518109767888,203.10013173074145,197.45846400004436,202.31292724609372,23904846,0.0,0.0,201.72470703124998,205.5684780883789,203.51736570009834,201.74165423284174,48.44123725597773,-0.3972336578640068,-0.16021089332145033,-0.23702276454255644
2021-11-26 00:00:00+05:30,200.2137105961447,201.219597910851,195.14059085649205,195.92779541015625,27027022,0.0,0.0,201.09275283813474,205.70667694091796,202.79454948200862,201.51365976920704,41.690555424884714,-0.9450087895064883,-0.5663888199711454,-0.3786199695353428
2021-11-29 00:00:00+05:30,194.17844296147535,195.62165578001265,192.6040204843752,193.74110412597656,22132952,0.0,0.0,200.9353118896484,205.80289184570313,201.93231659095795,201.20885366555095,39.65254782736608,-1.5378449205625486,-0.9273799608217645,-0.6104649597407841
2021-11-30 00:00:00+05:30,194.1784331034384,196.9773988392287,192.42907785025423,193.43495178222656,23503453,0.0,0.0,200.84565811157225,205.63495391845703,201.12304375203115,200.9039947681657,39.36242310303422,-2.0092147837624736,-1.1189998592173516,-0.8902149245451221
2021-12-01 00:00:00+05:30,194.17843074180547,195.31551431185,192.95388741807824,194.0909576416016,12995800,0.0,0.0,200.62917556762696,205.47313873291014,200.45332126532358,200.63681684163376,40.36921333933014,-2.303293670322091,-1.1304629966215751,-1.172830673700516
2021-12-02 00:00:00+05:30,194.0909520639552,197.80833182493265,193.5661535173768,197.1960601806641,15904846,0.0,0.0,200.62261581420898,205.32794219970702,200.14310592392744,200.50188520787026,45.02225549060879,-2.259748508011171,-0.8695342674485238,-1.3902142405626472
2021-12-03 00:00:00+05:30,196.8024747119899,197.85208524114947,193.60990657193756,193.87229919433597,13794647,0.0,0.0,200.58762817382814,204.98069580078126,199.5458862353949,200.24190144263363,41.30668650133071,-2.465023134648277,-0.8598471152685039,-1.605176019379773
2021-12-06 00:00:00+05:30,193.8722803055108,194.3533556439071,190.2423736864241,190.5922393798828,13138355,0.0,0.0,200.2093292236328,204.53286041259764,198.69315796344137,199.86348332252575,37.97592805191814,-2.859416595022367,-1.003392460514075,-1.856024134508292
2021-12-07 00:00:00+05:30,191.4669337295491,194.1347032520188,190.7672022813462,192.99761962890625,8903842,0.0,0.0,199.80916366577148,204.1506268310547,198.1507257411047,199.5942337659132,41.68921353048741,-2.9439461911765648,-0.8703376453346183,-2.0736085458419464
2021-12-08 00:00:00+05:30,193.3037540962845,197.3709996922811,193.3037540962845,196.75872802734372,9861847,0.0,0.0,199.6429756164551,203.91446380615236,198.01815453027032,199.4830374624399,47.02932547085449,-2.676592399214883,-0.4823870826983492,-2.1942053165165336
2021-12-09 00:00:00+05:30,195.053082696805,206.8174924143712,195.053082696805,205.89907836914065,38241864,0.0,0.0,199.84196243286135,203.85673431396484,198.76871870540083,199.73464690976152,57.270712679761004,-1.7074799434979582,0.38938029841486044,-2.0968602419128186
2021-12-10 00:00:00+05:30,206.5988275419343,209.0041907217857,204.4558702873706,206.5113677978516,35162889,0.0,0.0,200.1087387084961,203.8278695678711,199.50611385706281,200.0004006700788,57.858488870903074,-0.8799017409337182,0.9735668007832805,-1.8534685417169987
2021-12-13 00:00:00+05:30,208.17326985434423,208.8292780576668,204.80575573868023,205.19937133789065,22054342,0.0,0.0,200.18308715820314,203.7666421508789,200.0483288552369,200.20428187273808,56.078396602097214,-0.32614757628982716,1.2218567723417373,-1.5480043486315644
2021-12-14 00:00:00+05:30,205.54924063163108,207.38606897162865,199.0328950341028,199.9513092041016,37508445,0.0,0.0,199.76761550903322,203.63456604003906,200.03908888846212,200.19436137592882,49.51587329844735,-0.30722664798176424,0.9926221605198402,-1.2998488085016044
2021-12-15 00:00:00+05:30,201.17584070273924,203.1001286836353,195.4029634135307,195.9715118408203,34653042,0.0,0.0,199.2690498352051,203.43688873291015,199.6517005982105,200.02875943337554,45.19644542844782,-0.6063781132103543,0.554776556233,-1.1611546694433543
2021-12-16 00:00:00+05:30,197.67714318220996,197.8083394873064,193.128822203074,194.96563720703125,24199205,0.0,0.0,198.54306793212893,203.1972268676758,199.20540884666963,199.83020562057774,44.148201445159415,-0.9140864614471695,0.197654566396948,-1.1117410278441175
2021-12-17 00:00:00+05:30,194.878162563633,194.9218991108308,189.5863606691912,190.63597106933597,29683982,0.0,0.0,197.68806991577148,202.90421020507813,198.389271915495,199.469647402882,39.862536058605976,-1.4901380334551675,-0.30271760448884,-1.1874204289663275
2021-12-20 00:00:00+05:30,189.14902336204003,189.14902336204003,183.50735573915844,185.7815093994141,37340790,0.0,0.0,196.87899322509764,202.57445617675782,197.1885326282492,198.9328576772558,35.68032973989035,-2.3117293637291993,-0.8994471478102974,-1.412282215918902
2021-12-21 00:00:00+05:30,187.18098905675552,188.4492687899389,184.6006930451369,185.8689727783203,19395604,0.0,0.0,196.0436752319336,202.21671264648438,196.11047930920836,198.42054846553287,35.8109982708174,-2.922104645099722,-1.2078579433446561,-1.714246701755066
2021-12-22 00:00:00+05:30,187.18101112797572,187.35594398309016,184.6444513625136,185.43165588378903,17239484,0.0,0.0,195.35705337524413,201.8720901489258,195.09344850678747,197.9111801289939,35.42349683391293,-3.4019042372461,-1.3501260283928271,-2.051778208853273
2021-12-23 00:00:00+05:30,187.09351700006937,191.0733024026177,186.48124540272036,190.0674285888672,22209720,0.0,0.0,194.74477844238282,201.50909851074218,194.61477994317602,197.6035820293811,42.52348870003502,-3.36924222912387,-1.0539712162164774,-2.3152710129073926
2021-12-24 00:00:00+05:30,190.67970275878903,192.82266005168248,189.32394990931937,190.67970275878903,16581585,0.0,0.0,194.48237380981448,201.10149841308595,194.2400106875201,197.332057352103,43.40848837082012,-3.2564140299559483,-0.7529144136388446,-2.5034996163171037
2021-12-27 00:00:00+05:30,191.02958551753687,191.0733220675316,188.62422207955885,190.2861175537109,8153106,0.0,0.0,194.30962448120118,200.54782775878905,193.86344943668115,197.05574598746017,42.95066275387956,-3.1623028471958037,-0.5270425847029601,-2.6352602624928436
2021-12-28 00:00:00+05:30,190.67971708589795,192.95388418791612,190.67971708589795,192.47280883789065,11568803,0.0,0.0,194.2615173339844,199.90931335449218,193.73100747489158,196.87602296198685,46.337026109440515,-2.878094463706219,-0.19426736097069996,-2.683827102735519
2021-12-29 00:00:00+05:30,192.4290668703143,192.6914728126234,189.1927625058904,189.58636474609372,11480954,0.0,0.0,194.036287689209,199.10810913085936,193.33627959595847,196.590154012344,42.731325399580946,-2.852882928822595,-0.13524466086966047,-2.7176382679529345
2021-12-30 00:00:00+05:30,189.4551707777902,190.5922409642436,188.4930200929995,188.93035888671875,9741198,0.0,0.0,193.6230026245117,198.58417694091796,192.91666809984042,196.28976988977047,41.93269913677839,-2.8529497671536888,-0.10824919936060295,-2.744700567793086
2021-12-31 00:00:00+05:30,189.71754730001496,191.3794425832305,189.06153916502663,190.7234344482422,7583815,0.0,0.0,193.46555938720704,198.08473571777344,192.7077887044501,196.07148222539684,44.960631851155,-2.677452518577553,0.05379843937242601,-2.731250957949979
2022-01-03 00:00:00+05:30,190.72346202959963,192.29788445055968,189.8487843897909,191.64187622070312,7765495,0.0,0.0,193.51804122924804,197.6369009399414,192.60627322980756,195.89777218599707,46.49953007234427,-2.436176384498765,0.23605965876097157,-2.6722360432597365
2022-01-04 00:00:00+05:30,191.99174262229755,193.91603076743084,191.5981403522851,192.6477508544922,9050253,0.0,0.0,193.50054779052735,197.35088134765624,192.61022347977752,195.77032036907534,48.207500093643134,-2.139138970949631,0.42647765784808467,-2.5656166287977156
2022-01-05 00:00:00+05:30,192.1229383657659,193.74109733903467,191.2482607254091,192.91015625,11230588,0.0,0.0,193.30811920166016,197.1260891723633,192.638788505513,195.65815707028807,48.667889534939285,-1.8611070744139226,0.5636076435070345,-2.424714717920957
2022-01-06 00:00:00+05:30,191.5543828622098,192.77892608984413,190.85463815505287,191.2919769287109,8950589,0.0,0.0,192.57776412963867,196.81120513916017,192.51052073629376,195.48693431963798,45.95501350245998,-1.7511521489185213,0.5388500552019488,-2.29000220412047
2022-01-07 00:00:00+05:30,192.2541281108064,192.9975960202067,190.2423670770098,191.02957153320312,8855041,0.0,0.0,191.80367431640624,196.460458984375,192.36947795504705,195.31213577899348,45.51197253098513,-1.6659816018168385,0.4992164818429057,-2.165198083659744
2022-01-10 00:00:00+05:30,192.34160923258483,196.54006460739956,191.4669315856035,195.3155212402344,15841299,0.0,0.0,191.30948181152343,196.4289709472656,192.65005350601726,195.31226854217942,53.412240319993366,-1.2383678734490218,0.7414641681685781,-1.9798320416175998
2022-01-11 00:00:00+05:30,195.3592459706433,196.14645046668383,193.47868113551397,194.1346893310547,8020695,0.0,0.0,191.0186508178711,196.40710418701173,192.79144739411606,195.26608896527256,51.20923907724358,-0.9834278354492483,0.7971233649346814,-1.7805512003839297
2022-01-12 00:00:00+05:30,194.6157727311088,195.62164666729024,193.8285682024905,194.83444213867188,13158894,0.0,0.0,190.96179733276367,196.335380859375,192.986018322169,195.2491616387392,52.460561560033575,-0.7166605978281098,0.8511124820446558,-1.5677730798727656
2022-01-13 00:00:00+05:30,195.84029665664477,197.5021919972544,194.834422820199,195.884033203125,11501088,0.0,0.0,191.00771713256836,196.30651641845702,193.2620197394029,195.27405856283278,54.351671153724,-0.41575979286568554,0.9216106296056641,-1.3373704224713496
2022-01-14 00:00:00+05:30,195.8840538707455,196.62753519979407,194.44084111026467,194.7032470703125,10569725,0.0,0.0,191.2110809326172,196.30914031982422,193.3992794852038,195.2516737984202,51.85265286871918,-0.26946706119224473,0.854322689023284,-1.1237897502155287
2022-01-17 00:00:00+05:30,194.7032206493552,197.327253200713,193.60987375295613,196.45257568359372,12318313,0.0,0.0,191.74463424682617,196.2750274658203,193.6900695993362,195.29876798999564,55.14321089825952,-0.012231817241143972,0.8892463463795078,-0.9014781636206518
2022-01-18 00:00:00+05:30,196.4525816304797,198.8142083288874,192.69146552370884,193.08506774902344,14394097,0.0,0.0,192.10543899536134,196.11671020507814,193.6324503754969,195.21195621583988,48.29991293139398,-0.07918795060996331,0.6578321704085509,-0.7370201210185142
2022-01-19 00:00:00+05:30,193.08507993430865,194.5282926337143,191.2919881874718,192.73521423339844,11473796,0.0,0.0,192.4706169128418,195.96976470947266,193.54699931434467,195.11482907927356,47.63846831345478,-0.15865257542898803,0.462694036471621,-0.621346611900609
2022-01-20 00:00:00+05:30,192.91013083266893,194.3096068649356,190.6797004743304,191.3357086181641,17329896,0.0,0.0,192.53403091430664,195.75809204101563,193.3364002004227,194.96662827687712,44.98457276714087,-0.33074465164003186,0.23248156820846178,-0.5632262198484936
2022-01-21 00:00:00+05:30,191.11704995483524,192.8664051031633,188.93035601942523,189.8487701416016,16586264,0.0,0.0,192.49248428344725,195.53155059814452,193.00424495672544,194.7659279578467,42.28896832099496,-0.580421630828738,-0.013756328784195526,-0.5666653020445425
2022-01-24 00:00:00+05:30,189.84877115608688,190.46104279196933,184.46949603832093,185.2567138671875,17354942,0.0,0.0,192.2410140991211,195.1624368286133,192.26638485295993,194.3930176013503,35.261589917691964,-1.1357408856354994,-0.45526046687276545,-0.6804804187627339
2022-01-25 00:00:00+05:30,185.43164407931584,187.79327083932372,183.28868671091084,187.4434051513672,18322935,0.0,0.0,191.98954391479492,194.74609008789062,191.80705345280825,194.12048377978235,40.3452471009579,-1.3834402462402693,-0.5623678619820283,-0.821072384258241
2022-01-27 00:00:00+05:30,184.77565038986705,188.4930303385389,184.6444540832284,187.7058258056641,23149684,0.0,0.0,191.89551696777343,194.38135009765625,191.41646034355642,193.86892856511105,40.94458149578589,-1.540807154676287,-0.5757878163344367,-0.9650193383418503
2022-01-28 00:00:00+05:30,188.1431552644812,191.7730619304864,188.1431552644812,190.3298492431641,15276991,0.0,0.0,191.9654914855957,193.99824157714843,191.31297357209047,193.73014114072097,46.709921086894326,-1.437217453682564,-0.37775849227257075,-1.0594589614099932
2022-01-31 00:00:00+05:30,191.11705466284556,193.0850792531952,189.89251136745855,192.60400390625,15039006,0.0,0.0,192.05951995849608,193.69560302734374,191.4359288420104,193.68597889623192,51.16009443244559,-1.1582648378580416,-0.07904470115843876,-1.0792201366996028
2022-02-01 00:00:00+05:30,193.30375086829375,200.1262388623613,191.6855919590684,199.20782470703125,43207074,0.0,0.0,192.4378173828125,193.64049865722657,192.1761094005838,193.90252186920446,61.27352502849903,-0.39971209961004206,0.5436064296716487,-0.9433185292816908
2022-02-02 00:00:00+05:30,201.17584501092463,204.0622837173421,200.30116742392065,203.056396484375,41130638,0.0,0.0,192.95824966430663,193.65011993408203,193.21232721808775,194.2614973443092,65.72759702455562,0.5061592997696494,1.1595822632410722,-0.6534229634714228
2022-02-03 00:00:00+05:30,203.05639985790583,205.724169211894,202.75027070528097,205.0681610107422,27845963,0.0,0.0,193.56614990234374,193.7682012939453,194.3414542459596,194.68528807632617,67.81165659954256,1.3706020472585863,1.6192200085840072,-0.24861796132542097
2022-02-04 00:00:00+05:30,207.51727766404417,208.6106247539496,202.53161760338,204.93698120117188,56705951,0.0,0.0,194.2484001159668,193.82068237304688,195.3505520512179,195.0873152576927,67.5233238853978,2.0217881233339767,1.816324867727518,0.2054632556064586
2022-02-07 00:00:00+05:30,204.67454639735809,205.33055455888808,199.86381987947144,201.35076904296875,24171083,0.0,0.0,194.76445999145508,193.92914184570313,195.92200128852753,195.33294089633097,60.011003199976315,2.222856721618001,1.613914772809234,0.6089419488087671
2022-02-08 00:00:00+05:30,201.4382696997626,203.1876250365447,200.3449226142738,202.2692108154297,16201280,0.0,0.0,195.11214447021484,194.09970397949218,196.5264974339468,195.60495148139367,61.201519527391135,2.4283234089984944,1.4555051681517819,0.9728182408467125
2022-02-09 00:00:00+05:30,203.18760213652277,203.7998737660867,200.0824940943877,201.3070373535156,11893807,0.0,0.0,195.47076187133788,194.25714569091798,196.9817869500962,195.8285626920651,59.212696608116374,2.4848738034715723,1.2096444500998877,1.2752293533716845
2022-02-10 00:00:00+05:30,200.0387669342156,204.14974903595,199.2078258732035,203.1438751220703,19563580,0.0,0.0,195.8862335205078,194.43820404052735,197.56865249028422,196.1154376893202,61.76701057190475,2.6473903869067215,1.0977288268280294,1.549661560078692
2022-02-11 00:00:00+05:30,202.92518440684995,204.06226785084743,201.0008965343648,203.31878662109372,18096561,0.0,0.0,196.25797119140626,194.56065856933594,198.11628431226606,196.39792196115445,62.010982350380395,2.758501557475654,0.9670719979175693,1.7914295595580847
2022-02-14 00:00:00+05:30,202.2449338490287,202.2449338490287,195.53326569032205,196.38340759277344,22745228,5.25,0.0,196.34197921752929,194.61088073730468,197.95124843421914,196.39735277023755,48.732305166852,2.2608689446084043,0.3755515080402556,1.8853174365681487
2022-02-15 00:00:00+05:30,197.7704637467594,200.0076861873336,195.57798848598108,199.56024169921875,12875311,0.0,0.0,196.49736251831055,194.79024078369142,198.10448588802862,196.5213876301976,53.63041408727098,2.098643618863491,0.17066094583627378,1.9279826730272174
2022-02-16 00:00:00+05:30,200.2761841414436,201.0815788728136,198.53115312019247,199.3365478515625,11231596,0.0,0.0,196.8099365234375,194.91701934814452,198.2218251226509,196.63178607025114,53.244664977043705,1.9297833146193568,0.001440513273711419,1.9283428013456454
2022-02-17 00:00:00+05:30,199.6050188909784,200.7683774659802,197.63626557824213,199.2470550537109,14024149,0.0,0.0,197.13552856445312,194.96678588867186,198.3194660684661,196.73434563822997,53.080172954128884,1.7683544961992368,-0.12799064411712702,1.8963451403163638
2022-02-18 00:00:00+05:30,199.24706408028976,199.96297813233383,198.21794701823725,198.57589721679688,8670947,0.0,0.0,197.49753799438477,194.820322265625,198.34388808259285,196.8065633471934,51.78800435840906,1.5681870817151378,-0.2625264468809809,1.8307135285961187
2022-02-21 00:00:00+05:30,197.14407842213805,198.03896755373657,194.32516946464804,195.08583068847656,16129017,0.0,0.0,197.7593910217285,194.5918115234375,198.03359690220083,196.73908363508687,45.57492955981984,1.1150798164645437,-0.57250696970526,1.6875867861698037
2022-02-22 00:00:00+05:30,192.40116516493484,194.10144906953883,190.6113868843308,192.26693725585935,25749340,0.0,0.0,198.10990219116212,194.33316284179688,197.48439122159687,196.5637053457054,41.268424777424976,0.5225047927521587,-0.9320655947341161,1.4545703874862748
2022-02-23 00:00:00+05:30,194.01195818846264,194.63837782288485,192.4459022749452,193.2512969970703,11014283,0.0,0.0,198.40029678344726,194.19916259765625,197.08123939068957,196.43380697909225,43.28384484554066,0.13080656500855525,-1.0590110579821757,1.189817622990731
2022-02-24 00:00:00+05:30,187.92673014908388,190.87986721098312,185.24206257552552,186.5843963623047,41341523,0.0,0.0,198.3442253112793,194.01142028808593,196.08154005465292,196.0475555823555,34.61896042481159,-0.7094027132335157,-1.5193762689793973,0.8099735557458816
2022-02-25 00:00:00+05:30,189.2690418029492,193.74348723564304,188.4188999017221,191.4615173339844,23633656,0.0,0.0,198.40080871582032,193.941337890625,195.64153789077974,195.8677109451645,43.525580849544454,-0.9705438911725821,-1.424413957534771,0.45387006636218885
2022-02-28 00:00:00+05:30,190.7903701998886,193.6987600311519,188.64264163261808,193.16183471679688,20034633,0.0,0.0,198.42870025634767,193.99185516357423,195.40537568373375,195.76159815189519,46.27348116857912,-1.0284434970124323,-1.185850850699697,0.15740735368726466
2022-03-02 00:00:00+05:30,191.8642083549809,193.83297520428007,190.1191774248506,192.66961669921875,19295994,0.0,0.0,198.10178985595704,194.1296173095703,195.14482720901805,195.64034397728042,45.5820401236251,-1.101351537212139,-1.0070071127195228,-0.09434442449261607
2022-03-03 00:00:00+05:30,193.3407984434737,197.05458285517588,193.2960512561795,196.3386688232422,28532668,0.0,0.0,197.7659034729004,194.33901123046874,195.25852641037272,195.66772926535737,51.4104120498448,-0.853234287734665,-0.6071118905936391,-0.24612239714102588
2022-03-04 00:00:00+05:30,194.8173626032658,203.4977845105089,194.1909429376776,201.7975006103516,66835736,0.0,0.0,197.60237045288085,194.666328125,195.88128585798975,195.90811245535716,58.52740766007577,-0.21365459885632276,0.02597423862776252,-0.23962883748408528
2022-03-07 00:00:00+05:30,198.66539282852503,203.13983861295128,196.965108892413,201.3053131103516,45258669,0.0,0.0,197.42078704833983,194.89108581542968,196.39785988202422,196.11976738300402,57.706687356277385,0.25061258871338055,0.39219314095797264,-0.14158055224459212
2022-03-08 00:00:00+05:30,200.3656713470508,204.4374196317697,200.23144343911727,203.0503387451172,36036336,0.0,0.0,197.50576553344726,195.13849853515626,197.03142929755688,196.39155449524375,59.85606038380212,0.7507030274605313,0.7138268637640988,0.03687616369643258
2022-03-09 00:00:00+05:30,203.76626982739563,207.07735716433325,202.3344552882763,205.15335083007807,42294906,0.0,0.0,197.64997253417968,195.4358432006836,197.80494563398747,196.73515435151177,62.340021537293644,1.3017184033138847,1.0118737916939615,0.28984461161992303
2022-03-10 00:00:00+05:30,206.7193687702048,208.06170233364764,203.90047374894397,207.6142578125,36132245,0.0,0.0,197.9653335571289,195.73867218017577,198.73916584146485,197.16178585978582,65.06418871160692,1.9149028769726613,1.3000466122821905,0.6148562646904707
2022-03-11 00:00:00+05:30,207.5247820415633,212.17821640240825,205.9587260772201,211.50704956054688,41699184,0.0,0.0,198.38349227905275,196.17708587646484,199.9551547670917,197.7243452206,68.89691504475624,2.684031901740724,1.6553405096402025,1.0286913921005214
2022-03-14 00:00:00+05:30,211.41756432824556,214.28120691302937,210.56742235611165,213.8785095214844,35113638,0.0,0.0,198.91147842407227,196.67604888916014,201.28118855322433,198.35784185985037,70.9852273989396,3.445214902055568,1.9332188079640371,1.511996094091531
2022-03-15 00:00:00+05:30,213.8785128413116,216.0262413995053,211.1043509366299,212.84939575195312,32998305,0.0,0.0,199.73477783203126,197.11856811523438,202.38292257215087,198.9261380909132,68.82562196402014,3.920227095592537,1.9265848012008049,1.9936422943917322
2022-03-16 00:00:00+05:30,214.7733805714234,217.4580478285662,213.9679858562501,217.10009765625,21629521,0.0,0.0,200.6117706298828,197.6277325439453,203.78455829444604,199.6388423875931,72.54152815314204,4.586800024825038,2.0745261843466447,2.5122738404783935
2022-03-17 00:00:00+05:30,219.4715723892797,219.6058003049177,217.18960223895655,219.15835571289065,34223740,0.0,0.0,201.6028610229492,198.1579446411133,205.24872947715505,200.40431349838906,74.14838950565243,5.220964073330947,2.166952186282043,3.054011887048904
2022-03-21 00:00:00+05:30,220.0532237970611,221.70877409078835,218.173964883696,218.8003845214844,27975134,0.0,0.0,202.58052749633788,198.67574920654297,206.5393632909007,201.12572804831436,73.34448870056247,5.629761975571483,2.0606000708180634,3.56916190475342
2022-03-22 00:00:00+05:30,218.84514481520785,224.3934548256753,217.9502556633607,223.49856567382807,36945426,0.0,0.0,203.82666091918946,199.31988098144532,208.1545254226081,202.00309422970705,76.88637890990177,6.260672082350652,2.1532081420777853,4.107463940272867
2022-03-23 00:00:00+05:30,225.01983225368892,227.033332467312,222.3799124823676,225.51202392578125,40491633,0.0,0.0,205.34797058105468,200.00953002929688,209.80762051814838,202.9250130413178,78.22194308221034,6.8442459344576605,2.189425595347835,4.6548203391098255
2022-03-24 00:00:00+05:30,225.4672982476494,229.53904624338023,225.01985371306196,228.0624847412109,38239419,0.0,0.0,207.13774795532225,200.6644692993164,211.5461790155829,203.9107962452352,79.81314788844303,7.426920374410969,2.217680028240914,5.209240346170055
2022-03-25 00:00:00+05:30,228.46521553552697,228.8679129446204,223.05113314348637,226.72018432617188,29284643,0.0,0.0,208.81119232177736,201.31617919921874,212.99132237849616,204.80528205233074,76.63938332139166,7.691716322754047,1.9859807812671928,5.705735541486854
2022-03-28 00:00:00+05:30,227.3018338803664,230.88139031942725,226.0042474021916,230.0312347412109,24916402,0.0,0.0,210.98353424072266,202.02011505126953,214.6141711749452,205.79453509895347,78.87128056487003,8.075652026812264,1.8959331882603276,6.179718838551937
2022-03-29 00:00:00+05:30,230.03123759498112,230.43394862331084,227.07811442005877,227.8387756347656,18122714,0.0,0.0,212.80239715576172,202.65920989990235,215.8736573139757,206.65901511996572,73.84050500481553,8.109529108089447,1.5438482156300077,6.565680892459439
2022-03-30 00:00:00+05:30,228.28620122354053,229.44954606004904,222.5141559496916,223.00634765625,17603827,0.0,0.0,214.29462280273438,203.2252719116211,216.55296115609707,207.30008698413374,64.13089234901135,7.65816186455794,0.8739847776787997,6.78417708687914
2022-03-31 00:00:00+05:30,223.3643172202532,227.61504030058907,223.27482285132928,224.30393981933597,25656796,0.0,0.0,215.87633895874023,203.78229919433593,217.29114960021505,207.96690474237698,65.44483883220099,7.320765685461055,0.4292708788655313,6.8914948065955235
2022-04-01 00:00:00+05:30,223.72229329536768,228.5099558338586,222.64842901853496,226.6754302978516,14305709,0.0,0.0,217.3931770324707,204.4541064453125,218.1848906190376,208.70057241121913,67.76866308034417,7.1621751481532385,0.21654427324617131,6.945630874907067
2022-04-04 00:00:00+05:30,226.4964450001598,230.79190191416296,224.70666673435036,228.59942626953125,15907398,0.0,0.0,218.7332733154297,205.17139068603515,219.17675115717984,209.48091962134902,69.55737309214453,7.109784233209581,0.13132268664201074,6.97846154656757
2022-04-05 00:00:00+05:30,229.13635589709676,234.3267293521805,228.28622759064172,232.1790008544922,27183142,0.0,0.0,220.2769577026367,205.98825653076173,220.41506065216197,210.37104045402128,72.6036303451679,7.273264147273835,0.23584208056501144,7.037422066708824
2022-04-06 00:00:00+05:30,230.4339294449128,235.66903582825196,230.25494071169663,232.31320190429688,19597941,0.0,0.0,221.7401008605957,206.83754516601562,221.5482169618891,211.23151737363995,72.71386942632236,7.329165996769859,0.23339514404882777,7.0957708527210315
2022-04-07 00:00:00+05:30,230.8813845384973,234.6399296293421,228.9126312772933,229.67327880859372,16061089,0.0,0.0,222.9660972595215,207.72587646484374,222.32203237586094,211.95472370442246,67.00233800460781,7.078848327096466,-0.013538020499652248,7.092386347596118
2022-04-08 00:00:00+05:30,230.8814033072487,240.59095615636457,229.09162498703745,239.65130615234372,37826800,0.0,0.0,224.56794967651368,208.7700344848633,223.97243940219266,213.04086419257624,74.996517755634,7.598027851758673,0.40451320333004226,7.19351464842863
2022-04-11 00:00:00+05:30,240.50146976363996,244.43897673686985,238.0405244916399,239.3828582763672,46147653,0.0,0.0,225.96174011230468,209.80357513427734,225.44009834259023,214.0738835684112,74.47376776766059,7.896790579245106,0.5626207446531808,7.3341698345919255
2022-04-12 00:00:00+05:30,238.84588627023285,240.41194213584305,235.4453187431324,236.96661376953125,23553762,0.0,0.0,227.11614532470702,210.73631042480469,226.53786171658462,214.97163769394533,69.76043905372906,7.848123176254745,0.4111626733302556,7.43696050292449
2022-04-13 00:00:00+05:30,237.4140675130897,242.15699613313444,235.9375059587717,241.21734619140625,21414383,0.0,0.0,228.5345428466797,211.70857727050782,227.93590785704382,216.000881164434,72.99806626350423,8.05964590926078,0.4981483250690317,7.5614975841917484
2022-04-18 00:00:00+05:30,239.8302763970548,243.85727730670683,239.15910957877944,241.7095489501953,24399444,0.0,0.0,229.76501541137696,212.5586117553711,229.2476831992487,217.009064214856,73.35382146035744,8.172785069334054,0.48902998811384446,7.68375508122021
2022-04-19 00:00:00+05:30,243.40984520102165,243.85728976940587,231.5972976717383,234.0582427978516,23380138,0.0,0.0,230.510009765625,213.17864868164062,229.70583173244898,217.67765945340489,60.0983506259334,7.557929104881595,-0.10066078107089282,7.6585898859524875
2022-04-20 00:00:00+05:30,235.266331731241,237.54831525234405,230.4786697307258,232.26844787597656,24510612,0.0,0.0,231.18341293334962,213.72265441894533,229.94989041278495,218.24984723468222,57.48165013009323,6.847298436914485,-0.6490331592304024,7.496331596144888
2022-04-21 00:00:00+05:30,232.40272300968624,236.6534464690905,232.3132286327815,233.0291290283203,23412279,0.0,0.0,231.65994110107422,214.2844973754883,230.24315123331212,218.8294269128641,58.31242277301821,6.27318574411396,-0.9785166816247433,7.251702425738703
2022-04-22 00:00:00+05:30,232.6711646295317,235.3558319137186,231.37356451823555,233.65554809570312,15671273,0.0,0.0,232.0671173095703,214.93059295654297,230.56814141068267,219.41084342983817,59.02248819760964,5.801863807903487,-1.159870894268173,6.96173470217166
2022-04-25 00:00:00+05:30,231.59728602566605,231.7762747679588,225.9594956714656,228.42044067382807,24208645,0.0,0.0,232.08501510620118,215.45361755371093,230.3635984833632,219.76416096881817,51.17712729706305,4.9488609717154475,-1.6102989843649702,6.559159956080418
2022-04-26 00:00:00+05:30,229.62855719760023,233.2976081081908,229.31534053879696,231.73155212402344,20536714,0.0,0.0,232.33558349609376,216.0621078491211,230.4938797824737,220.23347042588506,55.23044867727792,4.488290877034245,-1.656695263236938,6.144986140271183
2022-04-27 00:00:00+05:30,229.27059978875647,231.32883380778784,228.86788876727945,230.43394470214844,16580824,0.0,0.0,232.35571899414063,216.60790924072265,230.48817167958558,220.63348902495423,53.360782361834296,3.9727839045044107,-1.737761788613419,5.71054569311783
2022-04-28 00:00:00+05:30,232.2237200821672,235.982265203968,231.01561434231357,233.65554809570312,27924384,0.0,0.0,232.6465576171875,217.21464447021484,230.78982657635868,221.14415800812088,57.23175742501335,3.7806167875694143,-1.5439431244387327,5.324559912008147
2022-04-29 00:00:00+05:30,235.35582610047297,235.35582610047297,231.3288252736588,232.26844787597656,20419904,0.0,0.0,233.10966262817382,217.9323452758789,230.9306476525128,221.58040466960543,55.110826657663566,3.4763226836954857,-1.47858978265013,4.954912466345616
2022-05-02 00:00:00+05:30,230.881393021071,236.6981723026096,230.03123743290664,235.4900665283203,18965820,0.0,0.0,233.66896896362306,218.65094177246092,231.3648780216373,222.12588160524132,58.91871659300034,3.455294629466181,-1.1996942695035475,4.654988898969728
2022-05-04 00:00:00+05:30,236.25072748736767,238.0852392579324,231.4183317052776,232.44744873046875,25951999,0.0,0.0,233.95756988525392,219.31315979003907,231.46797999390697,222.53064894348555,54.239070884577885,3.156727131543761,-1.1986094139407744,4.355336545484535
2022-05-05 00:00:00+05:30,234.46094273874925,237.32459876484103,233.02911472570332,234.50567626953125,17932895,0.0,0.0,234.2528823852539,220.01833221435547,231.75728440110927,223.00025785823243,56.74204494030246,3.051021720258632,-1.0434518601807232,4.094473580439355
2022-05-06 00:00:00+05:30,231.7762660331737,239.24859512980328,231.68677166540004,238.6221618652344,34490123,0.0,0.0,234.575040435791,220.8192575073242,232.41108225483546,223.61288154478154,61.30113001818551,3.261815229361872,-0.6661266808619866,3.9279419102238586
2022-05-09 00:00:00+05:30,238.17475577092364,238.17475577092364,233.163370775216,235.3111267089844,21403710,0.0,0.0,234.72493667602538,221.6237634277344,232.6872769647544,224.07163625710322,56.172976434984946,3.125666994920124,-0.6418199322429881,3.767486927163112
2022-05-10 00:00:00+05:30,234.460949248827,238.7564060973852,231.8657762649128,232.44744873046875,18033260,0.0,0.0,234.86364517211913,222.42737365722655,232.6644361805367,224.40009949135285,52.11247807324611,2.754936465434099,-0.8100403693832106,3.5649768348173096
2022-05-11 00:00:00+05:30,231.77626514255044,234.6399210412233,225.28831949666824,228.77838134765625,17344099,0.0,0.0,234.31999893188475,223.13791534423828,232.29433572026238,224.57179681905103,47.386192998816036,2.1403936500804264,-1.1396665477895072,3.2800601978699335
2022-05-12 00:00:00+05:30,228.19673177123715,229.44957111114852,222.9616248156918,226.3174591064453,20044726,0.0,0.0,233.66672897338867,223.9325765991211,231.72510937608934,224.64025416365473,44.47279700229936,1.438209400574749,-1.4734806378361478,2.911690038410897
2022-05-13 00:00:00+05:30,228.1519814366942,233.43183550762225,227.74928405834217,231.4183349609375,11921627,0.0,0.0,233.389315032959,224.73171295166014,231.6958927651225,224.90606125374424,51.17369633732102,1.2785826704021304,-1.3064858944070132,2.5850685648091436
2022-05-16 00:00:00+05:30,232.62643362733544,232.62643362733544,226.40694342742535,227.39132690429688,8186859,0.0,0.0,232.69801406860353,225.41630279541016,231.28593411171053,225.00352265180513,46.41181790830907,0.817705442296699,-1.4138904980099558,2.2315959403066548
2022-05-17 00:00:00+05:30,228.1967164494004,237.59305183261105,228.01774136356207,236.8771514892578,17797974,0.0,0.0,232.45639419555664,226.30045349121093,231.81843100481026,225.46915515523463,56.645710668004625,1.204004669877122,-0.8220730163436261,2.026077686220748
2022-05-18 00:00:00+05:30,238.04052352518764,239.65131313638025,235.4900838825905,238.7564239501953,20200332,0.0,0.0,232.69130325317383,227.14880859375,232.47919223770407,225.9902245197429,58.3430123534601,1.6428533815903847,-0.3065794437042908,1.9494328252946755
2022-05-19 00:00:00+05:30,234.9978714678222,249.89776878192845,234.9978714678222,246.67616271972656,78287713,0.0,0.0,233.41168899536132,228.0463818359375,233.83128466456333,226.80143778248734,64.6278519190099,2.5997327768657783,0.5202399612568822,2.079492815608896
2022-05-20 00:00:00+05:30,247.8843021937779,252.6719647558805,247.8843021937779,250.5689697265625,32370771,0.0,0.0,234.28868103027344,229.0316549682617,235.42534990856325,227.73349785872557,67.24384143438793,3.630335337505869,1.2406740175175783,2.389661319988291
2022-05-23 00:00:00+05:30,250.5689543843921,250.9716654135922,244.34946405698287,245.6470642089844,21700165,0.0,0.0,234.8882568359375,229.88358947753906,236.39884650860336,228.43599065677495,61.09188601011784,4.003785503699078,1.2912993469686294,2.7124861567304484
2022-05-24 00:00:00+05:30,246.0944909153166,246.0944909153166,241.62004562594723,242.38070678710935,15547968,0.0,0.0,235.58627014160157,230.6281365966797,236.9685474875087,228.98284226972922,57.342562802554994,3.990183355197189,1.022157758773392,2.968025596423797
2022-05-25 00:00:00+05:30,244.2599924181121,245.11012068294303,242.0675031843698,244.0362701416016,15288648,0.0,0.0,236.20150604248047,231.3565768432617,237.6416639307556,229.57317277450852,58.72523964791234,4.066121958236977,0.8784770894505436,3.187644868786433
2022-05-26 00:00:00+05:30,245.68483121388556,245.68483121388556,241.65496445601084,244.2652282714844,18420159,6.25,0.0,236.89307022094727,232.01174041748047,238.2724795822536,230.1493318136056,58.92353563822975,4.097544908777479,0.7279200319928365,3.3696248767846426
2022-05-27 00:00:00+05:30,246.37175968972736,247.92876712073223,242.75402192674525,246.5549468994141,13468067,0.0,0.0,237.5380401611328,232.66526916503906,239.06128599341173,230.79268926795103,60.944339179303356,4.2581239781380305,0.7107992810827102,3.5473246970553203
2022-05-30 00:00:00+05:30,247.7455482105163,248.2034882256929,245.0895017125804,246.41751098632807,11819102,0.0,0.0,238.2454933166504,233.33663146972657,239.76187884987993,231.40542737455405,60.75114754190067,4.324444612312362,0.6216959322056335,3.702748680106729
2022-05-31 00:00:00+05:30,246.41755121003231,251.40910937042452,243.99047432350335,247.88296508789065,23208345,0.0,0.0,238.8651382446289,233.95228881835936,240.5353156344524,232.05160532409667,62.1296604041316,4.444026124541551,0.593021955547858,3.8510041689936934
2022-06-01 00:00:00+05:30,247.8829425914355,251.0427401053507,247.47081331816983,248.9820098876953,14699792,0.0,0.0,239.69186630249024,234.54876190185547,241.3397627061898,232.7155427579633,63.174291217117286,4.574744260608185,0.5789920732915927,3.995752187316592
2022-06-02 00:00:00+05:30,247.9287567135641,251.36330712268932,245.3184928125404,250.4932098388672,14240994,0.0,0.0,240.49124298095703,235.18261840820313,242.2115195759686,233.41270617290073,64.61946235339873,4.745576480006235,0.599859434151714,4.145717045854521
2022-06-03 00:00:00+05:30,251.8670263458341,252.5081535930732,248.75303961019227,249.7605133056641,12487862,0.0,0.0,241.04816055297852,235.70785736083985,242.9304713597491,234.05379664869537,63.32195634465955,4.766890016999838,0.496938376916253,4.269951640083585
2022-06-06 00:00:00+05:30,249.4857161362296,252.59970266754195,247.0128568100877,251.68382263183597,10925182,0.0,0.0,241.8667953491211,236.23129333496092,243.7641238618526,234.74517021666165,65.29204060966634,4.882691509131007,0.4901918952379374,4.39249961389307
2022-06-07 00:00:00+05:30,250.2184587947309,251.86703182284876,249.34836150462024,250.85955810546875,10828539,0.0,0.0,242.7874008178711,236.68723480224608,244.43987950410175,235.37710699661488,63.71258998223374,4.852022670274209,0.3676184451049114,4.484404225169298
2022-06-08 00:00:00+05:30,250.90538004703,251.3175093471781,243.8073088343339,245.36428833007807,14361969,0.0,0.0,243.6166961669922,237.06011688232422,244.527918439909,235.76876116655464,54.284407010938345,4.334331573186915,-0.12005812158590601,4.454389694772821
2022-06-09 00:00:00+05:30,245.2726805062084,248.84463526976228,243.3951374744471,248.06613159179688,9860194,0.0,0.0,244.70412979125976,237.42081481933593,244.86489112104118,236.25101098715237,57.60611730871329,4.094870699501371,-0.2876151962171605,4.382485895718531
2022-06-10 00:00:00+05:30,246.41755974650437,248.20353733927155,246.14280686320748,247.42503356933597,8371061,0.0,0.0,245.50446472167968,237.81253997802733,245.108714211355,236.68920795115957,56.55603030566727,3.809451988132622,-0.4584271260687274,4.2678791142013495
2022-06-13 00:00:00+05:30,243.99043962293004,246.46332693702217,240.8764530443836,242.3876495361328,11092690,0.0,0.0,246.2542808532715,238.200166015625,244.84956519466715,236.9126762486095,48.9981249820626,3.1405781804157016,-0.9018407470285181,4.04241892744422
2022-06-14 00:00:00+05:30,241.05966155187213,244.95215210688625,240.92225717192863,243.12039184570312,7422193,0.0,0.0,246.56644287109376,238.57649505615234,244.68488201857534,237.1561160759465,50.04390868738536,2.639194063105606,-1.1225798914708913,3.761773954576497
2022-06-15 00:00:00+05:30,243.62410696399797,244.81473991559983,240.9222494847841,241.2428131103516,5059474,0.0,0.0,246.69076232910157,238.86784271240234,244.35706593207783,237.3163787047467,47.363908445200764,2.0665171026994926,-1.3562054815016036,3.422722584201096
2022-06-16 00:00:00+05:30,244.53999207268777,245.36427859070932,237.6708911717696,238.76995849609372,14293357,0.0,0.0,246.29545211791992,239.0712533569336,243.8249604619841,237.37338183381914,44.020254892359475,1.3970237644610108,-1.6205590557920688,3.0175828202530797
2022-06-17 00:00:00+05:30,237.21295643369223,241.9297335680572,236.80079919021296,241.15122985839844,16654660,0.0,0.0,245.8245651245117,239.25069793701172,243.57031945211878,237.52153273674384,47.838950560830014,1.046530417085279,-1.5768419225342405,2.6233723396195194
2022-06-20 00:00:00+05:30,241.151220795126,243.76148468802356,239.36527135820648,241.88394165039065,17081136,0.0,0.0,245.63640899658202,239.4421127319336,243.40971204243039,237.69260759610253,48.99195709342067,0.8184510381083783,-1.4439370412089132,2.2623880793172915
2022-06-21 00:00:00+05:30,242.70822283101597,248.06612692510976,241.88393634356504,247.19602966308597,13883034,0.0,0.0,245.87717514038087,239.79256774902345,243.77031372058806,238.06529081441562,56.49947991606937,1.054185599317492,-0.9665619839998394,2.0207475833173314
2022-06-22 00:00:00+05:30,244.53997848930504,247.56237153764792,242.61662475379524,242.98297119140625,11320918,0.0,0.0,245.8245101928711,239.85920104980468,243.69532871780885,238.25814102527798,50.190018818758666,0.8907799717624982,-0.9039740892438668,1.794754061006365
2022-06-23 00:00:00+05:30,243.1661529541016,244.7689430394864,240.3269192127602,243.1661529541016,9067252,0.0,0.0,245.76955642700196,239.93486694335937,243.64493102602722,238.45061208131028,50.44911954074011,0.7672170711664705,-0.8220295918719156,1.5892466630383861
2022-06-24 00:00:00+05:30,243.7156796003732,245.77640965119295,242.8913931701333,243.48670959472656,7013132,0.0,0.0,245.61614456176758,240.0652688598633,243.6298623182843,238.64810610144428,50.930151784022726,0.6872367862346493,-0.7216079014429895,1.4088446876776388
2022-06-27 00:00:00+05:30,244.54000934010813,247.8829664245187,244.08206924771093,247.2418670654297,8172964,0.0,0.0,245.65736236572266,240.18575927734375,243.9738627703934,238.98511633532607,56.28405747978056,0.916299132897052,-0.39403644382446945,1.3103355767215215
2022-06-28 00:00:00+05:30,246.280152422148,249.34835633630112,245.959588798202,248.9820098876953,11240154,0.0,0.0,245.7123146057129,240.33120849609375,244.45082916251738,239.37715137659546,58.54147195486025,1.2241365910850845,-0.06895918850914962,1.2930957795942342
2022-06-29 00:00:00+05:30,246.6007046437277,251.86701495645357,246.5091110482008,250.99691772460935,16018449,0.0,0.0,245.81305999755858,240.6699819946289,245.07426616843088,239.83282848828227,61.04953842792971,1.6121028989795718,0.2552056955082702,1.3568972034713016
2022-06-30 00:00:00+05:30,250.90536706813933,251.5922771499644,249.11938967521704,250.4932098388672,19262054,0.0,0.0,245.81305999755858,241.03447723388672,245.5903560418058,240.25088265889346,60.07117648926186,1.8575117373678438,0.40049162711723363,1.4570201102506102
2022-07-01 00:00:00+05:30,250.49320682052564,261.02582794826253,248.38669377515524,260.4305114746094,35165665,0.0,0.0,246.34655990600587,241.5825048828125,247.0037041782633,241.04224065166665,70.21303984053635,2.821334613174372,1.0914516023390093,1.7298830108353627
2022-07-04 00:00:00+05:30,261.62111740976394,268.6275938464531,260.8426138167008,267.3453674316406,39881736,0.0,0.0,247.1296371459961,242.25630126953126,248.9410054404897,242.07373581950878,74.97609556122904,4.095926975541801,1.8928351717651504,2.2030918037766503
2022-07-05 00:00:00+05:30,268.3528653283395,268.3528653283395,261.71273470161435,262.7659912109375,18568655,0.0,0.0,247.72495880126954,242.94321228027343,250.25767075196092,242.8851968152511,67.30091951420178,4.682555629585067,1.9835710606467334,2.698984568938334
2022-07-06 00:00:00+05:30,262.0333116724438,265.6052386014784,261.3005907956908,264.964111328125,18292925,0.0,0.0,248.70494995117187,243.60786346435546,251.658284140167,243.7510366000697,68.94429461661726,5.264151129940672,2.05213324880187,3.2120178811388014
2022-07-07 00:00:00+05:30,266.52110756382245,268.4902441773842,264.23140732701984,267.3912048339844,13794991,0.0,0.0,249.67120361328125,244.3470086669922,253.1566575395782,244.67810202100753,70.69556911968351,5.853441090744326,2.1131385676844197,3.7403025230599063
2022-07-08 00:00:00+05:30,268.2612746986481,269.680905618615,265.97157445719427,268.3986511230469,11110418,0.0,0.0,250.7198844909668,245.04187072753905,254.608275976099,245.60831963285221,71.41610289479046,6.328795708840573,2.0707945486245336,4.25800116021604
2022-07-11 00:00:00+05:30,268.3529014458091,271.9706394543524,267.4828040664037,270.1846618652344,12352667,0.0,0.0,252.10973510742187,245.80019500732422,256.0917412988738,246.57209775961232,72.69774402008808,6.771575304060946,2.0108593150759244,4.760715988985021
2022-07-12 00:00:00+05:30,268.3528473097301,270.5051709584457,266.4294936672516,268.0780944824219,14074628,0.0,0.0,253.3576202392578,246.45195556640624,257.23329874492595,247.41547018011465,68.78045161949494,6.873268183692318,1.6900417557658365,5.183226427926481
2022-07-13 00:00:00+05:30,268.3528817084448,270.0014547844966,268.0781288459174,269.3145446777344,9277570,0.0,0.0,254.76120681762694,247.18929748535157,258.38389359566963,248.27425741531542,69.8087796621153,6.973248453300869,1.4320176202995096,5.541230833001359
2022-07-14 00:00:00+05:30,269.5435284265171,271.4210995841228,264.8267510435362,266.3837585449219,13414357,0.0,0.0,256.1418968200684,247.82685913085936,259.14578549559843,248.98443393020196,64.39443861663116,6.738318449341875,0.9576700930724122,5.780648356269463
2022-07-15 00:00:00+05:30,267.4369948953358,269.26875513434493,265.14729459657434,268.8565979003906,11025420,0.0,0.0,257.527165222168,248.4315478515625,260.0706247722453,249.7637344780525,66.73852456483054,6.674730064917526,0.7152653669184499,5.959464697999076
2022-07-18 00:00:00+05:30,270.18462825495874,271.37526119929515,269.0397781352343,270.4593811035156,11315876,0.0,0.0,258.95593719482423,249.13451293945312,261.0600301371282,250.5753284633648,68.19985476384188,6.67670215526266,0.5737899658108674,6.102912189451793
2022-07-19 00:00:00+05:30,270.1846142515015,270.7341478705758,268.0781013205645,269.8182678222656,9188419,0.0,0.0,260.0870491027832,249.88192932128905,261.8941480119032,251.32995353626288,66.93310023617713,6.551016526626881,0.3584834697400705,6.192533056886811
2022-07-20 00:00:00+05:30,270.09302699740306,274.3060809086255,268.9023940868244,273.1154479980469,15789281,0.0,0.0,261.5936729431152,250.76867065429687,262.9628432486788,252.18428665241126,70.0174921833795,6.640912341272269,0.3587034275083667,6.282208913763903
2022-07-21 00:00:00+05:30,273.84817527186675,276.77900304358315,272.932295087011,274.3518981933594,16042840,0.0,0.0,263.1529602050781,251.72935943603517,264.0475151481722,253.0536047520563,71.10592954276747,6.734297825976341,0.36167112976995064,6.372626696206391
2022-07-22 00:00:00+05:30,274.76403834035546,277.0537386598584,273.02387168762186,275.26776123046875,9967545,0.0,0.0,264.74201278686525,252.60634796142577,265.1161100131528,253.92474814336657,71.91910637435285,6.803779256257769,0.34492204804110216,6.458857208216667
2022-07-25 00:00:00+05:30,273.84816101442823,277.46589873643507,273.6649738068164,275.7715148925781,10640727,0.0,0.0,266.16849517822266,253.5739517211914,266.13091047786,254.78148409431603,72.37955304699081,6.820865805663573,0.2896068779575245,6.531258927706048
2022-07-26 00:00:00+05:30,275.67989730676453,278.19856746488284,275.1761744553174,277.0079345703125,9739177,0.0,0.0,267.56979141235354,254.3765673828125,267.16681753428406,255.65310960317865,73.52692740662029,6.855153808058162,0.25911590428169085,6.596037903776471
2022-07-27 00:00:00+05:30,277.37430839410393,279.3434451220889,275.31357806123606,278.56494140625,9346146,0.0,0.0,268.94819259643555,255.17273773193358,268.252353141138,256.55161281114226,74.93876949305549,6.928101890202129,0.26565118914052555,6.662450701061603
2022-07-28 00:00:00+05:30,279.25183750260067,279.5266183034592,276.962137247659,277.923828125,10839070,0.0,0.0,270.31972351074216,255.79769104003907,269.1734459967439,257.3897389018818,73.20749372620939,6.8551592781046224,0.1541668616344145,6.700992416470208
2022-07-29 00:00:00+05:30,279.3434727625695,280.1677593871894,276.0005154818937,277.5574951171875,16932743,0.0,0.0,271.1760726928711,256.33746154785155,269.9719268653576,258.180631302482,72.18134426899464,6.690665888765636,-0.008261222163657322,6.698927110929294
2022-08-01 00:00:00+05:30,278.42756764481703,282.823781216926,277.60328109385216,281.6331481933594,15889556,0.0,0.0,271.89046173095704,257.05718322753904,271.08251937278635,259.1003378472223,76.18148762008956,6.810665719277097,0.08939088667824269,6.721274832598854
2022-08-02 00:00:00+05:30,283.9228275019933,290.013424501867,282.2742545224812,283.8770446777344,38982557,0.0,0.0,272.9460144042969,257.8871099853516,272.30104559230523,260.07197340920317,78.05265126902272,7.006068545704579,0.22783497048457946,6.77823357522
2022-08-03 00:00:00+05:30,284.74715572049394,284.74715572049394,278.10702410421305,282.2284851074219,17695228,0.0,0.0,273.8092330932617,258.650954284668,273.2465160223163,260.940856220898,73.48510488006556,6.947811665693166,0.13566247237853268,6.812149193314633
2022-08-04 00:00:00+05:30,282.0910541984299,284.2433778968503,281.3125505691578,283.4648742675781,15901918,0.0,0.0,274.61291656494143,259.43494720458983,274.21969299805556,261.82415104625807,74.68174695943266,6.921620804777092,0.08757728916996665,6.834043515607125
2022-08-05 00:00:00+05:30,283.464911167195,285.57142436725803,283.09856469115505,284.70135498046875,10088723,0.0,0.0,275.4280517578125,260.19787536621095,275.21794652019014,262.72129629858006,75.85532651350174,6.920858667996185,0.06945212191124739,6.851406546084938
2022-08-08 00:00:00+05:30,284.79291147964136,287.5405516176005,283.96859707790094,286.8078308105469,8307140,0.0,0.0,276.25921020507815,261.0056817626953,276.32174502403365,263.6658662794415,77.74770268101099,7.009429325988947,0.12641822392320634,6.8830111020657405
2022-08-10 00:00:00+05:30,286.8078304204957,287.6779276431758,284.6097239032059,285.0218811035156,8923568,0.0,0.0,277.1063995361328,261.7484600830078,277.1503294125557,264.5033570568562,72.55547474843623,6.856473832676102,-0.021229815511711436,6.877703648187813
2022-08-11 00:00:00+05:30,286.6704719387755,287.0826291648709,279.6181839728842,280.48828125,10885990,0.0,0.0,277.6650863647461,262.3785855102539,277.4682295875504,265.1302168291364,61.354163446650915,6.296845764612897,-0.4646863068599334,6.76153207147283
2022-08-12 00:00:00+05:30,280.48827459313355,283.37329125600314,278.88548445260136,282.59478759765625,6422504,0.0,0.0,278.4756378173828,263.0206170654297,277.9564732075605,265.81510195731363,64.12549724932408,5.954672191845248,-0.6454879037020671,6.600160095547315
2022-08-16 00:00:00+05:30,282.5947840518287,285.29664143500133,282.5947840518287,284.4265441894531,8609864,0.0,0.0,279.25413513183594,263.7139376831055,278.57267044393126,266.5449624370054,66.38303149858751,5.76485100464248,-0.6682472727238675,6.433098277366348
2022-08-17 00:00:00+05:30,285.47988596192766,286.89948917350915,284.8387586048248,286.25836181640625,7975854,0.0,0.0,280.0440841674805,264.4054284667969,279.30464105083365,267.31803692247206,68.51670420316115,5.696562295398508,-0.5892287855742726,6.28579108097278
2022-08-18 00:00:00+05:30,286.67045762059183,289.41809778947925,286.3041111881617,289.0975341796875,9883851,0.0,0.0,281.00804748535154,265.17018798828127,280.2372975392959,268.1721348541276,71.53256819298468,5.804628340834938,-0.38493019211027324,6.189558532945211
2022-08-19 00:00:00+05:30,289.55550520472195,289.55550520472195,285.021915211002,285.7546081542969,10422413,0.0,0.0,281.64000549316404,265.9779943847656,280.76275569310553,268.861643610997,63.784929926473566,5.556473698158982,-0.5064678678289845,6.062941565987966
2022-08-22 00:00:00+05:30,285.0218982051489,290.3339916032008,284.83871100503296,287.95269775390625,11355837,0.0,0.0,282.3200454711914,266.7757257080078,281.4475120798484,269.61031240091506,66.36460693834323,5.474075086365588,-0.47109318369790376,5.945168270063491
2022-08-23 00:00:00+05:30,286.62470837363287,289.41813169238475,285.846204644498,289.3265380859375,9338887,0.0,0.0,283.02298431396486,267.61375579833987,282.19789550899975,270.38349772189633,67.9035026809142,5.4567292479275125,-0.3907512177087833,5.847480465636296
2022-08-24 00:00:00+05:30,289.18914458870694,292.57791217419907,286.71625711275937,287.6779479980469,11346892,0.0,0.0,283.6183059692383,268.5195617675781,282.7198052698614,271.061711458216,64.11280973583588,5.24944279487022,-0.47843013661286093,5.7278729314830805
2022-08-25 00:00:00+05:30,288.9143987939588,289.78446814901554,285.3882546959828,286.0751647949219,7759104,0.0,0.0,284.07166748046876,269.3786572265625,283.03936331986716,271.6504743341652,60.57244261760485,4.899358819207123,-0.662811289820767,5.56217010902789
2022-08-26 00:00:00+05:30,288.27330247309425,288.8686190326714,285.7546318398901,286.57891845703125,6956588,0.0,0.0,284.4723663330078,270.2853793334961,283.3764638091209,272.2359035154541,61.29586014330635,4.609428830474599,-0.7621930228426326,5.371621853317231
2022-08-29 00:00:00+05:30,283.9228311592904,288.4564488370109,282.869574633788,287.1741943359375,11361400,0.0,0.0,284.9348846435547,271.25346405029296,283.73815243072244,272.82171884174755,62.17895514761969,4.377232996816588,-0.7955110852005145,5.172744082017102
2022-08-30 00:00:00+05:30,287.8153005710072,294.3638372214368,287.8153005710072,293.53955078125,17829428,0.0,0.0,285.73398742675784,272.30123046875,284.6716189402965,273.63418283937506,70.0486161838389,4.653207909140008,-0.41562893830167535,5.068836847441683
2022-09-01 00:00:00+05:30,292.62374233901664,294.82184936743624,289.4181614370243,290.8835754394531,13254985,0.0,0.0,286.1965087890625,273.2812231445312,285.2632338449781,274.31062960800557,64.05913041951857,4.60452688259312,-0.37144797187885104,4.975974854471971
2022-09-02 00:00:00+05:30,291.89099467348626,296.9741179720916,291.29565025705904,295.9666442871094,25758860,0.0,0.0,286.8009887695313,274.2566354370117,286.28260626803825,275.1598850856175,69.44397813297294,4.919400209953949,-0.045259715614418106,4.964659925568367
2022-09-05 00:00:00+05:30,297.6610506343081,301.8741049410672,296.51620043956075,301.18719482421875,17471906,0.0,0.0,287.7489242553711,275.420719909668,287.7020908924364,276.1805638988959,73.78772540904208,5.52648846984988,0.44946283542521037,5.07702563442467
2022-09-06 00:00:00+05:30,302.2404212442646,302.2404212442646,298.9432474224207,299.6301574707031,11970750,0.0,0.0,288.5571884155273,276.55,288.83809723322366,277.1001558036727,70.56570112764057,5.814939386355661,0.5903310015447927,5.224608384810868
2022-09-07 00:00:00+05:30,298.5769244626787,300.6834375961949,297.8900143603872,298.66851806640625,8085824,0.0,0.0,289.2555465698242,277.6536361694336,289.7743277887649,277.94597393162303,68.57409847764819,5.897954603373819,0.5386769748503601,5.359277628523459
2022-09-08 00:00:00+05:30,301.3245477427121,302.7899614677195,299.9507276162256,302.1488342285156,10911130,0.0,0.0,290.02259674072263,278.7517755126953,290.95285221159827,278.89510570797177,71.6884253319032,6.173413916210109,0.6513090301493198,5.522104886060789
2022-09-09 00:00:00+05:30,302.7900189088655,305.2628788353929,302.2404851639325,302.69842529296875,9408098,0.0,0.0,290.9064239501953,279.82610382080077,292.07147821934785,279.8285692211089,72.15765759320828,6.362719344044365,0.67249156638686,5.690227777657505
2022-09-12 00:00:00+05:30,304.07220151082765,304.43854797075204,302.2404412607624,303.0647277832031,8712689,0.0,0.0,292.03524627685545,280.86746002197265,293.11845436828645,280.7397911255048,72.48498210553711,6.46774665175036,0.6220150992742841,5.845731552476076
2022-09-13 00:00:00+05:30,303.79740446424586,306.8197972570501,302.78993088316474,306.270263671875,10520207,0.0,0.0,293.2190200805664,281.9830010986328,294.37100763529486,281.7409861273232,75.22942559496266,6.732038754015207,0.7090457612313044,6.0229929927839025
2022-09-14 00:00:00+05:30,303.156327166996,310.4833683069838,303.1105443400486,307.1404113769531,12267025,0.0,0.0,294.3547134399414,282.91719909667967,295.5871413249766,282.73704201946555,75.93122893080304,6.931800317687532,0.727045859922903,6.204754457764629
2022-09-15 00:00:00+05:30,308.1020881934137,308.6974047227043,304.89650755060086,305.9955749511719,8418672,0.0,0.0,295.34157409667966,283.6902032470703,296.5784207179476,283.6491413501207,73.00072915809402,6.917987807195345,0.5705866795445722,6.347401127650773
2022-09-16 00:00:00+05:30,304.39275164993086,306.4534818398952,301.9656750162835,303.4310607910156,12492851,0.0,0.0,296.0582504272461,284.50350463867187,297.23105310585885,284.4249028968225,66.78297730558583,6.623751943666775,0.22108065281280176,6.402671290853974
2022-09-19 00:00:00+05:30,301.41613384793743,308.55998714789223,301.41613384793743,307.3693542480469,14365461,0.0,0.0,297.1389877319336,285.3516094970703,298.19660559559105,285.3246853027529,70.88427631063432,6.63190677714789,0.18338838903513288,6.448518388112757
2022-09-20 00:00:00+05:30,310.2543880825951,311.0328917682415,306.8198376610165,307.7357177734375,9526068,0.0,0.0,298.12813873291014,286.1584997558594,299.10509246967166,286.20354932121114,71.24002076322903,6.5919441868619515,0.11474063899935505,6.4772035478625964
2022-09-21 00:00:00+05:30,307.73570014992504,316.16180788182567,307.27776011994,312.2693176269531,20992080,0.0,0.0,299.27527770996096,287.0359130859375,300.3588281989366,287.2257363135932,75.26718814474539,6.84716728322195,0.2959709882874826,6.551196294934467
2022-09-22 00:00:00+05:30,312.3151108759682,319.4131815776948,312.2235172768252,316.0244140625,24179987,0.0,0.0,300.6926010131836,287.9527081298828,301.85078875737116,288.35509622531504,78.01338731098744,7.268649854622083,0.5739628477500931,6.69468700687199
2022-09-23 00:00:00+05:30,318.26830735359994,320.1458502168049,314.4216000845459,317.2608337402344,22838807,0.0,0.0,302.2518844604492,288.93636291503907,303.3184120890724,289.48865455923345,78.84625368056952,7.614669395058286,0.7359859105490356,6.87868348450925
2022-09-26 00:00:00+05:30,315.8412661302828,316.84873985606583,303.8432309241972,304.6217346191406,16205789,0.0,0.0,303.1540252685547,289.6425067138672,303.442538044317,290.0821086792298,55.642489339750796,6.790743243061456,-0.07035219315823582,6.861095436219692
2022-09-27 00:00:00+05:30,306.8198410278914,310.98708440495864,305.9039609054201,306.6824645996094,9991052,0.0,0.0,304.12943878173826,290.44848083496095,303.75110247815434,290.7331030290486,57.82197146929317,6.232218384604778,-0.5031016412919325,6.73532002589671
2022-09-28 00:00:00+05:30,304.02639474540706,305.26281045648983,297.01988998025223,297.615234375,15552911,0.0,0.0,304.3332229614258,291.0236535644531,303.16673408737773,291.0029905328114,46.90211742986535,5.000293439012012,-1.3880212695077594,6.388314708519771
2022-09-29 00:00:00+05:30,301.3245710633056,306.7282583889417,300.1797208692961,305.03387451171875,18281337,0.0,0.0,305.0407379150391,291.7151434326172,303.344556984934,291.5532212770823,54.47719819190346,4.569927028852646,-1.4547101437337,6.024637172586346
2022-09-30 00:00:00+05:30,305.0338773902455,307.50676501281976,302.3778305051678,304.2554016113281,12427919,0.0,0.0,305.45517578125,292.4038861083984,303.43130409220964,292.0513459960723,53.612861538912725,4.118566025661323,-1.5248569175400188,5.643422943201342
2022-10-03 00:00:00+05:30,304.8964924048668,304.98808600877203,296.05825466166834,297.11151123046875,9111289,0.0,0.0,305.2513916015625,292.88380737304686,302.8294190577581,292.2497838484016,46.345862511316035,3.148117391347057,-1.9962444414834284,5.144361832830485
2022-10-04 00:00:00+05:30,301.0498110440975,305.9039645711875,300.4086837705075,304.8507080078125,8803255,0.0,0.0,305.51241912841795,293.49378356933596,303.0219227672871,292.7439377370059,53.67200570946187,2.969290228280954,-1.7400572836396249,4.709347511920579
2022-10-06 00:00:00+05:30,306.819827623952,310.75810079835134,304.5759102417493,308.3310241699219,22235092,0.0,0.0,305.99554443359375,294.155048828125,303.52755147229993,293.3551960284928,56.545525423390906,3.072977469827265,-1.3090960336746509,4.382073503501916
2022-10-07 00:00:00+05:30,308.46843467678906,308.5142454562392,303.43109366665453,305.9955749511719,10506078,0.0,0.0,306.18788146972656,294.75953002929685,303.7626013274306,293.8508971627155,54.119684317674505,2.9328905849866374,-1.1593463348122226,4.09223691979886
2022-10-10 00:00:00+05:30,302.2404379265398,303.5684752733639,298.62270029239346,300.27130126953125,9388996,0.0,0.0,306.0665252685547,295.22479736328125,303.43009656001163,294.10267771592396,48.614583001450626,2.33307543183264,-1.4073291903729763,3.740404622205616
2022-10-11 00:00:00+05:30,301.32454140860466,302.6525786831353,297.7526147449132,298.8516540527344,10609956,0.0,0.0,305.8558715820312,295.63053161621093,302.9940544164614,294.2889120820734,47.3287636706225,1.7232988195391954,-1.613684642133137,3.3369834616723324
2022-10-12 00:00:00+05:30,300.36289459480287,303.5684749941052,297.43206704954935,302.33203125,10337544,0.0,0.0,305.6589599609375,296.11869567871094,302.9310045910841,294.60432852003134,50.76673748274695,1.5035518049083976,-1.4667453254111482,2.970297130319546
2022-10-13 00:00:00+05:30,302.1946893750272,303.43110531005766,300.4087117681782,301.0040283203125,7266724,0.0,0.0,305.35214080810545,296.58762634277343,302.7474830414868,294.85529713965025,49.44065460972404,1.20831329130624,-1.4095870712106446,2.6179003625168846
2022-10-14 00:00:00+05:30,304.34691655620367,305.81233016428206,303.0189073101638,304.16375732421875,6424915,0.0,0.0,305.2605499267578,297.0382385253906,302.8823663065089,295.2203347939471,52.612354104468984,1.2152892676696183,-1.1220888758778131,2.3373781435474315
2022-10-17 00:00:00+05:30,303.24789099058904,306.5908475923215,301.8740709117586,304.3011474609375,6929063,0.0,0.0,305.3040542602539,297.4467205810547,303.01748832121643,295.57644509461335,52.75114860184564,1.2178652228188298,-0.8956103365828816,2.1134755594017114
2022-10-18 00:00:00+05:30,305.8581645527594,312.3151079504437,305.49179015961937,311.6739807128906,20887417,0.0,0.0,305.51928558349607,298.03563049316404,303.84191616804253,296.20772100121246,59.59102815278834,1.7941508576605543,-0.2554597613929257,2.04961061905348
2022-10-19 00:00:00+05:30,314.238507706142,318.222592235913,311.2160862230123,317.2151184082031,16296080,0.0,0.0,305.9932556152344,298.71063537597655,305.11555447662926,297.03154050736896,63.829077397855364,2.6672386115624818,0.49410239400720135,2.1731362175552804
2022-10-20 00:00:00+05:30,317.81040713083286,321.42814484751403,315.79545965184326,320.2832946777344,18474706,0.0,0.0,306.3939544677734,299.4222741699219,306.5601011624488,297.94337400424604,65.95804355416955,3.565640644108555,1.11400354124262,2.451637102865935
2022-10-21 00:00:00+05:30,323.48886206534127,323.48886206534127,315.5206940258751,316.5281677246094,27372160,0.0,0.0,306.4191421508789,300.0166809082031,307.50944083503555,298.6721894442603,61.20953471819484,3.9293285121605095,1.1821531274356594,2.74717538472485
2022-10-24 00:00:00+05:30,319.5963882689464,320.28329837875174,317.8104108032749,318.4515380859375,3170564,0.0,0.0,306.4786773681641,300.6852740478516,308.5515453351215,299.4478501753065,62.69111350567763,4.322921730915027,1.2605970769521413,3.062324653962886
2022-10-25 00:00:00+05:30,320.0542950093492,320.1000778317238,314.7421739431647,317.16925048828125,17242211,0.0,0.0,307.1060531616211,301.4188934326172,309.37227915923194,300.14280705032513,61.01785176207842,4.479737672508918,1.1339304148368252,3.3458072576720927
2022-10-27 00:00:00+05:30,317.48980732779665,319.046814561515,314.92535441978566,316.7113037109375,18558597,0.0,0.0,307.6074951171875,302.1012237548828,310.071233878442,300.792552017408,60.39784900780882,4.51501665679001,0.9353675192943336,3.5796491374956765
2022-10-28 00:00:00+05:30,318.31409376605444,319.2757845693889,316.0702044591549,316.7113037109375,13069167,0.0,0.0,308.5622985839844,302.7469189453125,310.7036214815368,301.4168167897033,60.39784900780884,4.491203705365933,0.7292436542962051,3.761960051069728
2022-10-31 00:00:00+05:30,318.7262738747311,321.01597411808405,315.7496635583722,319.3674011230469,13825970,0.0,0.0,309.27897491455076,303.40909973144534,311.5287433521568,302.1207612733639,62.93146333115684,4.633247440625098,0.6970299116442957,3.9362175289808023
2022-11-01 00:00:00+05:30,319.87112762931423,321.0159777639932,317.9935845886177,320.10009765625,19665200,0.0,0.0,310.0712097167969,304.0291510009766,312.3450628096895,302.82583328837904,63.62284097189539,4.75018345305665,0.6511727392606774,4.099010713795972
2022-11-02 00:00:00+05:30,319.1842371134544,326.2823083835528,319.1842371134544,324.81689453125,16781507,0.0,0.0,311.45647888183595,304.8103967285156,313.532856306981,303.68822784692304,67.78803152317022,5.163935538829946,0.851939860027179,4.311995678802767
2022-11-03 00:00:00+05:30,324.22156071565576,328.34302123322766,323.30568060063973,323.9468078613281,10736155,0.0,0.0,312.4112838745117,305.53027893066405,314.5246612169188,304.482681965135,66.28041347030705,5.359843386905595,0.8382781664822625,4.521565220423333
2022-11-04 00:00:00+05:30,324.2215710770004,326.0533313655709,322.8477508605724,323.855224609375,8386849,0.0,0.0,313.1874938964844,306.2208526611328,315.4132863019146,305.24238951981107,66.11373931752665,5.4449458188670405,0.7387044787549657,4.706241340112075
2022-11-07 00:00:00+05:30,325.13743097070585,326.37387467857025,320.5580305344988,323.7636108398437,10050303,0.0,0.0,314.07589569091795,306.94256591796875,316.20855530552683,305.96871192451823,65.93511967252111,5.442262627889988,0.5888170302223301,4.853445597667658
2022-11-09 00:00:00+05:30,323.76365304112267,331.0449118639514,323.4889001593142,330.3580017089844,20611075,0.0,0.0,315.5802307128906,307.82822265625,317.55612162966565,306.92515466116396,71.83390685529406,5.904188600270913,0.8405944020826039,5.0635941981883095
2022-11-10 00:00:00+05:30,328.8009852720111,329.62527184555665,324.3131779712008,326.0533447265625,19327625,0.0,0.0,316.94031524658203,308.61771118164063,318.36538097222723,307.6752797617678,64.03839162657043,5.855420772623745,0.6334612595483486,5.221959513075396
2022-11-11 00:00:00+05:30,329.71685836889435,330.5869557031012,324.8168939113789,326.3739013671875,10950902,0.0,0.0,318.1424087524414,309.4017053222656,319.12809720031873,308.4085590404117,64.34866325610557,5.776055388703583,0.4432767005025484,5.332778688201034
2022-11-14 00:00:00+05:30,326.3738262377951,326.923359798666,317.4439967125666,317.9935302734375,17639889,0.0,0.0,318.9918838500977,309.8907849121094,319.0200432072824,308.7844402652363,51.77256791137365,4.979530907911965,-0.2825982242312559,5.262129132143221
2022-11-15 00:00:00+05:30,319.59634785982126,319.59634785982126,310.62070678962715,316.20758056640625,15451411,0.0,0.0,319.59407501220704,310.39726501464844,318.7521896224371,309.07554380645865,49.55007068266522,4.156257552794557,-0.8846972634789312,5.040954816273488
2022-11-16 00:00:00+05:30,316.6198023658045,317.6730590258266,312.9104707147102,315.1543884277344,7604924,0.0,0.0,320.13673706054686,310.78101989746096,318.40954188960825,309.31392987003807,48.23506550861668,3.379862730141383,-1.3288736689056844,4.708736399047067
2022-11-17 00:00:00+05:30,315.1543408263381,318.2225446815861,313.7805207076099,314.7879943847656,9994270,0.0,0.0,320.2924377441406,311.0530358886719,318.06463260343276,309.5285990666941,47.76019548255166,2.7038312191632485,-1.6039241439070553,4.307755363070304
2022-11-18 00:00:00+05:30,314.7879747802786,315.7496376233208,311.21602033368737,312.3608703613281,7838297,0.0,0.0,320.0497253417969,311.3076501464844,317.52141715180375,309.63966852922874,44.62598641954449,1.949747278844427,-1.8864064673807017,3.8361537462251287
2022-11-21 00:00:00+05:30,310.5749137251218,311.39920013539233,306.27026654307446,308.8347473144531,9198816,0.0,0.0,319.4772979736328,311.5109747314453,316.69411526253225,309.60810299139445,40.47077118748358,1.0554352617061227,-2.224574787615205,3.280010049321328
2022-11-22 00:00:00+05:30,308.65162424372016,312.3151450062569,307.46099117607383,311.62823486328125,6495845,0.0,0.0,319.23230133056643,311.7005627441406,316.2116504626036,309.68732384911556,44.85175222672502,0.5655780127241314,-2.171545629277757,2.7371236420018885
2022-11-23 00:00:00+05:30,313.23098125243496,313.23098125243496,309.10952097279767,311.2160339355469,7768291,0.0,0.0,318.8705261230469,311.8709149169922,315.73587746002676,309.7472732642698,44.33328897755647,0.14245926201903103,-2.075731503986286,2.218190766005317
2022-11-24 00:00:00+05:30,311.2160538282199,313.68894133424374,309.1553235566811,312.0861511230469,8140857,0.0,0.0,318.61637115478516,312.05134338378906,315.3882844755525,309.83899396461396,45.75864245369292,-0.12125644237409006,-1.8715577667035255,1.7503013243294354
2022-11-25 00:00:00+05:30,312.3151079504437,313.1393944341248,309.38428050797535,311.6739807128906,6933254,0.0,0.0,318.3645050048828,312.1594177246094,315.0345412600609,309.9109542292523,45.16864809997025,-0.35936916152792264,-1.6877363886858865,1.3283672271579638
2022-11-28 00:00:00+05:30,311.39922450079234,313.0020146268994,310.2543744107159,311.44500732421875,9902739,0.0,0.0,318.1011901855469,312.24550964355467,314.6926808852188,309.97111317415295,44.82289387116528,-0.5600950190891467,-1.5107697969976885,0.9506747779085417
2022-11-29 00:00:00+05:30,311.39925463286806,315.97865543629257,311.39925463286806,313.5057678222656,10189855,0.0,0.0,317.8081085205078,312.39571350097657,314.5796415458899,310.1097270819221,48.6338554522864,-0.5465848675440839,-1.1978077163621004,0.6512228488180166
2022-11-30 00:00:00+05:30,312.5440810708439,315.2001277448007,310.48335086598115,311.39923095703125,22556502,0.0,0.0,317.37306518554686,312.55507690429687,314.27674529933194,310.16029586133817,45.19736608690389,-0.6978139304542879,-1.0792294234178437,0.3814154929635557
2022-12-01 00:00:00+05:30,312.95625573028883,312.95625573028883,308.46842067372205,310.9870910644531,16630417,0.0,0.0,316.681575012207,312.627431640625,313.9634448960101,310.1927192026368,44.53433852281631,-0.8412231998864286,-0.9781109542799875,0.13688775439355888
2022-12-02 00:00:00+05:30,310.80391835280875,312.13192773107994,308.4226244963785,308.7889709472656,8388835,0.0,0.0,315.9236831665039,312.64849670410155,313.47063785327254,310.13767025144574,41.07357141159055,-1.1193429137768476,-1.004984534536325,-0.11435837924052242
2022-12-05 00:00:00+05:30,309.24692447748765,310.3459918284961,306.04134397923053,308.4226379394531,9716390,0.0,0.0,315.1520538330078,312.5715631103516,312.9898759567183,310.07041408234795,40.5085904484578,-1.353710075838137,-0.9914813572780917,-0.36222871856004535
2022-12-06 00:00:00+05:30,305.99553116830725,309.7506449741114,305.99553116830725,308.92633056640625,6327430,0.0,0.0,314.4101898193359,312.4296014404297,312.60287163383146,310.025548062115,41.69611625937691,-1.4817235678860357,-0.8955958794607922,-0.5861276884252434
2022-12-07 00:00:00+05:30,310.0254308959022,312.7730713469737,308.33104702765263,311.4908447265625,9813208,0.0,0.0,313.46683197021486,312.31420166015624,312.49696430932966,310.08301067640707,47.447906164535546,-1.3605566720377738,-0.6195431868900243,-0.7410134851477495
2022-12-08 00:00:00+05:30,311.5824696146324,313.3684193168721,309.1095817802119,309.9338684082031,6200447,0.0,0.0,312.6608581542969,312.4204443359375,312.2528599377938,310.0771619600069,44.57290479427241,-1.374323663113671,-0.5066481423727374,-0.8676755207409337
2022-12-09 00:00:00+05:30,311.17026095926565,313.6889312098557,309.56747079979925,312.68145751953125,8132228,0.0,0.0,311.9762359619141,312.5404241943359,312.2936787551021,310.17929119763534,50.29642350635025,-1.1502670613365353,-0.22607323247648137,-0.924193828860054
2022-12-12 00:00:00+05:30,312.3151609402046,315.0628016522885,311.49087431666874,314.3301086425781,11214662,0.0,0.0,311.7930648803711,312.8747216796875,312.4876244586713,310.34206835233897,53.405539569550214,-0.830099354272761,0.07527557966983434,-0.9053749339425954
2022-12-13 00:00:00+05:30,315.5206940258751,316.8945141740284,313.59734022837205,316.5281677246094,10693426,0.0,0.0,311.80909423828126,313.1046075439453,312.8724381030463,310.5846604845849,57.24549723720762,-0.39445214300070575,0.40873823275351173,-0.8031903757542175
2022-12-14 00:00:00+05:30,316.89450433541344,318.1309480204521,314.8337741771629,316.344970703125,7379878,0.0,0.0,311.8686233520508,313.3463989257813,313.20315549353,310.81055500295906,56.82516126662654,-0.06325192912538569,0.5919507573030655,-0.6552026864284511
2022-12-15 00:00:00+05:30,315.7496647884795,316.98610851479555,309.5674741073417,310.3459777832031,8154931,0.0,0.0,311.64652252197266,313.61108825683596,312.9310433306417,310.79233628845884,45.13729191546416,-0.2815959041270162,0.29888542584114797,-0.5804813299681642
2022-12-16 00:00:00+05:30,309.1095139800285,310.3917404479316,303.4310465430339,306.9114074707031,12429280,0.0,0.0,311.3740493774414,313.65230224609377,312.35774467731426,310.64014300148807,40.05738232861025,-0.723436867827786,-0.1143644302876975,-0.6090724375400886
2022-12-19 00:00:00+05:30,308.4684101441621,313.5515615294815,307.14040075373805,311.857177734375,7812801,0.0,0.0,311.5251708984375,313.7228253173828,312.3100716351296,310.6878698537582,48.964532798284225,-0.6668298882368049,-0.04620596055737303,-0.6206239276794319
2022-12-20 00:00:00+05:30,311.444996981919,312.269311379754,308.4226040246599,311.5365905761719,5482218,0.0,0.0,311.52058868408204,313.8336456298828,312.2364067723717,310.72115301934303,48.46184322311446,-0.6404543939041218,-0.01586437297975196,-0.6245900209243699
2022-12-21 00:00:00+05:30,312.3151496581512,312.54411970922024,306.36192833035653,306.9572448730469,7045201,0.0,0.0,311.30764923095705,313.9673645019531,311.73362944862646,310.5735487783119,41.85219303019306,-0.9777951379793421,-0.28256409364397783,-0.6952310443353643
2022-12-22 00:00:00+05:30,307.4151439749547,309.0179341186723,302.1488335027396,304.4843444824219,6584445,0.0,0.0,310.9275588989258,314.08001831054685,311.043221356607,310.33475645298284,38.77655221903818,-1.4282188844359212,-0.5863902720804455,-0.8418286123554757
2022-12-23 00:00:00+05:30,303.06472785144024,303.98060797667904,297.98160433654203,299.2180480957031,10073884,0.0,0.0,310.3047622680664,314.01773864746093,309.91701437937803,309.8988071056386,33.18378576796957,-2.1849423988688272,-1.074491029210681,-1.1104513696581462
2022-12-26 00:00:00+05:30,299.03485671012305,306.91143126715514,298.1189765976878,306.4534912109375,9566210,0.0,0.0,310.05518646240233,314.1267279052734,309.58715503000275,309.76369667839543,44.93488652945728,-2.1757309733616808,-0.8522236829628276,-1.3235072903988532
2022-12-27 00:00:00+05:30,307.3693445059597,308.10203735180465,302.3777871485144,305.1254272460937,6727343,0.0,0.0,309.63616943359375,314.1459613037109,309.1622285743924,309.58180375948166,43.42523266900526,-2.2496618141244085,-0.7409236189804442,-1.5087381951439642
2022-12-28 00:00:00+05:30,304.85066086474194,306.8197972570501,303.6142172857077,306.270263671875,7737562,0.0,0.0,309.3797210693359,314.1853436279297,308.8868033455812,309.4519394423206,45.136379685555674,-2.1906216831596907,-0.5455067904125812,-1.6451148927471095
2022-12-29 00:00:00+05:30,306.2245312344546,307.50675784386374,303.6600500651926,307.1404113769531,8105359,0.0,0.0,309.18738708496096,314.09467224121096,308.72048030094993,309.36129128289446,46.46182654857537,-2.0499873284869636,-0.32389794859188314,-1.7260893798950805
2022-12-30 00:00:00+05:30,307.18617813393064,308.42262185170966,302.6983712605495,303.6600341796875,6960264,0.0,0.0,308.93094024658205,313.8235705566406,308.23853305130586,309.13771257296474,42.082590598524995,-2.194078965736196,-0.37439166867289253,-1.8196872970633036
2023-01-02 00:00:00+05:30,303.0647305674141,305.9039645711875,301.91988040060573,304.8507080078125,5951893,0.0,0.0,308.75234375,313.51491882324217,307.9158830471636,308.9695947468803,44.02632561939549,-2.186984997625359,-0.2938381604496443,-1.8931468371757147
2023-01-03 00:00:00+05:30,303.6142712764708,305.30865515271785,302.4694210831205,303.2479248046875,5997051,0.0,0.0,308.4684234619141,313.24931396484374,307.4713155954992,308.745215533461,41.98376043532228,-2.284361488982995,-0.3129717214458241,-1.971389767537171
2023-01-04 00:00:00+05:30,303.93482200305806,304.5301384882096,298.5769177358085,299.4927978515625,6689769,0.0,0.0,307.86852111816404,312.87013916015627,306.71145676274335,308.382375624367,37.58425412724839,-2.634175289139421,-0.5302284172817995,-2.1039468718576213
2023-01-05 00:00:00+05:30,301.0039966787095,305.812367321981,300.59186739383784,305.4002380371094,8171437,0.0,0.0,307.6418395996094,312.6347589111328,306.58657878887345,308.26542905231764,46.994536182348234,-2.4069780489433015,-0.24242494166854378,-2.1645531072747577
2023-01-06 00:00:00+05:30,306.5450954134326,309.15533146378795,305.07968159276953,306.8656311035156,8284135,0.0,0.0,307.3510482788086,312.4378454589844,306.6131551997917,308.2105350151097,49.04673747009233,-2.0846471113105167,0.06392479677139296,-2.1485719080819097
2023-01-09 00:00:00+05:30,308.6058050019491,312.58986100077254,307.8730841656283,309.6132507324219,10618786,0.0,0.0,307.1152053833008,312.29588439941404,306.89887858385174,308.2655434746122,52.74134124656848,-1.589168632952635,0.4475226201034199,-2.036691253056055
2023-01-10 00:00:00+05:30,309.4758917562458,309.93383182334605,304.57592744818464,305.3544311523437,6949605,0.0,0.0,306.5565185546875,312.015625,306.75178835227956,308.15138220707223,47.04698089268742,-1.5225979553513298,0.4112746381637804,-1.9338725935151102
2023-01-11 00:00:00+05:30,306.91145950532524,306.91145950532524,303.431097987586,303.8890380859375,4584293,0.0,0.0,305.9337219238281,311.69140380859375,306.4791454697708,307.9842314572238,45.23714763791909,-1.5699873505012647,0.2911081944110765,-1.8610955449123412
2023-01-12 00:00:00+05:30,305.35439020397274,305.53757738642463,300.5002373238352,302.10302734375,6638422,0.0,0.0,305.52157440185545,311.23712646484375,306.06237231491167,307.7535960017935,43.06282522878948,-1.7316979916564605,0.10351804260470443,-1.835216034261165
2023-01-13 00:00:00+05:30,302.10302412899443,304.30113054282765,298.9432269431821,301.0955505371094,14412671,0.0,0.0,305.2307815551758,310.78010131835936,305.5893416694067,307.49249617964904,41.84111652683452,-1.9190284330724126,-0.06704991904899793,-1.8519785140234146
2023-01-16 00:00:00+05:30,302.5609909242762,304.25537466743936,299.9965099223303,302.4236145019531,8253942,0.0,0.0,304.7591033935547,310.3514691162109,305.2878438439349,307.29371650601394,44.092770939574606,-1.937985602991148,-0.06880567117418668,-1.8691799318169613
2023-01-17 00:00:00+05:30,302.42360453337903,305.4459975266295,301.41613088548183,304.3011474609375,13712537,0.0,0.0,304.39733123779297,309.9622198486328,305.19387275983996,307.17636085718743,47.204730507646154,-1.780978071549896,0.07056148821365227,-1.8515395597635482
2023-01-18 00:00:00+05:30,305.9039815659781,308.23946485583974,304.43856768096225,306.4992980957031,12555527,0.0,0.0,304.37443389892576,309.4850457763672,305.31819898230316,307.1498093763449,50.6669791384502,-1.4623193786553657,0.3113761448865462,-1.7736955235419118
2023-01-19 00:00:00+05:30,305.90397864146195,307.41517534106885,303.7516546387759,304.2095947265625,8346130,0.0,0.0,304.36069641113284,309.0481707763672,305.2126176246136,307.0345068410593,47.19508503556268,-1.3786478010921996,0.31603817795976985,-1.6946859790519695
2023-01-20 00:00:00+05:30,304.0721973285172,307.0030248684873,301.5535270193201,306.4534912109375,13103664,0.0,0.0,304.7224685668945,308.6497625732422,305.3307960614063,307.01172191438786,50.7563170079575,-1.1183817709020332,0.46104336651994915,-1.5794251374219823
2023-01-23 00:00:00+05:30,307.7357411755181,309.70487797687963,305.0338834582336,309.3385314941406,7124807,0.0,0.0,304.86672058105466,308.47666259765623,305.71248515023814,307.102969348888,54.962019709624336,-0.6715788839630363,0.726277002767157,-1.3978558867301933
2023-01-24 00:00:00+05:30,309.38427659386707,312.086133981662,309.2011173500562,310.43756103515625,12302874,0.0,0.0,305.1323272705078,308.36126220703125,306.1624923773732,307.2337376503103,56.48660993276235,-0.2261944492265684,0.9373291500029002,-1.1635235992294686
2023-01-25 00:00:00+05:30,310.39174717947753,312.3151008982648,307.0487905458747,310.7123107910156,12497542,0.0,0.0,305.3544296264648,308.27242065429687,306.59580841676774,307.3701522832791,56.87958929640042,0.14724854368938622,1.0486177143350839,-0.9013691706456977
2023-01-27 00:00:00+05:30,313.0478234477126,319.5047952622348,312.7730705834538,316.89453125,21040139,0.0,0.0,305.8421356201172,308.3145513916016,307.57663916278983,307.74365734079754,64.62193789291328,0.9313226226885263,1.4661534346673792,-0.534830811978853
2023-01-30 00:00:00+05:30,317.71882513700655,322.1608495481575,313.09364146226415,315.79547119140625,14091519,0.0,0.0,306.44890747070315,308.3832434082031,308.3593850702771,308.0594147467038,62.4743392305919,1.4473380061454577,1.5857350544994486,-0.13839704835399086
2023-01-31 00:00:00+05:30,316.8945134618158,325.1374343322098,312.3608958029221,322.7103576660156,17134291,0.0,0.0,307.3418899536133,308.6607556152344,309.72614436510935,308.6339615278533,69.37119977994286,2.386744558040448,2.020113285115551,0.3666312729248969
2023-02-01 00:00:00+05:30,323.3057265214562,334.93741681444664,301.4161942535774,330.9991149902344,64518967,0.0,0.0,308.7294494628906,309.0481732177734,311.75214156750224,309.51102636951526,75.24451805529,3.75675888458494,2.7121020893280345,1.0446567952569055
2023-02-02 00:00:00+05:30,331.1822653498092,352.3391022464509,330.08319799786267,346.7522277832031,55745171,0.0,0.0,311.09242095947263,309.75889709472654,315.0854831118547,310.9714656406403,82.2219927609188,6.04397843576578,3.9994573124071,2.04452112335868
2023-02-03 00:00:00+05:30,349.7745802699749,350.09514387276533,340.7073735007683,348.6297302246094,22295321,0.0,0.0,313.25389556884767,310.4897686767578,318.28017331306944,312.4482603302077,82.84268321507959,7.916854593005326,4.6978667757173165,3.218987817288009
2023-02-06 00:00:00+05:30,350.32418141610003,355.54470980953795,347.6681343889168,351.1484680175781,25790153,0.0,0.0,315.4680374145508,311.27925842285157,321.4104870944512,313.96591553363396,83.6665500947001,9.494912094634856,5.020739421877477,4.474172672757379
2023-02-07 00:00:00+05:30,351.6063823665343,351.6063823665343,337.45605088483444,341.8522644042969,20643707,0.0,0.0,317.07998809814455,311.8874035644531,323.3573230287222,315.05949784228744,70.25724837402333,9.88150030944314,4.325862109348609,5.555638200094531
2023-02-08 00:00:00+05:30,343.22604737745473,345.5615303155239,340.29522004889185,343.958740234375,10420462,0.0,0.0,319.0102035522461,312.4964630126953,325.3193627625939,316.19280146550653,71.37671043959472,10.23981108174138,3.747338305317479,6.4924727764239005
2023-02-09 00:00:00+05:30,342.5391879135876,348.0344690031104,340.8448039875624,342.7681579589844,11861196,0.0,0.0,320.95415954589845,313.12384155273435,326.9811527812978,317.234972308388,69.77812753577827,10.308870666767348,3.0531183122747567,7.255752354492591
2023-02-10 00:00:00+05:30,340.89059476320807,345.2410253704606,339.1504001599524,340.1120910644531,10278597,0.0,0.0,322.85461273193357,313.7063415527344,328.2317183320745,318.13211422039063,66.21524966521095,10.033617191463065,2.222291869576379,7.811325321886686
2023-02-13 00:00:00+05:30,341.6232837532803,343.5924204153889,338.87564340137726,342.72235107421875,9901148,0.0,0.0,324.9359527587891,314.38500915527345,329.61177859323107,319.09643723426626,67.94735743386435,9.911845413112417,1.6804160729805844,8.231429340131832
2023-02-14 00:00:00+05:30,343.45502603845443,355.04090332673,342.3101759516596,353.9418640136719,29125052,0.0,0.0,327.511865234375,315.29539367675784,331.928929585654,320.4629245589489,74.09504691282369,10.598488551590549,1.8936473691669722,8.704841182423577
2023-02-15 00:00:00+05:30,355.1512890123148,356.1746513845086,352.17424000070434,355.5699462890625,12209350,6.0,0.0,330.07530517578124,316.22826599121095,334.1804549859786,321.8396705091494,74.84890906129851,11.145551835311437,1.9525685223102869,9.19298331300115
2023-02-16 00:00:00+05:30,355.3838713377908,358.40742521697354,354.453547067273,355.8955383300781,9775280,0.0,0.0,332.5451171875,317.1163598632813,336.24855816160715,323.1751947374211,75.00556059224668,11.47312098867451,1.8241101405386857,9.649010848135823
2023-02-17 00:00:00+05:30,354.5000724912257,357.75620762694814,352.825500063638,356.68634033203125,7672135,0.0,0.0,335.16895446777346,318.0514093017578,338.1950136064095,324.48935730975876,75.40622582646886,11.662099590597165,1.6104709939690736,10.051628596628092
2023-02-20 00:00:00+05:30,357.89577966764153,360.50067642466354,354.73265424537084,357.2910461425781,7804976,0.0,0.0,337.7108322143555,318.94360107421875,340.0136833717589,325.7756980483007,75.72665274528589,11.7254969691204,1.3390946979938452,10.386402271126554
2023-02-21 00:00:00+05:30,358.17487757840604,359.01216382176864,355.10481855566104,355.6164855957031,8259574,0.0,0.0,340.0247299194336,319.76932861328123,341.499664535944,326.94592501094394,72.89435374324046,11.507960205316692,0.8972463473521088,10.610713857964583
2023-02-22 00:00:00+05:30,355.38387487292295,358.0818096060131,353.5232263133788,357.10498046875,8961077,0.0,0.0,342.3581008911133,320.58086486816404,342.9858851009732,328.12863306811283,73.83127704387054,11.32512090496914,0.5715256376036439,10.753595267365496
2023-02-23 00:00:00+05:30,357.6631732231936,366.54775855242127,356.4072297935598,360.59368896484375,18830592,0.0,0.0,344.8521697998047,321.4658392333984,344.66281880229417,329.4017725150435,75.93118831936205,11.331111066436904,0.4620126392571251,10.869098427179779
2023-02-24 00:00:00+05:30,361.8961731147828,361.8961731147828,354.4535782949415,358.2679138183594,12910220,0.0,0.0,346.9208389282227,322.42427795410157,345.9585421371575,330.53377805635,71.79499965893278,11.021142821526155,0.1216355154771005,10.899507306049054
2023-02-27 00:00:00+05:30,358.26788098576,359.8494152052927,351.75561111520017,355.5699462890625,8142319,0.0,0.0,348.9095626831055,323.39744873046874,346.87391396114845,331.5155885752799,67.22057930396043,10.437470657831398,-0.36962931857412507,10.807099976405523
2023-02-28 00:00:00+05:30,355.8490557860014,357.4771233614929,348.8716233196092,350.45318603515625,16367477,0.0,0.0,350.2967041015625,324.1693688964844,347.21479701581586,332.25823945605936,59.48027754001816,9.45305751037614,-1.083233972823507,10.536291483199648
2023-03-01 00:00:00+05:30,348.17382774064686,353.8953158248702,347.5691226960322,352.31378173828125,7766667,0.0,0.0,351.36243743896483,324.98491271972654,347.70041460843163,333.0447313102642,61.22855075908818,8.722490086147786,-1.4510411176414912,10.173531203789278
2023-03-02 00:00:00+05:30,353.0580625079332,353.2906435767789,348.5925173425911,349.3832702636719,5019603,0.0,0.0,351.4939895629883,325.83343322753905,347.86068657559736,333.6854583280449,57.05314641179115,7.8169336095195945,-1.8852780754157479,9.702211684935342
2023-03-03 00:00:00+05:30,350.732237374824,358.5469552879509,349.8949512397109,358.1283264160156,8180709,0.0,0.0,351.9689193725586,326.90631286621095,348.8385570365896,334.64400217463196,64.77321891523552,7.715981492011906,-1.5889841543387497,9.304965646350656
2023-03-06 00:00:00+05:30,359.0121171477917,365.1522627862679,358.4074120723814,361.1053466796875,10714339,0.0,0.0,352.4667633056641,328.1440588378906,350.00682271688464,335.68170195914394,66.95117878230914,7.786439637596345,-1.2148208070034485,9.001260444599794
2023-03-08 00:00:00+05:30,360.96581354583856,365.75697781542766,358.2678788651106,365.0592346191406,8917699,0.0,0.0,353.6271118164062,329.3161737060547,351.4403857551947,336.8337620634575,69.63627135307694,8.068317397681938,-0.7463544375342863,8.814671835216224
2023-03-09 00:00:00+05:30,364.78013802609377,366.1756243778453,358.77953535706524,360.5006408691406,9634283,0.0,0.0,354.4542068481445,330.4236779785156,352.3032671946181,337.76187495779806,63.25523818187949,7.833566655325285,-0.7848841439127519,8.618450799238037
2023-03-10 00:00:00+05:30,359.9889911758838,363.0125450831406,356.77936105629834,360.9658203125,8362265,0.0,0.0,355.3640899658203,331.5175891113281,353.128272253464,338.6718335991589,63.62156925787945,7.597482050324402,-0.8167749991309083,8.41425704945531
2023-03-13 00:00:00+05:30,362.0822317348586,363.6637660224222,355.8490475198432,356.9189147949219,8791872,0.0,0.0,356.2044311523438,332.5131591796875,353.48928582884093,339.3874054107575,58.18669788229848,7.003104417649979,-1.1289221054442642,8.132026523094243
2023-03-14 00:00:00+05:30,358.8260863074098,359.5238295177111,350.9183299239959,353.244140625,10229766,0.0,0.0,356.7305206298828,333.50484130859377,353.46593866657037,339.9308067917082,53.70071859650169,6.164472100231478,-1.574043538290212,7.73851563852169
2023-03-15 00:00:00+05:30,354.4535207383999,357.5235792465666,351.66254813416055,352.9649963378906,8423692,0.0,0.0,356.6816772460937,334.4671270751953,353.4182298733628,340.44195147979383,53.364155907287504,5.414905673650026,-1.8588879718973317,7.273793645547357
2023-03-16 00:00:00+05:30,354.0814111012808,355.709478519805,350.59269520444326,354.8721923828125,15710094,0.0,0.0,356.64678955078125,335.49961242675784,353.5567024933104,341.0078432799122,55.41994133929958,4.9180711985882795,-1.884577957567262,6.8026491561555416
2023-03-17 00:00:00+05:30,358.1748460225408,358.1748460225408,343.8943627171596,349.3832702636719,48904254,0.0,0.0,356.32117614746096,336.497421875,353.15923275715437,341.3362913969224,48.75827752297678,4.034904290405166,-2.2141958926003014,6.249100183005467
2023-03-20 00:00:00+05:30,347.2900161624966,352.91849466654224,346.08060604625103,352.40679931640625,10122167,0.0,0.0,356.10719909667966,337.43755310058594,353.0875724294641,341.7704289623924,52.16893760462216,3.5381757905891504,-2.168739513933053,5.706915304522203
2023-03-21 00:00:00+05:30,352.40680709359066,352.40680709359066,347.9877669995096,350.68572998046875,11610832,0.0,0.0,355.77693328857424,338.313955078125,352.8588255295598,342.1200486101601,50.123777030868794,2.971386668030732,-2.188422909193177,5.159809577223909
2023-03-22 00:00:00+05:30,350.6857446169494,352.4533550501077,348.12735287675514,351.42999267578125,4774867,0.0,0.0,355.56760864257814,339.15028991699216,352.7227462101523,342.48514445587074,51.01803777392174,2.5528305429397165,-2.085583227427354,4.6384137703670705
2023-03-23 00:00:00+05:30,350.7322517611645,356.0816163437287,348.3134029673215,354.1279296875,9752326,0.0,0.0,355.41875610351565,340.1257598876953,352.856573207995,342.9417242688758,54.22220874079989,2.411029915464894,-1.781907083921741,4.192936999386635
2023-03-24 00:00:00+05:30,354.9186781110401,356.3141643945698,351.66254344947095,352.31378173828125,9934501,0.0,0.0,355.0047607421875,341.09425476074216,352.804878782308,343.30925593434273,51.76986085162513,2.1277380784405864,-1.6521591367568393,3.7798972151974257
2023-03-27 00:00:00+05:30,351.61605999807966,357.6166343477452,350.12753552679885,353.70928955078125,10816352,0.0,0.0,354.7768295288086,342.12638000488283,352.8910131412102,343.71710038988937,53.511641029365016,1.9928606176273433,-1.429629278056066,3.4224898956834093
2023-03-28 00:00:00+05:30,353.70927614765765,355.7094675217528,351.8020944816083,353.2906188964844,9170535,0.0,0.0,354.66286315917966,343.1702813720703,352.9290708321887,344.0925324881872,52.89446367957569,1.8310785022014784,-1.2731291147855446,3.104207616987023
2023-03-29 00:00:00+05:30,353.70931885504376,357.24453992488566,350.8718126359974,356.0816345214844,10160322,0.0,0.0,354.9442855834961,344.2434417724609,353.229314993074,344.56269335223806,56.49659383970206,1.906104262170345,-0.9584826838533425,2.8645869460236875
2023-03-31 00:00:00+05:30,355.383871503728,357.7096821811084,353.52322296182365,356.77935791015625,9511189,0.0,0.0,355.16756439208984,345.29300598144533,353.56741431851043,345.0417782368623,57.37413273330633,1.9988219881691975,-0.6926119662835921,2.6914339544527897
2023-04-03 00:00:00+05:30,357.24450669489954,357.24450669489954,352.12772339588406,352.4998474121094,7059200,0.0,0.0,355.3233932495117,346.21301696777346,353.46574127980557,345.33425153785237,50.62834952758032,1.707300030196734,-0.7873071394048448,2.494607169601579
2023-04-05 00:00:00+05:30,352.49983291977543,360.0819694547071,352.49983291977543,359.4772644042969,11608424,0.0,0.0,355.3908401489258,347.3183703613281,354.0382672916619,345.88887949339926,59.076703827126096,2.016046290077213,-0.3828487036194925,2.3988949936967057
2023-04-06 00:00:00+05:30,359.70987615132475,363.1055540853298,357.4305987066129,360.3611145019531,12897667,0.0,0.0,355.35362854003904,348.39652282714843,354.64044321645156,346.45641812118566,60.01019954272434,2.3054731819324843,-0.07473744941137728,2.3802106313438616
2023-04-10 00:00:00+05:30,360.3611059557697,362.8264595539776,357.9422572138279,361.47747802734375,6783022,0.0,0.0,355.1745407104492,349.4393017578125,355.2915893889175,347.0454792939762,61.21366108857956,2.595013584335277,0.17184236239313222,2.4231712219421446
2023-04-11 00:00:00+05:30,361.4774595269595,370.3620727447877,360.9657925692471,368.4083862304688,18237451,0.0,0.0,355.56992797851564,350.5987182617188,356.54080813573194,347.8832403503093,67.71064189880715,3.3451816356485438,0.7376083309651191,2.6075733046834246
2023-04-12 00:00:00+05:30,370.03649332118266,370.0829981800614,364.7801666618712,366.1291198730469,9747526,0.0,0.0,355.82809295654295,351.70705444335937,357.4539806821429,348.59876503747546,63.91879336716903,3.7129765916619704,0.8843226295828366,2.8286539620791338
2023-04-13 00:00:00+05:30,367.9432778053819,368.9666402613452,366.26870534380265,368.0363159179688,6059044,0.0,0.0,356.3839630126953,352.7298901367187,358.46182213317394,349.3610219347497,65.65211436654886,4.110962904467897,1.0258471539110103,3.0851157505568865
2023-04-17 00:00:00+05:30,365.5244055322996,373.9903621955726,365.5244055322996,372.2692565917969,11041243,0.0,0.0,357.33521881103513,353.85936584472654,359.776815891138,350.2593840781633,69.1898347291833,4.71359744370136,1.3027853545155788,3.4108120891857814
2023-04-18 00:00:00+05:30,372.1297394526349,373.990388149898,369.3387664067401,370.7342529296875,9494641,0.0,0.0,358.223681640625,354.81984375,360.82038132338084,351.0623201115564,66.51441937547136,5.0095803667080645,1.2790146220178258,3.7305657446902387
2023-04-19 00:00:00+05:30,368.4549100286908,373.385645617512,368.4084051724138,370.966796875,9744202,0.0,0.0,359.0284118652344,355.6191973876953,361.7867066140112,351.84288782776986,66.72434038142575,5.202937098413827,1.1778970829788697,4.025040015434957
2023-04-20 00:00:00+05:30,372.1296970426994,374.5950506073588,369.989962641201,372.4087829589844,6667781,0.0,0.0,360.1796875,356.13232849121096,362.79833293258014,352.64939351919,68.06141147716455,5.410164913733013,1.1080999186384446,4.302064995094568
2023-04-21 00:00:00+05:30,372.4088114715624,380.50264435842297,371.245906079269,379.8049011230469,14252204,0.0,0.0,361.54959259033205,356.7558319091797,364.41800609357693,353.71431538600797,73.86260751748267,6.100872315874199,1.4390458566237037,4.661826459250495
2023-04-24 00:00:00+05:30,381.4329208420193,381.4329208420193,376.037051854897,380.2235107421875,5981760,0.0,0.0,363.02648162841797,357.3373327636719,365.92329225058745,354.7538916744856,74.14880935587196,6.60589258841344,1.5552529033303557,5.050639685083084
2023-04-25 00:00:00+05:30,380.22353752909385,384.7355874902785,379.0140989528152,382.87493896484375,8840188,0.0,0.0,364.5987289428711,358.1577862548828,367.53773479480236,355.85667784273494,75.94545589246883,7.1377928585816335,1.6697225387988395,5.468070319782794
2023-04-26 00:00:00+05:30,383.2936030122423,384.2239272913982,380.54913503223474,383.5261840820313,7620723,0.0,0.0,366.06864166259766,358.94913513183593,369.06044425072895,356.9417565187858,76.37968316983358,7.5251326481632645,1.645649862704376,5.8794827854588885
2023-04-27 00:00:00+05:30,383.4796717428029,388.3173408652835,382.3632712730994,387.014892578125,12614263,0.0,0.0,367.80369720458987,359.8340698242188,370.77039171048096,358.1210951877795,78.60753213807627,8.021149028314028,1.7133329942841113,6.3078160340299165
2023-04-28 00:00:00+05:30,388.8755683096797,398.41139265220176,384.87518506394906,395.8995056152344,12718721,0.0,0.0,369.9132080078125,360.9498181152344,373.1636406537908,359.6026014790522,83.00401097096618,9.027100804574047,2.1754278164353043,6.851672988138743
2023-05-02 00:00:00+05:30,396.3181203444428,397.24844457060345,391.8525754153685,394.8761291503906,10253527,0.0,0.0,371.9924835205078,361.99289367675783,375.23149670108603,360.9858770740067,80.9405704700328,9.630729847985947,2.2232454878777625,7.407484360108184
2023-05-03 00:00:00+05:30,394.45748475853605,398.643943912813,392.6433411018521,397.3880004882813,7325483,0.0,0.0,374.0578018188477,362.86181640625,377.34163991891415,362.41341132554686,82.11576532169983,10.194283879345733,2.2294396153900378,7.964844263955695
2023-05-04 00:00:00+05:30,395.6668959816864,397.2484585784257,394.4574858015281,395.01568603515625,7984933,0.0,0.0,375.96961822509763,363.6507312011719,379.0248824061753,363.6919319023943,77.26991532175694,10.330396182533946,1.8924415348626002,8.437954647671345
2023-05-05 00:00:00+05:30,396.2716293112964,401.8070416152781,394.7831048192722,398.8765258789063,12412416,0.0,0.0,378.2884521484375,364.5103509521484,380.91551511786395,365.0717199014732,79.40048006647673,10.62729878729641,1.7514753117000517,8.87582347559636
2023-05-08 00:00:00+05:30,400.9697399601097,403.2490456620874,399.4347106709934,401.3883972167969,7243636,0.0,0.0,380.3840087890625,365.4043920898437,382.8653134130004,366.4959033256036,80.66996241982356,10.939183170833246,1.6506877561895088,9.288495414643737
2023-05-09 00:00:00+05:30,402.64434196246543,402.96996114270513,392.1316888261159,394.27142333984375,9992962,0.0,0.0,382.079524230957,366.14399963378906,383.95160959650934,367.5851394045934,67.90167324389395,10.491138168652583,0.9621142032070757,9.529023965445507
2023-05-10 00:00:00+05:30,394.4109916218452,396.64376422555614,392.7829241245829,395.7134399414063,9754485,0.0,0.0,383.7913223266602,366.9459387207031,385.07178391507097,368.6882100138802,68.97323432827768,10.135581292782149,0.48524586186931273,9.650335430912836
2023-05-11 00:00:00+05:30,397.4810646555263,397.6206076249036,389.7128509260809,391.10833740234375,15982423,0.0,0.0,384.9263198852539,367.626005859375,385.6466937710017,369.56743069578073,61.86982040085798,9.374147283866819,-0.22095051763681361,9.595097801503632
2023-05-12 00:00:00+05:30,391.1083129436938,393.2480757748967,387.0613967373637,391.1548461914063,11135894,0.0,0.0,386.1776062011719,368.23722900390624,386.17127971580214,370.4139960093347,61.91248322489873,8.674464390723188,-0.7365067286243558,9.410971119347543
2023-05-15 00:00:00+05:30,390.7361884414135,398.8300208441972,389.852369039632,397.9927062988281,9151102,0.0,0.0,387.67542572021483,369.03172485351564,387.29712986656654,371.4955140599031,67.64440217136378,8.572895814741514,-0.6704602436848237,9.243356058426338
2023-05-16 00:00:00+05:30,400.0394306245741,400.0394306245741,393.9923229523422,394.4109802246094,7994197,0.0,0.0,388.78251190185546,369.80854553222656,387.97463942447536,372.39415979185236,62.35119374658736,8.109900738581814,-0.9067642558756202,9.016664994457434
2023-05-17 00:00:00+05:30,394.597040993162,399.06261460936025,393.15504970356585,397.8066711425781,9479691,0.0,0.0,390.1361328125,370.755615234375,388.911023397628,373.39072886442983,65.13653343833877,7.925616114094339,-0.8728391042904775,8.798455218384817
2023-05-18 00:00:00+05:30,400.0394518033874,402.3187577108581,388.96859823405424,390.4571228027344,23995166,0.0,0.0,391.1106491088867,371.51848205566404,389.0582709600191,374.0599992149516,55.55627438376301,7.104624405530046,-1.3550646502838166,8.459689055813863
2023-05-19 00:00:00+05:30,391.6200115418489,393.62020303760784,382.6888929005895,390.5966491699219,25767521,0.0,0.0,392.0200424194336,372.3427496337891,389.20478317048605,374.70849529161706,55.689515856904976,6.391563211239259,-1.6545006756596834,8.046063886898942
2023-05-22 00:00:00+05:30,392.55034625952544,396.0855672116698,389.8989163497951,395.1552429199219,15421680,0.0,0.0,392.78755950927734,373.0832879638672,389.7714936228133,375.5103285319428,59.91758548184934,6.123707210456075,-1.5378853411542934,7.661592551610369
2023-05-23 00:00:00+05:30,396.3181414364432,401.1558390264372,394.6435690967304,399.2486572265625,8732608,0.0,0.0,393.7388168334961,373.84615417480467,390.6740806326942,376.4412433827122,63.3036697817197,6.170602855837103,-1.1927917566186128,7.363394612455716
2023-05-24 00:00:00+05:30,398.45789543472256,404.4584986632808,397.2484851735961,403.2955932617188,11479706,0.0,0.0,394.75984954833984,374.61088134765623,391.8761294545061,377.4943551426732,66.33189316087433,6.459856702107174,-0.7228303282788335,7.182687030386008
2023-05-25 00:00:00+05:30,406.5052220384737,411.6220057866162,404.5050020421129,410.4125671386719,18204464,0.0,0.0,396.1041687011719,375.6091198730469,393.6415044720457,378.7852654170261,70.88253404412886,7.180599293191335,-0.0016701897557380718,7.182269482947073
2023-05-26 00:00:00+05:30,412.5057877976902,413.7617312774558,408.87752871600185,412.6918640136719,12995706,0.0,0.0,397.38801727294924,376.6436407470703,395.4558244283911,380.1149359502279,72.17944415783202,7.845277720186743,0.5304065897917356,7.314871130395008
2023-05-29 00:00:00+05:30,413.99431942234185,420.3205133963426,413.1570332186131,417.80865478515625,19826254,0.0,0.0,398.4834747314453,377.861435546875,397.58466541474974,381.593121002578,74.8839565371605,8.68480933883211,1.0959505667496812,7.588858772082429
2023-05-30 00:00:00+05:30,412.80075887633177,422.582556992725,412.80075887633177,421.1316528320313,18900002,2.75,0.0,399.79625091552737,379.2191857910156,399.82723564496706,383.1436516625566,76.48286876637347,9.508672310583279,1.5358508308006797,7.972821479782599
2023-05-31 00:00:00+05:30,420.5699715316421,423.09733429126334,414.1580104467519,417.0129699707031,14272292,0.0,0.0,400.7774993896484,380.50014526367187,401.4639722474181,384.47186022366037,70.49280888215274,9.717232162070616,1.3955285458304125,8.321703616240203
2023-06-01 00:00:00+05:30,418.4170911619792,418.4170911619792,410.9286421031518,411.5838928222656,8803137,0.0,0.0,401.6059097290039,381.63437927246093,402.4277742069274,385.53507718831156,63.439701885065446,9.336807291285595,0.8120829400363121,8.524724351249283
2023-06-02 00:00:00+05:30,411.8647169646008,416.451386508473,411.6774943031498,415.04730224609375,9203842,0.0,0.0,402.4144485473633,382.9476599121094,403.62963402018136,386.69241934744025,65.79115625749517,9.208634628140885,0.5471282215132813,8.661506406627604
2023-06-05 00:00:00+05:30,416.54499457346,418.2767041967179,411.95832506554746,412.47314453125,7152179,0.0,0.0,402.96868591308595,384.14898681640625,404.4718731164736,387.7034281781779,62.57001981467733,8.797926830724919,0.10913633927785149,8.688790491447067
2023-06-06 00:00:00+05:30,412.6134836564692,415.234457661485,412.2390669603706,414.485595703125,6454486,0.0,0.0,403.97939453125,385.4249841308594,405.42556098186895,388.7537092575876,64.05183228321981,8.536423358360821,-0.12189370646899711,8.658317064829818
2023-06-07 00:00:00+05:30,415.6089556904988,417.1534427180068,414.4388854323611,415.5621643066406,7543432,0.0,0.0,404.9718307495117,386.70762756347654,406.3909517747043,389.8050212202956,64.85343210369133,8.320140659115452,-0.27054112457149415,8.590681783686946
2023-06-08 00:00:00+05:30,417.2002284533735,417.2470198333943,413.6431980206466,414.5792541503906,7024424,0.0,0.0,406.14537658691404,387.9166540527344,407.1707900961983,390.7765597665738,63.462033284775536,7.977463196711028,-0.49057486958073504,8.468038066291763
2023-06-09 00:00:00+05:30,407.3248160152541,416.2641691253248,407.3248160152541,410.413818359375,7057843,0.0,0.0,407.1083251953125,389.07865478515623,407.47964993078654,391.54664833884055,57.802310381671454,7.285786965666944,-0.9458008804998563,8.2315878461668
2023-06-12 00:00:00+05:30,411.86469486124366,412.7539596061605,406.1079554076663,409.0097351074219,8719176,0.0,0.0,407.6591766357422,390.1846636962891,407.62537232856135,392.2314752709418,55.98969206837872,6.548839836166962,-1.3461984079998706,7.895038244166833
2023-06-13 00:00:00+05:30,412.8007315174575,417.8554286391322,410.27336867353785,416.91937255859375,16111860,0.0,0.0,408.7845962524414,391.4572387695313,408.51051520761206,393.1996281057517,63.02411049634598,6.527797182821303,-1.0937928490764248,7.621590031897727
2023-06-14 00:00:00+05:30,417.71503298301394,419.1191171274947,415.3748927422128,416.0769348144531,8704178,0.0,0.0,409.69810943603517,392.65714477539063,409.2311265987398,394.0967773884459,61.88947462644707,6.369716911489945,-1.0014984963262261,7.371215407816171
2023-06-15 00:00:00+05:30,416.5449671842396,420.0551775818596,416.3109531577316,419.4467468261719,7498727,0.0,0.0,411.14759063720703,393.9104925537109,410.2040428108762,395.09089383698415,64.63236438255063,6.442092393159555,-0.7432984117252932,7.1853908048848485
2023-06-16 00:00:00+05:30,420.2892087730324,426.467185038386,419.2595413011124,424.1270446777344,11729681,0.0,0.0,412.82411041259763,395.3430364990234,411.5300429886722,396.22956641897434,68.06967841384774,6.798739765610492,-0.30932083141948574,7.1080605970299775
2023-06-19 00:00:00+05:30,425.67155167686894,426.74801058030033,423.3314112058581,424.5950927734375,4189180,0.0,0.0,414.2961029052734,396.64539306640626,412.7743334443642,397.34194000150234,68.40042554904572,7.0380229993462535,-0.056030078146980244,7.094053077493234
2023-06-20 00:00:00+05:30,425.71829760388647,425.71829760388647,421.3656425057933,423.89300537109375,4472119,0.0,0.0,415.5283203125,397.91603088378906,413.8332545802432,398.38315825129024,67.27470655995646,7.089283255797284,-0.003815857356760155,7.093099113154044
2023-06-21 00:00:00+05:30,423.0973254436125,425.1566601355112,416.59172461043687,418.4638366699219,6059504,0.0,0.0,416.28673248291017,399.0557580566406,414.2742623983078,399.17063583633467,59.1656937055819,6.615558793882883,-0.3820322554169291,6.997591049299812
2023-06-22 00:00:00+05:30,419.3531380476453,420.8976249187395,417.3406231206944,419.0255126953125,6637099,0.0,0.0,416.7173797607422,400.0681005859375,414.72676242659395,399.9492584582554,59.70680317660539,6.213822231230267,-0.6270150544556365,6.840837285685904
2023-06-23 00:00:00+05:30,418.8850671297516,419.02546981890896,414.3920096797411,416.3109130859375,6090901,0.0,0.0,416.8983322143555,401.0717364501953,414.87763391796005,400.59089197306645,55.8544813974895,5.61170931750695,-0.9833023745431637,6.595011692050114
2023-06-26 00:00:00+05:30,418.3234760390085,422.5357285963705,415.6089189930528,417.2002258300781,5477339,0.0,0.0,416.86791076660154,402.0550146484375,415.0988331476856,401.2422383988316,56.83700662413976,5.146959654521197,-1.158441630023134,6.305401284544331
2023-06-27 00:00:00+05:30,417.5746364323736,418.6043038667253,414.813259481089,416.6385803222656,4865596,0.0,0.0,416.6432571411133,402.94240112304686,415.24547573574085,401.8460165134761,55.98947494819811,4.679381107062682,-1.3008161419853206,5.980197249048002
2023-06-28 00:00:00+05:30,416.5449714726696,421.78689143364863,416.0769434148351,420.6168212890625,12082753,0.0,0.0,416.8234497070313,403.9400524902344,415.7570324551048,402.5821265046756,60.484254533877625,4.577070913589694,-1.1225010683666472,5.699571981956341
2023-06-30 00:00:00+05:30,421.2252354688587,423.0505562490229,418.0426505141047,422.7229309082031,9106074,0.0,0.0,417.3804016113281,404.9751751708984,416.4204513553999,403.37196197148063,62.65854544572141,4.612761746856108,-0.8694481880801863,5.482209934936295
2023-07-03 00:00:00+05:30,422.7229725607021,436.155384328544,421.27206835586975,433.6280212402344,10699143,0.0,0.0,418.30943756103517,406.1995599365234,418.059267534908,404.558474099667,71.42565964645357,5.458079300866643,-0.01930450725572186,5.477383808122365
2023-07-04 00:00:00+05:30,435.266042799733,438.0742108177959,430.3985401419593,436.52972412109375,7725081,0.0,0.0,419.5122665405273,407.33405639648436,419.81835863835425,405.8122486103112,73.22690303819238,6.289639673554689,0.6498046923458585,5.63983498120883
2023-07-05 00:00:00+05:30,436.5297547342584,449.91534513260376,434.61082264764633,444.7202453613281,16252992,0.0,0.0,421.0239990234375,408.6239910888672,422.1899668976851,407.3380524044687,77.53217426983437,7.5228451964080705,1.506408172159392,6.016437024248678
2023-07-06 00:00:00+05:30,446.8263898695933,446.87318124863214,440.4143998021734,443.5969848632813,9471054,0.0,0.0,422.42574005126954,409.83843200683594,424.2287305134562,408.75997132442217,75.73353624348819,8.313696603968594,1.8378076637759326,6.475888940192662
2023-07-07 00:00:00+05:30,442.7545331862704,445.0946734250985,437.6998359836348,438.44866943359375,7323451,0.0,0.0,423.6192108154297,410.9368817138672,425.58301041061213,409.92423399537006,67.95251360902778,8.427874719729346,1.5615886236293468,6.866286096099999
2023-07-10 00:00:00+05:30,439.9463641370345,440.7888089083192,434.0492221718764,436.0617370605469,6521300,0.0,0.0,424.90160675048827,411.9178186035156,426.58098437727256,410.94923411557306,64.63672063174911,8.230875792407346,1.0916717570458774,7.139204035361469
2023-07-11 00:00:00+05:30,436.20213272821474,444.205400775625,436.20213272821474,442.8949279785156,8457557,0.0,0.0,426.59586639404296,412.85772705078125,428.1346932916767,412.20200642392376,69.26095998347905,8.527830600156449,1.1109012518359833,7.4169293483204655
2023-07-12 00:00:00+05:30,447.200759857346,447.200759857346,440.3675623943109,442.0992431640625,12340934,0.0,0.0,427.85485992431643,413.8021893310547,429.4646504223801,413.37444708039976,68.14354448441848,8.599830813619974,0.9463211722396068,7.653509641380367
2023-07-13 00:00:00+05:30,443.59695169069386,446.2647171182148,440.88239488763327,441.8184509277344,7909757,0.0,0.0,429.14193572998045,414.69079833984375,430.64120285146146,414.4898982116678,67.72827985685548,8.53583808664223,0.7058627562094895,7.82997533043274
2023-07-14 00:00:00+05:30,442.7545610357056,444.6266733445246,441.2100740941632,442.6609497070313,5081391,0.0,0.0,430.3026458740234,415.6437036132813,431.78594064723,415.5946453291331,68.35147289165873,8.455634706456692,0.5005275008191612,7.955107205637531
2023-07-17 00:00:00+05:30,444.1586331278046,445.3754946688116,440.5080199386175,442.1461181640625,6090738,0.0,0.0,431.20359954833987,416.50909545898435,432.77262422026166,416.63587955795384,67.49375471131691,8.25536760793824,0.24020832184056573,8.015159286097674
2023-07-18 00:00:00+05:30,442.3332904011011,443.8778057903052,440.8824148995536,442.2864990234375,5352283,0.0,0.0,432.08816986083986,417.3270574951172,433.6787075348498,417.6417862036591,67.61309678885296,8.015583395796284,0.00033928775888725227,8.015244108037397
2023-07-19 00:00:00+05:30,442.5205208324769,449.7281642217353,438.1678656850626,448.23046875,13867323,0.0,0.0,433.30504302978517,418.4062384033203,435.0645895553403,418.84134238194696,72.25746188525264,8.210535419789153,0.15623304940140414,8.054302370387749
2023-07-20 00:00:00+05:30,449.2133354881765,462.13092734881707,445.84352767382825,460.6800231933594,20250206,0.0,0.0,435.41585235595704,419.70557006835935,437.50415466372306,420.48207496278667,79.03785121390025,9.262835104498492,0.9668261872885946,8.296008917209898
2023-07-21 00:00:00+05:30,460.3523674512016,465.8751211609414,455.8593097060269,459.0887145996094,13971982,0.0,0.0,437.41901245117185,421.0651776123047,439.5598270385694,421.99606083089736,76.4653338656648,9.854785053934506,1.2470209093796853,8.607764144554821
2023-07-24 00:00:00+05:30,461.8968982029832,467.74724888157925,438.214661516327,441.2100524902344,38976815,0.0,0.0,438.6639694213867,422.06628173828125,439.7169913672994,422.74955069989096,54.86059601643068,8.780040201560382,0.1378208456044483,8.642219355955934
2023-07-25 00:00:00+05:30,437.9806590735735,438.54229846680687,426.2799574069031,432.7387390136719,43534718,0.0,0.0,439.4408950805664,422.7612023925781,439.05239590504914,423.14128357494116,47.94780313414459,7.162171903689,-1.184037961813548,8.346209865502548
2023-07-26 00:00:00+05:30,435.1724421900789,442.7545017385811,432.5046767940663,442.0524597167969,18143422,0.0,0.0,440.71158905029296,423.7140319824219,439.3381162680727,423.8828983256021,54.70545840015606,6.555965949723486,-1.4321951326232503,7.988161082346736
2023-07-27 00:00:00+05:30,444.0649962245891,444.76703828077245,431.61546185473736,435.3128662109375,13989457,0.0,0.0,441.4463912963867,424.4641558837891,438.95475911977417,424.33113236032113,49.67938994230443,5.468675011536959,-2.015588856647822,7.484263868184781
2023-07-28 00:00:00+05:30,437.79341086764384,439.43150889848,433.7683528521775,438.4954528808594,9978231,0.0,0.0,442.23501739501955,425.42492248535154,438.91101566844895,424.8865959101462,51.92556275788881,4.808369366837212,-2.140715601078056,6.949084967915268
2023-07-31 00:00:00+05:30,439.01029930554654,439.6655499847072,433.8619908915156,435.92132568359375,8194797,0.0,0.0,442.3496826171875,426.331416015625,438.6262832889389,425.31933041106566,49.982229252135234,4.030896172298014,-2.334551036493804,6.365447208791818
2023-08-01 00:00:00+05:30,436.202136151736,438.8699017105321,434.1428013357125,435.078857421875,6438221,0.0,0.0,442.2771392822266,427.12988830566405,438.2884332063614,425.7020569605092,49.33150244527634,3.3086231679801585,-2.4454592326493287,5.754082400629487
2023-08-02 00:00:00+05:30,434.8916652479663,435.0788593263193,428.7136893390182,430.6794128417969,10318220,0.0,0.0,441.57509765625,427.75850341796877,437.5637646002124,425.8972473872264,45.966008202321746,2.3540818087165576,-2.7200004735303445,5.074082282246902
2023-08-03 00:00:00+05:30,430.6794109881535,434.096009989664,425.2502685483144,426.8883666992188,10617897,0.0,0.0,440.7396667480469,428.23035888671876,436.547060038213,425.93611481122616,43.22918075201486,1.2769749909828079,-3.0376858330112757,4.314660823994084
2023-08-04 00:00:00+05:30,427.122356404822,431.8962478860572,425.2034529637568,425.8587036132813,6834401,0.0,0.0,440.11016845703125,428.5392816162109,435.5291213310766,425.93307907797345,42.4892175606581,0.33639709569229126,-3.182610982641434,3.519008078333725
2023-08-07 00:00:00+05:30,425.0630562380391,427.35637641123634,422.1144854061207,425.8118896484375,9161131,0.0,0.0,439.5976760864258,428.80168212890624,434.60367069463484,425.928326551325,42.45363698433944,-0.4080909402145494,-3.1416792148386197,2.7335882746240703
2023-08-08 00:00:00+05:30,427.77767382993744,427.77767382993744,422.2081281380697,423.4250183105469,6392488,0.0,0.0,438.62418060302736,428.91400939941406,433.5390371342455,425.83015760070623,40.58741251965544,-1.1771343692016103,-3.1285781150605443,1.9514437458589342
2023-08-09 00:00:00+05:30,423.42497119174,430.4921831307274,418.3234541570995,429.3221130371094,9758343,0.0,0.0,437.9853240966797,429.07781860351565,433.13742531547064,425.9670970295848,46.808739614661754,-1.2958231246171863,-2.5978134963808963,1.30199037176371
2023-08-10 00:00:00+05:30,429.5561066722496,429.9305233712074,420.2891576837689,422.8633117675781,13194170,0.0,0.0,437.0375671386719,429.1948254394531,432.15893831090943,425.8453799604865,41.66293880532764,-1.8892776852658812,-2.553014445623673,0.6637367603577919
2023-08-11 00:00:00+05:30,424.8758281256101,424.8758281256101,416.3109211276168,420.0551452636719,11582326,0.0,0.0,435.9072769165039,429.36425048828124,431.0061961159344,425.61831193316044,39.62339372226127,-2.556718014458795,-2.5763638198532695,0.01964580539447447
2023-08-14 00:00:00+05:30,420.0551732422806,422.3953134831847,416.59175425927657,420.4764099121094,7562808,0.0,0.0,434.82379150390625,429.47283264160154,430.0033593346177,425.41666871664864,40.09714216481444,-3.0168998045270428,-2.4292364879372137,-0.587663316589829
2023-08-16 00:00:00+05:30,422.1613011082168,428.1520544351004,419.5403554546318,421.4592590332031,14920272,0.0,0.0,433.78242950439454,429.6525549316406,429.1896354963877,425.26147618004296,41.25529100171648,-3.2646565499972553,-2.141594586725941,-1.1230619632713144
2023-08-17 00:00:00+05:30,421.2252558494101,421.2252558494101,411.8646946083121,412.8007507324219,16269569,0.0,0.0,432.0109436035156,429.61885803222657,427.62878932839095,424.7728202801363,34.86093549762733,-4.112271111895211,-2.391367318899117,-1.720903792996094
2023-08-18 00:00:00+05:30,412.8007489227292,415.00048651797687,410.46060862271366,413.4091796875,19324262,0.0,0.0,429.6474014282227,429.57579833984374,426.27454079116325,424.3271873157192,35.61610741737379,-4.680957463268953,-2.3680429362182873,-2.312914527050666
2023-08-21 00:00:00+05:30,413.73677981614486,419.8211442252058,413.1283490884716,419.1658935546875,9572041,0.0,0.0,427.65126037597656,429.6675311279297,425.5975267686417,424.12478363881604,42.41815050896317,-4.6139401655294705,-1.8408205107830433,-2.773119654746427
2023-08-22 00:00:00+05:30,420.2891664310806,426.04590542508873,418.4170543311649,425.2034606933594,9854945,0.0,0.0,426.85093078613284,429.96332397460935,425.55999666623387,424.1670846997785,48.556664895733604,-4.027223933554296,-1.0032834230462955,-3.023940510508001
2023-08-23 00:00:00+05:30,426.46716760767646,426.5139589865104,419.9147748656635,421.646484375,8445029,0.0,0.0,426.2963180541992,430.21605895996095,425.18728120992586,424.0682376282186,45.48052009775303,-3.8053990828040583,-0.6251668578368461,-3.180232224967212
2023-08-24 00:00:00+05:30,421.7868825859373,424.50143955120143,420.5699925213946,422.0676879882813,6088274,0.0,0.0,425.2970794677734,430.3190252685547,424.89017709357876,423.9897847011622,45.917449117076416,-3.5546380245151,-0.2995246396383102,-3.2551133848767897
2023-08-25 00:00:00+05:30,422.0676695535835,422.1612808723312,413.7835677522795,415.0004577636719,9270988,0.0,0.0,424.28145904541014,430.29749572753906,423.9482990621591,423.6372620761626,40.109202510002206,-3.8814317657161155,-0.5010547046714606,-3.380377061044655
2023-08-28 00:00:00+05:30,416.5449479199616,418.2766573492661,412.8007236689956,413.1751403808594,6910750,0.0,0.0,423.0154434204102,430.1720635986328,422.9222839496544,423.22698279399384,38.745976879752746,-4.238843271374719,-0.6867729682640515,-3.5520703031106677
2023-08-29 00:00:00+05:30,414.6260787009098,415.60892622158894,411.11586817538966,411.9583129882813,9480003,0.0,0.0,421.81729278564455,429.92868896484373,421.87809623904747,422.785074174162,37.823074397273544,-4.567629476396917,-0.8124473386289988,-3.755182137767918
2023-08-30 00:00:00+05:30,412.8007062875999,415.6088743575836,412.332678275936,414.485595703125,7364924,0.0,0.0,420.78762969970705,429.7264990234375,421.17404856895956,422.45960443019976,40.96810899469229,-4.571566150071874,-0.6531072098431645,-3.9184589402287093
2023-08-31 00:00:00+05:30,414.67286663256544,416.4513675708037,408.2140850325601,411.5838928222656,19900312,0.0,0.0,419.83285369873045,429.4803167724609,420.26070040260777,422.033105935771,38.55665317659337,-4.754027692306636,-0.6684550016623412,-4.085572690644295
2023-09-01 00:00:00+05:30,411.8646562497967,416.5449364344535,410.2733495605481,412.8475036621094,11438624,0.0,0.0,419.130810546875,429.3679901123047,419.55468166541743,421.67288623876465,40.207198219146164,-4.742004073587793,-0.5251451063547989,-4.216858967232994
2023-09-04 00:00:00+05:30,415.0005008548349,415.0005008548349,408.7289132076651,409.5245666503906,13604608,0.0,0.0,418.3141036987305,429.17797119140624,418.59943261636727,421.1964815490245,37.36465581257106,-4.943621523405739,-0.5814100449381954,-4.362211478467543
2023-09-05 00:00:00+05:30,410.8350020669933,416.0769217550934,410.4605853534498,414.7664489746094,8378915,0.0,0.0,417.76183166503904,429.1470819091797,418.2343865552475,420.9443234088514,44.080716075532656,-4.62709049072248,-0.21190320980394972,-4.415187280918531
2023-09-06 00:00:00+05:30,415.5621214858972,419.82116536018657,413.7368006448215,418.83831787109375,12863039,0.0,0.0,417.5324966430664,429.17984375,418.29190382342335,420.8617349563903,48.68372135879521,-4.001544265502105,0.3309144123331409,-4.332458677835246
2023-09-07 00:00:00+05:30,420.1019777050597,420.2892003566293,416.17055911759263,417.3874206542969,8090369,0.0,0.0,416.9357620239258,429.19482055664065,418.20576256922084,420.7254873367004,47.193038170499904,-3.581583391065351,0.6007002294159163,-4.182283620481267
2023-09-08 00:00:00+05:30,419.25950922514426,419.25950922514426,413.59638141209854,414.34521484375,9939517,0.0,0.0,416.5098571777344,429.0693884277344,417.8380913572712,420.47528057227095,44.14106297195019,-3.4544215353985805,0.5822896680661493,-4.03671120346473
2023-09-11 00:00:00+05:30,417.4809998737533,419.4467232993961,414.3452063811998,418.6042785644531,9320577,0.0,0.0,416.43731384277345,428.98701538085936,417.911061567479,420.4019079445134,49.103564572358714,-2.9756723028353917,0.8488311205034709,-3.8245034233388626
2023-09-12 00:00:00+05:30,420.1956009527555,425.2502984607214,417.1066270773782,422.3017272949219,14406441,0.0,0.0,416.52857971191406,428.76048950195315,418.32922020818785,420.4764106641373,53.006725079786214,-2.2717199022105774,1.2422268169026287,-3.513946719113206
2023-09-13 00:00:00+05:30,423.2845728427722,427.7776306219637,422.2549054365761,424.5014343261719,11813170,0.0,0.0,416.6806884765625,428.51992370605467,418.91705012418635,420.6342547293151,55.207529384207014,-1.5188264929351476,1.596096180942447,-3.1149226738775946
2023-09-14 00:00:00+05:30,426.747952705271,426.747952705271,418.5574621675173,421.1784362792969,14430930,0.0,0.0,417.0995727539063,428.04908752441406,419.1324202341969,420.6555951822556,51.29907392928397,-1.1767266404850716,1.5505568267140184,-2.72728346719909
2023-09-15 00:00:00+05:30,419.3999216472303,423.1909659690484,418.41707417462834,419.6807556152344,15077136,0.0,0.0,417.413151550293,427.5707629394531,419.1846426514386,420.6173661796273,49.59488567388869,-1.0147628017615489,1.370016532350033,-2.384779334111582
2023-09-18 00:00:00+05:30,419.68074420623896,424.9694552823124,417.6682293713287,423.1441345214844,8197425,0.0,0.0,417.6120635986328,427.2646722412109,419.56173711525247,420.7164551342099,53.44636120896554,-0.60002286947946,1.4278051717056974,-2.0278280411851575
2023-09-20 00:00:00+05:30,422.81653271101874,425.9991175941275,420.8039893339305,423.9866027832031,9959649,0.0,0.0,417.551220703125,427.0231695556641,419.9831528931526,420.84469621848416,54.359921360694194,-0.2010408632582994,1.4614297423414866,-1.662470605599786
2023-09-21 00:00:00+05:30,423.846156302236,424.54819832033786,416.0769027283738,418.8850708007813,10719470,0.0,0.0,417.41315002441405,426.54297241210935,419.87857364626007,420.76784816288796,48.1926120591208,-0.29311687563421174,1.0954829839724596,-1.3885998596066713
2023-09-22 00:00:00+05:30,418.88508995591513,419.7275347029288,413.970795604477,414.7664489746094,7506309,0.0,0.0,417.04808807373047,425.99631652832034,419.3917046299124,420.5324991751124,43.865700982069804,-0.6904668671831473,0.5585063939388193,-1.2489732611219666
2023-09-25 00:00:00+05:30,414.766459441766,416.3577376560244,410.32019301159096,414.2984313964844,5782955,0.0,0.0,417.0129867553711,425.4459161376953,418.90663098863354,420.28802592889167,43.38897173789527,-1.0312471304159772,0.17418090456479174,-1.205428034980769
2023-09-26 00:00:00+05:30,415.234509384792,416.0769541974929,411.5838961523105,414.1580505371094,5327833,0.0,0.0,417.06213226318357,424.87585815429685,418.4543852313455,420.0476347370571,43.237184749692936,-1.2976865832075646,-0.07380683858143655,-1.223879744626128
2023-09-27 00:00:00+05:30,414.1580070897962,421.0379961435792,410.7413796845519,420.4295654296875,10490786,0.0,0.0,417.4856948852539,424.4415270996094,418.64249763118755,420.0626124112779,51.41450589438341,-0.9913552048391239,0.18601963182960324,-1.177374836668727
2023-09-28 00:00:00+05:30,421.1784386664663,421.1784386664663,411.4902526622366,412.5667114257813,10216736,0.0,0.0,417.3897506713867,423.8471313476563,418.0638513259108,419.7686555098859,43.04237852544407,-1.3672907097927123,-0.15193269849918822,-1.215358011293524
2023-09-29 00:00:00+05:30,413.7368084092822,417.1066161819575,411.1158626784048,415.98333740234375,8160058,0.0,0.0,417.60972290039064,423.20218872070313,417.865707142714,419.6202116625313,47.0752198356741,-1.3736940536084035,-0.12666883385190353,-1.2470252197565
2023-10-03 00:00:00+05:30,412.8007464124236,414.5792473163869,411.1626482123743,411.6306762695313,7481883,0.0,0.0,417.5488815307617,422.22120178222656,417.27189467860137,419.30689654908036,42.907184360481835,-1.710277116439272,-0.3706015173462176,-1.3396755990930544
2023-10-04 00:00:00+05:30,411.6306491720681,413.4559699012864,405.5930762057281,408.2140502929688,13396709,0.0,0.0,417.4833557128906,421.2037084960937,416.4092428323506,418.87188297040933,39.919393152408766,-2.2270428177397434,-0.7098937749173511,-1.5171490428223924
2023-10-05 00:00:00+05:30,411.86466921687855,412.3326972500796,407.231180261723,408.167236328125,10030257,0.0,0.0,417.1533950805664,420.54285217285155,415.62428983194815,418.45209290600604,39.87841797721132,-2.6102712724471644,-0.8744977836998176,-1.7357734887473468
2023-10-06 00:00:00+05:30,409.8521372572136,415.2344594140662,408.728858598014,413.8771667480469,8418580,0.0,0.0,416.90533752441405,420.1656207275391,415.45789715729086,418.2726840370665,47.021369329056704,-2.4252817801307174,-0.5516066331066964,-1.873675147024021
2023-10-09 00:00:00+05:30,412.7539472377708,414.86007345520005,409.2905282537544,412.2859191894531,5611154,0.0,0.0,416.6502624511719,419.5702899169922,415.1558040174968,418.03790894500327,45.402475229625686,-2.3796455810797283,-0.404776347244566,-1.9748692338351623
2023-10-10 00:00:00+05:30,412.2859328379333,416.4045740862404,412.2859328379333,415.98333740234375,5014758,0.0,0.0,416.73216857910154,419.18369934082034,415.23461672081555,417.9573375119578,49.73310205836607,-2.0218215154834525,-0.037561825318631836,-1.9842596901648206
2023-10-11 00:00:00+05:30,418.6042802518455,420.7104063807746,416.35772286139,419.5871276855469,7651513,0.0,0.0,416.78131103515625,418.80553283691404,415.6491415745995,418.02125085209855,53.59653875931652,-1.430952478359302,0.442645769444415,-1.873598247803717
2023-10-12 00:00:00+05:30,420.8976171252633,423.5653827074826,417.6214207949292,421.8804931640625,11774487,0.0,0.0,416.76024932861327,418.52471618652345,416.24260363073887,418.1725936878619,55.91845712675943,-0.7687672119176909,0.8838648287088211,-1.652632040626512
2023-10-13 00:00:00+05:30,421.08483975676,422.91013200104425,418.41707417462834,419.6807556152344,7632483,0.0,0.0,416.5192153930664,418.2167541503906,416.5700466768813,418.2317372928569,53.17026147676437,-0.41667785080107933,0.9887633518603463,-1.4054412026614256
2023-10-16 00:00:00+05:30,419.353105940959,422.1612740610993,417.6682164953401,420.2423706054688,4214958,0.0,0.0,416.472412109375,418.00801330566406,416.91979181293726,418.3105856580574,53.794624930252006,-0.09127470140833793,1.0513332010024703,-1.1426079024108082
2023-10-17 00:00:00+05:30,421.0380232536697,425.4374983595415,420.2891897985349,424.4546508789063,6936218,0.0,0.0,416.7111068725586,417.9593389892578,417.63739743826767,418.55152939220835,58.28676104301637,0.5007333115400456,1.314672971160683,-0.8139396596206374
2023-10-18 00:00:00+05:30,425.2034965212393,428.9009296565861,422.1613141025403,422.7697448730469,6894947,0.0,0.0,416.69238739013673,417.89755981445313,418.1261924320562,418.7169496071432,55.94384968959668,0.8244424344761683,1.3107056752774446,-0.4862632408012763
2023-10-19 00:00:00+05:30,420.99120917232113,425.8118921244301,418.2766523361381,421.5996398925781,9465463,0.0,0.0,416.57303924560546,417.8133148193359,418.4569969521059,418.8299962850034,54.311141036695076,0.9753236299645209,1.1692694966126378,-0.19394586664811686
2023-10-20 00:00:00+05:30,416.54493276593706,420.2891568806871,409.3841098597103,410.2733459472656,13020371,0.0,0.0,416.1424530029297,417.5502813720703,417.6776016183116,418.494441369798,41.64225858369628,0.17889856948215765,0.2982755489042196,-0.11937697942206196
2023-10-23 00:00:00+05:30,409.99257902663135,411.8178998802709,405.4059097690186,408.02685546875,7275471,0.0,0.0,415.8054733276367,417.12437622070314,416.75848293740097,418.083947805051,39.66588966146983,-0.6263271265549406,-0.4055601177063029,-0.2207670088486377
2023-10-25 00:00:00+05:30,408.9628818871519,409.9925492537617,399.7427240959522,405.0314636230469,10889221,0.0,0.0,415.34212493896484,416.7677392578125,415.6416239550815,417.5720856802666,37.13512165897609,-1.4890129658245996,-1.0145967655807695,-0.4744162002438301
2023-10-26 00:00:00+05:30,402.08287199245297,408.68208440186015,402.08287199245297,406.5759582519531,18801214,0.0,0.0,414.96302032470703,416.49815551757814,414.7782272214502,417.1408649968033,39.28612234583694,-2.0247300721679267,-1.2402510975392773,-0.7844789746286495
2023-10-27 00:00:00+05:30,406.575952088835,408.8692722776051,404.5634372893302,406.0143127441406,13132487,0.0,0.0,414.2422576904297,416.20891357421874,413.9435686998017,416.704529614346,38.766663123978006,-2.4661812350582295,-1.345361808343664,-1.1208194267145655
2023-10-30 00:00:00+05:30,406.7631611069914,409.1969126459912,400.95963050832313,402.9253540039063,7618033,0.0,0.0,413.76018981933595,415.83823547363284,412.8942149192402,416.16416978648556,35.951137807562745,-3.0303555643492928,-1.5276289101077818,-1.502726654241511
2023-10-31 00:00:00+05:30,402.50413472584864,405.6399284654344,400.5384111453497,401.0064392089844,8620154,0.0,0.0,413.01134490966797,415.60234924316404,411.76204580397774,415.5697489795247,34.28528345437138,-3.590914346558577,-1.670550153853653,-1.9203641927049242
2023-11-01 00:00:00+05:30,402.5041173066887,403.5337847153573,398.2918649162698,400.7256164550781,7990245,0.0,0.0,412.4660919189453,415.34867797851564,410.71095729455874,414.9876261354288,34.03672221566738,-4.0115782919451135,-1.6729712793921516,-2.338607012552962
2023-11-02 00:00:00+05:30,402.5509294620137,405.0315010728922,401.2404565861437,403.5805969238281,8152031,0.0,0.0,412.23441925048826,415.03697204589844,410.0318753544892,414.5402916565425,38.887498566757074,-4.067694584504977,-1.383270057561612,-2.6844245269433653
2023-11-03 00:00:00+05:30,405.1250889909815,406.6227845393994,403.5338106807977,405.54632568359375,13802600,0.0,0.0,412.1033737182617,414.6438293457031,409.60468014773727,414.18758710858367,42.04749346652811,-3.9084945755092804,-0.979256038852732,-2.9292385366565483
2023-11-06 00:00:00+05:30,405.780314448466,408.8692881146874,404.8910497377416,407.5120239257813,7308229,0.0,0.0,411.7851165771484,414.36114013671875,409.40537955517004,413.9258003171012,45.10433091376659,-3.582416138024712,-0.5225420810945307,-3.059874056930181
2023-11-07 00:00:00+05:30,407.0907697901028,407.0907697901028,404.5166156566602,405.0314636230469,5124012,0.0,0.0,411.4223937988281,414.0204156494141,408.98881613306304,413.57700279968736,42.08737098579299,-3.4839957779568067,-0.3392973768213001,-3.1446984011355066
2023-11-08 00:00:00+05:30,405.4527046939207,409.52455454953207,404.6570512747056,409.0097351074219,6979849,0.0,0.0,411.073713684082,413.9006011962891,408.9908084163353,413.3978942627358,48.08492408127859,-3.0498271634469347,0.07589699015085749,-3.125724153597792
2023-11-09 00:00:00+05:30,409.8053265504481,409.9925491865878,406.1547136750331,406.6227416992188,7785767,0.0,0.0,410.4254943847656,413.76955322265627,408.7652782528004,413.13220200534295,45.069001146342316,-2.8653261314972838,0.20831841768040693,-3.0736445491776907
2023-11-10 00:00:00+05:30,406.6227391282095,409.9925465942717,404.8442383607821,408.63525390625,4079205,0.0,0.0,409.763232421875,413.7030920410156,408.75289498170036,412.95585109949616,48.02869579761508,-2.5275784673689827,0.43685286544696655,-2.9644313328159493
2023-11-13 00:00:00+05:30,410.36698177064034,410.36698177064034,407.1843967962703,408.1204528808594,3744754,0.0,0.0,409.1852172851562,413.57578918457034,408.69266240066787,412.7662276399418,47.32624322693319,-2.2752237870447516,0.5513660366169582,-2.8265898236617097
2023-11-15 00:00:00+05:30,410.0861807639069,414.2048218669783,409.5245413939051,413.6900024414063,7436428,0.0,0.0,408.85759887695315,413.61791137695315,409.1685995474049,412.8024541027444,54.99526203503596,-1.6072869781198165,0.9754422764335149,-2.5827292545533314
2023-11-16 00:00:00+05:30,413.6899847861117,416.07691629904457,409.6181352350818,410.6009826660156,10857863,0.0,0.0,408.16491546630857,413.57298095703123,409.30501698727255,412.71612188953935,50.59537406079185,-1.312075534655719,1.01652297591809,-2.328598510573809
2023-11-17 00:00:00+05:30,411.1626281738281,413.2687543283896,410.2733634821032,411.1626281738281,6655278,0.0,0.0,407.58455963134764,413.6057421875,409.48193233837304,412.6552005673546,51.35738212559278,-1.0210284596984707,1.0460560407002708,-2.0670845003987415
2023-11-20 00:00:00+05:30,411.7242814587024,412.1454895641675,406.7163756085176,408.8692932128906,4335388,0.0,0.0,406.94804229736326,413.4877990722656,409.4235857549938,412.50673361227757,48.09537325765339,-0.9643085721036186,0.8822207426360982,-1.8465293147397168
2023-11-21 00:00:00+05:30,409.1969370025618,411.2094519958113,407.65245008058736,408.3544921875,5997810,0.0,0.0,406.852099609375,413.27812255859374,409.32176731999436,412.3439006152275,47.36805513708338,-0.9499473907187621,0.717265539216764,-1.667212929935526
2023-11-22 00:00:00+05:30,409.0565298384449,412.2391149752133,406.99719492080095,411.5838928222656,4886687,0.0,0.0,407.02995147705076,413.1620520019531,409.5372078440202,412.3140963880525,52.246623543455705,-0.670254136538972,0.7975670347172434,-1.4678211712562155
2023-11-23 00:00:00+05:30,412.753930608352,413.9707920584856,410.2265678227956,412.1922912597656,6366606,0.0,0.0,407.3879928588867,413.1189935302734,409.7900729312341,412.30931971635505,53.12809137159115,-0.3949498126198705,0.858297086909076,-1.2532468995289465
2023-11-24 00:00:00+05:30,412.8007499043276,413.9708200571176,408.9161227102978,409.8053588867188,6821878,0.0,0.0,407.549462890625,412.94301513671877,409.79152873651833,412.2111251740164,49.28439955114795,-0.36516524885087165,0.71046532054246,-1.0756305693933317
2023-11-28 00:00:00+05:30,409.9925501350697,410.9286061856063,407.0907706651732,407.41839599609375,8745691,0.0,0.0,407.61966705322266,412.64534851074217,409.5655160945731,412.0231750101763,45.722021511356544,-0.5280813312030546,0.43803939055222174,-0.9661207217552763
2023-11-29 00:00:00+05:30,408.1204347009703,410.4605748082007,406.3887253083872,409.2437133789063,13785216,0.0,0.0,407.93558502197266,412.3401940917969,409.5348682168906,411.9141765148324,48.77146028039183,-0.5040947517252903,0.3696207760239889,-0.8737155277492792
2023-11-30 00:00:00+05:30,408.7757008625516,410.41379899974686,406.7163660636118,407.9332275390625,15127505,0.0,0.0,408.28192443847655,412.0752899169922,409.3823310094784,411.75806086872376,46.741096867369485,-0.5840973589968712,0.23169453500192638,-0.8157918939987976
2023-12-01 00:00:00+05:30,409.898962958145,422.1145122767925,409.4309349053117,421.03802490234375,19336856,0.0,0.0,409.2975448608398,412.10243530273436,410.4923970945132,412.12198102690496,63.227183429522604,0.4052758564110377,0.9768542003278683,-0.5715783439168306
2023-12-04 00:00:00+05:30,425.9055306012578,427.21600344372087,422.1613061564116,425.0162658691406,12800220,0.0,0.0,410.3693283081055,412.1398779296875,411.8756226920967,412.62763925601223,66.60652740951441,1.4931598389804321,1.6517905463178102,-0.1586307073373781
2023-12-05 00:00:00+05:30,425.9054938666254,428.5264393254933,421.3188250305252,422.8633117675781,12136292,0.0,0.0,411.2351776123047,412.117412109375,412.922069270714,413.02903817803445,63.22049014833486,2.156728901678207,1.852287687212468,0.3044412144657389
2023-12-06 00:00:00+05:30,424.8758903276567,434.7980914540504,423.1910006462285,433.6280212402344,20417559,0.0,0.0,412.54097747802734,412.4122711181641,414.89406469638266,413.8368414353756,71.12463154796718,3.5107643485999915,2.565058507307402,0.9457058412925895
2023-12-07 00:00:00+05:30,435.0320485028966,435.07883987885214,428.1520308337816,428.8072814941406,11310918,0.0,0.0,413.72976837158205,412.6930877685547,416.21913296283583,414.4239175161115,64.44525724289551,4.14704918511984,2.5610746750618008,1.5859745100580396
2023-12-08 00:00:00+05:30,430.53898782006695,432.08347457568834,419.82113471579584,420.4295654296875,18667895,0.0,0.0,414.30075988769534,412.8157104492187,416.6201265311074,414.6594331205655,54.81171931607354,3.9299952919511156,1.8752166255144607,2.054778666436655
2023-12-11 00:00:00+05:30,422.6292900483088,424.59501338967294,420.5699553923725,423.5185546875,6599973,0.0,0.0,415.1455505371094,413.00292053222654,417.2771196888591,415.00684965260217,57.343661960438915,3.961567649300264,1.525431186290887,2.436136463009377
2023-12-12 00:00:00+05:30,425.1567121496544,430.5858263598996,423.4250025695389,424.1270446777344,10158101,0.0,0.0,415.9201400756836,413.0768701171875,417.92949349732345,415.3645043594701,57.84473563545071,3.9896982686745446,1.2428494445321339,2.7468488241424107
2023-12-13 00:00:00+05:30,427.1223772711064,429.5093374114161,424.1270149590579,426.5139465332031,11283868,0.0,0.0,416.8398147583008,413.35581481933593,418.7470604531215,415.80173738589104,59.837712534287945,4.156679406014575,1.1278644654977312,3.028814940516844
2023-12-14 00:00:00+05:30,430.58580151953794,431.5218576097978,420.7104211937623,430.6794128417969,14370803,0.0,0.0,417.6892852783203,413.649736328125,419.88347496632866,416.38517563906385,63.11499615871356,4.57242342819427,1.2348867901419407,3.3375366380523293
2023-12-15 00:00:00+05:30,432.364299797421,433.3471758260269,425.90551852640726,428.9009094238281,15789845,0.0,0.0,418.6042816162109,413.9951409912109,420.7422782479953,416.8759887286625,60.832515406900995,4.704166495668687,1.0933038860930862,3.610862609575601
2023-12-18 00:00:00+05:30,425.9055386178622,426.84159474669264,421.5528833320337,422.7697448730469,12027620,0.0,0.0,419.18463745117185,414.2862548828125,420.935370307524,417.10711642059914,53.63188417748467,4.26467951604161,0.5230535251728075,3.741625990868803
2023-12-19 00:00:00+05:30,424.3610567965537,428.71371213446736,423.1441666748128,426.9352111816406,10268755,0.0,0.0,420.0879333496094,414.6616143798828,421.5067837241065,417.49253190142434,57.32751097603521,4.204039684642851,0.369930955019238,3.8341087296236127
2023-12-20 00:00:00+05:30,429.6497649808152,429.8837790140292,420.5700090656474,422.1613159179688,10367665,0.0,0.0,420.7782745361328,414.8272973632813,421.569120123522,417.6756214707006,52.19326072736313,3.7277970072751714,-0.08504937787875333,3.8128463851539247
2023-12-21 00:00:00+05:30,420.2891707587733,424.7354370418561,416.03012711407536,422.58251953125,11154625,0.0,0.0,421.32820587158204,415.03322937011717,421.66563435282944,417.8680488456241,52.59665232195752,3.3457906735619645,-0.37364456927356837,3.719435242835533
2023-12-22 00:00:00+05:30,424.03340809871605,426.7479650421857,421.7400592553807,426.0927429199219,11026317,0.0,0.0,422.02322845458986,415.23541748046875,422.0872637401716,418.1905858681456,55.933766055300104,3.288387113497663,-0.3448385034702963,3.6332256169679593
2023-12-26 00:00:00+05:30,426.8883415998261,429.55610700196326,425.6246888106438,427.2627868652344,5871301,0.0,0.0,422.89609985351564,415.3889306640625,422.5801707044633,418.5463584562668,57.01989544166226,3.2992751562243825,-0.2671603685948618,3.5664355248192443
2023-12-27 00:00:00+05:30,427.7776655261465,429.1817497674796,424.7354830032581,427.8712768554688,7543383,0.0,0.0,423.9187438964844,415.5087463378906,423.0840855759876,418.9120415307453,57.60512324898615,3.318747608792762,-0.19815033282118621,3.5168979416139483
2023-12-28 00:00:00+05:30,427.9648635937567,434.98528439702585,426.9351961627108,434.4236450195313,20696101,0.0,0.0,425.1777404785156,415.80360412597656,424.16404361822987,419.5203397067761,63.386465478066924,3.818879354134367,0.24158513001633475,3.5772942241180323
2023-12-29 00:00:00+05:30,434.42359515360897,437.9805965258372,431.8494411545548,432.5514831542969,12888266,0.0,0.0,426.40865325927734,416.04978637695314,424.96284738356957,420.0313649400122,60.833821839553245,4.01785422685748,0.3524480021915579,3.6654062246659223
2024-01-01 00:00:00+05:30,433.86198901719246,439.89956210312073,433.0663356434103,438.12103271484375,9346277,0.0,0.0,427.26280364990237,416.3231140136719,426.21600789130997,420.74076367628015,65.30956138918722,4.572253260437947,0.7254776286176194,3.8467756318203272
2024-01-02 00:00:00+05:30,439.94633097742087,441.2100123221844,433.9555781411737,440.2739562988281,10519771,0.0,0.0,428.0256881713867,416.6731982421875,427.5548601205974,421.5067712301056,66.88489650373134,5.126249219254078,1.0235788699470003,4.102670349307077
2024-01-03 00:00:00+05:30,440.1803651053347,449.96216242303007,439.3379203590358,446.7327575683594,24036012,0.0,0.0,429.21916046142576,417.1758605957031,429.38132654419377,422.4960255963116,71.121737898722,6.017104852713544,1.5315476027251727,4.485557249988371
2024-01-04 00:00:00+05:30,449.30694156402586,450.6642343764669,443.8778274465936,445.9371337890625,11786959,0.0,0.0,429.83461608886716,417.8891363525391,430.95807009132415,423.4152847411254,69.9347410200548,6.5830291090388755,1.677977487240403,4.9050516217984725
2024-01-05 00:00:00+05:30,448.7452874197036,448.7452874197036,441.8184780115688,443.643798828125,9209405,0.0,0.0,430.5764419555664,418.6014752197266,432.16623473292424,424.2085598033607,66.49006490324885,6.768452684956458,1.4907208505263876,5.27773183443007
2024-01-08 00:00:00+05:30,444.62666414221934,445.0946922097375,434.844866104624,435.734130859375,8003177,0.0,0.0,431.34167022705077,419.2155285644531,432.5060343640148,424.66054298202795,56.20702608832025,6.205623538268469,0.7423133630707186,5.46331017519775
2024-01-09 00:00:00+05:30,437.60622554668544,439.8995744118453,434.0024038583621,434.8448486328125,5696780,0.0,0.0,431.9079849243164,419.7809063720703,432.7287785800908,425.05992751735283,55.17387404238658,5.62300128232539,0.12775288570211174,5.495248396623278
2024-01-10 00:00:00+05:30,434.844844279992,436.9041791001813,430.6325918837396,433.6747741699219,5896123,0.0,0.0,432.38537139892577,420.33411560058596,432.81887339816996,425.39776464098304,53.77332256465541,5.0091117937938066,-0.3889092822635778,5.398021076057384
2024-01-11 00:00:00+05:30,434.4236073613731,436.7169274852779,431.6154392834925,433.0663146972656,6534775,0.0,0.0,432.7129898071289,420.93693481445314,432.842439236179,425.6984920941706,53.019611352061254,4.4225222731221265,-0.7803990423482059,5.202921315470332
2024-01-12 00:00:00+05:30,433.62798640029,437.7934474532671,430.9134294355719,436.8573913574219,9354326,0.0,0.0,433.02188873291016,421.65395385742187,433.22481562867836,426.1360959868471,57.05823673896525,4.214966544367655,-0.7903638168821416,5.005330361249797
2024-01-15 00:00:00+05:30,439.94635798228165,440.4143860226884,436.2957449803424,437.6998291015625,6902156,0.0,0.0,433.4618347167969,422.39343811035155,433.6510073880006,426.589575716836,57.92382850338029,4.071520861322028,-0.7470475999422153,4.818568461264244
2024-01-16 00:00:00+05:30,437.88699110889127,444.6266058236302,434.5640036918323,442.0992431640625,12066347,0.0,0.0,434.42830963134764,423.16381103515624,434.45560127143506,427.19779796966844,62.20807067367787,4.2636859538211525,-0.4439060059544726,4.707591959775625
2024-01-17 00:00:00+05:30,441.2568210904879,446.49874074114285,435.4532906566116,436.7637634277344,11108698,0.0,0.0,434.9197372436523,423.78815979003906,434.6754262387017,427.57293386998475,54.90637264844113,3.940031321356173,-0.6140485107355618,4.554079832091735
2024-01-18 00:00:00+05:30,435.5001168256159,437.9338684899434,425.48430475426153,435.734130859375,9143784,0.0,0.0,435.59837799072267,424.35260192871095,434.77625525019437,427.8929808107452,53.59891798613161,3.5594191813921725,-0.79572852055965,4.3551477019518225
2024-01-19 00:00:00+05:30,438.58905653951416,442.75451744298033,436.5765417189153,441.3504333496094,12203322,0.0,0.0,436.5367736816406,425.0789813232422,435.4023674501387,428.42072404756345,59.293024918839656,3.6686797355542353,-0.5491743731180696,4.217854108672305
2024-01-23 00:00:00+05:30,443.456563644866,443.456563644866,427.2159850994676,429.9305419921875,8404513,0.0,0.0,436.7286636352539,425.4973974609375,434.88124121604807,428.4799325944115,46.73466763736236,2.8014859334019206,-1.133094540216308,3.9345804736182286
2024-01-24 00:00:00+05:30,430.6794007002797,437.5125985400723,428.8072885725376,433.9555969238281,21626183,0.0,0.0,437.0633041381836,426.0440545654297,434.79308461678903,428.6946645288984,50.698234779105064,2.411221827306349,-1.2186869170495038,3.629908744355853
2024-01-25 00:00:00+05:30,433.908783841471,435.219285204542,423.1909588803869,426.5139465332031,19677700,0.0,0.0,436.9954376220703,426.40162841796877,434.00459527549515,428.60914617612605,44.156166466931566,1.4843451110014598,-1.7164509066835145,3.2007960176849743
2024-01-29 00:00:00+05:30,426.7479728601427,428.0116543160256,418.8851072857768,421.03802490234375,17869152,0.0,0.0,436.32615661621094,426.65997985839846,432.7696838113855,428.31223945950717,40.05975845176737,0.30441837854590403,-2.3171021113112564,2.6215204898571605
2024-01-30 00:00:00+05:30,418.4170812891328,424.6886686543846,409.4309369173411,410.0393676757813,43514448,0.0,0.0,435.20055084228517,426.58696716308594,430.6048917984708,427.59565625230226,33.36454819352432,-1.5008805595829244,-3.297920839552068,1.7970402799691434
2024-01-31 00:00:00+05:30,411.8646762565564,414.2048164625595,410.6478147759006,413.3155517578125,19882944,0.0,0.0,433.9602767944336,426.64125854492187,428.95828798507483,427.0356521544792,36.75528029489464,-2.6368364896405865,-3.547101415687784,0.9102649260471974
2024-02-01 00:00:00+05:30,413.7368093468542,419.1191320928823,411.209446370079,414.5792541503906,19165409,0.0,0.0,432.67554168701173,426.70959106445315,427.58885619129535,426.54716595824044,38.06443045174058,-3.395972865182216,-3.444990232983531,0.049017367801314715
2024-02-02 00:00:00+05:30,416.5449823617277,418.6043172964994,411.3966735909647,411.9583129882813,17156021,0.0,0.0,430.9368194580078,426.77137145996096,426.10023302910355,425.9750540770656,36.38232660018784,-4.161115213764219,-3.3681060652524275,-0.793009148511792
2024-02-05 00:00:00+05:30,413.7368007378002,415.2812876065069,408.6352835103815,410.0393676757813,12041897,0.0,0.0,429.1419311523438,426.80506896972656,424.5706268049776,425.35012519858384,35.15731778534294,-4.866243856940798,-3.258587766743205,-1.6076560901975934
2024-02-06 00:00:00+05:30,411.8646629572552,412.7071076909805,402.0360744094117,403.8145751953125,18764371,0.0,0.0,427.1504699707031,426.6496826171875,422.59385998500954,424.50559382590654,31.45719829993133,-5.859803944971873,-3.4017182838194233,-2.4580856611524493
2024-02-07 00:00:00+05:30,407.18438618038505,407.18438618038505,403.2529393011433,404.1889953613281,12880824,0.0,0.0,425.5732131958008,426.48961669921874,420.84101573513516,423.70886447435447,31.921318199145198,-6.541587545485356,-3.2668015074663255,-3.274786038019031
2024-02-08 00:00:00+05:30,407.4658262744025,407.56081245062967,388.0898347382165,393.74114990234375,48183882,6.25,0.0,423.51802825927734,426.16833251953125,418.26007613201216,422.53365998133444,26.52419077456929,-7.834646841242716,-3.6478886425789483,-4.186758198663767
2024-02-09 00:00:00+05:30,389.5145286167988,402.90676745894746,388.089822973713,394.6434631347656,32283965,0.0,0.0,421.5664627075195,425.9128338623047,416.01087489417915,421.4399267716651,27.661727062958178,-8.686464358224157,-3.5997649276483115,-5.0866994305758455
2024-02-12 00:00:00+05:30,396.5905877053818,397.0180110340339,385.66784338267513,386.4277038574219,10906914,0.0,0.0,419.23453216552736,425.456513671875,413.1934300335356,420.066898422087,24.015909131325117,-9.91023991236267,-3.8588323854294586,-6.051407526933211
2024-02-13 00:00:00+05:30,386.47516741215287,390.1793965020005,383.05586787317344,386.3327026367188,15606705,0.0,0.0,416.7082977294922,425.0245031738281,410.63526551955306,418.7439887834451,23.97655696306529,-10.763679661417768,-3.769817707587645,-6.993861953830123
2024-02-14 00:00:00+05:30,385.62035449480817,391.5566284248391,384.10066257157774,390.8917541503906,12150077,0.0,0.0,414.3678939819336,424.42157775878906,408.75493110344235,417.6517442880312,29.911875991508843,-10.945981000339884,-3.161695237207809,-7.784285763132075
2024-02-15 00:00:00+05:30,392.2689836301412,393.7411679792622,382.9134100636115,383.6257629394531,20383983,0.0,0.0,411.4442199707031,423.5937677001953,406.36167699258624,416.31739207828304,26.377338749493013,-11.543692390962349,-3.0075253022642183,-8.53616708869813
2024-02-16 00:00:00+05:30,384.67056516275954,388.99216115240137,379.3516577238601,384.2906494140625,37518847,0.0,0.0,408.82056427001953,422.822314453125,404.2596743660602,415.0614413855685,27.22478029093317,-11.827393364091279,-2.632981020314517,-9.194412343776762
2024-02-19 00:00:00+05:30,384.6705481098713,392.03152773419606,384.2906323780164,388.7072143554688,16949793,0.0,0.0,406.4692184448242,421.9238983154297,402.7784876983848,414.02794228634895,32.761329456092184,-11.56256252589958,-1.8945201456982534,-9.668042380201326
2024-02-20 00:00:00+05:30,389.847015235579,389.847015235579,384.00569816859627,385.7153625488281,14084218,0.0,0.0,403.68746490478514,421.06205993652344,401.1534281603318,412.9176450417403,31.038672076283415,-11.4619731241321,-1.4351445951446191,-10.026828528987481
2024-02-21 00:00:00+05:30,386.5701718540244,389.5145696235196,381.1562782460585,383.1033935546875,19414653,0.0,0.0,401.34610748291016,420.31553649902344,399.43437724550853,411.7484587089147,29.576505427757404,-11.460905186392381,-1.1472613259239193,-10.313643860468462
2024-02-22 00:00:00+05:30,386.4751733946781,394.311055007685,383.19836756612096,393.6462097167969,18604659,0.0,0.0,399.3306381225586,419.71808959960936,398.88312319515506,411.03856659157674,41.5461249940003,-10.488437505016122,-0.13983491563812755,-10.348602589377995
2024-02-23 00:00:00+05:30,395.02341542073424,395.02341542073424,389.89448042783954,390.7492980957031,11147636,0.0,0.0,397.5424057006836,419.05053466796875,398.10847318568347,410.24290900350326,39.556619072308436,-9.838098938042094,0.40840292106872056,-10.246501859110815
2024-02-26 00:00:00+05:30,390.464350438138,392.3164504683843,386.85507858396267,388.6597290039063,7982145,0.0,0.0,395.9234909057617,418.2934503173829,397.208592787419,409.3965097878328,38.137959039139695,-9.383148604424605,0.690682603748968,-10.073831208173573
2024-02-27 00:00:00+05:30,389.41957220760446,392.03153275289935,388.04234505307295,390.5118408203125,7783743,0.0,0.0,394.9471145629883,417.4900988769532,396.5708068857898,408.6559345342046,40.185628543161386,-8.772028755359429,1.0414419622513158,-9.813470717610745
2024-02-28 00:00:00+05:30,390.5118171674145,391.6515932942478,386.3801649397827,387.8048706054688,8617768,0.0,0.0,393.6715805053711,416.66817810058603,395.7359558114735,407.8382457526856,38.19564090795284,-8.409205657072448,1.1234120484306374,-9.532617705503085
2024-02-29 00:00:00+05:30,388.46975529904,390.4168415002639,384.1956381869479,385.9052734375,14895144,0.0,0.0,392.2378814697266,415.9308886718751,394.7997003472855,406.9781291913058,36.817796662021806,-8.18064595919759,1.0815773970443967,-9.262223356241988
2024-03-01 00:00:00+05:30,388.374783530961,392.41144984214816,387.0450639550066,388.9446716308594,12395632,0.0,0.0,391.08719940185546,415.17107788085946,394.24207856476875,406.2709347771707,40.51525027970761,-7.6658891211166065,1.2770673881003045,-8.942956509216911
2024-03-04 00:00:00+05:30,391.5566038590898,392.22147809182496,387.9473611303552,388.5647277832031,6840352,0.0,0.0,390.0134674072266,414.49914611816416,393.7013784903339,405.5765737185837,40.1985598342497,-7.205537955240914,1.3899348431807983,-8.595472798421712
2024-03-05 00:00:00+05:30,389.0871307673498,390.7492874596185,383.67326636110215,385.7628173828125,9733507,0.0,0.0,389.1108795166016,413.7627520751954,392.9453250515224,404.7995636662005,37.84898041249042,-6.9862637922043405,1.2873672049738971,-8.273630997178238
2024-03-06 00:00:00+05:30,386.0952310420445,389.3720656304126,380.5863807912024,387.3774719238281,11106855,0.0,0.0,388.2703033447266,412.9884466552735,392.4150533250753,404.11634438218596,40.0245027721336,-6.606047902881471,1.3340664754374139,-7.940114378318885
2024-03-07 00:00:00+05:30,387.377487030178,394.12109983174486,383.38829946144494,392.7913513183594,23020545,0.0,0.0,388.22281341552736,412.299017944336,392.45089122919757,403.672227007134,46.75445817286192,-5.800998944983519,1.7112923466682934,-7.512291291651812
2024-03-11 00:00:00+05:30,395.8782127418219,397.3029184436073,387.51995088563217,388.84967041015625,17620081,0.0,0.0,387.93312377929686,411.5185858154298,392.1079178178603,403.0909502778407,42.9735419862459,-5.418590415718029,1.674960700747027,-7.093551116465056
2024-03-12 00:00:00+05:30,386.0952490594972,386.0952490594972,379.3041576099597,384.1481628417969,34882639,0.0,0.0,387.81914672851565,410.51307617187507,391.34984591537807,402.3480958685841,38.92968936512443,-5.432281312308305,1.3290158433254016,-6.761297155633707
2024-03-13 00:00:00+05:30,413.164655061439,416.0140664756558,400.0098665686623,401.24462890625,101612428,0.0,0.0,388.5647430419922,409.88693908691414,392.29220620022306,402.30482265437496,55.37456306184292,-4.017280803785184,2.195213081478819,-6.212493885264003
2024-03-14 00:00:00+05:30,400.769740777955,404.1415328063788,397.0180040260078,398.5851745605469,30764728,0.0,0.0,388.9494140625,409.0962219238282,392.8915365202539,402.1589541016758,52.98444329876146,-3.075031398146166,2.5099699896942695,-5.585001387840435
2024-03-15 00:00:00+05:30,396.2581532522053,407.0384030929205,394.4060242652244,398.0627746582031,73253754,0.0,0.0,389.6712646484375,408.2519982910157,393.3840353905348,401.9983196136965,52.505035014837375,-2.343431640659844,2.5932557977444732,-4.936687438404317
2024-03-18 00:00:00+05:30,397.9677897554223,399.5824677997885,395.973195990532,396.49560546875,15933704,0.0,0.0,390.28151245117186,407.2472552490235,393.6803753979838,401.78252690213,51.013812603044194,-1.8685515193872675,2.45450873521364,-4.323060254600907
2024-03-19 00:00:00+05:30,397.0179799993055,398.49016426387016,388.18481644049535,388.99212646484375,20994563,0.0,0.0,390.29575805664064,406.1083551025391,393.23387549958954,401.280942571256,44.49741307953529,-2.0737685355749136,1.7994333752207954,-3.873201910795709
2024-03-20 00:00:00+05:30,389.4195721255078,395.7357618274741,388.9921488057191,394.8334655761719,19609321,0.0,0.0,390.7516632080078,405.13214843750006,393.386217411645,401.0281003361547,49.86629835645068,-1.7449426386862683,1.702607417687553,-3.4475500563738213
2024-03-21 00:00:00+05:30,397.96776945300905,400.8171806901428,395.3083305593016,400.1048278808594,19227982,0.0,0.0,391.6017349243164,404.41956237792976,394.02608507537974,400.991893573202,54.1742934383962,-1.0469225910213709,1.9205019722819605,-2.9674245633033314
2024-03-22 00:00:00+05:30,400.10484338380553,408.0831893597766,400.10484338380553,407.0859069824219,38861818,0.0,0.0,392.27371978759766,403.86438354492196,395.2698776379552,401.2308744912106,59.17730467306416,0.06878515346767244,2.428967773416803,-2.3601826199491307
2024-03-26 00:00:00+05:30,404.188969583153,407.65577641946527,404.188969583153,406.1835632324219,10274145,0.0,0.0,393.0454330444336,403.31455932617195,396.30927626599964,401.42509757910125,58.29145236021429,0.8701494387115645,2.5842656469285563,-1.7141162082169916
2024-03-27 00:00:00+05:30,405.5662179394303,407.37083934155015,405.043837449718,406.5160217285156,12227545,0.0,0.0,393.93824768066406,402.78355346679695,397.28134726242973,401.624741663392,58.53772117225076,1.5146036226940396,2.582975864728825,-1.0683722420347854
2024-03-28 00:00:00+05:30,406.5160125911814,411.5024823717975,405.566208823445,406.8484497070313,27933211,0.0,0.0,394.755078125,402.18337463378913,398.19249987620134,401.82959295922103,58.799678031124685,2.028775900479957,2.477718514011794,-0.448942613531837
2024-04-01 00:00:00+05:30,407.5608037699225,409.69786225381614,404.3789553412054,405.2812805175781,9382308,0.0,0.0,395.62889862060547,401.53500366210943,398.86762184204673,401.9649532556272,56.97223901295781,2.2834811297805686,2.1859389946499244,0.09754213513064414
2024-04-02 00:00:00+05:30,407.1808845080833,407.1808845080833,403.2866832853602,404.4739379882813,8853678,0.0,0.0,396.55733184814454,400.78249755859383,399.40155671311675,402.0633448137705,56.0065585128477,2.3926105392342265,1.836054723282866,0.5565558159513606
2024-04-03 00:00:00+05:30,404.6164293659479,407.2758684811104,399.8674102419344,403.8565979003906,12664520,0.0,0.0,397.3029281616211,400.1243542480469,399.82584634999995,402.1336684642262,55.235583238357165,2.4015980690971332,1.4760338025166182,0.9255642665805152
2024-04-04 00:00:00+05:30,404.1889799591143,405.8986441248236,398.8225944925349,401.529541015625,18358410,0.0,0.0,397.9511688232422,399.440262451172,399.9881029848214,402.10997719173207,52.312289255315854,2.1956367746882393,1.0160580064861793,1.17957876820206
2024-04-05 00:00:00+05:30,401.2921252155074,410.0303321991008,398.8701370007997,406.088623046875,16147032,0.0,0.0,398.9674591064453,398.73502624511724,400.5691048954932,402.26600251938476,57.102361105260115,2.3729370419640645,0.9546866190096035,1.418250422954461
2024-04-08 00:00:00+05:30,406.8009610921631,409.7453587065551,406.2785805898391,407.5608215332031,8516632,0.0,0.0,399.97662658691405,398.2876318359376,401.23498267051315,402.473642480711,58.55023671302754,2.602245825297871,0.9471963218747279,1.655049503423143
2024-04-09 00:00:00+05:30,408.84305388362327,409.8403362709946,404.188992113993,404.9488525390625,6708894,0.0,0.0,400.5845016479492,397.70749694824224,401.58868456275593,402.57070954182285,55.00315036161138,2.5438862819351016,0.7110694228095669,1.8328168591255347
2024-04-10 00:00:00+05:30,406.80098847010896,415.8241252915233,404.37900018075175,415.0168151855469,14008124,0.0,0.0,401.8928588867187,397.4775543212891,402.86755414587884,403.0587921160866,64.04505623196886,3.2723151552942227,1.15159863693495,2.1207165183592727
2024-04-12 00:00:00+05:30,413.16465293936216,413.8770057892576,406.8009558860114,408.5106201171875,18088372,0.0,0.0,403.1109817504883,397.227006225586,403.40498900028916,403.27258929260034,56.18749599612801,3.286717484748692,0.9328007731115355,2.3539167116371567
2024-04-15 00:00:00+05:30,406.51601707121387,407.608285619006,401.6720120052324,404.52142333984375,8746243,0.0,0.0,403.27482147216796,397.11664733886727,403.51131608024673,403.32156317680597,51.97679263342968,2.94231936764146,0.47072212480344255,2.4715972428380173
2024-04-16 00:00:00+05:30,402.004449124746,405.5662132930101,401.95697053012015,404.52142333984375,9973638,0.0,0.0,403.57163391113284,396.9407647705079,403.60751677163694,403.36861651653294,51.97679263342968,2.638961077968929,0.13389106810472962,2.5050700098641996
2024-04-18 00:00:00+05:30,404.6164085842081,405.47122618548326,396.685541257305,397.8253173828125,21312388,0.0,0.0,403.5597610473633,396.60568603515634,403.0568311155584,403.1512322367792,45.359378844398,1.8370512752092054,-0.5344149877239954,2.371466262933201
2024-04-19 00:00:00+05:30,397.0179629446549,404.8538437922468,395.1183554664509,403.42913818359375,16582634,0.0,0.0,403.9064376831055,396.4351025390626,403.09228893156177,403.1621305092033,50.98365160709759,1.6348677468960204,-0.5892788128297441,2.2241465597257646
2024-04-22 00:00:00+05:30,405.56621611440113,406.1361041824301,402.0994380969824,403.9515380859375,7112139,0.0,0.0,404.65440826416017,396.3133459472657,403.1741221843594,403.1930876690752,51.48498935918025,1.499503803853088,-0.5797142046981416,2.0792180085512295
2024-04-23 00:00:00+05:30,403.9515343215153,408.8905255507918,403.7615909577498,407.6557922363281,12021404,0.0,0.0,405.29552459716797,396.390170288086,403.60094790359454,403.36809569132043,54.99968243836775,1.6718571276671241,-0.3258887047072845,1.9977458323744086
2024-04-24 00:00:00+05:30,407.7032561985941,409.1754404042119,406.8009310495317,407.3708190917969,5845170,0.0,0.0,405.65882415771483,396.45380676269536,403.9599832548519,403.5250652364372,54.67154148445992,1.7651063797791267,-0.1861115620762257,1.9512179418553524
2024-04-25 00:00:00+05:30,409.3654361339016,416.2989922513976,407.4658285416329,415.5866394042969,29211997,0.0,0.0,406.08386077880857,396.89071655273443,405.06728384051337,403.99806814498066,61.75584287296117,2.4734428115788205,0.4177798957787746,2.055662915800046
2024-04-26 00:00:00+05:30,417.2013433976607,421.0480374169451,414.4943966131911,417.9136962890625,14773975,0.0,0.0,406.6703674316406,397.3561212158204,406.2907516927561,404.54377905259173,63.49607198284177,3.185854037425031,0.9041528972999879,2.281701140125043
2024-04-29 00:00:00+05:30,419.8133141879992,420.2407375274988,412.78477128606687,416.2040710449219,11627882,0.0,0.0,407.15476989746094,397.9516485595704,407.2348773453433,405.00104540523216,61.28955924425144,3.571324590479378,1.0316987602834677,2.5396258301959103
2024-04-30 00:00:00+05:30,417.8662174232164,418.3885979489581,413.2596629312896,413.7820434570313,12064043,0.0,0.0,407.50144958496094,398.50063537597663,407.8584169750279,405.3453982700086,58.20372086801848,3.639422400357148,0.8798372561289902,2.759585144228158
2024-05-02 00:00:00+05:30,414.1144861034489,420.383197424176,413.0222174533004,416.9638977050781,23228909,0.0,0.0,408.08558044433596,399.0220782470704,408.72560561598505,405.80102569883485,60.98296573509953,3.90512361705305,0.9164307782599139,2.988692838793136
2024-05-03 00:00:00+05:30,417.96117129553807,417.96117129553807,409.6978952177205,414.5419006347656,22904276,0.0,0.0,408.58897857666017,399.6404010009766,409.27953847491654,406.14380510808707,57.83068049195401,3.8755835092308644,0.7095125363501826,3.1660709728806817
2024-05-06 00:00:00+05:30,416.0140780272876,418.3411090077983,411.59749600975687,412.9272155761719,10355056,0.0,0.0,409.0425094604492,400.2131323242188,409.62693629408375,406.40982120487473,55.761261389643764,3.679466570972579,0.41071647847351755,3.2687500924990616
2024-05-07 00:00:00+05:30,414.9692894446726,423.612510134698,413.3546403176496,418.2461242675781,25968921,0.0,0.0,409.8783386230469,400.8039105224609,410.44781133917843,406.8739899524317,60.744483436976296,3.9081828645749965,0.5115462176607477,3.396636646914249
2024-05-08 00:00:00+05:30,419.10094583385927,422.37778068735537,416.20405570623336,418.8634948730469,10511646,0.0,0.0,410.51708221435547,401.4668731689453,411.24930500907067,407.3441666159853,61.28954291953231,4.092087782624844,0.5563609085684762,3.535726874056368
2024-05-09 00:00:00+05:30,417.9611459400933,419.3383730290372,402.0994400482021,403.7615966796875,23412609,0.0,0.0,410.3271209716797,401.8800372314453,410.5361899300818,407.20367367730694,44.87530040652592,2.984829525984196,-0.4407178784577379,3.425547404441934
2024-05-10 00:00:00+05:30,405.0913114657008,414.4468844795772,405.0913114657008,411.5974731445313,13985963,0.0,0.0,410.6595520019531,402.2390625,410.6372645219341,407.3759795387667,52.05086338352028,2.708388506997096,-0.5737271179558707,3.282115624952967
2024-05-13 00:00:00+05:30,411.5024794781039,413.5920593467143,407.94071537413873,410.1727600097656,7302959,0.0,0.0,410.41734924316404,402.6275317382813,410.5930259969657,407.4856572042961,50.75716907524104,2.347286506931937,-0.747863294416824,3.095149801348761
2024-05-14 00:00:00+05:30,408.8905382371679,411.5499772980842,407.0384092222966,408.1307067871094,11000103,0.0,0.0,410.39835357666016,403.01695129394534,410.3585194055508,407.5109532663672,48.88184790064103,1.8747232981569368,-0.9763412025534595,2.8510645007103963
2024-05-15 00:00:00+05:30,409.127982579727,411.5024920549431,405.3287674193813,406.3260498046875,7565080,0.0,0.0,410.4885848999023,403.33323547363284,409.97447468165905,407.4644864639484,47.22138462283713,1.3391558590869295,-1.2095269132987734,2.548682772385703
2024-05-16 00:00:00+05:30,408.4156196238808,410.88511521409765,401.67200708411184,409.7928466796875,23025186,0.0,0.0,410.75215606689454,403.7729949951172,409.9571767767094,407.5557947077029,50.686859352257564,1.1808443015923444,-1.094270776634687,2.2751150782270315
2024-05-17 00:00:00+05:30,410.6951545470999,415.5391596915032,407.3708412695679,414.3993835449219,11453714,0.0,0.0,411.580859375,404.34287719726564,410.38024408796775,407.824170740535,54.922288682506995,1.41082714121967,-0.6914303496058891,2.102257490825559
2024-05-21 00:00:00+05:30,414.1144465361916,415.1592364874389,411.4550075563904,412.97467041015625,10760726,0.0,0.0,412.0581359863281,404.82347717285154,410.6273323091286,408.02615111973586,53.39482290772988,1.461282994664657,-0.5127795969287217,1.9740625915933787
2024-05-22 00:00:00+05:30,415.3967069190502,419.7658102928722,413.5445778737816,417.8186950683594,10627595,0.0,0.0,412.7514938354492,405.4085565185547,411.31222400048387,408.41017245105445,57.70212211277396,1.8705790577654966,-0.08278682706230578,1.9533658848278024
2024-05-23 00:00:00+05:30,419.2434014484019,422.5677148271047,414.6368471121999,419.1959228515625,26234369,0.0,0.0,413.32850036621096,406.0772186279297,412.0630524624913,408.83314305499596,58.86612645490978,2.2797997958035694,0.2611471287806135,2.018652667022956
2024-05-24 00:00:00+05:30,418.86352101480105,420.2407482677525,413.44962717610616,414.3044738769531,12761457,0.0,0.0,413.67518310546876,406.6157586669922,412.27652116863055,409.0477050480139,53.26010827355937,2.184232651895286,0.13246398789786396,2.051768663997422
2024-05-27 00:00:00+05:30,416.7738880472277,416.8688742225928,409.0805005997523,409.84033203125,11827050,0.0,0.0,413.3878677368164,406.95673828125,412.0445031555467,409.0787884591212,48.701651191782695,1.7283526893253338,-0.2587327797376706,1.9870854690630044
2024-05-28 00:00:00+05:30,410.4102178181941,410.7901335318328,406.7534674797858,407.4658203125,9310198,0.0,0.0,412.86547393798827,407.32906127929687,411.6084381228756,409.01553480631253,46.425538351467736,1.162065713288257,-0.6600158046197981,1.8220815179080552
2024-05-29 00:00:00+05:30,404.1415202986679,410.6951607766391,404.1415202986679,409.3179626464844,10430363,0.0,0.0,412.5211685180664,407.83245727539065,411.39029760131456,409.02739472161335,48.4493449861489,0.8528999129696899,-0.7753452839506922,1.6282451969203822
2024-05-30 00:00:00+05:30,406.9909226316585,409.3179535035336,401.149635140155,402.5743408203125,20524428,0.0,0.0,411.96078338623045,407.8590515136719,410.55068266979055,408.7743337843075,42.19883825603628,0.06300359994321525,-1.2521932775817337,1.315196877524949
2024-05-31 00:00:00+05:30,405.3287833136801,407.98822243592303,402.95427374535154,405.0438537597656,28214102,0.0,0.0,411.36478118896486,407.98822509765625,410.02622277359774,408.6280404500117,44.997267707898665,-0.3595808393085349,-1.339822173466787,0.9802413341582522
2024-06-03 00:00:00+05:30,412.2148555185758,413.0696731545364,407.1333993135431,408.7480773925781,15519148,0.0,0.0,411.0750900268555,408.2019311523438,409.90449464207205,408.63274778109275,48.986876283586604,-0.39107410346309734,-1.0970523500970797,0.7059782466339823
2024-06-04 00:00:00+05:30,411.7930217355417,412.0830050213407,389.415073520066,401.3532104492188,46019632,7.5,0.0,410.4963897705078,408.2990832519531,409.0900866237051,408.3472757288624,42.378306611911896,-1.0011955440406268,-1.3657390325396874,0.3645434884990606
2024-06-05 00:00:00+05:30,407.9263997980152,421.4595031088498,404.1081195639572,415.9495849609375,27151351,0.0,0.0,410.3815628051758,408.838232421875,409.743372179632,408.6454055026693,55.219743462986976,-0.3034181299509555,-0.5343692947600129,0.23095116480905736
2024-06-06 00:00:00+05:30,421.4595432161925,423.10286057453504,416.7229625066181,420.8795471191406,31119999,0.0,0.0,410.4823654174805,409.35915405273437,410.803960269109,409.1251757621388,58.57748553727215,0.6400046672688404,0.3272428019678264,0.312761865301014
2024-06-07 00:00:00+05:30,417.01294603417085,426.9211119065049,416.7229627353992,424.5044860839844,28448041,0.0,0.0,411.51950988769534,409.8471472167969,412.1087722514781,409.7282859708386,60.89909598757,1.6610290022603067,1.078613709567434,0.5824152926928726
2024-06-10 00:00:00+05:30,425.3261507708081,426.29280111346907,421.3145577487308,422.32952880859375,11432393,0.0,0.0,412.0561126708984,410.15201965332034,413.0821776378701,410.2224523566329,58.770718734906914,2.2685468723533972,1.3489052637284196,0.9196416086249777
2024-06-11 00:00:00+05:30,422.4261714239319,423.19947984628806,417.8345826041065,418.5595703125,12670589,0.0,0.0,412.47545318603517,410.39953979492185,413.6038340830729,410.5493981588238,55.171384574378,2.4179325957024957,1.1986327896620144,1.2192998060404814
2024-06-12 00:00:00+05:30,416.1912660635089,419.91287553977,415.8529620655242,417.8829040527344,10352936,0.0,0.0,412.9630630493164,410.62687744140624,414.011364556374,410.83698662525165,54.525898858184306,2.453438830075129,0.987311219227718,1.4661276108474108
2024-06-13 00:00:00+05:30,422.3294824217243,422.3294824217243,415.4179391307986,415.9495849609375,9283802,0.0,0.0,413.4442398071289,410.80890014648435,414.1959569758563,411.0374806776315,52.631244077399415,2.2990728031857657,0.6663561538706839,1.6327166493150818
2024-06-14 00:00:00+05:30,416.6262486000242,417.4962279059528,414.7412688539925,416.771240234375,9217804,0.0,0.0,413.7931594848633,411.0386993408203,414.44122204809617,411.2623339935822,53.372789034254126,2.217475649479013,0.4678072001311451,1.749668449347868
2024-06-18 00:00:00+05:30,418.5595575004555,419.7195495983081,413.91964810869433,414.4512939453125,14098178,0.0,0.0,413.79575500488284,411.2382464599609,414.4421812764025,411.3873912465912,50.94761807942772,1.9432089373393637,0.15483239039319652,1.7883765469461672
2024-06-19 00:00:00+05:30,415.6596281141491,416.384615837604,408.9413967435365,409.5213928222656,10909803,0.0,0.0,413.62309112548826,411.35154235839843,413.9735347569609,411.31421483779417,46.14886457026033,1.312914313313513,-0.38036978690612355,1.6932841002196366
2024-06-20 00:00:00+05:30,409.9080321306765,412.2763370744103,407.443085760525,409.18304443359375,14585806,0.0,0.0,413.19130859375,411.50461242675783,413.51729758330686,411.2306395278256,45.82981128989829,0.7771409978058728,-0.7329144819310112,1.510055479736884
2024-06-21 00:00:00+05:30,410.8263506919148,411.1163339630618,404.5914448638373,405.6064453125,25205627,0.0,0.0,412.5118347167969,411.49496887207033,412.7638830813253,411.0100828919305,42.48602059050199,0.06320652160519558,-1.1574791665053508,1.2206856881105463
2024-06-24 00:00:00+05:30,405.9931103663595,409.8113907042588,405.9931103663595,409.18304443359375,9362433,0.0,0.0,412.2557632446289,411.5274133300781,412.4228508291603,410.9384343249369,46.67587952107486,-0.21155140332638211,-1.145789673149543,0.9342382698231607
2024-06-25 00:00:00+05:30,408.8930611546906,409.8597114174677,405.7514478006652,409.18304443359375,10260449,0.0,0.0,412.22289886474607,411.6120971679687,412.11429783910637,410.8695955056686,46.67587952107485,-0.4244067416252051,-1.0869160091586927,0.6625092675334876
2024-06-26 00:00:00+05:30,408.89307179372526,412.1796768727168,407.97474222026295,409.8114013671875,11084805,0.0,0.0,412.34017791748045,411.50798889160154,411.8949743655903,410.82809769631643,47.45581054005463,-0.5362118610698303,-0.9589769028826544,0.42276504181282404
2024-06-27 00:00:00+05:30,409.8114049811304,413.0013391594945,407.0564457362745,411.4063720703125,37012589,0.0,0.0,412.44459838867186,411.56590393066404,411.8484408136591,410.8507751227477,49.475861793305775,-0.49046365798000124,-0.7305829598342602,0.240119301854259
2024-06-28 00:00:00+05:30,411.3097018894396,413.72632763497097,409.3764012930145,410.7297058105469,17866326,0.0,0.0,412.8523666381836,411.6900695800781,411.74189462288655,410.8460273065829,48.62182720036437,-0.5030107941390725,-0.5945040767946652,0.09149328265559271
2024-07-01 00:00:00+05:30,412.0829838235487,415.9012640558328,410.4880168340489,414.74127197265625,12894747,0.0,0.0,413.3372375488281,411.8944665527344,412.0275496085789,410.9987819993701,53.72195669753853,-0.1870978788346065,-0.22287292919215937,0.03577505035755288
2024-07-02 00:00:00+05:30,415.6596186242288,416.28793540357947,408.45806226906495,411.3096923828125,10763335,0.0,0.0,413.46531829833987,412.1641540527344,411.959182253744,411.0109745634267,49.22087706439913,-0.211199831232193,-0.1975799052717967,-0.013619925960396299
2024-07-03 00:00:00+05:30,411.8896835052207,415.32128014344767,411.309687446694,414.0162963867188,7159756,0.0,0.0,414.09847259521484,412.3758972167969,412.1550978854559,411.1288303212029,52.59458986975428,-0.011764861075562294,0.0014840519078672051,-0.0132489129834295
2024-07-04 00:00:00+05:30,415.65960149682303,417.10957685088175,412.807971500578,414.74127197265625,9127340,0.0,0.0,414.0380569458008,412.59169189453127,412.401400179475,411.27049469969126,53.48602493819406,0.20245449118544911,0.1725627233351029,0.029891767850346224
2024-07-05 00:00:00+05:30,414.6929787331218,419.5262302335079,413.339674212979,419.1878967285156,12929586,0.0,0.0,413.9534744262695,412.822333984375,413.04773318414556,411.5809810537628,58.62515879708196,0.7226994970860119,0.5542461833885325,0.16845331369747937
2024-07-08 00:00:00+05:30,420.63788423881874,429.7243914201002,419.1879087471304,428.80609130859375,20521107,0.0,0.0,414.1685546875,413.25103942871095,414.5485291959978,412.2564755735601,67.09408279567252,1.8893263542840373,1.3766984324692464,0.512627921814791
2024-07-09 00:00:00+05:30,432.672669034657,439.8258751704308,429.19272214433255,437.50592041015625,26470260,0.0,0.0,414.9273742675781,413.6894250488281,416.73494740687005,413.2466498808776,72.56435477561806,3.4758229216802192,2.3705559998923427,1.1052669217878768
2024-07-10 00:00:00+05:30,438.5692502712894,440.1642173567281,431.609356353233,436.394287109375,11618210,0.0,0.0,415.81911010742186,414.05903686523436,418.60726547377527,414.15440036042656,70.94153237215622,4.590516744829358,2.788199858433185,1.8023168863961732
2024-07-11 00:00:00+05:30,434.9926073137192,444.175784579231,433.7359738036314,443.3541259765625,18831345,0.0,0.0,417.0926712036133,414.6020379638672,420.9641093311836,415.29948763949074,74.74909400394212,5.966739601433289,3.331538172029693,2.6352014294035966
2024-07-12 00:00:00+05:30,443.35412949291447,447.8007265251311,440.64752060364754,443.7407836914063,18962800,0.0,0.0,418.4822311401367,415.2012127685547,423.1333164131096,416.41483258270307,74.94550781228847,7.0078243398263,3.498098328338162,3.5097260114881377
2024-07-15 00:00:00+05:30,443.7408050728002,450.8940408387827,441.95252563113047,447.94573974609375,16251032,0.0,0.0,420.0409561157227,415.820849609375,425.4964043495843,417.6513387459733,77.03738357243225,8.07906586469818,3.6554718825680332,4.423593982130146
2024-07-16 00:00:00+05:30,447.9940753851788,451.1840094474375,446.01242464968186,450.0240173339844,12996711,0.0,0.0,421.81959228515626,416.5304919433594,427.83236749095573,418.9208555533463,78.01442911137688,8.992077056555445,3.6547864595402384,5.3372905970152065
2024-07-18 00:00:00+05:30,447.5590767746337,455.195608037778,447.2207432788347,454.5672912597656,21094737,0.0,0.0,424.07188720703124,417.36329345703126,430.37855070703284,420.31875499281375,80.01623013087942,9.967351812841514,3.704048972661046,6.263302840180468
2024-07-19 00:00:00+05:30,455.292280271181,463.41213669452367,453.7456339286812,458.723876953125,24977373,0.0,0.0,426.54892883300784,418.1728485107422,433.07810558761304,421.82483820694364,81.66136902407716,10.949447397289873,3.748915645687524,7.200531751602349
2024-07-22 00:00:00+05:30,458.7722138211261,463.4604734261429,450.3140241470634,450.99066162109375,18066586,0.0,0.0,428.8181396484375,418.8153918457031,434.7840633050874,422.9685959878907,70.0990412603557,10.977220807082574,3.0213512443841797,7.955869562698394
2024-07-23 00:00:00+05:30,450.9906751059707,480.8118420627293,450.8456834643306,475.7852783203125,54044423,0.0,0.0,432.14825134277345,420.2558654785156,438.68894092558503,425.0398384322994,79.91727307576845,12.85180220891391,3.916746116972412,8.935056091941497
2024-07-24 00:00:00+05:30,479.45852716314687,493.6199475191096,474.28694239156334,477.5735473632813,42073323,0.0,0.0,435.5677764892578,421.5753869628906,442.3922367767942,427.09998388057323,80.41672493611357,14.316685997720413,4.305303924623132,10.01138207309728
2024-07-25 00:00:00+05:30,473.6586417594568,479.4585434952869,468.48705681170986,473.6103210449219,17878994,0.0,0.0,438.75772247314455,422.84413818359377,445.3653876594731,428.92391867133205,75.91088553862183,14.985079049050398,3.9789575807624935,11.006121468287905
2024-07-26 00:00:00+05:30,477.57355884777536,489.5116957010836,471.145340388248,485.4517822265625,20736094,0.0,0.0,442.45999298095705,424.3905596923828,449.1831395230054,431.1406976342823,79.59050344633673,16.282596672997727,4.2211801637678565,12.06141650922987
2024-07-29 00:00:00+05:30,488.6417235317141,489.3183905373264,477.57356586741554,479.5068664550781,12496895,0.0,0.0,445.8988510131836,425.85417602539064,452.0711135165361,433.0374101370586,73.51886663298754,16.63937535759021,3.6623670786882716,12.97700827890194
2024-07-30 00:00:00+05:30,479.7485372882392,481.19851275395,472.35366831307954,473.5619812011719,13375906,0.0,0.0,448.8398864746094,427.12955871582034,454.1178628198348,434.626609002318,67.9375475348234,16.25504444512069,2.622428932974998,13.63261551214569
2024-07-31 00:00:00+05:30,476.0269507504202,481.343527386074,474.1419708705762,478.8302307128906,11538215,0.0,0.0,452.2159133911133,428.41817565917967,456.4714216667925,436.3600843635169,70.1035791466331,16.188947030928432,2.0450652150261917,14.14388181590224
2024-08-01 00:00:00+05:30,479.4102231624335,480.1835315945629,474.57697171206047,477.2352600097656,11665529,0.0,0.0,455.3768615722656,429.70338745117186,458.44893008040896,437.9630324280756,68.59274329353737,15.825437752540722,1.3452447493107833,14.480193003229939
2024-08-02 00:00:00+05:30,468.632051797928,482.7935022371217,468.632051797928,472.7886657714844,21320064,0.0,0.0,458.279231262207,430.8027868652344,459.8146191938447,439.32874353958186,64.42418843439577,15.005576096590175,0.42030647468818927,14.585269621901986
2024-08-05 00:00:00+05:30,464.0404720468516,475.49528418280136,463.5571468892151,469.79205322265625,24094139,0.0,0.0,460.80943908691404,431.81470947265626,460.7648510061125,440.52338313499655,61.702743208342184,13.95318461186099,-0.5056680080327958,14.458852619893786
2024-08-06 00:00:00+05:30,470.0337105347084,475.3019664938453,467.90706806500646,470.08203125,13722855,0.0,0.0,462.87323608398435,432.93026062011717,461.65220150553034,441.68254580617315,61.87059648880958,12.992782868321513,-1.1728558012578194,14.165638669579332
2024-08-07 00:00:00+05:30,473.6586280686768,479.0718754322838,471.8219984720489,476.2202453613281,10900585,0.0,0.0,464.80895233154297,434.25785888671874,463.03963425370154,443.03696539657136,65.33417714495873,12.581923563964097,-1.2669720844921883,13.848895648456285
2024-08-08 00:00:00+05:30,477.5252259318548,481.3918269515459,476.0752505494706,478.2502136230469,20558134,0.0,0.0,466.90174865722656,435.67354675292967,464.4882608603059,444.4178770917273,66.42053028882589,12.278576294374261,-1.256255483265619,13.53483177763988
2024-08-09 00:00:00+05:30,481.3918489695563,481.3918489695563,476.6552684037568,479.3618774414063,9201793,0.0,0.0,468.70213623046874,437.0744250488281,465.90479577279166,445.78823004661666,67.02986944292991,11.98966399408755,-1.236134226841866,13.225798220929416
2024-08-12 00:00:00+05:30,475.5919280328139,483.3251301146482,475.5919280328139,478.105224609375,9076097,0.0,0.0,470.4203582763672,438.58504272460937,467.0667413762758,447.0555631667249,65.58112872689128,11.526428045791079,-1.3594961401106715,12.88592418590175
2024-08-13 00:00:00+05:30,479.4102112541013,481.24684085965686,471.9669924054827,473.65863037109375,7757706,0.0,0.0,471.7060028076172,439.95733825683595,467.6945403281632,448.09882070415114,60.59083509448638,10.677424522609954,-1.7667997306334389,12.444224253243393
2024-08-14 00:00:00+05:30,475.54361575097056,482.3584884064827,473.5619649824716,475.7852783203125,9253598,0.0,0.0,472.9940658569336,441.29808227539064,468.46508680360597,449.18456414007903,62.077117504292445,10.060217900424448,-1.9072050822551567,11.967422982679604
2024-08-16 00:00:00+05:30,478.0085555164629,487.3850748765742,476.2202466282159,485.8867492675781,13137392,0.0,0.0,474.5600387573242,442.98875305175784,470.1242927525557,450.623865517628,68.21004369079886,10.267820446922315,-1.3596820286058318,11.627502475528146
2024-08-19 00:00:00+05:30,487.9167101248248,492.3149569302798,482.93846727363984,484.7267761230469,10198725,0.0,0.0,475.8601837158203,444.364296875,471.5150054545072,451.9612345609778,66.87263895087365,10.22092634564683,-1.125260903905053,11.346187249551884
2024-08-20 00:00:00+05:30,484.2917729550866,486.61172764412817,481.1018389451326,482.1651306152344,6633171,0.0,0.0,477.41890716552734,445.5900085449219,472.52930308886215,453.14570107290945,63.89326254749835,9.863360369999839,-1.1862615036416368,11.049621873641476
2024-08-21 00:00:00+05:30,483.3251383510858,492.0249908414054,482.40680878828863,488.5450439453125,8474830,0.0,0.0,478.05689544677733,446.8708197021484,474.0546117418574,454.53391059731746,67.74735937942226,9.979752075012016,-0.8558958389035674,10.835647913915583
2024-08-22 00:00:00+05:30,490.9133523068748,491.54166909109694,484.726796393304,487.723388671875,8364290,0.0,0.0,478.564387512207,448.17869689941404,475.3564000209067,455.83545875710405,66.7590249825413,9.891667638892443,-0.7551842200185117,10.646851858910955
2024-08-23 00:00:00+05:30,488.20671394743374,490.04337308619125,483.2768211007808,488.93170166015625,7891446,0.0,0.0,479.33045654296876,449.58613952636716,476.6492858913114,457.1333506356551,67.50967935014292,9.806319699244057,-0.6724257277335184,10.478745426977575
2024-08-26 00:00:00+05:30,489.1250357708009,491.05833630744434,485.2584346975139,488.8350524902344,7825037,0.0,0.0,479.49962005615237,451.0051824951172,477.80983509120887,458.37655462995235,67.3786128521118,9.619988819021671,-0.6870052863647231,10.306994105386394
2024-08-27 00:00:00+05:30,490.623322384433,490.67167259680775,483.3251247998846,483.9051208496094,7954114,0.0,0.0,479.7195327758789,452.36429321289063,478.3903384967708,459.3776748738605,60.8853104706447,8.97110268433579,-1.0687131368404845,10.039815821176274
2024-08-28 00:00:00+05:30,483.7118012549557,485.54843091373226,479.94187100803,480.7151794433594,7782216,0.0,0.0,480.07719268798826,453.64317199707034,478.6117519202555,460.2144397589389,57.05392720929711,8.10601306282308,-1.5470422066825549,9.653055269505636
2024-08-29 00:00:00+05:30,481.3918429795403,490.7683625644135,480.7635261928856,488.2550659179688,18670632,0.0,0.0,480.5484344482422,455.11924743652344,479.5301627771806,461.31407215733225,62.983285879853014,7.937332501916501,-1.3725782140713072,9.309910715987808
2024-08-30 00:00:00+05:30,485.2101238959394,492.1699882701376,483.5184858918195,485.1617736816406,14947670,0.0,0.0,480.94476013183595,456.6320550537109,480.06650667284345,462.2492761386777,59.36222941488871,7.467963080622553,-1.4735581082922042,8.941521188914757
2024-09-02 00:00:00+05:30,487.1917554611239,495.79496680623095,486.5150884452751,493.03997802734375,15885469,0.0,0.0,481.9573257446289,458.30919372558594,481.30207537327203,463.4567546441156,64.89750163199601,7.643579258689101,-1.0383535441805254,8.681932802869627
2024-09-03 00:00:00+05:30,493.039968399589,498.7432287079628,490.96167617696034,492.4116516113281,12018677,0.0,0.0,483.0883056640625,460.0452978515625,482.36013025308694,464.5922407996926,64.14704000382872,7.643941060071143,-0.8303933942387882,8.47433445430993
2024-09-04 00:00:00+05:30,483.32511354666445,493.0399365290229,483.27679283523935,489.4633483886719,8414967,0.0,0.0,484.05737152099607,461.6509039306641,483.0366272183807,465.5675783522016,60.60556231443286,7.321921803391376,-0.921930120734844,8.24385192412622
2024-09-05 00:00:00+05:30,491.39668260921513,494.8282793512693,490.1400195277478,494.1516418457031,10898888,0.0,0.0,484.95394134521484,463.35027587890625,484.0952000400305,466.68852201861347,64.00836515879602,7.360181729307044,-0.7069361558553418,8.067117885162386
2024-09-06 00:00:00+05:30,494.9249306526528,494.9249306526528,480.5701684632506,484.9684448242188,13716752,0.0,0.0,485.28985290527345,464.85341674804687,484.1783662099532,467.40538173648036,54.14309934421121,6.573718014514952,-1.194719896517947,7.768437911032899
2024-09-09 00:00:00+05:30,485.2584481959117,495.5532974397693,483.66348110877874,494.6832885742188,13736044,0.0,0.0,486.05592346191406,466.518955078125,485.1788350065499,468.47510357325444,60.99242224404359,6.657601864583739,-0.8886688371593277,7.546270701743067
2024-09-10 00:00:00+05:30,494.8282698496586,497.82489160198514,491.78332738351446,496.4715576171875,10911995,0.0,0.0,486.9742401123047,468.2337921142578,486.2543323980392,469.57300373184006,62.11418570631846,6.790106663768086,-0.6049312303799859,7.3950378941480714
2024-09-11 00:00:00+05:30,495.8916094010877,502.1748364207896,494.8766383747587,497.1965637207031,14922832,0.0,0.0,488.15113677978513,469.8828979492188,487.2964496668643,470.6562805941484,62.58397534922233,6.874376076927774,-0.4165294537762385,7.290905530704013
2024-09-12 00:00:00+05:30,497.9215502483309,503.1414855134613,491.5900025283514,502.1748352050781,18377550,0.0,0.0,489.4706146240234,471.70020080566405,488.7134387657418,471.89230234359667,65.72668673983411,7.259185723291637,-0.02537584592990072,7.2845615692215375
2024-09-13 00:00:00+05:30,502.1748240391461,502.6581491825909,494.92494688747416,496.7132263183594,8825193,0.0,0.0,490.0119384765625,473.35413940429686,489.47532329456254,472.8656719112345,59.79300883725333,7.04226509944192,-0.19383717582369453,7.236102275265615
2024-09-16 00:00:00+05:30,498.6949319889116,499.7582237587493,492.70168810522006,494.0549926757813,7531604,0.0,0.0,490.47834930419924,474.9404138183594,489.91148228325005,473.6966256667069,57.09147311963767,6.580006484203693,-0.5248766328495371,7.10488311705323
2024-09-17 00:00:00+05:30,494.0066150403204,496.42324074641687,489.3667054845452,490.8166809082031,10486015,0.0,0.0,490.91092681884766,476.3729895019531,489.9976916761027,474.36800038205973,53.89675104061933,5.884525359931558,-0.9762862056973383,6.860811565628897
2024-09-18 00:00:00+05:30,490.9133483311276,495.3116247847134,488.2550600734024,490.4300231933594,5429619,0.0,0.0,491.00517578125,477.60546813964845,490.03886610631764,474.99788362956167,53.51171321619781,5.241728133064953,-1.2952667460511549,6.536994879116108
2024-09-19 00:00:00+05:30,492.9916257243759,497.6315351077344,490.57500010808,491.2999877929688,13925311,0.0,0.0,491.1840057373047,478.6813494873047,490.15897293361775,475.63718183204827,54.30273886250808,4.74777616402929,-1.431374972069455,6.179151136098745
2024-09-20 00:00:00+05:30,494.9249497800765,500.0965052453006,491.0583486099196,497.2449340820313,23808194,0.0,0.0,491.5996673583985,479.8983624267578,490.8338263763238,476.48454466538095,59.38819957783101,4.780911776430457,-1.11859148773463,5.899503264165087
2024-09-23 00:00:00+05:30,498.2598939782906,502.126495062224,496.4715555771812,499.7098693847656,7804918,0.0,0.0,492.1434082031251,481.02547729492187,491.67916380569926,477.39534171319997,61.310728818678115,4.949022416832747,-0.7603846778658729,5.70940709469862
2024-09-24 00:00:00+05:30,499.758196834914,500.5315052621945,497.0032671253364,498.0665588378906,6755320,0.0,0.0,492.85148010253914,482.11199279785154,492.2874871420985,478.2059776788741,59.29542423601428,4.893243616635516,-0.6529307824504844,5.546174399086
2024-09-25 00:00:00+05:30,498.3082346221888,501.98149399891065,495.21494183139305,500.2898559570313,8476223,0.0,0.0,493.83021392822275,483.1588751220703,493.04961750542543,479.0720121211548,61.155768393338704,4.97113585257614,-0.4600308372078885,5.431166689784028
2024-09-26 00:00:00+05:30,500.3865439111696,506.2830870531211,499.75819762570615,505.3164367675781,15489991,0.0,0.0,494.6832824707032,484.2647235107422,494.21788600658283,480.10120524454396,65.04544654414244,5.376492217729094,-0.043739577643947314,5.4202317953730415
2024-09-27 00:00:00+05:30,502.8998223885168,510.8746874239907,502.8998223885168,505.2681274414063,17251962,0.0,0.0,495.6886001586915,485.278740234375,495.2702899527565,481.0881433699111,64.97810281622719,5.628954811499284,0.1669784129009937,5.46197639859829
2024-09-30 00:00:00+05:30,503.2381190656139,506.863057665298,496.90657144476273,500.869873046875,10531347,0.0,0.0,496.08009490966805,486.12166015625,495.8035835807678,481.86389747489005,58.989956807545795,5.411747606353742,-0.040183033795639034,5.4519306401493814
2024-10-01 00:00:00+05:30,500.8698736729504,502.4164905442214,496.8582513510915,498.9848937988281,5089315,0.0,0.0,496.40875701904304,487.0815447998047,496.10656550629733,482.5353090954367,56.583244855212456,5.029529968787529,-0.33792053708948266,5.367450505877011
2024-10-03 00:00:00+05:30,491.5899898707249,498.5015629975644,491.1550149430481,495.6499328613281,15870147,0.0,0.0,496.7180862426759,487.478837890625,496.06307668296694,483.0496080666481,52.502016615338874,4.4067183549531705,-0.7685857207390727,5.175304075692243
2024-10-04 00:00:00+05:30,492.9916196807263,500.09647530567753,484.8234133978513,486.7567138671875,18228912,0.0,0.0,496.34833984375007,487.6625012207031,495.17675641479747,483.19498476470847,43.49303557551785,3.1591109502231802,-1.6129545003752508,4.772065450598431
2024-10-07 00:00:00+05:30,490.0917047817371,497.7765865087185,489.8500422054148,493.18499755859375,16479772,0.0,0.0,496.7591674804688,488.0539947509766,494.987065095159,483.58674997231185,50.15147876189748,2.6584370563706443,-1.6909027153822294,4.349339771752874
2024-10-08 00:00:00+05:30,492.9916309922325,495.45657734726376,489.1250299648424,491.010009765625,9502367,0.0,0.0,496.57550354003916,488.1651593017578,494.60829792091766,483.8778581995006,48.08684293783927,2.0623723064046544,-1.8295739722785753,3.8919462786832297
2024-10-09 00:00:00+05:30,492.79828688702605,492.79828688702605,474.1902695278187,475.3019409179688,23952459,0.0,0.0,495.5170227050782,488.0810607910156,492.7695972539701,483.54154771787194,36.42413056351756,0.3188018699356121,-2.858515526998094,3.1773173969337063
2024-10-10 00:00:00+05:30,478.8302224150704,479.1202056993322,473.12699165925847,475.6402587890625,12799333,0.0,0.0,494.4392074584962,488.12262634277346,491.1382316858837,483.2316932500755,36.7797751177427,-1.023888093363837,-3.360964392238035,2.337076298874198
2024-10-11 00:00:00+05:30,476.55858012126765,477.4769096719384,471.1453327432518,471.9186706542969,14394986,0.0,0.0,492.92639923095714,487.98439514160157,489.307797301923,482.78804530514304,34.493891573276144,-2.3610637495100377,-3.7585120387073885,1.3974482891973508
2024-10-14 00:00:00+05:30,474.62528068863423,482.35848281798064,472.3536466631737,480.3768615722656,6712103,0.0,0.0,492.10958099365246,488.04722717285154,488.4572319943366,482.69348908032435,43.1428528961653,-2.707074304322134,-3.283618074815588,0.5765437704934538
2024-10-15 00:00:00+05:30,481.3918465696968,482.74515108177496,478.0085705395885,481.9234924316406,8037662,0.0,0.0,491.5030059814454,488.2299237060547,487.83497108360365,482.66329313331715,44.58368594659854,-2.8239373849305593,-2.7203849243392106,-0.10355246059134876
2024-10-16 00:00:00+05:30,479.4585315501135,482.2134907059612,475.9302639820182,476.7519226074219,6682083,0.0,0.0,490.79976806640633,488.36912109375,486.77944265730065,482.4314746813213,40.85548452544864,-3.2958620365137676,-2.553847660737935,-0.7420143757758326
2024-10-17 00:00:00+05:30,478.49187888472574,478.49187888472574,471.7253270621135,472.5953063964844,7385299,0.0,0.0,489.90803222656257,488.4193865966797,485.4285725372229,482.0457425917199,38.09791291512111,-3.9596258112875375,-2.5740891484093638,-1.3855366628781738
2024-10-18 00:00:00+05:30,472.4503408255961,475.1569499040525,462.4455041787358,470.4687194824219,21778099,0.0,0.0,488.86646881103513,488.3043560791016,484.00382462724184,481.5917416854729,36.73192148501965,-4.604186974852723,-2.5749202495796397,-2.0292667252730836
2024-10-21 00:00:00+05:30,470.4687174034476,471.33869678197664,461.43053111023625,467.5204162597656,7395274,0.0,0.0,487.3802429199219,488.08976013183593,482.43397621129174,481.0399250021119,34.865472848716344,-5.291907950110215,-2.6101129798697045,-2.68179497024051
2024-10-22 00:00:00+05:30,467.5203950730252,472.11198383477785,464.76543591600847,465.7320861816406,12299288,0.0,0.0,485.6813537597656,487.8171643066406,480.84332001799163,480.43961759738755,33.74539769491629,-5.913072846357693,-2.585022300893746,-3.328050545463947
2024-10-23 00:00:00+05:30,464.95879164496256,467.18207552233656,463.5088162032423,464.3304748535156,10162570,0.0,0.0,483.9945495605469,487.54166931152344,479.2706680975653,479.8078865093926,32.85453348821018,-6.444164505246931,-2.4928911678263868,-3.9512733374205444
2024-10-24 00:00:00+05:30,465.9254188451766,466.3120730438384,454.3256158863755,455.9689331054688,13092399,0.0,0.0,481.77850341796875,487.18787536621096,477.0514552411751,478.87302559159167,28.09026486240046,-7.453841761995875,-2.8020547396602646,-4.65178702233561
2024-10-25 00:00:00+05:30,459.9321966920179,477.0419186439185,458.3855798261637,466.2154235839844,30961625,0.0,0.0,479.8234527587891,486.99647827148436,476.0194522262046,478.37664904227375,39.64115198244774,-7.342571520285162,-2.152627598359641,-5.189943921925521
2024-10-28 00:00:00+05:30,465.8771102466821,469.6953611200096,460.1255293301254,468.0037231445313,8614446,0.0,0.0,477.9602325439453,486.6388177490234,475.2560494565214,477.9698676345192,41.41004128290798,-7.029061576561787,-1.4712941237090122,-5.557767452852775
2024-10-29 00:00:00+05:30,468.82540224474775,472.88534536308646,465.2487842833624,471.6770324707031,6866704,0.0,0.0,476.5005905151367,486.37782287597656,474.9151906959673,477.7230897849578,44.977060242024045,-6.4103033373509675,-0.6820287075985538,-5.728274629752414
2024-10-30 00:00:00+05:30,471.67700406607815,476.80023862132936,470.2753493953912,475.1569213867188,6393835,0.0,0.0,475.30919189453124,486.23765869140624,474.938212666515,477.6224557301249,48.19478065189028,-5.574871375012492,0.12272260379193689,-5.697593978804429
2024-10-31 00:00:00+05:30,475.5919500021165,476.55860030699887,468.5354145764058,472.4986572265625,7810874,0.0,0.0,474.151628112793,485.91673095703123,474.7058740531862,477.4215224554754,45.98262484317768,-5.068854626696975,0.5029914816859637,-5.571846108382939
2024-11-01 00:00:00+05:30,474.6252753771128,475.6885965579633,472.98195814308696,473.9486083984375,1461602,0.0,0.0,473.51122283935547,485.6412353515625,474.6337535146387,477.28532974735623,47.40081556380634,-4.498972412719581,0.8582989565306871,-5.3572713692502685
2024-11-04 00:00:00+05:30,476.993612457211,476.993612457211,463.55714940221503,468.4387512207031,8429731,0.0,0.0,472.27391052246094,485.23137634277344,474.0437532961687,476.9384050992522,42.80208719963837,-4.4407459240640605,0.7332203561489665,-5.173966280213027
2024-11-05 00:00:00+05:30,466.8437741647287,468.87371619478006,461.0438723649797,464.18548583984375,7327830,0.0,0.0,470.93268432617185,484.73838500976564,473.1048706812806,476.43829061849107,39.607626262023054,-4.683811914341959,0.39212349269685465,-5.075935407038814
2024-11-06 00:00:00+05:30,464.1854710970869,468.2453845280708,462.0588287047917,465.0554504394531,11313985,0.0,0.0,470.4203598022461,484.3613916015625,472.338259229678,475.99190472911704,40.58440648348646,-4.751472572119667,0.25957026793531757,-5.0110428400549845
2024-11-07 00:00:00+05:30,465.6837984065852,466.60212802382017,460.2222299194262,461.9621887207031,8924280,0.0,0.0,469.7364562988281,483.98633178710935,471.35006203834706,475.4417197876106,38.21752205995615,-4.997091143986893,0.011161356854473503,-5.008252500841366
2024-11-08 00:00:00+05:30,461.962186085067,464.66882470473314,458.7722518009831,462.107177734375,6090462,0.0,0.0,469.24588165283205,483.4633740234375,470.4697873427307,474.9187965698367,38.39886875784018,-5.121014364228245,-0.09020949070950213,-5.0308048735187425
2024-11-11 00:00:00+05:30,462.10717603491,465.44213145586406,458.28892495131566,461.04388427734375,5488948,0.0,0.0,468.27923278808595,482.98101623535155,469.5720822888843,474.37468236228796,37.52888191551341,-5.24456719871921,-0.17100986016037378,-5.073557338558836
2024-11-12 00:00:00+05:30,461.6721858153653,462.0105193178648,455.43727962587394,457.0805969238281,5041916,0.0,0.0,467.03708801269534,482.26182861328124,468.3824170160218,473.69648293332875,34.40032603579755,-5.597760379883255,-0.41936243305953447,-5.17839794682372
2024-11-13 00:00:00+05:30,454.3739792005506,458.8689268683886,452.6340203935229,456.4523010253906,11120381,0.0,0.0,466.02210693359376,481.5426416015625,467.2462154931045,473.0202405055665,33.91760435287726,-5.860807013663475,-0.5459272534718034,-5.314879760191672
2024-11-14 00:00:00+05:30,455.48561948908895,457.1772574633165,446.8340877638236,450.4107055664063,11639562,0.0,0.0,464.91287689208986,480.7615887451172,465.6428335953237,472.1335920765799,29.614250187636735,-6.482058492542251,-0.9337429858804631,-5.548315506661788
2024-11-18 00:00:00+05:30,450.45901578436815,452.1989744316741,446.5924147905109,450.99066162109375,8135260,0.0,0.0,463.93897399902346,479.898369140625,464.247388645397,471.3044575489138,30.525495912459323,-6.848660068582831,-1.0402756495368335,-5.808384419045997
2024-11-19 00:00:00+05:30,452.39232434109033,457.95056336878537,450.7006863761397,451.7640075683594,6857374,0.0,0.0,463.1511535644531,479.2342803955078,463.0584952094887,470.5381653928136,31.793555275994233,-6.9961447028089765,-0.9502082270103829,-6.045936475798594
2024-11-21 00:00:00+05:30,445.6257843264681,448.5740559152487,440.2125367947714,441.9041748046875,19559847,0.0,0.0,461.95975799560546,478.1786981201172,461.04379802807904,469.4152638011224,25.422483214434823,-7.818506563161634,-1.4180560698904312,-6.400450493271203
2024-11-22 00:00:00+05:30,440.9858763970382,460.6088655864136,440.30920939058007,458.820556640625,19464568,0.0,0.0,461.68426208496095,477.4256781005859,460.83206075308345,468.99978508894606,45.57382096709726,-7.024252414837065,-0.4990415372526886,-6.525210877584376
2024-11-25 00:00:00+05:30,463.0255072683426,466.1188001189178,456.64560920142304,460.89886474609375,13891991,0.0,0.0,461.9307586669922,476.69972412109377,460.8384230381321,468.682101938246,47.452427202434315,-6.15613410315126,0.29526141954649354,-6.451395522697753
2024-11-26 00:00:00+05:30,463.9921445066824,466.5537619045145,458.2889136304197,461.0921936035156,6539846,0.0,0.0,461.6745971679687,475.8780712890625,460.8625916634067,468.3844584741389,47.63349986971475,-5.390406809322201,0.848790970700442,-6.239197780022643
2024-11-27 00:00:00+05:30,461.5755301561269,464.0888269009215,457.22560369392255,461.04388427734375,7067013,0.0,0.0,461.32660522460935,475.1646844482422,460.8798576266388,468.0965928193626,47.589370352496935,-4.732902615853618,1.2050361313352198,-5.937938747188838
2024-11-28 00:00:00+05:30,461.0921968884408,467.6654071825174,454.8572906022829,459.0622253417969,14412539,0.0,0.0,460.69586486816405,474.4648291015625,460.7067497899872,467.7423038986738,45.71830309201308,-4.3219088452781875,1.2928239215285204,-5.614732766806708
2024-11-29 00:00:00+05:30,457.41892817914174,462.9288171220221,456.83893210625286,460.85052490234375,8346687,0.0,0.0,459.9805450439453,473.8655059814453,460.7204426578307,467.4720380556805,47.71606509844167,-3.8079962812193457,1.44538918846989,-5.253385469689236
2024-12-02 00:00:00+05:30,460.1255303324383,463.3154644360733,457.6122337205733,461.2855224609375,5478598,0.0,0.0,459.4198883056641,473.28261596679687,460.7742597819361,467.2294296009847,48.215320599215126,-3.327261603493696,1.5408990929564315,-4.868160696450127
2024-12-03 00:00:00+05:30,450.45904070117,457.6122470355152,447.3174272198851,456.7905883789063,22218251,0.0,0.0,458.5619873046875,472.5924279785156,460.39486250545707,466.82006327855026,43.58401904182807,-3.2712703542297277,1.2775122737763205,-4.548782628006048
2024-12-04 00:00:00+05:30,458.5788739108901,462.252162570484,450.84567189047095,451.5223388671875,13439484,0.0,0.0,457.7161666870117,471.67797607421875,459.54986025419333,466.2201525173204,38.87126894262691,-3.61038235241665,0.7507202204715187,-4.361102572888169
2024-12-05 00:00:00+05:30,451.9573172951048,456.983910447391,447.0757452816887,451.9089965820313,26415053,0.0,0.0,457.1023422241211,470.7219586181641,458.82215895208265,465.65893071593655,39.389283046727336,-3.804079942377143,0.44561810440882077,-4.249698046785964
2024-12-06 00:00:00+05:30,454.3256139804515,459.1105444808137,452.10233022260456,455.437255859375,7551407,0.0,0.0,456.6214324951172,469.86937255859374,458.49978722896765,465.2580807215616,44.048633700031054,-3.631029394525285,0.49493492180854304,-4.125964316333828
2024-12-09 00:00:00+05:30,455.7756088386308,456.2589339805593,447.5107607115826,449.4440612792969,11703384,0.0,0.0,455.9955261230469,468.8524566650391,457.6373371385228,464.6379230963748,38.61802398921815,-3.9321588247383943,0.15504439327634678,-4.087203218014741
2024-12-10 00:00:00+05:30,449.8306972396344,450.8940184086949,447.1724090668954,449.9273681640625,8823805,0.0,0.0,455.38653564453125,467.74467529296874,456.9030543790504,464.0610385892253,39.26827502631032,-4.084721118858681,0.0019856793248482774,-4.086706798183529
2024-12-11 00:00:00+05:30,451.61901913805474,452.58566941061065,449.20239345666494,449.7340393066406,6745816,0.0,0.0,454.82104339599607,466.6339935302734,456.22029103882085,463.49919548010433,39.08988810858736,-4.173122698389875,-0.06913272016507577,-4.103989978224799
2024-12-12 00:00:00+05:30,449.9756854876727,452.2956401573543,443.8374505805184,445.2391052246094,12884401,0.0,0.0,454.22896881103514,465.5213781738281,455.1744638184198,462.7831135093006,35.097698641109496,-4.553396481507832,-0.3595252026264255,-4.1938712788814065
2024-12-13 00:00:00+05:30,444.6591199509641,458.5788778059858,436.5875843736284,454.32562255859375,31753858,0.0,0.0,454.1226348876953,464.6281927490234,455.09362179367446,462.45144719750823,46.9029652813205,-4.074590837860683,0.09542435281657902,-4.170015190677262
2024-12-16 00:00:00+05:30,454.5672938880388,458.5788866475853,452.3923307593879,454.42230224609375,9007264,0.0,0.0,454.3232147216797,463.80364013671874,455.0296865986668,462.136578768041,47.01339964214861,-3.6453117877056798,0.419762722377266,-4.065074510082946
2024-12-17 00:00:00+05:30,454.3256294238466,459.9321892210618,447.60739821009577,453.890625,19844152,0.0,0.0,454.468212890625,463.146318359375,454.92120454165087,461.81320803203937,46.44134662830738,-3.3098530325693787,0.6041771820108539,-3.9140302145802326
2024-12-18 00:00:00+05:30,456.9355717316531,457.9988633759763,451.3289827442531,454.8089294433594,12365167,0.0,0.0,454.620458984375,462.3787969970703,454.9105116751469,461.53853044032644,47.62670004134003,-2.9360550433762,0.7823801369632264,-3.7184351803394264
2024-12-19 00:00:00+05:30,453.35896652976106,458.53055125901005,449.7823488105133,450.99066162109375,14599270,0.0,0.0,455.0747833251953,461.5784100341797,454.5371926223799,461.12488852584676,43.332373469265875,-2.9143252195066793,0.6432879686661979,-3.557613188172877
2024-12-20 00:00:00+05:30,450.94236167635785,451.8606912546216,443.9824677669532,449.154052734375,19481288,0.0,0.0,454.5914581298828,461.0554522705078,454.0245126330461,460.6554439850047,41.3987718048117,-3.010598855934063,0.4376114657910515,-3.4482103217251145
2024-12-23 00:00:00+05:30,455.4856273483291,461.7688542181605,452.00568041276495,458.4338989257813,18837469,0.0,0.0,454.4682098388672,460.71132507324216,454.44445418473515,460.5683245709175,52.84772892887828,-2.311445469137425,0.909411882070152,-3.220857351207577
2024-12-24 00:00:00+05:30,459.06220927622303,464.2337941426918,456.8872461594692,462.4938354492188,11564497,0.0,0.0,454.53829193115234,460.5228283691406,455.2110619242098,460.6438348014392,56.822229578430196,-1.413464882522419,1.4459139749481267,-2.8593788574705457
2024-12-26 00:00:00+05:30,464.52380184724575,465.7804649695564,460.12555466872544,461.04388427734375,8848065,0.0,0.0,454.53829193115234,460.1361688232422,455.76656881498445,460.6595230161806,55.03795748637272,-0.8094765975175164,1.6399218079624234,-2.44939840547994
2024-12-27 00:00:00+05:30,463.75049696274857,465.8287892774157,460.1255582162967,462.6388549804688,16279450,0.0,0.0,454.7171234130859,459.75047607421874,456.4210722593163,460.7371438775252,56.65049909710198,-0.19980746801917348,1.7996727499686132,-1.9994802179877866
2024-12-30 00:00:00+05:30,464.7171322324741,465.39379924314346,460.1255433024601,461.0921936035156,13074810,0.0,0.0,454.72920684814454,459.4372814941406,456.8659409587638,460.7510673961915,54.60533941361303,0.15675014431536738,1.7249842898425234,-1.568234145527156
2024-12-31 00:00:00+05:30,462.4938523505834,468.4870665692037,458.7238925439138,467.5204162597656,13276195,0.0,0.0,455.04095153808595,459.3357836914063,457.8806528921926,461.01653205750813,60.92010488846518,0.9471107630895403,2.0122759268933574,-1.0651651638038169
2025-01-01 00:00:00+05:30,469.7920461211115,470.6137047766384,466.0704365636025,467.8104248046875,18229128,0.0,0.0,455.591943359375,459.2826177978516,458.8263454552873,461.2829592240642,61.18245729878752,1.5786804678426734,2.1150765053171923,-0.5363960374745188
2025-01-02 00:00:00+05:30,469.16370716653336,473.6586249523407,466.215406188874,472.74029541015625,26124980,0.0,0.0,456.65284118652346,459.3870153808594,460.1514835462272,461.7322665254796,65.43089465368095,2.448775407696985,2.388137156137203,0.06063825155978192
2025-01-03 00:00:00+05:30,473.9003069912437,474.625294712291,463.8471498260199,465.5387878417969,37072992,0.0,0.0,457.3343307495117,459.3831494140625,460.6645601458053,461.8815418712175,55.8200041738764,2.5280882137228673,1.9739599697304682,0.554128243992399
2025-01-06 00:00:00+05:30,440.4058897359901,446.35078327762176,426.5344518056321,427.88775634765625,22009958,0.0,0.0,455.9568557739258,458.6542950439453,457.5429597840768,460.5484522428426,30.55239437034448,-0.44208333338173134,-0.7969692618993043,0.35488592851757295
2025-01-07 00:00:00+05:30,430.6427208727847,432.6726924603659,425.4711357210362,426.3894653320313,14294780,0.0,0.0,454.8041259765625,458.06270568847657,454.5759603124534,459.2088841286931,29.970988589821733,-2.883624617022008,-2.5908084364316646,-0.29281618059034326
2025-01-08 00:00:00+05:30,428.2260697173429,436.97424286310576,422.5228390228783,434.5576171875,13482926,0.0,0.0,454.0356384277344,457.4295495605469,452.6694514434102,458.2421677780581,37.00863473512519,-4.112060806708257,-3.055395700894331,-1.0566651058139263
2025-01-09 00:00:00+05:30,434.4126274415429,445.2874430291975,431.1743431221429,435.08929443359375,19732649,0.0,0.0,453.303401184082,456.7712609863281,450.9951507758086,457.3342119606282,37.44928160315982,-4.985236721369972,-3.1428572924448366,-1.8423794289251356
2025-01-10 00:00:00+05:30,434.94431534989513,436.9259366698168,427.7427587973317,430.0627136230469,9145729,0.0,0.0,452.5445816040039,455.938974609375,449.0015853326885,456.2647414375858,34.95937742410605,-6.013517896132896,-3.336910773766208,-2.676607122366688
2025-01-13 00:00:00+05:30,420.4928844446885,429.1927372263028,420.4928844446885,424.4078063964844,17799607,0.0,0.0,451.04869079589844,454.92399230957034,446.65932067209764,455.01544986734655,32.353256057334775,-7.201724887070327,-3.620094211762911,-3.581630675307416
2025-01-14 00:00:00+05:30,426.29277561702855,426.77610075945154,421.3145325500375,422.0395202636719,18048459,0.0,0.0,449.42955169677737,453.9148095703125,444.3145777760571,453.72227615739854,31.300856774678675,-8.239508461652235,-3.7263022290758556,-4.51320623257638
2025-01-15 00:00:00+05:30,422.0395386220168,427.066102621971,420.8312257133989,422.7645263671875,9786805,0.0,0.0,447.87324676513674,452.8911279296875,442.26219192759334,452.5082467538609,32.02976606762797,-8.900853983774766,-3.5101182009587086,-5.390735782816058
2025-01-16 00:00:00+05:30,423.4411141911693,424.7944480898239,416.72291290775513,418.41455078125,15774070,0.0,0.0,446.05352783203125,451.8906439208984,439.99098800889396,451.17123906866044,29.974783857267077,-9.664574550882548,-3.419071014453193,-6.245503536429355
2025-01-17 00:00:00+05:30,418.5595763145332,427.0660870817343,418.0762511686735,425.51947021484375,11270061,0.0,0.0,444.77996826171875,451.11732360839846,438.6127482189844,450.16528734890295,37.07592524309071,-9.58601931900364,-2.672412626059428,-6.913606692944212
2025-01-20 00:00:00+05:30,424.35947781685184,426.48612025732217,421.4595269433882,423.1028442382813,8742771,0.0,0.0,443.47740783691404,450.278271484375,437.1356145065365,449.104015070055,35.74803894601508,-9.608010091940969,-2.155522719197405,-7.452487372743564
2025-01-21 00:00:00+05:30,423.3928291396393,432.0926817931936,420.7345408288311,422.9578247070313,15686500,0.0,0.0,441.70360412597654,449.49818420410156,435.7853488113455,448.07867427150507,35.66548861660123,-9.527314847111995,-1.6598619794947451,-7.86745286761725
2025-01-22 00:00:00+05:30,425.2294579278358,427.2111087280882,421.9911735467997,422.4261779785156,9619648,0.0,0.0,439.7002212524414,448.7045642089844,434.51304682726646,447.07269402472116,35.34326704428036,-9.397929253613484,-1.2243811087969867,-8.173548144816497
2025-01-23 00:00:00+05:30,420.49287689797217,427.1144372962157,419.6228975353898,425.51947021484375,8888248,0.0,0.0,437.9240005493164,447.9940759277344,433.6565157213214,446.22746956158875,38.807349251499865,-8.942701510468908,-0.6153226925219286,-8.327378817946979
2025-01-24 00:00:00+05:30,424.7461297875709,430.1593772893799,424.4077962874904,426.8727722167969,9665384,0.0,0.0,436.1356964111328,447.3899194335938,433.0104449113667,445.4684618225773,40.313975543933914,-8.376174754168801,-0.039036748977457236,-8.337138005191344
2025-01-27 00:00:00+05:30,426.09942801772166,430.15937095929,421.9911643624925,425.42279052734375,10480203,0.0,0.0,434.3522262573242,446.76932922363284,432.2878111605074,444.6823570659015,39.20032627939539,-7.952527831962186,0.3076881385833268,-8.260215970545513
2025-01-28 00:00:00+05:30,425.3261340491503,427.06609279760266,420.0095573735359,420.9278869628906,20813072,0.0,0.0,432.0225997924805,446.1796728515625,431.20591361787723,443.7508092187246,35.890432599029765,-7.888551435580496,0.29733162797201373,-8.18588306355251
2025-01-29 00:00:00+05:30,421.4111847122362,422.9094807870951,415.7562748977468,418.89788818359375,15158510,0.0,0.0,429.5769729614258,445.5378173828125,430.033720719374,442.77618486440576,34.4746883935831,-7.91046668080287,0.22033310619971225,-8.130799787002582
2025-01-30 00:00:00+05:30,418.5596001567717,423.3928518906835,417.0613039191899,421.6528930664063,22496695,0.0,0.0,427.0226028442383,444.93559509277344,429.2355466571866,441.94782048017055,38.046458643121504,-7.6177165069971124,0.4104666240043766,-8.028183131001489
2025-01-31 00:00:00+05:30,421.9428657403872,433.2526863127406,420.5895611889515,432.5760192871094,13546181,0.0,0.0,425.3744644165039,444.74903198242185,429.55368690765545,441.5802988647564,49.743497763864916,-6.430181754848206,1.2784011009226264,-7.708582855770833
2025-02-01 00:00:00+05:30,433.0593048497319,455.775585349662,424.8910985721678,447.1240539550781,30393007,0.0,0.0,426.336279296875,444.5151019287109,431.2270551978862,441.7977010251612,60.452924761900874,-4.265971627886813,2.7540889823072163,-7.0200606101940295
2025-02-03 00:00:00+05:30,446.59243971426656,449.6857324819149,437.21591998094135,439.1975708007813,16991730,0.0,0.0,426.9766845703125,444.08107604980466,431.9861519219715,441.69573513400906,53.73421636577421,-3.154062388269665,3.092798577539492,-6.246860965809157
2025-02-04 00:00:00+05:30,442.7258148273928,444.9974488165376,433.78430000828064,439.9708557128906,18923681,0.0,0.0,427.24734649658205,443.65864929199216,432.746599902059,441.62809280376916,54.26820304179689,-2.1852781489908466,3.249266253454649,-5.434544402445495
2025-02-05 00:00:00+05:30,439.9708671159242,440.6475341088921,431.6093481304944,433.2043151855469,12836283,0.0,0.0,427.15309753417966,443.10185791015624,432.7901918338198,441.2977485834467,48.94480506192651,-1.9411367141417486,2.7947261506429975,-4.735862864784746
2025-02-06 00:00:00+05:30,434.9926473462472,434.9926473462472,423.5861852824319,426.3894653320313,17469129,0.0,0.0,426.9694351196289,442.44840270996093,432.18059883364947,440.7131100245677,44.23812680707623,-2.271371342228349,1.9715932180451174,-4.2429645602734665
2025-02-07 00:00:00+05:30,425.3261060116264,430.64268233677166,414.1129573168095,416.4812622070313,18875982,0.0,0.0,426.57310791015624,441.5610174560547,430.68542391682865,439.76284148270355,38.44896307224139,-3.2946155725841777,0.7586791901514314,-4.053294762735609
2025-02-10 00:00:00+05:30,412.7596610777305,418.8495459166524,412.2763359476629,412.9530029296875,12227140,0.0,0.0,426.11878204345703,440.5943670654297,428.99662191805334,438.71147526493826,36.61162778383955,-4.3402137515674895,-0.22953519106550413,-4.110678560501985
2025-02-11 00:00:00+05:30,414.4996202235818,416.1912581807673,403.5764840713996,404.3497924804688,14288751,0.0,0.0,425.1980453491211,439.5455511474609,426.64930482875957,437.3639582929983,32.52967274756236,-5.796249468924373,-1.3484567267379095,-4.447792742186463
2025-02-12 00:00:00+05:30,405.6753937562897,406.3136281355489,400.2258148708563,402.4841918945313,13884574,6.5,0.0,424.40152740478516,438.5647882080078,424.34786550169025,435.99612431658784,31.70418880444131,-7.019786907111495,-2.057595331940025,-4.96219157517147
2025-02-13 00:00:00+05:30,402.5333188714483,406.4609520646208,401.60049400188456,402.287841796875,12989029,0.0,0.0,423.23994598388674,437.5723651123047,422.2469108631364,434.67423088444224,31.6132612790206,-7.914064544169548,-2.3614983751984617,-5.552566168971087
2025-02-14 00:00:00+05:30,404.30071268308313,408.6702162817502,401.01131412778494,402.8278503417969,14124236,0.0,0.0,422.2261962890625,436.52017700195313,420.3974765277707,433.42535321610325,32.18927299980182,-8.48144304205124,-2.3431014984641223,-6.138341543587117
2025-02-17 00:00:00+05:30,402.3860051226291,403.95706437920165,399.3911968253056,401.2077331542969,11975265,0.0,0.0,421.1386917114258,435.5554504394531,418.56988192077324,432.16191713524813,31.336486705374767,-8.958555851165897,-2.256171446063023,-6.702384405102874
2025-02-18 00:00:00+05:30,400.6185827614127,403.4170273840887,396.69094959708514,397.9183349609375,12998403,0.0,0.0,419.9132995605469,434.5152697753906,416.6030679245984,430.819031559785,29.620641120106896,-9.492672513604475,-2.2322304868012806,-7.260442026803195
2025-02-19 00:00:00+05:30,397.4764566403701,401.40408972956527,397.1818961448654,399.0475158691406,7079032,0.0,0.0,418.5897018432617,433.5015393066406,414.9311105859834,429.57308976799504,31.01701476301377,-9.712884270546112,-1.9619537949943338,-7.750930475551779
2025-02-20 00:00:00+05:30,392.71423117033765,396.5927509227199,389.03207509597695,394.7762145996094,15355585,0.0,0.0,416.98487396240233,432.4922814941406,413.0115966825192,428.2085064280584,28.697575991443387,-10.11545729511488,-1.8916214556504798,-8.2238358394644
2025-02-21 00:00:00+05:30,394.7761916445472,395.9544935060131,391.9777771631228,393.6470031738281,8240986,0.0,0.0,415.3960845947266,431.2787091064453,411.16734968169146,426.8531533592651,28.0993315839955,-10.405667188271138,-1.7454650790453918,-8.660202109225747
2025-02-24 00:00:00+05:30,392.7633170048975,396.10179920634647,391.5359316392572,394.6289367675781,7037625,0.0,0.0,414.0811370849609,430.082841796875,409.59226273749016,425.58945859096366,29.476101234959614,-10.436125624852025,-1.4207388125010212,-9.015386812351004
2025-02-25 00:00:00+05:30,394.7271291352976,399.636670542453,393.25426671315097,397.5255737304688,15760891,0.0,0.0,413.0125213623047,428.9555407714844,408.44305426063096,424.48891408663053,33.5201380317934,-10.109988110890185,-0.8756810388313454,-9.23430707205884
2025-02-27 00:00:00+05:30,397.525552328783,399.1456949128277,392.2723373128528,394.3343505859375,19051003,0.0,0.0,411.64659423828124,427.7460491943359,407.0993681963744,423.3063821846426,31.384895275219353,-9.99382423414886,-0.6076137296720159,-9.386210504476844
2025-02-28 00:00:00+05:30,391.7813927759098,395.218071659909,385.1044286446103,387.853759765625,31954776,0.0,0.0,409.41048126220704,426.4833111572266,405.26645310773165,421.91608326624976,27.547273331609052,-10.305893122833425,-0.735746094685263,-9.570147028148162
2025-03-03 00:00:00+05:30,388.7865980194929,391.78140630708367,384.12253365869424,390.2594604492188,10702826,0.0,0.0,406.56725158691404,425.30541931152345,403.8372157116828,420.6746470773466,30.923884744784054,-10.241037717580753,-0.5367125515460724,-9.70432516603468
2025-03-04 00:00:00+05:30,388.2465194896839,390.0139723345884,385.7426654162302,387.70648193359375,13404774,0.0,0.0,403.99269714355466,423.8908709716797,402.3009553518648,419.381777856023,29.360109709093717,-10.27717450140608,-0.4582794682971194,-9.81889503310896
2025-03-05 00:00:00+05:30,387.3628037989018,405.2826293231856,387.3628037989018,397.721923828125,15665018,0.0,0.0,401.88025054931643,422.59543273925783,401.8648571115086,418.5323718157133,41.79514637510565,-9.389415368925938,0.34358373134641873,-9.732999100272357
2025-03-06 00:00:00+05:30,401.747764542559,402.2878320728437,393.3033473882626,398.3601989746094,17869996,0.0,0.0,400.1380447387695,421.3417590332031,401.53108014608966,417.74130621410137,42.48995193695737,-8.535959166620216,0.9576319469217118,-9.493591113541928
2025-03-07 00:00:00+05:30,396.2490690334906,398.5074760261375,394.432562712498,396.5927429199219,11180761,0.0,0.0,398.64820861816406,420.02083679199217,401.06076231502607,416.9119507908002,41.029375254938,-7.911014657305941,1.2660611649887894,-9.17707582229473
2025-03-10 00:00:00+05:30,393.7943018882363,399.489387865199,393.1560675022779,397.6728515625,9785018,0.0,0.0,397.7077880859375,418.75244995117185,400.7381041481188,416.157476311259,42.33392902802786,-7.245069242255113,1.5456052640316944,-8.790674506286807
2025-03-11 00:00:00+05:30,394.2361545839249,401.01131538193874,393.9415941009309,398.8511352539063,11099475,0.0,0.0,397.00269470214846,417.3790643310547,400.55839282486045,415.4787962697942,43.79466231740793,-6.546758104171488,1.7951331216922561,-8.341891225863744
2025-03-12 00:00:00+05:30,399.0475152195476,405.8226762942879,396.6909413629592,404.93896484375,13844306,0.0,0.0,397.03215332031255,416.12163513183594,400.9755901599928,415.0654695472042,50.737882590891665,-5.439402480509557,2.3219909962833505,-7.761393476792907
2025-03-13 00:00:00+05:30,405.5281006874954,406.90276622215737,400.8149531499511,404.5952758789063,8196569,0.0,0.0,397.1377075195313,414.75873474121096,401.32032213322265,414.6548737170749,50.359654389745025,-4.537245456539665,2.579318416202595,-7.11656387274226
2025-03-17 00:00:00+05:30,405.5281132753817,408.719315135297,399.636663687846,400.5694885253906,5257805,0.0,0.0,397.05178985595705,413.4593487548828,401.24881417057196,414.1025056703422,46.031100282267005,-4.099866204347563,2.413358134715758,-6.5132243390633215
2025-03-18 00:00:00+05:30,400.5694885253906,400.5694885253906,400.5694885253906,400.5694885253906,0,0.0,0.0,396.93887176513675,412.9129833984375,401.1841164900785,413.57179911563827,46.031100282267,-3.710468030073457,2.2422050471918915,-5.952673077265349
2025-03-19 00:00:00+05:30,402.5823921632704,403.3188233684472,395.3162769319527,395.7581176757813,12830387,0.0,0.0,396.66639099121096,412.3003564453125,400.66735469824073,412.8732233728988,41.13088125377742,-3.7469125136728394,1.7646084508740074,-5.511520964546847
2025-03-20 00:00:00+05:30,397.6728373693795,399.2929799729773,394.6289158309908,396.641845703125,16994037,0.0,0.0,396.6025665283204,411.542041015625,400.28397288918205,412.2366987583979,42.34492998627091,-3.6622692036144144,1.4794014087459457,-5.14167061236036
2025-03-21 00:00:00+05:30,398.605677909032,400.1276237555367,394.4325677226245,398.212890625,25302035,0.0,0.0,396.5608352661133,410.8045129394531,400.08672695926,411.68674549826466,44.534826629729245,-3.4288924375374563,1.3702225398583234,-4.79911497739578
2025-03-24 00:00:00+05:30,399.6366587789359,405.3808280493176,398.2619932184889,403.4660949707031,14362572,0.0,0.0,396.995329284668,410.27258056640625,400.40857153177836,411.3643670462034,51.20830685713422,-2.7879126594719423,1.6089618543390696,-4.396874513811012
2025-03-25 00:00:00+05:30,404.5461964506968,407.7373982430871,401.3059112323006,402.385986328125,20338110,0.0,0.0,397.4322784423829,409.83214416503904,400.59689675047804,411.0122736847102,49.879440202962186,-2.340111954019676,1.645410047833069,-3.985522001852745
2025-03-26 00:00:00+05:30,402.8769581468943,403.76069957751406,398.9002415709567,399.9803466796875,13891436,0.0,0.0,397.69984893798835,409.3909606933594,400.53817769611703,410.57964909627793,46.95672434774938,-2.154505880916588,1.464812896748926,-3.619318777665514
2025-03-27 00:00:00+05:30,400.6185794021223,403.2697437519979,398.3110889443362,402.0423583984375,18642328,0.0,0.0,397.92568817138675,408.97651733398436,400.68143300109995,410.24485338263713,49.67856848035086,-1.8200442804835575,1.4394195977455655,-3.259463878229123
2025-03-28 00:00:00+05:30,403.4661025811144,408.0810834412316,400.7658548357284,402.3369140625,12981873,0.0,0.0,398.3258163452149,408.6549645996094,400.83909786409043,409.9347381151808,50.07269168124801,-1.5137631527491067,1.3965605803840129,-2.9103237331331195
2025-04-01 00:00:00+05:30,402.3860043812632,406.9027884985389,398.2620075515041,399.2929992675781,15206240,0.0,0.0,398.89777832031257,408.13043518066405,400.6918503787083,409.51741502311796,46.05815570393355,-1.4993678579338052,1.1287647001594512,-2.6281325580932564
2025-04-02 00:00:00+05:30,399.685750106513,402.5823914949175,398.7038418345742,401.6495666503906,8001323,0.0,0.0,399.46728363037107,407.70136962890626,400.7830614522018,409.2088719496777,49.437956389022894,-1.283014398604223,1.0760945275912266,-2.3591089261954497
2025-04-03 00:00:00+05:30,399.6857347541408,402.7787696643111,399.3420908445319,401.99322509765625,7059566,0.0,0.0,400.1816207885742,407.2820776367187,400.89831513272134,408.9259054064612,49.930641199201816,-1.0714711067709572,1.030110255539594,-2.1015813623105513
2025-04-04 00:00:00+05:30,400.12763155444486,405.3317335492131,397.1819066595655,402.287841796875,18627592,0.0,0.0,400.40991668701173,406.87931091308593,401.0306510054979,408.6655891864774,50.37705958039134,-0.8700193766873099,0.9852495884985932,-1.8552689651859031
2025-04-07 00:00:00+05:30,383.09149195819776,400.71675676567065,383.09149195819776,398.7038269042969,26762866,0.0,0.0,400.4270980834961,406.342998046875,400.8090487101454,408.2749318420782,45.10813437648956,-0.9881763958110241,0.6936740554999035,-1.6818504513109276
2025-04-08 00:00:00+05:30,404.4480082967242,408.2774445365288,399.8821408582856,405.0862426757813,18600796,0.0,0.0,400.8517730712891,405.9072674560547,401.21640051639645,408.14988520810584,54.27890465478675,-0.5603497094127761,0.8972005935185214,-1.4575503029312975
2025-04-09 00:00:00+05:30,405.5281167846098,411.4686498505965,403.8097773067089,408.7684020996094,21785572,0.0,0.0,401.4065505981445,405.5741796875,401.9356387624167,408.17414077247855,58.57848421756011,0.07496140587028322,1.2260093670412646,-1.1510479611709814
2025-04-11 00:00:00+05:30,412.4014551140745,414.8071422550909,409.4557304346882,413.9234008789063,8939356,0.0,0.0,402.16016387939453,405.4340899658203,403.07733039255857,408.3996019531228,63.72203408002396,0.9830829924790692,1.7073047629200406,-0.7242217704409714
2025-04-15 00:00:00+05:30,421.4350305010776,421.4350305010776,411.4195544215754,412.7942199707031,11685880,0.0,0.0,402.5529266357422,405.3120166015625,404.0027484476199,408.5719399145965,61.90857639001488,1.593293929566812,1.8540125600062267,-0.2607186304394146
2025-04-16 00:00:00+05:30,410.4376454249374,418.3419947920321,410.4376454249374,416.7709655761719,13034594,0.0,0.0,403.16171112060545,405.2143780517578,405.2187691265296,408.8934703326975,65.61947638104799,2.3704554934813586,2.1049392991366185,0.26551619434474005
2025-04-17 00:00:00+05:30,417.3110006565654,420.1094451246488,413.9234052532864,419.5202941894531,22410217,0.0,0.0,404.10925140380857,404.95326354980466,406.58081913252227,409.31020852315856,67.94455369932598,3.171648682297416,2.324905990362141,0.8467426919352754
2025-04-21 00:00:00+05:30,420.3058257121206,421.336847381582,413.8743384881108,415.1999206542969,27388236,0.0,0.0,404.8407730102539,404.31478088378907,407.40168594411983,409.54117762634047,60.9670594097591,3.4185748168012537,2.0574656998927825,1.3611091169084713
2025-04-22 00:00:00+05:30,418.24383985184426,426.9337040743589,415.88723603001415,425.7554321289063,32031936,0.0,0.0,406.3406387329102,404.0459381103516,409.1496617712424,410.1770307440882,69.27027300274399,4.415112449309504,2.4432026659208264,1.9719097833886778
2025-04-23 00:00:00+05:30,428.3083909152653,429.53577622856506,421.0913592799704,423.05517578125,19566317,0.0,0.0,407.6613052368164,403.70762451171873,410.4739964388622,410.68205603966317,65.43550750510175,4.930155815144701,2.3665968254048186,2.5635589897398825
2025-04-24 00:00:00+05:30,424.0370755980093,428.16107218939527,421.53319162940176,422.2696228027344,26064089,0.0,0.0,408.8641418457031,403.4889306640625,411.5973894258976,411.1364704225287,64.31994794187025,5.214830512995661,2.1210172186046226,3.0938132943910386
2025-04-25 00:00:00+05:30,422.2696267928269,424.8717076022252,415.6417461702055,420.0603332519531,22944377,0.0,0.0,409.6938537597656,403.36234802246094,412.4033840759981,411.48642582760414,61.161876625608706,5.202198354691177,1.68670804824011,3.515490306451067
2025-04-28 00:00:00+05:30,418.9311396302756,422.7114923024959,417.0655199895125,421.042236328125,6287095,0.0,0.0,410.6266662597656,403.4535675048828,413.22613190953393,411.86116349429125,62.05363479486365,5.211345503353186,1.3566841575216952,3.854661345831491
2025-04-29 00:00:00+05:30,421.14043560056143,421.82778335059663,417.3109994807713,418.29290771484375,11189930,0.0,0.0,411.54229431152345,403.56036560058595,413.7086819862301,412.11338875784236,58.03549305252051,4.939803858614539,0.8681140102264377,4.071689848388101
2025-04-30 00:00:00+05:30,419.6675863161336,421.5332060258665,414.3652876801437,418.0965270996094,10026546,0.0,0.0,412.34500274658205,403.8353002929687,414.1265719970281,412.34802163399013,57.74785223691998,4.655097804585694,0.46672636495807396,4.18837143962762
2025-05-02 00:00:00+05:30,416.42728530446215,423.69340019536935,416.42728530446215,421.7295837402344,9263372,0.0,0.0,413.31463623046875,404.2202081298828,414.850668353524,412.7159260303134,61.54508265453789,4.668804442366877,0.38434640219140537,4.284458040175472
2025-05-05 00:00:00+05:30,422.4660329307672,430.5667761537279,421.5823214813549,429.0448303222656,11525305,0.0,0.0,414.80222778320314,404.75534790039063,416.2024933029279,413.3562752182332,67.81682891679384,5.20988994640453,0.7403455249832467,4.469544421421284
2025-05-06 00:00:00+05:30,429.5848686129065,431.69596540271175,425.166281392888,427.6701354980469,15026568,0.0,0.0,416.10325622558594,405.25219360351565,417.294649702463,413.9176030723435,65.6499579014103,5.464783105226843,0.7961909470444475,4.6685921581823955
2025-05-07 00:00:00+05:30,425.5590249840726,427.1300841602832,421.9259824773884,423.3497314453125,9710361,0.0,0.0,417.17108154296875,405.6950335693359,417.87132415416295,414.28749045951884,59.24321959501301,5.257561375251498,0.4711753736552815,4.786386001596217
2025-05-08 00:00:00+05:30,421.2386332122387,423.6934038020536,415.88722134025767,422.8096923828125,19937960,0.0,0.0,418.1971740722656,406.19286071777344,418.34164493784385,414.62169445651074,58.47504735554444,4.992212899484514,0.1646615183106377,4.827551381173876
2025-05-09 00:00:00+05:30,418.24384137926455,421.38592987740896,415.3471999842063,415.8872375488281,8226512,0.0,0.0,419.0563446044922,406.5296551513672,418.1078918531757,414.67132359738594,49.5973893136499,4.17520886020975,-0.5218740167713012,4.697082876981051
2025-05-12 00:00:00+05:30,421.7296134519522,428.3084110263286,420.404031258254,427.6210632324219,8031891,0.0,0.0,420.1830856323242,407.1865521240234,419.0139081750087,415.17915652425006,60.53463836721311,4.4235569311478,-0.2188207566666005,4.642377687814401
2025-05-13 00:00:00+05:30,427.0318966442069,430.026734819032,417.654684739414,420.1585388183594,14976369,0.0,0.0,420.7525924682617,407.71678283691404,419.1229206172325,415.37442641813675,52.70192295395012,3.97241963254271,-0.5359664442173528,4.508386076760063
2025-05-14 00:00:00+05:30,419.3730364482981,424.0371008235316,418.1947345146855,421.33685302734375,9557309,0.0,0.0,421.1232650756836,408.25094116210937,419.33377132295743,415.60824706947824,53.720186115372655,3.6676913197363774,-0.6725558056189485,4.340247125355326
2025-05-15 00:00:00+05:30,421.3368389928473,427.5228490246034,418.2929174036252,424.8226013183594,24263510,0.0,0.0,421.7246841430664,408.7968817138672,419.85651703680526,415.96959429492455,56.69060857968485,3.665212404772717,-0.5400277764660872,4.205240181238804
2025-05-16 00:00:00+05:30,427.0318992549082,428.3083979810754,424.2825680939457,427.81744384765625,16402035,0.0,0.0,422.2770080566406,409.46654357910154,420.6147005426006,416.4342158460121,59.11843050714835,3.860406249747655,-0.27586714519291977,4.1362733949405746
2025-05-19 00:00:00+05:30,427.1300810084491,430.5667598211608,424.822590669679,427.4737548828125,7543854,0.0,0.0,422.67468109130857,410.2589434814453,421.26794381309696,416.86713894549445,58.71167308668943,3.9419258832334094,-0.15547800936573264,4.097403892599142
2025-05-20 00:00:00+05:30,429.09390418210114,432.8251435366304,425.068074374028,427.0318908691406,9868414,0.0,0.0,423.26627960205076,410.99439208984376,421.8168911517678,417.2657566679904,58.157650879353326,3.9256238983127787,-0.13742399542909123,4.06304789374187
2025-05-21 00:00:00+05:30,428.70116612622536,430.2722253859533,424.184381991556,425.1662902832031,5776672,0.0,0.0,423.2368225097656,411.74358825683595,422.1358815452378,417.5755815156458,55.76500100738633,3.7192923944588756,-0.27500439942639554,3.994296793885271
2025-05-22 00:00:00+05:30,425.1662742449478,425.1662742449478,415.248994880322,418.39111328125,19451749,0.0,0.0,423.0036193847656,412.15697204589844,421.7792369486675,417.6075631535127,48.035962799954206,2.974781599039204,-0.8156121558768539,3.790393754916058
2025-05-23 00:00:00+05:30,426.1481781991593,431.0577194226519,421.2386369756667,428.4065551757813,18536884,0.0,0.0,423.31046600341796,412.75789916992187,422.4104101131545,418.0310530367389,57.429101047416836,3.156527405051463,-0.5070930798916762,3.6636204849431393
2025-05-26 00:00:00+05:30,430.32130894917486,435.5254109103499,428.8484465112427,434.8871765136719,13107662,0.0,0.0,424.0518081665039,413.5237878417969,423.5986735798705,418.69207748681475,62.19152646131417,3.7799216628694694,0.09304094234106364,3.6868807205284058
2025-05-27 00:00:00+05:30,434.8871621282408,436.1636608448351,423.0551795877558,426.0499877929688,26986022,0.0,0.0,424.3021957397461,414.09133056640627,423.832132076356,418.98062298901687,53.41607435540289,3.5202990134927177,-0.13326536562855074,3.6535643791212684
2025-05-28 00:00:00+05:30,417.7000122070313,422.6000061035156,413.0,420.2000122070313,431851622,7.85,0.0,424.39755096435545,414.51830810546875,423.4862158983251,419.028442174037,48.53395314369848,2.8101088680829207,-0.6747644088306783,3.484873276913599
2025-05-29 00:00:00+05:30,422.0,422.7999877929688,416.6000061035156,418.75,21478547,0.0,0.0,424.430224609375,414.7945288085937,423.03514771753225,419.01752287309444,47.37806399067073,2.105997565356688,-1.103100569245529,3.209098134602217
2025-05-30 00:00:00+05:30,419.1000061035156,420.0499877929688,416.3999938964844,418.0499877929688,30656239,0.0,0.0,424.2462448120117,415.063623046875,422.5603705818595,418.97958032093266,46.79860584063261,1.4745020089237073,-1.3876769005428082,2.8621789094665155
2025-06-02 00:00:00+05:30,418.2999877929688,420.4500122070313,414.5499877929688,419.2999877929688,14973380,0.0,0.0,423.7590026855469,415.43823303222655,422.2498579352985,418.9921453198361,48.021138888519175,1.0626521911038367,-1.4396213746901432,2.50227356579398
2025-06-03 00:00:00+05:30,419.0,421.7000122070313,415.6499938964844,416.9500122070313,13216486,0.0,0.0,423.2229965209961,415.7658435058594,421.7451107230826,418.91206166835354,45.88633029524085,0.540405396029314,-1.5694945358117325,2.1098999318410465
2025-06-04 00:00:00+05:30,417.1499938964844,419.0,415.9500122070313,417.0,12598933,0.0,0.0,422.90550994873047,416.19068115234376,421.29319541612233,418.8370788578299,45.94138275330941,0.1290668432474149,-1.5846664708749054,1.7137333141223203
2025-06-05 00:00:00+05:30,418.5,420.9500122070313,415.75,419.1000061035156,13212523,0.0,0.0,422.72002563476565,416.63984436035156,421.08432024349315,418.8473897302097,48.32004685024336,-0.027155944472212923,-1.3927114068756268,1.3655554624034139
2025-06-06 00:00:00+05:30,420.2999877929688,421.2999877929688,419.0,421.0499877929688,8774988,0.0,0.0,422.97816314697263,417.0965863037109,421.08105048630034,418.93376612482774,50.498178012483216,0.006310848860209717,-1.0873956908345632,1.093706539694773
2025-06-09 00:00:00+05:30,422.0,423.6000061035156,420.5,423.0,8025466,0.0,0.0,422.7471099853516,417.48726440429687,421.2638075828432,419.0932262767953,52.647475517666265,0.18801588181707984,-0.7245525263021545,0.9125684081192343
