Date,Open,High,Low,Close,Volume,Dividends,Stock Splits,SMA_20,SMA_50,EMA_20,EMA_50,RSI_14,MACD_12_26_9,MACDh_12_26_9,MACDs_12_26_9
2020-06-09 00:00:00+05:30,1337.907620360575,1355.9032973632384,1295.1867209569668,1300.2215576171875,5477333,0.0,0.0,,,,,,,,
2020-06-10 00:00:00+05:30,1300.5705282361987,1340.2506896223397,1299.6732149149088,1328.2369384765625,4876360,0.0,0.0,,,,,,,,
2020-06-11 00:00:00+05:30,1329.9816807109726,1330.380500158154,1285.3165800840134,1294.7879638671875,4376813,0.0,0.0,,,,,,,,
2020-06-12 00:00:00+05:30,1236.264667656481,1285.814904445224,1227.889947180225,1275.94482421875,8992424,0.0,0.0,,,,,,,,
2020-06-15 00:00:00+05:30,1266.1743551869718,1267.3209153609282,1233.4731105609462,1245.137939453125,7553579,0.0,0.0,,,,,,,,
2020-06-16 00:00:00+05:30,1272.1564626227562,1291.8968702065692,1234.3705997764318,1272.9541015625,5266292,0.0,0.0,,,,,,,,
2020-06-17 00:00:00+05:30,1265.6259817619484,1281.0792910469663,1232.8749602951875,1240.0533447265625,5429264,0.0,0.0,,,,,,,,
2020-06-18 00:00:00+05:30,1236.2648010315215,1305.954268591481,1224.649869487761,1299.4239501953125,6672522,0.0,0.0,,,,,,,,
2020-06-19 00:00:00+05:30,1300.0721419145873,1311.786749021563,1272.5054038287126,1298.57666015625,8492615,0.0,0.0,,,,,,,,
2020-06-22 00:00:00+05:30,1305.8544966437428,1380.8279206202058,1292.0461200754637,1351.2672119140625,7633867,0.0,0.0,,,,,,,,
2020-06-23 00:00:00+05:30,1350.918480060839,1391.4958351720272,1345.983439091478,1385.71337890625,4669825,0.0,0.0,,,,,,,,
2020-06-24 00:00:00+05:30,1387.8070175486405,1393.788944348419,1332.9227904796269,1339.8519287109375,5332617,0.0,0.0,,,,,,,,
2020-06-25 00:00:00+05:30,1332.9726588818016,1385.5637641592998,1321.008805548532,1377.5379638671875,9985038,0.0,0.0,,,,,,,,
2020-06-26 00:00:00+05:30,1375.843192887949,1378.7842582786564,1322.9529403063918,1336.0633544921875,6694196,0.0,0.0,,,,,,,,
2020-06-29 00:00:00+05:30,1332.0753682515167,1362.7826410114735,1309.044974532855,1351.5665283203125,3819681,0.0,0.0,,,,,56.571630651402636,,,
2020-06-30 00:00:00+05:30,1360.7887196664,1368.7646223424983,1340.998535491853,1356.35205078125,4777664,0.0,0.0,,,,,57.302637615440965,,,
2020-07-01 00:00:00+05:30,1315.0270369434654,1360.68913133491,1312.036073250645,1352.663330078125,8939585,0.0,0.0,,,,,56.51300067531,,,
2020-07-02 00:00:00+05:30,1354.058989475002,1367.7675715687317,1338.2567573656609,1347.927490234375,4992982,0.0,0.0,,,,,55.45640107213647,,,
2020-07-03 00:00:00+05:30,1355.8037693688495,1364.5771892189982,1345.983463620007,1349.72216796875,2768103,0.0,0.0,,,,,55.79370418734463,,,
2020-07-06 00:00:00+05:30,1365.8733131670574,1377.0894261401447,1356.9004227885878,1363.7796630859375,3248073,0.0,0.0,1323.3891174316407,,1323.3891174316407,,58.447906989370665,,,
2020-07-07 00:00:00+05:30,1365.873390893363,1370.260161890771,1347.4291151769198,1364.128662109375,3574288,0.0,0.0,1326.58447265625,,1327.2690740676153,,58.51450284919598,,,
2020-07-08 00:00:00+05:30,1363.879357443171,1374.6966511057608,1343.9396007554055,1348.67529296875,3383105,0.0,0.0,1327.6063903808595,,1329.307761582009,,54.36001454309064,,,
2020-07-09 00:00:00+05:30,1351.6661362067866,1370.459330872349,1343.6902342413398,1364.02880859375,3445915,0.0,0.0,1331.0684326171875,,1332.6145279640796,,57.58234458911756,,,
2020-07-10 00:00:00+05:30,1359.293250344979,1370.8582849905576,1341.497041676716,1345.2855224609375,3017959,0.0,0.0,1334.535467529297,,1333.8212893447326,,52.69146078113187,,,
2020-07-13 00:00:00+05:30,1355.9034025401738,1360.7886670810249,1320.1115163237748,1331.527099609375,3356697,0.0,0.0,1338.8549255371095,,1333.6027950842222,,49.37616015562016,,,
2020-07-14 00:00:00+05:30,1324.797409487703,1327.3895533727205,1289.4043433312936,1294.3892822265625,2914943,0.0,0.0,1339.9266845703125,,1329.8681748120641,,41.74159770934551,9.759539123663217,,
2020-07-15 00:00:00+05:30,1302.4648820197858,1307.9980912702028,1276.1443798449611,1286.1142578125,4372543,0.0,0.0,1342.2297302246093,,1325.7011350978198,,40.2482815263007,4.954138103833429,,
2020-07-16 00:00:00+05:30,1284.7182925003474,1323.899956773382,1263.1833830803805,1318.665771484375,4204057,0.0,0.0,1343.1918212890625,,1325.031100467968,,48.1121299693589,3.729467305952994,,
2020-07-17 00:00:00+05:30,1313.0329421112017,1333.8700116226614,1297.1808116358511,1323.451416015625,4200163,0.0,0.0,1344.4355590820312,,1324.8806543296496,,49.17125696214049,3.1092271584718674,,
2020-07-20 00:00:00+05:30,1325.993749755915,1332.673519212739,1305.0570063387163,1315.0767822265625,3481742,0.0,0.0,1342.6260375976562,,1323.9469522245936,,47.349834330940716,1.919789280166924,,
2020-07-21 00:00:00+05:30,1321.1085815356662,1358.8944455582573,1321.008907090749,1354.906494140625,4404245,0.0,0.0,1341.085693359375,,1326.8954800261204,,55.74595082599122,4.143314522159244,,
2020-07-22 00:00:00+05:30,1360.8883160516712,1362.2342252105411,1326.9408335526352,1338.3065185546875,4172575,0.0,0.0,1341.0084228515625,,1327.9822456002696,,52.022425772167985,4.513960867039486,,
2020-07-23 00:00:00+05:30,1335.9636496023795,1375.693589020555,1331.2778556318342,1369.9111328125,4308719,0.0,0.0,1340.6270812988282,,1331.9754729538154,,57.80158686805482,7.274077962744968,,
2020-07-24 00:00:00+05:30,1355.9033492476851,1360.888288031684,1337.558750182048,1345.9334716796875,3112378,0.0,0.0,1341.120587158203,,1333.3048061658033,,52.62265412509615,7.440919494794343,2.2359824038136242,5.204937090980719
2020-07-27 00:00:00+05:30,1360.888397496239,1375.3447211326456,1306.2036389776642,1318.6160888671875,7560839,0.0,0.0,1339.4730651855468,,1331.9058807087922,,47.41077302164717,5.307674550590264,0.08218996768763542,5.225484582902628
2020-07-28 00:00:00+05:30,1326.0934178543075,1397.5775144871575,1315.425697321394,1379.8809814453125,6751771,0.0,0.0,1340.64951171875,,1336.4749379217942,,57.56229032841987,8.463070374889412,2.5900686335894267,5.873001741299985
2020-07-29 00:00:00+05:30,1380.828223093003,1393.7391675448457,1341.8460210631767,1385.2647705078125,4067790,0.0,0.0,1342.2795837402343,,1341.1215886442722,,58.32364143106451,11.26827739464079,4.316220522672644,6.952056871968146
2020-07-30 00:00:00+05:30,1390.8976775999104,1420.408492609568,1371.8552346570395,1380.828125,6097103,0.0,0.0,1343.9246154785155,,1344.903163535294,,57.409593660348115,12.983755305279828,4.825358746649346,8.158396558630482
2020-07-31 00:00:00+05:30,1370.858122790534,1385.7630406081971,1346.2823510123503,1361.635986328125,3223070,0.0,0.0,1344.5203063964843,,1346.49676570604,,53.50335641503202,12.648830864801766,3.592347444937026,9.05648341986474
2020-08-03 00:00:00+05:30,1351.9155460602135,1351.9155460602135,1296.1839000200096,1304.6085205078125,5241260,0.0,0.0,1341.561749267578,,1342.5074090204946,,43.936939045680596,7.693079903093803,-1.0907228134167504,8.783802716510554
2020-08-04 00:00:00+05:30,1316.023861038164,1327.3396479270236,1298.0780811149166,1319.9619140625,4946596,0.0,0.0,1339.3534118652344,,1340.360219024495,,46.70006068862166,4.947470744829388,-3.069065577344933,8.016536322174321
2020-08-05 00:00:00+05:30,1327.9878277357448,1348.9245727676146,1318.01794914914,1330.18115234375,3475602,0.0,0.0,1338.4287048339843,,1339.3907841025193,,48.51880094223553,3.5551809168323416,-3.569084324273584,7.124265241105926
2020-08-06 00:00:00+05:30,1340.9486191552835,1363.2811706847124,1326.641868265414,1336.0633544921875,3677830,0.0,0.0,1337.0304321289063,,1339.0738860443926,,49.585172019289615,2.8930761697943126,-3.3849512570492903,6.278027426843603
2020-08-07 00:00:00+05:30,1337.459188916652,1343.7402609970095,1319.2641608154752,1338.4561767578125,2807069,0.0,0.0,1336.68896484375,,1339.0150565885276,,50.03853913025132,2.53224401401917,-2.996626730259546,5.528870744278716
2020-08-10 00:00:00+05:30,1344.9366893725953,1375.8433145546194,1342.1450745460718,1356.1029052734375,2960056,0.0,0.0,1337.9177551269531,,1340.6424707489953,,53.369004021893545,3.62839951129331,-1.5203769863883254,5.148776497681635
2020-08-11 00:00:00+05:30,1368.8642236561464,1380.8280770311453,1353.061991663857,1360.489501953125,2502925,0.0,0.0,1341.2227661132813,,1342.5326641970078,,54.1865476458846,4.795789456411512,-0.28238963301609843,5.078179089427611
2020-08-12 00:00:00+05:30,1345.933511496928,1350.7688779199318,1329.5331110934355,1331.078369140625,3840190,0.0,0.0,1343.4709716796874,,1341.4417789535428,,48.09777247395376,3.3095711040805327,-1.4148863882776634,4.724457492358196
2020-08-13 00:00:00+05:30,1337.8578585276991,1354.4078304965212,1329.931733056783,1332.224853515625,3331328,0.0,0.0,1344.14892578125,,1340.563976530884,,48.34145349729735,2.198896549073652,-2.020448754627635,4.219345303701287
2020-08-14 00:00:00+05:30,1333.5210255843624,1342.7431623540947,1298.3772070834898,1303.5115966796875,3331502,0.0,0.0,1343.1519348144532,,1337.0351784498177,,42.908032993400866,-0.9868649330612698,-4.164968189410046,3.178103256348776
2020-08-17 00:00:00+05:30,1316.123394253376,1329.5329513898398,1308.247167347224,1323.551025390625,2831340,0.0,0.0,1343.5756469726562,1332.612763671875,1335.7509733965612,1332.612763671875,47.35532481199685,-1.8729986765047215,-4.040881546282798,2.1678828697780768
2020-08-18 00:00:00+05:30,1314.628088871482,1370.808327066601,1314.0299205319443,1365.2252197265625,4261949,0.0,0.0,1344.0915832519531,1333.9128369140626,1338.558044475609,1333.8916835171567,55.175287696872566,0.7785188638524687,-1.1114912047404866,1.8900100685929553
2020-08-19 00:00:00+05:30,1368.2161467704343,1376.7404409158264,1345.883596301093,1351.5166015625,3396764,0.0,0.0,1344.7520874023437,1334.3784301757812,1339.7921927695986,1334.582856773837,52.41703625687771,1.753481654590587,-0.10922273120189496,1.8627043857924819
2020-08-20 00:00:00+05:30,1338.9546211460429,1345.933535775992,1326.1433522015864,1334.318603515625,2841389,0.0,0.0,1342.9724609375,1335.16904296875,1339.2708985549343,1334.572493900966,49.10079105208712,1.1254386218897707,-0.5898126111221689,1.7152512330119396
2020-08-21 00:00:00+05:30,1337.9576224451157,1347.9275004067035,1327.0406547582213,1335.365478515625,2485166,0.0,0.0,1342.4440612792969,1336.3574560546874,1338.898953789286,1334.603591336835,49.31101846964425,0.7040679994390757,-0.808946586858291,1.5130145862973667
2020-08-24 00:00:00+05:30,1343.540818076184,1392.2935488534674,1338.3066318022989,1383.0714111328125,6029138,0.0,0.0,1345.6668273925782,1339.1161254882813,1343.1058544886696,1336.5042901523636,57.85379495307934,4.171512216275232,2.126798103982292,2.04471411229294
2020-08-25 00:00:00+05:30,1387.8068703066772,1400.767710331093,1376.3914098892892,1395.8824462890625,4562237,0.0,0.0,1346.4669006347656,1341.5746923828126,1348.1321965648974,1338.8328452949795,59.812516952915274,7.862595108411824,4.654304796895107,3.208290311516717
2020-08-26 00:00:00+05:30,1405.7526692420356,1437.3073545623506,1398.9731041419557,1432.3721923828125,5718648,0.0,0.0,1348.8222717285157,1345.4210693359375,1356.1550533094605,1342.5010549846986,64.82668544217836,13.575729881998313,8.293951656385277,5.281778225613037
2020-08-27 00:00:00+05:30,1436.6593997579223,1441.4947661799445,1407.298158138571,1415.72265625,4283571,0.0,0.0,1350.5669982910156,1347.7470434570312,1361.8281583514167,1345.372490328436,61.08182123688203,16.568955327837557,9.029741681779615,7.5392136460579415
2020-08-28 00:00:00+05:30,1405.7528067394196,1469.5600263361025,1396.779916483636,1462.6807861328125,10645702,0.0,0.0,1355.61923828125,1351.0291259765625,1371.4331705210736,1349.972815654098,66.89107872220046,22.471202658359516,11.94559120984126,10.525611448518257
2020-08-31 00:00:00+05:30,1483.5177986071085,1496.9771334735035,1369.8611930686604,1397.1287841796875,6973753,0.0,0.0,1360.2452514648437,1351.946357421875,1373.880371821894,1351.8220693217681,54.63160268384558,21.610168899306927,8.867645960630936,12.742522938675991
2020-09-01 00:00:00+05:30,1415.57305958479,1437.656363010388,1381.9247223784096,1426.340576171875,4258214,0.0,0.0,1365.5641845703126,1352.7589013671875,1378.8765817599874,1354.7443637080469,58.29938143306355,23.019585470374068,8.22165002535846,14.797935445015607
2020-09-02 00:00:00+05:30,1420.7075177304234,1433.1698643771815,1402.9113110593737,1419.2120361328125,3325250,0.0,0.0,1370.0157287597656,1354.346103515625,1382.7180536050184,1357.2725077247044,57.0865223186209,23.29283929962844,6.7959230836902655,16.496916215938175
2020-09-03 00:00:00+05:30,1429.481142229016,1432.6714544765205,1385.8130283384576,1392.4927978515625,2395149,0.0,0.0,1372.8372009277343,1354.6452001953126,1383.6489816284989,1358.6536955728163,52.66401520682138,21.110032387865886,3.6904929375421673,17.419539450323718
2020-09-04 00:00:00+05:30,1375.843168335048,1390.4988403601806,1349.9214854533732,1375.89306640625,4101756,0.0,0.0,1374.7090454101562,1355.4417944335937,1382.9103230359037,1359.3297493309904,50.06885436340606,17.835090761783476,0.33244104916780515,17.50264971261567
2020-09-07 00:00:00+05:30,1374.8462003246289,1374.8462003246289,1352.314299989781,1364.6270751953125,2321547,0.0,0.0,1375.13525390625,1355.7030053710937,1381.1690613367996,1359.5374876001795,48.32823319785583,14.167292858290693,-2.6682854834599823,16.835578341750676
2020-09-08 00:00:00+05:30,1367.767561643501,1368.016808588851,1343.6403843120493,1346.63134765625,2823869,0.0,0.0,1374.4423461914062,1355.5085913085939,1377.8797552719852,1359.0313644651233,45.601157715445446,9.696654778554375,-5.711138850557042,15.407793629111417
2020-09-09 00:00:00+05:30,1338.9546155997966,1346.1827771508754,1309.144656034826,1322.1553955078125,3443401,0.0,0.0,1373.9961975097656,1354.8984326171876,1372.5726733896831,1357.585248035425,42.11988321817519,4.131017310754032,-9.021421054685907,13.15243836543994
2020-09-10 00:00:00+05:30,1325.9937624336872,1339.0045017912423,1311.1386200027423,1315.525390625,3289948,0.0,0.0,1373.1612243652344,1354.250390625,1367.1395988406657,1355.935841862467,41.202305509992065,-0.8054912636243898,-11.166343703251464,10.360852439627074
2020-09-11 00:00:00+05:30,1313.0328890194708,1332.175005463085,1307.0509624180154,1326.3426513671875,3500314,0.0,0.0,1374.3027770996093,1353.7828002929687,1363.254175271763,1354.7753245881422,43.36996306610593,-3.801031412109751,-11.329507081389462,7.52847566927971
2020-09-14 00:00:00+05:30,1332.9726511779172,1343.8896186003876,1296.084103613532,1300.7698974609375,3891113,0.0,0.0,1373.163720703125,1352.5226049804687,1357.303291670732,1352.657464700801,39.64859157878409,-8.14463974418959,-12.53849233077544,4.393852586585851
2020-09-15 00:00:00+05:30,1304.1596821928288,1324.8471784932392,1285.1172400592377,1319.9619140625,5029913,0.0,0.0,1370.9005554199218,1351.6392700195313,1353.7469699937576,1351.375286244397,43.562490528601074,-9.923948198609878,-11.454240628156583,1.5302924295467053
2020-09-16 00:00:00+05:30,1320.0119075194443,1327.9878102839125,1296.632591222145,1321.40771484375,3285887,0.0,0.0,1369.3951110839844,1351.0939184570314,1350.6670409318522,1350.2000873659406,43.85787223500961,-11.089565321960663,-10.095886201205895,-0.9936791207547684
2020-09-17 00:00:00+05:30,1311.0390273322084,1322.6040620921058,1297.280546273074,1301.1688232421875,3308991,0.0,0.0,1367.7376220703125,1349.83671875,1345.952924961408,1348.277292694421,40.65053262681912,-13.490919773463247,-9.997792522166783,-3.4931272512964644
2020-09-18 00:00:00+05:30,1309.1447368490876,1310.0420502651357,1258.6971753879252,1273.253173828125,6529137,0.0,0.0,1364.6320068359375,1348.3960717773436,1339.0291391391904,1345.3351703859387,36.667412965159265,-17.44546957022385,-11.161873855141907,-6.283595715081942
2020-09-21 00:00:00+05:30,1272.1564221345702,1315.4754930003494,1269.3150312689145,1283.970703125,6859791,0.0,0.0,1359.6769714355469,1347.4449438476563,1333.7854785664103,1342.9287206894312,39.1332744609649,-19.489995198473935,-10.565119586713594,-8.92487561176034
2020-09-22 00:00:00+05:30,1284.1701869239512,1297.5796241785197,1257.8994609816814,1266.722900390625,4238325,0.0,0.0,1353.218994140625,1346.8916162109374,1327.3985663591927,1339.9402571483015,36.65954446581926,-22.245616405133205,-10.656592634698292,-11.589023770434913
2020-09-23 00:00:00+05:30,1276.1942450149718,1283.5718571586626,1261.3391028857889,1271.5582275390625,2835349,0.0,0.0,1345.1782958984375,1346.6004956054687,1322.0804388525137,1337.2586089283313,37.84573327715634,-23.765343487909604,-9.741055773979753,-14.024287713929851
2020-09-24 00:00:00+05:30,1263.183504275204,1281.0296096942784,1232.2768834129065,1242.346435546875,5616125,0.0,0.0,1336.5094848632812,1345.0741088867187,1314.4867242519765,1333.5365629133723,33.73541275879733,-27.015468130625095,-10.392944333356194,-16.6225237972689
2020-09-25 00:00:00+05:30,1251.269488137656,1254.6093726630609,1226.8930653334448,1249.2755126953125,3639974,0.0,0.0,1325.8392211914063,1343.5905908203124,1308.2761326751513,1330.2322080028603,35.52419477522855,-28.701246603753134,-9.662978245187386,-19.038268358565748
2020-09-28 00:00:00+05:30,1254.210667572942,1280.0824526148836,1249.8737949309989,1274.8482666015625,1892099,0.0,0.0,1319.7251953125,1342.7860205078125,1305.0925263824286,1328.0602887322211,41.77157257642357,-27.654941715776886,-6.89333868576891,-20.761603030007976
2020-09-29 00:00:00+05:30,1282.9240596723537,1289.005661433047,1255.307422223939,1259.4449462890625,2349470,0.0,0.0,1311.3804138183593,1340.8767895507813,1300.7451378021078,1325.3694909893522,39.30138260038292,-27.748786039689776,-5.589746407745441,-22.159039631944335
2020-09-30 00:00:00+05:30,1259.444720275897,1273.103403174338,1248.2286085774178,1264.3797607421875,2950616,0.0,0.0,1303.6388000488282,1339.3982543945312,1297.2817685583059,1322.9777368620125,40.51504482020526,-27.112424900743463,-3.962708215039303,-23.14971668570416
2020-10-01 00:00:00+05:30,1276.1444246873764,1305.8547107556758,1275.047762412934,1301.1190185546875,3162391,0.0,0.0,1299.0701110839843,1338.022412109375,1297.6472209389135,1322.1205322225096,48.733610022995784,-23.374110850705392,-0.1795153320009817,-23.19459551870441
2020-10-05 00:00:00+05:30,1306.0540171821444,1329.682579346303,1304.658209922496,1310.64013671875,3860008,0.0,0.0,1295.8074645996094,1337.3165454101563,1298.884641489374,1321.670320634127,50.63702065213549,-19.419341290144303,3.020203382848088,-22.43954467299239
2020-10-06 00:00:00+05:30,1321.0089050897277,1337.957698588992,1307.1009732228497,1334.218994140625,2632531,0.0,0.0,1294.287060546875,1337.628603515625,1302.2498179323502,1322.1624254775193,55.08451431726952,-14.218637580379664,6.576725674090184,-20.795363254469848
2020-10-07 00:00:00+05:30,1335.8638812151703,1335.963555647459,1317.8682040420122,1320.7095947265625,2834670,0.0,0.0,1292.9909729003907,1336.44517578125,1304.0078919127513,1322.1054517225798,52.18352989764983,-11.059649298576005,7.788571164715076,-18.84822046329108
2020-10-08 00:00:00+05:30,1322.5042812457143,1337.209850901481,1307.3002177033118,1316.12353515625,5171253,0.0,0.0,1292.6893798828125,1335.0623510742187,1305.1617626978464,1321.8708667591943,51.197805399898876,-8.824462099939183,8.019006690681522,-16.843468790620705
2020-10-09 00:00:00+05:30,1319.0148033552064,1334.2188666591874,1301.6671920317822,1315.874267578125,5312676,0.0,0.0,1292.7068237304688,1333.7632739257813,1306.1820012578728,1321.6357060069956,51.14125908612417,-6.9925679807442975,7.880720647901127,-14.873288628645424
2020-10-12 00:00:00+05:30,1323.9998040031885,1354.108787009565,1303.5615540166934,1308.9453125,5175139,0.0,0.0,1291.8369567871093,1332.7094604492188,1306.445173757123,1321.1380435165252,49.50450180075972,-6.030373073296914,7.074332444278809,-13.104705517575724
2020-10-13 00:00:00+05:30,1315.6749635345377,1345.6343736507577,1303.2623925074654,1340.898681640625,4872149,0.0,0.0,1293.8433959960937,1333.435263671875,1309.7264602222185,1321.912970501784,56.42976609442925,-2.658807751989798,8.356718212468742,-11.01552596445854
2020-10-14 00:00:00+05:30,1331.227861919068,1353.909332698816,1320.1613224945247,1349.2733154296875,3358021,0.0,0.0,1295.3089660644532,1334.0214916992188,1313.4928273848345,1322.985925204839,58.053494286467696,0.6810937877853576,9.35729580179512,-8.676202014009762
2020-10-15 00:00:00+05:30,1349.2733367731948,1361.8353579863242,1297.3302997371138,1305.6053466796875,3496474,0.0,0.0,1294.51884765625,1333.5299755859376,1312.741638746249,1322.3043338901273,48.00708962748562,-0.1934206757841821,6.786225070580465,-6.979645746364647
2020-10-16 00:00:00+05:30,1304.558611831673,1339.2538379615112,1304.558611831673,1332.524169921875,2358029,0.0,0.0,1296.0866149902345,1333.4591918945312,1314.625689334404,1322.705111773725,53.36474108675263,1.2709931589815824,6.600511124276984,-5.329517965295402
2020-10-19 00:00:00+05:30,1345.9334544312492,1375.8430867519437,1329.4831566548671,1372.552978515625,3970716,0.0,0.0,1301.0516052246094,1334.1411279296874,1320.1425740183297,1324.6599300773291,59.97035706160932,5.597022995305451,8.741232768480682,-3.144209773175231
2020-10-20 00:00:00+05:30,1367.56816932254,1381.8251440934398,1351.4170150206764,1364.677001953125,3228111,0.0,0.0,1305.0869201660157,1334.3126098632813,1324.3839481073578,1326.229227013635,58.2228895145932,8.294295842193833,9.15080449229525,-0.8565086501014183
2020-10-21 00:00:00+05:30,1370.8582240062435,1395.7829189881754,1354.5574978285829,1389.1031494140625,4280446,0.0,0.0,1311.2059326171875,1334.8848828125,1330.547681565139,1328.694871029338,61.92809528820013,12.261546492996558,10.49444411447838,1.7671023785181772
2020-10-22 00:00:00+05:30,1383.8190448433236,1400.7678371793008,1373.400571176664,1388.8538818359375,3610092,0.0,0.0,1317.0707153320313,1336.0403930664063,1336.100653019501,1331.0540479237145,61.86779296280979,15.210173988185034,10.754457287733485,4.455716700451548
2020-10-23 00:00:00+05:30,1395.7829278268405,1403.4596852488428,1374.0984430552448,1378.884033203125,2385851,0.0,0.0,1323.8975952148437,1336.9735766601561,1340.1752606560365,1332.9297336209463,59.37736099353339,16.55170134859941,9.676787718518288,6.874913630081121
2020-10-26 00:00:00+05:30,1394.7858530598778,1424.6954853628058,1343.291411771149,1412.6319580078125,8022388,0.0,0.0,1332.0654174804688,1339.1559838867188,1347.0758984990628,1336.0553110478822,64.57559488520097,20.106274320823786,10.585088552594133,9.521185768229653
2020-10-27 00:00:00+05:30,1448.1247527588937,1597.1744261065387,1448.1247527588937,1582.86767578125,33166880,0.0,0.0,1347.4663879394532,1344.3423168945312,1369.5322582402234,1345.734227311936,79.10244502227893,36.24212209214784,21.376749059134546,14.865373033013292
2020-10-28 00:00:00+05:30,1570.2556638745284,1570.2556638745284,1536.3580812893006,1546.6768798828125,7244983,0.0,0.0,1361.8279846191406,1347.9713500976563,1386.4031745871366,1353.6143313343232,72.31324116567423,45.58413737302885,24.57501147201245,21.009125901016404
2020-10-29 00:00:00+05:30,1527.3853618045423,1584.01431946111,1520.40644696601,1566.168212890625,7286029,0.0,0.0,1376.9174072265625,1352.2643823242188,1403.5236544255642,1361.9497776698645,73.62613846269349,53.9387669370426,26.343712828820955,27.595054108221646
2020-10-30 00:00:00+05:30,1569.2587418048845,1569.9068081925302,1514.025595294102,1542.7388916015625,4201984,0.0,0.0,1388.9984008789063,1356.4327880859375,1416.782248442326,1369.0395468436566,69.36799186956506,58.000724390780306,24.32453622604693,33.676188164733375
2020-11-02 00:00:00+05:30,1550.3160603359586,1599.9661024605614,1530.1769550499394,1575.9385986328125,5712460,0.0,0.0,1402.2633239746094,1361.2442504882813,1431.9399960795151,1377.1532351491137,71.85222254836172,63.17060245086509,23.595531428905375,39.575071021959715
2020-11-03 00:00:00+05:30,1576.237661081914,1596.6759103242791,1565.470144507332,1588.7996826171875,5260618,0.0,0.0,1414.9923583984375,1365.3588159179687,1446.8790138450076,1385.4530958341363,72.77338886055806,67.52713922659814,22.361654563710736,45.1654846628874
2020-11-04 00:00:00+05:30,1584.2137400557272,1630.8728214835398,1573.2468733844792,1625.7880859375,5088061,0.0,0.0,1430.2462829589845,1369.9569287109375,1463.9179730919116,1394.8779974068175,75.27909950863909,73.12148210235023,22.36479795157026,50.75668415077997
2020-11-05 00:00:00+05:30,1638.0509920886166,1674.9395415148365,1627.1340241151463,1670.4031982421875,6074505,0.0,0.0,1447.9602661132812,1374.717548828125,1483.583232630033,1405.6829072434987,77.91883494952272,80.23026132444056,23.578861738928467,56.651399585512095
2020-11-06 00:00:00+05:30,1654.9998074499945,1719.8040167778554,1645.0299290918615,1712.875,5957659,0.0,0.0,1467.810302734375,1380.660595703125,1505.420543808125,1417.729655979048,80.09757533471036,88.27357668055402,25.29774167603353,62.97583500452048
2020-11-09 00:00:00+05:30,1724.7887388610798,1746.5231196271905,1695.1782525454878,1722.9443359375,5210211,0.0,0.0,1488.51025390625,1385.8658666992187,1526.137095439494,1429.6988591146735,80.58664302043206,94.37260466476755,25.117415728197642,69.25518893656991
2020-11-10 00:00:00+05:30,1725.7858446761688,1789.044670544347,1720.2525138241529,1747.669677734375,8003823,0.0,0.0,1508.8488037109375,1392.8766845703126,1547.2354366104353,1442.1683029821127,81.77117761838755,100.04796605312117,24.634221693241003,75.41374435988017
2020-11-11 00:00:00+05:30,1768.6562855526372,1812.9723427863717,1754.6984569180618,1802.404296875,10534339,0.0,0.0,1531.505352783203,1400.397958984375,1571.537232826108,1456.2952047034025,84.08606175101812,107.72062090646091,25.845501237264585,81.87511966919632
2020-11-12 00:00:00+05:30,1793.580940808542,1793.580940808542,1743.1831619674824,1749.4642333984375,6775199,0.0,0.0,1553.6982971191405,1407.0030029296875,1588.4826614520443,1467.7920293581099,74.26293406598481,108.28123578879377,21.124892895677945,87.15634289311582
2020-11-13 00:00:00+05:30,1744.6289865165186,1769.4540072329382,1715.1679481604629,1757.9886474609375,6264556,0.0,0.0,1574.9715209960937,1414.312919921875,1604.6260886909865,1479.1722888915542,74.77395616955897,108.16650001453831,16.808125697137996,91.35837431740032
2020-11-14 00:00:00+05:30,1768.606335726087,1769.6532215240866,1759.5836697872028,1765.2166748046875,310853,0.0,0.0,1594.6047058105469,1422.0993920898438,1619.9204302256248,1490.3897157901085,75.22318341633867,107.4205354209389,12.84972888283086,94.57080653810804
2020-11-17 00:00:00+05:30,1766.4630366353113,1796.5720195809845,1759.184976998139,1791.2381591796875,5826745,0.0,0.0,1615.932763671875,1430.6316137695312,1636.236404411726,1502.1876939622489,76.82334783729549,107.68771250805139,10.493524775954683,97.19418773209671
2020-11-18 00:00:00+05:30,1786.103617364979,1844.228053929014,1778.775781483546,1825.0858154296875,6175248,0.0,0.0,1637.7318969726562,1440.200703125,1654.2220626039127,1514.8503653923444,78.74616352583368,109.369926821224,9.740591271301824,99.62933554992217
2020-11-19 00:00:00+05:30,1813.520796868808,1855.0951391879996,1810.5797315582288,1820.8486328125,8717768,0.0,0.0,1659.3316345214844,1450.1745678710938,1670.0912597666352,1526.850297448037,77.87516147453275,109.10351119602865,7.579340516885168,101.52417067914348
2020-11-20 00:00:00+05:30,1814.517881388154,1893.2799212945629,1806.6416530569893,1883.7088623046875,9116266,0.0,0.0,1684.5728759765625,1461.5382373046875,1690.4357933416877,1540.8447509718274,81.1977922548284,112.66592738995587,8.913405368649904,103.75252202130596
2020-11-23 00:00:00+05:30,1886.6996441495585,1899.5608104767296,1865.5136544428672,1892.1331787109373,10443439,0.0,0.0,1708.5479370117187,1472.8540478515624,1709.6450681387591,1554.6207677459101,81.59667177368345,114.84507725646608,8.874044188128096,105.97103306833799
2020-11-24 00:00:00+05:30,1890.288955626944,1942.5311430871157,1885.1544438805772,1919.1019287109373,8949886,0.0,0.0,1725.3596496582031,1485.2206884765626,1729.5933405742046,1568.9141466072838,82.85092283097666,117.39496587260396,9.139146243412767,108.2558196291912
2020-11-25 00:00:00+05:30,1933.1591799669532,1933.1591799669532,1847.517910882152,1856.8397216796875,6837169,0.0,0.0,1740.8677917480468,1495.9582446289062,1741.7120435366314,1580.205345629731,70.84617861987562,113.08812173890783,3.8658416877732975,109.22228005113453
2020-11-26 00:00:00+05:30,1869.3521640357244,1894.326757628288,1844.477366587335,1883.40966796875,6864571,0.0,0.0,1756.7298645019532,1507.1982836914062,1755.2070553873093,1592.0957112116535,72.66631761022428,110.54460000777271,1.0578559653105515,109.48674404246216
2020-11-27 00:00:00+05:30,1889.291819035864,1919.3510245605185,1841.386508135996,1901.3553466796875,78702124,0.0,0.0,1774.6606872558593,1519.2020141601563,1769.1259402722978,1604.2235400535371,73.85365448400465,108.72360891892095,-0.6105080988329803,109.33411701775393
2020-12-01 00:00:00+05:30,1924.1863743668805,1924.1863743668805,1858.933574238435,1870.199462890625,7955798,0.0,0.0,1789.37373046875,1531.1409399414063,1778.751990045472,1614.6539684000898,68.30611659261878,103.5725213656342,-4.60927652169579,108.18179788732999
2020-12-02 00:00:00+05:30,1874.3372023249208,1877.9762324040012,1803.551063300948,1808.7353515625,7458011,0.0,0.0,1800.3705139160156,1541.6362329101562,1781.6075482851888,1622.2650030339098,58.90561184241742,93.45333538328691,-11.782770003234475,105.23610538652139
2020-12-03 00:00:00+05:30,1830.4695873983217,1838.4454897399264,1806.2427353546525,1815.5147705078125,4462528,0.0,0.0,1809.8568481445313,1552.6120703125,1784.8368075444864,1629.8434252877885,59.56659058219166,85.00101129152085,-16.188075276000433,101.18908656752129
2020-12-04 00:00:00+05:30,1822.493693403013,1851.406339523739,1796.970830133515,1840.688720703125,3989431,0.0,0.0,1818.3711242675781,1563.9946801757812,1790.1560373691186,1638.1118682452527,62.01011419109134,79.41832592134142,-17.416608516943896,96.83493443828532
2020-12-07 00:00:00+05:30,1843.87901175675,1850.4093304347489,1799.562953359225,1815.066162109375,6032173,0.0,0.0,1823.4806823730469,1575.4490747070313,1792.528430201524,1645.0512523183556,58.15764813103906,72.09541019168387,-19.791619397281153,91.88702958896502
2020-12-08 00:00:00+05:30,1826.7807634427115,1833.4605329076603,1811.7760486277573,1828.2762451171875,3953436,0.0,0.0,1828.7472778320312,1587.0290893554688,1795.932984003016,1652.2365461536042,59.55283416691945,66.59027873241394,-20.23740068524087,86.8276794176548
2020-12-09 00:00:00+05:30,1830.569200571504,1883.3098773807612,1830.569200571504,1877.8763427734373,4370644,0.0,0.0,1835.2576110839843,1599.0896508789062,1803.7371134097225,1661.0851656288917,64.35830603066194,65.47498092086425,-17.082158797432456,82.55713971829671
2020-12-10 00:00:00+05:30,1894.276664310305,1914.1167442401809,1854.2475830897536,1897.5667724609373,4695216,0.0,0.0,1840.0157348632813,1611.8520874023438,1812.6732714146,1670.3589541321091,66.08115173937519,65.42576499320171,-13.705099780075997,79.13086477327771
2020-12-11 00:00:00+05:30,1887.796360831296,1922.8902819951225,1887.796360831296,1914.6153564453125,5466598,0.0,0.0,1848.273291015625,1624.8567993164063,1822.382041417525,1679.9376365757641,67.54400505011672,66.00161374386403,-10.503400823530939,76.50501456739497
2020-12-14 00:00:00+05:30,1928.1744402946908,1941.0356074892995,1893.279866659575,1933.50830078125,3456971,0.0,0.0,1857.0492736816407,1637.5045849609376,1832.9654946902606,1689.8815841916658,69.13274809779854,67.20775161526853,-7.437810361701153,74.64556197696969
2020-12-15 00:00:00+05:30,1942.1322911461532,1952.102169437458,1913.5187891311552,1945.2728271484373,4141898,0.0,0.0,1866.0520812988282,1650.1972387695312,1843.6614311148487,1699.8969270527157,70.11379329862301,68.32531186158303,-5.056200092309325,73.38151195389236
2020-12-16 00:00:00+05:30,1959.0810285402763,1959.0810285402763,1930.7167742890208,1946.6685791015625,2764698,0.0,0.0,1873.8236022949218,1662.44623046875,1853.471635685012,1709.5742467409057,70.23466380008752,68.53359925468158,-3.8783301593686303,72.4119294140502
2020-12-17 00:00:00+05:30,1959.0809452053995,1963.0688962388963,1936.6986187109403,1959.529541015625,3460370,0.0,0.0,1880.5457885742187,1675.2226293945312,1863.5723885736418,1719.3764151438359,71.38313847077363,68.94172338481576,-2.7761648233875604,71.71788820820332
2020-12-18 00:00:00+05:30,1957.884573213615,1957.884573213615,1915.562370613476,1943.47802734375,3371676,0.0,0.0,1886.6772583007812,1687.7697192382811,1871.18244940889,1728.1647136614797,67.86368451022369,67.19535546297857,-3.618026196179798,70.81338165915837
2020-12-21 00:00:00+05:30,1929.1713663594587,1953.0990732290336,1901.8538766761724,1915.06396484375,3941511,0.0,0.0,1888.2450134277344,1699.7535131835937,1875.3616413550671,1735.4940960607844,62.03318514240609,62.79471059016646,-6.414936855193531,69.20964744535999
2020-12-22 00:00:00+05:30,1924.186464323548,1924.4357112748849,1880.4186753282045,1897.2178955078125,5073744,0.0,0.0,1888.499249267578,1711.51896484375,1877.4431893696144,1741.836205843021,58.62632046745261,57.20768459646183,-9.601570279118533,66.80925487558036
2020-12-23 00:00:00+05:30,1895.2737252065235,1919.0020824935184,1886.799329275826,1914.9642333984373,2340819,0.0,0.0,1888.2923645019532,1723.0002758789062,1881.016622134264,1748.6255402569589,60.924511231066845,53.59410788501714,-10.572117592450581,64.16622547746772
2020-12-24 00:00:00+05:30,1912.2225588505487,1972.041825550775,1911.225571072212,1954.6942138671875,3337164,0.0,0.0,1893.1850891113281,1735.1086938476562,1888.0335356326377,1756.706664712262,65.53956694393196,53.32154214694765,-8.67574666441606,61.99728881136371
2020-12-28 00:00:00+05:30,1957.087049284576,1990.0873210883835,1956.189735925024,1982.9090576171875,2743069,0.0,0.0,1898.16005859375,1748.6547680664062,1897.0692996311661,1765.5773467869649,68.394398993806,54.7510973561873,-5.796953164141129,60.54805052032843
2020-12-29 00:00:00+05:30,1977.0268816002863,2010.9244680725053,1977.0268816002863,1993.27783203125,3152865,0.0,0.0,1902.7561828613282,1761.8698413085938,1906.2320170026026,1774.5067775808586,69.39773828036564,56.07431381405013,-3.5789893650226503,59.65330317907278
2020-12-30 00:00:00+05:30,1997.1657688963824,2020.8941255138968,1992.9784691180464,2011.871337890625,2657431,0.0,0.0,1909.839776611328,1774.6562084960938,1916.2929047062237,1783.8151917106534,71.165465508692,57.95524097849034,-1.3584497604659589,59.313690738956296
2020-12-31 00:00:00+05:30,2010.625285827154,2012.66915953708,1981.0147962849176,1989.5888671875,2794829,0.0,0.0,1918.8824523925782,1787.1544458007813,1923.2734725615833,1791.8847476117064,66.2281477578486,56.99092424521314,-1.8582131949945335,58.84913744020767
2021-01-01 00:00:00+05:30,1990.884970002232,2001.9016122140567,1984.703572596317,1988.0435791015625,1106099,0.0,0.0,1927.5088928222656,1799.1332543945311,1929.4420541368193,1799.5772508073871,65.88675782038335,55.46266537046017,-2.709177655798001,58.17184302625817
2021-01-04 00:00:00+05:30,1997.9635262821157,1999.907603786825,1949.1111246913847,1959.62939453125,3141429,0.0,0.0,1933.4559265136718,1810.5487646484376,1932.3170389362888,1805.853805463225,59.78428860664927,51.366599786392726,-5.444194591892362,56.81079437828509
2021-01-05 00:00:00+05:30,1953.597554812825,1958.482819275104,1929.17135420404,1953.8468017578125,3263230,0.0,0.0,1940.3949584960938,1822.0480200195314,1934.3674925383386,1811.6574523767383,58.59485812949282,47.110767785195094,-7.760021274471995,54.87078905966709
2021-01-06 00:00:00+05:30,1967.9543011535388,1973.0389147438868,1942.531111499184,1964.46484375,3452515,0.0,0.0,1947.2043884277343,1833.084677734375,1937.233906939449,1817.6498990972584,60.162165696190854,44.086574919984514,-8.62737131174606,52.713946231730574
2021-01-07 00:00:00+05:30,1978.0237096757355,1978.0237096757355,1941.6336565491404,1946.5189208984373,3419317,0.0,0.0,1950.6365173339843,1840.3577026367188,1938.1181939831624,1822.7035862267164,56.284295824982834,39.78319834603394,-10.344598308557309,50.12779665459125
2021-01-08 00:00:00+05:30,1966.059804605731,1970.047755527852,1940.387370544576,1964.763671875,3262897,0.0,0.0,1953.9963623046874,1848.7194384765626,1940.65585854429,1828.2745699776297,59.16599458140114,37.41365896176967,-10.17131015425727,47.58496911602694
2021-01-11 00:00:00+05:30,1954.0961717417763,1960.975412197105,1929.570295151255,1932.31201171875,2995521,0.0,0.0,1954.8811950683594,1856.042314453125,1939.8612064656672,1832.3544696537522,52.532765075744145,32.542079329590706,-12.03431182914899,44.576391158739696
2021-01-12 00:00:00+05:30,1923.9870335080127,1924.286056815316,1890.1392259363004,1897.71630859375,6035580,0.0,0.0,1953.0915954589843,1863.1418627929688,1935.8474066683418,1834.917679023948,46.54217680466474,25.594693564156387,-15.185358075666649,40.780051639823036
2021-01-13 00:00:00+05:30,1905.243635055616,1905.243635055616,1871.3460507584464,1876.4306640625,5583130,0.0,0.0,1949.6494873046875,1869.1517041015625,1930.1886692773094,1836.5456392215385,43.272530110487196,18.16190750539272,-18.09451530754425,36.25642281293697
2021-01-14 00:00:00+05:30,1886.3010302304688,1899.261872404357,1865.414183254367,1886.9490966796875,4803638,0.0,0.0,1946.6635131835938,1875.1146923828126,1926.0706147442027,1838.522245396368,45.31688499698467,12.970603565505826,-18.628655397944915,31.59925896345074
2021-01-15 00:00:00+05:30,1888.494178766616,1898.2647075601008,1848.465217300689,1858.2855224609373,2715164,0.0,0.0,1941.6013122558593,1879.7646411132812,1919.6148916696059,1839.2972758694884,40.98251953099941,6.4689765687649015,-20.10422591574867,26.573202484513573
2021-01-18 00:00:00+05:30,1864.865461156068,1866.610189601416,1833.3107766468293,1841.3863525390625,5004628,0.0,0.0,1936.496728515625,1883.1843041992188,1912.1645546095542,1839.379200444766,38.636238505657936,-0.046693198161619875,-21.295916546140155,21.249223347978536
2021-01-19 00:00:00+05:30,1850.508971601077,1886.300856808095,1839.6916786602203,1881.31591796875,4805514,0.0,0.0,1934.809326171875,1886.5531225585937,1909.2265892151918,1841.0237776025695,46.43893119985653,-1.9657660787343048,-18.571991541370274,16.60622546263597
2021-01-20 00:00:00+05:30,1884.3068935574208,1884.3068935574208,1863.8187461130944,1877.9261474609373,3041448,0.0,0.0,1933.8447387695312,1889.6527587890625,1906.2455947624057,1842.4709293617211,45.90528233628135,-3.71732035811101,-16.258836656597584,12.541516298486574
2021-01-21 00:00:00+05:30,1894.2766910364855,1899.1619552644163,1840.1901065687337,1852.203857421875,5668862,0.0,0.0,1930.706719970703,1891.7434423828124,1901.0987626347362,1842.8526128150604,41.96452492136671,-7.099178667198885,-15.712555972548367,8.613377305349482
2021-01-22 00:00:00+05:30,1844.4275069288929,1869.3522029684725,1819.0043169685212,1822.4937744140625,4298175,0.0,0.0,1924.096697998047,1892.1452319335938,1893.6125732803864,1842.0542269954135,37.915817612259765,-12.037915546256272,-16.521034281284606,4.483118735028333
2021-01-25 00:00:00+05:30,1839.4424297053176,1861.7749800216652,1769.6532860308612,1788.994873046875,6610138,0.0,0.0,1914.4009887695313,1892.9358447265624,1883.6489827819566,1839.9734680170395,33.93974728540113,-18.442389101347544,-18.3404062691007,-0.10198283224684257
2021-01-27 00:00:00+05:30,1792.5840189225246,1817.9573091077648,1741.0895760184053,1759.38427734375,7892319,0.0,0.0,1902.7063110351562,1892.9637573242187,1871.8142489306988,1836.813107598479,30.859253662501295,-25.61206816383242,-20.40806826526846,-5.203999898563959
2021-01-28 00:00:00+05:30,1725.7858752704044,1759.1350683731812,1695.8762413835689,1717.660400390625,6035924,0.0,0.0,1887.9957641601563,1892.0126318359376,1857.1329300221203,1832.1404524138572,27.123489388005535,-34.26586310461721,-23.249490564842603,-11.01637253977461
2021-01-29 00:00:00+05:30,1744.579034384354,1744.579034384354,1698.867169224327,1707.7901611328125,5140687,0.0,0.0,1873.905828857422,1890.343671875,1842.9098091755195,1827.263970402836,26.312013106052888,-41.44277722289689,-24.34112374649783,-17.101653476399065
2021-02-01 00:00:00+05:30,1724.7888600320043,1804.348533586201,1690.9411735696458,1796.073486328125,4829210,0.0,0.0,1864.30732421875,1889.7634252929688,1838.4492069995772,1826.0408141646121,42.79688673188584,-39.55088881311531,-17.959388269372994,-21.591500543742313
2021-02-02 00:00:00+05:30,1824.4877139411203,1873.4397916522416,1794.6279773584854,1855.6934814453125,5871337,0.0,0.0,1859.110528564453,1890.460322265625,1840.0915188515519,1827.2036638618945,50.80147423312398,-32.861906672876785,-9.016324903307577,-23.845581769569208
2021-02-03 00:00:00+05:30,1864.3671588012087,1877.477572520467,1814.5177695284497,1846.6207275390625,4289395,0.0,0.0,1853.7492248535157,1889.7185595703124,1840.7133482503625,1827.9651173394307,49.662587555844155,-27.970508935320822,-3.2999417326012903,-24.670567202719532
2021-02-04 00:00:00+05:30,1833.4605549125663,1909.2316273287463,1825.4846525529688,1904.6455078125,9641674,0.0,0.0,1850.7582580566407,1889.9688061523439,1846.8021253515185,1830.9721914756296,56.39538716743981,-19.19070762128831,4.383887665144979,-23.57459528643329
2021-02-05 00:00:00+05:30,1909.2315178942265,1992.479994000841,1907.3871149198103,1976.7275390625,16268336,0.0,0.0,1852.2686889648437,1891.121318359375,1859.1759742763738,1836.6880874594285,63.01365596456628,-6.343114838256724,13.785184358541255,-20.12829919679798
2021-02-08 00:00:00+05:30,1993.9755402818928,2023.885173386121,1945.621633430057,1951.254638671875,4021475,0.0,0.0,1851.5932373046876,1893.0096166992187,1867.9453708854692,1841.1808933893285,59.57257864885878,1.7629229502026647,17.512977717600517,-15.750054767397852
2021-02-09 00:00:00+05:30,1954.0959792106896,1969.050795378119,1932.0126763295991,1943.2786865234373,2230923,0.0,0.0,1852.1415710449219,1894.2069970703126,1875.1199723747995,1845.1847284141957,58.49544247940488,7.457458676325814,18.566010754978933,-11.10855207865312
2021-02-10 00:00:00+05:30,1944.126170315988,1956.9873370139849,1931.165329180548,1946.1700439453125,2860941,0.0,0.0,1854.5642578125,1895.103291015625,1881.8866458577056,1849.1449368663964,58.78635948829649,12.064653826727408,18.538564724304422,-6.473910897577015
2021-02-11 00:00:00+05:30,1943.3285132074225,1978.77147712299,1935.4025091145004,1955.093017578125,2246777,0.0,0.0,1858.4973754882812,1896.801162109375,1888.8586812596502,1853.299763560974,59.72458209377836,16.248594888756998,18.17800462906721,-1.9294097403102128
2021-02-12 00:00:00+05:30,1954.0959652010304,1969.0507812612425,1940.1381368781656,1945.1729736328125,1690753,0.0,0.0,1861.4085693359375,1899.5299145507813,1894.2219471999515,1856.9026345441835,58.13995074520544,18.550099680877565,16.383607536950223,2.166492143927343
2021-02-15 00:00:00+05:30,1954.095990005964,1992.9785122560825,1951.1050267559544,1979.9677734375,2930435,0.0,0.0,1867.4926818847657,1902.818974609375,1902.3882163654323,1861.7287184223528,61.95306828005099,22.917529349370398,16.600829764354444,6.316699585015955
2021-02-16 00:00:00+05:30,1993.975571915409,2042.8279734273367,1991.9815963434935,2013.56640625,5480183,0.0,0.0,1876.1016845703125,1906.2765283203125,1912.9766154020579,1867.6831375528486,65.24526920632714,28.75836912198588,17.95333562957594,10.80503349240994
2021-02-17 00:00:00+05:30,2009.0300360966944,2017.404757726518,1963.2184966297104,1983.457275390625,4395224,0.0,0.0,1881.2087524414062,1909.6443505859374,1919.6890592104928,1872.2232998209968,60.21669454098797,30.604926947965396,15.839914764444362,14.765012183521034
2021-02-18 00:00:00+05:30,1973.1884052317816,1978.871186943118,1932.2620078477155,1939.58984375,3538208,0.0,0.0,1884.2919372558595,1911.8706225585938,1921.5843720237792,1874.8651250731145,53.720425648212775,28.203489934902564,10.750782201105224,17.45270773379734
2021-02-19 00:00:00+05:30,1936.3994913658275,1963.9163294074383,1919.30112681322,1932.9100341796875,2735683,0.0,0.0,1888.32724609375,1912.9712963867187,1922.663006514818,1877.1413960184702,52.78657563953149,25.467752595014645,6.412035888973843,19.0557167060408
2021-02-22 00:00:00+05:30,1932.9100021645315,1956.139865442832,1915.8116378951277,1943.727294921875,3853276,0.0,0.0,1894.3889221191407,1913.8945068359376,1924.6691292202522,1879.7526077401726,54.175794049973014,23.897053227299693,3.8730692170071137,20.02398401029258
2021-02-23 00:00:00+05:30,1959.0808739711892,1959.0808739711892,1860.379089481038,1867.30810546875,5572402,0.0,0.0,1898.3045837402344,1912.9483618164063,1919.206174577252,1879.264588043254,44.266363699286615,16.2979995414928,-2.9807875750398267,19.278787116532627
2021-02-24 00:00:00+05:30,1883.409466945874,1918.204362519201,1846.4711451486528,1905.44287109375,3821416,0.0,0.0,1905.6075134277344,1912.3870532226563,1917.8953837692995,1880.2911873785677,49.25456239050558,13.20068237835062,-4.862483790545607,18.063166168896228
2021-02-25 00:00:00+05:30,1921.195397379278,1959.280280810269,1881.8642792587573,1889.790283203125,5622516,0.0,0.0,1914.2140075683594,1911.27740234375,1915.218707524902,1880.6637009403153,47.38011926597652,9.374934770615482,-6.950585118624595,16.325519889240077
2021-02-26 00:00:00+05:30,1863.3700461451635,1863.3700461451635,1767.659225155364,1774.987060546875,8400096,0.0,0.0,1917.5738525390625,1907.8437719726562,1901.8633125746137,1876.519518964102,36.42963677273298,-2.8873745330445217,-15.37031553782768,12.482941004783159
2021-03-01 00:00:00+05:30,1805.544903968026,1849.31269268414,1795.9738454382596,1839.84130859375,3260044,0.0,0.0,1919.7622436523438,1905.4500073242189,1895.9564550526266,1875.0811577731079,44.26618656482338,-7.288134120115274,-15.816860099918745,8.528725979803472
2021-03-02 00:00:00+05:30,1839.4425493302297,1862.7720889305508,1814.6175279824852,1839.0936279296875,3837149,0.0,0.0,1918.9322509765625,1903.3623193359374,1890.5409477075848,1873.6698820929737,44.198540811031386,-10.712611067573107,-15.393069637901263,4.680458570328156
2021-03-03 00:00:00+05:30,1849.412363348085,1903.0004574343168,1845.6237610386183,1893.7783203125,2875618,0.0,0.0,1921.2901306152344,1902.9366064453125,1890.8492689080529,1874.458448297661,50.19353118463609,-8.911213146096998,-10.873337373140123,1.9621242270431256
2021-03-04 00:00:00+05:30,1858.285528971372,1904.6454602795611,1844.4273746268968,1891.983642578125,4022514,0.0,0.0,1920.6570373535155,1902.8319213867187,1890.9573044956787,1875.1457108184638,50.00366389693649,-7.5414743870433085,-7.602878891269148,0.061404504225838874
2021-03-05 00:00:00+05:30,1869.8505592693436,1922.491562111635,1862.3731510078023,1916.708984375,5407986,0.0,0.0,1917.6561096191406,1902.86681640625,1893.4098454365665,1876.7756431147986,52.660510492478,-4.409982573366733,-3.5771096620740575,-0.8328729112926755
2021-03-08 00:00:00+05:30,1914.21650304502,1941.982587876271,1887.5969784805927,1910.0789794921875,4698010,0.0,0.0,1915.5973266601563,1901.97451171875,1894.9973820132923,1878.081656306069,51.8646156473432,-2.435167637937411,-1.2818357813157886,-1.1533318566216226
2021-03-09 00:00:00+05:30,1912.0233053476788,1985.002765681127,1912.0233053476788,1972.989013671875,7918345,0.0,0.0,1917.0828430175782,1901.7761108398438,1902.425156456967,1881.8035134576694,58.304146796641845,4.158267504017431,4.249279488511243,-0.09101198449381198
2021-03-10 00:00:00+05:30,1977.2760932874655,1993.3275728430367,1951.304511904976,1958.0341796875,2761470,0.0,0.0,1917.6760498046874,1901.0712377929688,1907.721253907494,1884.7929513490353,56.37346418092209,8.083698394214025,6.539768302966269,1.5439300912477554
2021-03-12 00:00:00+05:30,1973.0388125744,1974.0358003523556,1906.2406314513653,1929.3209228515625,2620265,0.0,0.0,1916.3874450683593,1899.4202294921874,1909.7783652355006,1886.5391463099188,52.760949761298775,8.77654030253575,5.786088169030395,2.9904521335053547
2021-03-15 00:00:00+05:30,1938.14434473091,1938.14434473091,1887.397639759315,1912.8707275390625,2643553,0.0,0.0,1914.7723327636718,1897.8858666992187,1910.072875931078,1887.5717573385127,50.7542581432854,7.907081313442404,3.93330334394964,3.9737779694927644
2021-03-16 00:00:00+05:30,1919.301220600954,1935.8511940091344,1894.276850755185,1897.4671630859373,2769224,0.0,0.0,1910.6473022460937,1896.0743383789063,1908.8723318505884,1887.9598124658628,48.879564883581146,5.906997689676473,1.546575776146967,4.360421913529506
2021-03-17 00:00:00+05:30,1897.467044785806,1911.9233672192177,1855.3942102468504,1862.7220458984373,2694994,0.0,0.0,1903.1050842285156,1894.13619140625,1904.477066521812,1886.9700961298854,44.85494136263782,1.5009741325698087,-2.287558224767758,3.7885323573375667
2021-03-18 00:00:00+05:30,1875.3341578725776,1887.1983377041615,1819.602512359764,1824.8865966796875,2197575,0.0,0.0,1895.1765502929688,1891.5569873046875,1896.897021774943,1884.5354490926227,40.9052199929472,-4.986356217457342,-7.019910859835926,2.033554642378585
2021-03-19 00:00:00+05:30,1812.972220210808,1866.360959809474,1808.5855717271809,1828.625,4803016,0.0,0.0,1889.6283081054687,1888.8401904296875,1890.3949244630437,1882.3428824615396,41.45378353788369,-9.713977665944185,-9.398025846658216,-0.31595181928596894
2021-03-22 00:00:00+05:30,1827.4785891561328,1844.3774832389715,1799.562931493082,1817.1597900390625,2434097,0.0,0.0,1883.8407958984376,1886.2530078125,1883.4201497559977,1879.7866827586975,40.22065732801567,-14.221857627700274,-11.124724646731444,-3.09713298096883
2021-03-23 00:00:00+05:30,1838.445484273965,1838.445484273965,1793.4314612268429,1807.18994140625,4250856,0.0,0.0,1877.0139282226562,1883.101533203125,1876.1601299131646,1876.9397517252683,39.130595708521575,-18.386915521406536,-12.231826032350163,-6.155089489056372
2021-03-24 00:00:00+05:30,1794.57811794823,1799.5630571647528,1768.0083675836397,1777.0809326171875,3046161,0.0,0.0,1872.5025695800782,1879.9969116210937,1866.7240158849763,1873.023719603383,35.960850082207884,-23.84245827005975,-14.149895024802703,-9.692563245257048
2021-03-25 00:00:00+05:30,1787.4994782058875,1793.3817306560684,1739.7437375174643,1757.58984375,4113013,0.0,0.0,1865.1099182128905,1877.1943823242189,1856.3302852054546,1868.496900942466,34.038624804052674,-29.399879669150096,-15.765853139114437,-13.634026530035658
2021-03-26 00:00:00+05:30,1779.623263476533,1787.0009977048585,1757.4402844219935,1765.71533203125,3310757,0.0,0.0,1858.9061706542968,1874.9800756835937,1847.7002896650542,1864.4662511812421,35.58445946242464,-32.77075629079741,-15.309383808609397,-17.46137248218801
2021-03-30 00:00:00+05:30,1776.7319367751572,1796.5221202951063,1769.6533477247806,1775.884521484375,5575524,0.0,0.0,1858.9510437011718,1872.7587841796876,1840.8606926954658,1860.9924578597963,37.556791821782966,-34.22708318852506,-13.412568565069638,-20.81451462345542
2021-03-31 00:00:00+05:30,1773.4419382821302,1773.6412871600694,1737.3509070845123,1747.7196044921875,3798383,0.0,0.0,1854.3449584960938,1870.5474658203125,1831.9901128665822,1856.5503851787137,34.41389519403179,-37.224801820724906,-13.128229757815586,-24.09657206290932
2021-04-01 00:00:00+05:30,1764.6682830415791,1807.7880023870864,1745.3765947963063,1799.1142578125,3802652,0.0,0.0,1852.3459899902343,1869.7020239257813,1828.8590790519077,1854.2979880270975,43.67635820366889,-35.049369124438044,-8.762237649222978,-26.287131475215066
2021-04-05 00:00:00+05:30,1780.7197509743246,1794.1790852594993,1729.1755342817712,1753.9007568359375,2448241,0.0,0.0,1845.3521118164062,1867.153720703125,1821.7201912218152,1850.3608417058756,38.522170022041024,-36.55232228502814,-8.212152647850456,-28.340169637177684
2021-04-06 00:00:00+05:30,1770.6501452376426,1776.0836794910315,1723.4925786119293,1762.973388671875,2873045,0.0,0.0,1838.9015991210938,1864.8546655273437,1816.1252576456304,1846.9338827633658,40.050953450332905,-36.58955629817865,-6.599509328800771,-29.99004696937788
2021-04-07 00:00:00+05:30,1760.7303876121296,1805.245796398376,1740.341913678276,1786.6021728515625,3158142,0.0,0.0,1832.396258544922,1863.5426318359375,1813.3135352842905,1844.56793335506,43.959558225887974,-34.31683598875543,-3.4614312155020386,-30.85540477325339
2021-04-08 00:00:00+05:30,1790.5900118726342,1818.206524065128,1773.3420749925954,1777.87841796875,2890290,0.0,0.0,1825.78623046875,1862.6503247070314,1809.9387622066201,1841.9526582418714,42.84878662284761,-32.841051680129794,-1.5885175255011212,-31.252534154628673
2021-04-09 00:00:00+05:30,1764.6683086539963,1801.0084632782864,1738.8463017179167,1793.8302001953125,3139384,0.0,0.0,1816.8282897949218,1862.74703125,1808.4046134436385,1840.0655030243595,45.557719231831975,-30.038046569200105,0.9715900683428558,-31.00963663754296
2021-04-12 00:00:00+05:30,1751.9567905770823,1762.6744092987803,1718.1091038533227,1737.251220703125,3328336,0.0,0.0,1805.7891418457032,1862.3043701171875,1801.6280998493037,1836.0335703843111,38.57384706726753,-32.013068888284806,-0.8027458005934776,-31.21032308769133
2021-04-13 00:00:00+05:30,1740.541322525002,1780.6700808433773,1718.258548183642,1770.500732421875,3118742,0.0,0.0,1797.8481323242188,1863.3611767578125,1798.663588665739,1833.463655170098,44.0062127357792,-30.543247048029116,0.5336608317297724,-31.07690787975889
2021-04-15 00:00:00+05:30,1794.5779922767165,1804.0493761248435,1747.3207474729077,1767.9085693359375,3546886,0.0,0.0,1790.6000244140625,1864.563544921875,1795.734539205758,1830.892867490327,43.68187410778255,-29.250388279207755,1.4612156804409082,-30.711603959648663
2021-04-16 00:00:00+05:30,1768.656213500779,1782.7636140651075,1754.7482835018109,1758.7860107421875,2912279,0.0,0.0,1783.665966796875,1863.8177954101564,1792.215631733037,1828.065147617851,42.49484876149976,-28.63185245608065,1.6638012028544118,-30.295653658935063
2021-04-19 00:00:00+05:30,1714.8189677348228,1714.8189677348228,1669.9545179975746,1695.626953125,3865423,0.0,0.0,1775.311212158203,1860.61646484375,1783.0167099608432,1822.871492931857,35.33549842919312,-32.85928508313759,-2.0509051393620226,-30.80837994377557
2021-04-20 00:00:00+05:30,1719.803873907986,1728.37794424318,1679.2762974084155,1692.5860595703125,3317008,0.0,0.0,1768.6961853027344,1857.535771484375,1774.404267066507,1817.762260251012,35.02949837394708,-36.03948978866288,-4.184887875909844,-31.854601912753033
2021-04-22 00:00:00+05:30,1684.6600959609532,1734.5094848043016,1664.171948465293,1730.8206787109375,3590444,0.0,0.0,1763.8059692382812,1854.0592749023438,1770.2534491278814,1814.3527864651269,41.8483685268551,-35.07034163745857,-2.572591779764423,-32.497749857694146
2021-04-23 00:00:00+05:30,1728.6771729702475,1751.0595004278134,1715.0682651423292,1728.9761962890625,1893450,0.0,0.0,1759.3967895507812,1849.104248046875,1766.322282190851,1811.004684889595,41.6214261529578,-34.05851371632298,-1.248611086903061,-32.809902629419916
2021-04-26 00:00:00+05:30,1734.7586540264542,1777.629126511016,1728.0788849017615,1754.3494873046875,3253062,0.0,0.0,1756.7547668457032,1845.1661450195313,1765.1820160112163,1808.782912435285,45.96270448146846,-30.85355963764755,1.5650743934178948,-32.418634031065444
2021-04-27 00:00:00+05:30,1744.7285649544742,1757.290586281625,1719.3552753623217,1745.0277099609375,4533360,0.0,0.0,1755.1521057128907,1841.2011254882811,1763.262558292142,1806.2827084166834,44.64904462795935,-28.734565778498336,2.9472546020536896,-31.681820380552026
2021-04-28 00:00:00+05:30,1757.191025370436,1818.5057760429363,1748.7166289360257,1805.9935302734373,4174599,0.0,0.0,1757.5722900390624,1838.3975952148437,1767.332174671313,1806.2713680973404,53.924225308592504,-21.88355568411089,7.838611757152911,-29.7221674412638
2021-04-29 00:00:00+05:30,1819.6022953944275,1839.890971512296,1775.1865647097868,1799.5628662109375,3960095,0.0,0.0,1759.264666748047,1835.2869921875,1770.4017643417535,1806.0082895919913,52.9169546480305,-16.779557379430344,10.354088049466768,-27.13364542889711
2021-04-30 00:00:00+05:30,1774.6381956936152,1796.571926202188,1734.2102937342715,1743.5322265625,2621783,0.0,0.0,1757.6470520019532,1831.2541772460938,1767.8427607437295,1803.5582479045604,45.025218761464714,-17.059158937411212,8.059589193188721,-25.118748130599933
2021-05-03 00:00:00+05:30,1729.7737229716602,1753.7014286496544,1679.9243361425058,1720.25244140625,5593869,0.0,0.0,1756.2736938476562,1826.0598706054689,1763.3103493782553,1800.2913535320777,42.20866900415796,-18.940890496015527,4.942286107667524,-23.88317660368305
2021-05-04 00:00:00+05:30,1745.7256096981027,1758.686450889465,1720.1030723316076,1727.430908203125,4255151,0.0,0.0,1752.6895263671875,1820.3371606445312,1759.8932597425287,1797.4340811662364,43.38473727863716,-19.626689773279168,3.405189464323108,-23.031879237602276
2021-05-05 00:00:00+05:30,1735.7556307796838,1772.6441766377245,1716.7131895556486,1765.416015625,2411643,0.0,0.0,1753.2652893066406,1815.9763354492188,1760.41923649324,1796.1784707528548,49.2679990940653,-16.91017989960983,4.897359470393958,-21.807539370003788
2021-05-06 00:00:00+05:30,1776.333084659261,1788.2969380577476,1757.8888106699274,1782.8634033203125,2380255,0.0,0.0,1754.2597900390624,1812.841806640625,1762.5567761910565,1795.656311245696,51.7482708405763,-13.19733719212718,6.8881617423012855,-20.085498934428465
2021-05-07 00:00:00+05:30,1790.58994268417,1807.5387339011136,1768.1577190146857,1774.987060546875,1610730,0.0,0.0,1753.6790344238282,1809.6833471679688,1763.7406127963725,1794.8457523947618,50.54686326879092,-10.76633008195654,7.455335081977541,-18.22166516393408
2021-05-10 00:00:00+05:30,1803.5507368510532,1807.7879345468064,1785.2061389571563,1803.899658203125,1332490,0.0,0.0,1754.9800964355468,1806.8867944335936,1767.5652837874918,1795.2008075245014,54.704063592902834,-6.432583614720443,9.431265239370912,-15.863848854091355
2021-05-11 00:00:00+05:30,1771.2485483174785,1788.9949803112077,1747.9689069079373,1750.1622314453125,2955976,0.0,0.0,1752.796697998047,1804.543876953125,1765.9078502310938,1793.4345888547293,46.82523718521685,-7.250638703808818,6.89056812022603,-14.141206824034848
2021-05-12 00:00:00+05:30,1748.7166314686667,1748.7166314686667,1710.3824985761833,1713.6724853515625,3181830,0.0,0.0,1751.6177612304687,1800.7084692382812,1760.9330535759002,1790.306663227154,42.3634214525178,-10.71979963061517,2.737125754735743,-13.456925385350914
2021-05-14 00:00:00+05:30,1723.6922562083807,1723.6922562083807,1695.9759462942236,1701.50927734375,2937892,0.0,0.0,1748.1681884765626,1796.9428491210938,1755.2736463156955,1786.824412800354,40.962293225214346,-14.285924646478406,-0.6631994089019919,-13.622725237576415
2021-05-17 00:00:00+05:30,1711.827997987413,1749.7135331787476,1704.8490836100618,1738.896240234375,4211441,0.0,0.0,1746.7175720214843,1796.2210327148437,1753.7138933555698,1784.9448766212959,46.78805503026448,-13.934658891034132,-0.2495469227661733,-13.68511196826796
2021-05-18 00:00:00+05:30,1762.6743991544174,1765.6154644312385,1744.828293510239,1749.813232421875,4658414,0.0,0.0,1746.2689331054687,1794.4204711914062,1753.3424018380751,1783.5671650840636,48.389560039746875,-12.629779974904977,0.8442655946903859,-13.474045569595363
2021-05-19 00:00:00+05:30,1742.6847705740608,1745.0775656266817,1722.2465207415544,1725.3372802734375,2372042,0.0,0.0,1747.7544494628905,1792.1453442382813,1750.6752474033478,1781.2836401895293,45.111423919473054,-13.41600743450931,0.04643050806884119,-13.462437942578152
2021-05-20 00:00:00+05:30,1726.7828007341084,1731.767739535304,1699.9638056431554,1703.054443359375,2598038,0.0,0.0,1748.2778686523438,1788.3308666992189,1746.1399327324932,1778.2158285491312,42.301790686219796,-15.656656879657021,-1.7553751496630934,-13.901281729993928
2021-05-21 00:00:00+05:30,1710.3326508165442,1759.135157225832,1710.3326508165442,1752.355712890625,4293112,0.0,0.0,1749.3546203613282,1785.5383081054688,1746.7319117951724,1777.2017063664448,49.75776421257931,-13.300863213053162,0.48033481355261287,-13.781198026605775
2021-05-24 00:00:00+05:30,1758.3375125711927,1773.5415761300155,1736.7527029160144,1751.70751953125,3613907,0.0,0.0,1750.4911865234376,1782.2382788085938,1747.2057791986085,1776.2019343336922,49.66689010727828,-11.355286868022404,1.940728926866699,-13.296015794889103
2021-05-25 00:00:00+05:30,1765.067254741212,1768.5567120990986,1732.7648251448247,1745.2271728515625,2201625,0.0,0.0,1750.0350708007813,1778.9412426757813,1747.01734049889,1774.9872378049813,48.70910563572789,-10.218520670517364,2.4619960994973926,-12.680516770014757
2021-05-26 00:00:00+05:30,1754.748324825804,1756.493053375137,1731.6680342469654,1735.40673828125,2845100,0.0,0.0,1749.554022216797,1774.1895971679687,1745.9115688591148,1773.4350613530705,47.2229274567484,-9.994837995225907,2.148543019831081,-12.143381015056988
2021-05-27 00:00:00+05:30,1734.7586905682936,1778.0777597637982,1720.5017170164886,1771.896484375,5339988,0.0,0.0,1747.849169921875,1770.4668432617189,1748.3863227177706,1773.3747250009894,52.965447971783334,-6.794823812003642,4.278845762442678,-11.07366957444632
2021-05-28 00:00:00+05:30,1780.6202354108098,1807.5389063828657,1772.893579854016,1795.3258056640625,3247009,0.0,0.0,1747.6373168945313,1767.7869409179686,1752.8567496650364,1774.235551693659,56.256567581072574,-2.3412506161980673,6.985935166598603,-9.32718578279667
2021-05-31 00:00:00+05:30,1793.581015739555,1806.3425080011805,1779.6231868232935,1802.2547607421875,2310809,0.0,0.0,1750.5734436035157,1765.5746215820313,1757.5613221485746,1775.3343442053663,57.21015408930258,1.7274342085852368,8.843695993105527,-7.116261784520289
2021-06-01 00:00:00+05:30,1809.532816127465,1818.5057061247912,1782.6141461354862,1791.5870361328125,2289816,0.0,0.0,1754.1401733398438,1763.4570190429688,1760.8018663375497,1775.9717046731093,55.21448292239988,4.044477800945515,8.928591668372643,-4.884113867427129
2021-06-02 00:00:00+05:30,1787.5992079224188,1787.5992079224188,1764.668487463849,1777.72900390625,3098849,0.0,0.0,1756.655078125,1761.757158203125,1762.413974677426,1776.0406183685266,52.64532877668178,4.708250377445893,7.673891395898417,-2.965641018452525
2021-06-03 00:00:00+05:30,1784.608293702983,1822.443934824185,1784.608293702983,1808.7353515625,3444131,0.0,0.0,1758.821044921875,1761.4341333007812,1766.8255343807664,1777.3227647682902,57.41933836334649,7.648085680587883,8.490981359232325,-0.8428956786444433
2021-06-04 00:00:00+05:30,1814.5178040553064,1815.464893788466,1791.5870845535087,1805.7442626953125,1508706,0.0,0.0,1759.965087890625,1760.9765185546876,1770.5320799345327,1778.4373333144479,56.82420104083285,9.625612396714587,8.374806460287225,1.2508059364273627
2021-06-07 00:00:00+05:30,1819.502780228847,1819.502780228847,1801.5569993827544,1809.4332275390625,1096139,0.0,0.0,1761.6873962402344,1760.8219873046876,1774.236951134964,1779.6528585781582,57.410503068932336,11.359539499201674,8.086986850219448,3.272552648982225
2021-06-08 00:00:00+05:30,1809.5327998915384,1811.028281544341,1782.464557635284,1788.1474609375,1331031,0.0,0.0,1760.8997863769532,1760.4411376953126,1775.5617615923486,1779.985980239309,52.94305536419614,10.890566081376619,6.094410745915514,4.796155335461105
2021-06-09 00:00:00+05:30,1784.5085780397867,1806.541985196416,1769.6534347260697,1777.5296630859375,2037714,0.0,0.0,1762.2681579589844,1760.4501123046875,1775.7491807822144,1779.8896540764317,50.818726534185,9.552023933025794,3.804694878051751,5.747329054974043
2021-06-10 00:00:00+05:30,1782.3149920660398,1797.5689536650398,1770.650283809823,1794.12939453125,1854489,0.0,0.0,1766.2910034179688,1761.1809033203126,1777.4996773297414,1780.4480752707384,53.930966905887814,9.718648702086057,3.177055717689611,6.541592984396446
2021-06-11 00:00:00+05:30,1803.5508411786536,1804.5478289294435,1782.6140984120689,1788.9449462890625,1621928,0.0,0.0,1770.6627868652345,1761.6454956054688,1778.589702944915,1780.7812858989082,52.8070063394697,9.324867123459171,2.2266193112501798,7.098247812208991
2021-06-14 00:00:00+05:30,1784.5085247781824,1784.5085247781824,1754.2000706855476,1762.724365234375,2543002,0.0,0.0,1771.8541931152345,1761.3822924804688,1777.078718401054,1780.0731713630441,47.42388189205285,6.818412217055766,-0.22386847612258087,7.042280693178347
2021-06-15 00:00:00+05:30,1770.451060670738,1778.7758848210997,1760.680531126137,1765.5657958984375,1735824,0.0,0.0,1772.6418212890626,1761.7392163085938,1775.982249591281,1779.5042546781576,48.04200459379876,5.003629625787198,-1.6309208539129187,6.634550479700117
2021-06-16 00:00:00+05:30,1765.515755428158,1775.5853074919978,1747.7195482025552,1755.296630859375,2845543,0.0,0.0,1774.1397888183594,1760.8628637695313,1774.0121906644329,1778.554936097029,45.93987845405186,2.7055773403290004,-3.1431785114968935,5.848755851825894
2021-06-17 00:00:00+05:30,1741.986806653708,1766.4629040417738,1730.770694720754,1760.730224609375,2578242,0.0,0.0,1777.0235778808594,1760.999453125,1772.747241516332,1777.8559278033956,47.254969776804955,1.3077253093824766,-3.6328244339547338,4.94054974333721
2021-06-18 00:00:00+05:30,1769.6034175868597,1771.2983698403227,1728.0290756972558,1755.1470947265625,2678789,0.0,0.0,1777.1631469726562,1760.8429272460937,1771.0710370601637,1776.9653853297943,46.01627139567602,-0.2477386406651476,-4.150630707201886,3.902892066536739
2021-06-21 00:00:00+05:30,1734.7587725914975,1771.8466700830984,1726.0850274095849,1766.7122802734375,1279321,0.0,0.0,1777.9133850097655,1760.4451293945312,1770.6559173661897,1776.5633027785645,48.99862751481428,-0.5410048412002197,-3.555117526189567,3.0141126849893474
2021-06-22 00:00:00+05:30,1774.6384197538962,1779.6233591352272,1748.716734970974,1751.807373046875,1571743,0.0,0.0,1778.2423950195312,1759.9237084960937,1768.8608179072073,1775.592482004773,45.509177620967705,-1.9536019583686084,-3.9741717146863644,2.020569756317756
2021-06-23 00:00:00+05:30,1758.6865669795402,1758.6865669795402,1722.0472635007998,1731.46875,7602349,0.0,0.0,1778.0454956054687,1758.6764794921876,1765.2996685827115,1773.8621395732132,41.19772840599702,-4.66052858144667,-5.344878670211541,0.6843500887648708
2021-06-24 00:00:00+05:30,1729.7738721069234,1737.6501002455125,1721.9973184100652,1732.6651611328125,3595393,0.0,0.0,1776.0839294433595,1758.5847583007812,1762.1916202541497,1772.2465717912369,41.5485314040133,-6.632788397121658,-5.853710788709223,-0.779077608412435
2021-06-25 00:00:00+05:30,1729.7738037109375,1748.7165715901926,1715.716300309486,1729.7738037109375,9577645,0.0,0.0,1772.806329345703,1757.7702197265626,1759.104209154796,1770.5809730429899,40.91328882035218,-8.333068464171902,-6.043192684607574,-2.2898757795643285
2021-06-28 00:00:00+05:30,1729.773789394009,1742.7346304672783,1717.0122971946696,1727.8297119140625,3500507,0.0,0.0,1769.0850769042968,1756.968642578125,1756.1256856080595,1768.9044529987182,40.46530083257967,-9.72531722455551,-5.948353155992946,-3.776964068562565
2021-06-29 00:00:00+05:30,1732.565379838767,1732.7647287099346,1696.8731693120303,1700.7115478515625,10394662,0.0,0.0,1764.5413024902343,1755.8071533203124,1750.8481486788692,1766.23022142432,34.749481357037425,-12.86855293383519,-7.273271092218099,-5.595281841617091
2021-06-30 00:00:00+05:30,1700.7115478515625,1738.2481613957254,1693.3338140792496,1700.7115478515625,8822099,0.0,0.0,1760.6904296875,1755.9088452148437,1746.0732343143636,1763.6608616763688,34.749481357037425,-15.184551817928195,-7.671415981048883,-7.513135836879313
2021-07-01 00:00:00+05:30,1704.7492670258505,1720.0031055857205,1701.0105632068726,1710.9305419921875,2988386,0.0,0.0,1755.8001892089844,1756.2757348632813,1742.726311236061,1761.5930060024793,38.5433463522373,-16.010847116835293,-6.798169023964784,-9.21267809287051
2021-07-02 00:00:00+05:30,1721.7979236197066,1722.7949114156647,1704.8491310884183,1709.983642578125,2242551,0.0,0.0,1751.012158203125,1755.858994140625,1739.607961840067,1759.5691093976027,38.321007579048334,-16.55130581292042,-5.870902176039927,-10.680403636880492
2021-07-05 00:00:00+05:30,1721.7977507640237,1734.5592419521738,1716.3143184367498,1725.8853759765625,1887671,0.0,0.0,1746.834765625,1755.797177734375,1738.3010489006856,1758.248178675209,44.1478222183209,-15.517608898434446,-3.8697642092431632,-11.647844689191283
2021-07-06 00:00:00+05:30,1723.7918959664814,1754.698517583,1721.7979203783188,1750.0625,3692222,0.0,0.0,1744.930517578125,1755.7114379882812,1739.4211871006203,1757.9271716683381,51.629803801220206,-12.602234084378324,-0.7635115161496326,-11.838722568228691
2021-07-07 00:00:00+05:30,1750.710586110702,1763.1729336769797,1737.899317153091,1756.4931640625,2726182,0.0,0.0,1743.8786926269531,1755.9407470703125,1741.0470896684185,1757.8709360759524,53.41726797753985,-9.661505867988353,1.741773360192271,-11.403279228180624
2021-07-08 00:00:00+05:30,1752.7045692756578,1757.6895083236543,1719.8039715588793,1727.08203125,2208015,0.0,0.0,1740.5263244628907,1754.3625170898438,1739.7170841047596,1756.663528043562,45.19181386957282,-9.593601126594649,1.4477424812687811,-11.04134360786343
2021-07-09 00:00:00+05:30,1723.7918885218212,1724.7888763115966,1709.784161394431,1714.868896484375,1698166,0.0,0.0,1736.8225219726562,1752.6686376953126,1737.3505900456753,1755.0245228843783,42.28031575135984,-10.40533777915266,0.5088046629686165,-10.914142442121276
2021-07-12 00:00:00+05:30,1726.7828082255214,1737.7496736357296,1719.953466378777,1726.73291015625,1737065,0.0,0.0,1735.02294921875,1752.3326513671875,1736.3393824371585,1753.915047875432,45.92486266019408,-9.976317396031163,0.750260036872092,-10.726577432903255
2021-07-13 00:00:00+05:30,1737.7495616640745,1747.2209448171488,1718.407975937276,1741.8870849609375,2066639,0.0,0.0,1733.839013671875,1752.7653442382812,1736.8677350584708,1753.4433630552558,50.246319209407496,-8.317620047102992,1.9271659086402106,-10.244785955743202
2021-07-14 00:00:00+05:30,1734.758802291345,1752.654684932788,1730.3720315542237,1742.88427734375,2158984,0.0,0.0,1733.2183959960937,1753.0744116210938,1737.4407390856402,1753.0292812626478,50.5264988080527,-6.843735038947898,2.720840733436244,-9.564575772384142
2021-07-15 00:00:00+05:30,1751.7074584920492,1751.7074584920492,1734.7586669187056,1744.7784423828125,1950556,0.0,0.0,1732.4208068847656,1752.66166015625,1738.1395679710852,1752.7057189536347,51.089920046034926,-5.459889060337673,3.2837493696371762,-8.74363842997485
2021-07-16 00:00:00+05:30,1750.2121516443317,1756.6925725988676,1734.7588401373607,1744.230224609375,1838050,0.0,0.0,1731.8749633789062,1751.8889965820313,1738.7196305080652,1752.3733466264089,50.909212236057726,-4.3571907620387265,3.5091581343488985,-7.866348896387625
2021-07-19 00:00:00+05:30,1728.6770128614614,1734.7586135454396,1706.842957695283,1717.6104736328125,2146337,0.0,0.0,1729.419873046875,1750.74146484375,1736.709234615184,1751.0100967050914,42.96281935535432,-5.567111651678033,1.8393897957676737,-7.406501447445707
2021-07-20 00:00:00+05:30,1717.610568013807,1718.607555777525,1690.8912472651311,1697.521240234375,2143859,0.0,0.0,1726.70556640625,1748.613896484375,1732.9770446741545,1748.9124944905536,38.126206639727236,-8.05417243002671,-0.5181367860648027,-7.536035643961908
2021-07-22 00:00:00+05:30,1701.4095504200743,1716.7630649221453,1698.0197676160365,1702.0574951171875,1858253,0.0,0.0,1725.2350036621094,1747.6518017578126,1730.0323256687293,1747.0750435347354,39.774918284840794,-9.549072394718905,-1.6104294006055975,-7.938642994113308
2021-07-23 00:00:00+05:30,1704.8491881273642,1722.0971262555472,1689.0469553732569,1717.7601318359375,1995800,0.0,0.0,1724.4897521972657,1747.7335546875,1728.8635453037016,1745.9254391543905,45.21675531846319,-9.358836988982603,-1.1361551958954355,-8.222681793087167
2021-07-26 00:00:00+05:30,1706.4444075426486,1744.7287659473898,1668.30962165837,1735.3570556640625,3939095,0.0,0.0,1724.7689147949218,1748.4105102539063,1729.481974861831,1745.510992743005,50.60335208952093,-7.69939553108793,0.41862900959939076,-8.11802454068732
2021-07-27 00:00:00+05:30,1746.7225645356166,1747.7195523007626,1688.747701651861,1692.8353271484375,4301131,0.0,0.0,1723.0191955566406,1747.4892919921874,1725.991817936746,1743.4452803667477,40.293346633815624,-9.703567654712515,-1.2684344912201553,-8.43513316349236
2021-07-28 00:00:00+05:30,1699.8642784306553,1700.661917388972,1641.0419954820284,1647.871337890625,5052755,0.0,0.0,1720.3771850585938,1745.4504541015624,1718.5517722180678,1739.697282622586,32.70520976229136,-14.750076949859476,-5.051955029093694,-9.698121920765782
2021-07-29 00:00:00+05:30,1658.987731548972,1658.987731548972,1630.174759226619,1636.705078125,2994265,0.0,0.0,1717.1768615722656,1743.6778100585936,1710.7568489711089,1735.6583726422887,31.136993109465294,-19.426558493459197,-7.78274925815473,-11.643809235304467
2021-07-30 00:00:00+05:30,1636.7051371190898,1664.8700440334717,1621.1022528419264,1649.8155517578125,3222001,0.0,0.0,1714.121112060547,1742.6130322265626,1704.9529159031758,1732.2919875095643,35.07346099900635,-21.823233504277823,-8.143539415178683,-13.67969408909914
2021-08-02 00:00:00+05:30,1659.9846761471117,1672.2476746879818,1652.5072676959985,1660.0843505859375,2590976,0.0,0.0,1711.6261474609375,1740.7676049804688,1700.679719206296,1729.4603154733436,38.060063566613564,-22.633109079122505,-7.162731992018692,-15.470377087103813
2021-08-03 00:00:00+05:30,1659.9845667758598,1684.1615191748476,1659.9845667758598,1680.5723876953125,3230140,0.0,0.0,1709.360498046875,1739.34490234375,1698.764735252869,1727.5431418349895,43.631381726187605,-21.375326479986597,-4.723959514306227,-16.65136696568037
2021-08-04 00:00:00+05:30,1693.5832058832923,1747.9689415817556,1679.9245210695897,1744.6788330078125,7004160,0.0,0.0,1709.0913146972657,1739.333935546875,1703.1375064676256,1728.2151297241198,56.74238216128111,-15.032386339153845,1.2951845012212218,-16.327570840375067
2021-08-05 00:00:00+05:30,1756.3933101427713,1787.5990761032524,1747.2709693864283,1766.4130859375,6052092,0.0,0.0,1709.5873107910156,1739.9540625,1709.163752131423,1729.7130887913113,60.12840408551012,-8.157750538251094,6.535856241699179,-14.693606779950272
2021-08-06 00:00:00+05:30,1763.671428361443,1779.3240882305813,1750.860159398153,1771.8466796875,3640469,0.0,0.0,1711.8255432128906,1739.95306640625,1715.1335547558112,1731.365386473515,60.95132963838172,-2.2452249758543985,9.958705443276699,-12.203930419131098
2021-08-09 00:00:00+05:30,1771.8464729182906,1784.209144607354,1756.7919831488905,1775.535400390625,1596886,0.0,0.0,1714.858868408203,1739.5572583007813,1720.8861114829365,1733.097543882029,61.531789513839485,2.7069391530631037,11.928695657755362,-9.221756504692259
2021-08-10 00:00:00+05:30,1779.6230610797902,1819.4028950209172,1773.940279817887,1807.7879638671875,4594848,0.0,0.0,1718.91162109375,1739.6679223632811,1729.1624783766745,1736.0265799598783,66.25510718771964,9.128845580936968,14.680481668503381,-5.551636087566413
2021-08-11 00:00:00+05:30,1815.4188929279635,1815.4188929279635,1757.7145310410774,1776.1180419921875,3101903,0.9,0.0,1720.6231689453125,1739.3585424804687,1733.6344368162472,1737.598794157224,58.64107773956669,11.529845788462808,13.665185500823377,-2.1353397123605684
2021-08-12 00:00:00+05:30,1770.631934676229,1786.4919377052856,1757.564932572146,1783.2001953125,1641690,0.0,0.0,1722.63896484375,1739.4679663085938,1738.354985244462,1739.3870843986074,59.75488833222794,13.844535152805975,12.783899892133235,1.06063526067274
2021-08-13 00:00:00+05:30,1779.5094581279714,1794.47170132972,1769.3849825421787,1783.4993896484375,1839917,0.0,0.0,1724.5750122070312,1738.9632470703125,1742.654452330555,1741.1169787221302,59.804137195659905,15.524133090097848,11.570798263540087,3.9533348265577617
2021-08-16 00:00:00+05:30,1779.50951862169,1796.66617603771,1767.2903529248763,1777.8636474609375,1553661,0.0,0.0,1726.2566833496094,1738.405634765625,1746.007709009639,1742.5580245550245,58.35554012683686,16.213569326977677,9.808187600335932,6.405381726641744
2021-08-17 00:00:00+05:30,1774.5219485953842,1790.4816738216496,1772.5769057886491,1783.848388671875,1419337,0.0,0.0,1729.5685791015626,1737.8939379882813,1749.6115832631854,1744.1772545203912,59.47803863484761,17.046371155297948,8.512791542924962,8.533579612372986
2021-08-18 00:00:00+05:30,1783.848389926291,1786.04292520427,1741.2059990573766,1745.295654296875,2763653,0.0,0.0,1731.9572998046874,1737.0369018554688,1749.2005424092508,1744.2211133351552,50.10820503257481,14.429158778280453,4.716463332725974,9.712695445554479
2021-08-20 00:00:00+05:30,1727.6403013525437,1727.6403013525437,1692.7284014984218,1699.261962890625,5643242,0.0,0.0,1731.8175231933594,1735.4715478515625,1744.4444872170009,1742.458009396154,41.667511969550894,8.541998099738976,-0.9365578766524028,9.478555976391378
2021-08-23 00:00:00+05:30,1720.209010928013,1720.209010928013,1695.7207594901608,1712.5283203125,3093169,0.0,0.0,1731.5559326171874,1733.8395263671875,1741.404852273715,1741.284296098756,44.56558487782291,4.890490489524609,-3.6704523894934162,8.560942879018025
2021-08-24 00:00:00+05:30,1720.6579012656032,1720.6579012656032,1687.3419500131274,1700.6085205078125,4707971,0.0,0.0,1729.818505859375,1732.0727978515624,1737.519487343629,1739.6891676442092,42.521453257307236,1.0230233975066767,-6.0303355852090785,7.053358982715755
2021-08-25 00:00:00+05:30,1700.7082714362798,1712.3787721596864,1689.7359600076586,1692.9278564453125,2913810,0.0,0.0,1729.8231323242187,1730.6768676757813,1733.2726653533132,1737.8553907344485,41.20978477124936,-2.631404345071587,-7.747810662229875,5.116406317158288
2021-08-26 00:00:00+05:30,1689.5366567397857,1712.1794708296898,1684.6489659688434,1693.227294921875,4382577,0.0,0.0,1732.0909301757813,1729.23009765625,1729.4588205503192,1736.105269330034,41.28582658274357,-5.440685639900721,-8.445673565647207,3.0049879257464855
2021-08-27 00:00:00+05:30,1690.7335812567026,1719.4611385992062,1690.7335812567026,1709.2369384765625,3661315,0.0,0.0,1735.7175231933593,1728.3089038085936,1727.5329270194852,1735.0516092965645,45.355439324141905,-6.3025648250493305,-7.4460422006366525,1.1434773755873224
2021-08-30 00:00:00+05:30,1711.6307783089392,1735.1714727749682,1711.6307783089392,1731.480712890625,2561253,0.0,0.0,1739.80078125,1727.7239135742188,1727.9089066262604,1734.9115741433905,50.49012074292762,-5.131570047333753,-5.02003793833686,-0.1115321089968927
2021-08-31 00:00:00+05:30,1739.6601537321906,1755.1709402444224,1734.672739079437,1749.2857666015625,4492609,0.0,0.0,1744.2608520507813,1727.6066870117188,1729.9447980524797,1735.4752679652795,54.19993485906074,-2.7352984007031864,-2.099013033365035,-0.6362853673381514
2021-09-01 00:00:00+05:30,1749.3356443106038,1749.4353682484748,1733.6252885598456,1742.2535400390625,7266354,0.0,0.0,1747.3449096679688,1727.1175122070313,1731.117059194059,1735.7410825564084,52.525886787107595,-1.3876814415118588,-0.6011168593389659,-0.7865645821728929
2021-09-02 00:00:00+05:30,1747.5899825656054,1783.8983832683216,1739.6101196315158,1771.9285888671875,5763844,0.0,0.0,1748.7073974609375,1727.5199365234375,1735.003871543881,1737.1602004509489,58.369294654497345,2.0511982072951014,2.2702102315743953,-0.21901202427929406
2021-09-03 00:00:00+05:30,1788.4867292261274,1806.890238889133,1773.0756680782802,1787.339599609375,4845134,0.0,0.0,1749.7537231445312,1728.637353515625,1739.9882265977376,1739.128020025789,61.05053185237894,5.951470034571457,4.936385647080601,1.0150843874908562
2021-09-06 00:00:00+05:30,1803.449004802466,1803.449004802466,1765.544656250202,1770.083251953125,1901931,0.0,0.0,1749.6655517578124,1729.3857153320312,1742.8544194887268,1740.3419506896062,56.65076477349159,7.562840798069146,5.238205128462631,2.3246356696065145
2021-09-07 00:00:00+05:30,1770.0833722686407,1774.9709411879503,1741.6051860706832,1760.40771484375,2922837,0.0,0.0,1748.9091674804688,1729.9983935546875,1744.526161903491,1741.1288434015332,54.28834160187101,7.967286831422598,4.514120929452867,3.453165901969731
2021-09-08 00:00:00+05:30,1755.6695885883032,1823.398700332929,1750.5824502649289,1810.780517578125,15249557,0.0,0.0,1749.0587951660157,1731.6574096679688,1750.8361005391703,1743.860281604537,62.95072410692267,12.211708450821789,7.006834039081646,5.204874411740143
2021-09-09 00:00:00+05:30,1821.4036794813687,1837.064111481441,1802.2520575151505,1813.274169921875,3642925,0.0,0.0,1750.9166015625,1733.908662109375,1756.7825833375232,1746.5823948718837,63.32127602969627,15.596869069501281,8.313595726208911,7.28327334329237
2021-09-13 00:00:00+05:30,1823.897480842448,1845.143915296612,1790.2324330008114,1835.41845703125,3271615,0.0,0.0,1753.5275146484375,1736.6028002929688,1764.271714165497,1750.0661620153885,66.5232858005681,19.837814177539258,10.04363266739751,9.794181510141748
2021-09-14 00:00:00+05:30,1845.3432634833855,1874.270265992044,1840.5054960371324,1863.048583984375,4168080,0.0,0.0,1757.5049743652344,1739.6451611328125,1773.6790351006282,1754.4968452298588,70.03796435094478,25.1385327037151,12.275480954858681,12.863051748856419
2021-09-15 00:00:00+05:30,1869.2829067774624,1893.6713143533048,1853.3231807857655,1866.9886474609373,4814023,0.0,0.0,1761.9612243652343,1742.7852612304687,1782.565664849229,1758.908288454607,70.51337927581773,29.319345356784197,13.16503488634222,16.154310470441978
2021-09-16 00:00:00+05:30,1872.2752081142569,1905.192140382648,1863.2978629501504,1902.000244140625,4128783,0.0,0.0,1767.8688171386718,1746.30755859375,1793.9403866865048,1764.519737697196,74.400487029692,35.05373511518337,15.119539715793113,19.93419539939026
2021-09-17 00:00:00+05:30,1911.1771309916403,2011.9228983351452,1908.1846824566849,2002.8956298828125,14638489,0.0,0.0,1780.7488159179688,1751.3642211914062,1813.840886038534,1773.8678119005535,81.83291726880645,47.19565261911589,21.809165775780503,25.386486843335387
2021-09-20 00:00:00+05:30,1984.9908574581975,2032.071998939929,1976.3626065141248,1996.4119873046875,5881089,0.0,0.0,1795.6063171386718,1756.16259765625,1831.228609968644,1782.5950344654216,80.2210840247218,55.653495100362306,24.213606605621532,31.439888494740774
2021-09-21 00:00:00+05:30,2011.9228813899877,2022.546097952216,1991.075465752773,2005.8880615234373,3866888,0.0,0.0,1810.2743041992187,1761.7387182617188,1847.8628434500527,1791.3516237618144,80.81582687722059,62.401708148984426,24.76945572339492,37.632252425589506
2021-09-22 00:00:00+05:30,2011.4242935377956,2017.3094670755647,1973.819236432763,1980.55224609375,1911809,0.0,0.0,1824.2714904785157,1767.0523852539063,1860.4999294161191,1798.7712560101256,74.37632085309941,64.95654838757105,21.85943676958523,43.09711161798582
2021-09-23 00:00:00+05:30,1998.9556165853508,2046.8347930305088,1985.8886156998012,2018.9052734375,2989107,0.0,0.0,1840.570361328125,1772.8958325195313,1875.5861526562505,1807.403962575905,77.32214941986958,69.27745903624896,20.94427793461051,48.333181101638445
2021-09-24 00:00:00+05:30,2024.890114748262,2047.183953077227,2008.830665777004,2022.994873046875,2114888,0.0,0.0,1857.058740234375,1778.51798828125,1889.6250784077386,1815.8585080845708,77.61763599891728,72.19953704566183,19.093084755218705,53.10645229044312
2021-09-27 00:00:00+05:30,2026.0870770145095,2052.819665582511,2020.4014735847309,2028.231689453125,1830064,0.0,0.0,1873.008477783203,1784.2249365234375,1902.8257080311087,1824.1868681382396,78.0127103268144,74.08387939261593,16.78194168173824,57.30193771087769
2021-09-28 00:00:00+05:30,2034.864929981029,2072.569828859422,2007.833170214771,2062.993896484375,3899267,0.0,0.0,1889.5841369628906,1790.5892456054687,1918.079821217134,1833.5518496420098,80.47625609215922,77.48900880776364,16.149656877508754,61.339351930254885
2021-09-29 00:00:00+05:30,2054.7146864293127,2054.814532117999,2015.064867584731,2025.3388671875,3420314,0.0,0.0,1903.3867919921875,1796.2114184570312,1928.294968452407,1841.0729091535975,71.17357659888815,76.26995961580405,11.944486148439324,64.32547346736473
2021-09-30 00:00:00+05:30,2020.351515648208,2029.8775252211688,1991.7737304554023,2000.4517822265625,4572748,0.0,0.0,1916.2967041015625,1801.8682446289063,1935.1670459547074,1847.3230610388118,65.76283785826075,72.46039623928459,6.50793821753588,65.95245802174871
2021-10-01 00:00:00+05:30,1991.973249545868,2005.7385615679275,1966.9364543874096,1988.531982421875,3373978,0.0,0.0,1927.1268737792968,1807.6884594726562,1940.2494208563426,1852.8606657989321,63.281454633339955,67.69906886597596,1.3972886753817875,66.30178019059417
2021-10-04 00:00:00+05:30,1989.97833090188,2009.8282644198764,1982.9959507934525,1985.9384765625,2043053,0.0,0.0,1937.056817626953,1813.3660791015625,1944.6007594950242,1858.079403475935,62.72686742177654,62.99029545518897,-2.64918778832417,65.63948324351314
2021-10-05 00:00:00+05:30,1989.8785659204032,1992.9208155613496,1970.527374237896,1977.360107421875,2719807,0.0,0.0,1947.4206604003907,1818.5580786132812,1947.7206973928196,1862.7570781404816,60.82798104108856,57.89893304571683,-6.192440158237048,64.09137320395388
2021-10-06 00:00:00+05:30,1971.075976330363,1999.953055281202,1937.211361513538,1950.8270263671875,2979275,0.0,0.0,1956.9416259765626,1822.8674780273439,1948.0165382475213,1866.2108016003524,55.2562001129245,51.13355793369715,-10.366252216205382,61.49981014990253
2021-10-07 00:00:00+05:30,1963.0461848376344,1977.260314986992,1944.343382009532,1947.5352783203125,2222130,0.0,0.0,1963.779364013672,1827.9614770507812,1947.9707039687396,1869.399996765841,54.58814460334052,44.98774217058394,-13.209654383454868,58.19739655403881
2021-10-08 00:00:00+05:30,1945.091617825828,1961.2009907055588,1926.1394430880373,1931.4759521484373,1937834,0.0,0.0,1969.689453125,1833.6335693359374,1946.3997752239488,1871.8343479573155,51.32775697905227,38.37887767955567,-15.854815099586517,54.23369277914219
2021-10-11 00:00:00+05:30,1944.0940411656388,1999.9530798035432,1940.10410983436,1970.4276123046875,2376167,0.0,0.0,1976.4399108886719,1840.3080200195313,1948.6881406602097,1875.7007504807418,57.89637135040142,35.87088120839894,-14.690249256594598,50.56113046499354
2021-10-12 00:00:00+05:30,1975.0159151519845,1998.955502002312,1960.05367337053,1990.077880859375,1890902,0.0,0.0,1982.7913757324218,1847.1132666015626,1952.6300206791777,1880.186128142649,60.772511904021705,35.06468452785634,-12.397156749709765,47.46184127756611
2021-10-13 00:00:00+05:30,1998.9556054322456,2016.9102964990027,1989.5294413274155,2004.2921142578125,1742478,0.0,0.0,1989.6565490722655,1853.997421875,1957.5502200676192,1885.05302955893,62.754512920158,35.16735036801492,-9.83559272764095,45.00294309565587
2021-10-14 00:00:00+05:30,2002.9456880892456,2020.401639056159,1980.00358110416,2012.7210693359373,1652356,0.0,0.0,1995.1925903320312,1860.6403955078124,1962.8045866646019,1890.0596193541066,63.91872013970751,35.519414318895315,-7.586823021408449,43.106237340303764
2021-10-18 00:00:00+05:30,2012.720843373492,2041.7973695950284,2002.8955403790196,2006.536376953125,2166779,0.0,0.0,1995.3746276855468,1865.8775463867187,1966.9695190730326,1894.627335338382,62.37802297477514,34.89710247415951,-6.567307892915409,41.46441036707492
2021-10-19 00:00:00+05:30,2006.8357605562217,2039.802495531365,1987.085551516579,2030.2266845703125,1695203,0.0,0.0,1997.065362548828,1871.153818359375,1972.9940110251546,1899.9449568768891,65.78053528243022,35.901673545618905,-4.450189457164818,40.35186300278372
2021-10-20 00:00:00+05:30,2036.8599266675656,2039.8024522932355,1993.170130269872,2010.376708984375,1794893,0.0,0.0,1997.289794921875,1875.9244189453125,1976.5542679736516,1904.2756138222808,60.81735997862821,34.696120936110674,-4.524593653338442,39.220714589449116
2021-10-21 00:00:00+05:30,2025.8878049836003,2149.575686725583,2016.910458728134,2138.35400390625,9495518,0.0,0.0,2005.1798828125,1883.180791015625,1991.963766633899,1913.4551585314562,74.28733796723112,43.56521725079256,3.475602129074751,40.089615121717806
2021-10-22 00:00:00+05:30,2149.475857907572,2196.108184656431,2117.40687927575,2165.934326171875,5931826,0.0,0.0,2012.5313354492187,1890.3437182617188,2008.5323913518016,1923.3563023604922,76.18725139638705,52.21760939031333,9.702395414876413,42.515213975436914
2021-10-25 00:00:00+05:30,2146.5829531938966,2177.454996682619,2109.7260129955257,2149.07666015625,6777262,0.0,0.0,2018.8354248046876,1897.802890625,2021.917559809368,1932.2080810975808,72.65357673206692,57.05670555091024,11.633193260378654,45.42351229053158
2021-10-26 00:00:00+05:30,2149.076666805432,2234.3614451817907,2118.354148228968,2205.384521484375,10669001,0.0,0.0,2027.69306640625,1906.2465771484376,2039.3906037784163,1942.9208826813767,76.56369326417398,64.689596545634,15.412867404081936,49.27672914155207
2021-10-27 00:00:00+05:30,2194.4621219153432,2247.3287093978493,2171.1211222108536,2182.74169921875,4550568,0.0,0.0,2033.6804565429688,1914.2314233398438,2053.043089058448,1952.3256205848031,72.09926145468555,68.12631339443419,15.079667402305695,53.0466459921285
2021-10-28 00:00:00+05:30,2182.7418597686965,2184.487454766798,2085.138064892996,2093.2177734375,3102289,0.0,0.0,2037.0744018554688,1920.538505859375,2056.8692494755005,1957.8508030496148,57.75902223386645,62.90101982738952,7.883499068208813,55.017520759180705
2021-10-29 00:00:00+05:30,2072.3205829851204,2091.671653231313,2009.9279808303063,2026.037353515625,4666345,0.0,0.0,2038.3536804199218,1925.38228515625,2053.9328784317026,1960.524785420831,49.76067709903001,52.73118630015506,-1.8290675672205197,54.56025386737558
2021-11-01 00:00:00+05:30,2049.8270698986425,2081.547070342433,2029.677966870545,2071.27294921875,1966588,0.0,0.0,2042.4907287597657,1931.9018310546876,2055.5843137447546,1964.8678506678084,54.345150969080706,47.770980358552606,-5.431418807058378,53.202399165610984
2021-11-02 00:00:00+05:30,2060.949280684299,2088.230536525104,2054.814858008939,2071.4228515625,1536206,0.0,0.0,2046.7649475097655,1939.345048828125,2057.0927459178733,1969.046478153875,54.3600138849828,43.35233850741315,-7.880048526558269,51.23238703397142
2021-11-03 00:00:00+05:30,2074.764363653356,2106.2849196654493,2022.8952545620225,2032.4212646484373,2067291,0.0,0.0,2049.5180053710938,1945.7429077148438,2054.7430810350697,1971.5317638987597,49.81595348906802,36.285158174972366,-11.957783087199246,48.24294126217161
2021-11-04 00:00:00+05:30,2034.8650568181815,2056.8096799799464,2033.8675739471923,2051.822265625,205177,0.0,0.0,2054.567767333984,1952.7671826171875,2054.4649081388725,1974.680411025279,51.966909881782165,31.88234564854133,-13.088476490904227,44.97082213944556
2021-11-08 00:00:00+05:30,2049.8272251610533,2122.2445763654973,2049.8272251610533,2113.5166015625,2121996,0.0,0.0,2062.866833496094,1961.1789575195312,2060.088878941123,1980.1249675169347,58.114877341571514,32.99100256844804,-9.583855656798022,42.57485822524606
2021-11-09 00:00:00+05:30,2114.6635551890886,2121.5960120067807,2078.0559848021157,2091.9208984375,1777573,0.0,0.0,2070.889080810547,1969.1528295898438,2063.1204998455396,1984.5091216706824,55.43989940223657,31.76090842371991,-8.651159841220924,40.412068264940835
2021-11-10 00:00:00+05:30,2079.75164111817,2086.0857543180964,2057.856942330558,2070.82421875,1445788,0.0,0.0,2075.9089111328126,1976.3845751953124,2063.8541873602503,1987.8940274384988,52.879252869443576,28.752285760628638,-9.327826003449758,38.080111764078396
2021-11-11 00:00:00+05:30,2067.7822629663374,2072.4703843701054,2042.396369272868,2048.929931640625,1547153,0.0,0.0,2078.851513671875,1982.7335595703125,2062.4328296726667,1990.2875923091706,50.283552631690796,24.32088856844939,-11.007378556503205,35.328267124952596
2021-11-12 00:00:00+05:30,2062.7944529347064,2074.764246665469,2047.8821336170136,2069.4775390625,1434428,0.0,0.0,2082.1107849121095,1989.1373950195311,2063.1037543764605,1993.3930804171443,52.633487216060836,22.210960436509595,-10.493845350754398,32.70480578726399
2021-11-15 00:00:00+05:30,2074.8640962784884,2102.693769344678,2074.76425058678,2092.020751953125,1819328,0.0,0.0,2086.0757690429687,1996.1327392578125,2065.8577541456666,1997.2608322420847,55.138821054846325,22.10308545903945,-8.481376262579637,30.584461721619085
2021-11-16 00:00:00+05:30,2094.614311041018,2098.5545634424466,2064.789668791144,2077.607421875,1545107,0.0,0.0,2089.6293212890623,2002.2463159179688,2066.976770119889,2000.4116788943559,53.20128618457763,20.616899695996835,-7.9740496204978015,28.590949316494637
2021-11-17 00:00:00+05:30,2064.789491596288,2076.609760733976,2040.3511618648345,2047.93212890625,1446763,0.0,0.0,2090.5145935058595,2007.4581665039063,2065.162994766209,2002.275225953646,49.35584634874735,16.850298879057846,-9.392520349949436,26.24281922900728
2021-11-18 00:00:00+05:30,2044.8398617390649,2057.258474633189,2003.8433405709536,2019.3541259765625,2793199,0.0,0.0,2090.9634643554687,2012.443583984375,2060.8002453576714,2002.9449867388585,45.914006746081306,11.427505425480376,-11.852251042821525,23.2797564683019
2021-11-22 00:00:00+05:30,2038.854988992478,2038.854988992478,1936.1142532457925,1950.52783203125,2748329,0.0,0.0,2081.572155761719,2016.245986328125,2050.298110755155,2000.8894120444425,38.88160874921707,1.5582334827327031,-17.377218388455358,18.93545187118806
2021-11-23 00:00:00+05:30,1933.1218081205411,1988.1330129261164,1927.8351001877488,1977.9088134765625,3229625,0.0,0.0,2072.1708801269533,2019.5885522460937,2043.4038919667178,1999.9882121006042,42.64523965888721,-4.007621895381135,-18.354459013255358,14.346837117874223
2021-11-24 00:00:00+05:30,1974.5672315974828,2019.8528557415973,1965.041221640152,2006.3370361328125,1947483,0.0,0.0,2065.033898925781,2023.4498095703125,2039.8737152206318,2000.2371855920633,46.3398797188126,-6.054885448158075,-16.32137805282584,10.266492604667764
2021-11-25 00:00:00+05:30,2014.9154496174588,2042.844970701265,2007.9829921965195,2029.9774169921875,3164428,0.0,0.0,2056.263543701172,2027.3409887695314,2038.9312106274465,2001.4034691763818,49.26663097095981,-5.704022972826124,-12.776412461995111,7.072389489168987
2021-11-26 00:00:00+05:30,1996.9607695867132,2001.9481840961707,1950.1787971353936,1959.355712890625,2647553,0.0,0.0,2045.0942443847657,2029.2671313476562,2031.3525917953682,1999.7545375573325,41.912287012116906,-10.997767822501828,-14.456125849336653,3.458358026834824
2021-11-29 00:00:00+05:30,1987.9833377285336,2039.8524463897895,1932.3237454983523,2014.516357421875,4171900,0.0,0.0,2041.1591735839843,2032.217685546875,2029.7491409026545,2000.3334324539812,48.3923732231385,-10.619678692860134,-11.262429375755968,0.6427506828958327
2021-11-30 00:00:00+05:30,2017.907849017088,2034.4660403311536,1941.9994268495784,1956.961669921875,4265816,0.0,0.0,2037.705389404297,2033.3169140625,2022.8170008092468,1998.6325790213498,43.00197379529564,-14.793690158891877,-12.349152673430169,-2.4445374854617095
2021-12-01 00:00:00+05:30,1974.0185649865452,1980.9012210210171,1935.116733741232,1948.43310546875,2585693,0.0,0.0,2031.5633972167968,2032.2276635742187,2015.732820300628,1996.6639722153654,42.25093857064622,-18.57567932473421,-12.904913471418,-5.67076585331621
2021-12-02 00:00:00+05:30,1942.647749377189,1975.9635787478107,1940.70258478574,1959.3056640625,1932929,0.0,0.0,2025.957537841797,2031.485537109375,2010.3588054208062,1995.1989405230963,43.6032189207204,-20.459760984799004,-11.831196105186235,-8.62856487961277
2021-12-03 00:00:00+05:30,1961.749565990817,1984.8912422728024,1900.404367788851,1909.3817138671875,3491724,0.0,0.0,2019.8055603027344,2029.55541015625,2000.7419395585569,1991.83355908561,39.07822029384435,-25.685271007725987,-13.645364902490574,-12.039906105235413
2021-12-06 00:00:00+05:30,1915.1671654938584,1921.650804335374,1872.275400849985,1880.4547119140625,3081336,0.0,0.0,2011.2371826171875,2027.5534594726562,1989.286013116224,1987.4657611573139,36.701578085672324,-31.794189033257226,-15.803426342417449,-15.990762690839777
2021-12-07 00:00:00+05:30,1907.187207769952,1958.8568680664264,1905.3916899360809,1932.27392578125,7344475,0.0,0.0,2002.175048828125,2025.8208325195312,1983.856290512893,1985.301375456292,43.34838965249593,-32.084324966609984,-12.874849820616163,-19.20947514599382
2021-12-08 00:00:00+05:30,1965.0412926861547,1965.0412926861547,1910.628552348433,1915.615966796875,5125595,0.0,0.0,1993.3598022460938,2023.6732543945313,1977.3572120637486,1982.5686143323933,41.82783673116426,-33.274846144296816,-11.252296798642394,-22.022549345654422
2021-12-09 00:00:00+05:30,1921.1519790220093,1932.0245664957704,1881.3523887488511,1911.5262451171875,4654453,0.0,0.0,1985.3949035644532,2021.3391455078124,1971.087596164076,1979.782639069052,41.443473910219545,-34.15463573494594,-9.705669111433213,-24.448966623512728
2021-12-10 00:00:00+05:30,1910.1797711005463,1915.167185646501,1883.746474006988,1891.9757080078125,3054922,0.0,0.0,1977.5471923828125,2017.9187817382813,1963.5531306253845,1976.339230007827,39.5714657894422,-36.01428996158779,-9.252258670460051,-26.76203129112774
2021-12-13 00:00:00+05:30,1905.19227394166,1911.1771711372885,1857.5624670931188,1868.3851318359373,4085110,0.0,0.0,1967.4925720214844,2014.77970703125,1954.489511693056,1972.1057359618706,37.377516636752006,-38.942734079230604,-9.744562230482288,-29.198171848748316
2021-12-14 00:00:00+05:30,1868.3850964478504,1869.2828553627996,1811.4787730817443,1835.7674560546875,10111252,0.0,0.0,1954.6799072265626,2011.4860205078126,1943.1826492513067,1966.7591367498242,34.52712833867443,-43.39528712170886,-11.357692218368435,-32.03759490334043
2021-12-15 00:00:00+05:30,1840.9544091157045,1877.013440170676,1832.1267098357853,1862.6995849609373,5305747,0.0,0.0,1943.9345153808595,2008.9693725585937,1935.5175955093666,1962.6783700130052,38.684924613623245,-44.24078948301849,-9.762555663742447,-34.47823381927604
2021-12-16 00:00:00+05:30,1881.152879449784,1886.190094645972,1846.240980659604,1856.066162109375,3054462,0.0,0.0,1934.3412170410156,2006.3719262695313,1927.950792328415,1958.4974991148235,38.04409763783171,-44.92821350373606,-8.359983747568016,-36.568229756168044
2021-12-17 00:00:00+05:30,1850.3308181596087,1855.2683099125495,1785.4944283049592,1789.284912109375,2935126,0.0,0.0,1922.8377563476563,2002.6104223632813,1914.7445180218397,1951.8617113891198,32.251758584116395,-50.28207034613615,-10.97107247197448,-39.31099787416167
2021-12-20 00:00:00+05:30,1775.5194990248383,1775.5194990248383,1718.0645103752954,1738.1138916015625,3269179,0.0,0.0,1912.217059326172,1998.3561596679688,1897.922553600861,1943.4794439464704,28.65198179764989,-57.98569121364085,-14.939754671583337,-43.04593654205751
2021-12-21 00:00:00+05:30,1756.6171620023208,1763.5496188690167,1716.6679265122048,1732.1788330078125,2264231,0.0,0.0,1899.9305603027344,1994.0490307617188,1882.137437353904,1935.1931454782878,28.258024110509567,-63.83393797812573,-16.630401148854574,-47.20353682927116
2021-12-22 00:00:00+05:30,1743.5999681664125,1765.5445901913902,1728.7873726521602,1757.9637451171875,3453839,0.0,0.0,1887.511895751953,1990.5787866210937,1870.3113714265976,1928.2429729151074,32.59429960406995,-65.63152934353434,-14.74239401141054,-50.8891353321238
2021-12-23 00:00:00+05:30,1780.407132212208,1784.197493918161,1762.9012597953351,1771.1304931640625,1919649,0.0,0.0,1874.5695495605469,1986.5928442382813,1860.8655734968324,1922.0816991993802,34.76268833546989,-65.24162211504654,-11.481989426338188,-53.75963268870835
2021-12-24 00:00:00+05:30,1775.5194568583315,1775.5194568583315,1725.6453148117494,1743.9990234375,2271570,0.0,0.0,1863.8017150878907,1981.6712670898437,1849.735425872134,1915.098064855777,32.44643040441576,-66.35697874196762,-10.077876842607417,-56.27910189936021
2021-12-27 00:00:00+05:30,1738.7123809085872,1774.472117745017,1716.6680336495435,1768.9859619140625,1653833,0.0,0.0,1851.5251953125,1976.9651440429689,1842.0450007332702,1909.3681784659059,36.63392972646462,-64.48136871373868,-6.561813451502772,-57.9195552622359
2021-12-28 00:00:00+05:30,1780.506925696808,1785.195046487822,1761.105932550596,1770.432373046875,1285671,0.0,0.0,1842.19873046875,1972.1193701171876,1835.224750477423,1903.919715508297,36.87785208326495,-62.1616600404152,-3.393683822543437,-58.76797621787176
2021-12-29 00:00:00+05:30,1769.5345356865048,1775.5194326504952,1749.684603069995,1759.7591552734375,1411908,0.0,0.0,1832.7650329589844,1967.1838256835938,1828.0375509341864,1898.2663602049693,35.78323375254263,-60.48725426357919,-1.375422436565941,-59.11183182701325
2021-12-30 00:00:00+05:30,1754.5723478281673,1765.494736421823,1739.2610103051863,1750.831787109375,2498395,0.0,0.0,1822.3413391113281,1961.595927734375,1820.684621046109,1892.484612240436,34.851417453340765,-59.19823917215331,-0.06912587611203946,-59.12911329604127
2021-12-31 00:00:00+05:30,1757.5647178256436,1796.4665475618526,1755.6196750440488,1791.578857421875,2212892,0.0,0.0,1816.4511962890624,1957.219970703125,1817.9126435580865,1888.527523816179,42.244139876711536,-54.26322471180947,3.8927108673854462,-58.15593557919492
2022-01-03 00:00:00+05:30,1792.4768085468825,1823.49850302889,1787.0903764223451,1819.857666015625,1985109,0.0,0.0,1813.4213439941407,1950.8500439453126,1818.097883792138,1885.8345882161573,46.75948623748357,-47.52251668882718,8.506735112294187,-56.02925180112137
2022-01-04 00:00:00+05:30,1825.3935581585715,1852.32559426255,1810.7306094293983,1847.9366455078125,2635575,0.0,0.0,1809.2044799804687,1944.4900903320313,1820.9396706222021,1884.3483943844576,50.86694905777614,-39.45984945561713,13.255521876403392,-52.715371332020524
2022-01-05 00:00:00+05:30,1852.3257327314632,1923.4961128109428,1835.468247483236,1917.311767578125,4208167,0.0,0.0,1809.2892700195312,1939.8547924804689,1830.1179655703852,1885.64107568617,59.235026515094226,-27.159062262101315,20.445047255935364,-47.60410951803668
2022-01-06 00:00:00+05:30,1902.2996309611967,1910.1797702930844,1870.2804539423148,1887.137939453125,2258030,0.0,0.0,1808.0698547363281,1933.4898608398437,1835.5484392735034,1885.6997762260507,54.85870850295249,-19.619217419465485,22.387913678856954,-42.00713109832244
2022-01-07 00:00:00+05:30,1887.1378978105204,1920.5535745169211,1878.858741145208,1899.456787109375,2303351,0.0,0.0,1808.4439086914062,1927.8241625976561,1841.6349485912056,1886.2392668489263,56.27889624217493,-12.50565065086812,23.601184357963454,-36.106835008831574
2022-01-10 00:00:00+05:30,1899.456799205971,1950.3783496044896,1896.5640744633404,1943.0467529296875,2862087,0.0,0.0,1812.1769897460938,1924.8207421875,1851.293215671061,1888.467011401113,60.959369123330816,-3.312566585521836,26.23541473864779,-29.547981324169626
2022-01-11 00:00:00+05:30,1943.096686517168,1949.3309546335604,1915.366613230235,1931.9249267578125,2714019,0.0,0.0,1816.98486328125,1922.9384936523438,1858.9724262507518,1890.1712433758855,59.21747108347538,3.0405309970985854,26.070809857014574,-23.030278859915988
2022-01-12 00:00:00+05:30,1949.8795306793825,1971.1757652484785,1942.2487624976848,1951.6749267578125,2149396,0.0,0.0,1821.4336303710938,1920.546533203125,1867.8012358228527,1892.5831525281178,61.33059717421613,9.558877752746184,26.07132529012974,-16.512447537383554
2022-01-13 00:00:00+05:30,1955.066421497353,1961.9490776399275,1917.7107367918184,1921.5010986328125,1487152,0.0,0.0,1824.7053771972655,1917.5480981445312,1872.9155084714203,1893.7171896302627,56.512824859214255,12.149882480073984,22.929864013966032,-10.779981533892046
2022-01-14 00:00:00+05:30,1904.194837374149,1940.1042214210163,1893.2225255820508,1933.3212890625,1828762,0.0,0.0,1831.9071960449219,1915.5660986328126,1878.6684399562848,1895.2702915687819,57.90774708457098,14.984332913481694,20.61145155789899,-5.6271186444172985
2022-01-17 00:00:00+05:30,1917.161937524848,1948.033981414011,1913.7704716594487,1932.572998046875,1676473,0.0,0.0,1841.6301513671874,1913.18111328125,1883.802207393484,1896.733142803217,57.781387699069846,16.97460182828422,18.081376378161217,-1.1067745498769943
2022-01-18 00:00:00+05:30,1925.1419114897692,1970.0286399960075,1925.1419114897692,1937.2613525390625,2081456,0.0,0.0,1851.88427734375,1909.6560083007812,1888.8935545502056,1898.3224843614857,58.393966196365184,18.714486358309614,15.857008726549287,2.8574776317603274
2022-01-19 00:00:00+05:30,1940.1041983949224,1940.1041983949224,1895.317192804302,1900.853271484375,1521702,0.0,0.0,1859.0287536621095,1905.8346557617188,1890.0325752106028,1898.4217309153246,52.07496014693735,16.96002490757587,11.282037820652434,5.677987086923436
2022-01-20 00:00:00+05:30,1920.1545289821536,1920.1545289821536,1872.275351116625,1887.8360595703125,1489821,0.0,0.0,1864.864031982422,1902.174892578125,1889.823383244861,1898.0066065488536,49.99197597905232,14.353760143542104,6.940618445294934,7.41314169824717
2022-01-21 00:00:00+05:30,1863.5472210995515,1896.214782448948,1844.8943416449576,1888.9830322265625,1753896,0.0,0.0,1872.113232421875,1898.9759545898437,1889.7433498145467,1897.652740889156,50.181067134749206,12.239735595654793,3.8612751179260982,8.378460477728694
2022-01-24 00:00:00+05:30,1879.3574209662725,1883.1479045168865,1805.4439658336476,1826.2913818359373,2547434,0.0,0.0,1874.9785034179688,1894.1122314453125,1883.7003052451553,1894.8542562204022,41.045450436996376,5.442921054375347,-2.3484315386826786,7.791352593058026
2022-01-25 00:00:00+05:30,1810.132055000017,1869.183111988712,1777.713862808239,1849.9815673828125,2569065,0.0,0.0,1878.9559631347656,1889.2714477539062,1880.4889968773132,1893.0945429326537,45.111936849821646,1.9455692374042428,-4.676626684523026,6.622195921927269
2022-01-27 00:00:00+05:30,1835.3685945150191,1893.7712688772265,1816.566065603169,1884.49462890625,3718619,0.0,0.0,1885.1927368164063,1885.4091918945312,1880.8704856419738,1892.7572914022064,50.471806127708746,1.9364857503371695,-3.7485681372720805,5.68505388760925
2022-01-28 00:00:00+05:30,1890.2301082884476,1951.9743245687907,1883.896116183204,1893.5218505859373,4971964,0.0,0.0,1892.3272399902344,1882.320986328125,1882.075377541399,1892.787274115294,51.79767205527109,2.627421092463919,-2.4461062361162647,5.073527328580184
2022-01-31 00:00:00+05:30,1915.1671237717053,1934.0195744989423,1836.3659764915155,1852.5750732421875,4516625,0.0,0.0,1895.37705078125,1878.9854052734374,1879.2658247509978,1891.2103250614466,45.80756445937641,-0.12759950841905265,-4.16090146959939,4.033301961180337
2022-02-01 00:00:00+05:30,1877.262718159416,1900.2048236417045,1829.4832654328245,1877.56201171875,3097086,0.0,0.0,1898.2622680664062,1877.5260888671876,1879.1035568431646,1890.6750970872233,49.635191160689416,-0.2913772573233473,-3.459743374802948,3.1683661174796005
2022-02-02 00:00:00+05:30,1905.990322768972,1943.096636945882,1892.125286479223,1937.710205078125,2710508,0.0,0.0,1902.7509460449219,1876.7221166992188,1884.6851423893513,1892.5196111260823,57.42974681081959,4.381773859893201,0.9707261939308802,3.411047665962321
2022-02-03 00:00:00+05:30,1935.016949593951,1937.560457730707,1891.277352228,1904.24462890625,2239713,0.0,0.0,1902.097589111328,1874.6802685546875,1886.547950629056,1892.9794157449123,52.55616518904689,5.323521235911812,1.5299788559595928,3.7935423799522194
2022-02-04 00:00:00+05:30,1909.18219120946,1913.1721226435448,1875.517144734372,1879.4571533203125,1771267,0.0,0.0,1901.7135498046875,1871.66986328125,1885.8726365996517,1892.4491309439477,49.224140862584015,4.023342110712974,0.18383978460860373,3.8395023261043706
2022-02-07 00:00:00+05:30,1845.3433390779496,1885.2426545174728,1815.4188524983072,1823.8475341796875,2053959,0.0,0.0,1897.933087158203,1868.9596997070312,1879.9654839882264,1889.7588722473101,42.685765189182725,-1.4772617747855747,-4.253411280711957,2.776149505926382
2022-02-08 00:00:00+05:30,1830.3810214715616,1843.3982213104048,1788.586465892981,1813.224365234375,3569370,0.0,0.0,1891.4419677734375,1864.9338598632812,1873.60918696405,1886.7575190311168,41.55034856760082,-6.61744910208381,-7.5148788864081535,0.8974297843243433
2022-02-09 00:00:00+05:30,1830.9795688971349,1843.148933215395,1818.0622141742735,1830.381103515625,1624058,0.0,0.0,1886.3647766113281,1862.4022485351563,1869.4922266356286,1884.54667920698,44.13485961260757,-9.20062017537066,-8.078439967756001,-1.1221802076146572
2022-02-10 00:00:00+05:30,1830.381099707625,1884.1454517301208,1825.643055989036,1862.5,2508081,0.0,0.0,1881.9060302734374,1860.6835864257812,1868.8263002893782,1883.6821035518042,48.707440633773295,-8.557430610954725,-5.948200322672054,-2.609230288282671
2022-02-11 00:00:00+05:30,1849.4329793268932,1849.4329793268932,1817.4138033029797,1823.6480712890625,1859755,0.0,0.0,1877.01337890625,1857.9704345703126,1864.5236118131575,1881.3278277767947,44.01442307159973,-11.055285742715341,-6.756844363546136,-4.298441379169205
2022-02-14 00:00:00+05:30,1785.5443378466332,1819.2591872619064,1733.575380647769,1742.4530029296875,3026821,0.0,0.0,1867.4699645996093,1854.6318603515624,1852.8978395385413,1875.881756214163,36.17079969547383,-19.36340805703412,-12.051973342291934,-7.311434714742188
2022-02-15 00:00:00+05:30,1751.5800045984238,1814.4214284536065,1741.655098266199,1808.5362548828125,2055275,0.0,0.0,1861.2681274414062,1853.1934912109375,1848.6729267141861,1873.2407561619532,44.79375894972174,-20.380356631170798,-10.455137533142889,-9.92521909802791
2022-02-16 00:00:00+05:30,1810.5311613179283,1848.1861402497025,1795.4691940978282,1825.443603515625,2269756,0.0,0.0,1855.6772399902343,1851.056884765625,1846.460610219085,1871.36635801896,46.77492992768041,-19.59612207175246,-7.736722378979641,-11.85939969277282
2022-02-17 00:00:00+05:30,1830.3811064877889,1839.6078232371144,1805.843051701652,1812.7257080078125,2810229,0.0,0.0,1851.2708618164063,1848.9990795898439,1843.2477623894401,1869.0667246851897,45.4535549953307,-19.772908630418442,-6.330807150116497,-13.442101480301945
2022-02-18 00:00:00+05:30,1804.4963213788287,1826.391020295396,1801.3043033374202,1821.9522705078125,1229668,0.0,0.0,1847.9766723632813,1847.2076000976563,1841.2196203054757,1867.219099031175,46.631452919861786,-18.950062246120297,-4.4063686126546795,-14.543693633465617
2022-02-21 00:00:00+05:30,1803.4490775844336,1846.6401357251648,1797.563904140149,1822.5009765625,1343911,0.0,0.0,1844.652569580078,1845.81810546875,1839.4368923299542,1865.4654471696583,46.705160282805245,-18.045655482024358,-2.801569478846993,-15.244086003177365
2022-02-22 00:00:00+05:30,1785.4942768957003,1844.4454881657375,1785.4942768957003,1837.114013671875,3022075,0.0,0.0,1845.193701171875,1845.1926831054689,1839.2156657910894,1864.3536262481766,48.73576501003508,-15.96571382642037,-0.5773022585944023,-15.388411567825967
2022-02-23 00:00:00+05:30,1848.23603440922,1908.03508376806,1848.23603440922,1881.3524169921875,6915921,0.0,0.0,1846.7622436523438,1846.1043823242187,1843.2286897150036,1865.02024549304,54.40008646079085,-10.625195012843733,3.810573243985788,-14.43576825682952
2022-02-24 00:00:00+05:30,1829.7326029948829,1869.6818390009237,1772.2776163979909,1790.33203125,4956043,0.0,0.0,1842.0541137695313,1844.65703125,1838.1909127183367,1862.0912959148816,43.7009604204338,-13.580828480069385,0.68395182140811,-14.264780301477495
2022-02-25 00:00:00+05:30,1816.3664748601293,1861.5524998510853,1796.516662158294,1852.0264892578125,3993886,0.0,0.0,1839.979345703125,1844.5762377929686,1839.5085866744773,1861.6965976146046,50.768723390699364,-10.82023322465102,2.755637661461181,-13.5758708861122
2022-02-28 00:00:00+05:30,1832.3760457207725,1847.3382888812573,1810.1321288502988,1838.111572265625,2712562,0.0,0.0,1839.256170654297,1845.5527709960938,1839.3755376831582,1860.7716946597427,49.266441827170055,-9.644088061239472,3.1454262598981835,-12.789514321137656
2022-03-02 00:00:00+05:30,1807.2394285745104,1814.7703508351613,1770.8313055116837,1801.4539794921875,2830955,0.0,0.0,1835.4507690429687,1846.8195727539062,1835.7639607125896,1858.4455097512114,45.45082406266829,-11.536955085379077,1.0020473886068633,-12.53900247398594
2022-03-03 00:00:00+05:30,1808.3864938610016,1815.0197792015397,1768.138085001141,1787.7386474609375,2962143,0.0,0.0,1827.9521911621093,1847.9307690429687,1831.1901213552892,1855.6726916221812,44.07539884527475,-13.982595849401605,-1.154874700332531,-12.827721149069074
2022-03-04 00:00:00+05:30,1765.5446687882695,1781.4544717594206,1729.3359921299364,1747.7396240234375,2549194,0.0,0.0,1820.1269409179688,1847.7262866210938,1823.242454942732,1851.4400223045836,40.24990243605597,-18.930155629910587,-4.88194758467321,-14.048208045237377
2022-03-07 00:00:00+05:30,1689.237233298761,1726.5431168337582,1675.8211374584416,1707.5909423828125,2697935,0.0,0.0,1811.5336303710938,1846.4554956054687,1812.2280251751206,1845.7988819154946,36.79753611053816,-25.793464470531262,-9.396205140235107,-16.397259330296155
2022-03-08 00:00:00+05:30,1695.7208655508591,1725.1466099824768,1668.340009691741,1718.7626953125,5436496,0.0,0.0,1806.2793884277344,1845.9507690429687,1803.3265651882043,1840.8170706761614,38.381331471097475,-29.985564160722788,-10.870643864341304,-19.114920296381484
2022-03-09 00:00:00+05:30,1718.7626863987248,1743.7496806696793,1687.7409939012573,1734.722412109375,6919461,0.0,0.0,1802.3542907714843,1845.265498046875,1796.792836323554,1836.6564958304052,40.668706701685636,-31.655117117552663,-10.032157456936943,-21.62295966061572
2022-03-10 00:00:00+05:30,1795.4692002684455,1808.43647782594,1731.630295370012,1749.93408203125,4188469,0.0,0.0,1798.3319396972656,1844.8555322265624,1792.330097819525,1833.2556168578894,42.84644046093251,-31.38896280657127,-7.812802516764442,-23.57616028980683
2022-03-11 00:00:00+05:30,1740.6075646481052,1775.419740293676,1731.6302190424703,1758.562255859375,2506340,0.0,0.0,1793.1350524902343,1844.8315942382812,1789.1141128709394,1830.326465446183,44.09975860839382,-30.134441000492416,-5.246624568548469,-24.887816431943946
2022-03-14 00:00:00+05:30,1741.056380689519,1792.8257646259522,1737.6151135842506,1784.2474365234375,3316649,0.0,0.0,1791.165020751953,1845.4999072265625,1788.650619885463,1828.5194447041144,47.771515280321005,-26.75918083163924,-1.497091519756232,-25.26208931188301
2022-03-15 00:00:00+05:30,1779.509376689798,1785.4443508496624,1709.6855782770815,1729.3858642578125,4807455,0.0,0.0,1790.5116638183595,1844.2560473632811,1783.0063574447342,1824.6318533140634,41.50117749936218,-28.186220015902336,-2.3393045632154603,-25.846915452686876
2022-03-16 00:00:00+05:30,1755.5699841131782,1770.332780412079,1748.3382327581664,1756.0687255859375,2927241,0.0,0.0,1787.8882873535156,1842.9802685546874,1780.4408686962774,1821.9431032070781,45.26424383883186,-26.85451283191742,-0.8060779033844305,-26.048434928532988
2022-03-17 00:00:00+05:30,1785.4943371447887,1822.9996687009195,1778.063138469153,1815.4188232421875,3359007,0.0,0.0,1787.3870483398437,1842.329912109375,1783.7721024625546,1821.6872490908079,52.57228046486243,-20.77063744360248,4.222237987944407,-24.99287543154689
2022-03-21 00:00:00+05:30,1811.079845420788,1825.393700633253,1768.5371755315616,1772.6268310546875,2397699,0.0,0.0,1785.3821044921874,1839.4362133789064,1782.7106480427576,1819.7633111286073,47.63403456652266,-19.180972200551196,4.649522584796557,-23.830494785347753
2022-03-22 00:00:00+05:30,1772.626719272453,1809.0348426995615,1750.9314676412307,1803.29931640625,3397456,0.0,0.0,1784.4494567871093,1837.7594409179687,1784.6714736011854,1819.1176642767502,51.174297679435675,-15.270113452730584,6.848305066093737,-22.11841851882432
2022-03-23 00:00:00+05:30,1810.4315126055053,1822.650678461934,1753.574985763349,1765.29541015625,3226340,0.0,0.0,1781.589178466797,1835.0762133789062,1782.8261342254773,1817.0069876445739,46.939891985537294,-15.063682585318475,5.643788746804681,-20.707471332123156
2022-03-24 00:00:00+05:30,1710.6831632557503,1724.548199835331,1696.718402739377,1709.8353271484375,19710178,0.0,0.0,1775.225244140625,1830.4119848632813,1775.8746287895688,1812.804177429039,41.538250726621,-19.15444926719624,1.2424176519415333,-20.396866919137775
2022-03-25 00:00:00+05:30,1723.650443642038,1727.4409273506371,1707.6907173120192,1717.9149169921875,3039150,0.0,0.0,1767.053369140625,1826.1317846679688,1770.3546562374372,1809.0830299609274,42.57501031485789,-21.496655890622606,-0.8798311771878637,-20.61682471343474
2022-03-28 00:00:00+05:30,1723.6503003855275,1723.6503003855275,1687.7908419733474,1720.8572998046875,3070204,0.0,0.0,1763.5796325683593,1821.5154321289062,1765.640622291461,1805.6231974057807,42.97164586412055,-22.852021928029217,-1.7881577716755785,-21.063864156353638
2022-03-29 00:00:00+05:30,1733.6252487976426,1736.5179735078543,1714.4237033204536,1725.6453857421875,2585790,0.0,0.0,1757.2605773925782,1817.5983178710937,1761.8315521439113,1802.4868126346594,43.653676277428715,-23.271540920407233,-1.7661414112428737,-21.50539950916436
2022-03-30 00:00:00+05:30,1744.996520974056,1764.3975136883466,1731.6302264403982,1758.6619873046875,3358154,0.0,0.0,1753.2880981445312,1814.1051318359375,1761.52968882589,1800.768192033484,48.249686675721584,-20.701218172465133,0.6433450693593841,-21.344563241824517
2022-03-31 00:00:00+05:30,1750.6821563186943,1774.2726504866282,1742.6025694449131,1749.435302734375,2848408,0.0,0.0,1750.6871643066406,1810.4423779296876,1760.37784253146,1798.755137551166,47.09363923284237,-19.18755304310571,1.7256081589750458,-20.913161202080754
2022-04-01 00:00:00+05:30,1744.8968461708778,1775.5195218023628,1741.2060864666066,1772.177978515625,2373773,0.0,0.0,1749.909130859375,1807.1407104492187,1761.5016650061423,1797.7128960203606,50.25730805180252,-15.968740950168012,3.955536201530194,-19.924277151698206
2022-04-04 00:00:00+05:30,1782.501883461665,1835.3684754166,1730.632774373805,1831.428466796875,3997566,0.0,0.0,1754.093572998047,1805.7522143554688,1768.1613604147833,1799.0350752664986,57.40374547819965,-8.538364992237348,9.108729727568686,-17.647094719806034
2022-04-05 00:00:00+05:30,1831.4284666774477,1833.423432411466,1789.6837112826763,1797.66357421875,2132871,0.0,0.0,1758.5972045898438,1803.9487646484374,1770.9710950627803,1798.981290911685,52.75257658765839,-5.313037766561138,9.867245562595919,-15.180283329157056
2022-04-06 00:00:00+05:30,1783.0006072987674,1788.486763013533,1767.2902522973936,1774.9210205078125,2349001,0.0,0.0,1761.4051208496094,1801.6675244140624,1771.3472784384976,1798.0377508958468,49.82423930802755,-4.5397453613729795,8.512430374227263,-13.052175735600242
2022-04-07 00:00:00+05:30,1766.5421357333182,1787.4892756827253,1758.562272895449,1762.0035400390625,4388783,0.0,0.0,1762.7691772460937,1800.381767578125,1770.4573985909324,1796.6246445877377,48.18802635370357,-4.912608780896562,6.511653563762945,-11.424262344659507
2022-04-08 00:00:00+05:30,1770.7813407404144,1785.4942120407502,1751.679520767371,1780.008056640625,2381671,0.0,0.0,1764.2728759765625,1798.9822973632813,1771.3669850718557,1795.973013687851,50.62202728847049,-3.7124963603885135,6.169412787416796,-9.88190914780531
2022-04-11 00:00:00+05:30,1770.5321336956235,1801.603750140976,1758.861632561835,1778.9608154296875,1917942,0.0,0.0,1765.2928039550782,1796.87162109375,1772.0902070106968,1795.3058686581192,50.47350077906969,-2.813470300060999,5.654751078195449,-8.468221378256448
2022-04-12 00:00:00+05:30,1766.5921743146494,1808.087439437408,1765.5447685433437,1797.3145751953125,2412242,0.0,0.0,1765.9461608886718,1794.9474755859376,1774.492527790184,1795.3846414634993,53.0722091938009,-0.6129252253376762,6.284236922335018,-6.897162147672694
2022-04-13 00:00:00+05:30,1803.1496035734208,1813.9224664870824,1768.287628520745,1775.120361328125,1923692,0.0,0.0,1768.2328857421876,1793.3983813476561,1774.552321460464,1794.5899638111318,49.677672051390346,-0.6523451450843822,4.9958536020706505,-5.648198747155033
2022-04-18 00:00:00+05:30,1771.1305378647191,1771.1305378647191,1725.6453439040197,1745.9940185546875,1960141,0.0,0.0,1767.729150390625,1790.767021484375,1771.8324830884853,1792.6842404677418,45.55933707733347,-2.9992645040765638,2.1191473944627752,-5.118411898539339
2022-04-19 00:00:00+05:30,1758.5622004541087,1762.2528381593754,1682.753506617176,1703.201904296875,2389574,0.0,0.0,1762.1183044433594,1786.07685546875,1765.2962374892843,1789.175129245355,40.2764203154858,-8.217455287339135,-2.4792347110398367,-5.738220576299298
2022-04-20 00:00:00+05:30,1708.6881287635035,1722.6528887183715,1679.1626606401055,1716.96728515625,3201545,0.0,0.0,1759.3353271484375,1782.33130859375,1760.6934801242335,1786.343449084998,42.58288551227341,-11.114042125474043,-4.300657239339795,-6.813384886134248
2022-04-21 00:00:00+05:30,1720.6578677275927,1768.98586174203,1719.710307752031,1756.4176025390625,2730691,0.0,0.0,1756.9912414550781,1779.870517578125,1760.2862536875505,1785.1698864753535,48.697719857300854,-10.109758151874303,-2.637098612592043,-7.47265953928226
2022-04-22 00:00:00+05:30,1735.620165937907,1744.4977876910027,1717.067009206352,1723.4010009765625,2256038,0.0,0.0,1754.8965209960938,1777.8615869140624,1756.77337247698,1782.747577240107,44.43277588911664,-11.841518033363172,-3.4950867952647293,-8.346431238098443
2022-04-25 00:00:00+05:30,1698.2145206869943,1733.5254372759134,1689.7359166189535,1724.4981689453125,2149394,0.0,0.0,1755.6296630859374,1776.0870629882813,1753.699543569202,1780.4632867187427,44.606391907316855,-12.975840518123732,-3.70352742402023,-9.272313094103502
2022-04-26 00:00:00+05:30,1741.7048206138168,1743.6000624255842,1726.8922242987944,1738.3133544921875,1454777,0.0,0.0,1756.6495849609375,1774.2457080078125,1752.234192228534,1778.8103482000542,46.8579227548659,-12.614615805656967,-2.6738421692427714,-9.940773636414196
2022-04-27 00:00:00+05:30,1719.6605044815892,1747.5900254360463,1719.6605044815892,1737.116455078125,2822592,0.0,0.0,1757.4625427246094,1771.738037109375,1750.794407738019,1777.1752935678219,46.680894319585576,-12.283327841106484,-1.874043363753831,-10.409284477352653
2022-04-28 00:00:00+05:30,1744.5974530919605,1768.5370407844746,1728.039262623913,1761.20556640625,2342497,0.0,0.0,1759.2405517578125,1770.4891870117187,1751.785946658803,1776.5490297575643,50.716505364101366,-9.96215228896017,0.357705750713988,-10.319858039674157
2022-04-29 00:00:00+05:30,1764.497256586243,1805.743270259887,1762.5522137143566,1786.242431640625,3688659,0.0,0.0,1760.6195739746095,1771.3649755859376,1755.0675166570718,1776.9291631647432,54.56557148461026,-6.032795842924315,3.429649757399874,-9.46244560032419
2022-05-02 00:00:00+05:30,1761.105890987633,1775.968288012365,1745.6449068436682,1769.8836669921875,1979466,0.0,0.0,1761.6419921875,1770.591923828125,1756.4785785937495,1776.652869197192,51.723115251488686,-4.190463091142874,4.217586007345053,-8.408049098487927
2022-05-04 00:00:00+05:30,1763.5496479891158,1819.1093930582167,1763.5496479891158,1771.1304931640625,5746474,0.0,0.0,1761.589617919922,1769.5056616210939,1757.8739990290173,1776.436305431187,51.928657648450546,-2.5998235130321063,4.6465804683646565,-7.246403981396763
2022-05-05 00:00:00+05:30,1796.4666614468524,1816.4163189865176,1779.8087461064506,1793.0751953125,3568047,0.0,0.0,1759.6719543457032,1769.1126513671875,1761.2264939131585,1777.0888109167288,55.5183064196909,0.4266062253977907,6.138408165435643,-5.711801940037852
2022-05-06 00:00:00+05:30,1750.7321163398385,1790.4318622496712,1745.59505511076,1770.8314208984375,2847483,0.0,0.0,1758.3303466796874,1768.090234375,1762.1412488641374,1776.8434230728744,51.33390371616733,1.0184468794516306,5.384199055591587,-4.3657521761399565
2022-05-09 00:00:00+05:30,1740.6076601451998,1779.50949323727,1738.6126943456063,1763.051025390625,2169362,0.0,0.0,1757.7368469238281,1766.9012353515625,1762.2278942476125,1776.3025447323942,49.91673577941032,0.8498751362274106,4.1725018498938935,-3.322626713666483
2022-05-10 00:00:00+05:30,1765.5446588236189,1804.2470424228236,1763.050951678388,1792.6263427734375,1989854,0.0,0.0,1759.2679870605468,1766.0114819335938,1765.1229845834055,1776.9426936751802,55.00209613007896,3.06740264844143,5.11202348968633,-2.0446208412449005
2022-05-11 00:00:00+05:30,1793.4741715681614,1813.4238286490088,1791.4792058600767,1805.39404296875,2621884,0.0,0.0,1760.537286376953,1764.492314453125,1768.9583234772479,1778.0584328631633,57.030513029805405,5.788331596400894,6.266361950116636,-0.47803035371574176
2022-05-12 00:00:00+05:30,1798.262208953888,1802.0525708910363,1752.5774437302591,1756.4676513671875,4282268,0.0,0.0,1759.4126281738281,1763.8150268554687,1767.7687356572421,1777.2117355495957,48.08526920942537,3.9511896290489403,3.5433759862117458,0.4078136428371947
2022-05-13 00:00:00+05:30,1780.5070340567622,1790.4818633792092,1751.5800290216664,1775.07080078125,2737022,0.0,0.0,1758.300439453125,1762.2759130859374,1768.4641704309572,1777.127777323386,51.21833486134668,3.9508175038517948,2.83440308881168,1.1164144150401147
2022-05-16 00:00:00+05:30,1776.517058970362,1820.406306917973,1761.704462140653,1808.286865234375,3039181,0.0,0.0,1759.9587646484374,1761.6794189453126,1772.2568080312826,1778.3497023395034,56.29058085783166,6.555216934743385,4.351042015762616,2.204174918980769
2022-05-17 00:00:00+05:30,1818.4113436436744,1840.256243709832,1813.0249115808745,1835.6678466796875,3020781,0.0,0.0,1764.4424560546875,1762.3636962890625,1778.2959545692258,1780.597472705785,59.98426695107569,10.705235328546678,6.8008483276527265,3.904387000893951
2022-05-18 00:00:00+05:30,1842.301014284064,1859.3081466266144,1836.216392877864,1842.1514892578125,5321784,0.0,0.0,1771.3899353027343,1763.451953125,1784.3774340633768,1783.0113557078253,60.82840017967119,14.351890910225165,8.358003127464972,5.993887782760194
2022-05-19 00:00:00+05:30,1807.4389970494085,1822.700533974747,1773.8736734414388,1778.9110107421875,3108321,0.0,0.0,1774.4871215820312,1764.075380859375,1783.8568223185016,1782.8505578660356,49.79463914959961,12.000578439806986,4.805352525637433,7.195225914169553
2022-05-20 00:00:00+05:30,1806.441559176522,1835.268839774412,1789.9331682270324,1824.5458984375,2649672,0.0,0.0,1777.893536376953,1766.4144799804687,1787.7319724250729,1784.485669260995,55.997362482234124,13.662013232811432,5.173429854913502,8.48858337789793
2022-05-23 00:00:00+05:30,1847.3383090112156,1866.789225331798,1836.615367962689,1849.632568359375,2826078,0.0,0.0,1784.2051147460938,1769.0318774414063,1793.6272672759587,1787.0404496177944,58.99642007473593,16.80923053468473,6.656517725429438,10.152712809255291
2022-05-24 00:00:00+05:30,1853.2731087550512,1885.242481013968,1838.161341833543,1877.861083984375,3421900,0.0,0.0,1791.8732604980469,1771.8946508789063,1801.6495355339032,1790.602043122366,62.124608714893846,21.33528829359193,8.946060387469311,12.389227906122619
2022-05-25 00:00:00+05:30,1893.0728780672948,1936.613030559973,1881.5520237478547,1902.74853515625,6252602,0.0,0.0,1800.09501953125,1774.9509399414062,1811.2780116884123,1794.9999447707535,64.68280808110873,26.62353149398382,11.38744287028896,15.23608862369486
2022-05-26 00:00:00+05:30,1910.1297721446963,1917.1620750795248,1879.3076488891825,1903.845703125,4949829,0.0,0.0,1808.4314819335937,1777.8566088867187,1820.0939823014207,1799.2684058826846,64.7956967610252,30.550863281040392,12.251819725876423,18.29904355516397
2022-05-27 00:00:00+05:30,1916.1645069047945,1945.091508830999,1908.1846443044624,1941.301025390625,2440367,0.0,0.0,1817.4362548828126,1780.9976806640625,1831.6375102146783,1804.838312530055,68.49766032927951,36.2675635994276,14.374816035410909,21.892747564016695
2022-05-30 00:00:00+05:30,1940.353628859547,1946.8372677684724,1890.7787769842148,1898.409423828125,3987800,0.0,0.0,1823.0446044921875,1784.3781518554688,1837.9967400826256,1808.5077678750774,60.6344604896619,36.91160203079153,12.015083573419865,24.896518457371663
2022-05-31 00:00:00+05:30,1886.339787860636,1891.3771249438748,1823.7477392030396,1842.201171875,14830306,0.0,0.0,1826.6604797363282,1786.10080078125,1838.39716215809,1809.8290778358587,52.18076639156218,32.51169634935104,6.092142313583501,26.41955403576754
2022-06-01 00:00:00+05:30,1835.3684777941128,1869.2828953185697,1830.7301581036008,1860.4052734375,2382645,0.0,0.0,1831.12421875,1787.0005297851562,1840.4931727561288,1811.812458055531,54.39825952425813,30.14615217828714,2.9812785140156777,27.16487366427146
2022-06-02 00:00:00+05:30,1843.5477132448964,1874.270233039856,1841.353299729417,1852.9739990234373,2664301,0.0,0.0,1834.119158935547,1788.6074731445312,1841.6818228768248,1813.4266361327036,53.31143660054733,27.35645149637935,0.1532622656863083,27.20318923069304
2022-06-03 00:00:00+05:30,1874.27018622873,1874.27018622873,1848.4353572868067,1853.971435546875,1815375,0.0,0.0,1838.2761596679688,1789.6209155273436,1842.8522621787342,1815.0166282665928,53.44587971400259,24.938601721866917,-1.8116700070609006,26.750271728927817
2022-06-06 00:00:00+05:30,1840.355965263151,1872.2754183192053,1838.510646235958,1864.5948486328125,2588097,0.0,0.0,1843.3533508300782,1791.606904296875,1844.9229846981702,1816.9608722025232,54.9343400672043,23.607526142174038,-2.514196469403025,26.121722611577063
2022-06-07 00:00:00+05:30,1859.308151082991,1860.3056339966624,1827.3886978455148,1853.472900390625,1711639,0.0,0.0,1846.3956787109375,1794.4796557617187,1845.737262383166,1818.3927164451939,53.02297042189186,21.408408080164236,-3.770651625130263,25.1790597052945
2022-06-08 00:00:00+05:30,1855.318115697389,1875.3674967886068,1834.1216049669752,1840.8546142578125,1465616,0.0,0.0,1848.1687072753907,1796.9384497070312,1845.2722482759896,1819.2735751829437,50.86080848634146,18.43489494314963,-5.395331809715898,23.830226752865528
2022-06-09 00:00:00+05:30,1834.1215112739649,1868.1356506382529,1823.099277551984,1860.5048828125,1280868,0.0,0.0,1853.3705688476562,1799.7314013671876,1846.722975374705,1820.8904892076323,54.00621049012365,17.462677926282822,-5.094039061266166,22.556716987548988
2022-06-10 00:00:00+05:30,1835.3684189299315,1849.5326265012395,1779.559302939969,1787.289794921875,2859950,0.0,0.0,1853.9815185546875,1800.9642895507814,1841.0626724744354,1819.5728149219162,42.96979149544185,10.66144472890096,-9.516217806918423,20.177662535819383
2022-06-13 00:00:00+05:30,1738.6126091007604,1748.188420116693,1714.3239260342048,1732.976806640625,2349445,0.0,0.0,1850.216015625,1800.4505859375,1830.768780490263,1816.1768930285323,36.939201869228576,0.8786852415203157,-15.439181835439257,16.317867076959573
2022-06-14 00:00:00+05:30,1731.2312673838678,1744.2484677122493,1717.2665070218543,1735.3209228515625,1551047,0.0,0.0,1845.1986694335938,1800.1682983398437,1821.6785083341963,1813.006070668651,37.347890308718796,-6.608888394062205,-18.341404376817422,11.732515982755217
2022-06-15 00:00:00+05:30,1733.6251419080982,1745.5949357532634,1724.5480725947891,1732.278564453125,1770169,0.0,0.0,1839.7050231933595,1799.3703100585938,1813.1642279645705,1809.8402861111795,37.012617289395955,-12.642601303934725,-19.500093829351954,6.857492525417229
2022-06-16 00:00:00+05:30,1737.6152291123774,1749.136205427384,1665.7964595968258,1671.5819091796875,2973292,0.0,0.0,1834.3385681152345,1796.17337890625,1799.6801976041054,1804.4183889766111,31.028127070879513,-22.067692451101493,-23.14014798121498,1.0724555301134853
2022-06-17 00:00:00+05:30,1656.8189479735825,1679.4617590630692,1644.450136772767,1669.38720703125,3163864,0.0,0.0,1826.580633544922,1793.6078515625,1787.2713413590716,1799.1230485081655,30.833992606757473,-29.37561540216325,-24.358456745821385,-5.017158656341862
2022-06-20 00:00:00+05:30,1669.38738661537,1685.596484027075,1647.841779946883,1674.9732666015625,1767577,0.0,0.0,1817.8476684570312,1791.608896484375,1776.5762866202613,1794.2544296098674,32.0001830572229,-34.320819624284695,-23.442928774354264,-10.877890849930429
2022-06-21 00:00:00+05:30,1685.7459378136152,1704.6981110789752,1668.339911598802,1677.267333984375,2503603,0.0,0.0,1807.8179809570313,1789.9141723632813,1767.1182911311294,1789.666700369652,32.50350203394593,-37.621144398835895,-21.394602839124374,-16.22654155971152
2022-06-22 00:00:00+05:30,1660.8090713371118,1671.63173672865,1648.839276228376,1665.4971923828125,1771925,0.0,0.0,1795.9554138183594,1787.623955078125,1757.4400912503374,1784.79730789958,31.226422362261058,-40.7170666217703,-19.59242004964702,-21.12464657212328
2022-06-23 00:00:00+05:30,1670.7838916909193,1690.733550099169,1644.6498878813327,1679.8609619140625,2490801,0.0,0.0,1784.7561767578125,1785.6419580078125,1750.0516027421208,1780.6821570766185,34.603298297288276,-41.53280678685542,-16.32652817178571,-25.206278615069706
2022-06-24 00:00:00+05:30,1695.720826119309,1710.5833447714338,1685.8956445088145,1694.1248779296875,1617721,0.0,0.0,1772.3973693847656,1783.5781640625,1744.7252479980796,1777.2877539728174,37.8660032815933,-40.56074886609599,-12.283576200821024,-28.277172665274968
2022-06-27 00:00:00+05:30,1712.8775751226624,1715.5708519915418,1680.7586746738766,1687.292236328125,2128112,0.0,0.0,1761.8415100097657,1781.8216015625,1739.255437362846,1773.758517986751,36.91590180180585,-39.88198829963039,-9.28385250748434,-30.598135792146053
2022-06-28 00:00:00+05:30,1680.6589374016537,1688.090136190182,1660.5097100654757,1664.5994873046875,2799443,0.0,0.0,1752.96142578125,1780.1937109375,1732.1453468811164,1769.4777716854937,33.875767161418075,-40.7059480252135,-8.086249786453962,-32.61969823875954
2022-06-29 00:00:00+05:30,1645.8467181223268,1654.7741410093483,1632.5801473861836,1638.315673828125,2932830,0.0,0.0,1741.8569458007812,1778.895986328125,1723.2091875427363,1764.3341600048127,30.720121610300133,-42.984329534553126,-8.291705036634866,-34.69262449791826
2022-06-30 00:00:00+05:30,1627.892095162669,1672.679101790281,1626.8946122612213,1656.9188232421875,3982064,0.0,0.0,1732.0541870117188,1777.6950170898438,1716.8958195141126,1760.1217938572588,35.313137474922314,-42.79552444434353,-6.482319957140213,-36.313204487203315
2022-07-01 00:00:00+05:30,1640.8592674039216,1675.2724252917244,1631.8819218679732,1663.552001953125,2300514,0.0,0.0,1722.5332153320312,1775.837705078125,1711.8154559368759,1756.3347431943516,36.919003397664355,-41.630759482829944,-4.254043996501302,-37.37671548632864
2022-07-04 00:00:00+05:30,1662.355187573805,1680.2100342008964,1655.871548677495,1666.6942138671875,1868781,0.0,0.0,1712.63818359375,1774.7035693359376,1707.5181947873816,1752.8194283187765,37.707908139529195,-39.99310895308281,-2.093114773403336,-37.899994179679474
2022-07-05 00:00:00+05:30,1670.7837628762688,1690.5339718829484,1652.7791488457283,1658.8638916015625,2642097,0.0,0.0,1702.907733154297,1773.3908837890624,1702.8844516268275,1749.1348974671212,36.483431377792556,-38.87892858825285,-0.7831475268586985,-38.09578106139415
2022-07-06 00:00:00+05:30,1677.7662295864347,1708.0897339505948,1666.7939177401502,1700.2095947265625,5572949,0.0,0.0,1695.8754821777343,1772.62880859375,1702.6297033506119,1747.216258143962,46.38376539087903,-34.2646978128073,3.064866598869486,-37.329564411676785
2022-07-07 00:00:00+05:30,1713.6756239664223,1739.610179393155,1711.7305810146372,1734.1240234375,3170065,0.0,0.0,1689.5564392089843,1772.5689599609375,1705.629162406506,1746.7028371750812,52.8727103413491,-27.553654341568063,7.820728056086978,-35.37438239765504
2022-07-08 00:00:00+05:30,1750.5824760134196,1752.0287775020574,1727.8398173634105,1740.3582763671875,1778149,0.0,0.0,1687.20986328125,1772.1520141601563,1708.936697069428,1746.4540308688893,53.975397757662286,-21.484393219094272,11.111991342848619,-32.59638456194289
2022-07-11 00:00:00+05:30,1738.612538277324,1742.6024695183507,1723.8497439803104,1736.866943359375,1533179,0.0,0.0,1687.4043701171875,1771.1645043945311,1711.5967205256134,1746.07806665283,53.22432560210307,-16.762948611294178,12.66674876051897,-29.42969737181315
2022-07-12 00:00:00+05:30,1717.1666767743925,1734.6226261461911,1707.6406671262805,1714.623046875,1828832,0.0,0.0,1686.3694763183594,1770.0592919921876,1711.8849420826978,1744.8445364654642,48.58561002464934,-14.647222229448744,11.825980113891525,-26.47320234334027
2022-07-13 00:00:00+05:30,1719.6604250027012,1741.5551247480696,1719.0619596482322,1737.6650390625,3613468,0.0,0.0,1686.6388000488282,1769.3899829101563,1714.3401894141075,1744.562987547701,53.14146725671496,-10.98457429447626,12.390902439091207,-23.375476733567467
2022-07-14 00:00:00+05:30,1735.6201955138704,1772.5270617403148,1732.677669749683,1765.5946044921875,6570982,0.0,0.0,1691.3394348144532,1768.84037109375,1719.2215622786866,1745.3877568396415,57.99958300145997,-5.76179847873118,14.090942603869028,-19.852741082600208
2022-07-15 00:00:00+05:30,1767.83905551431,1785.4944547696605,1765.54479605715,1783.2001953125,2333732,0.0,0.0,1697.0300842285155,1769.0877465820313,1725.3147654247641,1746.8705975640673,60.76121515569869,-0.1997839880941683,15.722365675604832,-15.922149663699
2022-07-18 00:00:00+05:30,1795.4691553626046,1845.3432985671216,1789.733628894085,1841.0042724609373,3117038,0.0,0.0,1705.3316345214844,1770.6468115234375,1736.3328137139235,1750.5621142266898,68.16300636548317,8.771347866702854,19.754798024321484,-10.98345015761863
2022-07-19 00:00:00+05:30,1830.381099607435,1847.338308704616,1823.448642240572,1830.3311767578125,2895175,0.0,0.0,1712.9848266601562,1771.400908203125,1745.2850387657224,1753.690312757322,65.69870014738532,14.848639003212611,20.665671328664992,-5.817032325452383
2022-07-20 00:00:00+05:30,1841.6026015419293,1845.343162005454,1813.5234366431312,1823.149169921875,2571469,0.0,0.0,1720.8674255371093,1771.7560107421875,1752.7006703044037,1756.414189508873,64.02139845105576,18.867910556264405,19.74795430537343,-0.8800437491090247
2022-07-21 00:00:00+05:30,1820.4061058951036,1820.4061058951036,1783.2997945239904,1796.0177001953125,2186674,0.0,0.0,1726.6752624511719,1772.54701171875,1756.8261017225855,1757.9672683593217,57.99752223838049,19.637559794214212,16.41408283465859,3.2234769595556227
2022-07-22 00:00:00+05:30,1796.466697306175,1837.363496078831,1785.195091866053,1822.5009765625,3349580,0.0,0.0,1733.0940673828125,1773.495615234375,1763.0808517073392,1760.4980020143485,61.77800537433098,22.12939751370277,15.124736443317717,7.004661070385053
2022-07-25 00:00:00+05:30,1811.4288712614589,1844.1463577295488,1780.6066265773636,1791.0303955078125,1886515,0.0,0.0,1738.2809753417969,1773.1504858398437,1765.74271302167,1761.695350778798,55.397167813785735,21.31903145465253,11.451496307413983,9.867535147238549
2022-07-26 00:00:00+05:30,1786.4917917484322,1790.4318003170315,1747.5899604373271,1757.165771484375,1802447,0.0,0.0,1742.9092895507813,1771.5804443359375,1764.9258614466894,1761.5177202182324,49.47530348221925,17.73972585717752,6.297752567951175,11.441973289226343
2022-07-27 00:00:00+05:30,1756.716995379682,1756.716995379682,1727.989439780911,1749.6846923828125,3479645,0.0,0.0,1748.4777404785157,1769.7311083984375,1763.474321535844,1761.0536799109611,48.2482730423662,14.136483242995155,2.155607963015049,11.980875279980106
2022-07-28 00:00:00+05:30,1770.3326785503791,1827.2390042601107,1760.5572975415298,1823.8974609375,2154401,0.0,0.0,1756.8266723632812,1770.6308374023438,1769.2289062407638,1763.518141912002,59.08796660979665,17.07243728190997,4.073249601543891,12.999187680366079
2022-07-29 00:00:00+05:30,1833.024297987544,1852.2258419526472,1799.1098826725556,1805.79296875,2387998,0.0,0.0,1763.938720703125,1770.2557788085937,1772.71119790831,1765.1759782585902,56.00605930712909,17.733895487961036,3.7877662460759645,13.946129241885071
2022-08-01 00:00:00+05:30,1810.431429999032,1857.3131254315133,1807.438981354405,1851.078857421875,1655537,0.0,0.0,1773.1579528808593,1770.2847045898438,1780.1747845286495,1768.544718617935,61.42580193459719,21.662585822789197,6.173165264723298,15.489420558065898
2022-08-02 00:00:00+05:30,1847.038990243995,1888.235081671362,1829.583039938,1879.856201171875,3357606,0.0,0.0,1784.207568359375,1770.3246069335937,1789.6682527803853,1772.9098747965209,64.42498760008901,26.78938104725239,9.039968391349195,17.749412655903196
2022-08-03 00:00:00+05:30,1870.2802935147763,1875.06825977139,1835.3683947025008,1846.4404296875,2535679,0.0,0.0,1791.519110107422,1769.1984448242188,1795.075126771539,1775.793425968716,58.71612844398882,27.83516327225516,8.068600493081568,19.76656277917359
2022-08-04 00:00:00+05:30,1851.926628359872,1854.3206115439525,1809.6832541654733,1830.9296875,2361186,0.0,0.0,1796.359393310547,1767.7401245117187,1798.4898468409162,1777.9556323032762,56.225581615847936,27.09997431936813,5.866729232155631,21.2332450872125
2022-08-05 00:00:00+05:30,1840.1064779903013,1845.343262925631,1818.062131472285,1829.2838134765625,1664571,0.0,0.0,1800.8056701660157,1765.4997802734374,1801.4226055681206,1779.968502153209,55.954362716724546,26.083845168434664,3.880480064977732,22.20336510345693
2022-08-08 00:00:00+05:30,1825.3936759305536,1844.8445921494856,1812.22695057988,1839.857177734375,1555925,0.0,0.0,1805.9551818847656,1764.3287353515625,1805.0830410125259,1782.317077666196,57.37680064575732,25.83394004603656,2.9044599540637,22.92948009197286
2022-08-10 00:00:00+05:30,1843.3482423336925,1844.595095852587,1816.4661291715415,1823.7476806640625,1657327,0.0,0.0,1811.4114135742188,1763.9596655273438,1806.8606257412437,1783.941807195524,54.48947024739912,24.058653473921368,0.9033387055588058,23.15531476836256
2022-08-11 00:00:00+05:30,1845.456134640756,1853.091496720303,1829.4868008634423,1849.947509765625,2778338,1.1,0.0,1817.025537109375,1763.7505102539062,1810.9641385054706,1786.5302661198418,58.17575924932767,24.48360160388279,1.06262946841618,23.42097213546661
2022-08-12 00:00:00+05:30,1856.4350362756752,1856.4350362756752,1832.98007748402,1837.6710205078125,1396522,0.0,0.0,1820.6293579101562,1763.4444506835937,1813.5076510771223,1788.5357858997622,55.89130657720209,23.55820168965238,0.10978364334861368,23.448418046303765
2022-08-16 00:00:00+05:30,1846.9033969097395,1858.2317410799287,1835.026301802332,1842.811279296875,1313624,0.0,0.0,1823.609912109375,1763.2212475585939,1816.298472812337,1790.6642366212177,56.65873376318465,22.974752866067774,-0.37893214418879495,23.35368501025657
2022-08-17 00:00:00+05:30,1850.4464682815576,1850.4464682815576,1827.64028887308,1836.173828125,3383334,0.0,0.0,1823.368389892578,1762.6528271484376,1818.1913637944954,1792.448926484111,55.32029498129147,21.726331012043147,-1.3018831985707386,23.028214210613886
2022-08-18 00:00:00+05:30,1835.4752723171068,1908.3353565363288,1828.488688898825,1900.8497314453125,3661316,0.0,0.0,1826.8943176269531,1763.6003637695312,1826.0635892850494,1796.6999384433739,64.19577372092829,25.659960525045335,2.1053970515451574,23.554563473500178
2022-08-19 00:00:00+05:30,1915.321966920181,1938.726972966402,1867.4139656631885,1873.4024658203125,4563906,0.0,0.0,1829.406982421875,1764.2513208007813,1830.572053716979,1799.7078806934499,58.85272276294538,26.25991732412058,2.1642830804963182,24.09563424362426
2022-08-22 00:00:00+05:30,1823.448373606409,1834.4772436370256,1807.8284662534431,1828.5386962890625,4162757,0.0,0.0,1831.0330322265625,1763.6119970703126,1830.378400628606,1800.8385009128858,51.33210808930464,22.85183442832067,-0.9950398522428756,23.846874280563547
2022-08-23 00:00:00+05:30,1820.5039699245588,1865.417719182566,1816.5116366571804,1852.193115234375,2214300,0.0,0.0,1832.5176391601562,1764.9100634765625,1832.455992495822,1802.8524073568658,54.62448503200414,21.8082264408863,-1.6309182717417983,23.4391447126281
2022-08-24 00:00:00+05:30,1847.452347967849,1870.3583129479828,1837.87077182702,1864.0205078125,1415625,0.0,0.0,1836.1671447753906,1767.5309375,1835.4621368116964,1805.2511563943417,56.21930292694503,21.685553762480595,-1.4028727601180044,23.0884265225986
2022-08-25 00:00:00+05:30,1871.506140119822,1901.7979466374024,1852.5925086148925,1865.1683349609373,2204409,0.0,0.0,1841.5672729492187,1770.1278857421876,1838.2912985401954,1807.600849671463,56.379535932278486,21.433878430698996,-1.3236384735196864,22.757516904218683
2022-08-26 00:00:00+05:30,1868.761391537932,1923.306672603586,1865.3180526126475,1898.404541015625,3343088,0.0,0.0,1849.0032653808594,1773.4504052734376,1844.016369252141,1811.161778743783,60.8478579861518,23.64375746080873,0.7089924452720382,22.93476501553669
2022-08-29 00:00:00+05:30,1854.4388905458195,1874.3506049255907,1841.4638068121835,1846.4542236328125,3639673,0.0,0.0,1850.131103515625,1776.9478515625,1844.248545859824,1812.5457961904117,51.89887688305322,20.961514773396175,-1.5786001937124148,22.54011496710859
2022-08-30 00:00:00+05:30,1861.2756938429875,1916.3200144589068,1853.440763984474,1911.7786865234373,3885850,0.0,0.0,1855.4303894042969,1781.7956811523438,1850.6799878277873,1816.4372820858246,59.887629155270375,23.832233185947416,1.0336945750710598,22.798538610876356
2022-09-01 00:00:00+05:30,1871.4062838899324,1921.8094931360347,1871.4062838899324,1899.202880859375,4207842,0.0,0.0,1857.8365905761718,1786.2802734375,1855.3012157355574,1819.6829918416502,57.894188277589,24.80658096974821,1.6064338870974844,23.200147082650727
2022-09-02 00:00:00+05:30,1913.275858449526,1925.302811736385,1900.7499853163476,1915.1722412109373,3331376,0.0,0.0,1859.602392578125,1791.0383715820312,1861.003218161784,1823.4276682875045,59.72739866330025,26.561171871486067,2.6888198310682725,23.872352040417795
2022-09-05 00:00:00+05:30,1907.3372035650148,1953.249035780604,1907.3372035650148,1934.1856689453125,3806770,0.0,0.0,1863.9896545410156,1796.4121411132812,1867.9729753792628,1827.7711192936931,61.8567417126612,29.14990060953278,4.222038855291988,24.92786175424079
2022-09-06 00:00:00+05:30,1941.222259757416,1946.2126767565476,1906.339293668032,1912.0283203125,2767854,0.0,0.0,1868.0445861816406,1801.05548828125,1872.1687225157616,1831.075323255215,58.00760827630114,29.078376503566915,3.3204117994608957,25.75796470410602
2022-09-07 00:00:00+05:30,1896.3583417602845,1911.4293757933208,1882.085701295656,1904.592529296875,1976258,0.0,0.0,1871.8100219726562,1805.2648413085938,1875.2567041139628,1833.9583509431232,56.73176798645136,28.09779307452891,1.8718626963383116,26.225930378190597
2022-09-08 00:00:00+05:30,1916.419827583623,1934.2855440241808,1908.3353767668905,1926.350830078125,2412183,0.0,0.0,1876.1347045898438,1810.0460131835937,1880.1228113486447,1837.5815854190057,59.536294128059446,28.745031839746844,2.015281169244993,26.72975067050185
2022-09-09 00:00:00+05:30,1946.26253250894,1946.9611421194047,1912.8267402837864,1922.6578369140625,2817973,0.0,0.0,1881.0802124023437,1815.2071801757813,1884.173766164399,1840.9179090070472,58.839193831469686,28.629951282715865,1.5201604897712109,27.109790792944654
2022-09-12 00:00:00+05:30,1921.3104612862,1940.2740450599335,1914.0743569514857,1920.3123779296875,1483681,0.0,0.0,1884.598455810547,1820.8471142578126,1887.6155387134743,1844.0314175922488,58.37172781923649,28.02641906084432,0.7333026143197294,27.29311644652459
2022-09-13 00:00:00+05:30,1929.2951992553164,1936.28178300844,1916.4698520186391,1919.713623046875,1584581,0.0,0.0,1888.7005859375,1826.1030102539062,1890.672499126179,1846.9993472179203,58.24451108594661,27.186412867178205,-0.08536286347710842,27.271775730655314
2022-09-14 00:00:00+05:30,1888.37371339686,1974.0093142505584,1888.37371339686,1950.9534912109373,3742429,0.0,0.0,1894.1076965332031,1831.8510400390626,1896.4135459913941,1851.0759803156857,62.79994808122666,28.71054094087299,1.1510121681741374,27.55952877269885
2022-09-15 00:00:00+05:30,1963.729049508926,1983.3912433539672,1919.3143391134256,1930.4429931640625,3747498,0.0,0.0,1898.8211547851563,1837.126015625,1899.6544457221246,1854.1884121920928,58.3026039512564,27.94130763942053,0.30542309337733897,27.63588454604319
2022-09-16 00:00:00+05:30,1922.558177303662,1976.2051608364704,1906.4391057911848,1926.6004638671875,5168822,0.0,0.0,1900.10869140625,1842.4807470703124,1902.2207331645116,1857.0281004930769,57.47221712322801,26.71368596201387,-0.7377588672234552,27.451444829237325
2022-09-19 00:00:00+05:30,1919.4141218896032,1936.2817553628693,1903.8939984471383,1925.8018798828125,1675912,0.0,0.0,1902.728662109375,1846.9925927734375,1904.4665566614926,1859.725111449537,57.289593760896004,25.383739931537093,-1.6541639181601866,27.03790384969728
2022-09-20 00:00:00+05:30,1940.2740809060444,1957.9401079081488,1929.295163781576,1936.0322265625,1612730,0.0,0.0,1908.103338623047,1851.0307568359376,1907.472810937779,1862.71754733632,59.08330831887589,24.86858206522379,-1.735457427578794,26.604039492802585
2022-09-21 00:00:00+05:30,1923.3065843142224,1946.2625009925969,1894.7614253336,1914.8228759765625,2238276,0.0,0.0,1911.2348266601562,1854.520048828125,1908.172817131949,1864.7608935575058,54.01827778460643,22.489651700826926,-3.291510233580528,25.781161934407454
2022-09-22 00:00:00+05:30,1901.89770753526,1920.9111215632356,1877.5942813727395,1889.1221923828125,1857227,0.0,0.0,1912.4899108886718,1857.5651538085938,1906.3584719177456,1865.7162386094785,48.58320447011597,18.319328060834096,-5.96946709885869,24.288795159692786
2022-09-23 00:00:00+05:30,1866.5157242697192,1885.080050966375,1838.3698213912107,1859.1298828125,2613759,0.0,0.0,1912.18798828125,1860.4552905273438,1901.8605110505794,1865.457950146852,43.12952882394835,12.450664296702826,-9.47050469039197,21.921168987094795
2022-09-26 00:00:00+05:30,1832.4810905143693,1854.4389249322971,1813.168201427689,1825.4945068359373,2285176,0.0,0.0,1908.5424865722657,1862.2118798828126,1894.5875582682327,1863.8907562915222,37.98040015654689,5.027656548364575,-13.514809950984176,18.542466499348752
2022-09-27 00:00:00+05:30,1828.688285542041,1831.3332308163256,1788.6153360614387,1795.8514404296875,2740144,0.0,0.0,1906.0123474121094,1862.8170166015625,1885.1841184740856,1861.2225478263522,34.11482835320554,-3.21007455238032,-17.40203284138326,14.191958289002939
2022-09-28 00:00:00+05:30,1786.569314127041,1804.5348156098828,1771.69784686564,1789.164306640625,1771117,0.0,0.0,1899.8816284179688,1862.936298828125,1876.0393744899463,1858.3967344465198,33.29165526047263,-10.161001904486056,-19.482368154791196,9.32136625030514
2022-09-29 00:00:00+05:30,1798.5461123998348,1806.5307788255832,1756.3770928388508,1761.91650390625,2799627,0.0,0.0,1893.0173095703126,1861.3545434570312,1865.1705296724515,1854.6131959939603,30.104152705453913,-17.664704157402184,-21.58885632616586,3.924152168763675
2022-09-30 00:00:00+05:30,1764.611317297871,1822.9492388665356,1754.3310103234196,1815.713134765625,2804653,0.0,0.0,1888.0443542480468,1861.0621826171875,1860.460301586087,1853.0877033967708,41.926448329195765,-19.050896860706416,-18.380039223576073,-0.6708576371303434
2022-10-03 00:00:00+05:30,1804.5347420015,1809.5251588765043,1769.901297623511,1780.48095703125,2440064,0.0,0.0,1880.3591186523438,1860.208818359375,1852.8432211522932,1850.2403800098878,37.45793216170687,-22.73038513001825,-17.647621994310324,-5.082763135707925
2022-10-04 00:00:00+05:30,1804.534758068665,1824.296857804179,1798.54625776534,1818.7574462890625,1668922,0.0,0.0,1875.695574951172,1860.66361328125,1849.5969568796047,1849.0057551580908,44.39202471913345,-22.30074420216056,-13.774384853162108,-8.52635934899845
2022-10-06 00:00:00+05:30,1821.5021023891327,1836.473352545756,1808.377282051224,1815.413818359375,1748151,0.0,0.0,1871.236639404297,1860.5218701171875,1846.341419877678,1847.6884243032393,43.93379145458602,-21.976719558461582,-10.760288167570504,-11.216431390891078
2022-10-07 00:00:00+05:30,1807.0299009400835,1826.492526219471,1798.7457604199592,1821.9013671875,1063844,0.0,0.0,1866.0141662597657,1861.1392895507813,1844.0137958119467,1846.6771671614458,45.11754840186778,-20.9548818876965,-7.790760397444339,-13.164121490252162
2022-10-10 00:00:00+05:30,1797.6478595177894,1818.2583046291736,1791.1104868145617,1804.7841796875,1037722,0.0,0.0,1860.1204833984375,1862.0916577148437,1840.2776418953329,1845.0343049075655,42.564021384896755,-21.28096839193813,-6.493477521348774,-14.787490870589357
2022-10-11 00:00:00+05:30,1806.3811476545072,1806.3811476545072,1779.8821075053957,1784.4732666015625,1496718,0.0,0.0,1853.3285278320313,1862.7874291992186,1834.9629394864023,1842.6593622288988,39.69328243496683,-22.914174891952598,-6.5013472170905935,-16.412827674862005
2022-10-12 00:00:00+05:30,1784.57306665692,1809.5251509222571,1776.7879676315952,1806.73046875,1035118,0.0,0.0,1847.6793701171875,1862.4440893554688,1832.2741327496021,1841.25038601404,44.13941430882287,-22.157119130641604,-4.595433164623678,-17.561685966017926
2022-10-13 00:00:00+05:30,1801.5405331033817,1812.4196665071213,1789.5635323292872,1798.0472412109375,1172979,0.0,0.0,1840.0340576171875,1862.2891748046875,1829.0144287935389,1839.5561450413695,42.81327131028825,-22.004160612723126,-3.553979717364161,-18.450180895358965
2022-10-14 00:00:00+05:30,1824.4963631832743,1854.438863673153,1819.0069047601296,1830.48486328125,1670238,0.0,0.0,1835.036151123047,1861.877294921875,1829.1544701733208,1839.200408501757,48.98002425283872,-19.045945077546094,-0.47661134574970276,-18.56933373179639
2022-10-17 00:00:00+05:30,1824.5463382247597,1858.6307875602488,1816.761239268386,1854.588623046875,1104283,0.0,0.0,1831.4355590820312,1861.371943359375,1831.5767704469927,1839.8038678956832,53.03300494500142,-14.588399989450863,3.1847469938764235,-17.773146983327287
2022-10-18 00:00:00+05:30,1863.8707663416328,1872.304644036548,1851.5444609189803,1856.1356201171875,1609858,0.0,0.0,1827.95224609375,1861.5658471679687,1833.9157085108209,1840.4443287671147,53.28947603074915,-10.806364612947391,5.573425896303917,-16.379790509251308
2022-10-19 00:00:00+05:30,1865.4177850377916,1873.85154062833,1851.4446181086691,1865.76708984375,913286,0.0,0.0,1824.4389892578124,1862.2625952148437,1836.9491733996713,1841.4373782211003,54.939276973409996,-6.951759657579942,7.542424681337094,-14.494184338917036
2022-10-20 00:00:00+05:30,1856.435026865228,1879.340990962172,1851.793914930796,1859.978271484375,1591107,0.0,0.0,1821.696759033203,1862.876484375,1839.1424208363098,1842.164472074562,53.71137106520075,-4.3143337678538956,8.143880456850512,-12.458214224704408
2022-10-21 00:00:00+05:30,1866.415970375406,1921.3105577393883,1862.7231105054611,1899.00341796875,3941971,0.0,0.0,1822.1908203125,1864.0594091796875,1844.8434681822564,1844.3934503449223,60.173730124585916,0.9143088427122166,10.698018453933301,-9.783709611221084
2022-10-24 00:00:00+05:30,1898.85361375893,1911.3296558992645,1886.377571618595,1892.16650390625,649081,0.0,0.0,1823.8426513671875,1865.4277856445312,1849.350423965494,1846.2669034257585,58.629426551913475,4.455009380560568,11.390975193425323,-6.9359658128647546
2022-10-25 00:00:00+05:30,1907.3372603272733,1907.936085963247,1838.4695099543887,1843.0606689453125,3511650,0.0,0.0,1824.7209594726562,1865.290048828125,1848.7513996778575,1846.141168740251,48.91857711134087,3.2610185870555597,8.157587519936252,-4.896568932880692
2022-10-27 00:00:00+05:30,1880.0895246215384,1884.3813316856567,1845.905170484762,1861.4254150390625,4593492,0.0,0.0,1827.999658203125,1865.76513671875,1849.958448759877,1846.7405509480475,52.11302280717128,3.7533871000555337,6.919964826348981,-3.166577726293447
2022-10-28 00:00:00+05:30,1870.4083168866923,1891.21833169076,1867.4640195514285,1880.638671875,3048687,0.0,0.0,1832.5733764648437,1866.5216845703126,1852.8803747708412,1848.0698890236145,55.26498401459933,5.629053721369246,7.036505158130154,-1.4074514367609083
2022-10-31 00:00:00+05:30,1895.3602683024608,1908.3353517610872,1885.379434872748,1898.3045654296875,1874348,0.0,0.0,1839.3927795410157,1867.7642993164063,1857.2064881669216,1850.0398763336566,58.00220128984302,8.443689406573867,7.880912674667821,0.5627767319060468
2022-11-01 00:00:00+05:30,1904.3431201433536,1937.778913919456,1899.751960887637,1905.540771484375,2545417,0.0,0.0,1843.8841613769532,1867.8581201171876,1861.8097532447744,1852.2163820258418,59.10597867995245,11.129911131178687,8.453707519418113,2.6762036117605748
2022-11-02 00:00:00+05:30,1915.072489136416,1916.3200933638664,1893.8632172697587,1906.289306640625,1864081,0.0,0.0,1850.174578857422,1868.5158569335938,1866.0459011872363,1854.3368888734803,59.22535854335681,13.167376413562124,8.39293824144124,4.774438172120885
2022-11-03 00:00:00+05:30,1901.1491684747105,1909.3334030149888,1889.970562119497,1896.508056640625,1591871,0.0,0.0,1854.062109375,1869.875244140625,1868.947058849464,1855.9906601584664,56.88834412735182,13.83335489504725,7.247133378341092,6.586221516706159
2022-11-04 00:00:00+05:30,1902.3469248714532,1904.3430916341729,1890.6693980440857,1896.3084716796875,2081413,0.0,0.0,1858.1068420410156,1870.7575512695312,1871.5529076904377,1857.5717508063576,56.83905867951044,14.181566530152395,6.076276010756988,8.105290519395407
2022-11-07 00:00:00+05:30,1904.3430407957744,1906.339207505204,1868.062735219162,1878.99169921875,2624601,0.0,0.0,1860.961358642578,1871.0569750976563,1872.2613640264674,1858.4117487833141,52.58248331119698,12.911373665841893,3.844866517157188,9.066507148684705
2022-11-09 00:00:00+05:30,1894.3622773984955,1899.9515200246035,1877.0953859879835,1889.7711181640625,2322634,0.0,0.0,1865.2107055664062,1871.5490307617188,1873.9289596586193,1859.6415279747162,54.849173870891185,12.628966822879192,2.8499677393555896,9.778999083523603
2022-11-10 00:00:00+05:30,1891.3679535541028,1911.3296206100829,1888.0742297553277,1908.485107421875,2510124,0.0,0.0,1871.4112976074218,1871.7506420898437,1877.220021350358,1861.55696246284,58.55340436122647,13.756641894424547,3.1821142487207545,10.574527645703792
2022-11-11 00:00:00+05:30,1929.2951332505047,1930.1934326410155,1887.275848197264,1895.4600830078125,3424030,0.0,0.0,1875.8477783203125,1872.7307592773439,1878.9571700796394,1862.8864966018584,55.16134089502347,13.44434387021829,2.295852979611597,11.148490890606693
2022-11-14 00:00:00+05:30,1899.2029098276407,1925.0033404877977,1897.3564799666424,1919.11474609375,2142267,0.0,0.0,1881.9011535644531,1872.87748046875,1882.7817011286024,1865.0915259936974,59.724594869080796,14.933435705741203,3.027955852107608,11.905479853633596
2022-11-15 00:00:00+05:30,1921.310444958539,1929.5945854817296,1891.6674182565744,1908.734619140625,1990292,0.0,0.0,1885.8136413574218,1873.068115234375,1885.2534076059378,1866.8030198425965,56.98399580415589,15.101877179411758,2.5571178606225295,12.544759318789229
2022-11-16 00:00:00+05:30,1910.3315299000851,1964.8768092877517,1910.2815769980991,1962.132080078125,6437651,0.0,0.0,1891.1908142089844,1874.0073120117188,1892.5751859366221,1870.541414361637,65.70274652402033,19.321372344060592,5.42129042021709,13.900081923843501
2022-11-17 00:00:00+05:30,1960.0361278002767,1961.2337790834997,1939.5254662615823,1946.8115234375,2408671,0.0,0.0,1895.724609375,1874.2598291015624,1897.7405514128961,1873.5323990312788,61.830478382867355,21.18490537814796,5.827858763443565,15.357046614704394
2022-11-18 00:00:00+05:30,1957.1915307688616,1993.7214794885203,1944.1666159247677,1955.7943115234373,4272040,0.0,0.0,1900.2259704589844,1875.1351489257813,1903.2694809472334,1876.7583563839125,63.19994563592319,23.120090646717017,6.210435225610098,16.90965542110692
2022-11-21 00:00:00+05:30,1950.8039459333909,1950.8039459333909,1929.0956321199428,1940.3739013671875,1192610,0.0,0.0,1904.245751953125,1875.8507763671876,1906.8032352729435,1879.2530836381586,59.26870330961433,23.1426664355904,4.986408811586784,18.156257624003615
2022-11-22 00:00:00+05:30,1950.1051777820485,1950.1051777820485,1926.4006976269463,1936.0322265625,1166755,0.0,0.0,1906.0971923828124,1876.044404296875,1909.5869487290918,1881.4797166940152,58.171543855678095,22.550275500167572,3.5152143009311665,19.035061199236406
2022-11-23 00:00:00+05:30,1946.761565933374,1957.7404827368944,1941.920886073636,1949.6060791015625,2500563,0.0,0.0,1908.969171142578,1876.583369140625,1913.3982944788509,1884.1513387492132,60.625622858626386,22.91198279889045,3.1015372797232317,19.810445519167217
2022-11-24 00:00:00+05:30,1950.753965504223,1952.550564322113,1929.3451257455088,1941.1224365234373,1400421,0.0,0.0,1913.8722595214845,1876.9995703124996,1916.0386889592878,1886.3854994462417,58.322501786264986,22.257508678565273,1.9576505275184424,20.29985815104683
2022-11-25 00:00:00+05:30,1945.2644723804528,1945.2644723804528,1916.320054884797,1924.7039794921875,2097541,0.0,0.0,1917.0361877441405,1877.099377441406,1916.8639547243258,1887.8881849382396,54.043534548043134,20.181362767799556,-0.09479630659782146,20.276159074397377
2022-11-28 00:00:00+05:30,1912.3277305013703,1939.226028498048,1912.3277305013703,1924.4544677734373,1564504,0.0,0.0,1919.2269775390625,1876.569396972656,1917.586860729003,1889.3221568141298,53.97872056768077,18.304861614931042,-1.5770379675730695,19.88189958250411
2022-11-29 00:00:00+05:30,1927.897705951014,1935.2835468456976,1919.5637346420772,1921.859375,1363505,0.0,0.0,1920.404718017578,1876.3977246093748,1917.9937668500504,1890.5981261547522,53.26323787008566,16.41905004468981,-2.7702796302514408,19.189329674941252
2022-11-30 00:00:00+05:30,1935.283617594576,1951.2529512106216,1912.327700521509,1943.3182373046875,2950734,0.0,0.0,1922.2935913085937,1876.7320800781247,1920.4056211790635,1892.6655814939654,58.197449957352276,16.466268741373597,-2.1784487468541265,18.644717488227723
2022-12-01 00:00:00+05:30,1951.253051126653,1957.990114090901,1924.1550623920737,1930.5927734375,2471005,0.0,0.0,1923.5087646484376,1876.8278979492184,1921.3758261560574,1894.1529223544962,54.52142856305225,15.300476941776424,-2.6753924371610402,17.975869378937464
2022-12-02 00:00:00+05:30,1913.4255503488264,1931.1914825688093,1913.4255503488264,1927.099365234375,1590968,0.0,0.0,1925.038330078125,1876.649240722656,1921.920925115897,1895.4449397223348,53.52196600421254,13.934066450768569,-3.233442342535117,17.167508793303686
2022-12-05 00:00:00+05:30,1938.277986057995,1940.224199976807,1916.320150994516,1934.7347412109373,1245509,0.0,0.0,1926.9596435546875,1877.0474780273435,1923.14128855352,1896.9857162512997,55.44446762651791,13.313813962202858,-3.082955864880663,16.39676982708352
2022-12-06 00:00:00+05:30,1916.8689952139675,1939.3757012864137,1916.8689952139675,1931.540771484375,1366698,0.0,0.0,1929.5870971679688,1877.8958496093746,1923.9412393088396,1898.3408164565183,54.430219754843854,12.421347174316452,-3.180338122213655,15.601685296530107
2022-12-07 00:00:00+05:30,1928.796080274875,1928.796080274875,1901.847829735459,1907.786376953125,2362280,0.0,0.0,1930.487860107422,1878.8689794921872,1922.4026809892478,1898.71123059364,47.474471167895935,9.685629789014229,-4.732844406012703,14.418474195026931
2022-12-08 00:00:00+05:30,1895.260518495282,1901.149234692219,1873.502252491803,1893.3641357421875,12619838,0.0,0.0,1929.7318115234375,1880.2263720703122,1919.6371052514323,1898.5015405994654,43.813586348853356,6.281391743372296,-6.509665961323709,12.791057704696005
2022-12-09 00:00:00+05:30,1910.3316117651452,1913.0763410923944,1875.6482139026384,1884.431396484375,2648455,0.0,0.0,1929.1803771972657,1881.997971191406,1916.2841806069507,1897.9497702420108,41.67025801687998,2.830087672877198,-7.968776025455046,10.798863698332244
2022-12-12 00:00:00+05:30,1861.425509728201,1876.0972867271755,1859.4293429617364,1862.174072265625,3281447,0.0,0.0,1926.3333435058594,1883.4581665039059,1911.1308369553958,1896.5468016939174,36.83506003581213,-1.681690242230161,-9.984443152449924,8.302752910219763
2022-12-13 00:00:00+05:30,1860.177927116739,1868.162594275389,1854.6385155408848,1864.9188232421875,6939565,0.0,0.0,1924.1425537109376,1885.5182128906247,1906.7296927922332,1895.3064888134575,37.793659983868466,-4.978439924115946,-10.624954267468567,5.646514343352621
2022-12-14 00:00:00+05:30,1867.513790477372,1872.3544705096508,1860.177901991717,1869.6097412109373,3747141,0.0,0.0,1919.5164367675782,1886.596145019531,1903.1944593083003,1894.2987732212018,39.48398874804229,-7.1304248235376235,-10.221551333512195,3.091126509974572
2022-12-15 00:00:00+05:30,1871.955210591704,1878.1932313118164,1851.3447657651832,1859.6287841796875,2041799,0.0,0.0,1915.1572998046875,1888.1791015624997,1899.0453473912896,1892.9391658078093,37.169664508187076,-9.531396176591443,-10.098018149252812,0.566621972661369
2022-12-16 00:00:00+05:30,1851.1452436578563,1853.390931320488,1831.682617248382,1837.0224609375,2487828,0.0,0.0,1909.2187072753907,1888.5444018554685,1893.138405824262,1890.746353852111,32.52023853184903,-13.107232610109122,-10.939083666216392,-2.1681489438927293
2022-12-19 00:00:00+05:30,1837.0223802469293,1860.427386345981,1836.9724273443012,1854.588623046875,1713647,0.0,0.0,1904.929443359375,1889.3278979492184,1889.4669979407013,1889.3284036244547,38.914367718907904,-14.35815440416718,-9.752004368219561,-4.6061500359476195
2022-12-20 00:00:00+05:30,1841.4638636909908,1858.3813285009285,1831.233508892708,1843.559814453125,1410586,0.0,0.0,1900.3058227539063,1889.761066894531,1885.0948852275988,1887.533556990285,36.5713009016221,-16.054386644549595,-9.158589286881579,-6.895797357668015
2022-12-21 00:00:00+05:30,1856.933996495036,1857.3830852495737,1805.532706078753,1811.1219482421875,2382869,0.0,0.0,1893.3816162109374,1889.8878222656247,1878.0498436099406,1884.5370233138892,30.713751915965325,-19.78802360589816,-10.313780998584116,-9.474242607314045
2022-12-22 00:00:00+05:30,1822.5002179958265,1831.4829682488175,1815.5136344657217,1822.5501708984373,1714093,0.0,0.0,1887.4530029296875,1890.649360351562,1872.7641604945593,1882.1061663564208,34.683039667533286,-21.57608011749994,-9.681470008148718,-11.894610109351223
2022-12-23 00:00:00+05:30,1812.4693857247005,1835.624992227457,1808.4770523797088,1818.4578857421875,2102126,0.0,0.0,1882.1406982421875,1890.8839086914058,1867.5921343276668,1879.610155351941,33.93337933691642,-23.057547936860146,-8.930350262007138,-14.127197674853008
2022-12-26 00:00:00+05:30,1818.4580219333,1822.600092456213,1790.761207278105,1810.07421875,4746738,0.0,0.0,1876.4216857910155,1891.124448242187,1862.1142376059843,1876.8832558773552,32.38885149919634,-24.624260570358274,-8.39765031640421,-16.226610253954064
2022-12-27 00:00:00+05:30,1819.156680078513,1824.4464488417188,1803.536650958888,1817.4100341796875,1548286,0.0,0.0,1871.19921875,1890.8629516601559,1857.8566944225274,1874.5509726735252,35.169505927748034,-24.985930370641427,-7.007456093349887,-17.97847427729154
2022-12-28 00:00:00+05:30,1820.9032572621504,1827.8898405938012,1811.7707703970805,1816.6114501953125,1904268,0.0,0.0,1864.8638793945313,1890.1034082031247,1853.9285759246973,1872.2788345371248,35.00074849049344,-25.04825465884005,-5.655824305238809,-19.39243035360124
2022-12-29 00:00:00+05:30,1810.922521789951,1816.5117643900344,1797.548180036512,1815.26416015625,2154490,0.0,0.0,1859.0974487304688,1889.285979003906,1850.2462506134166,1870.042964953561,34.69824571852189,-24.919110162295738,-4.421343846955594,-20.497766315340144
2022-12-30 00:00:00+05:30,1821.6018991629032,1834.4771987553872,1818.807338882494,1823.747802734375,2692688,0.0,0.0,1853.9298706054688,1888.4455932617184,1847.7225889106508,1868.2274683959458,38.313572777800594,-23.857192300796214,-2.6875407883648563,-21.169651512431358
2023-01-02 00:00:00+05:30,1824.2968533223848,1829.4868381713095,1812.968509474012,1821.5521240234373,1125001,0.0,0.0,1848.2707397460938,1887.6770703124996,1845.2301636832972,1866.3970627342787,37.731340749183126,-22.928482394217326,-1.4070647054287733,-21.521417688788553
2023-01-03 00:00:00+05:30,1818.7574983980703,1832.9801870259605,1817.509894132466,1829.337158203125,1663448,0.0,0.0,1843.1605590820313,1886.2837451171872,1843.716544113757,1864.9437331448219,41.146360210201706,-21.31853905827029,0.16230290441461293,-21.480841962684902
2023-01-04 00:00:00+05:30,1831.38315763245,1831.38315763245,1810.4732384126492,1817.26025390625,1664104,0.0,0.0,1838.6342529296876,1884.7856201171871,1841.1968974273277,1863.0737927825248,37.6928377287899,-20.777640900703318,0.5625608495852674,-21.340201750288585
2023-01-05 00:00:00+05:30,1816.5116834892517,1829.287199008769,1802.688253561836,1816.8111572265625,1732618,0.0,0.0,1834.8066040039062,1884.2606298828123,1838.8744459796358,1861.2595717803304,37.56656740898803,-20.15290343659376,0.9498386509558614,-21.102742087549622
2023-01-06 00:00:00+05:30,1822.5003092748432,1822.5003092748432,1767.2564168193524,1783.37548828125,3799655,0.0,0.0,1829.75380859375,1882.699631347656,1833.588830960742,1858.205293996053,29.61274387088353,-22.101006895546107,-0.7986118463971863,-21.30239504914892
2023-01-09 00:00:00+05:30,1797.548234548276,1812.519485807701,1785.5712335407363,1808.4273681640625,3426868,0.0,0.0,1827.066473388672,1881.2554052734372,1831.192501170582,1856.2532184732297,39.883110092114215,-21.376994892443236,-0.05967987463544944,-21.317315017807786
2023-01-10 00:00:00+05:30,1805.083726379727,1812.519398746875,1785.471363804651,1792.108642578125,1474131,0.0,0.0,1823.4259643554688,1879.1314868164059,1827.4702289236814,1853.737744908716,36.1798109881278,-21.8679152228799,-0.44048016405769275,-21.42743505882221
2023-01-11 00:00:00+05:30,1796.5500545195691,1800.6921248458698,1780.68050467071,1798.396484375,1603701,0.0,0.0,1819.865301513672,1876.9886010742184,1824.701300871426,1851.56749939759,38.547577273369,-21.501738184891565,-0.05944250085548575,-21.44229568403608
2023-01-12 00:00:00+05:30,1803.5366481214,1803.5366481214,1769.00298791479,1776.08935546875,3529605,0.0,0.0,1815.688330078125,1874.384602050781,1820.0715917854568,1848.6075721846942,33.76198713865789,-22.749299356369193,-1.0456029378664908,-21.7036964185027
2023-01-13 00:00:00+05:30,1776.0893019769726,1783.8744007567034,1755.6285935248636,1776.8878173828125,3983197,0.0,0.0,1812.6815979003907,1871.9921972656248,1815.9588513661572,1845.7950327806989,34.0774640139349,-23.403787080406346,-1.3600725295229132,-22.043714550883433
2023-01-16 00:00:00+05:30,1783.5750071711518,1795.5520077789045,1776.5884234832963,1781.3792724609375,2118161,0.0,0.0,1809.0211303710937,1869.6936132812498,1812.6655581370887,1843.268924532865,35.9261311535703,-23.291559825708646,-0.9982762198601662,-22.29328360584848
2023-01-17 00:00:00+05:30,1776.5883940411843,1798.496275221928,1773.1948862246225,1794.20458984375,2132394,0.0,0.0,1806.553369140625,1867.9978710937496,1810.9073706805805,1841.3448329764292,41.012960410285565,-21.915099366838376,0.3025473912080834,-22.21764675804646
2023-01-18 00:00:00+05:30,1799.4943299346187,1823.4982832738287,1792.5576993759155,1795.6517333984375,2835232,0.0,0.0,1805.7798583984375,1866.1154833984372,1809.4544528441859,1839.5529467184688,41.57657394083442,-20.471489557186487,1.396925760687978,-21.868415317874465
2023-01-19 00:00:00+05:30,1800.043412147298,1800.043412147298,1761.6172012420186,1763.912841796875,4425644,0.0,0.0,1802.8479919433594,1863.2240380859373,1805.1171565539657,1836.5866680940926,33.921280064365966,-21.63904029496598,0.18350001832678942,-21.82254031329277
2023-01-20 00:00:00+05:30,1775.49057454368,1775.49057454368,1753.6325238405484,1759.521240234375,4270294,0.0,0.0,1799.9011596679688,1860.5052612304685,1800.7746883330524,1833.564494452535,33.01545098084513,-22.65751646436638,-0.6679809208588878,-21.989535543507493
2023-01-23 00:00:00+05:30,1786.5691976995006,1796.2007264007366,1766.6075306860985,1780.3311767578125,7764627,0.0,0.0,1798.4140075683595,1857.7295898437496,1798.8276872306487,1831.4769133664674,41.048841510819166,-21.537210646906033,0.3618599172811692,-21.899070564187202
2023-01-24 00:00:00+05:30,1789.2639767473488,1789.2639767473488,1745.3982621528703,1756.876220703125,4159188,0.0,0.0,1795.3873168945313,1854.6924218749998,1794.8323094661228,1828.5513960071207,35.83266894299541,-22.285090496313387,-0.3088159457009496,-21.976274550612438
2023-01-25 00:00:00+05:30,1753.632440425322,1757.0259481719004,1729.6784401007872,1746.4462890625,4280333,0.0,0.0,1791.8790588378906,1850.3787060546872,1790.22411704673,1825.3315878916455,33.77722099567357,-23.44909244086989,-1.1782543122059579,-22.270838128663932
2023-01-27 00:00:00+05:30,1748.741903041117,1748.741903041117,1700.734115806114,1709.816650390625,7516979,0.0,0.0,1786.6066833496093,1845.6388085937497,1782.5662630794818,1820.8015903425858,27.755595617212155,-27.015856109821698,-3.796014384926213,-23.219841724895485
2023-01-30 00:00:00+05:30,1709.8165856526434,1727.283044513976,1680.6226472701308,1722.94140625,4939556,0.0,0.0,1781.5663635253907,1840.9817504882812,1776.8877052861978,1816.9639360644453,32.405504385802026,-28.455466994322933,-4.188500215541957,-24.266966778780976
2023-01-31 00:00:00+05:30,1727.183209309614,1735.2676599469146,1709.7667038676404,1727.6822509765625,4385384,0.0,0.0,1776.872869873047,1836.7279174804687,1772.2014715424232,1813.4626935119795,34.05655738475959,-28.88090139009705,-3.6911476890528583,-25.189753701044193
2023-02-01 00:00:00+05:30,1741.6554307682125,1780.580681083376,1717.451909738912,1741.35595703125,3652098,0.0,0.0,1772.473809814453,1832.8343920898437,1769.2638034937402,1810.6349783558724,38.706815506706086,-27.794311885100797,-2.0836465472452836,-25.710665337855513
2023-02-02 00:00:00+05:30,1716.7033123580957,1764.6113117727402,1716.7033123580957,1758.373291015625,4184470,0.0,0.0,1769.5294616699218,1829.009736328125,1768.2266118291577,1808.5855004209607,43.99962592338062,-25.268742902260783,0.3535379484757861,-25.62228085073657
2023-02-03 00:00:00+05:30,1767.2063358914709,1780.2812032667691,1741.8549947103693,1776.8878173828125,2675212,0.0,0.0,1767.5332946777344,1825.7250439453126,1769.0514885485534,1807.3424540273077,49.14496368272835,-21.525115608325223,3.2777321939290793,-24.802847802254302
2023-02-06 00:00:00+05:30,1771.5980691369357,1774.84184024944,1736.665149463813,1743.6517333984375,3040209,0.0,0.0,1765.5471069335938,1822.1039990234376,1766.6324642485422,1804.8447787085283,41.732257828323526,-20.998085361308085,3.0438099527569733,-24.04189531406506
2023-02-07 00:00:00+05:30,1748.841585712254,1776.5883513955544,1743.7015539624051,1771.9971923828125,3643187,0.0,0.0,1763.7255981445312,1819.054853515625,1767.1433907375203,1803.5566380683042,48.82212827551347,-18.084699290261142,4.765756819043133,-22.850456109304275
2023-02-08 00:00:00+05:30,1775.3907686527643,1776.5884199766354,1757.7246196893886,1762.1162109375,1446690,0.0,0.0,1762.2259765625,1815.859990234375,1766.664611708947,1801.931523278861,46.68942747733351,-16.38426485655691,5.172953002197893,-21.557217858754804
2023-02-09 00:00:00+05:30,1764.5614403398954,1771.7975447522315,1744.59977299552,1767.505859375,2163825,0.0,0.0,1760.6814453125,1812.3437426757812,1766.7447305342855,1800.5814972434155,48.02315817979657,-14.435356922240999,5.697488749211047,-20.132845671452046
2023-02-10 00:00:00+05:30,1764.51161616603,1775.2410124055436,1761.617150022519,1768.6536865234375,1445942,0.0,0.0,1760.3096618652344,1809.1049609375,1766.9265358665857,1799.3294262347888,48.31969634583409,-12.65236470063951,5.984384776650032,-18.63674947728954
2023-02-13 00:00:00+05:30,1771.6977037885251,1781.0297586045451,1758.2735316658182,1770.4002685546875,2389142,0.0,0.0,1759.985284423828,1805.9709790039062,1767.257367551167,1798.19494946302,48.79838326814882,-10.971918499448748,6.131864782272636,-17.103783281721384
2023-02-14 00:00:00+05:30,1766.6074823134743,1773.5940655768609,1760.3694615425934,1766.956787109375,1614893,0.0,0.0,1759.26416015625,1802.615419921875,1767.2287408424247,1796.9699234883674,47.85721480002346,-9.804987163675378,5.839036894436806,-15.644024058112183
2023-02-15 00:00:00+05:30,1765.0603895351453,1786.569133706201,1756.876155087341,1782.0777587890625,2409292,0.0,0.0,1758.6578186035156,1799.6261596679688,1768.6429330278188,1796.3859170295711,52.21549973066298,-7.572755616599352,6.457014753210267,-14.029770369809619
2023-02-16 00:00:00+05:30,1790.5615242721217,1800.442573773334,1780.1316020319423,1784.5230712890625,2291602,0.0,0.0,1758.101385498047,1797.1608935546874,1770.1553271479372,1795.9207073926884,52.90110082526572,-5.542489383230986,6.789824789262907,-12.332314172493893
2023-02-17 00:00:00+05:30,1779.6824379052496,1787.9665786351131,1747.693938904634,1755.878173828125,2587909,0.0,0.0,1757.6996520996095,1794.4111743164062,1768.7955982603362,1794.350411958784,44.793426006525614,-6.173725728521504,4.926870755177912,-11.100596483699416
2023-02-20 00:00:00+05:30,1764.6614014173265,1764.6614014173265,1726.7840633431942,1733.9703369140625,3224839,0.0,0.0,1756.4221069335938,1791.401953125,1765.478906703548,1791.982565878599,39.77283266190067,-8.345561983890775,2.2040275998469134,-10.549589583737689
2023-02-21 00:00:00+05:30,1741.6554715962511,1741.6554715962511,1721.7437572027989,1726.8837890625,2936934,0.0,0.0,1753.749737548828,1788.6961474609375,1761.8031812139245,1789.4296726701245,38.278273819427845,-10.517345636696064,0.025795157633300647,-10.543140794329364
2023-02-22 00:00:00+05:30,1720.645701782335,1722.7916053013255,1694.74548819725,1697.2906494140625,3539149,0.0,0.0,1750.770458984375,1785.343583984375,1755.6591305663187,1785.8163776404751,32.74466941315424,-14.459736041627593,-3.1332761978385832,-11.32645984378901
2023-02-23 00:00:00+05:30,1704.1275726006486,1710.4653776414157,1684.515209986462,1703.8780517578125,2770110,0.0,0.0,1748.6420471191407,1782.0289501953125,1750.727599251223,1782.6031099588022,34.997325130559325,-16.858229350928468,-4.425415605711567,-12.432813745216901
2023-02-24 00:00:00+05:30,1709.7167344563352,1720.9451718542532,1690.7531512954067,1694.046875,2080363,0.0,0.0,1747.8535583496093,1778.7173120117188,1745.3294350368208,1779.1303164310061,33.209572628093284,-19.329527618372595,-5.5173710985245545,-13.81215651984804
2023-02-27 00:00:00+05:30,1695.0449395618962,1726.4845639280634,1687.5593147128086,1722.641845703125,2343798,0.0,0.0,1747.8385803222657,1776.4296997070312,1743.1687122431354,1776.9150822848146,42.42243661120568,-18.764370163632293,-3.9617709150274028,-14.80259924860489
2023-02-28 00:00:00+05:30,1722.641945087153,1738.062406267728,1718.3502596945489,1725.9356689453125,4395098,0.0,0.0,1747.7512512207031,1773.856640625,1741.527470024295,1774.915889604834,43.39107277427887,-17.844988877337755,-2.4339117029862916,-15.411077174351464
2023-03-01 00:00:00+05:30,1725.9356352472794,1747.2446904304102,1722.6918643555323,1741.5556640625,5613386,0.0,0.0,1747.7612365722657,1771.8165576171875,1741.5301551707907,1773.607645465919,47.86987087078772,-15.675274710609756,-0.21135802900663236,-15.463916681603123
2023-03-02 00:00:00+05:30,1732.273530155556,1743.0029267395155,1714.7072866272276,1718.400146484375,4119935,0.0,0.0,1745.7625793457032,1769.9621215820312,1739.327297200656,1771.4426455058585,42.501537432156425,-15.643884390081894,-0.1439741667830141,-15.49991022329888
2023-03-03 00:00:00+05:30,1728.68045826492,1761.617210645256,1716.6036734260674,1747.64404296875,3626269,0.0,0.0,1744.300390625,1768.4639990234375,1740.1193682261887,1770.5093669749915,50.110900715282796,-13.108166506127873,1.913394973736807,-15.02156147986468
2023-03-06 00:00:00+05:30,1752.9339337522542,1761.2179529157995,1738.1122977120203,1747.64404296875,5186846,0.0,0.0,1744.5000061035157,1767.0477221679687,1740.8360039159566,1769.6126876021979,50.110900715282796,-10.972112135438692,3.2395594755407906,-14.211671610979483
2023-03-08 00:00:00+05:30,1732.6727226225996,1740.956863291337,1723.540235460401,1736.8646240234375,5202608,0.0,0.0,1742.7433776855469,1765.5835302734374,1740.4577772595262,1768.3284498147957,47.4276972562393,-10.03342361688442,3.3425983952760507,-13.37602201216047
2023-03-09 00:00:00+05:30,1735.9664495395905,1741.206387218097,1710.415417866746,1713.40966796875,6928316,0.0,0.0,1740.3080505371095,1763.5035229492187,1737.881766850881,1766.1747720953429,42.14028881944819,-11.054693509936442,1.8570628017792234,-12.911756311715665
2023-03-10 00:00:00+05:30,1703.728283905382,1710.2158257011554,1688.757033607444,1696.0430908203125,4876144,0.0,0.0,1736.734912109375,1761.0921557617187,1733.8971310384459,1763.4245100845574,38.700064226051154,-13.114222303970337,-0.16197279380373786,-12.952249510166599
2023-03-13 00:00:00+05:30,1695.743640606453,1719.997115160143,1663.0064574328956,1670.6917724609375,8978938,0.0,0.0,1731.83681640625,1758.2007080078124,1727.877573078683,1759.787932138533,34.298245123809174,-16.600690803132466,-2.918753034372692,-13.681937768759774
2023-03-14 00:00:00+05:30,1669.7933823041485,1674.3347101118973,1640.349924576729,1645.0908203125,14138986,0.0,0.0,1725.5713439941405,1754.627568359375,1719.9931204342847,1755.290006184571,30.522668743723653,-21.185313977529177,-6.002700967015521,-15.182613010513656
2023-03-15 00:00:00+05:30,1664.8030776711448,1684.7647452691203,1658.4153196725229,1662.7569580078125,4692363,0.0,0.0,1720.3613525390624,1751.4516650390624,1714.5420573460492,1751.661259197247,35.776493146060965,-23.1265625860201,-6.355159660405153,-16.771402925614947
2023-03-16 00:00:00+05:30,1666.799161009237,1675.632174111987,1645.0408956818842,1660.361572265625,3632063,0.0,0.0,1714.2755432128906,1748.0721533203125,1709.3820111479135,1748.0808793175756,35.38576068417396,-24.575018192208518,-6.242892213274857,-18.33212597893366
2023-03-17 00:00:00+05:30,1676.3807334694095,1702.929725628966,1667.9469780817035,1689.8548583984375,8928301,0.0,0.0,1709.5421325683594,1745.5240454101563,1707.52228231463,1745.7975059481978,43.55923996701639,-23.07705012159363,-3.795939314127974,-19.281110807465655
2023-03-20 00:00:00+05:30,1683.766555657964,1699.6859358284328,1677.828008656778,1696.392333984375,4463937,0.0,0.0,1706.5678405761719,1743.1156689453126,1706.462287235558,1743.8600482241263,45.213574352835195,-21.118934063725646,-1.4702586050079915,-19.648675458717655
2023-03-21 00:00:00+05:30,1704.2773447574664,1708.6688142132195,1688.7570992772044,1703.57861328125,1805180,0.0,0.0,1705.0482543945313,1741.5197314453126,1706.187651620862,1742.2803841087193,47.05082470439902,-18.77086149255433,0.7022511729306586,-19.47311266548499
2023-03-22 00:00:00+05:30,1706.7225157816583,1709.9163337433197,1688.8567995825229,1701.8818359375,3326099,0.0,0.0,1703.7981567382812,1739.3888208007813,1705.7775739367323,1740.6961273176912,46.65301031156529,-16.85264600133678,2.096373331318567,-18.949019332655347
2023-03-23 00:00:00+05:30,1695.893385502965,1696.741732001696,1671.7896477075533,1676.4805908203125,5642151,0.0,0.0,1702.7576538085937,1737.076259765625,1702.987385068502,1738.1778709844607,41.056582795060265,-17.184027822394228,1.411993208208898,-18.596021030603126
2023-03-24 00:00:00+05:30,1672.8377418772725,1705.674588475727,1671.7897055661074,1688.9068603515625,5480609,0.0,0.0,1702.0090942382812,1734.8864672851562,1701.6463827145076,1736.2456744890528,44.56025055931644,-16.25655871306708,1.871569854028838,-18.128128567095917
2023-03-27 00:00:00+05:30,1697.3904345885317,1709.5670024445326,1689.8548567344394,1701.931640625,2837204,0.0,0.0,1702.4033325195312,1733.4033129882812,1701.6735501345545,1734.9000261022272,48.04618616701493,-14.305635386647054,3.05799454435909,-17.363629931006145
2023-03-28 00:00:00+05:30,1705.674463223129,1706.522931525268,1682.2195048972533,1695.643798828125,2371652,0.0,0.0,1701.0534301757812,1731.7784326171875,1701.0992881053708,1733.3605662091252,46.52527809951517,-13.11570123850015,3.3983429540047965,-16.514044192504947
2023-03-29 00:00:00+05:30,1696.841424164462,1723.6898897796004,1691.7512236111306,1717.7513427734375,2821000,0.0,0.0,1700.6442138671875,1730.5058740234374,1702.685198073758,1732.7484397998826,52.24866535968263,-10.270385209545339,4.994927186367688,-15.265312395913027
2023-03-31 00:00:00+05:30,1722.1929199147307,1737.3139079080277,1717.7015445802676,1729.52880859375,3565755,0.0,0.0,1700.04287109375,1729.2123583984376,1705.2417324089954,1732.6221797525832,55.01118389987079,-6.984594634703399,6.624574208967703,-13.609168843671101
2023-04-03 00:00:00+05:30,1730.6764777906426,1748.8415454896635,1729.8779623996854,1742.35400390625,2436866,0.0,0.0,1701.2405639648437,1728.1464038085937,1708.776234456353,1733.003819915472,57.86951764615036,-3.3075682661267365,8.241280462035492,-11.548848728162229
2023-04-05 00:00:00+05:30,1741.6555584704524,1756.3273359304756,1735.7170108881464,1748.5423583984375,2526350,0.0,0.0,1701.2854797363282,1727.838994140625,1712.563484355599,1733.6131743657845,59.21598020206155,0.10464384271767813,9.322794056703925,-9.218150213986247
2023-04-06 00:00:00+05:30,1746.645932104562,1758.0739381829342,1736.0163196361982,1753.7322998046875,1557355,0.0,0.0,1701.589892578125,1727.7232153320313,1716.4843239221789,1734.402159677114,60.360179002525456,3.1908492955276415,9.927199607611112,-6.736350312083469
2023-04-10 00:00:00+05:30,1753.7821969988188,1764.6113770666018,1746.296571813299,1755.9281005859375,1253171,0.0,0.0,1702.54306640625,1727.2351538085939,1720.240874080632,1735.246314222558,60.86049222719235,5.747617170785816,9.987173986295428,-4.239556815509613
2023-04-11 00:00:00+05:30,1843.6595471224875,1855.4369795897644,1822.5002284727864,1842.9609375,9293763,0.0,0.0,1709.0206298828125,1728.9568481445312,1731.928499168191,1739.4704170961832,74.56404617759046,14.628073383340052,15.094104159079732,-0.46603077573968
2023-04-12 00:00:00+05:30,1838.46950542609,1847.40230255125,1827.98963039516,1840.515625,3408713,0.0,0.0,1716.2442565917968,1730.8382348632813,1742.2701301997918,1743.432974268882,73.78240652692418,21.223926417297662,17.351965754429873,3.8719606628677887
2023-04-13 00:00:00+05:30,1834.477243795341,1870.7077190531515,1827.4906601682644,1865.9168701171875,2924116,0.0,0.0,1726.0055114746094,1733.9602392578124,1754.0460101919246,1748.2362643021488,76.53421114212381,28.176059585247458,19.443279137903737,8.732780447343723
2023-04-17 00:00:00+05:30,1885.3295102741845,1910.131979188439,1822.5999955939944,1891.5177001953125,10354299,0.0,0.0,1738.32685546875,1737.3317651367188,1767.138552097009,1753.8551441410966,78.9340870202651,35.34402432893057,21.28899510526948,14.055029223661094
2023-04-18 00:00:00+05:30,1897.3064426901576,1900.9494711836264,1882.285361792152,1884.6807861328125,2972721,0.0,0.0,1749.423046875,1740.4717358398439,1778.3330505766094,1758.985561474105,76.67870986871554,40.011775364392406,20.765396912585047,19.24637845180736
2023-04-19 00:00:00+05:30,1884.6808613139008,1884.7306923801957,1872.554124097593,1881.287353515625,1876656,0.0,0.0,1760.4693359375,1743.2703637695313,1788.138222285087,1763.7817101816156,75.52522891237426,42.942169438503925,18.95663278935725,23.985536649146674
2023-04-20 00:00:00+05:30,1880.688511826541,1899.7518795120536,1868.461990745568,1880.3890380859373,2322777,0.0,0.0,1769.996044921875,1745.7106787109376,1796.9240142661206,1768.3545465700204,75.2027186892914,44.677032289203,16.55319651204506,28.12383577715794
2023-04-21 00:00:00+05:30,1878.3928127393792,1900.0013410364077,1873.5521329930527,1890.0205078125,1671341,0.0,0.0,1779.6774536132812,1747.9733325195311,1805.7903469848234,1773.125760736392,76.36792206356215,46.29543772261968,14.537281556369393,31.758156166250288
2023-04-24 00:00:00+05:30,1886.5771110655207,1898.3545434026632,1873.951454079266,1893.6136474609373,2017406,0.0,0.0,1789.1792053222657,1750.9725708007813,1814.1544708396914,1777.8507759020604,76.80579031783861,47.322468074344215,12.451449526475145,34.87101854786907
2023-04-25 00:00:00+05:30,1898.3545651116813,1903.3449819495145,1873.4024809225164,1885.678955078125,4738419,0.0,0.0,1798.3690612792968,1753.2462060546875,1820.966326481447,1782.0793319481804,73.56426705225141,46.954867184623936,9.667078909403891,37.287788275220045
2023-04-26 00:00:00+05:30,1873.9015223115568,1890.7691555880488,1859.7786182954408,1874.9993896484373,3159518,0.0,0.0,1808.2950012207032,1755.5038696289062,1826.1123324973507,1785.723255779563,69.32350538611195,45.27983144262157,6.393634533921215,38.886196908700356
2023-04-27 00:00:00+05:30,1873.302700454785,1909.333485724022,1873.252747551774,1904.94189453125,5061293,0.0,0.0,1819.0967529296875,1758.2525903320313,1833.6199098339127,1790.3984965149234,73.87141723843504,45.84004791526445,5.563080805251275,40.276967110013175
2023-04-28 00:00:00+05:30,1902.3468297117763,1939.5753867087749,1892.4657803633183,1934.33544921875,4367612,0.0,0.0,1830.716943359375,1761.5662255859374,1843.211865965802,1796.0430828954657,77.41170400548727,48.10135523596455,6.259510500761095,41.84184473520345
2023-05-02 00:00:00+05:30,1914.323908517065,1933.7365813782803,1886.3775740861597,1917.4678955078125,4605771,0.0,0.0,1841.8081481933593,1764.507578125,1850.2838687793267,1800.8048402528127,71.4304702964198,47.979311328108224,4.909973274323811,43.06933805378441
2023-05-03 00:00:00+05:30,1915.321975969416,1930.1434895610548,1909.034002040188,1927.2490234375,3449007,0.0,0.0,1852.2830322265625,1767.7134228515624,1857.6138835086765,1805.76343567182,72.74552403927753,48.117181020582166,4.038274373438199,44.07890664714397
2023-05-04 00:00:00+05:30,1926.2508703215497,1947.3603570780183,1918.066635765712,1943.8670654296875,3451579,0.0,0.0,1862.9999450683595,1770.949208984375,1865.8284722630585,1811.1792642897756,74.86259964815187,49.00251041411252,3.938883013574845,45.063627400537676
2023-05-05 00:00:00+05:30,1948.408423405618,1970.2165200941015,1911.828644498608,1925.0032958984373,3484218,0.0,0.0,1872.1324096679687,1773.7588134765624,1871.4641697521424,1815.6429518038408,68.37028941866204,47.63290925938145,2.055425487075013,45.57748377230644
2023-05-08 00:00:00+05:30,1932.1896164934487,1964.727109923232,1917.318149942864,1955.0955810546875,3870941,0.0,0.0,1882.4600708007813,1777.7431616210938,1879.4290660666704,1821.1116823626976,72.47163321909709,48.41755891689286,2.2720601156691345,46.145498801223724
2023-05-09 00:00:00+05:30,1961.084027430693,1966.2241810021048,1944.4160843770408,1950.5543212890625,3623075,0.0,0.0,1892.301171875,1782.0748413085937,1886.2028998973744,1826.1878642813786,70.97592163143372,48.11828013259219,1.5782250650947702,46.54005506749742
2023-05-10 00:00:00+05:30,1956.243357865393,1960.235691248792,1927.9477193778237,1954.94580078125,3912439,0.0,0.0,1902.2520568847656,1786.6360815429687,1892.749842838696,1831.237195124511,71.58661331933209,47.685763436205434,0.9165666949664057,46.76919674123903
2023-05-11 00:00:00+05:30,1966.22421884537,1976.20505244357,1948.108981497368,1954.197265625,4411824,0.0,0.0,1907.8138732910156,1791.7742138671874,1898.6019783421534,1836.0591586735497,71.31118584715269,46.743757368894194,-0.02035149787587187,46.764108866770066
2023-05-12 00:00:00+05:30,1950.2549590987244,1964.2281266664736,1939.9248202998367,1956.84228515625,3217081,0.0,0.0,1913.6302062988282,1796.8334985351562,1904.1486742292102,1840.79575186895,71.72516350737578,45.68402474464597,-0.864067297699286,46.54809204234525
2023-05-15 00:00:00+05:30,1953.2991247062023,1973.210839373535,1948.6580126287213,1969.218505859375,2971692,0.0,0.0,1918.7952880859375,1802.3369311523438,1910.3458010511308,1845.831938299947,73.64173479387821,45.320411095189456,-0.9821447577246403,46.3025558529141
2023-05-16 00:00:00+05:30,1974.208868283688,1974.208868283688,1934.285534243573,1943.3182373046875,4569497,0.0,0.0,1921.3853149414062,1806.750458984375,1913.486033075279,1849.65493041778,63.88265755857592,42.45293839572332,-3.079693965752625,45.53263236147595
2023-05-17 00:00:00+05:30,1946.0629571160437,1947.160824429572,1891.9169355857853,1905.4908447265625,5482017,0.0,0.0,1922.4258178710938,1810.3415625,1912.7245865658774,1851.8445741161636,52.863939064084065,36.70497902784973,-7.062122666900976,43.76710169475071
2023-05-18 00:00:00+05:30,1920.312424755028,1929.9439537474989,1907.5369087456104,1923.7059326171875,4145228,0.0,0.0,1924.5467468261718,1813.9845678710938,1913.7704290469546,1854.6626666063999,56.73389042608928,33.236357143692885,-8.424595640846256,41.66095278453914
2023-05-19 00:00:00+05:30,1926.300893304582,1943.1185736275625,1919.8133514359397,1937.9285888671875,3946927,0.0,0.0,1927.4237243652344,1818.37513671875,1916.071206172691,1857.9279968911367,59.52798543021892,31.27458485959619,-8.309094339954363,39.58367919955055
2023-05-22 00:00:00+05:30,1941.2721721960288,1948.7577975386869,1919.9631164211985,1936.4813232421875,3400880,0.0,0.0,1929.7467651367188,1822.1518823242188,1918.0150268459763,1861.0085194931387,59.10966981829133,29.265726867957937,-8.254361865274092,37.52008873323203
2023-05-23 00:00:00+05:30,1936.48137166202,1936.48137166202,1911.329718616336,1917.8172607421875,4335524,0.0,0.0,1930.9569458007813,1825.5553466796875,1917.9961919789487,1863.2363132676112,53.853830235238895,25.869451639546696,-9.32050967494827,35.189961314494965
2023-05-24 00:00:00+05:30,1918.2663417043889,1936.2817958071355,1893.763467338641,1906.6885986328125,3557537,0.0,0.0,1932.0074279785156,1828.951826171875,1916.9192783269357,1864.9403244584034,50.94507464723676,22.025987156829615,-10.531179326132282,32.5571664829619
2023-05-25 00:00:00+05:30,1914.32392886848,1929.8441742108955,1903.8940062491747,1926.2509765625,5966757,0.0,0.0,1934.5700073242188,1833.20865234375,1917.8080114922275,1867.3446637566033,55.495556438163554,20.324248982062272,-9.786334000719698,30.11058298278197
2023-05-26 00:00:00+05:30,1946.212532311475,1946.212532311475,1919.8132770799275,1941.322021484375,3295412,0.0,0.0,1936.389013671875,1838.1142309570312,1920.047441015289,1870.2457366086728,58.67597160443057,19.961611557057267,-8.119177140579762,28.08078869763703
2023-05-29 00:00:00+05:30,1959.3373480985629,1969.517871100604,1944.5158351110776,1949.456298828125,3775509,0.0,0.0,1937.1450561523438,1843.689521484375,1922.8482846165116,1873.3520331662985,60.32401430599053,20.098899384750894,-6.385511450308908,26.4844108350598
2023-05-30 00:00:00+05:30,1954.0974808936785,1975.306752281576,1948.6080224168109,1970.9151611328125,7429705,0.0,0.0,1939.8174194335938,1850.2060083007811,1927.4260823799689,1877.178038184593,64.36188940225925,21.689231862266297,-3.8361431782348063,25.525375040501103
2023-05-31 00:00:00+05:30,1981.1455816984696,2060.4432585176723,1950.155165455489,2010.4892578125,88598126,0.0,0.0,1943.9794311523438,1857.160654296875,1935.3368609925908,1882.4059291503934,70.35400505204485,25.844956109841632,0.25566485547242124,25.58929125436921
2023-06-01 00:00:00+05:30,1964.2280447056696,1975.3566984928923,1921.3104603955355,1926.350830078125,5967432,0.0,0.0,1943.1036193847656,1862.480439453125,1934.4810485245464,1884.1292585985398,50.797998254781014,22.094438637138865,-2.7958820937842788,24.890320730923143
2023-06-02 00:00:00+05:30,1941.2222479943844,1947.610006081835,1924.3047832043844,1935.0341796875,3558072,0.0,0.0,1943.6051635742188,1867.3840258789062,1934.533727682923,1886.1255300137932,52.27247473113761,19.59689940500425,-4.234737060735114,23.831636465739365
2023-06-05 00:00:00+05:30,1941.2721446255105,1947.7596864970096,1918.5657480752636,1921.210693359375,2405909,0.0,0.0,1941.9109191894531,1871.8803930664062,1933.2648672711564,1887.5014187724435,49.718100144782966,16.314083155304843,-6.014042648347619,22.328125803652462
2023-06-06 00:00:00+05:30,1931.191550168561,1962.6311765382648,1926.450654128685,1955.2952880859373,4112841,0.0,0.0,1942.147967529297,1876.9147265625,1935.3630025868497,1890.1600018827764,55.493242680362265,16.275159654037452,-4.842372919692007,21.11753257372946
2023-06-07 00:00:00+05:30,1968.220353968654,1968.220353968654,1932.2893535919443,1935.682861328125,3100414,0.0,0.0,1941.1848205566407,1881.5907470703125,1935.393465324114,1891.9452120571038,51.806101045128216,14.494668056648607,-5.298291613664681,19.792959670313287
2023-06-08 00:00:00+05:30,1933.18757822315,1933.18757822315,1875.947525036784,1882.8841552734373,5491614,0.0,0.0,1937.6191650390624,1885.718818359375,1930.392578652621,1891.58987649696,43.4384967684511,8.72265201380037,-8.856246125210333,17.578898139010704
2023-06-09 00:00:00+05:30,1858.4311540391711,1894.0626800625275,1857.1335969801164,1868.4119873046875,14196924,0.0,0.0,1933.1976501464844,1889.3089208984375,1924.4896651909132,1890.6809396658905,41.461698670967614,2.9465388429641735,-11.705887436837227,14.6524262798014
2023-06-12 00:00:00+05:30,1871.2566190942696,1880.3891064786733,1860.8765274725524,1875.8477783203125,2815173,0.0,0.0,1928.5291137695312,1892.7872436523437,1919.8571045365702,1890.099247064103,42.89952202903804,-1.0193162251675858,-12.537394003975189,11.518077778807603
2023-06-13 00:00:00+05:30,1871.7555410874008,1879.390902898735,1848.4503197920644,1852.3927001953125,9561827,0.0,0.0,1923.9828369140625,1895.9222216796875,1913.4319231707364,1888.6205589516017,39.595761850492146,-5.985911855753329,-14.003191707648746,8.017279851895417
2023-06-14 00:00:00+05:30,1852.392651992452,1864.369651593047,1842.8610295787828,1861.0760498046875,5578543,0.0,0.0,1921.7620971679687,1898.7887158203125,1908.445649516827,1887.540382122311,41.39514939670736,-9.116214881182259,-13.706795786462141,4.590580905279881
2023-06-15 00:00:00+05:30,1864.3697628477528,1865.417799109882,1825.194990983086,1829.98583984375,4838188,0.0,0.0,1917.0760925292968,1900.7978564453124,1900.9732866908198,1885.283341248642,37.13027261359696,-13.944973717007088,-14.828443697829575,0.883469980822488
2023-06-16 00:00:00+05:30,1833.4290890129437,1858.0818198911509,1829.486708669877,1853.8399658203125,3197657,0.0,0.0,1912.8716613769532,1903.0275756835938,1896.4843989888668,1884.050267702433,42.06248149846923,-15.666379009428965,-13.239879192201162,-2.4264998172278025
2023-06-19 00:00:00+05:30,1860.2775800680608,1864.868738993655,1814.5154840053808,1821.052978515625,7609913,0.0,0.0,1907.100244140625,1904.4777880859374,1889.3004541818914,1881.5797857735386,37.68620297600164,-19.45201030261842,-13.620408388312493,-5.831601914305926
2023-06-20 00:00:00+05:30,1816.5118183127715,1843.4600705624664,1811.8208749890327,1840.4658203125,4622905,0.0,0.0,1903.2326721191407,1906.2124584960939,1884.6495366705208,1879.9674734025175,41.56297655067138,-20.647682650493607,-11.852864588950144,-8.794818061543463
2023-06-21 00:00:00+05:30,1843.509942441994,1846.204718813981,1832.58085640816,1842.0128173828125,2399108,0.0,0.0,1899.9988830566406,1907.9341528320313,1880.588896738358,1878.479055519392,41.87332299666258,-21.225754579538943,-9.944749214396385,-11.281005365142558
2023-06-22 00:00:00+05:30,1842.0127712854885,1843.759417144156,1826.891784198896,1832.580810546875,3428210,0.0,0.0,1895.3153747558595,1907.7265502929688,1876.0166980534548,1876.679124343999,40.462380172966434,-22.189181797702986,-8.726541146048342,-13.462640651654644
2023-06-23 00:00:00+05:30,1829.4868324552208,1842.0128275876405,1820.4042980798056,1825.04541015625,2584063,0.0,0.0,1889.5015441894532,1907.4171459960937,1871.1622896822923,1874.6542728072247,39.32239587661789,-23.29225008471667,-7.86368754644962,-15.42856253826705
2023-06-26 00:00:00+05:30,1828.4386824634068,1828.4386824634068,1816.4118516044407,1819.4559326171875,2213679,0.0,0.0,1883.0015258789062,1906.4879272460937,1866.237874723711,1872.4896320154585,38.45688776458716,-24.336922875838354,-7.126688270057045,-17.21023460578131
2023-06-27 00:00:00+05:30,1824.1968896940332,1843.4599470797025,1817.1604751797545,1841.164306640625,2138665,0.0,0.0,1876.513983154297,1905.480859375,1863.849915858655,1871.2611878831121,43.644945597107224,-23.146332714581604,-4.748878487040237,-18.397454227541367
2023-06-28 00:00:00+05:30,1842.4619667635552,1844.557917548074,1825.8938065976324,1837.0224609375,5339982,0.0,0.0,1867.840643310547,1904.5276928710937,1861.2949201518784,1869.9184927087745,42.90183656202067,-22.280161929634232,-3.1061661616742917,-19.17399576795994
2023-06-30 00:00:00+05:30,1844.3582524171231,1847.0031976699013,1829.436833187632,1843.0108642578125,3934720,0.0,0.0,1863.6736450195312,1903.7621630859376,1859.5535814953007,1868.8632915930505,44.37645301238866,-20.86992572864324,-1.3567439685466383,-19.5131817600966
2023-07-03 00:00:00+05:30,1852.4427247627675,1855.4369748566728,1834.4772241993355,1840.415771484375,3208540,0.0,0.0,1858.942724609375,1902.9626977539062,1857.7309329228315,1867.747702569181,43.847967686234504,-19.734221852487053,-0.17683207391236166,-19.55738977857469
2023-07-04 00:00:00+05:30,1846.4541874701576,1864.768992475904,1832.5309735478263,1858.1317138671875,6575587,0.0,0.0,1855.7887756347657,1902.324921875,1857.7691025365796,1867.3706049730245,48.36851498326818,-17.20629638219725,1.8808747171019533,-19.087171099299205
2023-07-05 00:00:00+05:30,1859.2297590197288,1864.2201758929443,1849.5982300871528,1861.2757568359373,3119185,0.0,0.0,1851.0877990722656,1901.6781640625,1858.1030696127089,1867.1315913205897,49.150894998385034,-14.778837997629125,3.446666481336063,-18.22550447896519
2023-07-06 00:00:00+05:30,1856.4350137676165,1879.2411937361485,1855.486883328456,1873.701904296875,3654241,0.0,0.0,1847.988751220703,1901.438623046875,1859.5886729159627,1867.3892506529933,52.23177610906074,-11.717303705170707,5.206560619035585,-16.923864324206292
2023-07-07 00:00:00+05:30,1868.4120519456435,1870.8074763795096,1846.9532596823788,1849.947509765625,2076544,0.0,0.0,1846.3419189453125,1900.9375854492187,1858.6704669016449,1866.705260814273,46.439238508909206,-11.080072655678578,4.675033334822173,-15.75510599050075
2023-07-10 00:00:00+05:30,1849.448394807124,1870.75744935466,1841.463728234832,1863.32177734375,3437542,0.0,0.0,1846.0874084472657,1900.1051831054688,1859.113448848512,1866.5725751879781,49.81388562322219,-9.387655785534207,5.093960163973236,-14.481615949507443
2023-07-11 00:00:00+05:30,1870.4081799535904,1890.170278828513,1859.7287369455971,1863.0223388671875,4096757,0.0,0.0,1845.4461364746094,1898.6789208984376,1859.485724088386,1866.4333502342217,49.73832508213943,-7.978593149955714,5.202418239641386,-13.1810113895971
2023-07-12 00:00:00+05:30,1871.3065481386775,1887.275882172676,1864.319964498804,1874.5003662109373,4355083,0.0,0.0,1846.5515197753907,1897.8195703125,1860.9156900048192,1866.7497038019362,52.70008167969859,-5.868076446226723,5.8503479546963,-11.718424400923023
2023-07-13 00:00:00+05:30,1885.3793898011968,1897.9552152547308,1862.872562220701,1866.1163330078125,5265370,0.0,0.0,1846.803533935547,1896.5969165039062,1861.4109893384377,1866.7248657315786,50.365464540254756,-4.816476817671401,5.521558066601299,-10.3380348842727
2023-07-14 00:00:00+05:30,1866.5155918938292,1883.7325291594857,1856.4349747316408,1865.417724609375,7131916,0.0,0.0,1848.575128173828,1895.0279296875,1861.7925831737653,1866.6736052954138,50.166039497858065,-3.993414794973205,5.075696071439596,-9.069110866412801
2023-07-17 00:00:00+05:30,1867.613510506352,1895.809365064152,1863.0723043784967,1893.4140625,3329856,0.0,0.0,1850.5538330078125,1894.3961450195313,1864.8041526334066,1867.722250675986,57.4389935785417,-1.0697305318408326,6.3995042676575755,-7.469234799498408
2023-07-18 00:00:00+05:30,1891.717205039124,1904.342983463422,1875.7478718444615,1887.225830078125,5795645,0.0,0.0,1853.8624755859375,1893.03875,1866.9395504852846,1868.4870969270505,55.51053236650021,0.7394477777779684,6.566946061821102,-5.827498284043133
2023-07-19 00:00:00+05:30,1891.16836835721,1911.3296031651976,1887.9245974902196,1902.9456787109373,3377787,0.0,0.0,1856.9864685058594,1892.0865771484375,1870.3687055543944,1869.838413859752,59.25306392139766,3.402473435193542,7.383977375389341,-3.981503940195798
2023-07-20 00:00:00+05:30,1897.356409502259,1958.638750304793,1889.2719589000544,1953.1492919921875,9305585,0.0,0.0,1862.5432922363282,1892.0506469726563,1878.2525709294223,1873.1055071198477,68.39658670714981,9.454961566029624,10.749172404980339,-1.2942108389507139
2023-07-21 00:00:00+05:30,1948.158975358101,1983.9402401926457,1946.8614182285169,1966.423828125,3849750,0.0,0.0,1869.2354431152344,1892.2951782226562,1886.6498335194774,1876.7650491200498,70.29469781212404,15.148127951883453,13.153871032667332,1.9942569192161197
2023-07-24 00:00:00+05:30,1946.2625444979988,1946.2625444979988,1884.5809443532155,1893.6136474609373,7033093,0.0,0.0,1872.6638549804688,1891.03060546875,1887.3130538948544,1877.4257784667511,51.886869765817735,13.627738167576808,9.306784998688551,4.320953168888257
2023-07-25 00:00:00+05:30,1897.356398189649,1898.3544815132632,1852.8917373881216,1871.9052734375,7944916,0.0,0.0,1875.2863220214845,1889.0843408203125,1885.8456462322492,1877.2092880734472,47.86252262925558,10.549525586349546,4.982857933969031,5.566667652380515
2023-07-26 00:00:00+05:30,1876.3967560071303,1894.2624728917024,1872.055117667682,1891.66748046875,2462073,0.0,0.0,1877.8114807128907,1888.0513256835939,1886.4001066357255,1877.776276010518,51.546807430608155,9.59407041453187,3.2219222097210842,6.372148204810786
2023-07-27 00:00:00+05:30,1885.3794626104905,1898.9533719073304,1858.980206535052,1870.15869140625,6290001,0.0,0.0,1879.4682922363281,1887.3446826171876,1884.8533051852992,1877.4775472025076,47.60394751918752,7.020359452543289,0.5185689981860016,6.5017904543572875
2023-07-28 00:00:00+05:30,1866.0165813580063,1882.1856045094228,1857.532872998644,1873.252685546875,2302033,0.0,0.0,1880.9803833007813,1886.3356176757814,1883.7484842673541,1877.311866353267,48.21754060593629,5.1707294912341695,-1.0648487704984948,6.235578261732664
2023-07-31 00:00:00+05:30,1862.423538177554,1871.4062883616905,1845.6058580334127,1852.99169921875,4025207,0.0,0.0,1881.6091796875,1884.6368798828125,1880.8192666436776,1876.3581343087762,44.53921455180592,2.0464024983209583,-3.3513406107293653,5.397743109050324
2023-08-01 00:00:00+05:30,1846.4542236328125,1862.1740366177944,1840.864981160977,1846.4542236328125,4467942,0.0,0.0,1881.0253051757813,1882.836337890625,1877.5464054045476,1875.1854319293268,43.38905126093299,-0.9462608904270837,-5.075203199581926,4.1289423091548425
2023-08-02 00:00:00+05:30,1837.0223920669248,1844.3582804558923,1814.565516282524,1820.20458984375,4180451,0.0,0.0,1878.971746826172,1880.8840844726562,1872.0852801130432,1873.0293204749905,39.03070982527951,-5.37414446432399,-7.602469418783066,2.228324954459076
2023-08-03 00:00:00+05:30,1816.611506200623,1830.3351524537456,1802.3888182655685,1819.7554931640625,7015292,0.0,0.0,1876.2744262695312,1879.1454223632813,1867.101490879807,1870.9401507765228,38.95860807511221,-8.817865581120486,-8.83695242846365,0.01908684734316357
2023-08-04 00:00:00+05:30,1826.997583359715,1840.7825236873423,1809.16715019485,1836.4871826171875,5443532,1.5,0.0,1875.6014099121094,1877.350146484375,1864.1858424738432,1869.5890539859606,43.17068607267665,-10.080727518747608,-8.079851492872617,-2.0008760258749905
2023-08-07 00:00:00+05:30,1842.9800254704428,1842.9800254704428,1824.400413828643,1829.5447998046875,3708310,0.0,0.0,1873.9125610351562,1875.1146020507813,1860.8866955529713,1868.0186910768912,41.87939017544049,-11.509077494594976,-7.6065611749759885,-3.9025163196189876
2023-08-08 00:00:00+05:30,1829.494825333944,1840.6326424062204,1820.0552202186807,1825.9986572265625,4089623,0.0,0.0,1872.061376953125,1872.64544921875,1857.5640252361704,1866.3708466121725,41.201464944989766,-12.779880701339152,-7.101891505376132,-5.67798919596302
2023-08-09 00:00:00+05:30,1831.992136045847,1831.992136045847,1814.7610213529404,1829.494873046875,2624324,0.0,0.0,1869.811102294922,1869.8170434570313,1854.8907726467137,1864.9247300017687,42.19497837072214,-13.350984165955879,-6.138395975994287,-7.212588189961592
2023-08-10 00:00:00+05:30,1823.7511820149489,1830.393926030052,1794.033752101245,1798.87841796875,5112099,0.0,0.0,1866.4492065429688,1865.5848266601563,1849.5562626773838,1862.3346785494934,36.39541538954494,-16.08862022946937,-7.100825631606224,-8.987794597863147
2023-08-11 00:00:00+05:30,1796.0315252067417,1798.029335579608,1780.049042223812,1789.4886474609375,4265616,0.0,0.0,1862.6527526855468,1862.8475830078125,1843.8355374186747,1859.4779714479814,34.814949849134166,-18.799187211711796,-7.8491140910789206,-10.950073120632876
2023-08-14 00:00:00+05:30,1787.0413502047693,1800.3767098449564,1783.0457295223664,1792.1357421875,3299919,0.0,0.0,1857.5888366699219,1859.9896142578125,1838.911747396658,1856.8370997122763,35.663148047663405,-20.497450798395903,-7.637902142210422,-12.859548656185481
2023-08-16 00:00:00+05:30,1785.0435576847508,1787.8904130620515,1775.553958469303,1784.244384765625,1883940,0.0,0.0,1852.439764404297,1857.2502880859374,1833.7053319079882,1853.9903265771136,34.233062525975335,-22.223920003401645,-7.49149707777293,-14.732422925628715
2023-08-17 00:00:00+05:30,1780.04904907936,1785.443161494207,1761.069850464036,1763.766845703125,5131739,0.0,0.0,1845.4808227539063,1853.4197192382812,1827.0445236980013,1850.4521508565651,30.78344971142772,-24.956838650447025,-8.179532579854648,-16.777306070592378
2023-08-18 00:00:00+05:30,1755.1763304794488,1766.4640081938446,1744.5879595781894,1748.88330078125,4113292,0.0,0.0,1835.2675231933595,1849.6837280273437,1819.6005977059297,1846.469058696749,28.532923026245687,-28.000897143747125,-8.978872858523797,-19.022024285223328
2023-08-21 00:00:00+05:30,1749.082990338877,1770.6593180882192,1746.9353197897906,1758.4227294921875,3955468,0.0,0.0,1824.8674682617188,1847.1944995117187,1813.7741340665257,1843.0162614730407,31.966075345376655,-29.305764645673662,-8.226992288360265,-21.078772357313397
2023-08-22 00:00:00+05:30,1767.0632426143168,1770.059958119033,1756.5247443147316,1761.169677734375,3328812,0.0,0.0,1818.2452697753906,1845.0496533203125,1808.764185844416,1839.806591522505,32.964702535280956,-29.77499813190093,-6.9569806196700235,-22.818017512230906
2023-08-23 00:00:00+05:30,1767.8624182985438,1779.9491464658715,1752.0796678409315,1778.1011962890625,3338285,0.0,0.0,1813.5550659179687,1843.0947216796876,1805.8439011248586,1837.3867721015856,38.91629706501284,-28.452652538321672,-4.507708020872613,-23.94494451744906
2023-08-24 00:00:00+05:30,1787.041357501147,1797.0304092479394,1774.305316523987,1779.0001220703125,4123791,0.0,0.0,1807.921697998047,1841.6268701171875,1803.2873507387112,1835.0970995513396,39.22480671459558,-27.020670856662036,-2.460581071370381,-24.560089785291655
2023-08-25 00:00:00+05:30,1769.260816759685,1787.3909702738529,1765.0654637529362,1776.9024658203125,2043350,0.0,0.0,1803.25888671875,1839.9433984375,1800.7745045560066,1832.8149570520836,38.73319537694039,-25.75815441539976,-0.9584517040864782,-24.79970271131328
2023-08-28 00:00:00+05:30,1776.9024828285774,1794.6330500507054,1772.7071297816713,1788.389892578125,1980536,0.0,0.0,1799.0157470703125,1839.1114794921875,1799.5950177009702,1831.072797660948,42.9500575544734,-23.559087212472377,0.9924923990727237,-24.5515796115451
2023-08-29 00:00:00+05:30,1794.982639698892,1795.5820803646657,1777.0523402401082,1781.1478271484375,2708692,0.0,0.0,1795.4235534667969,1837.65763671875,1797.8381424102527,1829.1149556800653,41.032634475965835,-22.145406307561416,1.9249386431869517,-24.070344950748368
2023-08-30 00:00:00+05:30,1789.039135745776,1790.9869520267796,1763.0676016701811,1772.956787109375,2595896,0.0,0.0,1791.748681640625,1836.695712890625,1795.4684895244548,1826.9126745596461,38.916472272008065,-21.43886854976381,2.1051811207876483,-23.54404967055146
2023-08-31 00:00:00+05:30,1772.956805728951,1781.847086104757,1752.379383671055,1756.824462890625,8314010,0.0,0.0,1788.5796752929687,1835.0228857421876,1791.7881060355187,1824.1641172392924,35.079286070321025,-21.927904790594994,1.2929159039651736,-23.220820694560167
2023-09-01 00:00:00+05:30,1761.9688203588405,1777.6515824559658,1752.4292273914607,1769.160888671875,2695210,0.0,0.0,1786.0499450683594,1833.5658471679687,1789.6331329532668,1822.0071278837074,39.95494946920385,-21.07705984811946,1.7150086771525679,-22.79206852527203
2023-09-04 00:00:00+05:30,1775.4540615260248,1787.041337032249,1755.37609213228,1760.2706298828125,4697683,0.0,0.0,1782.2391174316406,1832.1196435546874,1786.836704089414,1819.5860887464175,37.75441627198962,-20.87944345928895,1.5301000527864623,-22.409543512075413
2023-09-05 00:00:00+05:30,1763.0676588154677,1781.047952219818,1761.1697145687858,1769.111083984375,4257343,0.0,0.0,1779.217431640625,1831.00095703125,1785.148549793696,1817.6066767949649,41.22117104591482,-19.781452018806704,2.1024731946149657,-21.88392521342167
2023-09-06 00:00:00+05:30,1769.061123347486,1775.054554595417,1758.2728983265429,1768.3619384765625,6220223,0.0,0.0,1776.335595703125,1829.9790771484375,1783.5498249063498,1815.6755105864002,41.01271743934409,-18.75553355729926,2.502713324897929,-21.258246882197188
2023-09-07 00:00:00+05:30,1773.056709199994,1790.3876898293474,1765.3651880248924,1787.0413818359375,2208089,0.0,0.0,1774.2129211425781,1828.8966186523437,1783.8823541377392,1814.5526035765781,48.06502792735162,-16.247914966967983,4.008265532183366,-20.25618049915135
2023-09-08 00:00:00+05:30,1795.0325827402155,1803.0238240657147,1779.5995467050122,1791.2366943359375,2386182,0.0,0.0,1773.8308349609374,1827.9809033203126,1784.5827674899485,1813.6382541945923,49.52464026936036,-13.763426299706225,5.194203359556099,-18.957629659262324
2023-09-11 00:00:00+05:30,1798.0292791842337,1809.5166884679104,1793.2844796974975,1805.920654296875,2316902,0.0,0.0,1774.6524353027344,1827.2390991210937,1786.6149471858464,1813.3356032182114,54.35957749334849,-10.488671406252934,6.775166602407513,-17.263838008660446
2023-09-12 00:00:00+05:30,1817.008550313904,1817.008550313904,1794.4333172866725,1809.217041015625,3408966,0.0,0.0,1775.5065002441406,1826.6151245117187,1788.7675275505871,1813.1740909749728,55.39257254738833,-7.540491607250942,7.778677121127604,-15.319168728378546
2023-09-13 00:00:00+05:30,1798.6286920151467,1833.989960743616,1798.6286920151467,1822.6024169921875,5931870,0.0,0.0,1777.4244018554687,1825.9045385742188,1791.9898979735967,1813.5438292501578,59.40997219300703,-4.076953320931125,8.993772325957938,-13.070725646889063
2023-09-14 00:00:00+05:30,1825.9986757929728,1829.744570231826,1812.014003221254,1819.5557861328125,2559423,0.0,0.0,1780.213848876953,1825.0701391601563,1794.6152206554268,1813.779592265164,58.1267905183547,-1.5599300219021188,9.208636499989556,-10.768566521891675
2023-09-15 00:00:00+05:30,1814.2115933910104,1821.4536561625675,1809.0173350743555,1811.9141845703125,4121540,0.0,0.0,1783.3653930664063,1823.834384765625,1796.262741028273,1813.7064390222286,54.922524757638634,-0.17971268979226807,8.471083065679526,-8.650795755471794
2023-09-18 00:00:00+05:30,1809.017278412021,1810.0161835906029,1792.0358903761266,1796.381103515625,3970112,0.0,0.0,1785.2633117675782,1822.763056640625,1796.2740136461161,1813.0270141004012,49.00851993421974,-0.33540400729020803,6.652313398545269,-6.987717405835477
2023-09-20 00:00:00+05:30,1784.993581749808,1801.475517396387,1773.7558983544136,1787.4908447265625,5368143,0.0,0.0,1786.5793701171874,1821.2464379882813,1795.4375213680635,1812.025595693584,45.95826403966979,-1.1627565496735315,4.659968684929557,-5.822725234603088
2023-09-21 00:00:00+05:30,1782.0468983070905,1788.8395025237369,1749.0830263092575,1753.77783203125,4784751,0.0,0.0,1785.3632019042968,1819.0615478515624,1791.4699319074145,1809.7413696676101,36.64422466486973,-4.487073582224639,1.06852132190276,-5.555594904127399
2023-09-22 00:00:00+05:30,1756.075329362941,1767.9623255474414,1750.2317583709953,1754.5269775390625,3710123,0.0,0.0,1784.1395446777344,1816.662080078125,1787.9515553009048,1807.5760993880594,36.95000728195751,-6.980699836936765,-1.1400839462474925,-5.840615890689272
2023-09-25 00:00:00+05:30,1762.0687212615026,1787.3410708569832,1754.8766528065305,1782.4464111328125,2226567,0.0,0.0,1784.4167419433593,1814.988681640625,1787.4272558563246,1806.5906214172655,47.18147541589676,-6.627652201817,-0.6296290489021814,-5.9980231529148185
2023-09-26 00:00:00+05:30,1774.1554410945714,1779.84927370325,1751.7799409869551,1762.1685791015625,3656167,0.0,0.0,1783.1056762695312,1812.9236987304687,1785.0216675939664,1804.8485805421399,41.86739137173796,-7.8931239636683586,-1.5160806486028315,-6.377043315065527
2023-09-27 00:00:00+05:30,1762.0687639353202,1769.1609664323066,1748.084091205675,1763.217529296875,3004206,0.0,0.0,1782.209161376953,1810.3197680664061,1782.9450829942434,1803.2159902972276,42.22986657480694,-8.710963374453968,-1.867136047510753,-6.843827326943215
2023-09-28 00:00:00+05:30,1760.2706176974243,1769.9600708757548,1727.1070152821724,1731.3023681640625,8263197,0.0,0.0,1780.1264404296876,1807.201298828125,1778.026729200893,1800.3958482527898,35.06567007790721,-11.798389289516763,-3.9636495700588377,-7.834739719457925
2023-09-29 00:00:00+05:30,1742.0906444359018,1742.0906444359018,1731.0526933556057,1733.7996826171875,3571729,0.0,0.0,1778.9752014160156,1803.81837890625,1773.8146295262543,1797.784233914139,35.98087508137648,-13.883642180675224,-4.8391219689738385,-9.044520211701386
2023-10-03 00:00:00+05:30,1728.106023369815,1733.1005494489184,1713.5719037049548,1725.1593017578125,5534869,0.0,0.0,1776.7751220703126,1799.2585791015624,1769.1807887864027,1794.936197358989,34.18559778001954,-16.048430329987013,-5.603128094628502,-10.445302235358511
2023-10-04 00:00:00+05:30,1713.1223427263303,1725.1092045996345,1707.1289117896788,1720.1646728515625,6220979,0.0,0.0,1774.76982421875,1794.3333959960937,1764.5125872687988,1792.003980711639,33.15574847958328,-17.96003326194068,-6.011784821265735,-11.948248440674945
2023-10-05 00:00:00+05:30,1728.105971320005,1745.0873594774848,1719.265684813592,1732.351318359375,2966801,0.0,0.0,1772.9318359375,1791.1081494140626,1761.4496092774252,1789.6646606193933,38.05889722254972,-18.280901065418675,-5.066122099794985,-13.21477896562369
2023-10-06 00:00:00+05:30,1733.4001627181556,1745.0873042466876,1728.305648882815,1741.99072265625,1992323,0.0,0.0,1771.6132751464843,1788.5098583984375,1759.5963819801705,1787.7950944247602,41.70155739725251,-17.555008533744285,-3.472183654496476,-14.08282487924781
2023-10-09 00:00:00+05:30,1728.105961259841,1731.9018497182003,1715.1701879545574,1717.417724609375,1839513,0.0,0.0,1768.1320922851562,1785.02486328125,1755.5793669924756,1785.0351975692552,35.90480292863069,-18.746471396898187,-3.7309172141203,-15.015554182777887
2023-10-10 00:00:00+05:30,1725.6087043064383,1766.7635490874443,1718.716234153713,1754.1773681640625,3368982,0.0,0.0,1766.2791259765625,1782.7052368164063,1755.4458432945314,1783.825086612189,47.632049072922015,-16.53392547737849,-1.21469703568048,-15.319228441698009
2023-10-11 00:00:00+05:30,1758.123143741497,1778.0012596462334,1758.123143741497,1769.460693359375,3499844,0.0,0.0,1764.4561279296875,1780.6293969726562,1756.7805909197546,1783.261777072863,51.5973060101452,-13.39284588978262,1.541106041532311,-14.933951931314931
2023-10-12 00:00:00+05:30,1773.0566400444477,1774.9545842154896,1759.3216942412862,1761.9188232421875,2383827,0.0,0.0,1762.0912170410156,1778.807939453125,1757.2699463790339,1782.424798491268,49.60137579142683,-11.380891739165008,2.842448153719939,-14.223339892884947
2023-10-13 00:00:00+05:30,1753.078586608679,1768.0121702384563,1750.2317312399812,1760.0709228515625,2123927,0.0,0.0,1758.9646423339843,1777.0802734375,1757.5367060430842,1781.5481759171619,49.100204918188965,-9.822288470107651,3.5208411382218365,-13.343129608329487
2023-10-16 00:00:00+05:30,1759.0720339373258,1760.220799289468,1744.5379146948628,1747.8343505859375,1579957,0.0,0.0,1755.3785705566406,1775.6328686523439,1756.6126721900227,1780.226065119859,45.80012349916611,-9.465362460325423,3.1022137184032523,-12.567576178728675
2023-10-17 00:00:00+05:30,1753.078544566085,1772.856915382009,1748.883191695635,1769.6104736328125,3217357,0.0,0.0,1753.2633850097657,1774.6299682617187,1757.850558041717,1779.8097674144847,51.984908119872614,-7.3407255718809665,4.181480485478168,-11.522206057359135
2023-10-18 00:00:00+05:30,1771.0588635932156,1773.256406189054,1743.1893850072074,1751.4803466796875,3051680,0.0,0.0,1751.0183471679688,1772.9298315429687,1757.2438712453331,1778.6988097386104,47.15983875030454,-7.038746962415871,3.5867672759546103,-10.625514238370481
2023-10-19 00:00:00+05:30,1740.0927929606833,1751.480336199768,1733.6997755337702,1736.546630859375,1993179,0.0,0.0,1748.4711364746095,1771.0698681640624,1755.2727054942893,1777.0457831158953,43.57236192644225,-7.913233963886341,2.169824219587312,-10.083058183473653
2023-10-20 00:00:00+05:30,1731.6021447290643,1771.2586319484806,1730.7530997059455,1767.66259765625,4072383,0.0,0.0,1749.1653747558594,1769.9031469726563,1756.4526952239999,1776.6778150586545,51.79981797560453,-6.026008662565573,3.2456396167264643,-9.271648279292037
2023-10-23 00:00:00+05:30,1767.063310365952,1767.063310365952,1720.564224226934,1738.84423828125,7546442,0.0,0.0,1748.3812377929687,1768.0901342773439,1754.7756993246903,1775.1941453811091,45.22316020103577,-6.777641340589753,1.9952055509618276,-8.77284689155158
2023-10-25 00:00:00+05:30,1747.0852185751162,1759.821260048434,1720.1147778080904,1726.158203125,3512668,0.0,0.0,1745.566827392578,1766.6357299804688,1752.0502234961484,1773.2711672534185,42.655746259767284,-8.30128067241094,0.3772529753125138,-8.678533647723453
2023-10-26 00:00:00+05:30,1725.8083948596177,1725.8083948596177,1687.150813971352,1692.994384765625,6279280,0.0,0.0,1742.1081176757812,1764.7058447265624,1746.4258579027653,1770.1230581362502,36.7775850027366,-12.045960466210772,-2.6939414547898544,-9.352019011420918
2023-10-27 00:00:00+05:30,1706.1300617026125,1706.1300617026125,1687.1508631239535,1700.8358154296875,2974830,0.0,0.0,1738.989031982422,1762.8798461914062,1742.0839490958056,1767.405911363444,38.920833442615,-14.217023266314527,-3.892003403914888,-10.325019862399639
2023-10-30 00:00:00+05:30,1700.136598776383,1719.0159308704574,1686.5515128562197,1715.61962890625,1511563,0.0,0.0,1738.2048950195312,1761.5073510742188,1739.5635376491812,1765.3750767572794,42.8541761233979,-14.576645487452652,-3.4013005000424084,-11.175344987410243
2023-10-31 00:00:00+05:30,1725.8084635486855,1745.0873826641773,1714.9703665268005,1737.4957275390625,4839336,0.0,0.0,1738.389697265625,1760.9819287109376,1739.3666033529794,1764.2817689448004,48.17274703749687,-12.94718328558497,-1.4174706385397808,-11.529712647045189
2023-11-01 00:00:00+05:30,1729.104834639822,1734.0493664148194,1715.9692073781312,1722.5120849609375,2528105,0.0,0.0,1738.2573364257812,1760.4545043945313,1737.761411125166,1762.6437421219039,45.07811899389063,-12.718269193082278,-0.9508452368296716,-11.767423956252607
2023-11-02 00:00:00+05:30,1733.1004901358165,1756.7246220688055,1730.203640721743,1735.7974853515625,2550558,0.0,0.0,1739.0389770507813,1760.0019995117189,1737.5743705752989,1761.5909477387531,48.25235738902434,-11.334178984683149,0.3465959772555678,-11.680774961938717
2023-11-03 00:00:00+05:30,1738.0950270107635,1742.3403740594968,1728.2058412628514,1731.3524169921875,1558958,0.0,0.0,1738.989031982422,1759.405654296875,1736.9818035673834,1760.4051230035936,47.26800657457775,-10.475205739139028,0.9644553782397516,-11.43966111737878
2023-11-06 00:00:00+05:30,1742.0906883820232,1745.087404015708,1730.1038258472847,1738.2947998046875,1186685,0.0,0.0,1738.8042358398438,1758.6095263671875,1737.1068508280791,1759.5380515055974,49.01732466483312,-9.12903712309594,1.8484991954262728,-10.977536318522214
2023-11-07 00:00:00+05:30,1733.2502930953706,1752.4792172071936,1724.2101527252769,1749.3326416015625,3599603,0.0,0.0,1740.3999816894532,1758.0161767578124,1738.271211854125,1759.137839352498,51.757537862314656,-7.089800404529569,3.110188731194116,-10.199989135723685
2023-11-08 00:00:00+05:30,1751.0807445922064,1759.0219918355142,1738.0949775187903,1744.338134765625,3642837,0.0,0.0,1739.9080200195312,1757.3648901367187,1738.8490140361728,1758.557458780464,50.43654582935982,-5.809734570291312,3.5122036523458995,-9.321938222637211
2023-11-09 00:00:00+05:30,1743.9885838673622,1754.7766866847326,1737.195979846424,1743.03955078125,1943711,0.0,0.0,1738.586962890625,1756.4578833007813,1739.248112773799,1757.9489133687302,50.078662535982616,-4.844216931732262,3.58217703272396,-8.426393964456222
2023-11-10 00:00:00+05:30,1732.7008439697504,1747.3348287637657,1732.7008439697504,1743.5389404296875,1634799,0.0,0.0,1737.66796875,1755.7057055664063,1739.6567630267407,1757.3838163907287,50.224934840344886,-3.9927151411716295,3.546943058627674,-7.5396581997993035
2023-11-13 00:00:00+05:30,1749.08299405904,1750.281631516737,1731.602153170386,1746.2860107421875,2855277,0.0,0.0,1736.9787231445312,1755.1722900390625,1740.2881199520214,1756.9486083260801,51.07417201769016,-3.060943569322717,3.5829717043812694,-6.643915273703986
2023-11-15 00:00:00+05:30,1759.0720499754962,1770.3597274638057,1748.2339529873425,1767.562744140625,3432271,0.0,0.0,1737.9651428222655,1755.3870556640625,1742.885703208079,1757.3648489462585,57.16941504565913,-0.5987512852998407,4.836131190723316,-5.434882476023157
2023-11-16 00:00:00+05:30,1769.061107386416,1781.4475562410516,1763.0676761925602,1770.9090576171875,2079116,0.0,0.0,1738.0300720214843,1755.4220190429687,1745.5545941041844,1757.8959943843342,58.05449922917451,1.604082505558381,5.63117198526523,-4.0270894797068495
2023-11-17 00:00:00+05:30,1758.0731512895034,1782.296602379714,1757.373966424454,1762.6680908203125,2710870,0.0,0.0,1738.5894592285156,1755.4699682617188,1747.1844509342918,1758.0831354210393,55.03809070703753,2.654270232484805,5.345087769753324,-2.6908175372685186
2023-11-20 00:00:00+05:30,1754.0774534749792,1774.0055625572757,1748.1838886687951,1768.611572265625,1923651,0.0,0.0,1740.1927062988282,1755.4599780273438,1749.2251291563236,1758.4960152972976,56.78216396711142,3.9209426667971456,5.289408163252531,-1.368465496455386
2023-11-21 00:00:00+05:30,1777.0022722605945,1777.0022722605945,1758.7223811318904,1765.26513671875,2705765,0.0,0.0,1740.0728332519532,1755.3980419921875,1750.7527489241738,1758.7614710393154,55.477310881119216,4.601714613965896,4.776144088337026,-0.17442947437112954
2023-11-22 00:00:00+05:30,1756.0753464684294,1761.0698724822755,1735.597789811659,1743.7388916015625,4513732,0.0,0.0,1740.3175659179688,1754.5319921875,1750.0847625124966,1758.1723502770506,47.85862006076296,3.365448413778495,2.831902310519699,0.5335461032587954
2023-11-23 00:00:00+05:30,1738.1450529281328,1746.8854734829115,1735.09834327437,1737.3958740234375,2836289,0.0,0.0,1740.8794494628905,1753.45517578125,1748.87629694211,1757.357586502399,45.860083462244766,1.8525153912878523,1.0551754304232455,0.7973399608646068
2023-11-24 00:00:00+05:30,1737.595503010881,1747.5845544797564,1731.8018043842678,1742.090576171875,2561979,0.0,0.0,1743.3342590332031,1752.17857421875,1748.2300378211353,1756.7588802149276,47.60408232401781,1.0205638739269034,0.1785791304498372,0.8419847434770662
2023-11-28 00:00:00+05:30,1743.0895185094255,1746.0862340140263,1736.097182332024,1740.342529296875,3349292,0.0,0.0,1745.3095947265624,1750.801083984375,1747.4788465331105,1756.115101747553,46.997026389741244,0.21767431475291232,-0.49944834297932317,0.7171226577322355
2023-11-29 00:00:00+05:30,1746.5857414742227,1757.3239723697604,1738.294779543,1751.5302734375,3473140,0.0,0.0,1747.105126953125,1749.3796411132812,1747.864696714481,1755.9353045589235,51.279279633697364,0.4786187874187817,-0.19080309625076308,0.6694218836695448
2023-11-30 00:00:00+05:30,1754.5269813670936,1764.0665747560993,1744.038476817298,1753.528076171875,6254947,0.0,0.0,1747.9067443847657,1748.0590869140624,1748.4040661866138,1755.840903445706,52.02467180468662,0.8369769965238447,0.1340440902834399,0.7029329062404048
2023-12-01 00:00:00+05:30,1758.0730951870894,1764.0665261934091,1746.3359594663802,1748.58349609375,2002378,0.0,0.0,1749.2103149414063,1746.7924731445312,1748.4211547491982,1755.5562992358257,49.986299058404306,0.713764339345289,0.008665146483907371,0.7050991928613817
2023-12-04 00:00:00+05:30,1768.062186282561,1823.9508828878425,1750.7312056235655,1816.55908203125,4579173,0.0,0.0,1753.2483947753906,1747.1960327148438,1754.9104811570126,1757.948565227803,68.34721684085197,6.031650003643335,4.261240648625563,1.7704093550177726
2023-12-05 00:00:00+05:30,1825.998661562695,1834.988808145881,1806.5200106324585,1826.4481201171875,5571472,0.0,0.0,1758.0031799316407,1747.9751782226563,1761.7235896294103,1760.6348222822887,70.06875235474735,10.918217023795933,7.318246135022528,3.599970888773405
2023-12-06 00:00:00+05:30,1830.0442481361129,1837.336182646032,1811.1649162146336,1819.4058837890625,4695880,0.0,0.0,1762.0587341308594,1749.2877392578125,1767.217141454139,1762.9395697923583,67.2631723412957,14.06052598464862,8.368444076700172,5.692081907948449
2023-12-07 00:00:00+05:30,1823.0019033707736,1834.838905040944,1811.414627988736,1824.849853515625,2500642,0.0,0.0,1765.8345947265625,1750.6941967773437,1772.7059711742804,1765.3674240560158,68.31922096863646,16.796491832624724,8.88352793974102,7.912963892883704
2023-12-08 00:00:00+05:30,1824.849858376162,1840.9822010198543,1818.706567284395,1836.4371337890625,2985466,0.0,0.0,1770.4395446777344,1751.7740112304687,1778.7756057090214,1768.1544714965275,70.50050583903625,19.672983252907443,9.408015488018991,10.264967764888452
2023-12-11 00:00:00+05:30,1842.980039066736,1859.6118345383293,1838.2852335413404,1842.0311279296875,3205833,0.0,0.0,1775.3891235351562,1753.3712622070314,1784.7999411586088,1771.0515952782202,71.5199931003853,22.148695627561665,9.50698229013857,12.641713337423095
2023-12-12 00:00:00+05:30,1845.976793291436,1850.9713192473105,1817.058536781586,1822.3526611328125,3814962,0.0,0.0,1779.3298095703126,1754.55396484375,1788.3763906799616,1773.063401782322,63.24028564897519,22.266157309063146,7.699555177312041,14.566602131751106
2023-12-13 00:00:00+05:30,1822.0030189375432,1833.7401546132648,1811.114928263796,1824.2005615234373,3251332,0.0,0.0,1783.2255371093747,1756.4119287109374,1791.7882164745783,1775.068780595699,63.66566531187917,22.25185116693865,6.148199228150034,16.103651938788616
2023-12-14 00:00:00+05:30,1841.98112102934,1863.407588006344,1830.4437176191595,1851.8203125,4878863,0.0,0.0,1787.4384155273438,1758.7723413085937,1797.5055589531898,1778.0786445919462,69.37080256232578,24.19034527973554,6.469354672757536,17.720990606978003
2023-12-15 00:00:00+05:30,1862.9581111357008,1862.9581111357008,1840.732471472017,1848.5738525390625,3877197,0.0,0.0,1791.3216552734375,1761.2406323242187,1802.3692059613682,1780.8431625506566,68.01887535807565,25.174458160060112,5.962774042465686,19.211684117594427
2023-12-18 00:00:00+05:30,1843.179772396402,1853.8681308860253,1837.9855142828776,1844.9278564453125,3758730,0.0,0.0,1795.4346435546875,1763.7358959960939,1806.422410769363,1783.3562878014275,66.45256024803527,25.367749666681448,4.924852439269614,20.442897227411834
2023-12-19 00:00:00+05:30,1847.8247563746415,1852.819282365295,1833.6902234337592,1844.5284423828125,3088923,0.0,0.0,1799.230487060547,1765.9794384765626,1810.0515566373108,1785.755195824227,66.27251776387357,25.19823562652209,3.804270719288205,21.393964907233887
2023-12-20 00:00:00+05:30,1850.122309236821,1861.9593115889336,1813.3126766327111,1824.5003662109373,3968562,0.0,0.0,1802.1922485351563,1767.6296313476562,1811.427633739561,1787.2746142707647,57.81395586579174,23.180584810674645,1.4292959227526083,21.751288887922037
2023-12-21 00:00:00+05:30,1819.0063845272264,1855.4164305993556,1803.023901192556,1850.671630859375,2403840,0.0,0.0,1807.538885498047,1770.2947094726562,1815.1651572747814,1789.7607717840438,64.23732920093751,23.423374259550883,1.3376682973030753,22.085705962247808
2023-12-22 00:00:00+05:30,1852.669435799266,1877.5921938375927,1848.9735353137175,1858.463134765625,3309295,0.0,0.0,1813.5922485351562,1772.3804248046874,1819.2887741786715,1792.4549820970472,65.90191292655129,23.968205344388025,1.5059995057121718,22.462205838675853
2023-12-26 00:00:00+05:30,1864.9559366180213,1896.9209017876929,1855.1167451640647,1884.7841796875,4350669,0.0,0.0,1820.7269287109375,1774.68689453125,1825.5264318461789,1796.0757349437317,70.83971794517382,26.22160985938831,3.0075232165699646,23.214086642818344
2023-12-27 00:00:00+05:30,1891.926378192679,1907.908860796208,1881.0882815644943,1900.2672119140625,3407243,0.0,0.0,1828.723162841797,1777.4538623046874,1832.6446013764535,1800.161675217078,73.28999640652427,28.92338964437772,4.567442401247501,24.35594724313022
2023-12-28 00:00:00+05:30,1908.9078156450128,1924.390846070182,1901.016440266787,1919.2464599609373,4950014,0.0,0.0,1837.1089721679687,1780.637373046875,1840.8923974321187,1804.8316667756608,75.95698034903276,32.224571489412256,6.2948993970256275,25.929672092386628
2023-12-29 00:00:00+05:30,1910.0066071251808,1915.650445888356,1887.9808206434132,1906.010986328125,2446170,0.0,0.0,1844.7331176757812,1783.8009057617187,1847.094167803167,1808.7994832286986,70.65844655828253,33.38791467946385,5.966594069661774,27.421320609802073
2024-01-01 00:00:00+05:30,1906.9099542914892,1916.8990059116647,1891.0273378280772,1907.059814453125,1425902,0.0,0.0,1852.65693359375,1786.549892578125,1852.8051817698297,1812.652829551225,70.83208382518539,34.00254404141924,5.264978745293735,28.737565296125506
2024-01-02 00:00:00+05:30,1905.9111079694396,1905.9111079694396,1858.0635248442984,1863.0081787109373,5120796,0.0,0.0,1854.9793884277344,1788.78044921875,1853.776895764221,1814.6275491261158,55.87573772703025,30.58250728241842,1.4759535890343258,29.106553693384093
2024-01-03 00:00:00+05:30,1861.959233527459,1867.9526645366675,1845.627158414699,1863.857177734375,3781515,0.0,0.0,1856.8498413085938,1791.32666015625,1854.7369226185215,1816.5581227970279,56.06827003984345,27.622199119459538,-1.1874836591396445,28.809682778599182
2024-01-04 00:00:00+05:30,1869.4510677910116,1869.4510677910116,1858.5131047076443,1861.5596923828125,2865766,0.0,0.0,1858.9575317382812,1793.2046020507812,1855.3867102151207,1818.3228902317646,55.36424869725626,24.804811281466982,-3.2038971977057606,28.008708479172743
2024-01-05 00:00:00+05:30,1863.457575181168,1867.852782270617,1839.383985222821,1845.5771484375,7799341,0.0,0.0,1859.993896484375,1795.3392602539063,1854.4524662362996,1819.3916846712054,50.60398284349129,21.039819455134875,-5.575111219230294,26.61493067436517
2024-01-08 00:00:00+05:30,1845.976755635633,1849.4229297002212,1816.608919226824,1824.1007080078125,12253167,0.0,0.0,1859.3770751953125,1797.2981103515624,1851.5618225954913,1819.576352253033,45.00437503769366,16.137049192761424,-8.382305185282995,24.51935437804442
2024-01-09 00:00:00+05:30,1834.9887905686728,1855.9657990618368,1819.0063079072145,1824.650146484375,4339223,0.0,0.0,1858.5080261230469,1799.9312255859375,1848.998805823004,1819.7753245758308,45.17153046599916,12.155779273730332,-9.890860083451273,22.046639357181604
2024-01-10 00:00:00+05:30,1818.806640625,1830.493782714045,1809.616639604352,1818.806640625,7052758,0.0,0.0,1858.3307250976563,1802.2906420898437,1846.1233615184321,1819.737336969916,43.651911494110806,8.431874689995084,-10.891811733749215,19.3236864237443
2024-01-11 00:00:00+05:30,1829.994254655879,1839.3839875550923,1813.3624593405875,1820.854248046875,4170070,0.0,0.0,1858.1634094238282,1804.3953344726563,1843.7167792830455,1819.7811374043065,44.35827520610677,5.5815377912069835,-10.993718906029851,16.575256697236835
2024-01-12 00:00:00+05:30,1823.0019521927843,1840.5327868638808,1812.4135816797104,1831.242919921875,2172621,0.0,0.0,1857.134539794922,1806.2702783203124,1842.5287926772198,1820.230619071662,47.92505294008062,4.11348654952144,-9.969416118172317,14.082902667693757
2024-01-15 00:00:00+05:30,1840.9822065460016,1851.570576835493,1834.2395967282123,1849.472900390625,6172312,0.0,0.0,1857.1794921875,1808.8094946289064,1843.1901362689728,1821.3773752018174,53.551774763467535,4.370670069360131,-7.769786078666902,12.140456148027033
2024-01-16 00:00:00+05:30,1848.5240636712088,1858.912580185219,1838.9844702518344,1845.976806640625,4650898,0.0,0.0,1857.2319396972657,1811.0130810546875,1843.4555334472254,1822.342058787653,52.382821770842156,4.243468253628635,-6.31759031551872,10.561058569147354
2024-01-17 00:00:00+05:30,1821.0541701403984,1832.6414460508304,1774.1554979283865,1777.70166015625,10836883,0.0,0.0,1853.8906005859376,1811.9400659179687,1837.193259800466,1820.591454919755,35.90129222137968,-1.35100033298977,-9.529647121709699,8.178646788719929
2024-01-18 00:00:00+05:30,1768.062136794029,1790.7372351974554,1762.668024531731,1775.30419921875,4293450,0.0,0.0,1851.4307922363282,1812.68025390625,1831.2990635545884,1818.815484107951,35.479153244795704,-5.909985421987585,-11.270905768566012,5.3609203465784265
2024-01-19 00:00:00+05:30,1785.093500407964,1797.9792793176402,1752.2294965244023,1762.368408203125,4560329,0.0,0.0,1847.0156311035157,1812.9409692382812,1824.7342392354012,1816.6018732881541,33.21011465812273,-10.446404528038784,-12.645859899693768,2.199455371654985
2024-01-23 00:00:00+05:30,1799.028199849726,1822.9020576498344,1761.9688426632529,1782.5462646484375,6780824,0.0,0.0,1843.2197875976562,1813.7051318359374,1820.7163368937856,1815.2663592238516,39.68942557659138,-12.271902122292431,-11.577085995157933,-0.6948161271344986
2024-01-24 00:00:00+05:30,1787.041310079414,1801.5254347279056,1760.9699100994617,1786.6417236328125,3268351,0.0,0.0,1838.3126647949218,1814.5771752929688,1817.4711356308358,1814.1438244947913,40.94173329077006,-13.235581262942333,-10.032612108646267,-3.2029691542960657
2024-01-25 00:00:00+05:30,1788.0403173027348,1795.6319724748985,1750.4815059746595,1766.4639892578125,6702170,0.0,0.0,1831.6225036621095,1815.0356762695312,1812.6133121667383,1812.2740270345178,36.87872261220128,-15.449387533959452,-9.797134703730709,-5.652252830228743
2024-01-29 00:00:00+05:30,1783.3454860845752,1828.0464933772532,1774.0556190345578,1820.904296875,5236148,0.0,0.0,1826.7053955078125,1816.5280419921876,1813.4029297580014,1812.6124689890466,51.00597519465453,-12.664973178154924,-5.610176278340944,-7.054796899813979
2024-01-30 00:00:00+05:30,1823.0020073056096,1837.436138807964,1801.375685132979,1821.603515625,3829187,0.0,0.0,1822.4850219726563,1817.608857421875,1814.1839379358107,1812.9650590532017,51.15717800304366,-10.283343646648063,-2.5828373974672667,-7.700506249180797
2024-01-31 00:00:00+05:30,1814.011835921449,1839.4339243847771,1786.5419430316697,1823.251708984375,8117401,0.0,0.0,1818.2946166992188,1818.6557104492188,1815.0475351785312,1813.3684570897185,51.5368496443867,-8.168725669971536,-0.3745755366325909,-7.794150133338945
2024-02-01 00:00:00+05:30,1827.996456997497,1830.0442613660675,1811.2148014044928,1820.75439453125,2072168,0.0,0.0,1816.1819274902343,1819.8174365234374,1815.591045593076,1813.658101695269,50.89134247102431,-6.618098770887855,0.9408410899608732,-7.558939860848728
2024-02-02 00:00:00+05:30,1839.78356126321,1847.9745347506823,1816.4091562741655,1820.9541015625,5049876,0.0,0.0,1814.0367736816406,1820.864287109375,1816.101812828259,1813.9442193371212,50.944257357492965,-5.311869172008528,1.7976565510721603,-7.109525723080688
2024-02-05 00:00:00+05:30,1823.0019124472967,1824.9497287297668,1797.0303783521576,1806.3701171875,3460806,0.0,0.0,1811.277294921875,1821.68638671875,1815.174984671996,1813.6471957234107,46.9644963392476,-5.391330556966295,1.3745561328915148,-6.76588668985781
2024-02-06 00:00:00+05:30,1812.0140193006348,1812.0140193006348,1781.1978184975471,1785.0435791015625,4691897,0.0,0.0,1808.2506164550782,1822.51248046875,1812.3053269986215,1812.5254852676521,41.81966477589722,-7.093409260788803,-0.26201805674479406,-6.831391204044009
2024-02-07 00:00:00+05:30,1789.0392272266783,1807.818693908584,1782.046890771856,1790.637451171875,4592224,0.0,0.0,1806.5774536132812,1823.5773120117187,1810.2417197770264,1811.6671309893864,43.56596709043492,-7.89987532500345,-0.8547872967675518,-7.045088028235898
2024-02-08 00:00:00+05:30,1799.577710531422,1801.8252472297945,1725.1592731853154,1727.8062744140625,4542774,0.0,0.0,1801.7352600097656,1823.2916259765625,1802.3907249805536,1808.3784699472167,31.961646837995996,-13.453868531777744,-5.1270244028334755,-8.326844128944268
2024-02-09 00:00:00+05:30,1728.1059159389526,1747.0851138596693,1717.1179592480112,1740.542236328125,4063976,0.0,0.0,1797.822039794922,1823.2956201171876,1796.5003927279413,1805.718225491566,35.70035985882714,-16.635993101983104,-6.647319178431069,-9.988673923552035
2024-02-12 00:00:00+05:30,1741.0916731561854,1747.085104044847,1689.24847158193,1707.6783447265625,4506489,0.0,0.0,1792.1632446289063,1822.4185815429687,1788.0411500611433,1801.8735242850953,30.971064941437817,-21.561147658228947,-9.257978987741527,-12.30316867048742
2024-02-13 00:00:00+05:30,1711.124584306374,1743.18941640254,1707.1289635607668,1735.2481689453125,4492334,0.0,0.0,1787.363507080078,1822.0529833984374,1783.0132470977308,1799.2607652521626,38.349436856688314,-22.97487368161842,-8.537364008904799,-14.43750967271362
2024-02-14 00:00:00+05:30,1721.762928495951,1762.8679008159097,1710.275518988656,1747.03515625,3850323,0.0,0.0,1782.2416198730468,1822.0220166015624,1779.5867622550898,1797.2127021540387,41.24115602666516,-22.880399371573958,-6.754311759088267,-16.12608761248569
2024-02-15 00:00:00+05:30,1753.078581697728,1755.5258506012149,1718.1668946146538,1737.3458251953125,2541670,0.0,0.0,1776.8100708007812,1820.4377514648438,1775.5638158684442,1794.8649814889907,39.596949171974096,-23.31857383534225,-5.753988978285246,-17.564584857057003
2024-02-16 00:00:00+05:30,1748.0340771498384,1749.0829763672157,1730.303510142118,1733.3502197265625,1643146,0.0,0.0,1774.5924987792969,1818.5757934570313,1771.5434733787413,1792.452637890464,38.908076630414186,-23.714871941666843,-4.92022966768787,-18.794642273978972
2024-02-19 00:00:00+05:30,1742.0906979447925,1742.0906979447925,1724.2602642138272,1729.5045166015625,4447954,0.0,0.0,1772.3025146484374,1816.7777661132814,1767.539763209486,1789.984084114429,38.218895902644235,-24.061886696574447,-4.213795538076379,-19.848091158498068
2024-02-20 00:00:00+05:30,1737.7953469824793,1766.7137260059346,1735.4479441237197,1760.5704345703125,7611124,0.0,0.0,1772.2126159667969,1815.492177734375,1766.8760176248027,1788.8306076617184,46.46788753111222,-21.58136193215364,-1.3866166189244566,-20.194745313229184
2024-02-21 00:00:00+05:30,1767.0633080796483,1767.0633080796483,1738.6445037650765,1744.1883544921875,4184871,0.0,0.0,1770.2947204589843,1813.6472021484376,1764.7152878026486,1787.079931066835,43.19277770208434,-20.698822001222652,-0.40326135039477506,-20.295560650827877
2024-02-22 00:00:00+05:30,1742.590071470673,1743.0895240563625,1712.3231960032226,1722.8616943359375,6200760,0.0,0.0,1767.1057189941407,1811.2638134765625,1760.7292312820096,1784.5615688420937,39.30860071752396,-21.472761361234234,-0.9417605683250834,-20.53100079290915
2024-02-23 00:00:00+05:30,1722.6120014234928,1730.8529692470613,1713.5219885751328,1722.112548828125,3453766,0.0,0.0,1764.8881469726562,1809.2590112304688,1757.0514520006873,1782.1125876650754,39.175331890452775,-21.894181169715694,-1.090544301445231,-20.803636868270463
2024-02-26 00:00:00+05:30,1720.2146359756216,1723.5110719398829,1700.086671627592,1704.4320068359375,5958066,0.0,0.0,1759.0645324707032,1806.8636401367187,1752.040076270711,1779.066290377658,36.06741045992241,-23.385260652436045,-2.0652990273324647,-21.31996162510358
2024-02-27 00:00:00+05:30,1711.1246272984336,1713.072443686189,1695.1421439144435,1704.8814697265625,4431652,0.0,0.0,1753.2284301757813,1803.92486328125,1747.5487804093636,1776.157081724674,36.205964875138555,-24.251132031925636,-2.3449363254576454,-21.90619570646799
2024-02-28 00:00:00+05:30,1709.1267398155646,1710.9746899861852,1673.365886081578,1681.7567138671875,3076327,0.0,0.0,1746.1536804199218,1800.5885205078125,1741.2828693101087,1772.4551065145768,32.324482215884935,-26.497864981482508,-3.6733354200116146,-22.824529561470893
2024-02-29 00:00:00+05:30,1685.1530728309172,1700.3863771348126,1665.5745552932449,1687.600341796875,6606975,0.0,0.0,1739.4959777832032,1797.4419702148436,1736.1702476421817,1769.12746868251,34.2429303356085,-27.489997514732977,-3.7323743626096686,-23.75762315212331
2024-03-01 00:00:00+05:30,1693.643772894808,1728.355728723823,1693.1443202929518,1725.8084716796875,3444149,0.0,0.0,1734.7386962890625,1795.0675708007811,1735.1834118362299,1767.428684486321,45.18450274359772,-24.906091018625148,-0.9187742932014729,-23.987316725423675
2024-03-04 00:00:00+05:30,1726.0581388380515,1739.5933526592487,1716.6185337610789,1725.3089599609375,2777198,0.0,0.0,1730.6856384277344,1793.0837426757812,1734.2429878481068,1765.7769305833647,45.078897579127236,-22.637679843755905,1.0797095053342183,-23.717389349090123
2024-03-05 00:00:00+05:30,1725.0093441503727,1725.308942536193,1707.078923377194,1713.821533203125,3122194,0.0,0.0,1727.1245361328124,1790.3467407226562,1732.2980874057278,1763.7394640194336,42.612331770192775,-21.518831287501598,1.7588464492708233,-23.27767773677242
2024-03-06 00:00:00+05:30,1720.9637392788536,1770.0099584971797,1716.518660068893,1757.8233642578125,7451712,0.0,0.0,1725.4838317871095,1788.3339453125,1734.7290661535453,1763.5074601072133,53.180086094270386,-16.88689411470591,5.112626897653211,-21.99952101235912
2024-03-07 00:00:00+05:30,1757.8233721782349,1762.967758188934,1743.0895209268474,1746.13623046875,3139360,0.0,0.0,1726.4003295898438,1785.560986328125,1735.8154627549934,1762.8262354155088,50.51910535923407,-13.997747240392755,6.401419017573094,-20.39916625796585
2024-03-11 00:00:00+05:30,1763.9666599844657,1767.912286622115,1722.362235363472,1727.75634765625,3640143,0.0,0.0,1725.76103515625,1782.1107690429687,1735.0479279836845,1761.4509456994595,46.57234962072153,-13.04085362031401,5.886650110121472,-18.927503730435483
2024-03-12 00:00:00+05:30,1733.0006723069166,1741.541238685932,1705.4807850111897,1718.466552734375,10243298,0.0,0.0,1726.3004455566406,1778.0951708984376,1733.4687493885124,1759.7652832302406,44.67269426564531,-12.883603186722894,4.835120434970072,-17.718723621692966
2024-03-13 00:00:00+05:30,1718.466493368919,1740.8419936755363,1715.3199176804362,1727.656494140625,5816083,0.0,0.0,1725.9208618164062,1774.5280810546874,1732.9152012696659,1758.5061150306478,46.9768076045576,-11.88047885236574,4.67059581546178,-16.55107466782752
2024-03-14 00:00:00+05:30,1723.111456905376,1755.9254680886752,1717.2678859171178,1740.492431640625,4809633,0.0,0.0,1725.5937255859376,1771.1967333984376,1733.6368422573764,1757.7996960741764,50.102475628750874,-9.935215725990702,5.292687153469455,-15.227902879460157
2024-03-15 00:00:00+05:30,1733.8997096350777,1754.0775460714822,1719.315596042094,1736.39697265625,15507454,0.0,0.0,1725.5462829589844,1768.6645092773438,1733.899711819174,1756.9603735871988,49.107787317152415,-8.624630623156918,5.282617805042593,-13.90724842819951
2024-03-18 00:00:00+05:30,1735.4978618695282,1742.9396565904542,1713.4220820618823,1735.997314453125,2314143,0.0,0.0,1725.6786376953125,1766.1073120117187,1734.0994834985977,1756.138292836843,49.00554189813292,-7.531414110095739,5.10066745448302,-12.632081564578758
2024-03-19 00:00:00+05:30,1732.9506514244374,1754.976559726816,1728.6554322522368,1747.7344970703125,4481075,0.0,0.0,1726.59013671875,1763.8308081054688,1735.3980562197135,1755.8087322185477,52.15604818657222,-5.652777896952102,5.583442934101326,-11.236220831053428
2024-03-20 00:00:00+05:30,1749.4826121921824,1766.563866925245,1728.905189218103,1763.46728515625,4420886,0.0,0.0,1726.7349792480468,1762.1886108398437,1738.0713161184312,1756.1090676278693,56.07355649668622,-2.861455570432099,6.699812208497065,-9.561267778929164
2024-03-21 00:00:00+05:30,1770.1598448335278,1788.689584694503,1762.36845759266,1770.2098388671875,3783681,0.0,0.0,1728.0360534667968,1761.1107934570311,1741.132127808789,1756.662039049019,57.67312375394098,-0.1040454109422626,7.565777894389521,-7.669823305331784
2024-03-22 00:00:00+05:30,1767.9623164738805,1780.5484974542458,1763.067656665775,1774.4552001953125,7061283,0.0,0.0,1730.6157287597657,1760.10689453125,1744.3057537503628,1757.359810074364,58.69306318506093,2.396165679345586,8.052791187741896,-5.65662550839631
2024-03-26 00:00:00+05:30,1763.0677070173206,1773.456345655635,1748.0841287707144,1751.780029296875,5303630,0.0,0.0,1732.099102783203,1758.7663623046874,1745.0175895166972,1757.1409951419137,51.54822392367131,2.518868249019306,6.540395005932493,-4.021526756913187
2024-03-27 00:00:00+05:30,1756.0752991516747,1777.851480759963,1751.9798123180058,1773.656005859375,8231130,0.0,0.0,1735.560302734375,1757.8223974609375,1747.7450577398095,1757.7886426210298,56.98817641225702,4.331389837094093,6.682333275205824,-2.3509434381117313
2024-03-28 00:00:00+05:30,1776.0033832709685,1801.92504537618,1772.257488915013,1783.545166015625,6630072,0.0,0.0,1739.4934875488282,1756.8684423828124,1751.1545918613156,1758.7987023619944,59.21731886766203,6.4909749132968955,7.073534681126901,-0.5825597678300058
2024-04-01 00:00:00+05:30,1793.0348431096156,1815.6600703918984,1784.5441488664785,1788.739501953125,2885880,0.0,0.0,1744.842626953125,1755.6537744140626,1754.7341071081546,1759.9728513655682,60.37885388776618,8.523349279543709,7.284727237898972,1.238622041644737
2024-04-02 00:00:00+05:30,1791.9359904796545,1796.0314772473346,1752.5291087651483,1755.4759521484375,6851190,0.0,0.0,1748.2364074707032,1753.8437573242188,1754.804759016753,1759.7965023766612,50.46638237259766,7.365030644410808,4.901126882212857,2.463903762197951
2024-04-03 00:00:00+05:30,1751.5802675667826,1754.776715430959,1727.10709017563,1729.2547607421875,12683551,0.0,0.0,1748.4087219238281,1752.8748193359374,1752.3714258477467,1758.5987870184465,44.293280501161874,4.281865098501385,1.4543690690427464,2.827496029458638
2024-04-04 00:00:00+05:30,1745.087314869799,1749.782120348074,1721.4133113477196,1747.2349853515625,13125292,0.0,0.0,1749.5050231933594,1752.3134350585938,1751.8822410385862,1758.1531477373924,48.90835319890833,3.2518032852347005,0.33944580462084994,2.9123574806138506
2024-04-05 00:00:00+05:30,1747.1351050375124,1785.2432390404108,1738.1948307643092,1783.195556640625,6558023,0.0,0.0,1752.9737243652344,1752.7299780273438,1754.8644615721137,1759.1352029884995,56.64459995397607,5.276366773281779,1.8912074341343428,3.3851593391474366
2024-04-08 00:00:00+05:30,1791.8361288651854,1799.8772422595073,1783.145580791386,1786.4420166015625,2634811,0.0,0.0,1754.4046569824218,1752.8078930664062,1757.8718477653947,1760.2060584243059,57.27359170583893,7.061410565378992,2.941000980985244,4.120409584393748
2024-04-09 00:00:00+05:30,1788.3898380556157,1791.036961130621,1773.7558529986989,1778.6505126953125,2373231,0.0,0.0,1756.03037109375,1752.6480688476563,1759.8507682349107,1760.9293703565022,55.203616204453745,7.757932762502151,2.9100185424867213,4.847914220015429
2024-04-10 00:00:00+05:30,1786.941562697271,1827.8966764938536,1782.046902758637,1823.950927734375,5525818,0.0,0.0,1760.8401000976562,1753.7978076171876,1765.9555453300977,1763.400803979164,63.470162437727474,11.828939868634961,5.584820518895626,6.244119349739336
2024-04-12 00:00:00+05:30,1809.017259107655,1816.109461412572,1797.3799895140246,1811.0650634765625,3966227,0.0,0.0,1765.4700256347655,1753.6010229492188,1770.2516899154753,1765.269990626121,60.0741828679407,13.85574042559574,6.089296860685123,7.766443564910618
2024-04-15 00:00:00+05:30,1787.990300742947,1807.7186782970537,1778.0512428511156,1796.181396484375,4319868,0.0,0.0,1768.8962707519531,1753.0925805664062,1772.7211857791801,1766.4822026205625,56.32547661833924,14.09848833351748,5.065635814885489,9.03285251863199
2024-04-16 00:00:00+05:30,1776.0534595248655,1802.624313665856,1773.706056673795,1790.637451171875,4096778,0.0,0.0,1771.4035217285157,1752.4402954101563,1774.4274967689605,1767.4294672696337,54.94999475053609,13.685756859427329,3.722323472636271,9.963433386791058
2024-04-18 00:00:00+05:30,1788.090259097699,1811.0150841125428,1781.1477949624043,1784.7938232421875,4250740,0.0,0.0,1773.8233642578125,1751.721083984375,1775.414765956887,1768.1104224058122,53.4678486813364,12.740270349901039,2.221469570487983,10.518800779413056
2024-04-19 00:00:00+05:30,1762.0687204131943,1803.023832395587,1761.069815242892,1790.6873779296875,3870380,0.0,0.0,1776.5578674316407,1751.1157495117188,1776.8693004304873,1768.9957932106702,54.79223839930907,12.324457414661083,1.444525308198422,10.879932106462661
2024-04-22 00:00:00+05:30,1811.015093366138,1820.5046925867548,1798.0293260116098,1807.9683837890625,6151139,0.0,0.0,1779.569561767578,1751.14771484375,1779.8311178932088,1770.5241300960975,58.52023367138035,13.236770170253067,1.8854704510323241,11.351299719220743
2024-04-23 00:00:00+05:30,1808.0183539397328,1826.99755213026,1801.125883893734,1811.0650634765625,5956005,0.0,0.0,1781.9494506835938,1751.66814453125,1782.8057793773378,1772.1139706208216,59.16999481303903,14.047727316568398,2.157142077878124,11.890585238690274
2024-04-24 00:00:00+05:30,1810.0161431161105,1843.479465850321,1805.8207902345468,1840.782470703125,3295077,0.0,0.0,1785.4780822753905,1752.671044921875,1788.3273690274127,1774.8068529769905,64.85893837343158,16.893623921452217,4.002430946209554,12.891192975242664
2024-04-25 00:00:00+05:30,1663.177093560363,1695.941231625587,1600.2460683986192,1640.6517333984375,66179079,0.0,0.0,1778.787908935547,1750.9279541015626,1774.263022777034,1769.5458678954788,32.25997538267719,2.9659499218114433,-7.940194442744977,10.90614436455642
2024-04-26 00:00:00+05:30,1640.6517964260602,1653.1881054566074,1603.242845473024,1606.739013671875,22146849,0.0,0.0,1771.5358581542969,1748.2518896484376,1758.3083552432092,1763.161285376906,29.549659336669283,-10.685133559477208,-17.273022339226902,6.587888779749695
2024-04-29 00:00:00+05:30,1608.3372494293062,1645.4466022572888,1607.7379306924306,1638.6041259765625,11227409,0.0,0.0,1764.7832641601562,1746.8704052734374,1746.9079524559097,1758.276690890618,35.06968305251764,-18.716712700745575,-20.243681184396216,1.5269684836506414
2024-04-30 00:00:00+05:30,1638.6040602284015,1645.1968099428432,1618.2263704355837,1622.1719970703125,18206448,0.0,0.0,1756.7146057128907,1744.6088818359376,1735.0283376572816,1752.939251917273,33.60732134014136,-26.106789687699347,-22.10700653707999,-3.999783150619357
2024-05-02 00:00:00+05:30,1588.259191298234,1592.7542644811538,1550.700381979395,1573.9249267578125,26640478,0.0,0.0,1745.973876953125,1741.1466772460938,1719.685155666856,1745.9190823031765,29.692344041507113,-35.447991913942815,-25.158567010658764,-10.289424903284049
2024-05-03 00:00:00+05:30,1581.2668985742232,1586.161558339329,1542.1597364236677,1545.006591796875,16123589,0.0,0.0,1735.4504089355469,1737.299892578125,1703.049101964953,1738.040161106851,27.615805104978634,-44.66950765031743,-27.504066197626702,-17.165441452690725
2024-05-06 00:00:00+05:30,1603.2428098160672,1631.212154784821,1592.2548528640568,1622.521728515625,21608211,0.0,0.0,1730.1137573242188,1735.0833227539063,1695.3798283031122,1733.5100264954303,39.77419637738234,-45.20174402859857,-22.429042060726275,-22.772701967872294
2024-05-07 00:00:00+05:30,1626.916788106533,1645.5463937598047,1616.228551650875,1642.1002197265625,9866785,0.0,0.0,1724.8570190429687,1733.3352368164062,1690.3055798672503,1729.925328190769,42.4056147389158,-43.541801789301644,-16.61527985714348,-26.926521932158163
2024-05-08 00:00:00+05:30,1638.2044544278604,1655.6353006103689,1634.3086999354855,1646.5452880859375,9853753,0.0,0.0,1718.0245056152344,1731.0547338867189,1686.137933030935,1726.655522696462,43.01438918189489,-41.3904820256937,-11.571168074828428,-29.819313950865272
2024-05-09 00:00:00+05:30,1646.1956850064355,1660.0304969281678,1635.207728371077,1641.301025390625,4656044,0.0,0.0,1710.7674560546875,1728.9969873046875,1681.8677513509056,1723.3082875079979,42.44437315565525,-39.651634425618795,-7.865856379802818,-31.785778045815977
2024-05-10 00:00:00+05:30,1641.2011739355974,1651.290091640017,1614.13086855199,1626.1676025390625,11769402,0.0,0.0,1703.143310546875,1727.06310546875,1676.5629752735872,1719.498848881765,40.76555343904329,-39.0446435769602,-5.807092424915375,-33.23755115204482
2024-05-13 00:00:00+05:30,1625.2186718791256,1641.8504669405747,1614.2307152776073,1639.403076171875,5839248,0.0,0.0,1693.91591796875,1725.408916015625,1673.0239372639003,1716.3578381872596,42.89300768171793,-37.068306484630284,-3.064604266068365,-34.00370221856192
2024-05-14 00:00:00+05:30,1640.2023395264446,1648.193581131933,1630.7127401199275,1644.4976806640625,4282026,0.0,0.0,1685.587548828125,1724.2102294921874,1670.3071509210586,1713.539792794193,43.73075424926954,-34.691056193717486,-0.5498831801244535,-34.14117301359303
2024-05-15 00:00:00+05:30,1647.8937825633293,1652.1891234970258,1635.2577299238835,1648.99267578125,5260900,0.0,0.0,1678.2281127929687,1723.0924536132814,1668.2772009077435,1711.0085333034895,44.504300231873856,-32.07462337873949,1.6532397078828325,-33.72786308662232
2024-05-16 00:00:00+05:30,1653.18810004852,1673.1662039765988,1645.3965907419015,1670.219482421875,6998357,0.0,0.0,1672.2072143554688,1722.861708984375,1668.4621800995656,1709.408962680681,48.13062096391354,-27.96588234292335,4.6095845949591805,-32.57546693788253
2024-05-17 00:00:00+05:30,1672.1672664352593,1703.7826396772375,1663.1771198415213,1694.692626953125,9617451,0.0,0.0,1667.7021545410157,1723.0035546875,1670.9603178951425,1708.8318514756788,52.0231213561314,-22.475810089088554,8.079725479035183,-30.555535568123737
2024-05-21 00:00:00+05:30,1690.147589602808,1713.1224090832245,1688.1497792132066,1696.3907470703125,5810167,0.0,0.0,1662.987322998047,1722.4152001953125,1673.382263530873,1708.3439650284097,52.29065866385834,-17.782874267315947,10.218129040646232,-28.00100330796218
2024-05-22 00:00:00+05:30,1700.9357728583475,1703.0833214252816,1679.2594574996035,1697.6893310546875,6058697,0.0,0.0,1657.473370361328,1721.8628076171874,1675.6972223426646,1707.9261362451266,52.50875693292854,-13.79982811455443,11.360940154726201,-25.16076826928063
2024-05-23 00:00:00+05:30,1698.1388143798474,1711.7239005075526,1695.1920928589732,1707.178955078125,5681295,0.0,0.0,1652.2790649414062,1721.7299560546876,1678.6954826031847,1707.896835022891,54.157968236940164,-9.764937866338414,12.316664322353777,-22.08160218869219
2024-05-24 00:00:00+05:30,1709.126743736251,1715.9692197548754,1692.844540710912,1701.5849609375,4936177,0.0,0.0,1645.319189453125,1720.6051879882812,1680.8754329207386,1707.6493105489542,52.98978069044682,-6.938662271502608,12.114351933751667,-19.053014205254275
2024-05-27 00:00:00+05:30,1701.584926338972,1720.1146656172375,1700.6360152226173,1709.126708984375,3454287,0.0,0.0,1648.742938232422,1719.8649975585938,1683.5660306410848,1707.7072477425002,54.41730943181762,-4.043649784385025,12.007491536695401,-16.051141321080426
2024-05-28 00:00:00+05:30,1710.4253440086966,1714.121244303917,1696.1409515314983,1701.7847900390625,3716141,0.0,0.0,1653.4952270507813,1719.34556640625,1685.3011505837494,1707.4749944992282,52.73834562115081,-2.315076272629767,10.988852038760527,-13.303928311390294
2024-05-29 00:00:00+05:30,1696.1409871086487,1709.026888253168,1680.358236569367,1686.0020751953125,4952472,0.0,0.0,1655.8651245117187,1718.6962768554688,1685.36790530866,1706.632919232408,49.22253816947371,-2.19341813816186,8.888408138582747,-11.081826276744607
2024-05-30 00:00:00+05:30,1682.5059289582748,1705.7304745784163,1681.1574313418582,1688.2496337890625,5580489,0.0,0.0,1659.1690063476562,1717.9081396484376,1685.6423556401269,1705.912006077767,49.736423199469286,-1.8938132944115296,7.3504103858664624,-9.244223680277992
2024-05-31 00:00:00+05:30,1701.135535601649,1701.135535601649,1658.7320591348075,1678.560302734375,12804476,0.0,0.0,1664.4007751464844,1716.6694970703124,1684.9678744110076,1704.839390260379,47.504411946322556,-2.410436326668787,5.467029882887364,-7.877466209556151
2024-06-03 00:00:00+05:30,1719.5652473942423,1736.946221651359,1698.238646510318,1716.1690673828125,9801071,0.0,0.0,1672.9588989257813,1716.2649389648439,1687.9394165987985,1705.283691324004,55.79641221244079,0.21240077188417672,6.471893585152263,-6.2594928132680865
2024-06-04 00:00:00+05:30,1701.3852972025966,1713.6218860126548,1600.6956033623055,1636.15673828125,15229468,0.0,0.0,1673.6406494140624,1714.2681274414062,1683.0077329495082,1702.5728304203667,40.969525627613756,-4.117840298853935,1.7133220115313224,-5.831162310385257
2024-06-05 00:00:00+05:30,1660.72988362343,1722.8617380863147,1643.1990486458835,1716.218994140625,14426318,0.0,0.0,1677.3465881347656,1713.6378173828125,1686.170710205805,1703.107974095671,54.11014816578849,-1.0768196982703557,3.803474089691921,-4.880293787962277
2024-06-06 00:00:00+05:30,1719.1158289459,1736.596669739946,1701.9347084829908,1732.80078125,6359901,0.0,0.0,1681.6593627929688,1713.0244873046875,1690.6116693528713,1704.2723979056448,56.28084713952593,2.640781392943609,6.016860144724708,-3.3760787517810997
2024-06-07 00:00:00+05:30,1728.1560184773969,1756.7246832802582,1720.114782710383,1751.780029296875,4608146,0.0,0.0,1687.1833129882812,1712.6558911132813,1696.4372274427765,1706.1354422739282,58.689508038469704,7.037351534893787,8.33074422933991,-1.2933926944461223
2024-06-10 00:00:00+05:30,1748.1839709792175,1771.5083830765468,1734.249292175254,1743.7388916015625,4848044,0.0,0.0,1693.0618774414063,1712.0415649414062,1700.9421478388513,1707.6100873456,57.25036046267319,9.760301755486353,8.84295555994598,0.9173461955403728
2024-06-11 00:00:00+05:30,1744.6877972821335,1745.2871160145762,1715.2200938931212,1718.116943359375,4105647,0.0,0.0,1696.9975708007812,1711.3683032226563,1702.5778426503298,1708.0221209147678,52.80696088619986,9.73852270380462,7.0569412066113975,2.681581497193222
2024-06-12 00:00:00+05:30,1718.216795226219,1732.101601773095,1711.0247266232818,1713.87158203125,5881576,0.0,0.0,1700.4662658691407,1710.1726147460938,1703.653436877084,1708.2515115467868,52.08561733576073,9.271817725983738,5.272188983032413,3.9996287429513253
2024-06-13 00:00:00+05:30,1729.5044809525828,1735.6477722960656,1717.1180321333388,1724.4599609375,6016145,0.0,0.0,1704.2396301269532,1708.9909106445311,1705.6350105971237,1708.8871370130894,53.78138897238912,9.64516094413284,4.516425760945212,5.128735183187628
2024-06-14 00:00:00+05:30,1721.113645175173,1733.0006413428807,1708.527464147993,1715.3199462890625,3153666,0.0,0.0,1706.4946533203124,1707.52251953125,1706.5573854249274,1709.1394040435198,52.06831126578904,9.098631972788553,3.1759174316807393,5.922714541107814
2024-06-18 00:00:00+05:30,1716.7184052122675,1722.761830281056,1701.3852352004658,1717.517578125,5707330,0.0,0.0,1707.6359008789063,1706.7633520507814,1707.6012133011247,1709.4679598898524,52.4604080032966,8.742061307248832,2.255477412912814,6.486583894336018
2024-06-19 00:00:00+05:30,1727.1070250638656,1761.1197946039597,1713.122352796142,1744.78759765625,9959798,0.0,0.0,1710.0557434082032,1707.0740087890624,1711.1427737158986,1710.8530437238287,57.145149944016865,10.53845836885148,3.241499579612368,7.2969587892391115
2024-06-20 00:00:00+05:30,1763.067652697607,1787.890422174033,1758.3728470996518,1764.3162841796875,9243104,0.0,0.0,1713.3870910644532,1707.415634765625,1716.2069175695926,1712.9496413887643,60.17200053224468,13.383639511647743,4.8693445779269044,8.514294933720839
2024-06-21 00:00:00+05:30,1768.0622158822368,1787.041414809786,1743.389306051091,1773.7060546875,19031689,0.0,0.0,1716.713446044922,1707.2258447265624,1721.6830258665361,1715.3322458318519,61.57722704639481,16.2092914502266,6.155997213204609,10.053294237021992
2024-06-24 00:00:00+05:30,1755.2262112801404,1773.2563761020451,1747.8342887719832,1770.609375,4228888,0.0,0.0,1720.1646667480468,1706.9091918945312,1726.3426781649612,1717.4999763874655,60.815155658282535,17.991371467486715,6.350461784371777,11.640909683114938
2024-06-25 00:00:00+05:30,1774.6051002618417,1796.2812945522553,1761.0698858866265,1779.94921875,5933859,0.0,0.0,1723.705792236328,1706.935166015625,1731.448062982584,1719.9489662840356,62.329433906469305,19.927616891636262,6.62936576681706,13.298251124819203
2024-06-26 00:00:00+05:30,1778.0512428511156,1814.011829785183,1774.155488212591,1796.181396484375,6685932,0.0,0.0,1728.4256225585937,1706.379775390625,1737.6131423637069,1722.9384733507154,64.87031136571167,22.51239752023207,7.371317116330294,15.141080403901777
2024-06-27 00:00:00+05:30,1789.0391503898477,1835.987693141563,1783.0457194002668,1828.5458984375,13342769,0.0,0.0,1735.5528137207032,1706.7293920898437,1746.2734048469254,1727.0799410011778,69.31449209809358,26.862742641230625,9.37732978986308,17.485412851367546
2024-06-28 00:00:00+05:30,1820.2049948658923,1845.9268035991515,1796.9305770187702,1800.526611328125,4969007,0.0,0.0,1741.1666625976563,1706.8162963867187,1751.4403768927539,1729.9602025826266,62.001540056777365,27.729847765581326,8.195547931371024,19.5342998342103
2024-07-01 00:00:00+05:30,1800.526638617252,1811.16500347686,1788.040323508949,1806.1204833984373,2901510,0.0,0.0,1747.5446716308593,1707.12595703125,1756.6480060837714,1732.9468802616782,62.844357637090376,28.53942878011958,7.20410315672742,21.33532562339216
2024-07-02 00:00:00+05:30,1818.9563547121452,1818.9563547121452,1735.198179021295,1767.66259765625,9625017,0.0,0.0,1750.1193481445312,1706.7833325195313,1757.69701480496,1734.3082809438183,53.97981136275967,25.780614714866715,3.5562312731796446,22.22438344168707
2024-07-03 00:00:00+05:30,1763.866785041705,1813.8619152720296,1750.281577279873,1808.717529296875,8981003,0.0,0.0,1758.7473876953125,1707.143935546875,1762.5561114232376,1737.226290683154,60.401300534539665,26.600391806415246,3.5008066917825396,23.099585114632706
2024-07-04 00:00:00+05:30,1804.6221183295943,1836.5372127800977,1799.3279939069628,1831.84228515625,5068893,0.0,0.0,1764.5285522460938,1707.6214135742186,1769.1547946359053,1740.9367218389618,63.49144320987435,28.784238806451413,4.547722953454965,24.236515852996448
2024-07-05 00:00:00+05:30,1818.0074793188096,1855.915883203564,1816.4591274710951,1850.671630859375,3465653,0.0,0.0,1770.4220947265626,1708.413544921875,1776.9183028476643,1745.2400516044684,65.82968464409404,31.66926059981779,5.946195797457072,25.723064802360717
2024-07-08 00:00:00+05:30,1851.970193422036,1855.216635238984,1833.440453661404,1851.1710205078125,3861203,0.0,0.0,1775.3916442871093,1708.6213159179688,1783.989990243869,1749.3942072477366,65.89207808499638,33.608539405894135,6.3083796828267324,27.300159723067402
2024-07-09 00:00:00+05:30,1859.162264003453,1867.95267832317,1827.9964713002144,1845.826904296875,3920211,0.0,0.0,1780.496044921875,1712.7248193359376,1789.879220153679,1753.1758816418205,64.5340770700431,34.31860282509956,5.614754481625724,28.703848343473837
2024-07-10 00:00:00+05:30,1840.982307626264,1842.4806654458189,1818.2072199943636,1827.8466796875,5629789,0.0,0.0,1785.9825317382813,1717.14697265625,1793.4951686807094,1756.1041482318474,60.049896853249976,33.04950521803016,3.47652549964506,29.572979718385103
2024-07-11 00:00:00+05:30,1828.845510827288,1849.9723796146484,1819.555765884312,1842.4805908203125,4615372,0.0,0.0,1792.4129821777344,1721.224501953125,1798.1604469797192,1759.491459705905,62.343328837604254,32.84594296419118,2.6183705966448585,30.227572367546323
2024-07-12 00:00:00+05:30,1842.480653834937,1848.973537678757,1824.250633811902,1830.8433837890625,4240855,0.0,0.0,1797.7321533203126,1725.3979296875,1801.273107628228,1762.289574375833,59.42194992752257,31.383819919924917,0.9249980419028745,30.458821878022043
2024-07-15 00:00:00+05:30,1836.9866708267225,1855.8660035765492,1824.650215940152,1841.53173828125,5909996,0.0,0.0,1804.042742919922,1730.7500659179686,1805.1072629285159,1765.3971102152611,61.21940934277569,30.733263820005504,0.21955355358676698,30.513710266418737
2024-07-16 00:00:00+05:30,1840.0832466385043,1847.0755830465064,1798.9284011260736,1803.3236083984373,6542702,0.0,0.0,1808.3330444335938,1735.91640625,1804.9373910685085,1766.8844238695033,52.300646911460554,26.82539026024301,-2.9506560049405834,29.776046265183595
2024-07-18 00:00:00+05:30,1803.023812782264,1829.1950791848249,1791.186811030278,1824.75,7590838,0.0,0.0,1812.3311645507813,1739.9609716796874,1806.824306204841,1769.1536621491307,56.15795398957834,25.167191328243234,-3.6870839495522922,28.854275277795526
2024-07-19 00:00:00+05:30,1818.5,1831.0,1805.949951171875,1821.5999755859373,4138865,2.0,0.0,1815.1953491210938,1743.550966796875,1808.2315128125642,1771.210380323123,55.44803716769269,23.32994302281145,-4.419465803987265,27.749408826798714
2024-07-22 00:00:00+05:30,1821.0,1821.0,1748.9000244140625,1757.550048828125,10742361,0.0,0.0,1814.387548828125,1745.7710620117186,1803.4047067188083,1770.6746810488094,43.42692455241781,16.515239303997305,-8.987335618241126,25.50257492223843
2024-07-23 00:00:00+05:30,1769.0,1780.5,1739.1500244140625,1768.9000244140625,6155196,0.0,0.0,1814.3020812988282,1748.3230419921874,1800.1185464993086,1770.6050866709763,45.674544304339065,11.893287271280315,-10.887430120766496,22.78071739204681
2024-07-24 00:00:00+05:30,1767.949951171875,1780.9000244140625,1729.050048828125,1746.199951171875,7487207,0.0,0.0,1812.6146179199218,1750.7236889648439,1794.98344218241,1769.6480225337566,42.07418550500458,6.325731690472821,-13.163988561259192,19.489720251732013
2024-07-25 00:00:00+05:30,1732.0,1779.0,1732.0,1775.1500244140625,3096397,0.0,0.0,1811.5630493164062,1753.4386279296875,1793.0945452520914,1769.8637873133766,47.732773892322,4.2010061614050755,-12.230971272261552,16.431977433666628
2024-07-26 00:00:00+05:30,1758.0999755859375,1829.8499755859373,1758.0999755859375,1813.8499755859373,5309351,0.0,0.0,1810.8282531738282,1756.825673828125,1795.0712529029338,1771.588735873085,54.176923731493325,5.57563604081588,-8.6850731142806,14.26070915509648
2024-07-29 00:00:00+05:30,1824.699951171875,1827.0,1783.5,1793.9000244140625,8006367,0.0,0.0,1810.496923828125,1759.7238208007811,1794.9597073325651,1772.4636883648882,50.70625010549118,4.997636154383372,-7.410458400570487,12.408094554953859
2024-07-30 00:00:00+05:30,1793.9000244140625,1806.6500244140625,1781.300048828125,1786.0999755859375,5679537,0.0,0.0,1809.4958984375,1762.0414306640625,1794.115923356696,1772.998444726498,49.374441555948614,3.8656080046000625,-6.833989240283037,10.6995972448831
2024-07-31 00:00:00+05:30,1793.0,1816.0,1773.1500244140625,1807.9000244140625,5806257,0.0,0.0,1811.5077697753907,1764.3055786132813,1795.428694885969,1774.3671341260106,53.08339760108583,4.673674084311642,-4.820738528457165,9.494412612768807
2024-08-01 00:00:00+05:30,1807.0999755859373,1818.25,1786.25,1792.6500244140625,3816044,0.0,0.0,1810.70439453125,1766.2307641601562,1795.1640596029301,1775.084110215738,50.30684441709761,4.03698882956337,-4.36593902656435,8.40292785612772
2024-08-02 00:00:00+05:30,1781.0999755859375,1810.0,1775.0,1803.449951171875,3242589,0.0,0.0,1809.2847778320313,1768.3459765625,1795.9531921333057,1776.1964961355866,52.213145012779165,4.353688398921804,-3.2393915657647323,7.593079964686536
2024-08-05 00:00:00+05:30,1770.199951171875,1805.5999755859373,1768.550048828125,1773.6500244140625,4911818,0.0,0.0,1805.4336975097656,1769.6753979492187,1793.829080921949,1776.0966344994483,46.870310661554825,2.174998025016066,-4.334465551736376,6.5094635767524425
2024-08-06 00:00:00+05:30,1785.0,1792.199951171875,1760.0,1770.550048828125,3924022,0.0,0.0,1801.4026489257812,1771.0546997070312,1791.6120302463466,1775.879121335867,46.33909948213449,0.1959690753567429,-5.05079560111656,5.246764676473303
2024-08-07 00:00:00+05:30,1785.0,1786.5999755859375,1760.050048828125,1776.550048828125,3537745,0.0,0.0,1797.9388061523437,1772.4031665039063,1790.1775558255638,1775.9054322179163,47.577510133939,-0.8781529686823433,-4.899934116124517,4.021781147442174
2024-08-08 00:00:00+05:30,1766.6500244140625,1781.800048828125,1762.6500244140625,1772.75,2472221,0.0,0.0,1795.1839721679687,1773.822470703125,1788.5177886040815,1775.781689777998,46.84020356017758,-2.0128319357008877,-4.827690466514449,2.8148585308135616
2024-08-09 00:00:00+05:30,1785.050048828125,1785.449951171875,1765.0,1769.6500244140625,2464443,0.0,0.0,1791.5424438476562,1775.4954296875,1786.7208586812226,1775.5412323127457,46.21106521588853,-3.1261786724344347,-4.752829762598397,1.6266510901639624
2024-08-12 00:00:00+05:30,1761.0,1791.050048828125,1751.25,1772.550048828125,4544443,0.0,0.0,1788.6277770996094,1777.1814379882812,1785.3712577428323,1775.4239309996235,46.929208347495745,-3.73149193260042,-4.286514418211506,0.5550224856110859
2024-08-13 00:00:00+05:30,1763.0,1791.5,1746.0999755859375,1752.050048828125,3530319,0.0,0.0,1784.1536926269532,1778.6512329101563,1782.197809274765,1774.5073081693686,42.599492609981965,-5.798543724096817,-5.082852967766322,-0.7156907563304947
2024-08-14 00:00:00+05:30,1755.0,1760.0,1744.550048828125,1747.9000244140625,2585649,0.0,0.0,1781.3825134277345,1779.2858520507812,1778.9313535737456,1773.4638852770036,41.75954274500947,-7.683004554179206,-5.573851038278969,-2.1091535159002373
2024-08-16 00:00:00+05:30,1762.0,1785.75,1746.0,1777.300048828125,2961871,0.0,0.0,1779.0100158691407,1782.1087182617186,1778.7759912170197,1773.614323063322,49.37499561723963,-6.726577279142475,-3.69393901059379,-3.032638268548685
2024-08-19 00:00:00+05:30,1780.550048828125,1790.0,1771.0,1781.3499755859375,2172279,0.0,0.0,1776.9975158691407,1783.411337890625,1779.021132585488,1773.9176819857776,50.33832864846019,-5.577512438771237,-2.035899336178041,-3.5416131025931956
2024-08-20 00:00:00+05:30,1783.0,1813.050048828125,1776.25,1805.6500244140625,3115486,0.0,0.0,1779.4025146484375,1784.8683227539063,1781.5572175215425,1775.1620875712006,55.77601231182407,-2.675221133800278,0.6931135750343342,-3.3683347088346123
2024-08-21 00:00:00+05:30,1800.0,1817.0,1787.3499755859375,1812.949951171875,5717190,0.0,0.0,1781.6050109863281,1786.0917211914064,1784.547001678717,1776.6439645751486,57.28897642453863,0.21147101041879068,2.8638445754027226,-2.652373564983932
2024-08-22 00:00:00+05:30,1814.0,1824.300048828125,1805.800048828125,1821.5,3217988,0.0,0.0,1785.3700134277344,1787.646943359375,1788.0663348521723,1778.403024787888,59.055818354117804,3.1527696508921963,4.644114572700903,-1.4913449218087063
2024-08-23 00:00:00+05:30,1821.5,1827.9000244140625,1812.699951171875,1818.0,1815186,0.0,0.0,1787.5125122070312,1789.6446044921875,1790.9171601043463,1779.9558473452257,57.998134498932174,5.142074629600074,5.306735641127025,-0.16466101152695023
2024-08-26 00:00:00+05:30,1820.0,1822.949951171875,1809.699951171875,1812.5,2356257,0.0,0.0,1787.4450134277345,1791.6171728515626,1792.9726686658373,1781.232088625805,56.29197740447746,6.203301326541123,5.094369870454458,1.1089314560866643
2024-08-27 00:00:00+05:30,1811.050048828125,1813.0999755859373,1791.699951171875,1803.3499755859373,4541696,0.0,0.0,1787.9175109863281,1793.1949731445313,1793.9609836106088,1782.0994567418888,53.473664647809144,6.234137374287229,4.100164734560452,2.1339726397267773
2024-08-28 00:00:00+05:30,1796.0,1805.9000244140625,1785.8499755859375,1791.300048828125,4280796,0.0,0.0,1788.1775146484374,1794.7145751953126,1793.7075612503722,1782.4602642746827,49.92848758922353,5.226004651820858,2.4736256096752647,2.7523790421455936
2024-08-29 00:00:00+05:30,1783.25,1798.5,1773.0,1777.25,5531158,0.0,0.0,1786.6450134277343,1795.9092236328124,1792.1401744646225,1782.2559401854796,46.091446663952844,3.2557998527522614,0.4027366484853343,2.853063204266927
2024-08-30 00:00:00+05:30,1777.300048828125,1790.0,1774.3499755859375,1780.800048828125,7458172,0.0,0.0,1786.0525146484374,1796.62947265625,1791.0601624992419,1782.19884640676,47.19567451352655,1.9582837502812254,-0.7158235631885619,2.6741073134697873
2024-09-02 00:00:00+05:30,1782.0,1793.449951171875,1772.699951171875,1780.25,4048520,0.0,0.0,1784.8925170898438,1796.9481469726563,1790.0306232135997,1782.122421057475,47.034916365070536,0.8755161423946447,-1.4388729368601143,2.314389079254759
2024-09-03 00:00:00+05:30,1780.050048828125,1786.449951171875,1772.3499755859375,1783.800048828125,5196273,0.0,0.0,1785.4000183105468,1797.1500268554687,1789.437235176888,1782.1882103818143,48.25986016100606,0.3004113288593544,-1.6111822003163239,1.9115935291756783
2024-09-04 00:00:00+05:30,1770.0,1788.300048828125,1763.5,1783.800048828125,3192443,0.0,0.0,1786.062518310547,1797.4138403320312,1788.9003602865296,1782.25141973265,48.25986016100606,-0.15359285643285148,-1.6521491084868238,1.4985562520539724
2024-09-05 00:00:00+05:30,1781.25,1786.3499755859375,1760.0,1777.949951171875,3573005,0.0,0.0,1786.1325134277345,1797.3738549804686,1787.857464180372,1782.082734691051,46.21705509870371,-0.9742182521729319,-1.9782196033815236,1.0040013512085917
2024-09-06 00:00:00+05:30,1767.550048828125,1781.949951171875,1756.5,1764.1500244140625,3254880,0.0,0.0,1785.7025146484375,1796.7332275390625,1785.5996127740568,1781.3794911507769,41.72975560495821,-2.7069050329091624,-2.9687251072942034,0.26182007438504085
2024-09-09 00:00:00+05:30,1767.699951171875,1793.949951171875,1758.449951171875,1790.1500244140625,3436461,0.0,0.0,1786.7275146484376,1795.9653100585938,1786.0329853112003,1781.72343363169,51.319722027128186,-1.9595011712879113,-1.7770569965383618,-0.1824441747495496
2024-09-10 00:00:00+05:30,1798.0,1799.6500244140625,1778.050048828125,1791.5999755859375,3497612,0.0,0.0,1787.6800109863282,1795.78677734375,1786.5631748611754,1782.1107490024451,51.79617111057288,-1.2359322270044686,-0.8427904418039351,-0.39314178520053344
2024-09-11 00:00:00+05:30,1795.0,1805.449951171875,1785.0,1789.25,3733872,0.0,0.0,1789.5400085449219,1795.4493676757813,1786.8190629696348,1782.3907196298003,50.92621074769028,-0.8424112236432393,-0.35941555075416465,-0.48299567288907463
2024-09-12 00:00:00+05:30,1803.9000244140625,1834.1500244140625,1795.1500244140625,1827.449951171875,6365508,0.0,0.0,1793.5175048828125,1796.6451147460937,1790.6886713698482,1784.1577483177248,62.07666325090872,2.522792632856408,2.404630644596386,0.11816198826002189
2024-09-13 00:00:00+05:30,1837.0,1837.0,1816.75,1820.3499755859373,2056720,0.0,0.0,1795.6700012207032,1796.877763671875,1793.5135574856663,1785.5770513478508,59.37622523044139,4.564218768467981,3.5568454241663674,1.0073733443016137
2024-09-16 00:00:00+05:30,1833.0,1845.699951171875,1828.300048828125,1831.300048828125,2730634,0.0,0.0,1798.1675048828124,1796.8669189453126,1797.1122709468527,1787.3701100725675,62.11359871579342,6.985122936560629,4.782199673807211,2.202923262753417
2024-09-17 00:00:00+05:30,1839.4000244140625,1853.4000244140625,1830.6500244140625,1846.6500244140625,3674862,0.0,0.0,1800.2175048828126,1796.7864868164063,1801.8301522294441,1789.6948125957636,65.61175451031433,10.026739662730279,6.259053119981489,3.7676865427487893
2024-09-18 00:00:00+05:30,1850.0,1859.449951171875,1835.5999755859373,1839.699951171875,6877499,0.0,0.0,1801.5550048828125,1796.5570654296876,1805.436799747771,1791.6557984222777,62.78506245209246,11.741086073740234,6.378719624793156,5.362366448947078
2024-09-19 00:00:00+05:30,1849.9000244140625,1875.0,1845.0999755859373,1871.949951171875,2892430,0.0,0.0,1804.0775024414063,1797.0795263671876,1811.7713855976856,1794.8045887261835,69.37770594153496,15.523082993207026,8.128573235407957,7.394509757799069
2024-09-20 00:00:00+05:30,1874.0,1926.300048828125,1870.0,1904.5,18849579,0.0,0.0,1808.4025024414063,1798.6125927734374,1820.6026822074298,1799.106369560451,74.32205544243178,20.90586985379946,10.809088076800311,10.096781776999148
2024-09-23 00:00:00+05:30,1914.949951171875,1942.0,1908.199951171875,1934.699951171875,3686272,0.0,0.0,1814.5125,1800.4569799804688,1831.469088775472,1804.4237649177617,77.88916086142443,27.294022389583688,13.757792490067631,13.536229899516057
2024-09-24 00:00:00+05:30,1935.0,1938.5999755859373,1909.5999755859373,1914.699951171875,3709386,0.0,0.0,1820.0799987792968,1802.134111328125,1839.3958375751295,1808.7483212414525,70.86792087770715,30.39250061688358,13.485016573894018,16.907484042989562
2024-09-25 00:00:00+05:30,1910.050048828125,1922.699951171875,1894.300048828125,1897.949951171875,3307467,0.0,0.0,1825.4124938964844,1803.2624755859374,1844.9724198224385,1812.246424375979,65.53937638856608,31.13754765403428,11.384050888835773,19.753496765198506
2024-09-26 00:00:00+05:30,1895.0,1913.300048828125,1884.300048828125,1902.300048828125,4204513,0.0,0.0,1831.6649963378907,1805.2420043945312,1850.4321940134562,1815.7779390603769,66.24913823406045,31.713446454533823,9.567959751468251,22.145486703065572
2024-09-27 00:00:00+05:30,1900.0,1910.0,1866.300048828125,1872.449951171875,6643112,0.0,0.0,1836.247491455078,1806.1960034179688,1852.529123266639,1818.0003709078867,57.49784007448514,29.42203804981682,5.821241077400998,23.60079697241582
2024-09-30 00:00:00+05:30,1856.699951171875,1884.449951171875,1843.0999755859373,1853.949951171875,3246840,0.0,0.0,1839.9324890136718,1806.8430029296876,1852.6644402099948,1819.4101583692195,52.839200215083565,25.815697697974883,1.7719205804472509,24.043777117527632
2024-10-01 00:00:00+05:30,1847.0,1884.75,1847.0,1879.4000244140625,4871526,0.0,0.0,1844.7124877929687,1809.2800024414062,1855.210686324668,1821.762702135684,57.893476566618546,24.726226653054255,0.5459596284212935,24.18026702463296
2024-10-03 00:00:00+05:30,1857.9000244140625,1863.6500244140625,1815.800048828125,1822.800048828125,6363232,0.0,0.0,1846.6624877929687,1810.3580029296875,1852.123958944045,1821.8033823981327,46.06864091438937,19.075774344302772,-4.083594144264154,23.159368488566926
2024-10-04 00:00:00+05:30,1815.5,1850.0,1798.3499755859375,1809.0,3734632,0.0,0.0,1848.214990234375,1811.61400390625,1848.0169152350882,1821.301288970755,43.723702319708224,13.330535456920416,-7.863066425317211,21.193601882237626
2024-10-07 00:00:00+05:30,1810.0,1836.4000244140625,1769.4000244140625,1790.25,7446633,0.0,0.0,1849.5199890136719,1811.9160034179688,1842.5153042603179,1820.0835913640587,40.692949120704455,7.1816384886644755,-11.209570714858522,18.391209203522997
2024-10-08 00:00:00+05:30,1800.0,1814.0,1781.8499755859375,1803.4000244140625,5097103,0.0,0.0,1850.1824890136718,1811.7070043945312,1838.7900395130555,1819.4293338366078,43.64340006024034,3.3312893814522795,-12.047935857656574,15.379225239108854
2024-10-09 00:00:00+05:30,1801.0,1820.0,1789.9000244140625,1800.800048828125,7078802,0.0,0.0,1850.6424926757813,1811.8450048828124,1835.1719451621098,1818.6987736401968,43.185941399606506,0.06926522642311284,-12.247968010148593,12.317233236571706
2024-10-10 00:00:00+05:30,1809.9000244140625,1884.0,1805.300048828125,1876.0999755859373,5905798,0.0,0.0,1854.9849914550782,1813.6450048828126,1839.069852821522,1820.9498011674807,57.18355132913401,3.5195907126908423,-7.038114019104691,10.557704731795534
2024-10-11 00:00:00+05:30,1872.199951171875,1893.5999755859373,1861.1500244140625,1882.4000244140625,5211580,0.0,0.0,1857.7324951171875,1815.1350048828126,1843.1965358303355,1823.3596138438174,58.11338942642541,6.68529587810508,-3.0979270829523635,9.783222961057444
2024-10-14 00:00:00+05:30,1885.050048828125,1916.0,1882.449951171875,1910.800048828125,4391138,0.0,0.0,1862.2549987792968,1817.4980053710938,1849.6349656396487,1826.7886505098688,62.108243439409414,11.354892517906137,1.257335645478955,10.097556872427182
2024-10-15 00:00:00+05:30,1912.199951171875,1915.3499755859373,1887.449951171875,1895.199951171875,4295493,0.0,0.0,1865.4499938964843,1819.3330053710938,1853.9744880712892,1829.4714466142614,58.79134353226256,13.639555684569132,2.833599049713559,10.805956634855573
2024-10-16 00:00:00+05:30,1884.0,1892.449951171875,1868.1500244140625,1876.3499755859373,3145556,0.0,0.0,1866.934991455078,1821.3870043945312,1856.105486882208,1831.3098202994252,54.97114395048172,13.770395660887743,2.3715512208257366,11.398844440062007
2024-10-17 00:00:00+05:30,1876.3499755859373,1878.300048828125,1851.300048828125,1864.050048828125,3541432,0.0,0.0,1868.1524963378906,1823.2570043945314,1856.8621118294382,1832.5937508299626,52.57069326366883,12.734787289449969,1.0687542795103688,11.6660330099396
2024-10-18 00:00:00+05:30,1868.0,1878.5,1848.0,1871.050048828125,3834767,0.0,0.0,1868.1075012207032,1825.1470043945312,1858.2133439245513,1834.1018409475375,53.806967131360864,12.336691986591859,0.5365271813218069,11.800164805270052
2024-10-21 00:00:00+05:30,1850.0,1855.0,1735.0,1789.199951171875,13178137,0.0,0.0,1862.3424987792969,1825.4760034179687,1851.6406398528677,1832.3409825249626,40.51038251230833,5.354852355231969,-5.1562499600304665,10.511102315262436
2024-10-22 00:00:00+05:30,1791.949951171875,1795.5,1758.8499755859375,1763.1500244140625,5494382,0.0,0.0,1853.7650024414063,1825.3460034179689,1843.212962192029,1829.6276116186527,37.34715049309895,-2.2543307138955697,-10.212346423326405,7.9580157094308355
2024-10-23 00:00:00+05:30,1761.1500244140625,1787.050048828125,1758.0999755859375,1767.800048828125,2836137,0.0,0.0,1846.4200073242187,1825.2510034179688,1836.0307799668951,1827.2030013131418,38.273699432405586,-7.819308883583972,-12.621859674411846,4.802550790827874
2024-10-24 00:00:00+05:30,1766.0,1772.75,1750.300048828125,1762.199951171875,2316820,0.0,0.0,1839.6325073242188,1825.4540014648437,1828.9992724626075,1824.6538620919157,37.55341826389198,-12.536957018925932,-13.871606247803046,1.334649228877113
2024-10-25 00:00:00+05:30,1765.0,1786.5,1757.0,1768.8499755859375,2829227,0.0,0.0,1832.9600036621093,1825.8730004882811,1823.2707679981627,1822.4654743857989,39.020973406399804,-15.559762504822174,-13.515529386959429,-2.0442331178627446
2024-10-28 00:00:00+05:30,1768.0,1780.6500244140625,1745.050048828125,1749.8499755859375,3302148,0.0,0.0,1826.8300048828125,1825.3239990234374,1816.2783115779507,1819.6178077661964,36.38962484338222,-19.266407686024877,-13.777739654529706,-5.4886680314951715
2024-10-29 00:00:00+05:30,1743.5,1767.1500244140625,1730.699951171875,1760.199951171875,4158119,0.0,0.0,1822.1425048828125,1824.9009985351563,1810.9375153488008,1817.2876957428898,38.81025979103206,-21.125275143803947,-12.509285689847019,-8.615989453956928
2024-10-30 00:00:00+05:30,1727.0,1760.0,1726.5999755859375,1734.5999755859375,4385949,0.0,0.0,1814.9025024414063,1823.4799975585938,1803.6672734666233,1814.0450400504603,35.23834003879992,-24.383072199987055,-12.613666196824102,-11.769406003162953
2024-10-31 00:00:00+05:30,1727.3499755859375,1746.5999755859375,1723.949951171875,1731.0999755859375,2944670,0.0,0.0,1810.3174987792968,1821.842998046875,1796.7561022398913,1810.7922924244006,34.767212819677894,-26.9368098115267,-12.133923046690999,-14.802886764835701
2024-11-01 00:00:00+05:30,1739.5999755859375,1754.1500244140625,1736.3499755859375,1744.4000244140625,182489,0.0,0.0,1807.0875,1820.3009985351562,1791.769809113622,1808.188674071054,38.15116451796579,-27.569656639845107,-10.213415900007522,-17.356240739837585
2024-11-04 00:00:00+05:30,1744.0,1744.0,1724.25,1729.3499755859375,2884830,0.0,0.0,1804.042498779297,1818.527998046875,1785.8250630633663,1805.096960404971,35.88279480961502,-28.951866378921068,-9.276500511266786,-19.675365867654282
2024-11-05 00:00:00+05:30,1721.5,1760.5,1711.0,1757.1500244140625,4028615,0.0,0.0,1801.729998779297,1817.4209985351563,1783.0941070015278,1803.2166884053277,42.66426361205923,-27.48719072519657,-6.249459886033829,-21.23773083916274
2024-11-06 00:00:00+05:30,1760.0999755859375,1768.449951171875,1746.5999755859375,1762.5999755859375,3652252,0.0,0.0,1799.8199951171875,1816.6059985351562,1781.1422849619478,1801.6238761379007,43.91658379640957,-25.59165454147137,-3.483138961846901,-22.10851557962447
2024-11-07 00:00:00+05:30,1763.0,1765.0,1733.0,1746.9000244140625,3060984,0.0,0.0,1793.3599975585937,1815.717998046875,1777.8811172907206,1799.4778427369658,41.129597586166746,-25.067322815323905,-2.367045788559544,-22.70027702676436
2024-11-08 00:00:00+05:30,1745.0,1764.0999755859375,1738.9000244140625,1745.800048828125,3646825,0.0,0.0,1786.5299987792969,1815.0889990234375,1774.82577743714,1797.3728312111289,40.933597791739906,-24.45860144909716,-1.4066595378662363,-23.051941911230923
2024-11-11 00:00:00+05:30,1745.0,1763.300048828125,1737.199951171875,1744.0,3205030,0.0,0.0,1778.1899963378905,1814.352998046875,1771.8899891097933,1795.279779006771,40.59269156982352,-23.846546137640416,-0.6356833811275955,-23.21086275651282
2024-11-12 00:00:00+05:30,1744.800048828125,1749.4000244140625,1715.199951171875,1721.4000244140625,3228390,0.0,0.0,1769.5,1813.1759985351562,1767.0814210435333,1792.3825337286255,36.48432069579403,-24.898107166714908,-1.3497955281616711,-23.548311638553237
2024-11-13 00:00:00+05:30,1714.0,1728.1500244140625,1679.050048828125,1687.8499755859375,3593490,0.0,0.0,1760.075,1811.2569970703125,1759.5355690951908,1788.2832177230298,31.40313900743865,-28.114597826304816,-3.6530289502012607,-24.461568876103556
2024-11-14 00:00:00+05:30,1690.0,1712.5999755859375,1689.800048828125,1707.9000244140625,3327758,0.0,0.0,1752.2674987792968,1809.7389965820312,1754.6178981731787,1785.130935632482,37.045873591697294,-28.714811994095726,-3.4025944943937354,-25.31221749970199
2024-11-18 00:00:00+05:30,1714.0,1728.25,1699.699951171875,1722.75,2082415,0.0,0.0,1744.8524963378907,1808.6349975585938,1751.5828602519236,1782.6846244312082,40.92206885865469,-27.673217497684846,-1.8887999983862827,-25.784417499298563
2024-11-19 00:00:00+05:30,1729.800048828125,1739.800048828125,1713.5,1727.75,2759663,0.0,0.0,1741.7799987792969,1807.9069970703124,1749.3130640374548,1780.530325433906,42.2122368916695,-26.142928732716882,-0.28680898673465194,-25.85611974598223
2024-11-21 00:00:00+05:30,1715.0999755859375,1740.75,1703.75,1737.0999755859375,3294059,0.0,0.0,1740.4774963378907,1806.84599609375,1748.1499127563577,1778.8271744594758,44.6466273760507,-23.900192431567802,1.5647418515315437,-25.464934283099346
2024-11-22 00:00:00+05:30,1734.0,1772.199951171875,1732.9000244140625,1761.449951171875,3553726,0.0,0.0,1740.1599914550782,1806.2429956054686,1749.416583081645,1778.1457147227072,50.495495297682105,-19.92824779068883,4.429349193928417,-24.357596984617246
2024-11-25 00:00:00+05:30,1782.0,1794.5999755859375,1766.9000244140625,1790.75,6871432,0.0,0.0,1741.5874938964844,1806.2729956054689,1753.3530989786314,1778.640000419856,56.45753949402521,-14.251896979885487,8.084560003785409,-22.336456983670896
2024-11-26 00:00:00+05:30,1795.0,1795.949951171875,1775.0,1783.5999755859375,2312739,0.0,0.0,1742.3249938964843,1805.39599609375,1756.2337538936129,1778.8345092498985,54.725475710920314,-10.212571118641335,9.69910869202365,-19.911679810664985
2024-11-27 00:00:00+05:30,1780.949951171875,1805.5,1779.0999755859375,1783.199951171875,3202444,0.0,0.0,1743.9924926757812,1804.6529956054687,1758.8019631582092,1779.0057030507603,54.62450553592135,-6.96338532740765,10.358635586605867,-17.322020914013518
2024-11-28 00:00:00+05:30,1783.25,1788.9000244140625,1753.5,1759.199951171875,3971395,0.0,0.0,1743.9424926757813,1803.2109936523439,1758.8398667785582,1778.2290068986472,48.806302193680395,-6.252902039947003,8.855295099253212,-15.108197139200215
2024-11-29 00:00:00+05:30,1757.0,1773.5999755859375,1757.0,1765.25,2987994,0.0,0.0,1745.4749938964844,1801.5829931640626,1759.4503556567909,1777.7200262359552,50.245002727956454,-5.142372469009615,7.97265973615248,-13.115032205162095
2024-12-02 00:00:00+05:30,1765.0,1772.5999755859375,1746.0,1753.949951171875,4265280,0.0,0.0,1746.6174926757812,1799.8679931640625,1758.9265076106085,1776.7878664295208,47.55673769379978,-5.115125304632556,6.399925520423631,-11.515050825056187
2024-12-03 00:00:00+05:30,1760.0,1761.199951171875,1740.0,1749.9000244140625,3971650,0.0,0.0,1746.8924926757813,1797.4269946289062,1758.066842544271,1775.7334412524442,46.59453683406017,-5.358556865306355,4.925195167799867,-10.283752033106222
2024-12-04 00:00:00+05:30,1752.0,1767.0,1746.4000244140625,1757.5,3186786,0.0,0.0,1748.2999938964845,1794.4869946289064,1758.0128575400545,1775.0184043405839,48.69243684507068,-4.881947564217398,4.321443575111058,-9.203391139328456
2024-12-05 00:00:00+05:30,1764.0,1788.6500244140625,1748.0,1775.1500244140625,5697229,0.0,0.0,1749.1999938964843,1791.29599609375,1759.6449686709125,1775.0235659120929,53.282286644160806,-3.044921833020908,4.926775445046038,-7.971697278066946
2024-12-06 00:00:00+05:30,1773.9000244140625,1785.050048828125,1761.0,1776.949951171875,2595882,0.0,0.0,1749.9174926757812,1788.54099609375,1761.2930622424328,1775.0991104320842,53.736800322699494,-1.4273727941892957,5.235459587102121,-6.662832381291417
2024-12-09 00:00:00+05:30,1768.0999755859375,1804.949951171875,1768.0999755859375,1786.25,2554023,0.0,0.0,1751.884991455078,1786.3069970703125,1763.6699134574394,1775.5364002190613,56.11265445401969,0.5980882999501773,5.808736544993275,-5.210648245043098
2024-12-10 00:00:00+05:30,1783.25,1802.800048828125,1783.25,1794.699951171875,1979884,0.0,0.0,1754.3299865722656,1784.1549951171876,1766.6251551445284,1776.2879120211326,58.21248526306787,2.8522423754518513,6.450312496395959,-3.598070120944108
2024-12-11 00:00:00+05:30,1796.0,1806.800048828125,1789.949951171875,1794.699951171875,2393428,0.0,0.0,1756.8649841308593,1782.5999951171875,1769.298945242371,1777.009952772142,58.21248526306787,4.585813319215731,6.547106752127871,-1.96129343291214
2024-12-12 00:00:00+05:30,1790.0,1796.449951171875,1765.3499755859375,1768.699951171875,3488259,0.0,0.0,1759.22998046875,1780.8949951171876,1769.241898188038,1776.6840703564453,49.72284188546566,3.8176901176721003,4.623186840467392,-0.8054967227952919
2024-12-13 00:00:00+05:30,1758.3499755859375,1809.0,1748.050048828125,1805.6500244140625,3893531,0.0,0.0,1765.1199829101563,1779.4199951171875,1772.7093387809925,1777.8199901234107,58.89712512885024,6.1199619407095724,5.540366930803891,0.579595009905681
2024-12-16 00:00:00+05:30,1803.0,1813.0,1793.8499755859375,1804.449951171875,2989393,0.0,0.0,1769.9474792480469,1779.0529931640624,1775.7322542467907,1778.86430232139,58.523608747689835,7.75826066661034,5.742932525363727,2.015328141246613
2024-12-17 00:00:00+05:30,1796.0999755859375,1806.8499755859373,1775.0,1784.050048828125,3592861,0.0,0.0,1773.0124816894531,1778.553994140625,1776.5244251592987,1779.0676649294971,52.43595732006351,7.326072180374695,4.248595231302465,3.0774769490722296
2024-12-18 00:00:00+05:30,1782.0,1786.699951171875,1770.3499755859375,1780.0,3529430,0.0,0.0,1775.624981689453,1778.348994140625,1776.8554322869845,1779.1042270891246,51.29515118695858,6.580894147258505,2.80273375854902,3.778160388709485
2024-12-19 00:00:00+05:30,1763.449951171875,1768.0,1745.4000244140625,1762.0999755859375,4074080,0.0,0.0,1776.874981689453,1777.5229931640624,1775.4501506964086,1778.4373936968427,46.48183935056409,4.494147083754797,0.5727893560362496,3.921357727718547
2024-12-20 00:00:00+05:30,1755.0,1768.8499755859375,1733.3499755859375,1743.550048828125,14685688,0.0,0.0,1775.9799865722657,1776.3779931640624,1772.4120457565723,1777.0692625255206,42.07557082229908,1.3282497047880497,-2.074486418344398,3.4027361231324478
2024-12-23 00:00:00+05:30,1747.5,1764.199951171875,1740.0,1745.3499755859375,2748036,0.0,0.0,1773.7099853515624,1773.7629931640624,1769.8347057403214,1775.825368920047,42.643724619829946,-1.0237070724660953,-3.5411545564788347,2.5174474840127394
2024-12-24 00:00:00+05:30,1742.550048828125,1754.6500244140625,1738.050048828125,1749.050048828125,2712625,0.0,0.0,1771.982489013672,1771.0959936523439,1767.8552146058264,1774.7753563674225,43.86270249664619,-2.5595795359242857,-4.061621615949621,1.5020420800253347
2024-12-26 00:00:00+05:30,1756.800048828125,1769.449951171875,1742.050048828125,1752.800048828125,1132006,0.0,0.0,1770.4624938964844,1767.9359936523438,1766.4213892936643,1773.9135796011756,45.135364307868656,-3.4345841208453294,-3.9493009606965312,0.5147168398512019
2024-12-27 00:00:00+05:30,1760.0,1777.199951171875,1754.0,1759.9000244140625,2448271,0.0,0.0,1770.4974975585938,1765.2299951171874,1765.8003069241786,1773.364028417367,47.559402260674844,-3.514608644958116,-3.2234603878474544,-0.2911482571106618
2024-12-30 00:00:00+05:30,1765.0,1781.0,1733.5,1740.699951171875,5502772,0.0,0.0,1769.2699951171876,1762.5169946289063,1763.4097968525307,1772.0830842116616,42.137558512984995,-5.0688831758200195,-3.822187934967486,-1.2466952408525334
2024-12-31 00:00:00+05:30,1735.050048828125,1796.5999755859375,1735.050048828125,1786.050048828125,4731698,0.0,0.0,1770.875,1760.9569946289062,1765.5660113263968,1772.630808314268,55.14475887219808,-2.6111829732808474,-1.0915901859426511,-1.5195927873381962
2025-01-01 00:00:00+05:30,1779.25,1796.75,1777.0,1788.4000244140625,1484828,0.0,0.0,1772.8,1759.303994140625,1767.7406792395077,1773.2492089456327,55.700478729546326,-0.4684148707233362,0.8409423332918882,-1.3093572040152244
2025-01-02 00:00:00+05:30,1800.0,1840.199951171875,1796.9000244140625,1837.1500244140625,5096987,0.0,0.0,1776.7825012207031,1760.2629956054689,1774.3510930656557,1775.755123277728,65.30378488857754,5.104618997328544,5.131180961075014,-0.026561963746470685
2025-01-03 00:00:00+05:30,1851.0,1853.0,1817.0999755859373,1838.6500244140625,4277149,0.0,0.0,1779.957501220703,1761.7729956054689,1780.4748008131232,1778.221589988957,65.55124012951362,9.532441896829823,7.647203088461035,1.8852388083687883
2025-01-06 00:00:00+05:30,1821.0,1825.0,1772.9000244140625,1779.6500244140625,3992395,0.0,0.0,1780.0925048828126,1762.0099951171876,1780.3962506798794,1778.2776070252355,50.34245884896154,8.1863493890678,5.04088846455921,3.145460924508591
2025-01-07 00:00:00+05:30,1787.0,1797.449951171875,1769.9000244140625,1772.050048828125,4399938,0.0,0.0,1779.3825073242188,1762.2069970703126,1779.6013743130457,1778.0333890567213,48.772692193541,6.4321609172811804,2.6293599942180714,3.802800923063109
2025-01-08 00:00:00+05:30,1780.0999755859375,1784.699951171875,1762.449951171875,1768.6500244140625,4364679,0.0,0.0,1778.080010986328,1762.202998046875,1778.5583886083807,1777.6654139726957,48.050827061256285,4.713268732083861,0.7283742472166015,3.98489448486726
2025-01-09 00:00:00+05:30,1774.0,1808.699951171875,1774.0,1790.199951171875,5469827,0.0,0.0,1777.8550109863281,1763.0099975585938,1779.667108852523,1778.1569644510948,52.81743397658047,5.031928342799802,0.8376270863460329,4.194301256453769
2025-01-10 00:00:00+05:30,1784.199951171875,1789.6500244140625,1753.3499755859375,1756.199951171875,3502618,0.0,0.0,1777.2300109863281,1762.9299975585936,1777.4321414543658,1777.2959051068117,45.6937406439468,2.5119958059783585,-1.3458443603803287,3.857840166358687
2025-01-13 00:00:00+05:30,1732.9000244140625,1744.550048828125,1723.75,1738.4000244140625,3092388,0.0,0.0,1773.8675109863282,1763.0059985351563,1773.7147969743369,1775.770576452194,42.464655448837256,-0.9108742227069797,-3.814971511252534,2.9040972885455543
2025-01-14 00:00:00+05:30,1749.5999755859375,1768.8499755859375,1729.5999755859375,1750.5999755859375,4948961,0.0,0.0,1771.1750122070312,1763.3959985351562,1771.513385413537,1774.783494065282,45.31698563722554,-2.6090141890465475,-4.410489182073682,1.801474993027134
2025-01-15 00:00:00+05:30,1760.0999755859375,1795.0,1760.0999755859375,1789.5999755859375,3509861,0.0,0.0,1771.4525085449218,1764.2999975585938,1773.2359178109084,1775.364532556288,53.289115571333795,-0.7986222630840984,-2.080077804888986,1.2814555418048876
2025-01-16 00:00:00+05:30,1795.800048828125,1814.949951171875,1785.3499755859375,1805.550048828125,4451534,0.0,0.0,1772.7300109863281,1765.8239990234374,1776.3134540982624,1776.5482782924385,56.107468088033606,1.9012475929650918,0.4958336409281634,1.4054139520369284
2025-01-17 00:00:00+05:30,1797.0,1805.5,1748.300048828125,1758.5999755859375,3521728,0.0,0.0,1772.5550109863282,1765.852998046875,1774.6264561447076,1775.8444232843406,47.09906545850112,0.24955861649914368,-0.9246842684302279,1.1742428849293716
2025-01-20 00:00:00+05:30,1890.0,1929.9000244140625,1866.0,1920.5,13324315,0.0,0.0,1781.4025085449218,1769.0109985351562,1788.5191746071164,1781.5171909986802,66.85907263437299,11.86775799142697,8.554812085198078,3.3129459062288915
2025-01-21 00:00:00+05:30,1920.949951171875,1920.949951171875,1891.0,1893.300048828125,4415663,0.0,0.0,1788.8000122070312,1771.9389990234374,1798.4983054853076,1785.900832482188,62.626651824293546,18.665294069281344,12.281878530441961,6.383415538839383
2025-01-22 00:00:00+05:30,1899.0,1920.5,1887.050048828125,1917.5,4176669,0.0,0.0,1797.222509765625,1775.372998046875,1809.8318002009926,1791.0615841495533,64.76386483125258,25.70876950502293,15.460283172946836,10.248486332076093
2025-01-23 00:00:00+05:30,1907.0999755859373,1923.949951171875,1892.0999755859373,1894.8499755859373,3161159,0.0,0.0,1804.3250061035155,1778.3899975585937,1817.9287692852731,1795.1317171470587,61.234313339625636,29.12734495577797,15.103086898961504,14.024258056816468
2025-01-24 00:00:00+05:30,1891.0,1918.5,1873.050048828125,1886.199951171875,4025366,0.0,0.0,1810.6400024414063,1781.68599609375,1824.4307866078068,1798.7030204421494,59.891894140347055,30.783750042789052,13.407593588778067,17.376156454010985
2025-01-27 00:00:00+05:30,1875.0,1898.800048828125,1862.75,1881.4000244140625,1928503,0.0,0.0,1817.6750061035157,1785.5569970703125,1829.8564283036405,1801.946040205754,59.11741328581067,31.347791209564093,11.177307804442485,20.170483405121608
2025-01-28 00:00:00+05:30,1895.0,1905.0,1870.800048828125,1887.75,5157384,0.0,0.0,1822.7600036621093,1789.1539965820311,1835.3701017985318,1805.3109013741557,59.85697573887516,31.939014777744205,9.414825098098074,22.52418967964613
2025-01-29 00:00:00+05:30,1887.800048828125,1924.699951171875,1885.0,1920.3499755859373,2351631,0.0,0.0,1829.3575012207032,1793.10599609375,1843.4634231116179,1809.822237617755,63.50684877310284,34.63881460265793,9.691699938409435,24.947114664248495
2025-01-30 00:00:00+05:30,1920.3499755859373,1938.0999755859373,1877.449951171875,1901.5,4239181,0.0,0.0,1832.575,1796.58099609375,1848.9907161486067,1813.4174439856863,60.10395108097068,34.85559630361058,7.92678531148967,26.928810992120912
2025-01-31 00:00:00+05:30,1903.050048828125,1908.949951171875,1889.5999755859373,1901.300048828125,2333229,0.0,0.0,1835.707501220703,1799.8649975585938,1853.9725573561798,1816.8638206461742,60.067183636632976,34.61227422308366,6.146770584770195,28.465503638313464
2025-02-01 00:00:00+05:30,1899.0,1917.1500244140625,1871.5999755859373,1903.0999755859373,1096357,0.0,0.0,1841.8799987792968,1802.697998046875,1858.651359092347,1820.2456306438119,60.30260075489456,34.170779294825934,4.564220525209976,29.60655876961596
2025-02-03 00:00:00+05:30,1893.5999755859373,1903.800048828125,1881.550048828125,1884.5,3319808,0.0,0.0,1847.5024963378905,1804.572998046875,1861.1131344168853,1822.7654098342507,56.589905594447934,31.95170938355409,1.8761204911505054,30.075588892403584
2025-02-04 00:00:00+05:30,1891.050048828125,1941.199951171875,1877.199951171875,1928.5,5332618,0.0,0.0,1855.4949951171875,1807.4709985351562,1867.5309311390868,1826.9118643505544,62.475533018542535,33.35897131194724,2.6267059356349236,30.73226537631232
2025-02-05 00:00:00+05:30,1937.800048828125,1938.949951171875,1902.3499755859373,1911.75,3427385,0.0,0.0,1861.5724975585938,1810.0419995117188,1871.7422710306023,1830.2388500622974,59.185758931192034,32.74518540043823,1.6103360193007283,31.134849381137503
2025-02-06 00:00:00+05:30,1917.0,1920.0,1896.449951171875,1915.949951171875,3193971,0.0,0.0,1869.5599975585938,1813.1769995117188,1875.9525262821521,1833.6000697136535,59.75796200381741,32.22617333646622,0.873059164262969,31.35311417220325
2025-02-07 00:00:00+05:30,1921.0,1960.5999755859373,1907.9000244140625,1929.25,4414174,0.0,0.0,1879.1024963378907,1816.4569995117188,1881.0284761600424,1837.3510473719418,61.59419993488622,32.5132626705099,0.9281187986453219,31.58514387186458
2025-02-10 00:00:00+05:30,1935.300048828125,1965.0,1923.550048828125,1960.1500244140625,3569373,0.0,0.0,1889.5799987792968,1820.5810009765626,1888.5638617080442,1842.1666935304565,65.5295731016092,34.83262791203015,2.5979872321324535,32.234640679897694
2025-02-11 00:00:00+05:30,1964.5999755859373,1970.5,1906.5999755859373,1918.5999755859373,3506682,0.0,0.0,1896.0299987792969,1823.955,1891.4244439821293,1845.1640771404755,57.06243229181379,32.93830757750766,0.5629335180879664,32.37537405941969
2025-02-12 00:00:00+05:30,1923.449951171875,1949.0,1904.949951171875,1943.949951171875,3219004,0.0,0.0,1902.9499938964843,1827.6839990234375,1896.4268732382957,1849.038032984844,60.42243198481002,33.10100841540634,0.5805074847893152,32.520500930617025
2025-02-13 00:00:00+05:30,1963.0,1992.800048828125,1960.550048828125,1972.800048828125,12678373,0.0,0.0,1913.6599975585937,1831.6369995117188,1903.7005090087557,1853.891445370855,63.886058926061466,35.15269340439613,2.1057539790232838,33.04693942537285
2025-02-14 00:00:00+05:30,1974.0,1974.0,1933.3499755859373,1952.4000244140625,2610048,0.0,0.0,1915.2549987792968,1835.1460009765624,1908.3385580949755,1857.7545269019615,59.89454750416431,34.732186039042745,1.3481972909359143,33.38398874810683
2025-02-17 00:00:00+05:30,1955.0,1963.949951171875,1932.6500244140625,1945.300048828125,2300119,0.0,0.0,1917.854998779297,1838.327001953125,1911.858700069561,1861.1876846245564,58.52405538407089,33.44054049478473,0.04524139734231625,33.39529909744241
2025-02-18 00:00:00+05:30,1942.050048828125,1966.0,1939.1500244140625,1963.3499755859373,4344125,0.0,0.0,1920.1474975585934,1841.7000024414062,1916.7626310711207,1865.1940489759832,60.96917578382406,33.48735890666103,0.07364784737489316,33.413711059286136
2025-02-19 00:00:00+05:30,1963.949951171875,1994.9000244140625,1962.0,1985.0,3914165,0.0,0.0,1924.6549987792964,1845.5060034179687,1923.2614281119663,1869.8923215651603,63.731065837723726,34.86948514949063,1.1646192721635913,33.70486587732704
2025-02-20 00:00:00+05:30,1982.300048828125,1982.3499755859373,1960.0,1970.550048828125,4724372,0.0,0.0,1928.872503662109,1849.5430053710938,1927.76510627541,1873.83968341861,60.646479494327124,34.40227188273184,0.5579248043238394,33.844347078408
2025-02-21 00:00:00+05:30,1970.550048828125,1978.3499755859373,1934.5,1953.050048828125,4008552,0.0,0.0,1932.455004882812,1852.491005859375,1930.1731960423353,1876.945972258199,57.04547781082069,32.248161524071975,-1.276948443468818,33.52510996754079
2025-02-24 00:00:00+05:30,1938.300048828125,1970.0,1933.550048828125,1966.0999755859373,2218081,0.0,0.0,1936.372503662109,1855.7240063476563,1933.5947940941069,1880.4422076828162,59.000497024509855,31.233987605242874,-1.8328978898383355,33.06688549508121
2025-02-25 00:00:00+05:30,1969.0,1979.550048828125,1958.5999755859373,1967.25,4019894,0.0,0.0,1938.7175048828121,1859.3880053710936,1936.80005179943,1883.8464348325099,59.17682959424433,30.175203860213742,-2.313345307893975,32.48854916810772
2025-02-27 00:00:00+05:30,1972.0,1975.0,1939.9000244140625,1947.550048828125,3708068,0.0,0.0,1941.0200073242183,1862.7390063476562,1937.8238610402582,1886.3446157735145,54.82682408326459,27.430289392588747,-4.046607820415176,31.476897213003923
2025-02-28 00:00:00+05:30,1937.050048828125,1937.050048828125,1893.9000244140625,1902.949951171875,6970315,0.0,0.0,1941.102502441406,1865.556005859375,1934.5025362908884,1886.9958053969797,46.494030031909205,21.409276940901464,-8.05409621768197,29.463373158583433
2025-03-03 00:00:00+05:30,1905.550048828125,1923.6500244140625,1895.199951171875,1914.5999755859373,2607790,0.0,0.0,1941.677502441406,1868.9770043945311,1932.6070543189883,1888.078321874978,48.68781364309677,17.377325805904547,-9.668837882143112,27.04616368804766
2025-03-04 00:00:00+05:30,1901.1500244140625,1916.0,1896.75,1907.800048828125,3172050,0.0,0.0,1942.8425048828121,1872.226005859375,1930.2444823674775,1888.8517229319643,47.46454195796217,13.477913228791977,-10.854600367404547,24.332513596196524
2025-03-05 00:00:00+05:30,1903.0999755859373,1953.6500244140625,1895.4000244140625,1933.0999755859373,3811688,0.0,0.0,1943.072503662109,1875.9070043945312,1930.5164341025688,1890.5869485262378,52.269587925937195,12.287451227645533,-9.636049894840795,21.92350112248633
2025-03-06 00:00:00+05:30,1944.0,1944.949951171875,1909.8499755859373,1921.699951171875,5193093,0.0,0.0,1943.5700012207028,1879.2850024414063,1929.6767690615504,1891.8070662770472,50.04829657741585,10.30532148741895,-9.2945437080539,19.59986519547285
2025-03-07 00:00:00+05:30,1917.0,1940.5999755859373,1910.050048828125,1935.4000244140625,2780338,0.0,0.0,1944.5425048828122,1882.7950024414063,1930.2218409998848,1893.5165940471263,52.65238852690689,9.727814610693258,-7.897640467823674,17.625455078516932
2025-03-10 00:00:00+05:30,1932.5,1940.050048828125,1916.3499755859373,1921.75,2228534,0.0,0.0,1944.1675048828122,1886.4160034179688,1929.414998999896,1894.623786437435,49.863178647363725,8.075602835376458,-7.63988179451238,15.715484629888838
2025-03-11 00:00:00+05:30,1923.0,1944.0,1904.449951171875,1935.199951171875,3207052,0.0,0.0,1942.9200012207027,1889.3990014648436,1929.9659468257987,1896.2150085838837,52.53151429323469,7.762035836114364,-6.362759035019579,14.124794871133943
2025-03-12 00:00:00+05:30,1940.0,1997.699951171875,1938.0,1982.550048828125,6704494,0.0,0.0,1946.1175048828125,1893.282001953125,1934.9739565403058,1899.6006964365993,60.5013713750858,11.205123204300435,-2.335737333466806,13.54086053776724
2025-03-13 00:00:00+05:30,1975.699951171875,1993.3499755859373,1969.550048828125,1985.0999755859373,4925794,0.0,0.0,1948.1750061035157,1896.2410009765624,1939.7478631160802,1902.9536093444165,60.8822707874583,13.978418026672898,0.35004599112452617,13.628372035548372
2025-03-17 00:00:00+05:30,1980.0999755859373,1998.8499755859373,1974.25,1993.0999755859373,3170929,0.0,0.0,1949.1900024414062,1899.33,1944.8290166846382,1906.488760961731,62.116581260099345,16.63010578748731,2.40138700155115,14.22871878593616
2025-03-18 00:00:00+05:30,1993.0999755859373,1993.0999755859373,1993.0999755859373,1993.0999755859373,0,0.0,0.0,1951.225,1903.5989990234375,1949.4262508657143,1909.885279182288,62.11658126009935,18.518122058353356,3.431522617933755,15.0865994404196
2025-03-19 00:00:00+05:30,2039.25,2051.0,2017.25,2021.550048828125,5338288,0.0,0.0,1955.0375,1908.5889990234375,1956.2951840049916,1914.2642897566348,66.47902810511238,22.05582586757282,5.575381141722577,16.480444725850244
2025-03-20 00:00:00+05:30,2031.0,2038.9000244140625,2016.5,2035.6500244140625,2683306,0.0,0.0,1958.6525024414063,1913.9289990234374,1963.8527878534744,1919.0245146451614,68.41997270738082,25.700967065496798,7.376417871717241,18.324549193779557
2025-03-21 00:00:00+05:30,2040.0,2097.60009765625,2035.0,2079.0,18850808,0.0,0.0,1963.3525024414062,1919.705,1974.8191890102864,1925.2980630904492,73.50030965398649,31.722076118412133,10.718021539706058,21.004054578706075
2025-03-24 00:00:00+05:30,2100.0,2184.25,2090.25,2176.14990234375,8508351,0.0,0.0,1973.6324951171875,1928.1039990234376,1993.9935426610925,1935.1353901199905,80.91152514278701,43.82781386970305,18.25900743279758,25.56880643690547
2025-03-25 00:00:00+05:30,2179.89990234375,2202.5,2160.0,2170.0,7342433,0.0,0.0,1984.4799926757812,1936.7359985351563,2010.7560624076552,1944.34576697803,79.39772946984613,52.32231347227048,21.402805628292008,30.919507843978472
2025-03-26 00:00:00+05:30,2175.0,2176.0,2129.89990234375,2144.89990234375,3016916,0.0,0.0,1993.419989013672,1944.6219970703125,2023.531666211093,1952.2106350315876,73.36469427152487,56.37899553050988,20.367590149225123,36.01140538128476
2025-03-27 00:00:00+05:30,2144.0,2151.39990234375,2111.85009765625,2128.64990234375,9421224,0.0,0.0,2001.4899841308593,1951.4029956054687,2033.5429267951554,1959.1298219850057,69.67357153142787,57.61851571254351,17.285688265007003,40.33282744753651
2025-03-28 00:00:00+05:30,2139.300048828125,2179.89990234375,2139.0,2171.199951171875,3672253,0.0,0.0,2012.6724792480468,1958.7159936523437,2046.6531195929383,1967.4462976393927,73.4415277261571,61.32733438603782,16.795605550801042,44.53172883523678
2025-04-01 00:00:00+05:30,2174.300048828125,2178.5,2135.89990234375,2145.89990234375,3750939,0.0,0.0,2024.8199768066406,1966.4619921875,2056.105194140635,1974.4444782160342,68.02917880239112,61.51597948711833,13.587400521505245,47.928578965613085
2025-04-02 00:00:00+05:30,2141.0,2160.64990234375,2139.64990234375,2154.60009765625,2132192,0.0,0.0,2036.8199829101563,1971.143994140625,2065.4856611421224,1981.5094044685918,68.8785475331589,61.6567742267157,10.982556208882087,50.67421801783361
2025-04-03 00:00:00+05:30,2129.0,2151.699951171875,2127.14990234375,2132.60009765625,1694038,0.0,0.0,2048.0599853515623,1975.9299951171874,2071.877512238706,1987.4345296916372,64.23158193855458,59.30945643891664,6.908190736866423,52.40126570205022
2025-04-04 00:00:00+05:30,2130.89990234375,2146.300048828125,2118.14990234375,2131.949951171875,3788403,0.0,0.0,2058.0024841308596,1980.218994140625,2077.598696899008,1993.1018011222347,64.09396375283161,56.742635017369594,3.4730954522554995,53.269539565114094
2025-04-07 00:00:00+05:30,2018.699951171875,2083.60009765625,2000.800048828125,2037.8499755859373,7139049,0.0,0.0,2063.8099853515623,1983.078994140625,2073.813104393001,1994.8566314933603,48.04800848885496,46.578402118790564,-5.352909957058827,51.93131207584939
2025-04-08 00:00:00+05:30,2062.449951171875,2079.89990234375,2038.0,2055.14990234375,4094339,0.0,0.0,2069.797479248047,1986.4579931640626,2072.035656578787,1997.2210734874932,50.50147503749974,39.464214921167695,-9.97367772374536,49.437892644913056
2025-04-09 00:00:00+05:30,2054.0,2065.0,2042.0999755859373,2052.699951171875,3919578,0.0,0.0,2076.3449768066407,1989.8839916992188,2070.194160825748,1999.3967157496259,50.14034541826402,33.245249189420065,-12.954114764394397,46.19936395381446
2025-04-11 00:00:00+05:30,2065.0,2139.5,2058.5,2111.199951171875,5594689,0.0,0.0,2085.1449768066404,1994.3529907226562,2074.099474192046,2003.78115635442,57.88465235566196,32.66064356837069,-10.830976308355027,43.491619876725714
2025-04-15 00:00:00+05:30,2145.0,2147.0,2099.60009765625,2120.199951171875,5635664,0.0,0.0,2092.027471923828,1998.349990234375,2078.4899958091723,2008.346599288438,58.94125167002919,32.54836687303714,-8.754602402950866,41.302969275988005
2025-04-16 00:00:00+05:30,2120.0,2151.60009765625,2113.300048828125,2123.39990234375,2899779,0.0,0.0,2098.9424682617187,2002.78798828125,2082.7671297648467,2012.8584935259014,59.33192082252784,32.344746001537715,-7.166578619560234,39.51132462109795
2025-04-17 00:00:00+05:30,2115.0,2193.89990234375,2097.699951171875,2188.10009765625,5388632,0.0,0.0,2108.6924743652344,2008.5239892578124,2092.7988409925993,2019.730713295719,66.31153693052835,36.97788202741094,-2.026754074949608,39.00463610236055
2025-04-21 00:00:00+05:30,2195.0,2261.199951171875,2175.39990234375,2241.39990234375,4886498,0.0,0.0,2121.107470703125,2015.2899877929688,2106.9513230260422,2028.4236226701516,70.76311224597998,44.43826781161442,4.346905367403096,40.09136244421133
2025-04-22 00:00:00+05:30,2249.0,2301.89990234375,2245.39990234375,2268.800048828125,6732983,0.0,0.0,2133.469970703125,2022.9759887695313,2122.365487388145,2037.8501491861505,72.75613902138723,51.962647073642984,9.49702770354532,42.46561937009766
2025-04-23 00:00:00+05:30,2285.0,2290.0,2220.0,2227.0,3523879,0.0,0.0,2143.037469482422,2028.9459887695311,2132.3306790654647,2045.2677903945366,65.42859896067691,53.931172263317876,9.172442314576166,44.75872994874171
2025-04-24 00:00:00+05:30,2218.0,2237.89990234375,2213.699951171875,2223.0,4168537,0.0,0.0,2150.237469482422,2035.1709887695313,2140.9658524878014,2052.2376809673,64.75648991109007,54.53977550578884,7.8248364456377,46.71493906015114
2025-04-25 00:00:00+05:30,2220.0,2233.39990234375,2178.199951171875,2204.39990234375,2136003,0.0,0.0,2151.649969482422,2040.9399877929689,2147.0071905693203,2058.2048269036313,61.58830660079208,52.91129703080696,4.957086376524657,47.954210654282306
2025-04-28 00:00:00+05:30,2197.0,2231.800048828125,2189.39990234375,2225.60009765625,2438178,0.0,0.0,2154.4299743652346,2046.8669897460939,2154.492229339504,2064.769347325303,63.76437281194041,52.72362950945853,3.8155350841409756,48.90809442531756
2025-04-29 00:00:00+05:30,2225.60009765625,2247.0,2198.800048828125,2205.0,3058265,0.0,0.0,2157.434979248047,2051.7639892578127,2159.3024932119324,2070.268588606664,60.19584359009751,50.332444834861235,1.1394803276349421,49.19296450722629
2025-04-30 00:00:00+05:30,2213.89990234375,2231.0,2188.199951171875,2208.10009765625,4622917,0.0,0.0,2161.4074890136717,2057.553991699219,2163.9498841113914,2075.6737458242947,60.553617874383875,48.132721671104264,-0.848194268897629,48.98091594000189
2025-05-02 00:00:00+05:30,2204.0,2223.60009765625,2171.199951171875,2181.699951171875,1815806,0.0,0.0,2161.932489013672,2062.308991699219,2165.6403666885803,2079.831636230082,55.94218621117546,43.754776205918915,-4.180911787266382,47.9356879931853
2025-05-05 00:00:00+05:30,2105.10009765625,2133.800048828125,2058.0,2084.89990234375,8821617,0.0,0.0,2158.882489013672,2064.550988769531,2157.950798655739,2080.0303917639517,43.008921725960626,32.1041908072375,-12.665197748758239,44.76938855599574
2025-05-06 00:00:00+05:30,2086.0,2091.39990234375,2065.0,2074.0,3405097,0.0,0.0,2154.8524841308595,2066.98298828125,2149.95548449805,2079.7939058124243,41.836048437554275,21.740871680481632,-18.422813500411287,40.16368518089292
2025-05-07 00:00:00+05:30,2063.699951171875,2101.800048828125,2054.5,2094.89990234375,3739456,0.0,0.0,2152.9674743652345,2069.9749853515623,2144.7120957214497,2080.386297833261,44.936755051648866,15.040931563801223,-20.09820289367336,35.13913445747458
2025-05-08 00:00:00+05:30,2099.0,2138.699951171875,2094.89990234375,2112.60009765625,6924871,0.0,0.0,2151.9999816894533,2072.9599877929686,2141.6538101914307,2081.649584100829,47.48985868542771,11.03226549658666,-19.28549516871034,30.317760665297
2025-05-09 00:00:00+05:30,2075.0,2120.0,2075.0,2103.10009765625,4654300,0.0,0.0,2155.262487792969,2075.3219897460935,2137.982028045223,2082.4907807108457,46.250343546410285,7.008014127725346,-18.647797230057325,25.65581135778267
2025-05-12 00:00:00+05:30,2134.0,2163.60009765625,2126.10009765625,2145.0,3021874,0.0,0.0,2159.754992675781,2078.8109887695314,2138.6504063266307,2084.942122643754,52.17884715639419,7.117689576948578,-14.830497424667275,21.948187001615853
2025-05-13 00:00:00+05:30,2135.0,2146.10009765625,2101.10009765625,2115.60009765625,4307824,0.0,0.0,2162.9,2082.061989746094,2136.4551388342134,2086.144396173656,48.164507803131194,4.7772130088669655,-13.736779194199109,18.513992203066074
2025-05-14 00:00:00+05:30,2111.0,2119.89990234375,2084.0,2092.39990234375,2137594,0.0,0.0,2161.959997558594,2084.58798828125,2132.259402025598,2086.3897101411108,45.20872639970718,1.0383372908959245,-13.980523929736119,15.018861220632044
2025-05-15 00:00:00+05:30,2085.10009765625,2112.0,2065.39990234375,2106.39990234375,4262359,0.0,0.0,2161.2699951171876,2087.370986328125,2129.7965925320887,2087.174423560822,47.31005517463973,-0.7860050783506267,-12.643893039186137,11.85788796083551
2025-05-16 00:00:00+05:30,2099.89990234375,2114.89990234375,2090.10009765625,2108.199951171875,2057908,0.0,0.0,2160.5099975585936,2090.583984375,2127.7397695454015,2087.9989540553734,47.588379479874654,-2.062782183883428,-11.13653611577515,9.073753931891723
2025-05-19 00:00:00+05:30,2102.0,2124.0,2100.39990234375,2111.199951171875,1505704,0.0,0.0,2156.664990234375,2094.748984375,2126.1645487479227,2088.90879707955,48.080616832279276,-2.8002823983729286,-9.499229064211722,6.698946665838793
2025-05-20 00:00:00+05:30,2114.800048828125,2117.89990234375,2084.699951171875,2090.10009765625,3909098,0.0,0.0,2149.1,2098.2589868164064,2122.7298391201443,2088.955514749224,44.88749686901601,-5.029363104437834,-9.382647816221303,4.353284711783468
2025-05-21 00:00:00+05:30,2095.0,2096.300048828125,2060.0,2071.300048828125,2141740,0.0,0.0,2139.225,2101.5289868164064,2117.8317638542376,2088.263143536632,42.19840604123348,-8.218198172635766,-10.057186307535387,1.8389881348996213
2025-05-22 00:00:00+05:30,2074.0,2077.60009765625,2050.699951171875,2065.800048828125,3289328,0.0,0.0,2131.165002441406,2104.18298828125,2112.876362423179,2087.382237861789,41.41669911127482,-11.061664984783874,-10.320522495746797,-0.7411424890370777
2025-05-23 00:00:00+05:30,2065.800048828125,2109.300048828125,2065.800048828125,2100.800048828125,1650953,0.0,0.0,2125.0550048828127,2107.764990234375,2111.7262373188883,2087.9084265271354,48.01613102993717,-10.371370720970845,-7.704182585547013,-2.667188135423831
2025-05-26 00:00:00+05:30,2090.10009765625,2112.0,2085.10009765625,2089.300048828125,2040285,0.0,0.0,2119.300012207031,2110.8429907226564,2109.5904098435776,2087.9629999507038,46.1755323553408,-10.629728540251563,-6.370032323862185,-4.2596962163893775
2025-05-27 00:00:00+05:30,2090.0,2099.0,2061.199951171875,2077.39990234375,3459940,0.0,0.0,2111.890002441406,2113.9559887695314,2106.5246472245462,2087.548760828862,44.28381553613046,-11.660308562199134,-5.920489876647805,-5.739818685551329
2025-05-28 00:00:00+05:30,2075.0,2080.39990234375,2063.39990234375,2074.300048828125,1634636,0.0,0.0,2105.3550048828124,2116.7379907226564,2103.4556378534585,2087.0292034955,43.78066250781317,-12.582143805003398,-5.473860095561655,-7.108283709441743
2025-05-29 00:00:00+05:30,2077.300048828125,2096.0,2055.0,2081.60009765625,4987382,0.0,0.0,2099.0300048828126,2118.718991699219,2101.3741578346767,2086.8162973841568,45.355271076749986,-12.57865306245003,-4.376295482406629,-8.202357580043401
2025-05-30 00:00:00+05:30,2081.60009765625,2090.199951171875,2065.5,2074.699951171875,9807728,0.0,0.0,2093.6800048828127,2120.5109912109374,2098.833757200124,2086.3411465523027,44.098016650935904,-12.983010712337546,-3.824522505835315,-9.15848820650223
2025-06-02 00:00:00+05:30,2067.0,2075.800048828125,2051.199951171875,2063.60009765625,2701140,0.0,0.0,2092.6150146484374,2121.920993652344,2095.4781705768983,2085.449340713242,42.0773822621494,-14.037319000961816,-3.9030646355676666,-10.134254365394149
2025-06-03 00:00:00+05:30,2070.0,2075.800048828125,2034.199951171875,2044.5,6463818,0.0,0.0,2091.1400146484375,2122.948994140625,2090.6231067124318,2083.8434842146835,38.784124677624376,-16.227029080001557,-4.874219771685926,-11.352809308315631
2025-06-04 00:00:00+05:30,2047.0999755859373,2058.5,2040.800048828125,2046.300048828125,2331114,0.0,0.0,2088.7100219726562,2123.443994140625,2086.4018631044023,2082.371192630897,39.26655906490431,-17.61409685273202,-5.009030035533108,-12.60506681719891
2025-06-05 00:00:00+05:30,2054.800048828125,2056.39990234375,2034.199951171875,2039.9000244140625,3725332,0.0,0.0,2085.075018310547,2123.528994140625,2081.9731165624653,2080.7056566223937,38.11637380443104,-19.010643672343576,-5.1244614841157325,-13.886182188227844
2025-06-06 00:00:00+05:30,2043.9000244140625,2084.89990234375,2033.800048828125,2073.39990234375,4424324,0.0,0.0,2083.590008544922,2123.4169921875,2081.1566199702065,2080.419156454604,46.886332014081255,-17.21580383950186,-2.663697321019212,-14.552106518482647
2025-06-09 00:00:00+05:30,2111.0,2142.39990234375,2090.0,2141.300048828125,3964510,0.0,0.0,2083.4050109863283,2122.7199951171874,2086.8845655757223,2082.8066424300364,59.43473058298996,-10.196862896618313,3.4841948974914683,-13.681057794109782
