Date,Open,High,Low,Close,Volume,Dividends,Stock Splits,SMA_20,SMA_50,EMA_20,EMA_50,RSI_14,MACD_12_26_9,MACDh_12_26_9,MACDs_12_26_9
2020-06-09 00:00:00+05:30,173.19389720903436,176.23886470305752,169.18008858105895,170.195068359375,96654191,0.0,0.0,,,,,,,,
2020-06-10 00:00:00+05:30,170.2873419350615,174.3934277622331,169.59530452330662,173.1938934326172,67333317,0.0,0.0,,,,,,,,
2020-06-11 00:00:00+05:30,173.47070855048648,175.6852226022949,162.72106655138018,163.459228515625,91726802,0.0,0.0,,,,,,,,
2020-06-12 00:00:00+05:30,156.86182103496756,166.08898697820092,156.67728053201046,165.30467224121094,92758901,0.0,0.0,,,,,,,,
2020-06-15 00:00:00+05:30,164.10514581897712,164.10514581897712,158.70724831145287,160.27586364746094,63613412,0.0,0.0,,,,,,,,
2020-06-16 00:00:00+05:30,164.24356505336516,165.12014306218043,156.30819616616233,159.53770446777344,63925976,0.0,0.0,,,,,,,,
2020-06-17 00:00:00+05:30,157.7845372484296,162.58266071142162,156.16978321226145,159.58383178710938,73866905,0.0,0.0,,,,,,,,
2020-06-18 00:00:00+05:30,159.07632677520422,166.68873827379997,157.87680652996428,165.76602172851562,58261857,0.0,0.0,,,,,,,,
2020-06-19 00:00:00+05:30,166.36580407352952,170.65643058729367,165.62762798526424,170.2412109375,76895151,0.0,0.0,,,,,,,,
2020-06-22 00:00:00+05:30,170.702561566207,176.93089827200103,170.0105241544521,173.1938934326172,80023958,0.0,0.0,,,,,,,,
2020-06-23 00:00:00+05:30,174.94706376181597,178.17657169143098,173.33230979700846,177.57679748535156,65487085,0.0,0.0,,,,,,,,
2020-06-24 00:00:00+05:30,179.74518683309515,179.83745004041245,169.6875679860538,170.33348083496094,74668987,0.0,0.0,,,,,,,,
2020-06-25 00:00:00+05:30,168.11896948055607,172.36347166870377,166.4580767078227,170.93325805664062,73620385,0.0,0.0,,,,,,,,
2020-06-26 00:00:00+05:30,173.47071147449327,174.0243470365459,169.5953047787365,170.33348083496094,49176958,0.0,0.0,,,,,,,,
2020-06-29 00:00:00+05:30,168.85712921270266,168.94940649982505,164.70490472386572,165.39694213867188,50966428,0.0,0.0,,,,,44.26343824851885,,,
2020-06-30 00:00:00+05:30,167.1039750376217,168.76485358586618,163.55151064151983,164.6587677001953,43613239,0.0,0.0,,,,,43.20399808929624,,,
2020-07-01 00:00:00+05:30,165.5814814736915,171.07164211012798,164.79718085679323,170.5180206298828,54012853,0.0,0.0,,,,,52.85061892564508,,,
2020-07-02 00:00:00+05:30,171.3023230881722,173.47071262783504,169.7798464017109,171.11778259277344,52127276,0.0,0.0,,,,,53.71717889556369,,,
2020-07-03 00:00:00+05:30,172.22502984053332,172.4095844049633,169.2262012025203,170.4257354736328,38048810,0.0,0.0,,,,,52.517761716853656,,,
2020-07-06 00:00:00+05:30,172.1789246961322,175.17775367233276,171.76369095887392,173.51686096191406,43773740,0.0,0.0,168.27812576293945,,168.27812576293945,,57.122952196465874,,,
2020-07-07 00:00:00+05:30,172.54800086407138,174.57797452891762,169.82598976260454,174.02435302734375,55124494,0.0,0.0,168.4695899963379,,168.8253855024065,,57.845812607812064,,,
2020-07-08 00:00:00+05:30,174.30115569008754,182.19038523602293,173.8397974017818,177.06930541992188,143063102,0.0,0.0,168.66336059570312,,169.61052073264605,,61.98676578967392,,,
2020-07-09 00:00:00+05:30,177.89977291478257,185.4660466279763,177.66909375230995,183.712890625,89539723,0.0,0.0,169.67604370117186,,170.9536035795369,,69.11542580296232,,,
2020-07-10 00:00:00+05:30,182.697897516796,186.85012246035956,179.745207039503,180.4833831787109,111406477,0.0,0.0,170.4349792480469,,171.8612016366011,,62.936744175152526,,,
2020-07-13 00:00:00+05:30,183.43607229748184,184.3587889447735,176.79251525288993,177.8074951171875,61949761,0.0,0.0,171.3115608215332,,172.42751530141885,,58.287200201127746,,,
2020-07-14 00:00:00+05:30,177.43841145504763,177.43841145504763,170.333496192321,171.6714324951172,62239932,0.0,0.0,171.9182472229004,,172.35550741510443,,49.294132902889594,3.9209495588165737,,
2020-07-15 00:00:00+05:30,173.4245744853408,175.27000760373662,168.85713033321858,169.59530639648438,58527305,0.0,0.0,172.41882095336913,,172.0926311276168,,46.67037038063452,3.253745019329841,,
2020-07-16 00:00:00+05:30,170.7025916592387,172.5018864310903,167.61148504332309,171.85598754882812,46546803,0.0,0.0,172.72331924438475,,172.07009364392266,,49.80346357608637,2.874265941920868,,
2020-07-17 00:00:00+05:30,172.3634605937754,174.85479255302977,170.70256792775993,173.65525817871094,47035238,0.0,0.0,172.8940216064453,,172.22106169485488,,52.209953563873334,2.687729667224488,,
2020-07-20 00:00:00+05:30,175.3161717086132,178.31500096152368,174.16277584210917,176.00820922851562,45672856,0.0,0.0,173.03473739624025,,172.5817424123464,,55.23250816727283,2.6986534141878167,,
2020-07-21 00:00:00+05:30,177.57680410655942,181.03699130302212,176.70022616602975,179.3760986328125,59281860,0.0,0.0,173.12470245361328,,173.22882395715268,,59.209255073897175,2.9451215625595353,,
2020-07-22 00:00:00+05:30,180.57563924532587,181.54449450969696,175.40843463457713,177.16159057617188,62276152,0.0,0.0,173.46610794067382,,173.60337315896405,,55.7052445605855,2.9280048359671014,,
2020-07-23 00:00:00+05:30,177.53067564059748,183.71288838304935,176.37727984230995,182.92857360839844,70801412,0.0,0.0,174.0658737182617,,174.4914874874816,,62.010410197269756,3.341270949202311,,
2020-07-24 00:00:00+05:30,180.57563523718375,181.12927082726085,175.91591360590516,177.11544799804688,65265493,0.0,0.0,174.40497207641602,,174.74138848848781,,53.71090205890936,3.1632526593248826,0.07292003615450282,3.09033262317038
2020-07-27 00:00:00+05:30,178.08431469812382,178.26885521350945,172.08665643108856,172.68641662597656,50697767,0.0,0.0,174.76944580078126,,174.54567688253437,,48.396157842457534,2.6344181329102128,-0.36473159220813356,2.9991497251183463
2020-07-28 00:00:00+05:30,173.47073369043224,175.77752536184755,171.39462118615845,174.8086700439453,51488617,0.0,0.0,175.27694091796874,,174.57072385028778,,50.903115641713406,2.359363797888676,-0.5118287417837362,2.8711925396724123
2020-07-29 00:00:00+05:30,173.10162975915296,180.1604057082237,172.54799419942552,176.42340087890625,73763368,0.0,0.0,175.57220993041992,,174.74716928158477,,52.782666256073995,2.2457884875081504,-0.5003232417314099,2.7461117292395603
2020-07-30 00:00:00+05:30,177.622958600219,178.54567526827208,171.6714389071844,172.13279724121094,48472816,0.0,0.0,175.6229606628418,,174.49818146821582,,47.571338319800105,1.7889415753709557,-0.765736123094884,2.5546776984658397
2020-07-31 00:00:00+05:30,173.470728907862,179.7913435450969,172.2711944558893,176.6540985107422,145892485,0.0,0.0,175.93437881469725,,174.70350690083737,,52.853768837701566,1.7712998899226875,-0.626702246834522,2.3980021367572095
2020-08-03 00:00:00+05:30,177.16156331274382,179.560631781085,175.36226900125598,177.39224243164062,72454278,0.0,0.0,176.1281478881836,,174.95957695139006,,53.674400657257685,1.7961755786041635,-0.48146124652243705,2.2776368251266006
2020-08-04 00:00:00+05:30,178.40728047827625,178.8225001794664,175.77753223817282,176.7925262451172,43866676,0.0,0.0,176.26655654907228,,175.13414355079263,,52.869219364973624,1.7473552334484168,-0.4242252733425471,2.171580506790964
2020-08-05 00:00:00+05:30,177.8536329627149,181.63677683135077,176.2388788372428,176.6540985107422,68888892,0.0,0.0,176.24579620361328,,175.27890116602592,,52.67280423621179,1.6781501268554564,-0.3947443039484062,2.0728944308038626
2020-08-06 00:00:00+05:30,177.43840681926417,179.46838054421656,175.54683495391876,176.19273376464844,59740172,0.0,0.0,175.8697883605957,,175.36593284208521,,51.979679160198174,1.5680013584477592,-0.4039144578848828,1.971915816332642
2020-08-07 00:00:00+05:30,176.65410020977455,177.25387448129877,174.90094420278726,175.91592407226562,44822338,0.0,0.0,175.64141540527345,,175.41831295924527,,51.5414478982745,1.4417518196083279,-0.4241311973794515,1.8658830169877794
2020-08-10 00:00:00+05:30,177.0231847004732,180.3910946464563,176.88476876325188,178.82247924804688,48784530,0.0,0.0,175.6921646118164,,175.74251927246445,,55.7591436486264,1.5582700944305827,-0.2460903380457573,1.80436043247634
2020-08-11 00:00:00+05:30,179.92975246340845,181.59064530205544,178.77635661428403,179.97589111328125,43890305,0.0,0.0,176.1073875427246,,176.14569754301843,,57.34570936179493,1.7238113406555158,-0.06443927345665945,1.7882506141121752
2020-08-12 00:00:00+05:30,180.85245336631172,188.46486530647536,179.5606557597961,187.5882873535156,157818228,0.0,0.0,177.00703659057618,,177.235468001161,,66.00959218283542,2.4411210046891085,0.5222963124615465,1.918824692227562
2020-08-13 00:00:00+05:30,189.61824817457568,191.27914075551587,185.2353446279614,186.2964630126953,70443118,0.0,0.0,177.72906036376952,,178.09841990702142,,63.64696967123895,2.872245198556726,0.7627364050633312,2.109508793493395
2020-08-14 00:00:00+05:30,187.3114701676308,188.23418676944175,179.56065634423368,181.31381225585935,56169088,0.0,0.0,178.11198806762695,,178.4046477497679,,55.40918033604778,2.779812011456869,0.536242574370779,2.24356943708609
2020-08-17 00:00:00+05:30,183.1130998924129,183.29764038989248,176.7002225681197,178.17657470703125,54787889,0.0,0.0,178.22040634155275,173.7170852661133,178.38292650760252,173.7170852661133,50.93871647783472,2.425450114404242,0.14550454185452155,2.2799455725497206
2020-08-18 00:00:00+05:30,178.82248400911834,180.62177860459747,176.88477347273263,180.0220184326172,46294169,0.0,0.0,178.25270233154296,173.91362426757811,178.53903050046105,173.96433754715267,53.32432697338005,2.2673905764251003,-0.010043996899696594,2.277434573324797
2020-08-19 00:00:00+05:30,181.22153009849168,184.8201331966633,180.76017180997252,181.82130432128903,59296062,0.0,0.0,178.48568801879884,174.08617248535157,178.85162800720659,174.27245389123644,55.59162973550073,2.2612483246668376,-0.012948998926367583,2.274197323593205
2020-08-20 00:00:00+05:30,179.00702868009867,181.17541842221428,178.314991198088,179.69906616210938,37504602,0.0,0.0,178.32421264648437,174.41096923828124,178.9323364029116,174.4852622155844,52.36087175790121,2.0613714557516687,-0.17026069427322943,2.231632150024898
2020-08-21 00:00:00+05:30,183.6206064261346,185.92739796415137,182.37493336379023,183.0669708251953,68041871,0.0,0.0,178.6217887878418,174.76621520996093,179.32611110979576,174.82179980811816,56.66499072256243,2.149946116126955,-0.06534882711835444,2.2152949432453095
2020-08-24 00:00:00+05:30,184.5433047015477,187.12691378327676,183.2515072004516,185.88124084472656,53850253,0.0,0.0,179.2815299987793,175.27832275390625,179.95040917978918,175.25550337818123,59.92337471303574,2.4193415796186173,0.1632373090986463,2.256104270519971
2020-08-25 00:00:00+05:30,188.23419361499467,192.34027982647288,187.03465917310908,191.87892150878903,105394375,0.0,0.0,180.1350425720215,175.92514709472655,181.08645797302725,175.90740212840115,65.8215536568167,3.0812830176114403,0.6601429976731756,2.4211400199382647
2020-08-26 00:00:00+05:30,192.38640706245232,194.09343836844263,190.2180174661444,193.632080078125,66749637,0.0,0.0,180.99547653198243,176.60611206054688,182.28127912589372,176.60248753819423,67.33488336263314,3.7046368732210624,1.0267974826262378,2.6778393905948246
2020-08-27 00:00:00+05:30,194.23182601399665,199.7681250927804,194.23182601399665,198.9838104248047,80997993,0.0,0.0,182.3380271911621,177.27046783447267,183.87199639245668,177.48018647492404,71.48543397227967,4.577720099736155,1.519904567313064,3.0578155324230907
2020-08-28 00:00:00+05:30,200.22950819672133,208.44168055085444,200.0449676871021,207.47283935546875,95974037,0.0,0.0,183.87896423339845,178.01510040283202,186.11969572226735,178.65636894082778,76.5708501931387,5.886779407289737,2.2631710998933166,3.6236083073964203
2020-08-31 00:00:00+05:30,213.6550335342972,213.6550335342972,194.093444248154,195.6159210205078,119986476,0.0,0.0,184.7901481628418,178.46354095458983,187.0240981316236,179.32144941454072,60.37465805975475,5.899458833412751,1.8206804208130647,4.078778412599687
2020-09-01 00:00:00+05:30,196.6309086806484,201.98265357695837,194.87773873225572,201.24449157714844,75048313,0.0,0.0,186.01274642944335,178.93689483642578,188.37842131691167,180.1811765581724,64.24136575920208,6.2911653360797,1.7699095387840114,4.521255797295689
2020-09-02 00:00:00+05:30,201.38290888615427,202.0749463737356,195.89274763391717,199.5374755859375,47608088,0.0,0.0,187.15691528320312,179.5209747314453,189.44118839015223,180.94024710828083,62.257181791563305,6.390191487462005,1.4951485521330525,4.895042935328952
2020-09-03 00:00:00+05:30,200.6908552066512,201.38289263839823,195.89273182911236,196.67703247070312,38594129,0.0,0.0,188.18113021850587,180.03585021972657,190.13031639782375,181.5573759460229,58.97032271240261,6.166769887615061,1.0173815618288868,5.149388325786174
2020-09-04 00:00:00+05:30,193.7704858099913,195.89273680381783,189.9873421218858,190.6332550048828,54435758,0.0,0.0,188.91699676513673,180.441845703125,190.17821531278176,181.91329277186054,52.64596338045697,5.439323196585633,0.23194789663956694,5.207375299946066
2020-09-07 00:00:00+05:30,191.46369791589447,193.4475330094728,189.52598738950869,191.8327789306641,35687359,0.0,0.0,189.56751174926757,180.97056243896483,190.3357928001991,182.30229222906854,53.70712687619338,4.903088259555545,-0.24342963231241654,5.146517891867962
2020-09-08 00:00:00+05:30,191.83276956610615,192.38640514077235,187.2191867090133,188.2803192138672,34146789,0.0,0.0,189.98273315429688,181.44299346923827,190.14003341102463,182.53672465984496,50.124663982171235,4.143698422541803,-0.8022555754609275,4.9459539980027305
2020-09-09 00:00:00+05:30,185.5583148390082,185.8351185567908,177.62294640668645,179.7913360595703,72715826,0.0,0.0,189.5928855895996,181.62845977783203,189.1544431870766,182.429062361795,42.781012858716934,2.824329399210569,-1.697299679033729,4.521629078244298
2020-09-10 00:00:00+05:30,182.42106879852395,185.8812560446247,180.11427730112345,182.83628845214844,67789617,0.0,0.0,189.41987686157228,181.86282989501953,188.55271416470248,182.4450320123971,45.84581274662433,2.00135181510592,-2.016221810510702,4.017573625616622
2020-09-11 00:00:00+05:30,183.20538443732443,188.09578525168843,181.77517088601925,187.0346527099609,48487971,0.0,0.0,189.70591888427734,182.1950082397461,188.40813688329854,182.62501713779176,49.835533055844316,1.6686736280105947,-1.879119998084822,3.547793626095417
2020-09-14 00:00:00+05:30,189.9873377676556,190.2641555569475,182.0981222898312,183.15924072265625,63605531,0.0,0.0,189.9550521850586,182.38785583496093,187.9082420108564,182.64596708229627,46.43477160922886,1.0798624268488197,-1.9743449593972775,3.0542073862460972
2020-09-15 00:00:00+05:30,184.4510530148446,185.4660469633751,181.86745765411015,184.6817321777344,51761038,0.0,0.0,190.18803787231445,182.60100341796874,187.6009553600829,182.72580100760757,47.93784730042402,0.7276892949835769,-1.8612144730100164,2.5889037679935933
2020-09-16 00:00:00+05:30,184.40492189901656,184.58946240686893,181.08313643952087,182.88243103027344,52404964,0.0,0.0,190.24109420776367,182.71726593017578,187.15157209057725,182.73194336143763,46.284856310264736,0.29994342440875243,-1.8311682748678728,2.1311116992766252
2020-09-17 00:00:00+05:30,181.77516898064965,182.6978855744601,179.92973579302884,180.34495544433597,41223296,0.0,0.0,190.273388671875,182.6499072265625,186.50332288617332,182.6383359921395,43.98158280325786,-0.24102297021224217,-1.897707735591094,1.656684765378852
2020-09-18 00:00:00+05:30,180.85245607077164,181.9597131899912,175.03933859544634,177.71522521972656,55286316,0.0,0.0,190.00580139160155,182.5945440673828,185.6663612036546,182.4452728245939,41.66740332633906,-0.8718893888133437,-2.0228593233537566,1.1509699345404127
2020-09-21 00:00:00+05:30,178.13042973595864,178.5456493604243,170.01052141942213,171.44073486328125,57611375,0.0,0.0,189.2837760925293,182.4672088623047,184.31153964742856,182.01372231630714,36.70488632020755,-1.8567510342279263,-2.4061767750146714,0.549425740786745
2020-09-22 00:00:00+05:30,171.7637063202661,173.74755565274378,167.15012286734958,171.80984497070312,51210889,0.0,0.0,188.280322265625,182.4699771118164,183.120902059169,181.61357026353835,37.17888093224093,-2.5777620466048177,-2.50175022991325,-0.07601181669156754
2020-09-23 00:00:00+05:30,173.6091149812729,174.3472910445387,167.01169721482276,169.59530639648438,44320497,0.0,0.0,187.07848358154297,182.4699771118164,181.83275009129426,181.1422657981637,35.46298665968189,-3.289938856563083,-2.5711416318972122,-0.7187972246658707
2020-09-24 00:00:00+05:30,167.10397295144406,167.74987172097968,161.9367546360846,162.7210693359375,46114798,0.0,0.0,185.2653465270996,182.2872787475586,180.01259001935554,180.41986593689992,30.722937109123027,-4.358792147182953,-2.911995938013666,-1.4467962091692872
2020-09-25 00:00:00+05:30,165.16626728893272,168.626454452807,162.53651941257323,168.11895751953125,46550127,0.0,0.0,183.29765243530272,182.176552734375,178.87986311461037,179.93747737151293,37.7581046493982,-4.715939204707496,-2.6153143964305667,-2.100624808276929
2020-09-28 00:00:00+05:30,169.7798575183578,173.60912584687503,169.18009734915717,172.7786865234375,41921548,0.0,0.0,182.15579071044922,182.11196228027345,178.29879867735582,179.65674047550996,43.12731218219494,-4.570296104682001,-1.9757370371240572,-2.5945590675579435
2020-09-29 00:00:00+05:30,173.93208787644082,174.34730755148482,169.08782548200415,170.74871826171875,35688726,0.0,0.0,180.63100204467773,181.93941467285157,177.5797433996761,179.30740627104757,41.44980961693937,-4.566039906398203,-1.577184671072207,-2.9888552353259956
2020-09-30 00:00:00+05:30,170.74871290499627,172.36346698581715,168.30350542060168,171.0716552734375,37641083,0.0,0.0,179.20771102905275,181.81761596679686,176.95992548289146,178.98443564369032,41.837395458861224,-4.4849092782450555,-1.196843234335248,-3.2880660439098075
2020-10-01 00:00:00+05:30,172.54798921156322,176.4233957790172,172.45571192776373,175.59295654296875,43588724,0.0,0.0,178.15350723266602,181.67090362548828,176.8297379648036,178.85143646326986,47.11572449585514,-4.009561712997254,-0.5771965352699571,-3.4323651777272968
2020-10-05 00:00:00+05:30,177.16159457781455,178.82248734288927,172.594150033513,174.1627655029297,41694686,0.0,0.0,177.32998275756836,181.61184997558593,176.5757405874823,178.66756701384475,45.70282601413534,-3.7055347096523974,-0.21853562554008032,-3.486999084112317
2020-10-06 00:00:00+05:30,176.33116789278603,177.25388459744835,173.7475583038236,176.7925262451172,31098726,0.0,0.0,176.577970123291,181.69397216796875,176.59638684059038,178.5940360033064,48.746350153458174,-3.2153271155222285,0.21733757487207095,-3.4326646903942994
2020-10-07 00:00:00+05:30,177.66908271971397,178.22270422754715,174.48571329117527,175.96205139160156,34578053,0.0,0.0,175.96205673217773,181.71703979492187,176.5359739406867,178.49082092049446,47.834474822802285,-2.8608681384582724,0.4574372415488219,-3.3183053800070943
2020-10-08 00:00:00+05:30,176.56183922113536,180.6679255584676,175.82366307430803,176.7002410888672,43351606,0.0,0.0,175.80750198364257,181.72257659912108,176.55161843098958,178.42060210356792,48.752162880730474,-2.491668700367512,0.6613093437116659,-3.152978044079178
2020-10-09 00:00:00+05:30,177.16159842238127,183.4360745157484,175.82366208353668,182.97471618652344,64907230,0.0,0.0,175.81442337036134,181.93941497802734,177.16334202675472,178.59919481270342,55.86000650829625,-1.6734868684278865,1.1835929405210335,-2.85707980894892
2020-10-12 00:00:00+05:30,184.2665124275613,190.0334914975247,182.00585944804345,183.3437957763672,69122798,0.0,0.0,175.62988052368163,182.07320892333985,177.75195666957495,178.7852575955922,56.244441462502635,-0.9839478947163798,1.4985055313860323,-2.482453426102412
2020-10-13 00:00:00+05:30,183.2976490018237,184.5433220575273,180.02201629893312,180.5756378173828,34948525,0.0,0.0,175.50070037841797,182.13687683105468,178.02087868365192,178.85546858468206,52.547853008908675,-0.653319443155226,1.4633071863577491,-2.116626629512975
2020-10-14 00:00:00+05:30,179.05316257126972,185.37376295799268,178.13044595310242,184.58946228027344,40548275,0.0,0.0,175.49608688354493,182.29281555175783,178.64645807380634,179.08033108254838,56.964572391809156,-0.06664369696471795,1.639986346038606,-1.7066300430033239
2020-10-15 00:00:00+05:30,185.4660424897722,186.85011743372573,177.16159282605108,177.94590759277344,49184123,0.0,0.0,175.24926071166993,182.31865173339844,178.57973898037466,179.03584388687094,48.85849337240049,-0.13620815924318208,1.2563375070081135,-1.3925456662512956
2020-10-16 00:00:00+05:30,179.00702558422785,181.5444963077156,176.7925113119084,180.8063201904297,36893126,0.0,0.0,175.2723289489746,182.41092346191405,178.79179433371326,179.10527433014775,52.023997614615425,0.0390230608273896,1.145254981662948,-1.1062319208355584
2020-10-19 00:00:00+05:30,181.036984713174,188.78781219883868,180.8985828621685,188.2341766357422,60220779,0.0,0.0,175.79827651977538,182.6572885131836,179.6910688386684,179.4632704989946,59.10311501661763,0.768403327906725,1.4997081989938268,-0.7313048710871017
2020-10-20 00:00:00+05:30,185.4660331695484,188.5571393541893,185.18921537876096,187.35760498046875,39316753,0.0,0.0,176.59412002563477,182.82799102783204,180.4212151378875,179.77285224336615,58.01517421894798,1.2611724270165041,1.5939818384828848,-0.33280941146638054
2020-10-21 00:00:00+05:30,188.88008748616767,191.2791563069688,183.4822037586725,188.0035095214844,54515523,0.0,0.0,177.40380325317383,182.9885433959961,181.14333841251576,180.09562311701785,58.619616727094105,1.6843978962346,1.6137658461607844,0.07063205007381557
2020-10-22 00:00:00+05:30,186.2964756674621,188.78782174787324,185.55831365204625,187.5882873535156,33721637,0.0,0.0,178.3034523010254,182.9885433959961,181.75714307356336,180.3894530870766,58.0411273872401,1.963666248789906,1.5144273589728723,0.44923888981703364
2020-10-23 00:00:00+05:30,188.23417967193757,189.7105318109834,185.97352689864772,187.12692260742188,32707020,0.0,0.0,179.52374496459962,183.00515258789062,182.26855064821655,180.65366757807053,57.363738001660195,2.123284251829574,1.3392362896100323,0.7840479622195418
2020-10-26 00:00:00+05:30,187.03465164000409,188.23418603357663,180.48337224047984,181.49835205078125,45470123,0.0,0.0,180.1927146911621,183.00884338378907,182.19519840084175,180.68679245935328,49.737278665624316,1.7751413408399799,0.7928747028963505,0.9822666379436293
2020-10-27 00:00:00+05:30,182.00584980365429,182.28266760025187,177.39226679215483,179.60678100585938,37794381,0.0,0.0,180.53411941528321,183.03744750976563,181.94868245846249,180.6444390690202,47.45395661608753,1.3312557136511032,0.279191260565979,1.0520644530851242
2020-10-28 00:00:00+05:30,179.92974787704932,179.92974787704932,174.43958659106764,175.73138427734375,46458319,0.0,0.0,180.78325271606445,182.95163482666015,181.35655882216548,180.45177025366036,43.08945784941814,0.6591626118562601,-0.3143214729830912,0.9734840848393513
2020-10-29 00:00:00+05:30,174.7163971739662,175.96205616000037,171.5330135796231,174.1166229248047,44822673,0.0,0.0,180.9355010986328,182.79754119873047,180.66704111765495,180.20333310350918,41.3816212768217,-0.0037307537052697626,-0.7817718708356969,0.7780411171304271
2020-10-30 00:00:00+05:30,174.71639228122532,177.16158561756936,171.7636879239689,174.62411499023438,41519686,0.0,0.0,180.8870590209961,182.69604217529297,180.09152434361488,179.98454023632192,42.157560091630614,-0.4825654394106209,-1.0084852452328383,0.5259198058222175
2020-11-02 00:00:00+05:30,177.3461106293155,182.00583182658795,175.36227576213312,180.8985748291016,52600119,0.0,0.0,181.22384948730468,182.6526742553711,180.16838629461364,180.02038473015642,50.824643268682614,-0.3516947879093095,-0.7020916749852216,0.3503968870759121
2020-11-03 00:00:00+05:30,182.69788670801853,189.89507900030264,182.32880570001956,188.9262237548828,69890201,0.0,0.0,181.83053436279297,182.7135739135742,181.00246605273452,180.36963331936138,59.23975452129698,0.3952293666102378,0.03586598362746052,0.35936338298277726
2020-11-04 00:00:00+05:30,187.7728115210787,192.8477523729997,182.74400931099152,191.0023193359375,117577856,0.0,0.0,182.58254776000976,182.6960418701172,181.95483303208718,180.7866013984428,61.0940218148136,1.1415367777098595,0.6257387157816658,0.5157980619281937
2020-11-05 00:00:00+05:30,199.3067902276194,203.92037333474025,198.1533944508392,201.75198364257807,138023646,0.0,0.0,183.83513488769532,182.85843994140626,183.84027594737205,181.608773251154,68.9663132117221,2.5707646737996015,1.6439732894971262,0.9267913843024753
2020-11-06 00:00:00+05:30,202.07493520409432,204.70468314336003,200.27564065174627,202.2594757080078,73147085,0.0,0.0,184.79937286376952,182.9239532470703,185.594485448385,182.4186047200502,69.28231701824474,3.701717353462044,2.2199407753276548,1.4817765781343892
2020-11-09 00:00:00+05:30,205.30445055429377,205.4428524172341,200.2756477274109,202.5363006591797,60359458,0.0,0.0,185.75899810791014,182.82522247314452,187.20799165893686,183.2075339725651,69.46496631471089,4.567689479177545,2.468730320834525,2.0989591583430203
2020-11-10 00:00:00+05:30,205.85807245714588,216.8383940114422,205.76579516830472,213.79342651367188,135294550,0.0,0.0,187.4198875427246,183.18877258300782,189.73993783557827,184.40698073888302,75.77348585262493,6.0921085691514065,3.194519528646709,2.8975890405046973
2020-11-11 00:00:00+05:30,214.7622986688433,220.85223414475917,210.1487154536157,216.1002349853516,107094861,0.0,0.0,188.99542617797852,183.48588745117186,192.25044232603287,185.64985345443083,76.829880104931,7.4010471807560805,3.6027665122011063,3.798280668554974
2020-11-12 00:00:00+05:30,215.1775214725116,215.31593741870515,208.2110079002678,209.2721405029297,58859905,0.0,0.0,190.56173782348634,183.6805807495117,193.87155643811826,186.57621765241117,67.45393497518072,7.797535169247368,3.1994036005539153,4.598131568693453
2020-11-13 00:00:00+05:30,207.6112297240816,212.8245727497824,203.08992413079443,211.71731567382807,70676525,0.0,0.0,192.10728759765624,183.98138641357423,195.5711525558049,187.56214306501576,68.91680484614902,8.21436981580942,2.892990597692773,5.321379218116647
2020-11-14 00:00:00+05:30,214.07024504825205,214.9006843325725,210.1486996109457,211.90185546875,7753219,0.0,0.0,193.29067153930663,184.40675842285157,197.126457595133,188.5166415906524,69.02994426258627,8.462059738314082,2.5125444161579473,5.9495153221561345
2020-11-17 00:00:00+05:30,213.93184536662977,222.9283320494611,213.1475306393884,221.6365203857422,80501583,0.0,0.0,195.0046173095703,185.00283325195312,199.46074928947672,189.81546036693044,74.33657179909417,9.336239531508681,2.709379367482037,6.6268601640266445
2020-11-18 00:00:00+05:30,220.8983471819056,233.4472985040574,219.514272289589,232.5245819091797,104514060,0.0,0.0,197.23067092895508,185.88771850585937,202.60968572944844,191.49032787839118,78.72710661544932,10.783305650194563,3.325156388934335,7.458149261260228
2020-11-19 00:00:00+05:30,228.8337257234098,232.3400517560472,220.5292759995764,221.2213134765625,82284278,0.0,0.0,198.9123222351074,186.7163180541992,204.38222170536406,192.65624888224104,66.08684817336008,10.892475006104945,2.747460595875774,8.145014410229171
2020-11-20 00:00:00+05:30,222.83607559911252,226.43466497697204,215.8695619311414,223.98947143554688,84411129,0.0,0.0,200.75544967651368,187.5393817138672,206.24957882252434,193.88500270786088,67.46456447824796,11.07469750098386,2.3437464726037494,8.73095102838011
2020-11-23 00:00:00+05:30,224.6814837373077,227.1266770044819,219.69881991457868,220.25244140625,57538324,0.0,0.0,202.69315414428712,188.20373748779298,207.58318478287916,194.9190199117193,63.70215409091194,10.793146376389728,1.6497562784076933,9.143390097982035
2020-11-24 00:00:00+05:30,221.91334922808736,226.06557405771892,220.9906325992804,225.00445556640625,47636611,0.0,0.0,204.96303787231446,189.04064178466797,209.24235342892936,196.09884091778545,66.27755762138017,10.828637122017739,1.3481976192285625,9.480439502789176
2020-11-25 00:00:00+05:30,226.480791451786,230.5868775928604,222.92834091425487,224.2201385498047,74767232,0.0,0.0,207.3874755859375,189.83140991210936,210.66880915472703,197.20163690335485,65.45211533039875,10.67047339009406,0.9520271098439075,9.718446280250152
2020-11-26 00:00:00+05:30,225.1428377468814,227.21894998020304,221.59037340471616,226.48077392578125,64248318,0.0,0.0,210.00568313598632,190.70337677001953,212.17471056149412,198.34983835521473,66.73797185214667,10.60529068550133,0.7094755242009416,9.895815161300389
2020-11-27 00:00:00+05:30,226.48077695413056,227.21895301842275,223.3435462803104,225.3735198974609,54355703,0.0,0.0,212.54315338134765,191.60394805908203,213.4317400220624,199.40959057255773,65.4529755484989,10.34503564476637,0.3593763867727837,9.985659257993586
2020-12-01 00:00:00+05:30,226.06556388775851,229.71029159167404,225.37352644728583,228.87985229492188,37003272,0.0,0.0,214.94221725463868,192.62724060058594,214.9029888099538,200.56528711068967,67.58165474582519,10.302947406440808,0.25383051875777696,10.04911688768303
2020-12-02 00:00:00+05:30,229.15667988925853,231.4634714561746,225.2351342255012,227.8648681640625,56723083,0.0,0.0,216.88914947509767,193.75572326660156,216.1374535103451,201.6358589167043,66.30798667653278,10.071592389832972,0.017980401719952965,10.053611988113019
2020-12-03 00:00:00+05:30,230.0332465452772,238.9835945684185,228.83371217362085,236.49224853515625,79266442,0.0,0.0,219.16364593505858,195.04937133789062,218.07600541746996,203.0027761566436,71.26522324262194,10.463779430471533,0.3281339538868089,10.135645476584724
2020-12-04 00:00:00+05:30,237.13817560242973,243.9201485131473,233.95480602211805,243.1358337402344,79252024,0.0,0.0,221.23283843994142,196.52018188476563,220.46265573392373,204.57662155207854,74.39007381200058,11.181775738721967,0.8369042097097932,10.344871529012174
2020-12-07 00:00:00+05:30,243.41260118928565,250.47140493437865,242.6744392536641,248.76437377929688,76053084,0.0,0.0,223.55808334350587,198.24104797363282,223.15805745253067,206.3094745805969,76.70172899551065,12.065881160111502,1.3768077048794627,10.68907345523204
2020-12-08 00:00:00+05:30,250.01007856561063,252.54754926160783,244.75058258664035,250.8866424560547,65617502,0.0,0.0,225.9756004333496,199.89640167236328,225.7988750719139,208.057598811007,77.52547722291632,12.790351214786426,1.68102220764351,11.109329007142916
2020-12-09 00:00:00+05:30,251.0711748348776,253.65476986955224,248.39530251487733,249.4564208984375,48495641,0.0,0.0,227.75875015258788,201.42995635986327,228.05197467443995,209.68108203012193,75.58593416987192,13.098105222088947,1.5910209719568247,11.507084250132122
2020-12-10 00:00:00+05:30,248.2107635972771,250.05619678387396,245.0273800867672,248.7182464599609,38676657,0.0,0.0,229.38965072631837,202.98934692382812,230.02019103496573,211.21195122344895,74.54926847278996,13.131071167509134,1.2991895339016093,11.831881633607525
2020-12-11 00:00:00+05:30,249.17959228118087,254.90044613684103,249.17959228118087,251.3941345214844,50255223,0.0,0.0,231.4957504272461,204.59579650878905,232.05580470034846,212.78772311748955,75.84268958647819,13.220718506663502,1.111069498444781,12.109649008218721
2020-12-14 00:00:00+05:30,252.8243717908965,254.80820703262248,251.3018948918546,253.0089263916016,31946501,0.0,0.0,233.56033096313476,206.1441159057617,234.05134009951544,214.36502520667042,76.61503177098635,13.26910687305687,0.9275662918705194,12.34154058118635
2020-12-15 00:00:00+05:30,252.87043035274215,252.87043035274215,247.4264089619817,249.7332000732422,34890948,0.0,0.0,235.45189819335937,207.65552459716798,235.54485057320372,215.7520124563399,71.61319014942396,12.89449159200808,0.4423608086573818,12.452130783350698
2020-12-16 00:00:00+05:30,251.71706463576368,252.50137933837948,247.74939471769488,248.579833984375,24844177,0.0,0.0,236.799063873291,209.09127075195312,236.78627756474384,217.03937800645895,69.88324137976443,12.362037406410593,-0.07207470155208462,12.434112107962678
2020-12-17 00:00:00+05:30,249.13349803932837,251.11733322523332,246.0885443269232,247.01126098632807,25904699,0.0,0.0,237.52339782714844,210.51225494384767,237.76008550965662,218.21474596645382,67.49523450902826,11.678866196694713,-0.6041967290143724,12.283062925709086
2020-12-18 00:00:00+05:30,247.01124825248505,250.93279385279368,244.51990213689368,250.471435546875,29816205,0.0,0.0,238.98590393066405,211.9876788330078,238.970690275106,219.47971418529386,69.93579830934927,11.286550926713744,-0.7972095991962753,12.08376052591002
2020-12-21 00:00:00+05:30,247.70326614849407,248.2107489812946,231.64798992279964,235.01589965820312,55160758,0.0,0.0,239.53722534179687,213.0285025024414,238.5940435496867,220.08897636070208,51.379110797896026,9.617639508382013,-1.9728968140224072,11.59053632240442
2020-12-22 00:00:00+05:30,235.10819826400572,238.70680154001596,229.06440156982083,237.55340576171875,51189571,0.0,0.0,240.40227355957032,214.11269470214845,238.49493518892785,220.7738559450557,53.55792522413989,8.402907237224412,-2.5501032681440083,10.95301050536842
2020-12-23 00:00:00+05:30,237.09202984651412,243.5048930022508,235.84635686662804,242.6744537353516,29056404,0.0,0.0,241.28577346801757,215.35467102050782,238.89298457430155,221.63270291722418,57.679684931114274,7.7639509402001465,-2.55124765213462,10.315198592334767
2020-12-24 00:00:00+05:30,244.5199125334324,248.0723772718657,244.1969560737425,246.22694396972656,28585509,0.0,0.0,242.38611373901367,216.58742065429686,239.59145689767539,222.5971829584988,60.31115394179047,7.458255615755746,-2.285554381263216,9.743809997018962
2020-12-28 00:00:00+05:30,247.9800918970511,254.66978739939012,247.28805443129187,253.9316253662109,36870242,0.0,0.0,243.75865631103517,218.1071350097656,240.9571872280121,223.82598462154635,65.3442087702846,7.748374824919097,-1.5963481376798931,9.34472296259899
2020-12-29 00:00:00+05:30,254.94659089113668,258.2683763555874,253.4702668261155,256.4229431152344,45032526,0.0,0.0,245.31112747192384,219.61946746826172,242.4301163601285,225.10429671933807,66.8098624497123,8.08611323002711,-1.0068877860575043,9.093001016084614
2020-12-30 00:00:00+05:30,256.5152074859213,257.1611203511346,251.4402663306243,255.50021362304688,30971894,0.0,0.0,246.64214553833008,220.9647882080078,243.67488752802547,226.29629346065997,65.70155273420019,8.18496560240132,-0.7264283309466357,8.911393933347956
2020-12-31 00:00:00+05:30,253.74705229843585,255.82316454451396,251.53253820110072,253.700927734375,29467966,0.0,0.0,247.9339485168457,222.29165466308595,244.62974850005875,227.37098500080566,63.48980785224242,8.025605303570785,-0.7086309038217369,8.734236207392522
2021-01-01 00:00:00+05:30,253.65478222568385,258.3606424157864,253.1934239356556,257.8070068359375,24531791,0.0,0.0,248.99968643188475,223.687724609375,245.88472548442815,228.56455448453633,66.27955306367146,8.136840948730566,-0.4779162069295655,8.614757155660131
2021-01-04 00:00:00+05:30,260.0676884924348,261.9592463253599,256.2845446675077,259.3294982910156,31450608,0.0,0.0,249.80936965942382,225.122548828125,247.1651800374365,229.77102286910414,67.2779498262163,8.252716160600073,-0.28963279604804626,8.54234895664812
2021-01-05 00:00:00+05:30,256.5613702549446,260.6213463110041,255.59252897193184,259.9754333496094,27393072,0.0,0.0,250.36992263793945,226.57951904296874,248.38520416240533,230.95550955461417,67.71470025604954,8.300981118612413,-0.19309427042856697,8.49407538904098
2021-01-06 00:00:00+05:30,261.1287974606976,266.8034989115089,259.65244527080074,263.0203552246094,40765708,0.0,0.0,250.9766082763672,228.20995910644533,249.77902807309144,232.21295448284928,69.76348596252788,8.48709721969206,-0.005582535479135231,8.492679755171196
2021-01-07 00:00:00+05:30,266.6650658286514,269.2486607391408,264.8196328471382,265.4655456542969,30546600,0.0,0.0,251.77706451416014,229.92713439941406,251.27298212844434,233.51697766604332,71.33653279241784,8.731253547183144,0.19085903360955747,8.540394513573586
2021-01-08 00:00:00+05:30,267.6800857521952,268.8796060437408,263.15878013757845,263.8969421386719,32543357,0.0,0.0,252.5359992980957,231.6904455566406,252.47526403418027,234.7083488218327,68.86155152859642,8.69791188745046,0.12601389910149763,8.571897988348962
2021-01-11 00:00:00+05:30,265.74236034292034,265.92691491234353,257.99154713139995,260.6674194335937,29703173,0.0,0.0,252.99966354370116,233.4214614868164,253.25546931031488,235.72635159092138,63.942731378309304,8.315042258622896,-0.2054845837808532,8.520526842403749
2021-01-12 00:00:00+05:30,258.3606353498932,271.1402652659796,256.422924952954,269.89459228515625,44307145,0.0,0.0,253.8439468383789,235.32687103271485,254.8401476888712,237.06628259853844,70.43966572562246,8.656385628656153,0.1086870290019224,8.54769859965423
2021-01-13 00:00:00+05:30,273.12408937154675,284.19668758931215,271.74001459432606,283.08941650390625,78042133,0.0,0.0,255.51175765991212,237.37068786621094,257.53055424268405,238.8711113791411,76.86047452337242,9.877750193811465,1.0640412753257884,8.813708918485677
2021-01-14 00:00:00+05:30,282.99718633411106,285.3501023493519,280.32128572499755,283.5046691894531,40123498,0.0,0.0,257.257999420166,239.26225677490234,260.00427947570967,240.6214469795455,77.02957427325687,10.755218369987489,1.5532075612014484,9.20201080878604
2021-01-15 00:00:00+05:30,283.08942858992594,286.8725721076587,278.0144875234509,280.367431640625,35307601,0.0,0.0,258.92580795288086,241.0495590209961,261.94362730093974,242.18011304468587,72.70660620473011,11.069862881672009,1.4942816583087737,9.575581223363235
2021-01-18 00:00:00+05:30,280.0445139460507,284.7964992428088,269.61782666737446,271.6939392089844,54969750,0.0,0.0,259.9869331359863,242.44839813232423,262.87222843503923,243.33751799230544,62.29723318718741,10.498324423269253,0.7381945599248141,9.760129863344439
2021-01-19 00:00:00+05:30,274.64660129085075,279.12178261080635,273.4932054949383,275.523193359375,35803901,0.0,0.0,262.0122978210449,243.91367248535155,264.07708223735693,244.59970134003365,64.7000966104052,10.236366424571486,0.38098924898163844,9.855377175589847
2021-01-20 00:00:00+05:30,275.707720320465,281.15177101488257,273.9084397708344,279.1679077148437,33759304,0.0,0.0,264.0930229187012,245.44630462646484,265.5143037114033,245.95531727630072,66.864711351532,10.20522137218677,0.2798753572775379,9.925346014909232
2021-01-21 00:00:00+05:30,280.5058393265329,281.5669577579597,268.9718821173827,272.06298828125,29995203,0.0,0.0,265.5624496459961,246.6116958618164,266.1379879561506,246.97914751178894,59.238769843220894,9.49774695898111,-0.3420792447424983,9.839826203723609
2021-01-22 00:00:00+05:30,272.6627324235646,274.96952373002455,260.5751403458998,261.7746887207031,44440810,0.0,0.0,266.33983688354493,247.52518493652343,265.7224356480127,247.5593648140993,50.29377915350282,8.014502402961796,-1.4602590406094507,9.474761443571246
2021-01-25 00:00:00+05:30,262.51287636443817,265.7423845095192,255.6386263348496,259.2372436523437,34034630,0.0,0.0,266.60511779785156,248.5244869995117,265.10479831509184,248.01732084697164,48.35446496262247,6.558665581220453,-2.332876689880635,8.891542271101088
2021-01-27 00:00:00+05:30,258.5452098183164,262.8358364965628,251.6248351246685,254.34683227539065,39211107,0.0,0.0,266.5013122558594,249.37707733154298,264.0802301208346,248.26553698141947,44.771298209392725,4.953191772506955,-3.1506803988753074,8.103872171382262
2021-01-28 00:00:00+05:30,250.88662305405947,261.45173876216603,248.67210897698837,260.5290222167969,48717297,0.0,0.0,266.75275268554685,250.3496206665039,263.7420198442596,248.74645797104213,49.83229758412492,4.132061441661165,-3.1774485837768784,7.309510025438043
2021-01-29 00:00:00+05:30,263.5278477123844,268.1875549449274,257.5301902420633,260.29833984375,42300984,0.0,0.0,267.08262329101564,251.12285705566407,263.41405032040154,249.19947294644246,49.64946954084123,3.423234680423093,-3.109020276011961,6.532254956435054
2021-02-01 00:00:00+05:30,263.0665275159729,289.640756274312,260.89813771569794,286.6880798339844,103414068,0.0,0.0,268.526676940918,252.20612701416016,265.6306245597904,250.66961439301272,65.3232975299129,4.934039300549614,-1.278572524708352,6.212611825257966
2021-02-02 00:00:00+05:30,290.65569823457054,311.324542254992,290.65569823457054,307.3568725585937,121434166,0.0,0.0,270.92804565429685,253.92883819580078,269.6045529406288,252.8926441249963,72.53470422022018,7.7102823479047515,1.1981364181174277,6.512145929787324
2021-02-03 00:00:00+05:30,307.956645646374,313.6313467433238,300.6210378797071,309.98663330078125,66420168,0.0,0.0,273.4286056518555,255.64878143310546,273.4504653558814,255.13162409267417,73.29564370720941,10.007316562754568,2.796136506373795,7.211180056380773
2021-02-04 00:00:00+05:30,308.5564606956769,330.332580577878,305.5115068310767,327.6567077636719,145203439,0.0,0.0,276.6604232788086,257.7968667602539,278.6129646328138,257.9757450209486,77.75528144148633,13.102522339944414,4.713073826850913,8.389448513093502
2021-02-05 00:00:00+05:30,357.0913025990558,376.7913064491906,355.38427136050126,362.7198791503906,214955688,0.0,0.0,281.5231399536133,260.5511752319336,286.6231469678211,262.083358124064,83.60590755902531,18.175286722267913,7.828670567339529,10.346616154928384
2021-02-08 00:00:00+05:30,367.24121607921705,376.2838277240696,364.2423870534445,366.3646240234375,79389205,0.0,0.0,286.6465240478516,263.39406494140627,294.2175733540703,266.17281953188257,84.07478711733637,22.233297875245682,9.509345376253837,12.723952498991846
2021-02-09 00:00:00+05:30,366.087821870406,372.3161591044961,358.9367680090433,364.28851318359375,63869990,0.0,0.0,291.82757873535155,266.1502197265625,300.8909961949773,270.020493792734,82.62516651377459,24.99366474718954,9.815769798558156,15.177894948631385
2021-02-10 00:00:00+05:30,363.5964559678432,367.14892042173966,358.01403193963114,361.9355773925781,54163507,0.0,0.0,296.4296279907227,268.88146087646487,306.70476583284403,273.6250068750808,80.92222161003306,26.68381867495981,9.20473898106274,17.47907969389707
2021-02-11 00:00:00+05:30,361.5203404765916,366.2723533342808,358.244707920217,359.99786376953125,36392708,0.0,0.0,300.2750503540039,271.50382110595706,311.7802989696714,277.0121777336867,79.46959679443307,27.54934880029225,8.056215285116146,19.493133515176105
2021-02-12 00:00:00+05:30,360.7821866918208,368.4868758501748,355.7533700126652,362.7660217285156,53589755,0.0,0.0,304.23811798095704,274.2018441772461,316.6360820895613,280.37507357662116,80.02134121590956,28.1343397180039,6.912964962262237,21.221374755741664
2021-02-15 00:00:00+05:30,366.7798588564866,377.80633380146327,365.11898019322,375.4995422363281,56608937,0.0,0.0,308.9947235107422,276.9819900512695,322.24212591306286,284.1054448966097,82.3686410407016,29.287826093267256,6.453161070020471,22.834665023246785
2021-02-16 00:00:00+05:30,380.15921384717547,383.6194008664156,369.3634190835168,371.2550048828125,80365431,0.0,0.0,313.97277679443357,279.5443734741211,326.9100191482771,287.5230746999902,79.03522528766591,29.519194762571885,5.34762379146008,24.171570971111805
2021-02-17 00:00:00+05:30,371.854788135744,382.78898542862254,369.2250402056984,379.9285583496094,74161370,0.0,0.0,319.1930450439453,282.1676571655273,331.9594038341183,291.14681915683803,80.74964702034379,30.055972831172426,4.707521488048492,25.348451343123934
2021-02-18 00:00:00+05:30,392.2007055797048,394.6459272591487,381.72789400233967,383.1119689941406,67154539,0.0,0.0,324.39024810791017,284.8121636962891,336.8310767065014,294.753295621046,81.35238834369926,30.38795452800241,4.031602547902779,26.35635198009963
2021-02-19 00:00:00+05:30,382.9273686965026,382.9273686965026,364.4730376749844,368.67138671875,66155518,0.0,0.0,329.22066802978514,287.1964630126953,339.8634871838584,297.6520442915442,70.55978440789953,29.149797390695596,2.23475632847677,26.915041062218826
2021-02-22 00:00:00+05:30,369.6402926897924,370.0093737150493,355.84566761808173,359.39813232421875,52535049,0.0,0.0,334.1018402099609,289.41006072998044,341.72392957817846,300.07345950851186,64.63020839689709,27.107793044914956,0.15420158615690127,26.953591458758055
2021-02-23 00:00:00+05:30,361.7048871555481,368.8098158454475,358.9367375089495,365.0266723632813,45462768,0.0,0.0,339.3913116455078,291.6827114868164,343.94323841485493,302.620644326346,66.47192693232107,25.64801171677931,-1.0444637935829988,26.692475510362307
2021-02-24 00:00:00+05:30,366.31853853665865,378.77521428034856,364.6576597011319,374.8536682128906,39632090,0.0,0.0,345.4166534423828,294.1196063232422,346.88708887181076,305.4533119297399,69.46174443142276,24.995943260040406,-1.357225800257524,26.35316906029793
2021-02-25 00:00:00+05:30,379.2364931334887,382.8350819620648,375.1303933189005,375.77630615234375,46988836,0.0,0.0,351.1790176391602,296.6404684448242,349.6384428985282,308.2110764090577,69.73462795982635,24.27381010807835,-1.663487161775663,25.937297269854014
2021-02-26 00:00:00+05:30,368.6252693216399,370.009344175163,357.09131220894784,359.99786376953125,64450414,0.0,0.0,356.1639938354492,298.8688290405273,350.6250544100523,310.24193081535077,59.88015280152154,22.17273249001397,-3.011651823872036,25.184384313886007
2021-03-01 00:00:00+05:30,364.5653122502076,366.9643808969752,360.7821687871212,364.4269104003906,29677890,0.0,0.0,360.05093536376955,301.2171420288086,351.93951688532263,312.3668319755484,61.52379777989639,20.62722260607177,-3.6457293662513948,24.272951972323163
2021-03-02 00:00:00+05:30,364.4730558127933,368.67140506548753,360.3669556925378,363.7348937988281,30534337,0.0,0.0,362.8698364257813,303.48241119384767,353.0628861151803,314.38126577253973,61.10258718147487,19.12608137145031,-4.117496480698286,23.243577852148597
2021-03-03 00:00:00+05:30,365.8571224284956,377.2988023404721,365.3957641404395,373.746337890625,46268223,0.0,0.0,366.0578216552734,306.2570199584961,355.03273866522267,316.70930781638623,64.85167555159651,18.530646242001865,-3.7703452881173867,22.30099153011925
2021-03-04 00:00:00+05:30,367.8871174497629,372.3161458392388,363.9655719235752,365.0728149414063,43603653,0.0,0.0,367.92862701416016,308.80740814208986,355.9889364058116,318.60591593893605,59.500953683673146,17.16105681708882,-4.111947770424347,21.273004587513167
2021-03-05 00:00:00+05:30,364.47302111619166,364.47302111619166,348.87911774328825,354.00018310546875,72179228,0.0,0.0,367.4926422119141,311.0339227294922,355.7995313295885,319.993926416055,53.439289632194075,15.009162200206617,-5.011073909845241,20.020236110051858
2021-03-08 00:00:00+05:30,358.4292685225016,362.9966987204568,356.21472619238034,359.4903869628906,39147858,0.0,0.0,367.14893035888673,313.2991915893555,356.15104138990296,321.54280722181323,55.8414659347168,13.59012527588851,-5.144088667330678,18.73421394321919
2021-03-09 00:00:00+05:30,363.0428562183528,364.38077838806,352.7084190721633,357.6449584960937,28054083,0.0,0.0,366.8167526245117,315.37345825195314,356.29331920954013,322.95857786002034,54.81770267438491,12.176257320443142,-5.246365298220837,17.42262261866398
2021-03-10 00:00:00+05:30,360.87447451813387,362.6276304585099,355.8918104184582,357.7372436523437,22677399,0.0,0.0,366.6068359375,317.3997442626953,356.43083582314046,324.32244710677816,54.86226848167161,10.937127027980864,-5.1883964725464935,16.125523500527358
2021-03-12 00:00:00+05:30,361.42814148744446,362.8122165329786,348.3255531260898,351.6473388671875,35336355,0.0,0.0,366.18930969238284,319.32268676757815,355.9752646844783,325.3940114895393,51.26852073557258,9.355854456689087,-5.415735235070617,14.771589691759704
2021-03-15 00:00:00+05:30,352.9390983919645,356.1686064818256,340.8053807718729,354.2308959960937,42722585,0.0,0.0,365.7625534057617,321.3332861328125,355.8091343332036,326.5248697054827,52.684539947771356,8.216441991382453,-5.244118160301802,13.460560151684255
2021-03-16 00:00:00+05:30,355.7995417613883,357.8756541999037,347.0337336876566,349.2943725585937,38196452,0.0,0.0,364.45229492187497,323.1630334472656,355.18868083085977,327.41779138599685,49.71212332309393,6.836308509402841,-5.299401313825133,12.135709823227973
2021-03-17 00:00:00+05:30,348.9714391008516,350.3093613126609,337.7604095714161,339.6981201171875,33143064,0.0,0.0,362.8744506835937,324.77040588378907,353.7133893343196,327.8993729048671,44.460798398549464,4.911587683359073,-5.77929771189512,10.690885395254194
2021-03-18 00:00:00+05:30,342.78922608138095,346.01873426788114,333.19297881616706,338.7292785644531,39405038,0.0,0.0,360.81448669433587,326.3454827880859,352.2863311657609,328.32407508759593,43.95595110127482,3.270356511358898,-5.936423107116237,9.206779618475135
2021-03-19 00:00:00+05:30,335.82270518428,344.0810015477712,329.6404929335134,342.4662475585937,60309145,0.0,0.0,358.78220062255855,327.9344006347656,351.35108510793543,328.8786700864586,46.48029161596854,2.2453284016451107,-5.569160973464021,7.814489375109131
2021-03-22 00:00:00+05:30,343.2505764246637,343.98873844366693,335.4074852966808,338.6369934082031,28461974,0.0,0.0,357.2804809570312,329.39782958984375,350.14021923177046,329.2613494324094,44.27939572116034,1.1111883446969273,-5.362640824329763,6.473829169026691
2021-03-23 00:00:00+05:30,340.20561801480284,348.7407464727588,338.68311311396104,343.896484375,41032380,0.0,0.0,356.50539855957027,330.9978204345703,349.5455778168399,329.8352762929032,47.926605552164865,0.6295144929327421,-4.675451740875159,5.304966233807901
2021-03-24 00:00:00+05:30,340.0210744290516,340.5285573063599,330.93231009133086,332.0395812988281,42318999,0.0,0.0,354.8560440063476,332.425263671875,347.87834005321974,329.92171962646887,41.35482100027348,-0.7008890778355976,-4.8046842493148,4.103795171479202
2021-03-25 00:00:00+05:30,332.17799101896577,332.9623057962426,318.5217959851503,327.7489624023437,57495003,0.0,0.0,352.50080871582026,333.58235107421876,345.961256467422,329.8365134608169,39.257051903531234,-2.077512310745874,-4.945045985780061,2.867533675034187
2021-03-26 00:00:00+05:30,332.17795540777104,334.0233884933698,327.1491389858848,329.5943603515625,40718848,0.0,0.0,350.1917114257812,334.5124499511719,344.40250445638776,329.827017260454,40.651480258013,-2.9851766903163366,-4.682168292280419,1.6969916019640825
2021-03-30 00:00:00+05:30,332.2702529713809,336.145645792198,328.7639129993168,332.9161376953125,39405124,0.0,0.0,348.8376251220703,335.50067932128906,343.3085647648568,329.94815923829157,43.180002162722964,-3.397305556400738,-4.075437726691857,0.6781321702911185
2021-03-31 00:00:00+05:30,332.45476366105635,339.42129055006586,330.28640228303425,336.1456298828125,38651025,0.0,0.0,347.42356109619135,336.6162432861328,342.6263804903764,330.1911973027826,45.60635199832037,-3.423859501408117,-3.2815933373593884,-0.14226616404872872
2021-04-01 00:00:00+05:30,339.28291616660727,343.1583091177548,335.03841403614166,342.0049133300781,31883453,0.0,0.0,346.33706207275384,338.0224627685547,342.56719314177656,330.6544802842452,49.79518039853306,-2.938238305818288,-2.2367777134156475,-0.7014605924026406
2021-04-05 00:00:00+05:30,339.09834817506515,340.66697764794066,322.0742157581561,326.2264404296875,51743981,0.0,0.0,343.961067199707,339.0365277099609,341.01093097872047,330.48083166249785,40.704575944286155,-3.782963260805275,-2.4652021347221074,-1.3177611260831674
2021-04-06 00:00:00+05:30,328.21032630115843,329.4098466921486,322.30491716653,323.45831298828125,44147709,0.0,0.0,341.88034210205075,339.9223358154297,339.3392530748691,330.2054387733129,39.34742678192866,-4.622493397379628,-2.6437858170371684,-1.9787075803424599
2021-04-07 00:00:00+05:30,324.1042069148894,335.1306815881509,320.7362969445997,330.84002685546875,48023602,0.0,0.0,340.72233428955076,341.0978765869141,338.5298029587357,330.2303245804562,44.64745020797693,-4.638712273981241,-2.128003754911025,-2.5107085190702163
2021-04-08 00:00:00+05:30,333.10070620386483,335.2229432069068,326.9184934677523,328.1180419921875,33370259,0.0,0.0,339.15371704101557,342.42474365234375,337.53820667620727,330.1474899691516,43.15009946699193,-4.815694946748806,-1.8439891421428714,-2.971705804605935
2021-04-09 00:00:00+05:30,327.0107918850043,336.3302361593706,324.0581153491486,325.718994140625,46473100,0.0,0.0,337.55741882324213,343.7543786621094,336.4125673871042,329.9738234660721,41.81891711590361,-5.09085390705593,-1.6953184819599962,-3.3955354250959338
2021-04-12 00:00:00+05:30,317.41451482248533,317.41451482248533,297.6222322130923,303.43536376953125,75501713,0.0,0.0,334.8423248291015,344.7361492919922,333.27188132828775,328.9330995564038,31.957136683506096,-7.026030399497188,-2.904395979521003,-4.121634419976185
2021-04-13 00:00:00+05:30,306.3419128596957,315.7997580609364,304.9578379521971,314.6463623046875,49773360,0.0,0.0,332.9922760009765,345.81849609375,331.4980223736591,328.3728353504542,39.66595833753642,-7.567800926103985,-2.7569332049022393,-4.810867721201745
2021-04-15 00:00:00+05:30,315.6613911992727,320.69018035861217,310.12509095547045,316.21502685546875,52992349,0.0,0.0,331.0914825439453,346.93682983398435,330.0424989909743,327.89605854672925,40.67867219025167,-7.780886634624153,-2.376015130737926,-5.404871503886227
2021-04-16 00:00:00+05:30,316.49177457430494,318.79856593417594,312.4779519763145,313.63134765625,37766793,0.0,0.0,329.30833129882814,347.4756951904297,328.479532197191,327.33665811965164,39.50257574812707,-8.065268517480774,-2.128317610875637,-5.936950906605137
2021-04-19 00:00:00+05:30,301.86672038815544,306.38802595150435,296.46882281925707,305.5575866699219,53304377,0.0,0.0,327.60130462646487,347.43970947265626,326.29648976602255,326.48257688632896,35.99990360327281,-8.840223649483164,-2.3226181943024216,-6.5176054551807425
2021-04-20 00:00:00+05:30,309.2023444267609,313.6313729310078,301.4515304647906,304.0351257324219,41296147,0.0,0.0,325.8665969848633,347.32067932128905,324.1763598580606,325.60228468421496,35.36313767216542,-9.468088814590715,-2.3603866875279778,-7.107702127062737
2021-04-22 00:00:00+05:30,300.805611680967,311.5552544420452,298.314265596666,310.6325378417969,49105833,0.0,0.0,324.27491149902346,346.9801959228516,322.8864720469879,325.01523578843387,40.291753177206985,-9.32581823363256,-1.7744928852558584,-7.551325348376702
2021-04-23 00:00:00+05:30,306.0189717431812,313.6313841156936,306.0189717431812,310.4480285644531,44223940,0.0,0.0,322.86546325683594,345.9347589111328,321.70185838198455,324.44397276004247,40.199433583500884,-9.122794236674167,-1.2571751106379718,-7.865619126036195
2021-04-26 00:00:00+05:30,313.03163719234016,320.5979253166266,313.03163719234016,317.6913452148437,49234985,0.0,0.0,321.5552062988281,344.96129333496094,321.3199047470187,324.1791638367013,45.48063194281879,-8.281951950858797,-0.33306625985808047,-7.948885691000717
2021-04-27 00:00:00+05:30,317.414501939796,327.518259704126,315.9381497873308,325.7650756835937,46003023,0.0,0.0,321.2414810180664,344.1908245849609,321.74325436002584,324.24135645814806,50.70628084833313,-6.884732892375496,0.8513222389001776,-7.736055131275673
2021-04-28 00:00:00+05:30,329.4098652733721,336.1456859887197,328.53327313576364,335.31524658203125,56696255,0.0,0.0,321.61979522705076,343.65841796875,323.03582504783583,324.6756266590846,56.07006788306601,-4.949750106595786,2.2290440197439105,-7.178794126339697
2021-04-29 00:00:00+05:30,336.7916090074918,341.3590681193076,328.0258000059269,331.6243896484375,63692926,0.0,0.0,321.7212966918945,343.0909484863281,323.8537835812264,324.94812716847105,53.64079716942085,-3.6717578776066375,2.805628998986448,-6.477386876593085
2021-04-30 00:00:00+05:30,326.13417328805616,334.4847467360436,323.3660236598958,326.1802978515625,53832840,0.0,0.0,321.384504699707,342.3592340087891,324.07535636887746,324.9964475874158,50.18683517971354,-3.0629250452136603,2.73156946510354,-5.7944945103172
2021-05-03 00:00:00+05:30,322.58173893795623,325.257611528646,315.015451321035,323.50445556640625,43691860,0.0,0.0,320.75244598388673,341.31933227539065,324.0209848638802,324.9379380963958,48.532679589229964,-2.7644716403573284,2.4240182959678975,-5.188489936325226
2021-05-04 00:00:00+05:30,327.564408151727,334.8538639970908,323.13537953048944,324.3348999023437,57749307,0.0,0.0,319.8689453125,340.38093017578126,324.0508815342101,324.91428953976634,49.09346254330937,-2.43289040302642,2.2044796266390447,-4.6373700296654645
2021-05-05 00:00:00+05:30,328.94849617632946,329.82508828531144,321.10540440213924,327.9335021972656,40872501,0.0,0.0,319.9542984008789,339.34102905273437,324.42065493069157,325.03269003613883,51.556692956224566,-1.8583112972260665,2.2232469859515183,-4.081558283177585
2021-05-06 00:00:00+05:30,330.3325357820869,331.5782087974377,323.4582859945,328.0718688964844,36294427,0.0,0.0,320.1849761962891,338.24022705078124,324.7683895941004,325.15187352085826,51.65356052212533,-1.3759273460519807,2.1645047497004835,-3.540432095752464
2021-05-07 00:00:00+05:30,329.87116449626274,334.02338894446746,325.718940048058,330.5632019042969,38357618,0.0,0.0,320.17113494873047,337.4780633544922,325.32027648078576,325.3640824770715,53.45812883820262,-0.7835723028159691,2.205487834349196,-2.9890601371651653
2021-05-10 00:00:00+05:30,332.6393717580875,338.63703033347605,331.0707420978158,333.74664306640625,41739324,0.0,0.0,320.4525650024414,336.96503356933596,326.1227875841782,325.69281034331993,55.73191339280643,-0.056597149994729534,2.345970389736349,-2.4025675397310784
2021-05-11 00:00:00+05:30,329.27141930581604,338.0833514374127,327.33370884363694,336.4685974121094,41892770,0.0,0.0,320.99004516601565,336.3938720703125,327.1081028058859,326.11539022837053,57.63761360470852,0.7307512183969607,2.5066550065024313,-1.7759037881054707
2021-05-12 00:00:00+05:30,334.76156417703226,344.6346428530524,333.9311248863098,339.28289794921875,53436590,0.0,0.0,322.782421875,335.68245666503907,328.26760710525093,326.6317630801685,59.57530624654489,1.563794555927359,2.671758675226264,-1.1079641192989047
2021-05-14 00:00:00+05:30,341.405164036316,343.71195568521,331.76276368030784,332.5932312011719,51722170,0.0,0.0,323.67976531982424,334.8187951660156,328.67957130486246,326.8655461437373,53.33075932233013,1.664994187414095,2.2183666453704,-0.5533724579563049
2021-05-17 00:00:00+05:30,336.23789602065114,355.4304166328113,335.5458586270196,353.4927062988281,106555796,0.0,0.0,325.5436492919922,334.6886920166016,331.0427270185735,327.90974850276046,65.49804971842164,3.392501949931443,3.1566995263101982,0.23580242362124482
2021-05-18 00:00:00+05:30,359.8594578704934,362.21237383140135,350.6784168483727,352.7084045410156,70917710,0.0,0.0,327.4975021362305,334.4543218994141,333.10612487785374,328.8822448179862,64.81512630349009,4.644736074358207,3.5271469205895696,1.117589153768637
2021-05-19 00:00:00+05:30,352.47774650069994,359.3981211047713,351.7395844732296,354.6922607421875,48189573,0.0,0.0,329.95423583984376,334.2734692382812,335.1619473411236,329.8944023052098,65.7868621555882,5.7311560559899135,3.6908535217770213,2.040302534212892
2021-05-20 00:00:00+05:30,357.0913248970275,357.829486914838,352.477741888022,354.8306579589844,42898608,0.0,0.0,332.4940124511719,333.89515563964846,337.035157876158,330.87229468378916,65.8577035025017,6.528067716374778,3.5902121457295086,2.9378555706452696
2021-05-21 00:00:00+05:30,359.8594715773495,373.1465848960827,348.78687245189263,370.1939086914063,192810772,0.0,0.0,335.47208099365236,333.9975775146484,340.1931341442769,332.41431876251926,72.63216515120037,8.303593232751268,4.292590129684799,4.01100310306647
2021-05-24 00:00:00+05:30,384.7728110848912,386.8027988098804,373.9770159131239,380.2053527832031,142964052,0.0,0.0,338.95994720458987,334.5216809082031,344.0038216336984,334.28847695940885,75.9772225092171,10.398680351391874,5.110141798660323,5.288538552731551
2021-05-25 00:00:00+05:30,383.0196789860513,383.3887600064684,376.9297435924003,380.4822082519531,56048127,0.0,0.0,342.0994903564453,334.9415173339844,347.4779536925798,336.0999958336263,76.06434884286001,11.943712229869334,5.324138941710226,6.619573288159108
2021-05-26 00:00:00+05:30,381.8201261765352,386.38758471017263,379.05197631592506,381.5894470214844,52357719,0.0,0.0,344.89070892333984,335.4204071044922,350.72666734295166,337.8838958802089,76.43248867126047,13.106423350122043,5.1894800495703475,7.916943300551695
2021-05-27 00:00:00+05:30,381.7278703809433,395.9377004523106,380.1592408903381,392.339111328125,73392997,0.0,0.0,347.74190216064454,336.1124444580078,354.6897572463015,340.0193945252252,79.69731016087512,14.725541484751488,5.446878547359834,9.278662937391655
2021-05-28 00:00:00+05:30,397.2294920856757,400.136043713024,387.5870924543444,389.4325256347656,65137568,0.0,0.0,350.63230895996094,336.8681481933594,357.9985923309171,341.9571643726582,76.60710249906263,15.594404509452374,5.052593257648574,10.5418112518038
2021-05-31 00:00:00+05:30,388.46370321222406,393.07728638576594,385.69555330809897,391.5548095703125,38291043,0.0,0.0,353.9010345458984,337.61462646484375,361.1944225441929,343.9021700666839,77.2992354473918,16.266722640364833,4.579929110848825,11.686793529516008
2021-06-01 00:00:00+05:30,393.1233751356966,401.70465595207486,392.70816958335416,399.12103271484375,59299647,0.0,0.0,357.68186340332034,338.61115966796876,364.80648065568346,346.06761566072936,79.61491458778723,17.2116652144,4.4198973479071935,12.791767866492807
2021-06-02 00:00:00+05:30,397.50632156829977,404.1037681432597,395.9838447275696,403.4578552246094,38657806,0.0,0.0,361.6380111694336,339.8863543701172,368.48756394796214,348.31821329068543,80.82247179875456,18.101817856210573,4.248039991774213,13.85377786443636
2021-06-03 00:00:00+05:30,406.9499862943344,411.5596142115156,403.6906614613134,409.4177551269531,38909199,4.0,0.0,365.712223815918,341.3001239013672,372.38567739358035,350.7142737548528,82.36823501816626,19.068375982531563,4.171678494476161,14.896697488055402
2021-06-04 00:00:00+05:30,407.4155963050927,411.5130274755497,402.0609913250829,403.7837829589844,36898769,0.0,0.0,369.497819519043,342.526474609375,375.3759731617141,352.79543097854423,76.12196512822817,19.15891376060864,3.409773018042589,15.749140742566052
2021-06-07 00:00:00+05:30,405.1806386250888,407.3224692610629,401.1763082625826,402.526611328125,20201197,0.0,0.0,373.0959899902344,343.80426696777346,377.96174822518185,354.74567334519446,74.75960309913108,18.911225522046493,2.5296678235843544,16.38155769846214
2021-06-08 00:00:00+05:30,402.5266117452669,402.7594206589425,394.8439175939691,397.8238830566406,31113823,0.0,0.0,376.2998519897461,344.88281494140625,379.85338011389223,356.4350149025061,69.73206832605881,18.126508828900228,1.3959609043504706,16.730547924549757
2021-06-09 00:00:00+05:30,398.1032020538051,402.5731213759104,389.4427227100807,392.46923828125,27784834,0.0,0.0,379.0998840332031,346.0914080810547,381.0548904155454,357.84812170167254,64.41987991459224,16.87798125157326,0.1179466616188023,16.760034589954458
2021-06-10 00:00:00+05:30,395.6820235893415,403.5043973969269,393.3539344549972,402.526611328125,27397712,0.0,0.0,382.26206970214844,347.5869610595703,383.0998162167435,359.60021933408245,69.17045906513299,16.509746028044162,-0.20023084952823567,16.709976877572398
2021-06-11 00:00:00+05:30,404.947794125534,405.5530915634597,396.0079269514609,400.0588073730469,26831924,0.0,0.0,385.6353485107422,348.99625,384.7149582316295,361.1868306297281,66.81317437801637,15.836235539939196,-0.6989930701065639,16.53522861004576
2021-06-14 00:00:00+05:30,397.6376181071387,402.7128637105549,388.04590238693095,400.75726318359375,30106015,0.0,0.0,387.99857635498046,350.35307250976564,386.24279679848325,362.7386122985071,67.1543532717506,15.183803734545052,-1.081139900400565,16.264943634945617
2021-06-15 00:00:00+05:30,399.6863389241924,403.0387644163562,398.5688448141007,399.9656982421875,16413658,0.0,0.0,390.36144104003904,351.6294738769531,387.5497397931218,364.1984980217887,66.32219178353398,14.436459632605079,-1.4627872018724304,15.899246834477509
2021-06-16 00:00:00+05:30,398.5688421948583,402.9922113547311,395.77513535704384,396.6598205566406,19701175,0.0,0.0,392.4598190307617,352.7225720214844,388.4173665325045,365.4714910623711,62.820944253185154,13.422698829872218,-1.9812384036842339,15.403937233556452
2021-06-17 00:00:00+05:30,392.05017227817336,396.6597996856452,387.9527414821173,391.3517456054688,23048331,0.0,0.0,394.28587341308594,354.025078125,388.6968312061202,366.48640300523766,57.56603509916423,12.052040383422593,-2.681517480107088,14.73355786352968
2021-06-18 00:00:00+05:30,394.750763179567,394.750763179567,374.96200677865454,384.5071716308594,45748727,0.0,0.0,395.0015365600586,355.24605529785157,388.29781600847633,367.1930998140856,51.5750966039948,10.294811592549593,-3.5509970167840716,13.845808609333664
2021-06-21 00:00:00+05:30,378.40761723673774,392.05021401201424,372.9598829259185,390.88616943359375,33128978,0.0,0.0,395.53557739257815,356.44697814941406,388.5443258584875,368.1222397991644,56.154837816878796,9.309611520231329,-3.628957671281869,12.938569191513198
2021-06-22 00:00:00+05:30,393.91266651178864,396.1942051440773,388.6046121202487,389.8617858886719,28442965,0.0,0.0,396.0045562744141,357.6818530273438,388.66979824231464,368.97477101836074,55.25117069012683,8.349921476851762,-3.6709181717291486,12.02083964858091
2021-06-23 00:00:00+05:30,392.1433147568176,395.542318994917,386.4627719432385,390.0480346679688,27564829,0.0,0.0,396.42748565673827,358.96843383789064,388.80105885428173,369.8011735144238,55.39172761125327,7.5177292203945285,-3.6024883425491065,11.120217562943635
2021-06-24 00:00:00+05:30,391.4448915940095,393.6798513584784,387.6733703486039,388.5115051269531,19214547,0.0,0.0,396.23610534667966,360.6699566650391,388.7734823088219,370.5349120090328,53.88791372677829,6.657482455278455,-3.570188086132145,10.2276705414106
2021-06-25 00:00:00+05:30,392.0502159360691,401.3625726091348,390.2342950171984,399.3138427734375,29886797,0.0,0.0,396.7301712036133,362.3633062744141,389.7773261625948,371.66349752920553,61.750065035355725,6.769356141527851,-2.7666515199061994,9.53600766143405
2021-06-28 00:00:00+05:30,401.08317707774927,403.36468720530377,395.3560555054559,397.40478515625,29370660,0.0,0.0,397.02266998291014,363.9871014404297,390.50375082865725,372.67295978908965,59.80926382493126,6.627573309252057,-2.3267474817455955,8.954320790997652
2021-06-29 00:00:00+05:30,398.1031907919887,399.4534936839337,391.6310924629538,392.5157775878906,22275961,0.0,0.0,396.6924072265625,365.5647900390625,390.6953724247747,373.4511095066897,55.038412418584095,6.050955690941748,-2.3226920800447246,8.373647770986473
2021-06-30 00:00:00+05:30,393.91267699576,395.6820190336791,389.5358581059623,390.3739929199219,18337773,0.0,0.0,396.0382141113281,367.2611181640625,390.66476485288393,374.11475199348314,53.04227978614969,5.359378373271568,-2.411415518171925,7.770793891443493
2021-07-01 00:00:00+05:30,391.39829532054097,394.5645189664188,388.4649089842049,391.4914245605469,16161469,0.0,0.0,395.1418975830078,369.010244140625,390.74349434885187,374.796190133368,53.98005644804039,4.845608601434378,-2.3401482320072917,7.18575683344167
2021-07-02 00:00:00+05:30,391.3983283366029,396.1476357869893,390.187733371569,395.2164001464844,16423811,0.0,0.0,394.7135284423828,370.70192138671877,391.1694853771978,375.59698268290197,57.05866921167519,4.685010865665902,-2.0005967742206145,6.685607639886516
2021-07-05 00:00:00+05:30,397.1720151723822,404.6219005683472,395.076734904767,402.8991088867188,16483761,0.0,0.0,394.7321533203125,372.5509429931641,392.28659237810456,376.66765429873794,62.613818288645454,5.118661646086309,-1.2535567950401667,6.372218441126476
2021-07-06 00:00:00+05:30,402.0144070577941,406.4843264275197,398.75508256181166,400.198486328125,20195278,0.0,0.0,394.8508834838867,374.2010858154297,393.0401060876303,377.5904320253806,59.690605637941275,5.184649926401562,-0.950054811779931,6.134704738181493
2021-07-07 00:00:00+05:30,399.8260328839024,404.1562729820415,398.1497916588101,403.0853576660156,14473774,0.0,0.0,395.381689453125,375.74749145507815,393.9967967141432,378.5902330308957,61.74653963896073,5.407557547034173,-0.5817177529178563,5.98927529995203
2021-07-08 00:00:00+05:30,403.0387335385064,405.4599516455055,393.074530232971,395.262939453125,21433043,0.0,0.0,395.018505859375,376.9464453125,394.1173817369034,379.2440646552969,53.74715367486212,4.896565112632118,-0.8741681498559295,5.770733262488047
2021-07-09 00:00:00+05:30,395.7751590875046,398.1032482586076,392.09676682953904,394.6111145019531,16844494,0.0,0.0,394.7461212158203,378.2061798095703,394.1644039050034,379.84669406104814,53.12948684149089,4.388416170911512,-1.1058536732612279,5.49426984417274
2021-07-12 00:00:00+05:30,397.17198594927765,400.6641194716922,395.402643981732,398.0566711425781,12886781,0.0,0.0,394.61109161376953,379.6437072753906,394.53509602286766,380.5608108093434,56.00748616359125,4.215142559175604,-1.0233018279977095,5.238444387173313
2021-07-13 00:00:00+05:30,400.4313070377688,402.1075197461188,398.8481951539509,399.59320068359375,12831125,0.0,0.0,394.5924667358398,381.16548217773436,395.01682027627015,381.30717903970617,57.2676132121317,4.153923224943014,-0.8676169297842389,5.021540154727253
2021-07-14 00:00:00+05:30,399.5000665503404,402.5731326177212,397.078848341982,401.4090881347656,12767351,0.0,0.0,394.8299301147461,382.7069659423828,395.62560769136496,382.09548920029675,58.77066712502646,4.203478321293687,-0.6544494667468523,4.85792778804054
2021-07-15 00:00:00+05:30,402.94567044903,403.17847935767423,400.1053847121368,402.0144348144531,11030732,0.0,0.0,395.3630645751953,384.18858459472654,396.23406741737335,382.8766243224206,59.2847982770704,4.242690416001665,-0.4921898976310999,4.734880313632765
2021-07-16 00:00:00+05:30,402.2937761173692,402.7593939138013,398.0566655374587,400.4313049316406,8713863,0.0,0.0,396.1592712402344,385.6357733154297,396.633804323494,383.56504316984103,57.27331244220172,4.098772830992914,-0.5088859861118813,4.607658817104795
2021-07-19 00:00:00+05:30,394.285147803063,399.9191402408816,390.0480371858828,398.4757080078125,14426686,0.0,0.0,396.5387481689453,386.9940234375,396.8092237220005,384.1497751242713,54.799876354692515,3.7833051926209578,-0.6594828995870703,4.442788092208028
2021-07-20 00:00:00+05:30,397.6375737009673,397.6375737009673,390.0945601788011,391.95703125,14623321,0.0,0.0,396.64351043701174,388.1582312011719,396.34711015323853,384.45594203116264,47.444585775564796,2.9730209460639117,-1.1758137169152931,4.148834662979205
2021-07-22 00:00:00+05:30,396.2872785397621,397.3582221618421,391.9570388985362,393.0279541015625,11799761,0.0,0.0,396.7925064086914,389.28941833496094,396.0310000530789,384.79209936725675,48.66365570294916,2.389732023717272,-1.4072821114095464,3.7970141351268185
2021-07-23 00:00:00+05:30,393.8195381819172,400.3847663571468,390.6533427563799,399.4069519042969,17704661,0.0,0.0,397.33727874755857,390.4918994140625,396.35251927700443,385.3652308392975,55.31289982770954,2.4143717864989185,-1.1061138789023204,3.520485665401239
2021-07-26 00:00:00+05:30,398.3826076275045,398.3826076275045,393.26081145061534,394.1920471191406,14037519,0.0,0.0,397.08118896484376,391.7238757324219,396.14676002387455,385.7113804973306,49.65109628867091,1.9901584350304802,-1.224261784296607,3.214420219327087
2021-07-27 00:00:00+05:30,394.9835518792463,403.45780104725793,394.8438722308999,400.3847351074219,24119619,0.0,0.0,397.23018646240234,392.6617163085937,396.5503766984981,386.2868061683146,55.47898113503248,2.129121279127105,-0.8682391521599859,2.997360431287091
2021-07-28 00:00:00+05:30,400.4313134306606,400.8969312369754,392.09674333000487,396.2407531738281,17636515,0.0,0.0,397.4164352416992,393.53236328125,396.5208887437676,386.67715703127595,51.20750579341625,1.8831577545385585,-0.891362141398826,2.7745198959373845
2021-07-29 00:00:00+05:30,396.7063409246574,413.0960921490173,396.2407231536191,411.1870422363281,35263606,0.0,0.0,398.4570877075195,394.6622589111328,397.9176652668686,387.6383290001015,62.439980379699485,2.8612873655642943,0.06941397570152752,2.791873389862767
2021-07-30 00:00:00+05:30,411.1405411548423,413.841118867065,401.08320746137264,402.1075439453125,35196813,0.0,0.0,398.98789367675784,395.60779663085935,398.3167013314823,388.20574919403134,54.26714818348312,2.8707305035169384,0.06308569092333727,2.807644812593601
2021-08-02 00:00:00+05:30,404.8547050997758,406.67062601298704,402.1075485221602,404.994384765625,16926025,0.0,0.0,399.47679290771487,396.3038061523437,398.952671182353,388.864127059584,56.2288952074204,3.0757033920971253,0.21444686360281917,2.861256528494306
2021-08-03 00:00:00+05:30,405.0409321728322,417.1004160397289,403.7837584396201,415.7966918945313,40922962,0.0,0.0,400.12167205810545,397.0156329345703,400.5568636311319,389.9203060727192,62.68000789539029,4.062966441671335,0.961367930541623,3.1015985111297124
2021-08-04 00:00:00+05:30,417.79883437777056,435.3060802114561,411.1405057108842,425.5281066894531,129761158,0.0,0.0,401.3881530761719,397.9165509033203,402.9350772557339,391.3166904106304,67.34866717901515,5.566456718377992,1.9718865657986235,3.5945701525793687
2021-08-05 00:00:00+05:30,429.2996493224006,430.6965028451417,408.2537172292914,411.4664916992188,58595639,0.0,0.0,401.80720977783204,398.514091796875,403.7475929170182,392.1068786964574,56.37438006951115,5.559245263945627,1.5717400890930064,3.9875051748526205
2021-08-06 00:00:00+05:30,413.18924310010345,416.2623091828245,404.1562464996552,405.6927795410156,38236066,0.0,0.0,402.3287017822266,398.78116516113283,403.93284878597035,392.6396591217342,52.58544245620115,5.029661014787962,0.8337246719482732,4.195936342839689
2021-08-09 00:00:00+05:30,407.7880946997285,411.4199081332858,401.3625742528105,403.5975341796875,22196404,0.0,0.0,402.7780227661133,399.06446533203126,403.90091406156245,393.0693797122422,51.23956489969009,4.390284425914103,0.155478466459531,4.234805959454572
2021-08-10 00:00:00+05:30,404.5287020211317,406.3911730510808,392.7020280323865,397.1253967285156,27794251,0.0,0.0,402.73145904541013,399.17587707519533,403.2556266965104,393.2284392030765,47.219279351275134,3.323020755609889,-0.7294281630757471,4.052448918685636
2021-08-11 00:00:00+05:30,400.2450492618706,403.13188530387487,394.0523382095576,398.6153869628906,23827946,0.0,0.0,402.682568359375,399.16576416015624,402.8136991028323,393.4396920564026,48.22639705341535,2.5678359527791486,-1.1876903727251902,3.7555263255043387
2021-08-12 00:00:00+05:30,400.431309871056,400.8503772606362,395.7751318492996,397.77728271484375,16847144,0.0,0.0,402.50097808837893,399.0521527099609,402.3340403992143,393.60979365085126,47.675338180383264,1.8800465409988192,-1.500383827604416,3.380430368603235
2021-08-13 00:00:00+05:30,398.1963740638079,402.5266142007799,395.7751556629993,401.548828125,20908992,0.0,0.0,402.4776977539062,398.8947741699219,402.25925827786057,393.921128336112,50.42081959389067,1.6206191822546998,-1.4078489490788284,3.028468131333528
2021-08-16 00:00:00+05:30,400.43132539380673,404.1562679556096,394.8439115511025,395.6354675292969,17608693,0.0,0.0,402.23790588378904,398.73180786132815,401.62842106371164,393.9883573240801,46.31731296278401,0.9271744612764223,-1.6810349360456849,2.608209397322107
2021-08-17 00:00:00+05:30,395.635422310656,396.5666578446724,386.6955555002885,392.5157775878906,22957877,0.0,0.0,401.93990936279295,398.5315911865234,400.7605502564906,393.93060909913146,44.27030511844933,0.12444706961406382,-1.9870098621664347,2.1114569317804985
2021-08-18 00:00:00+05:30,393.1210791226241,395.16980868656,389.25645729975065,390.8395690917969,17668574,0.0,0.0,401.8840362548828,398.39190490722655,399.81569490747216,393.80939184394185,43.16642101073561,-0.6396032405746155,-2.2008481378840914,1.561244897309476
2021-08-20 00:00:00+05:30,386.46279556915096,388.6512050351009,377.2901187133971,378.7335510253906,25541790,0.0,0.0,401.16931610107423,398.11719116210935,397.80787168060726,393.21818240007707,36.15457743273929,-2.1966514690617487,-3.00631709309698,0.8096656240352311
2021-08-23 00:00:00+05:30,382.8309555234949,384.6002974550949,373.6582793071593,381.3409729003906,26559937,0.0,0.0,400.2660171508789,397.6934783935547,396.2395956063009,392.75240947852075,38.472763321254035,-3.1835285187987665,-3.1945553142671983,0.01102679546843166
2021-08-24 00:00:00+05:30,381.340988439202,389.9549179704905,380.130393494319,388.8840026855469,19012313,0.0,0.0,400.00061492919923,397.4699822998047,395.53906294718143,392.6007072513453,44.72540139543397,-3.3187200875113376,-2.6637975063838155,-0.6549225811275222
2021-08-25 00:00:00+05:30,390.1876983184357,392.32952873155966,385.8108798336383,387.6268005371094,16410980,0.0,0.0,399.3627182006836,397.207373046875,394.7855141462222,392.40565208608115,43.92419634197781,-3.487108865865082,-2.2657490277900476,-1.2213598380750343
2021-08-26 00:00:00+05:30,385.9971690163407,387.20776396891415,381.80660867720064,382.5050354003906,15897679,0.0,0.0,398.6759323120117,396.85815979003905,393.61594474185733,392.0173926082109,40.72357321653445,-3.9878721205999454,-2.213209826019929,-1.7746622945800166
2021-08-27 00:00:00+05:30,382.13253432090767,385.857476722634,379.4785071758666,384.088134765625,15090541,0.0,0.0,397.32098693847655,396.6067260742187,392.7085342679305,391.7064413202664,42.127284446408666,-4.208475038956408,-1.947050195501113,-2.261424843455295
2021-08-30 00:00:00+05:30,385.9040282244156,394.192019407842,385.06592186547226,393.63330078125,20308691,0.0,0.0,396.89727478027345,396.65235717773436,392.796607269199,391.7820044363834,49.84009183245586,-3.5719145089128688,-1.048391732366059,-2.52352277654681
2021-08-31 00:00:00+05:30,394.7042283483193,397.637614905615,389.9083705268286,396.7529296875,26262421,0.0,0.0,396.4852020263672,396.8972723388672,393.1733998804658,391.9769426815252,52.087547625493904,-2.7836198844894398,-0.20807768635410362,-2.575542198135336
2021-09-01 00:00:00+05:30,398.10323594943776,402.8059645620367,395.91482651245417,400.3381958007813,18776721,0.0,0.0,395.71227722167976,397.08631286621096,393.8557613966863,392.30483496071173,54.60491392044905,-1.8482838376909285,0.5818066883555262,-2.4300905260464547
2021-09-02 00:00:00+05:30,401.7350193352773,403.6906197166776,398.3360151875637,400.198486328125,14372717,0.0,0.0,394.4457962036133,397.293046875,394.45983043777574,392.6143899162966,54.48478090957662,-1.105552547132561,1.0596303831311151,-2.165182930263676
2021-09-03 00:00:00+05:30,401.595366725582,404.4356240385694,398.75510941259455,401.7350463867188,14233624,0.0,0.0,393.95922393798827,397.526787109375,395.1527081471989,392.9720627190583,55.64069028004299,-0.3884670863556039,1.4213726751264577,-1.8098397614820616
2021-09-06 00:00:00+05:30,402.2937733094337,404.0165648280189,400.4778525484012,401.4090881347656,10694099,0.0,0.0,393.74503936767576,397.78473876953126,395.7485538603005,393.30292646085076,55.31973511997363,0.15177661451156155,1.5692931007948985,-1.417516486283337
2021-09-07 00:00:00+05:30,401.4090930477971,402.0144189215866,395.8682582925448,399.59320068359375,14928735,0.0,0.0,393.5448226928711,397.7903259277344,396.1147107006142,393.5496038813505,53.469324215821715,0.42845770467567945,1.476779352767213,-1.0483216480915336
2021-09-08 00:00:00+05:30,399.5000672469168,405.45996932623007,397.9635342105474,401.6884765625,22817464,0.0,0.0,393.7729766845703,397.87599975585937,396.6455455446033,393.8687753590426,55.32617988307251,0.8074924442364022,1.4846512738623487,-0.6771588296259464
2021-09-09 00:00:00+05:30,400.6641289649027,403.9700040768281,400.4313200578923,402.5731506347656,9662128,0.0,0.0,393.9708648681641,398.0771472167969,397.21007936271394,394.210123409071,56.12235547990544,1.165827081346663,1.4743887287780875,-0.30856164743142456
2021-09-13 00:00:00+05:30,400.52445962292666,403.97001448401227,399.3138362238505,403.0853576660156,9567921,0.0,0.0,394.2362686157227,398.33137451171876,397.76962967731413,394.55817181130413,56.60457703210959,1.4741476333550168,1.4261674246291531,0.04798020872586373
2021-09-14 00:00:00+05:30,405.0874772633471,406.71713952819965,402.5265794185788,403.2250061035156,9981562,0.0,0.0,394.32007751464846,398.5660461425781,398.2891893369524,394.89804766590066,56.744157072339576,1.710049962468645,1.329655802994225,0.38039415947441996
2021-09-15 00:00:00+05:30,403.2250067157923,414.3998336917496,401.781602932353,413.3289184570313,22181568,0.0,0.0,395.20475006103516,398.92829650878906,399.72154449124565,395.62082691261173,65.41251044297691,2.6813960780094135,1.8408015348279947,0.8405945431814188
2021-09-16 00:00:00+05:30,414.2601678659449,434.0489246297312,412.3045673960655,431.81396484375,42637448,0.0,0.0,397.16965942382814,399.5065936279297,402.77796547719845,397.04016565500933,75.20303586538698,4.886455611598592,3.2366888547337385,1.6497667568648535
2021-09-17 00:00:00+05:30,435.81825340933625,439.45006650393645,419.3819510318762,422.87408447265625,41529478,0.0,0.0,398.7713851928711,399.9601055908203,404.691881572004,398.05326051060337,65.54047216174006,5.84522740333648,3.3563685171773012,2.488858886159179
2021-09-20 00:00:00+05:30,418.4972981096885,422.3153699829822,405.6928078400832,407.3690490722656,18376916,0.0,0.0,400.20316009521486,400.0457794189453,404.9468499053622,398.4185855522372,52.85589095342787,5.292920685113188,2.243249439163207,3.049671245949981
2021-09-21 00:00:00+05:30,409.88333338026194,411.000827439868,402.89906655536015,408.6261596679688,17279588,0.0,0.0,401.5674194335937,400.3130438232422,405.29726035894384,398.81888257638354,53.63932373144947,4.900165888611241,1.480395714129008,3.419770174482233
2021-09-22 00:00:00+05:30,408.7193409444811,412.351154471994,406.1118923655124,408.67279052734375,14321143,0.0,0.0,402.5568588256836,400.59427734375,405.618739422601,399.2053103391663,53.67007906774271,4.540329511033008,0.8964474692406199,3.643882041792388
2021-09-23 00:00:00+05:30,411.9786133937061,420.1269246887519,411.6526752580933,418.8697509765625,20516770,0.0,0.0,404.11900634765624,401.0105389404297,406.8807405229783,399.97646487396617,59.930040033574535,5.020097518725208,1.1009723815462564,3.919125137178952
2021-09-24 00:00:00+05:30,420.08040270798216,420.8253798520407,409.7436814245959,410.4421081542969,10731274,0.0,0.0,405.51585998535154,401.22751708984373,407.2199183926277,400.38688225750855,53.496427304370926,4.666484450397661,0.5978874505749676,4.068596999822693
2021-09-27 00:00:00+05:30,414.3066892276736,419.5681643850629,411.8389207116295,415.8898010253906,11746892,0.0,0.0,407.10594329833987,401.51713134765623,408.0456215005098,400.99483985624903,56.73004011694575,4.770831654953042,0.5617877241042795,4.209043930848763
2021-09-28 00:00:00+05:30,418.31106249687934,424.4571950097488,409.37119463399216,414.3067321777344,19241170,0.0,0.0,408.1396148681641,401.7629772949219,408.6419177554836,401.5168748492485,55.5218439602308,4.671932016487347,0.37031046851086646,4.30162154797648
2021-09-29 00:00:00+05:30,411.4664571628521,430.5102082063525,408.90555925277545,428.3683776855469,38635938,0.0,0.0,409.7203872680664,402.32171875,410.5206282250134,402.5698749604759,63.04958550283241,5.6629318614296835,1.0890482507625627,4.573883610667121
2021-09-30 00:00:00+05:30,428.3218303042038,432.93142952353054,420.3597487850941,421.8497314453125,26530369,0.0,0.0,410.795964050293,402.78919921875,411.59959043647046,403.32594776380284,58.13735074034005,5.854815437460616,1.0247454614347955,4.83006997602582
2021-10-01 00:00:00+05:30,417.6591733111292,424.2243730289997,413.28235455317855,420.5925598144531,14777309,0.0,0.0,411.8156677246094,403.3619097900391,412.4560637105641,404.0030698050048,57.21158165248021,5.838142833456629,0.8064582859446467,5.031684547511983
2021-10-04 00:00:00+05:30,422.5946993624351,432.4658022999672,420.545998115926,431.3017578125,16246765,0.0,0.0,413.29400329589845,404.1273858642578,414.25089172027225,405.0736065896125,62.66545841414803,6.6128437067056325,1.2649273273549193,5.347916379350713
2021-10-05 00:00:00+05:30,430.23086117096346,436.7495105826448,427.1577949587933,432.7452087402344,16487568,0.0,0.0,414.8608093261719,404.79415100097657,416.0122552459829,406.1587674582644,63.34365868943921,7.259590120646408,1.5293389930365553,5.7302511276098524
2021-10-06 00:00:00+05:30,433.0245515644931,438.6119651330672,422.45502188012944,425.7609252929688,19056690,0.0,0.0,416.1691955566406,405.42552856445315,416.94070001236247,406.92747953021353,57.866228722208234,7.126419085967484,1.1169343666861051,6.009484719281379
2021-10-07 00:00:00+05:30,430.3239816970877,432.0933236748763,425.6678036402464,426.4127807617188,9984651,0.0,0.0,417.40541076660156,405.9460894775391,417.84280294087256,407.6916089902726,58.229273221914234,6.992869918572637,0.7867081594330063,6.206161759139631
2021-10-08 00:00:00+05:30,430.1377029218264,432.0933032972844,423.0137565146367,426.5058898925781,16521128,0.0,0.0,418.6020477294922,406.55139221191405,418.667858841035,408.4294239276179,58.28456390542004,6.815974063747035,0.48784984368592266,6.328124220061112
2021-10-11 00:00:00+05:30,428.368400529019,442.2903849138349,427.11122671322033,436.9823303222656,20686981,0.0,0.0,420.29689636230466,407.06729797363283,420.41209422019983,409.54914574701587,64.05060429359494,7.435432968872988,0.8858469990494999,6.549585969823488
2021-10-12 00:00:00+05:30,437.6807114500437,451.0904977766172,435.91136957692873,449.7867736816406,33763609,0.0,0.0,422.62498474121094,408.02088256835935,423.2096827403371,411.12709194053053,69.58424688341606,8.857466818151124,1.8463046786621087,7.011162139489016
2021-10-13 00:00:00+05:30,452.7202145837878,452.7202145837878,445.130649568883,448.57623291015625,17638983,0.0,0.0,424.38735046386716,408.89251953125,425.6255446612723,412.59568570404525,68.51055322879384,9.774088754553759,2.210341292051795,7.563747462501964
2021-10-14 00:00:00+05:30,448.8555348504082,459.93723220543535,448.8555348504082,456.8641662597656,23431826,0.0,0.0,425.63986053466795,409.7138690185547,428.6006514801764,414.3317045493676,71.72710966658812,11.041999897806136,2.7826019482433377,8.259397949562798
2021-10-18 00:00:00+05:30,460.0303788249014,466.54902791756194,457.8885483477919,463.7087707519531,20084248,0.0,0.0,427.6815948486328,410.4774822998047,431.94428188701227,416.26806008672395,74.08172033992494,12.455551153032388,3.3569225627756722,9.098628590256716
2021-10-19 00:00:00+05:30,465.9437490647412,469.5290118925847,450.0196142476955,454.6292419433594,20645100,0.0,0.0,430.0446044921875,411.3407373046875,434.104754273331,417.7724201595332,66.20509887614034,12.696797830908395,2.878535392521343,9.818262438387052
2021-10-20 00:00:00+05:30,455.1879674779999,472.6020852376296,449.8799414045972,465.5246887207031,34080545,0.0,0.0,432.88953094482423,412.53737548828127,437.09712898260454,419.6450581423242,70.28765580053329,13.610268357569112,3.033604735345648,10.576663622223464
2021-10-21 00:00:00+05:30,470.18085209827126,471.6708347526732,457.9351095550386,468.3649597167969,20808243,0.0,0.0,435.8741394042969,413.8327239990234,440.0750176239562,421.55564251779373,71.26227046283567,14.397421945295719,3.056606658457804,11.340815286837914
2021-10-22 00:00:00+05:30,469.90149278390766,473.71956445485785,465.6178033096478,468.3649597167969,24080485,0.0,0.0,438.3488998413086,415.25751525878906,442.7692978232744,423.3913020157939,71.26227046283566,14.850064534593798,2.8073993982047067,12.042665136389092
2021-10-25 00:00:00+05:30,471.67083740234375,480.0054074960291,463.6156550436469,471.67083740234375,35619415,0.0,0.0,441.41033630371095,416.71862426757815,445.5218254022334,425.28461712899195,72.4807788702806,15.299184275659059,2.6052153114159733,12.693968964243085
2021-10-26 00:00:00+05:30,472.6951800421617,482.5662827476402,472.6951800421617,477.3047790527344,21107457,0.0,0.0,444.4810852050781,418.3091741943359,448.54877336894776,427.32462347894267,74.46768146953944,15.926140281075732,2.585737053466117,13.340403227609615
2021-10-27 00:00:00+05:30,478.375743336828,490.6214574827352,477.4910581413476,483.4509887695313,29463032,0.0,0.0,447.938298034668,419.94721740722656,451.8727938832891,429.52565741190693,76.46409733572584,16.72614658431104,2.7085946853611382,14.0175518989499
2021-10-28 00:00:00+05:30,483.8700222367135,484.7547074740887,463.3828663036088,466.875,28140401,0.0,0.0,449.86362915039064,421.37200805664065,453.30157541821393,430.9903375134008,62.312839258237,15.84001969401362,1.4579742360509762,14.382045457962644
2021-10-29 00:00:00+05:30,467.0146366475551,477.3979359503363,454.8154450413455,467.6199340820313,31355893,0.0,0.0,452.1521392822266,422.87409118652346,454.6652286242918,432.42679228079805,62.64740490794331,15.024672630449516,0.5141017379894972,14.510570892460018
2021-11-01 00:00:00+05:30,473.5333123886215,481.40226473890624,466.54904524424654,480.23822021484375,20679604,0.0,0.0,455.1344223022461,424.66206420898436,457.10075163291583,434.30175023899596,67.85326002168321,15.221233538474735,0.5685301168117718,14.652703421662963
2021-11-02 00:00:00+05:30,479.4000742009274,488.898688662565,476.839176307933,485.82562255859375,26797820,0.0,0.0,457.8606155395508,426.80390563964846,459.8364536258375,436.3222942515292,69.85661355333654,15.647491604509014,0.7958305462768394,14.851661058232175
2021-11-03 00:00:00+05:30,487.9674529306937,505.0090529917581,479.7725910429911,491.3664855957031,80775924,0.0,0.0,460.7916793823242,429.00441589355466,462.83931381344377,438.4808899905164,71.73758450310031,16.24514165231659,1.1147844752675322,15.130357177049058
2021-11-04 00:00:00+05:30,494.95172400580697,499.0491834026233,491.7389498012704,493.9739379882813,9796046,0.0,0.0,464.2023300170898,431.10621459960936,465.8045161158093,440.65708795121304,72.60395097634738,16.736258072629994,1.2847207164647472,15.451537356165247
2021-11-08 00:00:00+05:30,497.6988933831952,497.6988933831952,480.93665205794434,487.26904296875,36802110,0.0,0.0,467.2451431274414,433.0990594482422,467.8487567684703,442.4850077558224,66.92291561849423,16.395445886729078,0.7551268244510645,15.640319062278014
2021-11-09 00:00:00+05:30,490.0627302299277,495.41733488327134,486.291237450412,492.7633361816406,25451967,0.0,0.0,470.55801544189455,435.30422546386717,470.2215738554389,444.4567069097761,69.05940358925308,16.379876300664307,0.591645790709034,15.788230509955273
2021-11-10 00:00:00+05:30,489.4108526452648,492.1580090016376,485.6393598757881,488.3399658203125,15805538,0.0,0.0,473.1258972167969,437.38926208496093,471.94713499495066,446.17761902391476,65.39707178909461,15.828151196710905,0.03193654940450408,15.796214647306401
2021-11-11 00:00:00+05:30,486.8964904728016,486.8964904728016,472.22955880191256,474.5576477050781,23086898,0.0,0.0,474.36444091796875,439.0077490234375,472.19575525305805,447.2905613251369,55.517880553416205,14.116065967079578,-1.3441189441814583,15.460184911261036
2021-11-12 00:00:00+05:30,476.7926143343871,477.7238499092589,468.1321348557006,476.1873168945313,19836221,0.0,0.0,475.7449951171875,440.5964367675781,472.57590398081743,448.42376742589744,56.35740912834632,12.743823902372299,-2.1730888071109913,14.91691270948329
2021-11-15 00:00:00+05:30,477.1651081428936,480.424432496771,470.7395602528643,471.7173461914063,13328183,0.0,0.0,476.4876541137695,442.0240197753906,472.49413657230207,449.33724110297624,53.38142845107463,11.166897853678563,-3.000011884643781,14.166909738322344
2021-11-16 00:00:00+05:30,472.50893498024186,472.50893498024186,459.56476590009873,461.05474853515625,19553216,0.0,0.0,476.3549530029297,443.24114501953125,471.40467104495485,449.7967511983559,47.005146320461165,8.953578796184331,-4.17066475371041,13.124243549894741
2021-11-17 00:00:00+05:30,459.89068746912005,470.6464468307084,457.2366604365432,463.8949890136719,20488483,0.0,0.0,476.8182403564453,444.4843438720703,470.6894632324517,450.34962326954474,48.76086878346814,7.344033717559796,-4.624167865867957,11.968201583427753
2021-11-18 00:00:00+05:30,464.7797037766381,471.3914823645949,458.4472845071497,469.156494140625,22471070,0.0,0.0,476.9998306274414,445.8392919921875,470.5434661760873,451.0871476174302,51.93750888282431,6.419022640815342,-4.439343154089929,10.858365794905271
2021-11-22 00:00:00+05:30,471.2052268882202,471.2052268882202,444.66501153977305,452.9530029296875,28800269,0.0,0.0,476.22923278808594,446.9064880371094,468.8681839621444,451.16031841398933,43.079769288730716,4.328561414108151,-5.223843504637696,9.552404918745847
2021-11-23 00:00:00+05:30,451.8820647684471,461.334100212714,446.9930779780621,459.1456909179688,20000371,0.0,0.0,475.76826934814454,448.0556323242188,467.9422322436515,451.4734702768905,46.81314251538585,3.1354109316891936,-5.133595189645323,8.269006121334517
2021-11-24 00:00:00+05:30,461.7065992231875,465.6178001117482,455.4207589216789,459.2388305664063,13963769,0.0,0.0,475.1466690063477,449.1889459228516,467.11333684581865,451.77799420981273,46.86958654760207,2.1723051874279236,-4.877360747125275,7.0496659345531985
2021-11-25 00:00:00+05:30,456.3054587242203,461.38070427561206,452.85987552541496,456.817626953125,12894211,0.0,0.0,474.1223114013672,450.26359130859373,466.1327930465145,451.9756268664132,45.517291329419514,1.199835097418088,-4.679864669708088,5.879699767126176
2021-11-26 00:00:00+05:30,452.8132918841274,454.3498248771471,434.9801365610877,438.1463317871094,26305817,0.0,0.0,471.8570785522461,450.96201782226564,463.467415783714,451.43330156918563,36.718988374383024,-1.0651930501340416,-5.555914253808174,4.490721203674132
2021-11-29 00:00:00+05:30,437.6807244588183,444.897800234469,423.06031442310393,433.11767578125,22407465,0.0,0.0,470.1692123413086,451.35779296875,460.5769643549079,450.71504173436466,34.76965953906872,-3.228795148539632,-6.1756130817710115,2.94681793323138
2021-11-30 00:00:00+05:30,435.8182709483913,444.4322004489738,426.5059147315454,428.8805541992188,23026652,0.0,0.0,468.232243347168,451.2991247558594,457.5582586257946,449.8587873212217,33.17169989010804,-5.22513361225549,-6.537561236389497,1.3124276241340058
2021-12-01 00:00:00+05:30,432.5123883871725,444.4321927711927,432.0933209970317,442.61627197265625,17156956,0.0,0.0,466.3511459350586,451.6939685058594,456.1352122778767,449.57476711147405,42.4115674176821,-5.633943998057703,-5.557097297753367,-0.07684670030433605
2021-12-02 00:00:00+05:30,441.8712520319461,445.2702559791505,438.5653773200869,444.1993408203125,12962679,0.0,0.0,464.2698318481445,452.4305743408203,454.9984626152515,449.36396608044817,43.38315976548244,-5.763747850960897,-4.549520920525248,-1.2142269304356483
2021-12-03 00:00:00+05:30,443.03532339571154,448.3899279349136,437.7272692674896,440.6141052246094,16653993,0.0,0.0,461.73221282958986,453.0703332519531,453.6285238161428,449.02083428218,41.668570845487686,-6.085763990061196,-3.8972296477004376,-2.188534342360758
2021-12-06 00:00:00+05:30,440.6141298941241,444.1993927310052,431.9070711242859,433.3039245605469,14353300,0.0,0.0,458.69871215820314,453.5629559326172,451.6928476965622,448.4044848813316,38.341211131631574,-6.851850716232434,-3.7306530990973403,-3.1211976171350937
2021-12-07 00:00:00+05:30,436.9357465608352,446.713720174494,436.9357465608352,443.9200134277344,13644942,0.0,0.0,456.53126068115233,454.06396118164065,450.95257776619763,448.2286232557003,45.18661239545885,-6.527109857403104,-2.724729792214408,-3.8023800651886965
2021-12-08 00:00:00+05:30,447.83118703791257,458.540396262907,447.2258895916152,457.7488403320313,20397660,0.0,0.0,454.78053588867186,455.0100958251953,451.5998408677056,448.60196510183096,52.57304355752789,-5.095145957323325,-1.0342127137077028,-4.060933243615622
2021-12-09 00:00:00+05:30,458.4472523831347,459.56474641681535,452.6736089932615,455.0482482910156,12560970,0.0,0.0,453.115950012207,455.7932647705078,451.9282606223066,448.85476052101467,51.12416311765515,-4.130604421133057,-0.0557369420139473,-4.07486747911911
2021-12-10 00:00:00+05:30,454.9085790357137,461.8462954469712,451.0905074889623,460.6822509765625,13261408,0.0,0.0,452.42218017578125,456.72077514648436,452.7619739893786,449.3185836761342,53.9739716336463,-2.8784009586482284,0.9571732163767055,-3.835574175024934
2021-12-13 00:00:00+05:30,463.5225194457287,466.03686693088656,452.9064392999439,454.2567138671875,14047645,0.0,0.0,451.3256500244141,457.23854187011716,452.9043301682175,449.51223584048927,50.36698527481631,-2.3771060385473675,1.1667745091820532,-3.5438805477294206
2021-12-14 00:00:00+05:30,452.580499757446,456.631380284765,448.6692988857473,454.95513916015625,11642447,0.0,0.0,450.48753967285154,457.90065002441406,453.09964531030687,449.7256830294958,50.752234575324124,-1.9015492425785396,1.3138650441207052,-3.215414286699245
2021-12-15 00:00:00+05:30,456.3054492385272,457.2366848492181,450.2524177690366,451.4630126953125,8639835,0.0,0.0,450.00795288085936,458.51805908203124,452.9437755374502,449.7938136046259,48.716136335023656,-1.785866123358744,1.1436385306724008,-2.929504654031145
2021-12-16 00:00:00+05:30,454.7689339050586,456.81763527706426,445.36344818636536,448.0640258789063,11107781,0.0,0.0,449.2164047241211,458.8533044433594,452.4790374747318,449.7259787918526,46.75019224977142,-1.9460236976622127,0.7867847650951458,-2.7328084627573586
2021-12-17 00:00:00+05:30,447.0396555810828,448.296829373176,434.4214240840976,435.6320190429688,12648603,0.0,0.0,447.5401809692383,458.9110406494141,450.8745595288496,449.1732744879748,40.33822173165693,-3.0410534114772076,-0.24659595897587927,-2.7944574525013284
2021-12-20 00:00:00+05:30,427.4371324999562,432.0933104138991,412.53736317533895,418.31103515625,22336114,0.0,0.0,445.8080825805664,458.76204284667966,447.77327149336395,447.96299059261304,33.45377231573501,-5.246057703446809,-1.9612802007563843,-3.2847775026904245
2021-12-21 00:00:00+05:30,425.6212274058776,426.738721513962,413.93423177950046,415.3310852050781,16617447,0.0,0.0,443.6173522949219,458.54040893554685,444.68353946590815,446.683308028396,32.42835996209887,-7.151557840514272,-3.093424270259078,-4.058133570255194
2021-12-22 00:00:00+05:30,419.0560197219135,425.8540282297802,418.1247841225314,424.5037536621094,13102553,0.0,0.0,441.880598449707,458.5003662109375,442.7616551036416,445.81352158265935,38.6608632702856,-7.831248978789517,-3.0184923268274586,-4.812756651962059
2021-12-23 00:00:00+05:30,429.2996395383585,433.0245821807738,426.2731236413961,430.0446166992188,14471377,0.0,0.0,440.54194793701174,458.3616119384766,441.5505085889347,445.1951331558578,42.13298950695524,-7.832519355061493,-2.4158101624795467,-5.416709192581946
2021-12-24 00:00:00+05:30,430.78958199605336,431.72081756957743,421.1047377152137,425.5281066894531,13221159,0.0,0.0,439.9110366821289,457.87643859863283,440.02456555088884,444.4238772159988,40.13851104662952,-8.104546581067211,-2.1502699107882117,-5.9542766702789995
2021-12-27 00:00:00+05:30,422.50157732150274,428.8339676477019,419.5681626251519,426.5524291992188,8856482,0.0,0.0,439.58277435302733,457.43596252441404,438.74150494596785,443.7230361173016,40.82270714300147,-8.143601482930023,-1.7514598501208187,-6.392141632809205
2021-12-28 00:00:00+05:30,429.4858703613281,431.0689538309039,427.483691084808,429.4858703613281,8832210,0.0,0.0,439.6130401611328,456.8883966064453,437.86001593790695,443.16471589157715,42.837675841534775,-7.847388775071067,-1.1641977138094894,-6.683191061261578
2021-12-29 00:00:00+05:30,429.2996338629338,430.3705491746591,420.35976595551256,423.1534729003906,11757303,0.0,0.0,438.63990020751953,456.07729064941407,436.45939279147683,442.3799612644718,39.69550355856568,-8.031032875198491,-1.0782734511495295,-6.952759424048962
2021-12-30 00:00:00+05:30,421.6169156458221,423.6190664913065,417.6591643669822,420.6391296386719,28879190,0.0,0.0,437.4618896484375,455.3974884033203,434.95270106263825,441.5273796320875,38.488317786515985,-8.283966229507314,-1.0649654443666812,-7.219000785140633
2021-12-31 00:00:00+05:30,423.013772958106,429.67210184039385,421.94285769771926,428.7874450683594,10005842,0.0,0.0,436.870556640625,454.6627435302734,434.3655338250879,441.0277743550786,44.390464590515016,-7.737721145420835,-0.4149762882241612,-7.322744857196674
2022-01-03 00:00:00+05:30,430.2308281477865,439.5431837354009,428.4614862699505,438.4256896972656,13124509,0.0,0.0,437.12664489746095,454.0639581298828,434.75221533672385,440.9257318194781,50.447160191922585,-6.452709372444133,0.6960283878020332,-7.148737760246166
2022-01-04 00:00:00+05:30,440.0088193276059,451.3699049720466,438.65851634511614,450.2524108886719,23296671,0.0,0.0,437.4432647705078,453.7017071533203,436.22842443690934,441.29148393983866,56.68175747699234,-4.428956470969069,2.1758250314216774,-6.604781502390747
2022-01-05 00:00:00+05:30,448.7624314410835,460.96162352526,446.2015335326098,458.5404052734375,24694169,0.0,0.0,437.48284301757815,453.4390985107422,438.3533749927692,441.96791222743076,60.43827050754512,-2.1317720932967745,3.5784075272751785,-5.710179620571953
2022-01-06 00:00:00+05:30,454.1636074541724,460.40286883985226,452.02174855119335,457.8885498046875,18190843,0.0,0.0,437.6248580932617,453.05077392578124,440.21386783199955,442.5922509559506,59.99757933778248,-0.3596899305957777,4.2803917519809405,-4.640081682576718
2022-01-07 00:00:00+05:30,459.5182120822768,467.4337145771082,455.7932697317679,457.469482421875,22746330,0.0,0.0,437.46421966552737,452.5311437988281,441.857259697702,443.17567179775153,59.69621880590575,0.9993626840664547,4.511555493314539,-3.512192809248084
2022-01-10 00:00:00+05:30,459.42506975618335,470.2274079488408,458.6335138454312,469.0167846679688,15832274,0.0,0.0,438.2022232055664,452.5739794921875,444.44388112344166,444.1890487730542,64.92427931130784,2.973911063515004,5.188883098210471,-2.2149720346954664
2022-01-11 00:00:00+05:30,468.4115045144542,472.88142400502176,464.9193710314936,471.1586608886719,16107950,0.0,0.0,439.0123992919922,452.64475402832034,446.9881458629874,445.2466806207255,65.81019015446205,4.657893098483612,5.498292106543262,-0.8403990080596508
2022-01-12 00:00:00+05:30,474.8370257240849,478.1894795606091,473.5333015707297,475.1629638671875,14489616,0.0,0.0,440.19739685058596,452.5432489013672,449.6714618633874,446.41986819901814,67.46464967511227,6.243602416491797,5.667201139641158,0.5764012768506387
2022-01-13 00:00:00+05:30,474.9301431846433,477.5841418377846,472.1364364600278,476.1873168945313,10450974,0.0,0.0,441.6035614013672,452.3504827880859,452.196781390163,447.58721912825393,67.89267648560771,7.496529873904649,5.5361028776432075,1.960426996261441
2022-01-14 00:00:00+05:30,473.998913169612,475.2560868942461,470.4136504804906,473.39361572265625,8724574,0.0,0.0,443.49164123535155,451.991025390625,454.2155275170671,448.59923468097566,65.36693674836471,8.169878302623772,4.967561045089865,3.202317257533907
2022-01-17 00:00:00+05:30,473.0677069875517,483.2181982388684,472.6486395802748,478.6551208496094,17422211,0.0,0.0,446.5088455200195,451.68464904785156,456.54310783445203,449.7778968836672,67.79678748672293,9.02404767083442,4.657384330640411,4.36666334019401
2022-01-18 00:00:00+05:30,478.6550721143395,481.86784612553,470.2739521745942,471.9501647949219,12592506,0.0,0.0,449.33979949951174,451.378271484375,458.010446592592,450.64739758606936,61.84229302287721,9.055562246456475,3.7511191250099714,5.3044431214465035
2022-01-19 00:00:00+05:30,470.2739958515499,482.0541493739674,465.8971769977842,480.3313293457031,16079457,0.0,0.0,452.1311782836914,451.12963134765624,460.1362449500312,451.81147334134914,65.87670177272835,9.645638789852853,3.4729565347250793,6.172682255127774
2022-01-20 00:00:00+05:30,480.5175762215908,483.45099113725774,473.0676913189305,476.23388671875,17724642,0.0,0.0,454.44064178466795,450.887509765625,461.66935368990914,452.7692150424237,62.402971480722066,9.67116614233123,2.798787109762765,6.872379032568466
2022-01-21 00:00:00+05:30,470.5533309050689,472.60206056479433,463.75532248525633,468.1321411132813,16947941,0.0,0.0,456.5708435058594,450.7589996337891,462.2848572540398,453.37168273147694,56.10349355546875,8.93466038851102,1.6498250847540428,7.284835303756977
2022-01-24 00:00:00+05:30,467.85276830324335,471.9501993342869,454.4429811020752,460.1700744628906,20233933,0.0,0.0,458.251725769043,450.43865478515625,462.0834493691685,453.6382863287873,50.68801926177755,7.620655858409748,0.2686564437222163,7.351999414687532
2022-01-25 00:00:00+05:30,456.3054270705522,481.91440512043016,455.3741915051021,479.2604064941406,21791739,0.0,0.0,460.7404525756836,450.58951599121093,463.7193500477373,454.6430753548796,60.526437360464065,8.027195538362776,0.5401568989401948,7.487038639422581
2022-01-27 00:00:00+05:30,468.9237092192192,494.3464315861228,468.5977994706891,492.5771179199219,35409230,0.0,0.0,464.21163482666014,451.21996337890624,466.46770889270726,456.1306848672342,65.67155334675068,9.316533286953927,1.4635957180250774,7.85293756892885
2022-01-28 00:00:00+05:30,497.2797849398423,499.5147730006576,485.54623971583055,487.4552612304688,24715250,0.0,0.0,467.55244140625,451.6911688232422,468.4665234010655,457.3590996265767,62.30763659030394,9.811945709774648,1.5672065126766377,8.24473919709801
2022-01-31 00:00:00+05:30,492.6236388269775,503.70536534679854,490.80771801566414,501.28411865234375,28674232,0.0,0.0,471.1772750854492,452.3337213134766,471.592008663092,459.0816493922931,67.19379463447814,11.19142901817662,2.3573518568628877,8.834077161313733
2022-02-01 00:00:00+05:30,506.5456029878375,506.5456029878375,484.2424995725934,495.6966857910156,32245356,0.0,0.0,474.0408248901367,453.18859497070315,473.8876921990847,460.5175331726352,63.60603635194373,11.69896199145478,2.2919078641128365,9.407054127341944
2022-02-02 00:00:00+05:30,499.7476111794052,506.82497905661904,494.812016992334,502.6809692382813,21661864,0.0,0.0,476.66225280761716,454.0593005371094,476.6299090599606,462.17100125364095,66.04650228532414,12.5204310974637,2.490701576097404,10.029729521366296
2022-02-03 00:00:00+05:30,500.2132579371295,507.2440758085912,500.2132579371295,502.9603576660156,22717677,0.0,0.0,478.8832504272461,454.93373107910156,479.13757083196583,463.77058385804787,66.1443039799948,13.04363666937013,2.411125718403067,10.632510950967063
2022-02-04 00:00:00+05:30,504.8694045053789,508.8271558150221,491.040521708818,493.834228515625,25332894,0.0,0.0,480.68053436279297,455.67406311035154,480.5372525161239,464.9495503152078,60.0587384144071,12.576899830013588,1.5555111032372189,11.021388726776369
2022-02-07 00:00:00+05:30,495.3242450391903,511.2483512781843,489.1315054806309,496.5813903808594,52289545,0.0,0.0,482.63612976074216,456.84276428222654,482.0652656460987,466.19001463150784,61.21551333606855,12.287043140792662,1.0125235312130343,11.274519609579627
2022-02-08 00:00:00+05:30,498.6766314255199,500.67881057078097,483.3112450230529,494.8119812011719,26567546,0.0,0.0,483.92588958740237,458.076650390625,483.27923855610567,467.3124446930633,60.00997985197192,11.778774710222308,0.4034040805141448,11.375370629708163
2022-02-09 00:00:00+05:30,498.1645188484061,499.6079227281808,491.4596108477119,498.4438781738281,14856155,0.0,0.0,485.29015045166017,459.46791687011716,484.7234899482697,468.53328522172075,61.67820091015839,11.53605162756321,0.12854479828403775,11.407506829279173
2022-02-10 00:00:00+05:30,500.1665900060256,506.545587611548,497.65229949736135,503.3793640136719,18659370,0.0,0.0,486.7009704589844,460.6831787109375,486.5002398592603,469.89979811552274,63.883122957841294,11.608132964526533,0.16050090819788743,11.447632056328645
2022-02-11 00:00:00+05:30,499.37508189786615,500.72538486222817,490.8542535694,493.1823425292969,14607095,0.0,0.0,487.5507217407227,461.6628387451172,487.13663058974,470.81283907292567,56.63300512238603,10.718882919638531,-0.5829993093520915,11.301882228990623
2022-02-14 00:00:00+05:30,479.5863495613935,480.1450682042784,465.33845578670656,466.9215393066406,26153332,0.0,0.0,487.22711791992185,462.1889874267578,485.21138380087336,470.660239082091,43.07481542084321,7.8051456425525885,-2.797389269150427,10.602534911703016
2022-02-15 00:00:00+05:30,467.480243298606,490.6214238421887,462.917194814761,488.71240234375,23842951,0.0,0.0,487.72998199462893,463.2971569824219,485.54481413829023,471.36816705313646,53.10691839656057,7.171657982353906,-2.7447015434792874,9.916359525833194
2022-02-16 00:00:00+05:30,490.2955308729563,491.6923842372667,478.6550861703695,481.16943359375,19773807,0.0,0.0,488.1909454345703,464.0421453857422,485.12811122928645,471.752530446886,49.83307584827217,5.991889140518936,-3.1395763082514065,9.131465448770342
2022-02-17 00:00:00+05:30,484.2425376060202,484.2425376060202,476.0010964264141,477.6773376464844,16408356,0.0,0.0,488.05824584960936,464.44071533203123,484.4185137452101,471.98487582726244,48.34712022338881,4.720713429435932,-3.5286016154675295,8.249315044903462
2022-02-18 00:00:00+05:30,475.023284081949,485.0806455887828,475.023284081949,479.8656921386719,15111223,0.0,0.0,488.23983612060545,464.9370642089844,483.98491168744454,472.2939274473177,49.36605434971692,3.8455503283410053,-3.5230117732499657,7.368562101590971
2022-02-21 00:00:00+05:30,476.373596865976,481.914460484581,469.94807640999306,476.6529846191406,16866932,0.0,0.0,488.66587829589844,465.25647888183596,483.2866329190346,472.46487086582056,47.87298401915727,2.859772936143429,-3.6070313323580345,6.4668042685014635
2022-02-22 00:00:00+05:30,466.4559272389921,470.5533583786192,461.4272604576743,464.1278381347656,27108772,0.0,0.0,488.8637664794922,465.4539013671875,481.4619857967233,472.1379284057792,42.47885910061879,1.0556932319798307,-4.3288888292173064,5.384582061197137
2022-02-23 00:00:00+05:30,468.4114976793301,470.5999069805296,463.0568930835922,464.4071960449219,13899433,0.0,0.0,488.12110595703126,465.6429425048828,479.83772010607555,471.83476243084357,42.63411461862335,-0.3475052583008278,-4.585669855598372,4.238164597297544
2022-02-24 00:00:00+05:30,446.9931168381296,454.396451703384,435.8182889171764,440.1485290527344,32356037,0.0,0.0,485.4996765136719,465.4166528320313,476.05779714861444,470.59216504346676,34.041601883086734,-3.3780814394268646,-6.092996829379527,2.7149153899526626
2022-02-25 00:00:00+05:30,446.9931083797052,458.0748068411408,446.3412320623623,449.7402648925781,21792287,0.0,0.0,483.61392669677736,465.4501776123047,473.5513655051824,469.77444346892213,39.25464117199924,-4.9488151161684755,-6.13098440489691,1.1821692887284352
2022-02-28 00:00:00+05:30,444.1062215314264,451.92859435172136,440.567537861476,449.9730224609375,18069367,0.0,0.0,481.04837188720705,465.73699768066405,471.3058090247781,468.9979171548835,39.37984834274302,-6.104482605414091,-5.829321515314021,-0.2751610901000703
2022-03-02 00:00:00+05:30,445.13062231278,446.8068350459173,434.8870305859169,441.6384887695313,22003848,0.0,0.0,478.3454620361329,466.2035467529297,468.48034995284985,467.92499839467365,36.48026087468216,-7.605216430144139,-5.8640442720352555,-1.7411721581088841
2022-03-03 00:00:00+05:30,446.9930959365198,450.1592913489257,432.6520731257009,435.259521484375,20358590,0.0,0.0,474.9743896484375,466.6021154785156,465.31646152728086,466.6439993001522,34.39295806964149,-9.203199393291072,-5.9696217881457505,-3.2335776051453218
2022-03-04 00:00:00+05:30,428.64773418310085,438.5188372009064,426.1799655334132,430.1842956542969,20684268,0.0,0.0,471.33558654785156,466.7157263183594,461.97054096794903,465.21420700031473,32.78564338605793,-10.75516190193622,-6.017267437432718,-4.737894464503501
2022-03-07 00:00:00+05:30,416.7279487446068,422.73442998798953,403.6440993751081,410.0230407714844,33720472,0.0,0.0,467.14502716064453,466.3152947998047,457.02315999685715,463.04984754036064,27.322960310613066,-13.456826229538535,-6.975145412028027,-6.481680817510508
2022-03-08 00:00:00+05:30,407.8812101679056,411.6992819742931,395.7751468524198,410.0230407714844,42510207,0.0,0.0,462.8171096801758,466.0051934814453,452.5469581658693,460.9703649219734,27.322960310613066,-15.420160660229328,-7.150783874175055,-8.269376786054274
2022-03-09 00:00:00+05:30,411.6061329993448,423.0603194504829,408.3933588288999,420.6391296386719,32331325,0.0,0.0,459.1084671020508,465.88692749023437,449.5081173537552,459.38874785204,34.03496769828875,-15.935789826946802,-6.133130432714022,-9.80265939423278
2022-03-10 00:00:00+05:30,437.5876195199703,443.8734600607779,429.9049255256498,436.47015380859375,34553299,0.0,0.0,456.00978088378906,466.0266131591797,448.2664065399303,458.4899794581794,42.55492037334209,-14.89529462689461,-4.074108186129465,-10.821186440765146
2022-03-11 00:00:00+05:30,434.32829125108464,442.1506648431163,430.2308601713591,438.0066833496094,22091309,0.0,0.0,452.74114685058595,466.32367736816406,447.289290045614,457.68671294411786,43.32010984984791,-13.787772730397876,-2.373269031706183,-11.414503698691693
2022-03-14 00:00:00+05:30,438.61199215343146,452.5805269353879,438.1929247423501,451.7889709472656,27750689,0.0,0.0,450.6714782714844,466.9466741943359,447.71783108386654,457.4554289442413,49.78175047534779,-11.663488783980256,-0.19918806823084978,-11.464300715749406
2022-03-15 00:00:00+05:30,455.3742129012,456.7710663150074,447.5983898805279,452.4408264160156,27204899,0.0,0.0,449.94744262695315,467.41974182128905,448.16764016311885,457.25877786470306,50.071668715844346,-9.814246637183203,1.3200432628529626,-11.134289900036165
2022-03-16 00:00:00+05:30,459.0991724363624,460.3097674057931,455.7467184345574,458.8663635253906,16211288,0.0,0.0,448.4551406860352,467.82855529785155,449.1865661976209,457.321820439632,52.954848020416456,-7.740988471996843,2.714641142431457,-10.4556296144283
2022-03-17 00:00:00+05:30,464.6865987578087,468.8771592676486,464.0347224219884,467.3871765136719,22947673,0.0,0.0,447.7660278320312,468.17125061035154,450.9199576562924,457.7165402856728,56.53895562547006,-5.348701540412492,4.085542459212647,-9.434243999625139
2022-03-21 00:00:00+05:30,467.4802458400517,467.4802458400517,455.3741836967834,456.8641662597656,19064060,0.0,0.0,446.7253692626953,468.1377258300781,451.4860727613851,457.6831138532843,51.33728657043588,-4.252891212099144,4.1450822300207975,-8.397973442119941
2022-03-22 00:00:00+05:30,456.86417116189705,461.706579019731,444.4321707591045,459.7510070800781,26157969,0.0,0.0,445.7196350097656,468.17497497558594,452.27320936316545,457.7642077053154,52.62497823828798,-3.1155950636567127,4.225902702770583,-7.341497766427295
2022-03-23 00:00:00+05:30,464.2209411418445,467.8527542553318,455.5604615312936,456.9107360839844,15800195,0.0,0.0,444.73252258300784,468.16380004882814,452.714878574672,457.7307382299691,51.18975248585415,-2.415620040335682,3.9407021808732914,-6.356322221208973
2022-03-24 00:00:00+05:30,451.649257989312,460.7753553398247,450.2524046140873,453.6048583984375,18174877,0.0,0.0,444.2063735961914,467.8555615234375,452.79963855788776,457.56893902088945,49.49765794356005,-2.103394865465816,3.4023418845945264,-5.5057367500603425
2022-03-25 00:00:00+05:30,457.9350918898123,459.3784956567696,453.1392343845382,456.9573059082031,11541196,0.0,0.0,443.8338790893555,467.5715344238281,453.19560687696537,457.54495340862724,51.257248119934616,-1.5673719799259516,3.1506918161075133,-4.718063796033465
2022-03-28 00:00:00+05:30,457.1901517730187,464.31409878113385,448.8090309589877,463.2897338867188,16738684,0.0,0.0,444.9909393310547,467.3340698242188,454.15695230646566,457.77023891757204,54.4832471842212,-0.6243982909184638,3.274932404092001,-3.8993306950104647
2022-03-29 00:00:00+05:30,465.6178175800978,466.9215417855109,457.8885731758907,460.9616394042969,14301429,0.0,0.0,445.5520080566406,467.02955627441406,454.80501774435436,457.8953918778358,53.092018712038374,-0.06420252985606112,3.068102532123523,-3.1323050619795842
2022-03-30 00:00:00+05:30,464.9659006696402,465.9902654626858,458.4472517926908,460.3097229003906,16461225,0.0,0.0,446.06884307861327,466.76787841796875,455.32927537826254,457.9900715257791,52.686314653319585,0.32342420034967745,2.7645834098634094,-2.441159209513732
2022-03-31 00:00:00+05:30,460.30975483884754,463.3362705988537,458.354182775319,459.611328125,10240982,0.0,0.0,446.96748504638674,466.3870025634766,455.7370899255709,458.05365021594463,52.22588886187071,0.5677222068860601,2.407105133119834,-1.8393829262337738
2022-04-01 00:00:00+05:30,457.236643815915,474.6973099494148,457.236643815915,473.25390625,18527226,0.0,0.0,448.867204284668,466.41307739257815,457.4053581469451,458.6497386878684,59.64481887249792,1.840950840703556,2.944267013549864,-1.103316172846308
2022-04-04 00:00:00+05:30,474.27829656735247,479.4932502155485,471.2052303457634,477.1651611328125,16257176,0.0,0.0,451.21624755859375,466.3497540283203,459.2872441455991,459.3758336857094,61.49116609959598,3.1295240818880075,3.386272203787452,-0.25674812189944485
2022-04-05 00:00:00+05:30,479.0276052463827,480.8900764070014,472.7883154906881,474.3713989257813,13602384,0.0,0.0,454.4336654663086,466.31250427246096,460.7238303151403,459.96389506767304,59.40060460888277,3.8805616978462467,3.309847855796553,0.5707138420496936
2022-04-06 00:00:00+05:30,472.1364521966896,479.7725955327789,471.20521659077895,478.6085510253906,13738275,0.0,0.0,457.8629409790039,466.52203247070315,462.42713704944987,460.6950580464071,61.53644566525102,4.76276499239367,3.353640920275181,1.409124072118489
2022-04-07 00:00:00+05:30,474.9767478659664,484.1494534293804,474.9767478659664,479.5398254394531,19620958,0.0,0.0,460.80797576904297,466.90942749023435,464.05691689611683,461.4340685324089,62.009501773080785,5.473963082492617,3.2518712082993018,2.222091874193315
2022-04-08 00:00:00+05:30,483.7769111419855,483.7769111419855,477.118553633564,480.6106872558594,13572638,0.0,0.0,463.01500244140624,466.9364331054687,465.63346645418756,462.18609279607364,62.579422137335285,6.054213091913141,3.065696974175861,2.98851611773728
2022-04-11 00:00:00+05:30,478.1895029789754,486.10500594941607,477.9101436535236,479.4932556152344,12370288,0.0,0.0,465.0893310546875,466.674755859375,466.95344637428724,462.86480506349176,61.541935406656826,6.350691195290608,2.689740062042662,3.660951133247946
2022-04-12 00:00:00+05:30,477.4910666532263,481.1694587390938,469.6686930881109,477.5841674804688,14460680,0.0,0.0,466.3790908813477,466.477333984375,467.96589600344737,463.4420349621968,59.720295028388236,6.35831012940514,2.1578871969257554,4.200422932479385
2022-04-13 00:00:00+05:30,478.9344840583954,485.08067345936144,478.42231581784336,482.1007080078125,15440525,0.0,0.0,467.8620849609375,466.0936657714844,469.3120685752917,464.1737476306523,62.544956561851045,6.652113836326862,1.9613527230779813,4.690761113248881
2022-04-18 00:00:00+05:30,476.7926582433759,479.5863652252706,469.3427729583231,474.4645690917969,14492183,0.0,0.0,468.6419952392578,465.6690234375,469.8027829101969,464.57730925657955,55.463248348235055,6.197343677950016,1.2052660517609084,4.992077626189108
2022-04-19 00:00:00+05:30,477.9566873090639,485.12721303086033,470.36712260501565,476.60638427734375,20362934,0.0,0.0,469.1029556274414,465.14753173828126,470.45074494516325,465.0490376887664,56.93607685522567,5.941274324473909,0.7593573586278408,5.181916965846068
2022-04-20 00:00:00+05:30,476.7926373359957,478.37574925727273,472.13645923701137,474.2782897949219,11881305,0.0,0.0,469.9736618041992,464.5738903808594,470.81527302609265,465.41096914390977,54.81415371781248,5.487226418457851,0.24424756208942622,5.242978856368425
2022-04-21 00:00:00+05:30,478.0963868580151,482.38004794623134,476.9788927538379,480.79693603515625,10035638,0.0,0.0,471.0259582519531,464.31314453125,471.7659075983844,466.01434039454693,59.37907613308319,5.588964352641028,0.2767883970180822,5.312175955622946
2022-04-22 00:00:00+05:30,477.6307590507531,478.189477672088,464.6865615547652,466.1765441894531,16760456,0.0,0.0,471.48924865722654,463.7050476074219,471.23358727372425,466.0207013276805,47.73178483617475,4.438682594265231,-0.6987946890861725,5.137477283351403
2022-04-25 00:00:00+05:30,460.9616602376713,464.8728614497352,456.3520322676716,460.7288513183594,14057444,0.0,0.0,471.84544830322267,463.0233850097656,470.2331362303562,465.8131777979032,44.248950915320705,3.0523076246897176,-1.668135726929349,4.720443351619067
2022-04-26 00:00:00+05:30,464.6865922605249,472.9745839136247,464.1744240174396,470.7396240234375,12137213,0.0,0.0,472.53456420898436,462.4692999267578,470.2813731630306,466.0063717675321,51.28356475897819,2.729912435544861,-1.5924247328593646,4.322337168404226
2022-04-27 00:00:00+05:30,465.6178132561117,468.2252616427236,458.0282485838483,463.0569152832031,12367342,0.0,0.0,472.5229232788086,461.66285095214846,469.59332955542794,465.89070680736233,46.44054765977127,1.8333478444235993,-1.9911914591845017,3.824539303608101
2022-04-28 00:00:00+05:30,464.8262581197554,474.93017036926574,462.3584893889028,472.6020812988281,12154792,0.0,0.0,473.10494537353514,461.2512457275391,469.87987734051364,466.1538979638904,52.44886036223505,1.871456090866502,-1.562466570193279,3.433922661059781
2022-04-29 00:00:00+05:30,473.16080767692927,477.2582385779829,460.0303802098021,462.1722106933594,12894773,0.0,0.0,473.1980697631836,461.15625915527346,469.1458138503085,465.99775336504604,46.3326345280618,1.047973374214621,-1.9087594294761283,2.956732803690749
2022-05-02 00:00:00+05:30,458.7732274416462,460.9616368559858,448.20369735719777,457.2366943359375,18590895,0.0,0.0,473.07933807373047,460.5267449951172,468.01161199179694,465.65418242272807,43.73366216688459,-0.002864513488873399,-2.367677853743698,2.3648133402548246
2022-05-04 00:00:00+05:30,458.1679099883815,462.3119197288658,444.6649939419759,446.6671447753906,14645323,0.0,0.0,471.75,459.83669921875,465.97880559023446,464.9095927110678,38.724051020919795,-1.6692928575339465,-3.227284958231017,1.5579921006970703
2022-05-05 00:00:00+05:30,451.64925034840905,460.0303704579672,445.7358988095211,446.9930725097656,14130385,0.0,0.0,470.2413955688477,459.22301391601565,464.1706405349517,464.20698407572263,38.956259902631935,-2.9298758963366254,-3.5902943976269563,0.6604185012903312
2022-05-06 00:00:00+05:30,438.6119956307431,452.67365977320463,438.6119956307431,450.6715087890625,16710020,0.0,0.0,469.05640106201173,458.6391302490234,462.8850089401051,463.67618112330456,41.644080634846425,-3.5906867688867123,-3.400884216141635,-0.18980255274507762
2022-05-09 00:00:00+05:30,444.29251240309696,450.438673074012,441.2194178581119,443.1750183105469,13544947,0.0,0.0,467.2847244262695,457.9695709228516,461.00786697538524,462.87221395417686,37.97439032762564,-4.665507214112267,-3.5805637290937518,-1.0849434850185156
2022-05-10 00:00:00+05:30,444.1993755327893,449.3677216792281,440.9400509743726,442.5231628417969,10884328,0.0,0.0,465.4338912963867,457.5374774169922,459.24741896266255,462.0742119497698,37.663593985640645,-5.506434697603993,-3.5371929700683817,-1.969241727535611
2022-05-11 00:00:00+05:30,442.5697090695901,446.0618424920224,431.7673706657218,443.7803039550781,14771351,0.0,0.0,463.59237213134764,457.1249395751953,457.7743603905116,461.35680379311526,38.70548926652041,-6.002244862840257,-3.2264025082437167,-2.7758423545965405
2022-05-12 00:00:00+05:30,440.4744454115289,440.4744454115289,424.9693781226085,430.8361511230469,18947096,0.0,0.0,461.1595169067383,456.9386920166016,455.2088166507531,460.1599154531126,32.653638882855795,-7.354880461944163,-3.6632304858780973,-3.6916499760660653
2022-05-13 00:00:00+05:30,437.1685418279946,444.19935888720414,409.5108345296604,414.0738830566406,61403008,0.0,0.0,457.9840026855469,456.2253643798828,451.2912039275043,458.3526200650157,26.80808966477103,-9.667982381503066,-4.7810659243496,-4.886916457153466
2022-05-16 00:00:00+05:30,414.3998329246437,429.7652199881417,408.6727397938781,423.7121887207031,27940958,0.0,0.0,455.06457672119143,455.7001477050781,448.66463105066606,456.99417177700343,34.11195798252046,-10.601197594491566,-4.57142490987048,-6.029772684621086
2022-05-17 00:00:00+05:30,426.7852914173071,437.354821837337,424.7831404330242,435.1664123535156,16880698,0.0,0.0,453.0996688842773,455.5707061767578,447.3790864128422,456.1381812113765,41.5738165989291,-10.297810504677045,-3.414430256044767,-6.883380248632278
2022-05-18 00:00:00+05:30,435.7251163265327,436.37699259137,425.667783565683,426.5058898925781,15644497,0.0,0.0,450.5946441650391,455.39563354492185,445.3911629347218,454.97613057142365,38.063751869476455,-10.63362798954472,-3.000198192729954,-7.633429796814767
2022-05-19 00:00:00+05:30,418.171339619988,419.0560248177811,413.887678545984,416.7279357910156,14201420,0.0,0.0,447.7171264648438,455.12650634765623,442.66133177817835,453.4762013643488,34.52006440575561,-11.555559645454082,-3.137703878911452,-8.41785576654263
2022-05-20 00:00:00+05:30,423.5725451792933,432.0933457753184,422.9206688503715,430.6033630371094,13596860,0.0,0.0,445.2074478149414,455.5381127929688,441.5129538028384,452.5792273123002,42.67582855882954,-11.03931179332477,-2.0971648214257126,-8.942146971899058
2022-05-23 00:00:00+05:30,431.2552116191986,438.9844557239664,427.9027577786884,429.20648193359375,13499415,0.0,0.0,443.35894470214845,455.9217816162109,440.3409088629104,451.66264906215486,42.10722341951558,-10.620472090731027,-1.3426600950655754,-9.277811995665452
2022-05-24 00:00:00+05:30,430.6033429344007,434.70077395889433,428.5546416316817,430.27740478515625,17175179,0.0,0.0,441.8363723754883,456.11454711914064,439.3824799031243,450.82401203168433,42.737143214883716,-10.085860562469065,-0.6464388534428895,-9.439421709026176
2022-05-25 00:00:00+05:30,435.99930806214456,439.2622211534061,427.5346678681893,429.4735107421875,12728644,7.1,0.0,439.77306671142577,455.9746142578125,438.43876855446365,449.9867374713119,42.3645042081893,-9.616195094324326,-0.14141870823851832,-9.474776386085807
2022-05-26 00:00:00+05:30,432.0743862620898,444.6058200838844,427.96028712166645,443.4708862304688,17055257,0.0,0.0,438.79376525878905,456.0838983154297,438.91801785694037,449.73121389323967,50.463651566428084,-8.022037550766015,1.1621910682558347,-9.18422861902185
2022-05-27 00:00:00+05:30,445.83530418702605,449.24007685783033,442.1468124863909,443.5181884765625,10977001,0.0,0.0,437.3395706176758,455.9184826660156,439.3561293445234,449.4875658376837,50.48897199455848,-6.677861090446356,2.005094022860396,-8.682955113306752
2022-05-30 00:00:00+05:30,447.34855034754094,451.0370421360326,445.5515957698212,448.8617858886719,9365470,0.0,0.0,436.6740493774414,455.84690185546873,440.26142996777565,449.4630254475264,53.38755404849158,-5.122360524951205,2.8484756706844383,-7.970836195635643
2022-05-31 00:00:00+05:30,448.2942925870972,450.5641313340124,439.7823756392409,442.7142639160156,15441579,0.0,0.0,435.9479278564453,455.52385986328125,440.49503320094135,449.1983681325652,49.77708088049271,-4.335689634989421,2.9081172485169775,-7.243806883506399
2022-06-01 00:00:00+05:30,442.61969283792894,446.402767135689,439.4986680873034,442.9034118652344,9424008,0.0,0.0,435.7597412109375,455.0341845703125,440.7244025975407,448.9515071024738,49.88937064873967,-3.6548537493552544,2.871162507320916,-6.52601625667617
2022-06-02 00:00:00+05:30,441.57935583626335,446.7338062777731,440.87002938261895,444.369384765625,9370989,0.0,0.0,435.6285568237305,454.7842889404297,441.07154375640584,448.7718160304405,50.80738014711053,-2.9628408583075725,2.850540318694878,-5.813381177002451
2022-06-03 00:00:00+05:30,447.5849844251947,449.7129637489278,438.363740689018,439.30950927734375,11306291,0.0,0.0,435.06045684814455,454.375458984375,440.9037309488761,448.4007451773779,47.56821742476672,-2.790537739220781,2.4182747502253363,-5.208812489446117
2022-06-06 00:00:00+05:30,439.0258017870629,440.3498720730131,431.7433719204855,438.5529174804688,10661432,0.0,0.0,434.8293518066406,454.0083026123047,440.67984395188495,448.0145558559305,47.08483208815964,-2.684096319296941,2.019772936119341,-4.703869255416282
2022-06-07 00:00:00+05:30,436.8032352488327,440.6808922952509,435.52644186174086,438.2691650390625,7672515,0.0,0.0,434.6166519165039,453.7015887451172,440.4502554839971,447.6323836670337,46.892371656498696,-2.592749574576544,1.6888957446717905,-4.281645319248335
2022-06-08 00:00:00+05:30,441.2955974101394,449.7602083505448,438.079990213154,445.7406921386719,17168871,0.0,0.0,434.7146713256836,453.47725646972657,440.9541065939661,447.55819968552936,52.40861283049051,-1.895615352680636,1.908823973254159,-3.804439325934795
2022-06-09 00:00:00+05:30,443.51818510053766,445.3624165055338,437.3706893587511,441.6266479492188,12635601,0.0,0.0,435.2541961669922,453.04399475097654,441.0181581516092,447.3255898135172,49.36790102314794,-1.6560109790982551,1.718742677469232,-3.374753656567487
2022-06-10 00:00:00+05:30,436.9450821701556,438.97847883631295,433.7294747838409,436.80322265625,8621104,0.0,0.0,436.39066314697266,452.56082641601563,440.61673572347974,446.9129479642126,45.998248070028396,-1.8341895020372476,1.2324513236241916,-3.0666408256614393
2022-06-13 00:00:00+05:30,429.3789371422775,429.4262140264515,418.1242967650263,421.6709289550781,13426836,0.0,0.0,436.2886001586914,451.78805053710937,438.81237317410813,445.92306486581515,37.37847263300359,-3.1600201556921093,-0.07470346402453565,-3.0853166916675736
2022-06-14 00:00:00+05:30,420.867031215852,424.8865478061158,419.3065187827337,423.7989196777344,11351101,0.0,0.0,435.72022552490233,451.0718023681641,437.38252046016777,445.05545132902773,39.10659531119722,-3.993010494432724,-0.7261550422121199,-3.266855452220604
2022-06-15 00:00:00+05:30,424.6028417046836,430.75033785355936,424.2718169087689,426.8726806640625,9920926,0.0,0.0,435.7385650634766,450.1441778564453,436.3815833367292,444.3424014990291,41.61300513235403,-4.354933553004685,-0.8704624806272641,-3.4844710723774206
2022-06-16 00:00:00+05:30,430.4665814742764,432.92558565795474,416.2800521790949,417.65142822265625,10780703,0.0,0.0,435.7847396850586,448.9539031982422,434.5977590401508,443.2956966646616,36.7288082288642,-5.324461117832698,-1.4719920363642212,-3.8524690814684766
2022-06-17 00:00:00+05:30,416.13818525457054,423.27872666107095,413.5373215967295,417.0839538574219,14326050,0.0,0.0,435.10876922607423,447.808154296875,432.9297775941766,442.26778518202474,36.445312330415376,-6.068653477043313,-1.772947516459869,-4.295705960583444
2022-06-20 00:00:00+05:30,417.55685609982976,419.4011164996582,407.3425662951897,411.1256408691406,12368534,0.0,0.0,434.20472717285156,446.45849609375,430.8531931441732,441.04652462073517,33.51979270411388,-7.057858743557972,-2.209722226379622,-4.84813651717835
2022-06-21 00:00:00+05:30,415.665279547109,430.27741525368896,413.868325066745,426.30517578125,13801891,0.0,0.0,434.00611572265626,445.39380310058596,430.42004863341856,440.4684325093828,45.518404286452984,-6.541542606173948,-1.3547248711964777,-5.1868177349774705
2022-06-22 00:00:00+05:30,424.41364220636,426.7307867283347,420.5359853295658,423.373291015625,11066447,0.0,0.0,433.70110473632815,444.2490551757812,429.7489288602954,439.7980348037452,43.87140545104409,-6.296356467234432,-0.8876309858055693,-5.408725481428863
2022-06-23 00:00:00+05:30,424.6500831053022,431.6960704167751,421.8127774275385,426.919921875,12229833,0.0,0.0,432.87355651855466,443.19758850097656,429.4794996236006,439.29301076732384,46.39803043442079,-5.749583595041258,-0.2726864908899156,-5.476897104151343
2022-06-24 00:00:00+05:30,431.0812861275628,435.38455027355786,428.6223110299256,429.6153564453125,10833364,0.0,0.0,432.1784149169922,442.23821228027344,429.49243836852554,438.9134949115587,48.302709841981766,-5.0406575488815974,0.3489916442157961,-5.3896491930973935
2022-06-27 00:00:00+05:30,435.0062658485541,439.6405260747088,433.2092824733034,436.1884765625,9509175,0.0,0.0,431.5447494506836,441.31996765136716,430.1301562917612,438.80663144688975,52.71525950552753,-3.9034363062300486,1.1889703094938762,-5.092406615723925
2022-06-28 00:00:00+05:30,434.0131914547224,440.491711938516,433.1620055133448,439.0730590820313,13261290,0.0,0.0,431.36268920898436,440.61213745117186,430.98186131940594,438.81707958944435,54.54868944813257,-2.7378582506717635,1.8836386920417292,-4.621496942713493
2022-06-29 00:00:00+05:30,435.05354801240566,437.6071347305486,433.1620108471343,434.2023620605469,11800876,0.0,0.0,430.92763671875,439.7640570068359,431.2885756757051,438.63611027458563,50.9559088767232,-2.182001037909231,1.9515967238434095,-4.1335977617526405
2022-06-30 00:00:00+05:30,434.10777801307705,443.8491828374071,433.7294763537707,440.6335754394531,16926328,0.0,0.0,430.74084625244143,439.0911627197266,432.1785756532049,438.71444224183534,55.15580980130969,-1.208602997251944,2.3399958116005575,-3.5485988088525016
2022-07-01 00:00:00+05:30,438.22188389491066,443.37630541575845,435.5737145136116,441.5320739746094,9405495,0.0,0.0,430.8519744873047,438.3058654785156,433.0693850171482,438.8249376039049,55.726246989471655,-0.36052085436261905,2.550462363591906,-2.910983217954525
2022-07-04 00:00:00+05:30,441.5320610921888,448.4361600833809,441.5320610921888,447.7741394042969,9186358,0.0,0.0,431.3130355834961,437.9378173828125,434.4698378159242,439.1758866941164,59.573602455570736,0.8059820081538192,2.9735721808866757,-2.1675901727328566
2022-07-05 00:00:00+05:30,449.3819223593166,453.9689056156545,445.456988635361,446.5446166992188,12003244,0.0,0.0,431.72680816650393,437.65413269042966,435.6198167571904,439.4648564982381,58.49532614922852,1.612642188829625,3.0241858892499853,-1.4115437004203604
2022-07-06 00:00:00+05:30,449.3819244644131,454.9146763000349,448.1997137671677,453.921630859375,12059857,0.0,0.0,432.13585510253904,437.3177728271484,437.36284667168417,440.0317888261258,62.84110603447905,2.814742979185496,3.381029343684685,-0.5662863644991891
2022-07-07 00:00:00+05:30,457.7520110566737,461.7715276826879,455.4821721462616,460.3528747558594,11497832,0.0,0.0,433.0721664428711,437.26369201660157,439.55237315589136,440.8286941567036,66.16701307935321,4.237516695802867,3.843042448241645,0.3944742475612222
2022-07-08 00:00:00+05:30,462.4808442303567,463.33203019569055,458.8396293570521,462.0552368164063,9057231,0.0,0.0,434.3347671508789,437.0527551269531,441.69550302832135,441.661107594339,67.0087714655038,5.43973562167713,4.036209099292726,1.4035265223844038
2022-07-11 00:00:00+05:30,458.6977720918318,464.6561027409874,458.6977720918318,461.7242431640625,7704792,0.0,0.0,436.3374328613281,437.0437957763672,443.60300208886815,442.4478972245243,66.66149561720242,6.293249695361169,3.9117785383814123,2.3814711569797566
2022-07-12 00:00:00+05:30,458.697759061477,464.7033952876818,456.9008045407598,458.6504821777344,7364457,0.0,0.0,438.08001098632815,437.07207153320314,445.0360954306649,443.0832927128855,63.376704984989686,6.645039051100412,3.4108543152965236,3.234184735803888
2022-07-13 00:00:00+05:30,461.2986047162549,465.74372839283694,458.27213384761626,460.1163940429688,8208853,0.0,0.0,439.74219665527346,437.3410565185547,446.4723143461224,443.751257470928,64.28068374549477,6.961869389705669,2.9821477231214244,3.9797216665842443
2022-07-14 00:00:00+05:30,460.2110094045095,462.3862656530576,450.9424597491278,453.3541870117188,9385630,0.0,0.0,441.52733459472654,437.46827880859377,447.1277307904649,444.1278429431159,57.25945233133082,6.591325425838534,2.0892830074034308,4.502042418435103
2022-07-15 00:00:00+05:30,456.3805903939709,458.1302679385016,448.9563305595152,453.1177062988281,6945602,0.0,0.0,443.3290222167969,437.51720275878904,447.69820464840427,444.48038660412425,57.02487336110911,6.207033825474525,1.3639931256315379,4.843040699842987
2022-07-18 00:00:00+05:30,458.272157767472,464.8452609990571,455.9550420444267,463.7103271484375,9934786,0.0,0.0,445.95825653076173,437.9279089355469,449.2231686960265,445.23450191958756,64.11627100389468,6.680210629996111,1.4697359441224984,5.210474685873613
2022-07-19 00:00:00+05:30,461.53505638903056,471.5129031327425,461.53505638903056,470.9454650878906,11724183,0.0,0.0,448.1902709960938,438.49635498046877,451.291958828585,446.24277498501124,68.00034935283581,7.551967442042098,1.873194204934788,5.67877323710731
2022-07-20 00:00:00+05:30,473.8300667144491,482.9094510108322,473.26259978419387,481.0179138183594,19280117,0.0,0.0,451.07250213623047,439.24110717773436,454.12300216094445,447.6065059196523,72.4681938592002,8.952405669955454,2.618905946278514,6.3334997236769395
2022-07-21 00:00:00+05:30,482.1528129208159,485.55761446071546,479.2682302825926,484.2807922363281,13814893,0.0,0.0,453.9405456542969,440.31,456.9951726443144,449.0447132261886,73.74693696027323,10.207879988187642,3.0995042116085614,7.108375776579081
2022-07-22 00:00:00+05:30,485.60486645969866,491.9888040790853,483.4768872532365,485.84130859375,14699129,0.0,0.0,456.75184326171876,441.7453485107422,459.7424236871178,450.48771696609293,74.36029455854417,11.199670231973641,3.2730355643156486,7.926634667657993
2022-07-25 00:00:00+05:30,485.5576164683636,490.85389747437273,481.5380711043207,489.7189636230469,10229778,0.0,0.0,459.4283676147461,443.06548400878904,462.5973322524444,452.02619722714996,75.86896782592773,12.158410906998085,3.385420991472074,8.772989915526011
2022-07-26 00:00:00+05:30,489.624398970835,492.556258440218,485.2738289249796,486.314208984375,8862656,0.0,0.0,461.7904251098633,444.08843994140625,464.85608241739016,453.370825139198,71.87014625874681,12.49939926061893,2.9811274760743345,9.518271784544595
2022-07-27 00:00:00+05:30,487.3545247120165,501.2100571289965,484.46994216508864,499.5549621582031,15101546,0.0,0.0,465.0580551147461,445.54942138671873,468.1607376308009,455.1819677673943,76.95670421779573,13.680354500135877,3.3296661724730257,10.350688327662851
2022-07-28 00:00:00+05:30,504.2838504057992,508.35064401287485,500.83177177965706,503.5745239257813,12160734,0.0,0.0,468.2051025390625,447.2863531494141,471.5334791827038,457.0797150677232,78.24290321701132,14.770351657853269,3.535730664152334,11.234620993700934
2022-07-29 00:00:00+05:30,506.0334689140187,507.8777291963506,498.1836012182079,499.6968078613281,11921058,0.0,0.0,471.11333923339845,448.66822204589846,474.21570096162037,458.7509736086489,73.9543642240445,15.146681463939274,3.129648376190671,12.017033087748603
2022-08-01 00:00:00+05:30,500.3588616716604,505.9861963348032,497.85260953984863,504.8039855957031,8295631,0.0,0.0,473.96483154296874,450.18017211914065,477.1288709267711,460.5569740787295,75.8331373117021,15.676325188669693,2.927433680736872,12.748891507932822
2022-08-02 00:00:00+05:30,503.0543776407157,515.349370325729,502.2977165261426,512.701171875,16845027,0.0,0.0,477.2726593017578,451.8286474609375,480.51670911231673,462.6018445805441,78.42475639502699,16.542615614215322,3.034979285025999,13.507636329189323
2022-08-03 00:00:00+05:30,512.511993525269,516.7679519437197,505.655171628876,511.5188903808594,24262125,0.0,0.0,480.152522277832,453.46955505371096,483.4692978045589,464.5201601021251,77.09187140935182,16.93850029436419,2.744691172139893,14.193809122224296
2022-08-04 00:00:00+05:30,514.1671635560723,514.4981595024614,495.7719512714804,504.3311462402344,18072293,0.0,0.0,482.35143585205077,454.68676025390624,485.4561405127185,466.08137524479605,69.37247909562714,16.48225371295672,1.830755672585937,14.651498040370782
2022-08-05 00:00:00+05:30,506.5063861474402,513.4578203213883,500.3116130693966,502.25042724609375,21110734,0.0,0.0,484.36119537353517,455.86140502929686,487.0555963920876,467.4997694409254,67.27248768469589,15.770980332401678,0.8955858336247147,14.875394498776963
2022-08-08 00:00:00+05:30,495.58272221944645,495.58272221944645,485.98314830777673,492.177978515625,32566317,0.0,0.0,485.8838821411133,456.72772888183596,487.54344230861494,468.46754234581556,58.10318042301598,14.230488408084398,-0.5159248725540522,14.74641328063845
2022-08-10 00:00:00+05:30,493.2655702633671,495.10983046053855,485.5575913010178,486.7870788574219,16904151,0.0,0.0,487.2907119750977,457.60918518066404,487.4714076942156,469.1859555423491,53.870993062048626,12.431336205095022,-1.8520616604347424,14.283397865529764
2022-08-11 00:00:00+05:30,491.7996827916567,497.4742945161759,489.1515421985749,496.2920837402344,13862195,0.0,0.0,489.09949645996096,458.67695861816406,488.31147207955075,470.24894096187404,59.475738239544214,11.638310381950475,-2.116069986863433,13.754380368813909
2022-08-12 00:00:00+05:30,497.1905298884075,502.9596948559826,496.670368739713,501.91937255859375,12154012,0.0,0.0,491.5277557373047,459.8279583740234,489.6074626013644,471.49091867154937,62.38930310981626,11.333264068621475,-1.936893040153949,13.270157108775424
2022-08-16 00:00:00+05:30,504.3783780065253,504.8985391865189,496.52851024669945,497.427001953125,10721167,0.0,0.0,493.7432205200195,460.99030822753906,490.3521806348654,472.5080199767092,58.75740826431624,10.60674791650439,-2.1307273538168285,12.737475270321218
2022-08-17 00:00:00+05:30,500.1697128027532,501.7775310056564,495.9137540024929,499.5077209472656,12054183,0.0,0.0,495.53309020996096,462.209404296875,491.224136855094,473.5668317794761,59.92116122657611,10.08264876646939,-2.1238612030814643,12.206509969550854
2022-08-18 00:00:00+05:30,498.27816163878566,505.79703352089945,497.6634466865571,503.4798889160156,9013662,0.0,0.0,497.15981140136716,463.51361877441406,492.3913513370865,474.73989284365416,62.11870973298695,9.873995894103302,-1.866011260358043,11.740007154461345
2022-08-19 00:00:00+05:30,503.1488725356916,504.7094137454508,490.38099701081967,492.1306457519531,11087222,0.0,0.0,497.7154479980469,464.4414178466797,492.36652223374045,475.42188315378354,53.151402523460796,8.692644520682165,-2.4378901070233443,11.13053462770551
2022-08-22 00:00:00+05:30,490.853901910903,491.7051167383744,482.3419845367255,483.5714721679688,9676954,0.0,0.0,497.6799819946289,465.2803143310547,491.5288984179527,475.74147487983004,47.57369057659995,6.985239773887031,-3.316235883054784,10.301475656941815
2022-08-23 00:00:00+05:30,480.68688485359866,495.5827401146792,480.68688485359866,493.5966491699219,8597965,0.0,0.0,498.0677490234375,466.41618286132814,491.7258270609974,476.441677793167,53.702097162613754,6.367654849643316,-3.1470566458387985,9.514711495482114
2022-08-24 00:00:00+05:30,490.8539152355296,494.63698972674746,484.5172539177123,491.13763427734375,11930650,0.0,0.0,498.13868255615233,467.8055169677734,491.66980870064947,477.0179898121544,52.09354197847376,5.615065417854737,-3.1197168621019014,8.734782279956638
2022-08-25 00:00:00+05:30,493.6439082290722,499.649515455992,490.38099517325,492.177978515625,15473450,0.0,0.0,498.43187103271487,469.17309814453125,491.7182058258852,477.6124991730748,52.73853129782665,5.044430897224004,-2.952281106186108,7.996712003410112
2022-08-26 00:00:00+05:30,495.3935546875,500.7844469647244,493.88034809833897,495.3935546875,12855886,0.0,0.0,498.2238006591797,470.543515625,492.0682390508009,478.3097954677582,54.76571278219933,4.796379375999379,-2.560266101928587,7.356645477927966
2022-08-29 00:00:00+05:30,483.57148799346,488.9623807185564,481.1597895368773,486.928955078125,9421339,0.0,0.0,497.3915222167969,471.9290661621094,491.5787834343556,478.6478017269883,48.828396539275566,3.8721387067593014,-2.787605416934932,6.659744123694233
2022-08-30 00:00:00+05:30,490.0972765840888,503.62175537109374,489.8608344454169,502.4395446777344,14835308,0.0,0.0,497.5286590576172,473.6361779785156,492.61314164801075,479.58081125446853,57.84661005365303,4.3412035783290435,-1.8548324362921518,6.196036014621195
2022-09-01 00:00:00+05:30,493.92762598529777,511.5662325595548,493.92762598529777,504.37835693359375,16670228,0.0,0.0,497.5073776245117,475.5012322998047,493.7336383418758,480.5532640261989,58.82347233550482,4.813895226569571,-1.1057126304412996,5.91960785701087
2022-09-02 00:00:00+05:30,507.8777131616108,508.68159334192575,502.4395439797127,507.593994140625,10017930,0.0,0.0,497.252018737793,477.1270086669922,495.05367222747094,481.61368481499994,60.46010899568059,5.385896548953497,-0.4269690464458993,5.812865595399396
2022-09-05 00:00:00+05:30,507.8777297346641,511.4716388097338,507.21568018067234,509.6747131347656,7819994,0.0,0.0,497.1598098754883,478.853037109375,496.44615231387996,482.71411729812803,61.52573296187186,5.938651276291694,0.10062854471383798,5.838022731577856
2022-09-06 00:00:00+05:30,508.8234731138315,513.2685967845732,505.1349527279727,508.6343078613281,8657868,0.0,0.0,497.37496795654295,480.48732482910157,497.60692903268455,483.73059535943,60.6456133456575,6.221048989273356,0.3064210061564001,5.914627983116956
2022-09-07 00:00:00+05:30,505.4188074634972,508.30339040263664,502.72333208091305,503.9528198242188,8445359,0.0,0.0,497.46008758544923,481.9740740966797,498.2112995842592,484.5236237698139,56.714250253052114,5.997953576378222,0.06666047460901225,5.93129310176921
2022-09-08 00:00:00+05:30,506.9319331126886,516.6733374465072,506.4590488467253,515.1128540039062,12240707,0.0,0.0,498.6068313598633,483.5525616455078,499.8209714337494,485.72320142605287,62.8901379921302,6.645070112502424,0.5710216085865705,6.074048503915853
2022-09-09 00:00:00+05:30,519.8417059673161,526.7930817113361,518.2811647716557,523.3410034179688,18587927,0.0,0.0,500.4345275878906,485.23792053222655,502.0609744798655,487.19840934730445,66.66636779990816,7.732719544348299,1.3269368323459556,6.405782712002344
2022-09-12 00:00:00+05:30,524.8070068359375,528.3063043931888,521.3549284374099,524.8070068359375,9677415,0.0,0.0,501.86027374267576,487.05001342773437,504.2272632756819,488.673256307643,67.30473625533135,8.613690516665429,1.766326243730468,6.847364272934961
2022-09-13 00:00:00+05:30,529.6304288474462,529.6304288474462,523.7193749540595,527.7388916015625,16707275,0.0,0.0,503.15124969482423,488.79211975097655,506.4664659733848,490.2052420054437,68.5998763116304,9.439630769537416,2.0738131972819636,7.365817572255453
2022-09-14 00:00:00+05:30,520.1726982673808,543.6750234535912,519.4633718606526,540.7431640625,21632641,0.0,0.0,505.31705780029296,490.7763415527344,509.73091341044335,492.18712130179887,73.59592531601722,11.016538676568416,2.9205768834503694,8.095961793118047
2022-09-15 00:00:00+05:30,541.4997937964107,547.1271284429683,537.1020044950002,541.1215209960938,12749947,0.0,0.0,507.3977478027344,492.64328918457034,512.7204950852672,494.10611736824177,73.72690588498048,12.156645553684825,3.2485470084534214,8.908098545231404
2022-09-16 00:00:00+05:30,538.2368625915752,542.871151610006,529.9141108366572,531.332763671875,14739280,0.0,0.0,508.79039154052737,494.33905212402345,514.4930920935155,495.5659858507372,64.77430488075787,12.130484881075631,2.577909068675382,9.55257581240025
2022-09-19 00:00:00+05:30,530.2925088124447,543.2495512341687,529.2048517436883,541.2161254882812,11194003,0.0,0.0,511.2446655273437,496.0849420166016,517.038142893017,497.3561874051507,68.88282317505349,12.760165810897774,2.5660719987980194,10.194093812099755
2022-09-20 00:00:00+05:30,546.6069776867555,546.6069776867555,541.7835231583919,542.91845703125,8484017,0.0,0.0,514.2120147705078,497.7362536621094,519.5029347157059,499.1429430767625,69.54177606016493,13.243889103378137,2.439836233022705,10.804052870355433
2022-09-21 00:00:00+05:30,543.8169443532304,545.9922005856165,534.7375888940823,538.8043823242188,9392526,0.0,0.0,516.4724014282226,499.27123657226565,521.3411678212785,500.69829363548627,65.9092141858295,13.143758782072496,1.8717647293736484,11.271994052698847
2022-09-22 00:00:00+05:30,536.0143846837367,542.8712074256107,531.5219835769916,536.5345458984375,11869435,0.0,0.0,518.7422470092773,500.76744262695314,522.7881562095794,502.10363686148435,63.92519275309912,12.734453102843872,1.1699672401160193,11.564485862727853
2022-09-23 00:00:00+05:30,534.1700991407816,537.1965702364364,519.6998509593694,520.7401733398438,12563239,0.0,0.0,520.1703567504883,502.0092364501953,522.5931102219855,502.8344814292632,52.1593089590463,11.008700094753067,-0.44462861437983037,11.453328709132897
2022-09-26 00:00:00+05:30,516.2004810276811,519.2269520381395,504.0946547109807,513.8360595703125,16158750,0.0,0.0,521.0924819946289,503.0836297607422,521.7591053980166,503.26591586616706,48.00032776885535,8.980403618539754,-1.9783400724745146,10.958743691014268
2022-09-27 00:00:00+05:30,515.0182717607147,521.0239369145561,504.2838214038483,507.4048461914063,11066799,0.0,0.0,522.1162765502929,504.1646429443359,520.3920330926251,503.4282268593137,44.4452421300903,6.7759103990463245,-3.3462666335743556,10.12217703262068
2022-09-28 00:00:00+05:30,504.0000796305769,510.52584794188544,492.1306382363916,496.3865966796875,12233485,0.0,0.0,521.8136291503906,505.03002075195315,518.1058010532977,503.1520844993284,39.101952939204494,4.092576315613314,-4.823680573605893,8.916256889219207
2022-09-29 00:00:00+05:30,500.3115953811916,506.6482566219729,491.3740704593173,493.4547729492188,17310168,0.0,0.0,521.2674499511719,505.6249096679687,515.7580840910044,502.77179777187314,37.79973957727358,1.7097323194319642,-5.765219655829794,7.474951975261758
2022-09-30 00:00:00+05:30,495.5827187447877,507.7831560940152,488.1584587391405,501.8247680664063,17466950,0.0,0.0,520.978988647461,506.2424957275391,514.4311016124713,502.7346593520509,43.57687884669817,0.4910395418070266,-5.587129946763786,6.078169488570812
2022-10-03 00:00:00+05:30,498.98746190216895,502.817870694515,490.3809912215064,491.5632019042969,9351162,0.0,0.0,520.0734130859375,506.4534014892579,512.2532064021689,502.2965629815508,38.81680638542354,-1.2879591036435727,-5.892902873771508,4.604943770127935
2022-10-04 00:00:00+05:30,504.0946626378347,506.7428031667026,499.1766543841461,503.8109436035156,8745887,0.0,0.0,519.832244873047,506.8440045166016,511.4491813737257,502.35595045692196,46.349621153599216,-1.6900560367096773,-5.035999845470091,3.345943808760413
2022-10-06 00:00:00+05:30,505.6078513199719,512.4173965270862,505.6078513199719,508.1614379882813,9507322,0.0,0.0,520.0426757812501,507.29040710449226,511.1360629560644,502.58361663462233,48.76273792315934,-1.638781363413102,-3.9877801377388122,2.34899877432571
2022-10-07 00:00:00+05:30,506.45906451480334,506.5536182808691,497.9944243471672,501.4465026855469,11065307,0.0,0.0,519.3593582153321,507.52495788574225,510.2132476922055,502.539023930737,45.37064019784219,-2.115597682120665,-3.5716771651571,1.4560794830364352
2022-10-10 00:00:00+05:30,497.1905550114877,504.94586892749584,493.88036497509313,501.9666748046875,9649292,0.0,0.0,518.2906417846681,507.8380072021485,509.4278597981562,502.5165788669704,45.68583807027703,-2.4235671339159808,-3.1037172935619326,0.6801501596459519
2022-10-11 00:00:00+05:30,501.9666720027099,504.7567008485522,497.0013869758343,498.7983703613281,10825440,0.0,0.0,516.9902099609376,507.822875366211,508.4155274708392,502.3707667687099,44.01985607430248,-2.889976977568722,-2.856101709771739,-0.0338752677969828
2022-10-12 00:00:00+05:30,501.2573482590859,505.9861911671905,497.4742739326023,504.8512573242188,8522604,0.0,0.0,515.8458282470704,507.8484100341798,508.07607317116106,502.4680409081417,47.926683991598196,-2.7396122030196466,-2.1645895481781308,-0.5750226548415156
2022-10-13 00:00:00+05:30,504.0946668770426,504.8512702166341,491.9888402681743,493.1710510253906,12972765,0.0,0.0,513.4672225952149,507.717894897461,506.65654725251625,502.10345306960244,41.856207516211974,-3.5223387402108983,-2.357852868295506,-1.1644858719153923
2022-10-14 00:00:00+05:30,501.4464668577873,505.8442557180037,497.4742276395939,498.6091613769531,8545479,0.0,0.0,511.3416046142579,507.593998413086,505.89012955008167,501.9664220228319,45.32829157044703,-3.661636041985787,-1.9977201360563157,-1.6639159059294713
2022-10-17 00:00:00+05:30,497.852606168704,515.1601597269055,495.7719037369504,514.1671142578125,13485349,0.0,0.0,510.4833221435548,507.6233172607423,506.67841380796074,502.44488054185075,53.82387945451361,-2.4879538002651884,-0.6592303154685735,-1.828723484796615
2022-10-18 00:00:00+05:30,517.4299285082948,532.940555155672,517.0989326199887,531.947509765625,20440781,0.0,0.0,510.01989135742195,508.0318896484376,509.0849943753573,503.6018463937635,61.237297464149684,-0.12167030769268194,1.3656425416831464,-1.4873128493758283
2022-10-19 00:00:00+05:30,532.4677221755691,532.8933295908961,521.6386601529041,523.3883666992188,9540583,0.0,0.0,509.0433868408204,508.41303405761727,510.4472203109632,504.37778836652643,56.532181396394016,1.0508614183153782,2.0305394141529653,-0.9796779958375871
2022-10-20 00:00:00+05:30,522.0642708738797,526.6039486407994,515.7276096642603,525.2799072265625,11225588,0.0,0.0,508.3671630859376,508.87362365722663,511.8598571600679,505.1974793022141,57.31277024936517,2.1084281241404597,2.4704848959824375,-0.36205677184197776
2022-10-21 00:00:00+05:30,527.0295821096737,535.1158925512549,527.0295821096737,530.434326171875,11767639,0.0,0.0,508.0621520996095,509.6387506103516,513.6288542088114,506.1871595716126,59.449733058156006,3.3241570759183787,2.948971078208285,0.3751859977100936
2022-10-24 00:00:00+05:30,536.250784095811,541.4525112783982,535.2104617493467,539.5609741210938,3692065,0.0,0.0,509.003192138672,510.69422851562507,516.098579914743,507.49593661276873,62.98329729260564,4.966820825244326,3.6733078620273862,1.2935129632169402
2022-10-25 00:00:00+05:30,541.4525497145627,554.4095917069079,537.1965908085093,547.1744384765625,19899324,0.0,0.0,510.67011108398447,511.7118756103516,519.0581854920591,509.05195629370183,65.67074117181285,6.804548032414573,4.408828055358105,2.395719977056467
2022-10-27 00:00:00+05:30,552.2815145924133,553.274559949862,546.2758501185651,548.2147216796875,13613533,0.0,0.0,512.7106048583985,512.6377825927735,521.8349984623094,510.5877510147209,66.03360615848625,8.249803643610221,4.683266933243003,3.566536710367218
2022-10-28 00:00:00+05:30,548.4984448958112,551.0520313525482,536.2507314594284,539.79736328125,10043644,0.0,0.0,514.8811431884767,513.485189819336,523.5456998736371,511.73322600556514,60.46444688887077,8.616641373946777,4.040083730863647,4.57655764308313
2022-10-31 00:00:00+05:30,543.769663807375,546.1340852886444,537.5748910714758,542.6820068359375,9894639,0.0,0.0,517.3425048828125,514.3486755371094,525.368205298618,512.9469036851876,61.65788981528852,9.035968524596342,3.5675287052105693,5.468439819385773
2022-11-01 00:00:00+05:30,545.0936727265695,553.9839200565388,543.438577788287,545.6138916015625,12069579,0.0,0.0,519.5319610595703,515.1913555908204,527.2963658988984,514.2279620348494,62.884232117619206,9.495409737609862,3.2215759345792705,6.273833803030591
2022-11-02 00:00:00+05:30,544.6681809673819,547.552763764299,538.9935691471632,542.7293090820312,10241440,0.0,0.0,522.0902664184571,516.203328857422,528.7661700115777,515.3456619190526,60.82301198736823,9.51705185749995,2.594574443575487,6.922477413924463
2022-11-03 00:00:00+05:30,538.1423698961975,556.064697626696,537.1966012320565,553.1801147460938,17557998,0.0,0.0,524.558724975586,517.5955017089844,531.0913076053412,516.8293659514857,65.2652178459064,10.259234006028464,2.6694052736832,7.589828732345264
2022-11-04 00:00:00+05:30,554.2203860808812,564.5765635432895,548.9241051401274,561.7392578125,25759031,0.0,0.0,527.2376159667969,518.958353881836,534.0101600060229,518.5905381813294,68.42314235005958,11.406582042155492,3.0534026478481806,8.353179394307311
2022-11-07 00:00:00+05:30,579.7561540508798,588.9301210515242,574.7435919964456,580.8438110351562,44265903,0.0,0.0,531.2074813842773,520.7524774169923,538.4705077230833,521.0318429991265,74.08629167747655,13.69952184842532,4.277073963294406,9.422447885130914
2022-11-09 00:00:00+05:30,587.3222354881241,587.3222354881241,577.4389431687815,582.1677856445312,18939854,0.0,0.0,535.2175369262695,522.5522735595704,542.6321532394117,523.4293309460052,74.42856391714409,15.445480960656027,4.81842646042009,10.627054500235937
2022-11-10 00:00:00+05:30,579.8507294333699,581.742266711215,569.541885904196,572.8993530273438,11618405,0.0,0.0,538.9225860595703,524.1023895263672,545.5147436954052,525.36933181194,67.68843917662376,15.898018620882794,4.216771296517486,11.681247324365309
2022-11-11 00:00:00+05:30,583.7756325837807,585.9508886854824,566.0424724202394,568.6906127929688,15525267,0.0,0.0,542.1145538330078,525.7376226806641,547.7219693237446,527.068205575902,64.81796151497956,15.73565695568709,3.2435277050574243,12.492129250629667
2022-11-14 00:00:00+05:30,571.1970082557938,571.1970082557938,559.564064987439,560.4152221679688,12957268,0.0,0.0,545.4767623901367,526.8971362304688,548.9308505470041,528.3759317167674,59.47710898101264,14.768981675768146,1.8214819401107825,12.947499735657363
2022-11-15 00:00:00+05:30,562.0702421422246,569.447225345239,560.5097586575258,568.2650146484375,10286417,0.0,0.0,548.9595550537109,528.1748693847657,550.7721995090453,529.9402094787936,62.62320272650267,14.469501791928678,1.2176016450170515,13.251900146911627
2022-11-16 00:00:00+05:30,567.4138356593622,570.7713023635337,563.6780384567788,567.2246704101562,11555749,0.0,0.0,551.6124328613281,529.3674829101564,552.3391014996273,531.4023452015921,61.93688663334517,13.98698152442023,0.5880651020068814,13.398916422413349
2022-11-17 00:00:00+05:30,566.6099599916786,570.062038562034,563.8199887288042,566.5626831054688,8167131,0.0,0.0,553.3431915283203,530.5052423095703,553.6937283192312,532.7811819821363,61.475201229435086,13.396734674865456,-0.0017453980383148604,13.398480072903771
2022-11-18 00:00:00+05:30,568.4068914128185,572.8992919689098,564.7657056310915,570.0147094726562,12933675,0.0,0.0,555.6745086669922,531.732850341797,555.2481074767003,534.2413203150979,63.02307894058642,13.056996543680839,-0.2731868233783459,13.330183367059185
2022-11-21 00:00:00+05:30,569.4472590238177,569.4472590238177,563.0633208835276,565.6641845703125,7412419,0.0,0.0,557.6937225341796,532.9670776367188,556.2401148189491,535.473589501577,59.76404780085552,12.294971844204724,-0.8281692182835698,13.123141062488294
2022-11-22 00:00:00+05:30,565.7115512979567,568.1232498539574,563.8200139638168,566.6099853515625,8048595,0.0,0.0,559.5025054931641,533.997020263672,557.2277215363408,536.694624632949,60.24535183388515,11.633278801875008,-1.1918898084906289,12.825168610365637
2022-11-23 00:00:00+05:30,568.9270662065175,576.5404915759619,568.4069050431018,574.6962890625,12435924,0.0,0.0,561.2592712402344,535.0241259765626,558.8913946340703,538.1848859831274,64.18947909507922,11.627346614006228,-0.9582575970875276,12.585604211093756
2022-11-24 00:00:00+05:30,576.6824076810045,578.1483374757161,572.9466101411601,576.3040771484375,8960032,0.0,0.0,562.7157531738281,536.0540673828126,560.5497453497243,539.6797562249043,64.93439589868088,11.618450113397557,-0.773723278156961,12.392173391554518
2022-11-25 00:00:00+05:30,577.4389751568668,580.4181691716772,573.3721819474615,574.4598388671875,9994513,0.0,0.0,564.0280090332031,536.9884863281251,561.8745161609113,541.0436810344056,63.30762620901649,11.331957207425944,-0.8481729473028601,12.180130154728804
2022-11-28 00:00:00+05:30,572.7574208626024,577.7700404458606,569.6836730210467,575.5947265625,7934274,0.0,0.0,565.8178771972656,537.6855175781251,563.1812028658245,542.3986239962917,63.906860239246214,11.068890191747528,-0.8889919703850229,11.95788216213255
2022-11-29 00:00:00+05:30,574.1761092999211,578.6212333836287,574.1761092999211,575.5474853515625,6942919,0.0,0.0,567.4611511230469,538.3740368652344,564.3589440549424,543.6985793435573,63.86010792371792,10.73287382711851,-0.9800066680112334,11.712880495129744
2022-11-30 00:00:00+05:30,575.500208955112,578.2429610607289,565.9479689220002,569.7783203125,15606230,0.0,0.0,568.6693725585938,539.1429479980469,564.8750751270908,544.7213142835159,58.255217843722875,9.887082896419884,-1.4606380789678894,11.347720975387773
2022-12-01 00:00:00+05:30,574.8853840368389,576.7296442351469,568.927053778954,575.121826171875,14209313,0.0,0.0,570.2889984130859,539.8210620117188,565.850956178975,545.9134912203143,61.615611016769776,9.538015450649823,-1.44776441979036,10.985779870440183
2022-12-02 00:00:00+05:30,574.5544076867228,576.5404985985498,571.4806598266704,574.6016845703125,7533838,0.0,0.0,571.3600769042969,540.4547265625001,566.684358882912,547.0385184105104,61.10001542148818,9.114341449985773,-1.4971507363635297,10.611492186349302
2022-12-05 00:00:00+05:30,575.5001849939731,584.4849865674205,574.6016932916017,583.8229370117188,11585602,0.0,0.0,572.4642608642578,541.3550976562501,568.3166044189888,548.4810446301657,66.45862701437663,9.414134476700156,-0.9578861677193178,10.372020644419473
2022-12-06 00:00:00+05:30,581.411289017972,586.1874092493424,574.8381852262181,575.9258422851562,12996244,0.0,0.0,572.2183624267578,542.1429235839845,569.0412937395762,549.5573112048712,58.96703281933352,8.911763798910783,-1.1682054764069516,10.079969275317735
2022-12-07 00:00:00+05:30,577.7226931086815,579.6615648076655,571.717085932937,574.1287841796875,7613892,0.0,0.0,571.8164123535156,543.2106958007813,569.5258166386344,550.5208983803542,57.381858793100974,8.27325491417912,-1.445371488910892,9.718626403090012
2022-12-08 00:00:00+05:30,576.6823867404484,580.512737911779,574.2234115434572,578.4793701171875,10020015,0.0,0.0,572.0954132080078,544.5035620117188,570.3785360175442,551.6173090367006,60.1732028495811,8.025771846635052,-1.3542836451639673,9.38005549179902
2022-12-09 00:00:00+05:30,581.0802542336061,584.484998122909,576.067634445001,583.0663452148438,11202267,0.0,0.0,572.8141998291015,546.0167919921876,571.5868987982394,552.8506045730984,62.92999973450713,8.106325612370597,-1.018983903542738,9.125309515913335
2022-12-12 00:00:00+05:30,581.4585007462825,585.147021230506,577.864591753399,579.8034057617188,9285187,0.0,0.0,573.7836090087891,547.6851281738282,572.3694232709518,553.9075771687305,59.76105296374148,7.816766291687713,-1.0468345793804978,8.863600871068211
2022-12-13 00:00:00+05:30,580.2290474002932,583.9175681021829,579.2832787818738,583.3027954101562,7455415,0.0,0.0,574.535498046875,549.4820886230468,573.4106968080188,555.060330825257,61.97272338282722,7.779977208501691,-0.8668989300532157,8.646876138554907
2022-12-14 00:00:00+05:30,584.9578670071755,592.7604577958726,584.0120984267273,591.5782470703125,14010673,0.0,0.0,575.7531768798829,551.277158203125,575.140939690142,556.4924059721219,66.64207818166247,8.322643133784482,-0.25938640381634137,8.582029537600823
2022-12-15 00:00:00+05:30,591.6255594401115,595.4086339888136,580.985662271887,582.5462036132812,10622271,0.0,0.0,576.5523529052734,553.0968182373047,575.8462029209171,557.5141235266772,58.237035786151,7.932458917604208,-0.5196564959972925,8.4521154136015
2022-12-16 00:00:00+05:30,578.8103769582387,582.2151207914691,569.447244829155,570.6294555664062,9435071,0.0,0.0,576.5830902099609,554.4331884765625,575.3493698395351,558.0284502733333,49.38673355843732,6.585736865089984,-1.4931028388092127,8.078839703899197
2022-12-19 00:00:00+05:30,571.2441924209372,576.4459193386776,570.298423890439,571.6697998046875,8322012,0.0,0.0,576.8833709716797,555.7033557128906,574.9989345981211,558.5634051569158,50.09969498304166,5.538552041073331,-2.032230130260694,7.570782171334025
2022-12-20 00:00:00+05:30,570.298423890439,573.6086137471829,567.0355109151941,571.6697998046875,6753785,0.0,0.0,577.136361694336,557.1078216552735,574.6818741416035,559.0773814176127,50.09969498304167,4.6549906884554275,-2.3326331863028784,6.987623874758306
2022-12-21 00:00:00+05:30,573.0411615139539,576.1149091618787,557.6250886688739,561.2190551757812,9217253,0.0,0.0,576.4625,558.2928692626953,573.3997009067633,559.1613686238154,43.036821998404704,3.076015804315375,-3.129286456354345,6.20530226066972
2022-12-22 00:00:00+05:30,564.6237987111235,566.5153357252311,555.6862747744393,561.2190551757812,8740149,0.0,0.0,575.7082489013671,559.5412829589844,572.2396394085746,559.2420622140886,43.0368219984047,1.8038729087148795,-3.5211434815638727,5.325016390278752
2022-12-23 00:00:00+05:30,558.003451782652,558.6655013213187,540.5067333792975,542.8711547851562,13047046,0.0,0.0,574.1288146972656,560.3016809082031,569.442640873011,558.6000658443265,33.43839196474556,-0.6770273729446217,-4.8016350105787,4.124607637634078
2022-12-26 00:00:00+05:30,542.8712118284932,569.0690153032233,539.7501867898378,564.7184448242188,13201587,0.0,0.0,573.5850006103516,561.7326287841797,568.9927174397927,558.8400022749105,48.241093591909056,-0.8702334893857824,-3.9958729016158885,3.125639412230106
2022-12-27 00:00:00+05:30,567.8394648399637,570.39299376433,561.1244734486816,569.2581176757812,9638618,0.0,0.0,573.2705322265625,563.1456079101563,569.017993652744,559.2485558200426,50.69479447564668,-0.649549467220595,-3.020151103560561,2.370601636339966
2022-12-28 00:00:00+05:30,568.3123929733651,574.0815585274914,566.0898020573286,568.4542236328125,7988631,0.0,0.0,573.2043273925781,564.2313500976562,568.9643012698934,559.6095624009355,50.2405912581689,-0.5333749066473956,-2.323181234389889,1.7898063277424936
2022-12-29 00:00:00+05:30,567.4611579261255,584.4849926639092,564.7657405160301,578.6212158203125,20130392,0.0,0.0,573.379296875,565.16482421875,569.8840074175524,560.3551174369895,55.65232097376299,0.3747655065554909,-1.1320326569496022,1.506798163505093
2022-12-30 00:00:00+05:30,581.8841427047076,586.8967048392173,578.1956220014096,580.418212890625,13052895,0.0,0.0,573.6701232910157,566.3054211425781,570.8872650816546,561.141905493995,56.55176184761253,1.2253508899552799,-0.22515781883985064,1.4505087087951305
2023-01-02 00:00:00+05:30,581.6004365130118,585.6199532316294,578.0538041142315,578.9995727539062,6726084,0.0,0.0,573.428955078125,567.379814453125,571.6598658123453,561.8422061708543,55.593172194018486,1.7646319527672176,0.2512985951776696,1.513333357589548
2023-01-03 00:00:00+05:30,581.1747504525312,583.1608412370937,576.9187921497869,579.1886596679688,6818062,0.0,0.0,573.5920959472656,568.3549011230468,572.3768937985951,562.5224592491726,55.700956334479095,2.1821196965164518,0.5350290711415231,1.6470906253749287
2023-01-04 00:00:00+05:30,578.6685384549529,581.6004559711173,571.2442774751737,572.3792114257812,7011191,0.0,0.0,573.5046173095703,569.0112658691406,572.3771145249938,562.9089985502161,50.90877854696109,1.9411399243332426,0.23523943916665102,1.7059004851665915
2023-01-05 00:00:00+05:30,574.0815292943545,578.4320416816555,569.3054095001119,572.2845458984375,8241475,0.0,0.0,573.1948760986328,569.5134680175781,572.3682984653218,563.2766670736758,50.8432895211462,1.7226651898223508,0.013411763724607395,1.7092534260977434
2023-01-06 00:00:00+05:30,574.4598657287963,574.5071426133578,564.6238492843752,568.075927734375,7972036,0.0,0.0,572.4453552246093,569.9106921386718,571.9595012528506,563.4648733740953,47.89353998468156,1.1961337899831506,-0.4104957088916743,1.6066294988748249
2023-01-09 00:00:00+05:30,572.1900045367088,575.9730789468689,567.555715294209,574.7435913085938,8878905,0.0,0.0,572.1923645019531,570.6096166992188,572.2246526867309,563.9071760381934,52.586750727660075,1.3018714252036716,-0.24380645893692288,1.5456778841405945
2023-01-10 00:00:00+05:30,575.4529798030562,575.9731410455076,558.5709737925,562.874267578125,10622660,0.0,0.0,571.1709381103516,571.0134619140625,571.3341398192446,563.8666698240731,44.84362701186957,0.4230375207356474,-0.8981122907239578,1.3211498114596052
2023-01-11 00:00:00+05:30,564.103706770016,566.9882895253261,560.1314670081308,564.3401489257812,7419630,0.0,0.0,569.809033203125,571.3879870605468,570.6680454484385,563.8852376319833,45.90305185646589,-0.15339209771809692,-1.1796335273421616,1.0262414296240647
2023-01-12 00:00:00+05:30,565.4750621129492,565.4750621129492,558.0980209430805,562.6377563476562,8183715,0.0,0.0,568.8136108398437,571.7861560058594,569.9032560102688,563.8363167973038,44.82620968840936,-0.7390660831067635,-1.4122460101846626,0.6731799270778991
2023-01-13 00:00:00+05:30,565.4750803162366,570.2039234106185,561.455563686012,567.5557250976562,7877610,0.0,0.0,568.6599243164062,572.0736682128907,569.6796816376391,563.9821759463373,48.57905994726174,-0.7971884667233553,-1.1762947150410037,0.3791062483176483
2023-01-16 00:00:00+05:30,570.2984619140625,573.2303214640315,568.0285941994754,570.2984619140625,5483191,0.0,0.0,568.591357421875,572.2448522949219,569.7386130925365,564.2298734352677,50.59725238487945,-0.6148473578012954,-0.795162884895155,0.18031552709385953
2023-01-17 00:00:00+05:30,570.2984812081821,573.1357870848398,554.2676914600394,560.7935180664062,13461999,0.0,0.0,568.0475433349609,571.8438464355469,568.8866992805241,564.0951144011947,44.13276875704773,-1.223209845976612,-1.1228202984563773,-0.1003895475202348
2023-01-18 00:00:00+05:30,563.5834984603628,564.7657091403643,555.7335733650482,559.3748168945312,11538075,0.0,0.0,567.9553314208985,571.3879870605468,567.9808057199534,563.910004695051,43.244661410573805,-1.7990801527482745,-1.3589524841824316,-0.4401276685658428
2023-01-19 00:00:00+05:30,558.9492292196419,559.6585556526618,555.686316082724,557.861572265625,7475688,0.0,0.0,567.7874572753906,571.0872314453125,567.0170692004936,563.6728112664462,42.267615584201685,-2.3504729258553425,-1.5282762058315997,-0.8221967200237428
2023-01-20 00:00:00+05:30,561.597374126141,564.2455146186342,558.7600683716555,560.0841674804688,6750607,0.0,0.0,568.6481079101562,570.9151025390624,566.3567928462054,563.5320801375843,44.25961104722047,-2.5783887517396806,-1.4049536253727501,-1.1734351263669305
2023-01-23 00:00:00+05:30,566.0425194299563,569.116267446911,560.7935151306456,567.8867797851562,6604469,0.0,0.0,568.8065246582031,571.0645336914063,566.5025058880102,563.7028526727833,50.691715389086646,-2.1051413231925835,-0.7453649574605223,-1.3597763657320612
2023-01-24 00:00:00+05:30,570.7713596355657,571.811682022892,560.888066055424,562.1175537109375,7609623,0.0,0.0,568.449496459961,570.9415844726562,566.0848913949557,563.6406840860442,46.42586785063713,-2.1705963714401832,-0.6486560045664975,-1.5219403668736857
2023-01-25 00:00:00+05:30,563.5361628309502,563.5361628309502,536.6290939830234,537.8585815429688,25686294,0.0,0.0,566.9197143554687,570.3542626953125,563.3966714090521,562.6296212412177,33.615802457491675,-4.132331338635254,-2.0883127774092545,-2.0440185612259993
2023-01-27 00:00:00+05:30,537.1965521891551,537.7167133619173,503.3853255328834,510.6677551269531,40163464,0.0,0.0,563.5220413208008,569.2363641357422,558.3748698583761,560.5919010014426,25.216970083112873,-7.791279857930249,-4.597809037363399,-3.1934708205668496
2023-01-30 00:00:00+05:30,506.9319319667824,524.2867613983544,496.7176433900897,509.01263427734375,40797825,0.0,0.0,559.9517623901368,568.0163226318359,553.6737045649444,558.569184659321,24.810615691315178,-10.701220334179425,-6.00619961089006,-4.695020723289365
2023-01-31 00:00:00+05:30,515.4438772089544,526.7931001933717,508.6816087573524,523.48291015625,21911943,0.0,0.0,557.175929260254,567.1726971435547,550.7983908117354,557.1932523258672,34.715589402032705,-11.704812998061016,-5.607833819817321,-6.096979178243695
2023-02-01 00:00:00+05:30,530.9544714403144,534.3592150301004,472.2695173216822,498.7510070800781,38218810,0.0,0.0,553.1540466308594,565.815517578125,545.8414971230062,554.9013995711304,27.940734161623272,-14.330630709479806,-6.586921224988888,-7.743709484490918
2023-02-02 00:00:00+05:30,491.9887905529068,503.7636200499666,475.2486763772784,499.4603271484375,39287056,0.0,0.0,549.5081024169922,564.3107983398437,541.424242839714,552.7272398682796,28.372476666095718,-16.1679993302439,-6.739431876602387,-9.428567453641515
2023-02-03 00:00:00+05:30,506.931942213324,516.3423508199595,490.9957652543196,514.687255859375,32317232,0.0,0.0,546.6282379150391,563.0784619140625,538.8778631273008,551.235475789499,37.08676175045062,-16.208598673499978,-5.42402497588677,-10.784573697613208
2023-02-06 00:00:00+05:30,528.4954688768345,528.4954688768345,507.45211805474,515.8222045898438,25338586,0.0,0.0,544.0155517578125,561.9057092285157,536.6820861237335,549.8467200561792,37.695207546474364,-15.965156679905476,-4.144466385833814,-11.820690294071662
2023-02-07 00:00:00+05:30,518.2811463944632,521.4967824365973,511.7080436679747,517.429931640625,16195947,0.0,0.0,541.149868774414,560.7424133300781,534.8485476015327,548.5754734516477,38.601068268516,-15.464234935233094,-2.914835712929145,-12.549399222303949
2023-02-08 00:00:00+05:30,520.1727214429854,524.4286800729735,515.9167628129974,519.936279296875,15502847,0.0,0.0,539.0029693603516,559.6301892089843,533.4283315725177,547.4523677985194,40.06405704409855,-14.69560771614249,-1.7169667950708316,-12.978640921071658
2023-02-09 00:00:00+05:30,522.064316295977,522.064316295977,513.3632328126829,520.9293823242188,15061047,0.0,0.0,536.8324310302735,558.6532104492187,532.237955453632,546.4122507210959,40.66732710098687,-13.846713696540974,-0.6944582203754504,-13.152255476165523
2023-02-10 00:00:00+05:30,516.8625392347192,527.0295516716327,516.8625392347192,523.0573120117188,13824475,0.0,0.0,534.8534088134766,557.6119201660156,531.3636084591641,545.4963707717086,42.0141003404437,-12.85407910558206,0.23854109646677202,-13.092620202048831
2023-02-13 00:00:00+05:30,523.95582962391,526.6985817860033,504.3784071164007,508.35064697265625,18488732,0.0,0.0,531.8931549072265,556.2868994140625,529.1718978414015,544.0396757207654,35.941934503773744,-13.103069966430212,-0.008359811505103565,-13.094710154925108
2023-02-14 00:00:00+05:30,510.6677333322475,515.065522396235,501.9666512428332,511.5188903808594,18559909,0.0,0.0,528.9541763305664,554.8408184814454,527.4906590356355,542.764350805475,38.020138518101135,-12.896088175654882,0.15889758341618254,-13.054985759071064
2023-02-15 00:00:00+05:30,510.7150382520747,515.1128852826321,507.68856722110974,512.843017578125,12796579,0.0,0.0,526.5566513061524,553.5791619873047,526.0956455634916,541.5909651887162,38.912139079165755,-12.481330606739562,0.45892412186520204,-12.940254728604764
2023-02-16 00:00:00+05:30,517.1935080193455,517.1935080193455,509.2963637238928,510.8095703125,12767016,0.0,0.0,524.1283889770508,552.312777709961,524.639828872921,540.3838516641587,38.0075073708509,-12.176353027134951,0.6111213611758508,-12.787474388310802
2023-02-17 00:00:00+05:30,509.29642042601847,510.384077468701,499.1294073905873,502.2031555175781,14192008,0.0,0.0,521.3454681396485,550.7872534179687,522.5030028390789,538.886569462332,34.365935284884934,-12.485200228724807,0.24181932766879655,-12.727019556393603
2023-02-20 00:00:00+05:30,503.1489020645839,504.9931624047725,493.8331043175399,496.67041015625,12570032,0.0,0.0,518.1747802734375,549.0593347167969,520.0427559169048,537.23103380327,32.22817811943537,-13.026251652199221,-0.23938567664449373,-12.786865975554727
2023-02-21 00:00:00+05:30,498.514612351846,500.264318919326,494.0695460550484,495.0625915527344,10223218,0.0,0.0,514.5335708618164,547.3645184326172,517.6636926441266,535.5773694012881,31.61275529018739,-13.429964061729265,-0.5144784689396289,-12.915485592789636
2023-02-22 00:00:00+05:30,492.5090001593404,493.596657143169,484.7064091822601,488.34759521484375,14763050,0.0,0.0,510.8450729370117,545.4654144287109,514.8716833651473,533.7252213939767,29.11235998845271,-14.12888415812472,-0.9707188522680656,-13.158165305856654
2023-02-23 00:00:00+05:30,488.915071220071,495.58272805827136,483.6187614835763,492.7454223632813,15535085,0.0,0.0,508.5894149780273,543.4887579345703,512.7644204125886,532.1181704515964,32.85793156045583,-14.164634385247268,-0.8051752635124902,-13.359459121734778
2023-02-24 00:00:00+05:30,495.7719188324995,498.89294371259393,489.5298113471756,492.792724609375,12253035,0.0,0.0,507.69566345214844,541.6936883544922,510.8623541456159,530.5759961048426,32.89899968470386,-14.02745008902815,-0.5343927738346981,-13.493057315193452
2023-02-27 00:00:00+05:30,492.8399548727526,501.0681525783551,490.8538640619757,499.0820617675781,11048799,0.0,0.0,507.19913482666016,540.2627404785156,509.7404215381837,529.3409398563224,38.3026182176538,-13.258399028498047,0.1877266293563249,-13.446125657854372
2023-02-28 00:00:00+05:30,498.6565275542565,499.7914614948557,492.79275029877584,494.4478454589844,15768010,0.0,0.0,505.74738159179685,538.7183013916016,508.28398572111706,527.9725832132896,36.00203052843593,-12.874454352944895,0.45733704392758234,-13.331791396872477
2023-03-01 00:00:00+05:30,494.8733955527241,508.2560436730128,494.7315071796655,507.593994140625,13510198,0.0,0.0,506.18953094482424,537.4367852783203,508.2182722372607,527.1734228574988,45.92446185597738,-11.37822994760353,1.5628491594151601,-12.94107910701869
2023-03-02 00:00:00+05:30,506.8846880415459,510.6204855221287,503.6217748566032,504.8039855957031,10376913,0.0,0.0,506.4567138671875,536.3084838867187,507.89310208092184,526.2961900237029,44.35278073169692,-10.298872705434064,2.1137651212677007,-12.412637826701765
2023-03-03 00:00:00+05:30,512.6066111339563,533.6972406005289,512.3701689701492,530.765380859375,27656538,0.0,0.0,507.2606201171875,535.6994104003907,510.0714143455364,526.4714524094156,58.56336710347431,-7.264861879789748,4.118220757529615,-11.383082637319363
2023-03-06 00:00:00+05:30,534.2646912003962,537.1019969258892,528.6846335168734,531.2382202148438,16162268,0.0,0.0,508.0314208984375,535.4667517089844,512.0873006188037,526.6583844802167,58.769882944284575,-4.767278043537658,5.292643675025365,-10.059921718563023
2023-03-08 00:00:00+05:30,529.630427149925,534.8321545594332,526.2729600942696,534.1701049804688,12637578,0.0,0.0,508.86842956542966,534.8557849121094,514.1904248437241,526.9529617547364,60.09783778225066,-2.522271090315485,6.030120502598031,-8.552391592913516
2023-03-09 00:00:00+05:30,534.122811050497,535.0685796402279,527.7388730698138,528.590087890625,8993423,0.0,0.0,509.3011199951172,534.0424243164063,515.5618213243813,527.0171627796733,56.376169851549,-1.1797482470627756,5.898114676680593,-7.077862923743369
2023-03-10 00:00:00+05:30,523.1045508837578,524.8542572994388,515.4438488803586,517.6663818359375,11522371,0.0,0.0,509.1379699707031,533.0266674804687,515.7622556588152,526.6504654877621,49.86586547392427,-0.9858764369444089,4.873589189439168,-5.859465626383577
2023-03-13 00:00:00+05:30,517.3354208316443,523.151920773827,499.7914249608996,501.2573547363281,14373729,0.0,0.0,508.04797210693357,531.4793902587891,514.3808365233402,525.654657223,42.016674231161446,-2.1317297282799927,2.9821887184828677,-5.1139184467628604
2023-03-14 00:00:00+05:30,499.0348091167667,503.9054826178335,491.79965646525375,496.9068298339844,14750800,0.0,0.0,507.47578125,529.8091625976563,512.7166454100683,524.5272914430386,40.209525059589936,-3.3522352367409667,1.409346568017515,-4.761581804758482
2023-03-15 00:00:00+05:30,501.06817844737753,503.1488808530747,487.5909762816702,489.4825134277344,11282329,0.0,0.0,506.37396240234375,528.0188214111328,510.50387093556026,523.1529864228306,37.26400895416262,-4.862522795871428,-0.08075279289035642,-4.781770002981071
2023-03-16 00:00:00+05:30,490.28649830454526,500.6426189909445,486.4088121486688,496.0556640625,20040008,0.0,0.0,505.5345947265625,526.3561614990234,509.1278512333641,522.0903463302686,41.359728642526385,-5.466029262549341,-0.5474074076546156,-4.918621854894726
2023-03-17 00:00:00+05:30,499.9805770503511,502.7705481485633,491.8942096059672,501.0681762695313,18787379,0.0,0.0,505.0475250244141,524.9299407958985,508.36026314157044,521.2659475043573,44.34369795028628,-5.476712508957746,-0.4464725232504163,-5.03023998570733
2023-03-20 00:00:00+05:30,498.0417441410029,498.0417441410029,487.0708509760629,491.0430908203125,14275315,0.0,0.0,504.4895217895508,523.3051116943359,506.711008634784,520.0807374383164,39.9636319538116,-6.2223918118198185,-0.9537214608899909,-5.268670350929828
2023-03-21 00:00:00+05:30,493.69120478503487,495.0625807877978,488.4422006470023,493.54931640625,29485180,0.0,0.0,504.3334671020508,521.8145794677735,505.45751413682837,519.040289554706,41.51881554960427,-6.535776212485189,-1.013684689244288,-5.522091523240901
2023-03-22 00:00:00+05:30,493.88036715337415,498.4200448211397,491.8942184876975,493.2655944824219,11619538,0.0,0.0,504.24361724853514,520.18501953125,504.29637893164676,518.0295171989301,41.38810812719292,-6.729456609067029,-0.965892068660902,-5.763564540406127
2023-03-23 00:00:00+05:30,491.2322247385441,492.7454313801766,483.7606298482924,484.9428405761719,22097792,0.0,0.0,504.07337951660156,518.6263909912109,502.4531848025539,516.7320004686259,37.64430173615306,-7.468434933849778,-1.3638963147549212,-6.104538619094857
2023-03-24 00:00:00+05:30,486.5979294788206,487.02353688053415,476.14719832075485,477.9441528320313,14416984,0.0,0.0,503.33331604003905,516.898471069336,500.11899128155176,515.2109084044457,34.79408749946283,-8.520596063239509,-1.932845955315722,-6.587750107923787
2023-03-27 00:00:00+05:30,479.5046604885744,486.2669287906455,474.3502102854361,482.48382568359375,15674218,0.0,0.0,502.81787109375,515.2953924560547,498.4394517007938,513.9274933957848,38.06956780825087,-8.885698873739443,-1.838359012652524,-7.047339861086919
2023-03-28 00:00:00+05:30,483.7133438915386,483.9970629158816,476.5254970283352,480.5450134277344,15833599,0.0,0.0,501.8910186767578,513.5551782226562,496.735219484312,512.6183765342927,37.20987729008334,-9.225149644555927,-1.7422478267752055,-7.482901817780721
2023-03-29 00:00:00+05:30,481.3962070874993,489.9081243051564,478.8426203771755,488.4894714355469,24203789,0.0,0.0,501.5930999755859,511.91899841308594,495.9499101463344,511.67214496179287,42.899903100674905,-8.752225254748396,-1.0154587495741394,-7.7367665051742565
2023-03-31 00:00:00+05:30,492.4144235150555,496.4339398922883,491.1848782077965,495.3462829589844,17356345,0.0,0.0,500.98071441650393,510.6100537109375,495.89242184277725,511.0319150793298,47.335795986276935,-7.73497787334577,0.0014309054627901219,-7.73640877880856
2023-04-03 00:00:00+05:30,496.29205661188894,499.8386887458472,493.7857468138389,498.18359375,14210949,0.0,0.0,500.6496948242187,509.3862292480469,496.1106286910842,510.5280593409247,49.097969594493314,-6.623503105460998,0.8903245386780503,-7.513827644139048
2023-04-05 00:00:00+05:30,498.4200371765954,498.9874752294379,490.9011654882028,494.636962890625,13574801,0.0,0.0,498.84327392578126,508.1217370605469,495.97027956723093,509.9048790879718,46.98177150201727,-5.960130143843742,1.2429580002362455,-7.203088144079987
2023-04-06 00:00:00+05:30,495.58274210649415,504.7567089920419,493.3602090058029,499.0348205566406,25125879,0.0,0.0,497.2331039428711,506.9007501220703,496.2621406138414,509.47860228282156,49.867289807135485,-5.021645529403429,1.745154091741247,-6.766799621144676
2023-04-10 00:00:00+05:30,500.54802448109393,501.6356814457874,495.9610699259261,497.7579956054688,17335453,0.0,0.0,495.4124984741211,505.49817443847655,496.4046029939964,509.0189706484156,49.03291495091017,-4.330993813004852,1.9486446465118599,-6.279638459516712
2023-04-11 00:00:00+05:30,502.0611975488937,506.64820952238887,498.5619001924728,503.243408203125,26414406,0.0,0.0,494.1451644897461,504.3206915283203,497.0559177758181,508.79247800350225,52.69489579360975,-3.3029460922185763,2.381353893838509,-5.684299986057085
2023-04-12 00:00:00+05:30,504.2838049318985,505.0404082306634,497.4742597927509,499.5549621582031,21292441,0.0,0.0,493.2395935058594,503.554619140625,497.2939220027119,508.4302224801572,50.0888265638144,-2.754090199548216,2.3441678292070955,-5.098258028755311
2023-04-13 00:00:00+05:30,500.5953152716292,505.2768814505925,498.56194738894,504.0473937988281,28597560,0.0,0.0,493.37909545898435,503.4222119140625,497.9371097928182,508.2583468455953,53.12930230412674,-1.9343186405167216,2.531151510590872,-4.465470151107594
2023-04-17 00:00:00+05:30,499.36581061868105,515.4438764908734,499.36581061868105,514.4981079101562,32476990,0.0,0.0,494.25865936279297,503.53192138671875,499.51434770875517,508.50304335793106,59.33528633983334,-0.4363287589985134,3.2233131136872646,-3.659641872685778
2023-04-18 00:00:00+05:30,515.7749184018437,518.7541127868462,511.1879634663453,516.247802734375,22283456,0.0,0.0,495.596923828125,503.38721923828126,501.10801009214754,508.8067594119093,60.28344673509269,0.8818592396671079,3.6332008898823087,-2.751341650215201
2023-04-19 00:00:00+05:30,514.4981347732645,517.8083249786072,509.0599651502015,510.998779296875,21156372,0.0,0.0,496.3440795898438,503.6321746826172,502.0499881116454,508.8927209760256,56.06044263622325,1.4858524203633579,3.389755256462847,-1.9039028360994892
2023-04-20 00:00:00+05:30,511.8500166144861,515.8695334687824,507.5467807037376,515.2547607421875,25588577,0.0,0.0,497.05340881347655,503.9480633544922,503.3075855050304,509.14221273156136,58.59324070656817,2.2816421510721057,3.348435989737276,-1.0667938386651703
2023-04-21 00:00:00+05:30,515.4438626043238,516.7679616717087,510.43130080659256,513.6942138671875,22599418,0.0,0.0,498.1859649658203,503.92820251464843,504.29678820618824,509.3207225800173,57.289234424923066,2.7546344440653456,3.0571426261844126,-0.30250818211906716
2023-04-24 00:00:00+05:30,514.3089049807553,525.421684990277,514.0251859723464,524.523193359375,23335611,0.0,0.0,499.7346588134766,504.10222229003904,506.22311250649176,509.916897904698,63.37968756602609,3.9576708217807663,3.4081432031198666,0.5495276186608996
2023-04-25 00:00:00+05:30,524.9015490305807,537.1019865035063,524.9015490305807,531.332763671875,38142390,0.0,0.0,501.63801727294924,504.3802789306641,508.6145078555759,510.75673577792065,66.60458533058926,5.398332614756896,3.879043996876797,1.519288617880099
2023-04-26 00:00:00+05:30,531.521976860201,536.250820070701,526.2729724415733,535.6360473632812,23143882,0.0,0.0,504.1726776123047,504.6942742919922,511.18798780869065,511.73239505577794,68.49287096839885,6.808818671648055,4.231624043014365,2.5771946286336904
2023-04-27 00:00:00+05:30,534.3592448781264,536.6291125481928,530.6707243455518,534.122802734375,17845169,0.0,0.0,506.9816101074219,504.9581427001953,513.3722558968511,512.6104502588602,67.05698898901923,7.715592293725251,4.110718132073249,3.6048741616520026
2023-04-28 00:00:00+05:30,537.0073577193658,548.971352667809,534.8321016537752,546.9379272460938,16183423,0.0,0.0,510.2043151855469,505.4357550048828,516.5689865015408,513.956625826987,72.34452020459979,9.360389624848949,4.604412370557557,4.755977254291392
2023-05-02 00:00:00+05:30,548.5457707982896,549.3496509930271,542.0672791815007,544.1006469726562,13667511,0.0,0.0,513.382096862793,506.1507550048828,519.1910494035518,515.1387443032877,69.67797313824043,10.31604164736575,4.448051514459486,5.8679901329062645
2023-05-03 00:00:00+05:30,539.7028624979448,543.8169327250288,538.1423212531155,539.5609741210938,9699527,0.0,0.0,515.9356719970704,506.7115966796875,521.1310422337939,516.0964788059467,65.51691256398867,10.585070991408202,3.773664686801549,6.811406304606653
2023-05-04 00:00:00+05:30,539.2771958248946,549.3023185667743,537.6693778728617,548.5457153320312,12533761,0.0,0.0,518.5956436157227,507.42565063476565,523.7419634812451,517.3689978854011,69.41047355301268,11.391952870474597,3.6644372526943556,7.7275156177802415
2023-05-05 00:00:00+05:30,548.7348896271685,556.3483144291979,543.864158811983,545.2355346679688,18163461,0.0,0.0,520.9482406616211,508.114169921875,525.7889702609331,518.4618032494234,66.4342622390723,11.630242462120236,3.1221814754719954,8.50806098664824
2023-05-08 00:00:00+05:30,546.3232238183328,555.733574673191,546.0394470743597,551.9505004882812,12990869,0.0,0.0,523.8139175415039,509.10911682128904,528.2805445682995,519.7750854940845,69.30917161350044,12.220065000076943,2.96960321074296,9.250461789333983
2023-05-09 00:00:00+05:30,553.2745925384495,554.6459684581436,541.0741553565239,542.3982543945312,18959065,0.0,0.0,525.9820892333985,510.0236737060547,529.6250883612739,520.6622685882196,61.26982127349186,11.780914137720174,2.0243618787089517,9.756552259011222
2023-05-10 00:00:00+05:30,543.8169025352203,543.8169025352203,532.7041223529789,541.1687622070312,18561315,0.0,0.0,528.1526275634766,510.94579711914065,530.7244858703937,521.4664448085651,60.30030586453645,11.20451549114182,1.1583705857044766,10.046144905437343
2023-05-11 00:00:00+05:30,541.1688024380219,548.5457859453637,540.9796371737035,542.3510131835938,16016715,0.0,0.0,530.1080078125,512.0258654785156,531.8317741859365,522.2854474899387,60.940342921949224,10.719544942908556,0.5387200299769681,10.180824912931588
2023-05-12 00:00:00+05:30,543.5332293428207,549.2551178633527,540.5540351442528,546.796142578125,11319335,0.0,0.0,532.470066833496,513.1068798828124,533.2569521280498,523.2466512188872,63.33389119827842,10.572019422997187,0.31295560805248,10.259063814944707
2023-05-15 00:00:00+05:30,547.3635792465793,552.3288644146909,543.4859510624889,550.3427734375,11410243,0.0,0.0,534.7848358154297,514.257880859375,534.8841732051403,524.3092442470681,65.1679331877895,10.618880016714911,0.28785296141616357,10.331027055298748
2023-05-16 00:00:00+05:30,552.3288332353558,558.3817750457957,550.4372961352346,554.5040893554688,22178229,0.0,0.0,536.7851348876953,515.3663214111328,536.7527366480288,525.4933558199466,67.2385823472847,10.866538104773667,0.4284088395799355,10.438129265193732
2023-05-17 00:00:00+05:30,554.2203703354769,558.4763288107494,548.0728747600833,554.5040893554688,23739774,0.0,0.0,538.69794921875,516.5674462890624,538.4433416677849,526.631031644869,67.2385823472847,10.93673702727233,0.39888620966287824,10.537850817609451
2023-05-18 00:00:00+05:30,558.287215759265,561.6920174929332,540.4122231267693,543.0603637695312,45656620,0.0,0.0,540.3010284423829,517.2767736816406,538.8830580584274,527.2753191791695,56.52211190609444,9.95421121294703,-0.4669116837299363,10.421122896676966
2023-05-19 00:00:00+05:30,547.599987074534,554.4568090197679,538.9935164126377,543.9588012695312,42293962,0.0,0.0,541.73623046875,518.0598699951172,539.3664621737706,527.9295733787916,57.10019945326452,9.14265795428264,-1.022771953915461,10.165429908198101
2023-05-22 00:00:00+05:30,546.1813376993675,548.8294780947019,542.3509866163723,545.850341796875,21484049,0.0,0.0,543.3440368652343,518.3615692138671,539.9839745188282,528.6323486108734,58.355633485304025,8.553527916720668,-1.2895215931819486,9.843049509902617
2023-05-23 00:00:00+05:30,547.5054310821739,552.0451085306911,545.5192825124204,550.0589599609375,16120548,0.0,0.0,544.6208251953125,518.7379840087891,540.9434969418862,529.4726078795034,61.084426631784474,8.330212921271482,-1.2102692709049094,9.540482192176391
2023-05-24 00:00:00+05:30,548.3566132517542,553.5110635776405,546.8906834921327,551.099365234375,17616658,0.0,0.0,545.6091552734375,519.0765692138672,541.9107224935518,530.3207160110669,61.7516553078231,8.143315121335945,-1.1177336566723568,9.261048778008302
2023-05-25 00:00:00+05:30,550.4372927167339,551.2885074965544,545.7084499957997,549.7279663085938,16479436,0.0,0.0,546.3137512207031,519.4993267822266,542.6552219045082,531.0817846501856,60.28441165398525,7.794684564670774,-1.1730913706700221,8.967775935340796
2023-05-26 00:00:00+05:30,549.7279971125996,555.875492994289,549.0659475495447,554.2203979492188,9788076,0.0,0.0,547.3186309814453,520.2304071044922,543.7566672420996,531.9891812501477,63.35597295236547,7.791083267223144,-0.941354134494123,8.732437401717267
2023-05-29 00:00:00+05:30,558.0033964269302,564.05633771551,556.1591363682904,562.7322387695312,18432231,0.0,0.0,548.1083465576172,521.4599047851563,545.5638645304265,533.1947913489471,68.35047387296318,8.378481709108542,-0.28316455408698005,8.661646263195522
2023-05-30 00:00:00+05:30,562.7323750429217,563.2052593916974,559.4221846014929,560.6516723632812,15031640,0.0,0.0,548.9358978271484,522.7348016357422,547.000798609746,534.2715317808818,65.98311294649618,8.577241781208272,-0.0675235855898002,8.644765366798072
2023-05-31 00:00:00+05:30,562.8691231871136,563.8332703864224,556.7950076008431,559.0607299804688,28797643,11.3,0.0,549.9108856201171,524.1263659667969,548.1493635021958,535.2436572004734,64.15332947979044,8.508306356660796,-0.10916720810982206,8.617473564770618
2023-06-01 00:00:00+05:30,560.9408598639765,565.3759725346222,560.169553831175,561.8568115234375,17820226,0.0,0.0,550.5764404296875,525.4423889160156,549.454834742314,536.2873103111779,65.94096627568797,8.58038560459795,-0.029670368138134506,8.610055972736085
2023-06-02 00:00:00+05:30,563.7369097033585,567.7863399289043,562.0978476064854,566.1472778320312,11323908,0.0,0.0,551.6220275878907,526.7439709472657,551.044591227049,537.4582894296427,68.53401754744219,8.881335198344232,0.21702338048651804,8.664311817857714
2023-06-05 00:00:00+05:30,567.4006574895654,568.6540371470996,564.9902893608927,566.1472778320312,12920507,0.0,0.0,552.3318664550782,528.2460546875,552.4829423322853,538.5833477983639,68.53401754744218,9.01591011995913,0.2812786416811335,8.734631478277997
2023-06-06 00:00:00+05:30,566.9186002547972,567.7863563449595,562.0978638580726,564.3635864257812,11199940,0.0,0.0,553.4301330566407,529.6623400878906,553.6144322459517,539.5943375484586,66.10733470299644,8.876312124486958,0.11334451696716741,8.76296760751979
2023-06-07 00:00:00+05:30,566.9185730743186,569.4253323416787,564.9902786080794,568.0755615234375,11113781,0.0,0.0,554.7754730224609,531.1585394287109,554.9916826533313,540.7112482925754,68.59916277193021,8.961897895089805,0.15914423005601108,8.802753665033794
2023-06-08 00:00:00+05:30,568.7986599936411,572.6552488450642,565.3276947192347,567.400634765625,15971917,0.0,0.0,556.0279541015625,532.8076953125,556.1734876164069,541.7578908993617,67.62560928322654,8.872982072060381,0.05618272562126947,8.816799346439112
2023-06-09 00:00:00+05:30,566.9185840392489,567.9791224774418,556.0719274568654,557.9520263671875,18870272,0.0,0.0,556.5857482910156,534.4078527832031,556.3428722593384,542.3929550353549,55.70652350849004,7.948466930243853,-0.694665932956207,8.64313286320006
2023-06-12 00:00:00+05:30,559.2054449706885,560.651665949061,556.9879179065606,557.9038696289062,8786066,0.0,0.0,556.9638031005859,535.9162536621094,556.4915386754877,543.0012261958864,55.652685154355595,7.129709322288363,-1.2107388327293584,8.340448155017722
2023-06-13 00:00:00+05:30,558.6751344061959,560.5552333084419,553.6615569491656,555.7344970703125,12612098,0.0,0.0,557.0253234863281,537.420043334961,556.4194394749949,543.5005701517463,53.16019174237384,6.23392695443215,-1.6852169604684581,7.919143914900608
2023-06-14 00:00:00+05:30,556.3129673905737,557.8073838698208,554.6257096905156,555.8790893554688,8948696,0.0,0.0,557.0940734863282,538.7678356933594,556.3679775588496,543.9860022773825,53.31028623940505,5.472595686643444,-1.957238582605731,7.4298342692491754
2023-06-15 00:00:00+05:30,555.348852603707,556.023767492567,544.9842689830649,546.189453125,17934877,0.0,0.0,557.2505279541016,539.7846990966797,555.3985942794353,544.072412114544,43.29741437966647,4.0407828779780175,-2.7112411130169267,6.752023990994944
2023-06-16 00:00:00+05:30,548.3587359338673,554.0954237099354,546.7196738768654,550.7691040039062,12660226,0.0,0.0,557.5910430908203,540.8364093017578,554.9576904436707,544.3350274827544,48.24516866358505,3.2382716834323446,-2.81100184605008,6.0492735294824245
2023-06-19 00:00:00+05:30,550.7691160969515,552.215336970729,545.6109518525627,548.4551391601562,17903691,0.0,0.0,557.7212829589844,541.9127728271484,554.3383998452407,544.4966004897113,46.05830225292044,2.3880304274243827,-2.928994481646434,5.317024909070817
2023-06-20 00:00:00+05:30,548.4551564192141,549.0336800950572,542.3810403275806,547.0571899414062,14549152,0.0,0.0,557.5711944580078,542.8732202148437,553.6449512829707,544.5970157623268,44.7389123107782,1.5831556546696675,-2.987095403520919,4.570251058190586
2023-06-21 00:00:00+05:30,547.0571403988516,549.0818259637434,545.3698828124838,546.0447387695312,14946871,0.0,0.0,557.3184631347656,543.838955078125,552.921121519786,544.6537892135897,43.7611763108077,0.8537487659554017,-2.973201833788148,3.8269505997435496
2023-06-22 00:00:00+05:30,546.0447890802325,548.5998029137497,540.9348202600779,542.7667236328125,14979063,0.0,0.0,556.9704010009766,544.6294213867187,551.9540360067408,544.5797866417945,40.66266176425167,0.011052716700874043,-3.0527183064341408,3.063771023135015
2023-06-23 00:00:00+05:30,541.8507779506582,541.9471691410787,533.9447583891194,534.716064453125,12215712,0.0,0.0,555.9951843261719,545.3326434326171,550.312324430206,544.1929740069447,34.24885614962581,-1.2915230139062714,-3.4842352296330295,2.192712215726758
2023-06-26 00:00:00+05:30,536.0658432444474,538.4762112446472,534.6196224443274,537.0781860351562,8360264,0.0,0.0,554.7124816894532,545.9932592773438,549.0519302973441,543.9139627139334,37.37030194028929,-2.1089099927223742,-3.441297766759306,1.3323877740369316
2023-06-27 00:00:00+05:30,538.2352390818655,547.5874798151365,535.7284795993684,545.8037719726562,10694768,0.0,0.0,553.9700866699219,546.6193725585938,548.7425818854691,543.9880728809422,47.31933297674775,-2.0292215965786227,-2.6892874964924434,0.6600658999138207
2023-06-28 00:00:00+05:30,551.7332662924933,553.4205239875774,548.1659096820828,549.37109375,18028934,0.0,0.0,553.4856048583985,547.2818383789063,548.8024401582816,544.1991717385523,50.76302421738383,-1.6590899581412941,-1.8553246864440918,0.19623472830279776
2023-06-30 00:00:00+05:30,553.4204993748917,553.4204993748917,549.7567517407397,552.3117065429688,8718232,0.0,0.0,553.008349609375,548.1080969238282,549.1366560044422,544.5173103583334,53.463538855336076,-1.1156149763579606,-1.0494797637286066,-0.0661352126293539
2023-07-03 00:00:00+05:30,553.9025977654534,565.3277191936658,553.3241329514472,564.4600219726562,15421985,0.0,0.0,552.9239868164062,549.0922021484375,550.5960241918912,545.2993774804637,62.59174630487161,0.2919944593318178,0.2865037375689373,0.005490721762880436
2023-07-04 00:00:00+05:30,567.1114364319501,574.5835777803604,561.3747484015366,568.123779296875,24799250,0.0,0.0,553.0228118896484,550.1807934570312,552.2653342018896,546.1944520614994,64.83218398888793,1.6837603341336944,1.3426156898966513,0.34114464423704327
2023-07-05 00:00:00+05:30,568.6540479574438,572.4142458484074,567.1114358645187,569.4253540039062,13598114,0.0,0.0,553.2759002685547,551.0788366699219,553.8996218020817,547.1054678239468,65.61995316255845,2.85881636271165,2.0141373747796854,0.8446789879319647
2023-07-06 00:00:00+05:30,569.2325774351127,572.2214104632285,567.9791388940837,571.2572631835938,11323509,0.0,0.0,553.4349853515625,551.8773266601562,555.5527305050829,548.0525970537369,66.74891415765875,3.893000406698434,2.438657135013175,1.4543432716852587
2023-07-07 00:00:00+05:30,568.8469033396802,574.1497134555585,564.5082405175979,572.3178100585938,11707209,0.0,0.0,553.6808441162109,552.6109619140625,557.1494047482744,549.0041740343196,67.41600867014712,4.743495913734137,2.6313221136391025,2.112173800095034
2023-07-10 00:00:00+05:30,573.3301866383733,578.2955096754295,569.0879151930579,571.3536376953125,11417363,0.0,0.0,554.3509246826172,553.3555786132813,558.5021888384684,549.8806235896526,66.1173164235876,5.278867579283997,2.53335502335117,2.7455125559328266
2023-07-11 00:00:00+05:30,573.6676140744553,574.5835657318489,566.2918640690325,567.4488525390625,13221177,0.0,0.0,554.828173828125,553.7657971191406,559.3542520480488,550.5695737445313,60.99284309561917,5.326667446332635,2.0649239123198466,3.2617435340127887
2023-07-12 00:00:00+05:30,567.8827424791843,573.1855524683788,567.1114364319501,568.123779296875,16029716,0.0,0.0,555.4476379394531,554.246259765625,560.1894451193656,551.2579739622703,61.547598665579585,5.3572550328619855,1.676409199079357,3.6808458337826284
2023-07-13 00:00:00+05:30,573.571193644083,576.5600264296337,562.4352463905591,564.65283203125,20024503,0.0,0.0,555.8863250732422,554.7480969238281,560.6145295871642,551.7832625139949,57.05375788092303,5.043283644618896,1.0899502486690134,3.9533333959498824
2023-07-14 00:00:00+05:30,565.71341543592,570.1002737819823,559.88033617268,563.4476928710938,12190152,0.0,0.0,556.7492370605469,555.0461364746094,560.8843546618241,552.2406911554498,55.53752144456419,4.643684890118152,0.552281195334615,4.091403694783537
2023-07-17 00:00:00+05:30,565.9544364569268,581.2361468497637,563.2548359229304,579.5488891601562,19378986,0.0,0.0,558.1882263183594,555.7324035644531,562.661929375951,553.3116008811246,67.83614275153819,5.562115371729533,1.176569341556796,4.385546030172737
2023-07-18 00:00:00+05:30,581.4289973858464,582.3931446524997,567.6417032420812,571.1126098632812,25757209,0.0,0.0,559.3210998535156,556.1156457519531,563.4667560890301,554.0096796647385,58.677851473066575,5.545317937666141,0.9278175259947226,4.6175004116714184
2023-07-19 00:00:00+05:30,573.3302236106615,580.8023652915784,570.7752096906919,579.8864135742188,17556585,0.0,0.0,560.9625610351562,556.8654089355468,565.0305329923814,555.0244535435418,64.10540388320783,6.168867617974115,1.241093765042157,4.927773852931958
2023-07-20 00:00:00+05:30,579.8382008421577,588.9011500146614,577.2831869976956,588.1780395507812,34038351,0.0,0.0,563.0692260742187,557.8055944824218,567.2350574265147,556.3245941712767,68.33790646543615,7.248543455457252,1.8566156820202355,5.391927773437017
2023-07-21 00:00:00+05:30,588.1298087141655,597.2892073744681,587.1656614867653,593.0469360351562,21040281,0.0,0.0,565.5832366943359,558.8195129394531,569.6933315797187,557.7646860090758,70.53500744441989,8.400240843059805,2.406650455698231,5.993590387361574
2023-07-24 00:00:00+05:30,592.9987361181354,599.6031798857839,592.2756257028592,595.5055541992188,11756364,0.0,0.0,568.6227111816406,559.793701171875,572.1516384958616,559.2447200557481,71.60646526605345,9.402967700074782,2.727501850170566,6.675465849904216
2023-07-25 00:00:00+05:30,599.5067488556581,599.5067488556581,582.537780778133,587.744140625,18503305,0.0,0.0,571.1560089111329,560.541728515625,573.6366386986366,560.3623443917973,63.728131876851634,9.462279480133702,2.2294509041835884,7.232828575950114
2023-07-26 00:00:00+05:30,590.0581274138974,594.2521444866661,587.310331241653,593.09521484375,9999125,0.0,0.0,573.5205810546875,561.3135510253907,575.4898364267426,561.6459863703053,66.46739787679661,9.827782898141322,2.075963457752966,7.751819440388356
2023-07-27 00:00:00+05:30,594.3003595167257,598.9764499129095,591.1186266690645,594.4449462890625,17444742,0.0,0.0,575.7742736816406,562.1123681640624,577.2950849850588,562.9322200926096,67.14146562197787,10.109819333549467,1.8863999145288872,8.22341941902058
2023-07-28 00:00:00+05:30,594.3003774643948,597.6748927770809,591.6007181367443,593.962890625,11930586,0.0,0.0,577.8568328857422,563.1304187011718,578.8824950460056,564.1491091330954,66.62633575960778,10.177121851524703,1.5629619460032984,8.614159905521404
2023-07-31 00:00:00+05:30,594.5414611882713,598.7354784405272,592.4685209367213,597.9641723632812,8605483,0.0,0.0,579.5320404052734,564.2105261230469,580.6997976476509,565.4751900440831,68.76828127603304,10.433063713943397,1.4551230467375937,8.977940667205804
2023-08-01 00:00:00+05:30,597.9641167316927,598.590777115643,588.7082681252145,589.9134521484375,13493453,0.0,0.0,580.6215240478516,565.0917883300781,581.5772885524877,566.4335532638618,60.37245151353467,9.872469956945565,0.7156234317918084,9.156846525153757
2023-08-02 00:00:00+05:30,587.9851391205248,588.6118583315358,572.7998209080405,576.993896484375,14977497,0.0,0.0,580.999951171875,565.6304870605469,581.1407750221913,566.8476843705487,49.85357637930805,8.290131718780458,-0.693371845098639,8.983503563879097
2023-08-03 00:00:00+05:30,577.2349991054857,579.3078804881416,564.0261693529716,569.3289794921875,27774877,0.0,0.0,580.9035369873047,565.9950793457032,580.0158421145719,566.9449900615933,44.859765932596865,6.344487222621524,-2.111213073006059,8.455700295627583
2023-08-04 00:00:00+05:30,573.4747712992396,577.2349691049168,550.9137610058102,552.74560546875,52725616,0.0,0.0,579.9249267578125,566.0554321289062,577.4186767197317,566.3881514501093,36.371054813742866,3.4249297924493476,-4.0246164025425895,7.449546194991937
2023-08-07 00:00:00+05:30,556.3130240355339,556.3130240355339,546.3341224464406,547.539306640625,32736325,0.0,0.0,578.7342102050782,565.9218103027343,574.5730224264835,565.6489810654236,34.184052809436444,0.6831794230629384,-5.413093417543199,6.0962728406061375
2023-08-08 00:00:00+05:30,550.528048802567,553.6615271889215,548.0694852226486,552.552734375,25038671,0.0,0.0,577.989404296875,565.7182202148438,572.4758521358659,565.1354027638384,38.04722779175362,-1.0727695590197754,-5.735233919700731,4.662464360680955
2023-08-09 00:00:00+05:30,554.3846884999659,554.3846884999659,547.9730855203012,553.1795043945312,15769111,0.0,0.0,577.2421905517579,565.5687768554687,570.6381047319293,564.6665440042577,38.53297862140498,-2.3862890213838455,-5.639002705651841,3.2527136842679956
2023-08-10 00:00:00+05:30,553.1795210754018,556.8914646933206,549.6603598426617,553.0831298828125,27325801,0.0,0.0,576.663705444336,565.4492248535156,568.9662023653467,564.2122924700834,38.483014236260075,-3.395893529625141,-5.31888577111451,1.9229922414893685
2023-08-11 00:00:00+05:30,554.8185652442073,558.241276326227,551.492245351644,553.565185546875,18221179,0.0,0.0,576.169580078125,565.2833923339844,567.4994388588256,563.7947588652518,38.909711467665396,-4.109739988468846,-4.826185783966571,0.7164457954977257
2023-08-14 00:00:00+05:30,552.4081996934482,552.456395288408,538.5726508209419,540.6937866210938,28084093,0.0,0.0,574.2268249511719,564.7743225097656,564.9465195980891,562.8888383850888,32.43957827581293,-5.6489650202352095,-5.092328652586348,-0.5566363676488613
2023-08-16 00:00:00+05:30,538.7654746862926,546.0930291373386,534.1375796285616,545.0806274414062,15725767,0.0,0.0,572.9252258300781,564.3529895019532,563.0545298688812,562.1904771716111,36.32581637289598,-6.440587472332254,-4.707160883746714,-1.73342658858554
2023-08-17 00:00:00+05:30,545.4662752373399,552.6009880147222,543.7790176471228,551.6368408203125,27910162,0.0,0.0,571.5127471923828,564.0984545898438,561.9671309118746,561.7766090794032,41.72132747980397,-6.46440470830953,-3.784782495779192,-2.6796222125303384
2023-08-18 00:00:00+05:30,549.5639568421426,554.6257301288466,547.0571974198606,552.408203125,18253227,0.0,0.0,569.7242553710937,563.785107421875,561.0567568369341,561.4092206106031,42.34038493693863,-6.347863330899941,-2.9345928946956814,-3.413270436204259
2023-08-21 00:00:00+05:30,552.4081870104123,554.9149463595685,550.2870512589609,551.2030029296875,9380810,0.0,0.0,567.6320587158203,563.4611547851563,560.118304083863,561.0089767799791,41.59690745789386,-6.28035698718918,-2.293669240787936,-3.9866877464012433
2023-08-22 00:00:00+05:30,551.9742645290513,553.8543633129792,547.1535285942997,548.11767578125,14073413,0.0,0.0,565.2626647949219,563.2644677734374,558.9753871026618,560.5034355643427,39.67616382996076,-6.402019345271924,-1.9322652790965442,-4.46975406617538
2023-08-23 00:00:00+05:30,550.5281210292501,557.2289566885623,545.7073844177855,556.2166137695312,18579297,0.0,0.0,563.6862884521485,563.23072265625,558.7126467852207,560.3353249057226,46.64123647881501,-5.778312243903656,-1.046846542182621,-4.731465701721035
2023-08-24 00:00:00+05:30,557.4217589831178,561.1337023758908,554.9149408121432,556.2647705078125,24131644,0.0,0.0,561.8447662353516,563.241328125,558.4795157111819,560.1756953214908,46.68065816100481,-5.21996155865088,-0.3907966855438758,-4.829164873107004
2023-08-25 00:00:00+05:30,553.2276905127146,554.6739114144629,546.8643420837741,549.5157470703125,12271885,0.0,0.0,559.5983062744141,563.1140612792968,557.6258234596705,559.7576581351701,41.99766914695802,-5.2614042126990626,-0.345791471673647,-4.915612741025416
2023-08-28 00:00:00+05:30,552.2635109517712,554.1918053746803,548.7926045292852,552.3117065429688,9711932,0.0,0.0,557.5157470703125,563.2365063476562,557.1197170866513,559.4656600335152,44.4824663628495,-5.010875004089598,-0.07620981045134556,-4.934665193638253
2023-08-29 00:00:00+05:30,553.0831215882818,555.6380766224023,551.3476093726454,554.2400512695312,13144855,0.0,0.0,555.329541015625,563.3059252929687,556.8454631993066,559.2607341996335,46.19449377133225,-4.6036593780846715,0.2648046524428649,-4.868464030527536
2023-08-30 00:00:00+05:30,556.0237478716156,556.9878951511408,545.8037514005196,547.0571899414062,15281416,0.0,0.0,553.1867279052734,563.2779663085937,555.9132466985542,558.7821638365657,41.109189388017306,-4.80514422857982,0.050655841558173265,-4.8558000701379935
2023-08-31 00:00:00+05:30,548.8890428168341,549.8531901110308,539.3440199124148,541.2240600585938,27898476,0.0,0.0,551.3982360839843,563.1613037109375,554.5142765423675,558.0936107472335,37.498959888029404,-5.373564153624216,-0.41421126678897746,-4.959352886835238
2023-09-01 00:00:00+05:30,542.5256806565127,550.7209324523909,541.9471569863232,549.1300659179688,18121168,0.0,0.0,550.3882904052734,563.2230102539063,554.001494578139,557.7420991853015,44.60034588094949,-5.126991671317114,-0.13411102758550086,-4.992880643731613
2023-09-04 00:00:00+05:30,551.4922061534426,555.6862229936563,548.0694953146975,554.9149169921875,12108655,0.0,0.0,550.4967559814453,563.4659741210937,554.0884871890008,557.6312292953755,49.15277184874032,-4.413911245682243,0.46317551843949634,-4.8770867641217395
2023-09-05 00:00:00+05:30,554.9631191092507,557.5181327939658,550.8654934034583,552.4563598632812,14444729,0.0,0.0,550.7426086425781,563.8207800292969,553.9330464913132,557.428293239215,47.37112216038728,-4.001053233081279,0.7008268248323688,-4.701880057913648
2023-09-06 00:00:00+05:30,553.6615727898534,553.6615727898534,547.6356523197853,550.0460205078125,20609936,0.0,0.0,550.6172729492188,564.08013671875,553.5628535405036,557.1387923477876,45.625057594434345,-3.824270713296414,0.7020874756937872,-4.526358188990201
2023-09-07 00:00:00+05:30,547.635673708293,560.1695887755602,547.635673708293,558.2894897460938,12390597,0.0,0.0,550.8727722167969,564.3298510742187,554.0130093696075,557.1839177359565,52.12450477584128,-2.9845857717982653,1.2334179337535494,-4.218003705551815
2023-09-08 00:00:00+05:30,560.169565692688,567.4006702412167,558.9161860069856,562.53173828125,14032068,0.0,0.0,551.3452026367188,564.5930639648437,554.8243168850021,557.3936361887131,55.098942936228,-1.9542875923577867,1.8109728905552225,-3.765260482913009
2023-09-11 00:00:00+05:30,565.9543973420567,571.0643656508981,564.3635309487681,570.4859008789062,10946134,0.0,0.0,552.1912384033203,564.9565478515625,556.315896312993,557.9070583334266,60.10394906947074,-0.490282742073191,2.6199821926718547,-3.1102649347450457
2023-09-12 00:00:00+05:30,572.3660702665688,572.9445351099214,563.6887445349923,567.2560424804688,16093060,0.0,0.0,553.5193511962891,565.0124682617187,557.3578149956097,558.2736851627224,57.310406835132056,0.4046643509191199,2.811943428531333,-2.407279077612213
2023-09-13 00:00:00+05:30,567.304299765373,576.560090386674,562.531758819719,575.065673828125,19377172,0.0,0.0,555.018603515625,565.1513061523438,559.0442777415635,558.93219452215,61.91922663314809,1.7242127010717923,3.3051934229472044,-1.5809807218754122
2023-09-14 00:00:00+05:30,576.9939246952075,582.0556976801864,573.8604461806968,575.8851318359375,13178911,0.0,0.0,556.2310180664062,565.2805017089844,560.6481686076944,559.5970155932789,62.37820067906514,2.8037676005203593,3.5077986579166174,-0.704031057396258
2023-09-15 00:00:00+05:30,577.8616290798742,579.163263171742,573.8604533120565,577.3313598632812,11756389,0.0,0.0,557.4771759033204,565.4019836425781,562.2370439653694,560.2924800744555,63.22072090211251,3.7329895712096004,3.5496165028846867,0.18337306832491362
2023-09-18 00:00:00+05:30,577.331370972233,586.587220031729,575.6441132571398,582.2967529296875,19305055,0.0,0.0,559.0318634033204,565.6015625,564.1474924381615,561.155392735445,66.0332457245003,4.814571022816608,3.704958363593356,1.1096126592232525
2023-09-20 00:00:00+05:30,579.3078523473552,585.0445402613964,577.9098859106114,579.5488891601562,21314600,0.0,0.0,560.6034240722656,565.7654675292969,565.6142921259706,561.8767063207279,63.155004622487795,5.387894183938556,3.422625219772243,1.9652689641663132
2023-09-21 00:00:00+05:30,578.4883538720975,584.8517022259392,563.6887170242877,567.063232421875,23453425,0.0,0.0,561.1457550048829,565.7577551269532,565.7522864398662,562.080099501165,52.052794293924045,4.7796716879296355,2.2515221790106574,2.528149508918978
2023-09-22 00:00:00+05:30,572.2214035789467,580.4166553572468,570.1967178548243,576.7047119140625,18784139,0.0,0.0,562.1677520751953,565.9293737792968,566.7953745802658,562.6536137134356,58.16819916445253,5.017795769488316,1.9917170084554705,3.0260787610328457
2023-09-25 00:00:00+05:30,579.9345565537149,579.9345565537149,569.2807414736828,572.7516479492188,9712784,0.0,0.0,563.3295471191407,566.0913500976562,567.3626387106423,563.0496150560153,55.06701004016814,4.831833229132485,1.4446035744797112,3.387229654652774
2023-09-26 00:00:00+05:30,572.7034899087656,573.6676371981744,570.0520848628917,573.0891723632812,8327427,0.0,0.0,564.3684204101562,566.2841796875,567.9080228680365,563.4433231857121,55.286209839182966,4.657997480070776,1.0166142603344013,3.6413832197363747
2023-09-27 00:00:00+05:30,572.1731915193855,572.9926931348808,567.1114185078637,568.6058349609375,9865347,0.0,0.0,565.0867095947266,566.0653186035156,567.9744811625985,563.6457746278777,51.6797884096904,4.111073639108213,0.3757523354974701,3.7353213036107427
2023-09-28 00:00:00+05:30,570.052085763523,573.8604793320803,567.738108726534,568.7987060546875,21960816,0.0,0.0,566.1737854003907,566.0190405273438,568.0529787713689,563.8478503701056,51.825377348882455,3.651107940543625,-0.06737069045369459,3.7184786309973195
2023-09-29 00:00:00+05:30,571.5946808672312,578.488357330842,570.1002643801689,577.09033203125,12189735,0.0,0.0,567.9670989990234,565.9631188964844,568.9136790818337,564.367163376425,57.7228090656066,3.9105681356328432,0.15367160370841892,3.7568965319244243
2023-10-03 00:00:00+05:30,575.2102103849722,583.2126794228604,568.4611798159711,581.3325805664062,15322196,0.0,0.0,569.5772247314453,565.8262097167968,570.096431604174,565.0324738544634,60.394240510785345,4.407697024782124,0.520640394286159,3.8870566304959646
2023-10-04 00:00:00+05:30,578.48834788113,578.9222259114165,563.4958699679197,565.2313232421875,24914612,0.0,0.0,570.0930450439453,565.2698974609375,569.6330879506514,565.0402718696682,47.99755937166371,3.4625245214738243,-0.33962568721771236,3.8021502086915366
2023-10-05 00:00:00+05:30,568.8469205566893,573.0409378728881,566.0508697813017,570.9198608398438,13248028,0.0,0.0,571.0162200927734,564.77818359375,569.7556377496221,565.2708439861457,51.76460814270376,3.136332260045606,-0.5326543589167452,3.668986618962351
2023-10-06 00:00:00+05:30,572.1250173967202,577.4760230117589,570.9680288955789,572.9445190429688,8216780,0.0,0.0,572.1611450195312,564.4821911621094,570.0593407299409,565.5717724197466,53.067729460644664,3.0065380399731794,-0.5299588631913372,3.5364969031645166
2023-10-09 00:00:00+05:30,566.9186092871498,567.8827565818558,560.6998474669198,564.12255859375,9189597,0.0,0.0,572.4527984619141,563.9027380371094,569.4939329074465,565.5149405050016,47.097207885927915,2.1668387372440066,-1.0957265327364079,3.2625652699804144
2023-10-10 00:00:00+05:30,565.9544358882783,573.6676138901629,564.749251825484,570.437744140625,10373508,0.0,0.0,572.8480987548828,563.4225939941406,569.5838196915587,565.7079916279672,51.319448217339335,1.9880368344320232,-1.0196227484387133,3.0076595828707364
2023-10-11 00:00:00+05:30,575.4995490029714,575.5959401945697,566.5329320028374,567.2560424804688,14220119,0.0,0.0,572.6866058349609,562.88845703125,569.3621266238358,565.7686995045359,49.189378989099566,1.5714832244735817,-1.1489410867177239,2.7204243111913056
2023-10-12 00:00:00+05:30,569.6182128568753,571.7393486854555,564.0261702883498,565.0385131835938,11983797,0.0,0.0,572.5757293701172,562.2299438476563,568.9503539152414,565.7400647468519,47.703257308221836,1.0503179938498306,-1.3360850538731799,2.3864030477230105
2023-10-13 00:00:00+05:30,557.0360813206687,560.4587923356951,554.1918351248179,555.4934692382812,19064577,0.0,0.0,571.597119140625,561.5415441894531,567.668745850769,565.338237472006,41.84320820415914,-0.1313997863944678,-2.014242267293983,1.8828424808995148
2023-10-16 00:00:00+05:30,555.3487805162515,558.0001852843412,551.0101181684682,555.0113525390625,11290293,0.0,0.0,570.5534301757813,561.1018933105469,566.4632798210828,564.9332615922827,41.565464143636405,-1.0942090684449113,-2.381641239475541,1.2874321710306296
2023-10-17 00:00:00+05:30,556.9878989513794,559.1572303451123,554.6739219259789,555.78271484375,10765224,0.0,0.0,569.4759979248047,560.8309680175781,565.4460831565749,564.5744166217521,42.22622073396966,-1.7745440307206763,-2.449580961401045,0.6750369306803685
2023-10-18 00:00:00+05:30,557.0360850561344,558.4823059606506,548.9372244520923,552.1189575195312,11777454,0.0,0.0,567.9671081542969,560.8184350585938,564.176833095904,564.0859672451944,39.917415538869236,-2.5796128158519878,-2.603719797225885,0.02410698137389733
2023-10-19 00:00:00+05:30,549.371117512421,553.420547925152,546.6715168528941,550.720947265625,11441499,0.0,0.0,566.5257110595703,560.8820678710938,562.895320159687,563.561848814623,39.040241216054255,-3.2924896014847036,-2.6532772662868807,-0.639212335197823
2023-10-20 00:00:00+05:30,549.4675645730006,549.5639557633297,541.9471686271559,542.9113159179688,11110988,0.0,0.0,565.318115234375,560.6892395019531,560.9920816604757,562.7520239951464,34.48178215208325,-4.436480585466029,-3.0378146002145647,-1.3986659852514642
2023-10-23 00:00:00+05:30,542.9113036124381,545.7073542311729,531.2451451967778,533.125244140625,11875035,0.0,0.0,563.1391418457031,560.288154296875,558.3380971347757,561.5901894910475,29.78812576960225,-6.062866933097439,-3.7313607582767796,-2.3315061748206594
2023-10-25 00:00:00+05:30,538.5726461874272,540.6937819693302,533.7519097953203,536.2587280273438,12134624,0.0,0.0,561.3144958496093,559.9516662597656,556.235300076925,560.5967988454121,32.935982149042324,-7.0180442238042815,-3.7492304391868974,-3.268813784617384
2023-10-26 00:00:00+05:30,531.6790168695493,533.0770421621733,523.7248019958954,527.3885498046875,19424825,0.0,0.0,559.0294647216797,559.4281335449218,553.4879905271881,559.2945145693052,28.975686240510456,-8.394017352817286,-4.100162854559922,-4.293854498257365
2023-10-27 00:00:00+05:30,530.2810445032903,542.3328864238197,530.2810445032903,541.0313110351562,10415296,0.0,0.0,557.6507385253906,559.4348840332032,552.3016400993755,558.5783105091425,40.77182755186796,-8.288089223512884,-3.195387780204415,-5.092701443308469
2023-10-30 00:00:00+05:30,542.8148994458782,546.3822560251111,536.5479423474799,544.93603515625,8593704,0.0,0.0,556.4576049804688,559.4319921875,551.6001539143159,558.043319318833,43.65620300659049,-7.799157976095785,-2.1651652262298526,-5.633992749865932
2023-10-31 00:00:00+05:30,546.6715239018123,549.0818921729843,542.95958030296,545.2734985351562,13039696,0.0,0.0,554.8667633056641,559.3047253417968,550.9976153067769,557.5425420331986,43.910432847831785,-7.300292735202902,-1.3330399882695758,-5.967252746933326
2023-11-01 00:00:00+05:30,545.9483719540883,549.2264960926518,543.6343950507638,546.093017578125,13575575,0.0,0.0,553.10478515625,559.1784216308594,550.530510761191,557.0935410741762,44.564593971561,-6.760874942070359,-0.6348977561096261,-6.125977185960733
2023-11-02 00:00:00+05:30,550.6244757883788,554.8185516709641,547.2499603836425,551.588623046875,11148516,0.0,0.0,552.4226501464843,559.1861340332031,550.6312833598275,556.8776619358506,48.87096476207044,-5.822811278239328,0.2425327261771244,-6.065344004416453
2023-11-03 00:00:00+05:30,555.3488128153236,558.7233281709723,552.8902491112981,557.4217529296875,11371371,0.0,0.0,551.7477447509766,559.3722155761719,551.2779947474332,556.8989988375697,53.04077148014234,-4.556183388252748,1.207328492930964,-5.763511881183712
2023-11-06 00:00:00+05:30,561.1337462208361,561.6158198859742,552.697457080918,553.7579956054688,16499138,0.0,0.0,550.7884185791015,559.3230432128906,551.5141853053414,556.7758222402324,50.26778463863072,-3.804154333491624,1.567486038153671,-5.371640371645295
2023-11-07 00:00:00+05:30,554.1918149204695,560.3623807188147,552.0706792493585,558.96435546875,17923281,0.0,0.0,550.5305084228515,559.3770349121094,552.2237253209041,556.8616470727234,53.95196784789084,-2.756283440143534,2.092285545201409,-4.848568985344943
2023-11-08 00:00:00+05:30,561.0372997909418,561.7121557781876,558.2412492696659,559.49462890625,15434808,0.0,0.0,549.9833526611328,559.5766125488282,552.9161923290322,556.9649012622734,54.32311850344066,-1.8615903185443585,2.389582933440468,-4.251173251984826
2023-11-09 00:00:00+05:30,560.1695768517445,560.9890785114845,555.8309140361974,557.6145629882812,12434363,0.0,0.0,549.5012786865234,559.6826696777343,553.3636562013417,556.9903781927051,52.70124159563722,-1.2893819880292767,2.36943301116444,-3.6588149991937167
2023-11-10 00:00:00+05:30,557.0842655533097,560.1695485020424,554.7703474769183,558.7233276367188,6773038,0.0,0.0,549.1855194091797,559.7723352050781,553.874101099949,557.0583369944311,53.581430574303305,-0.7379283441545113,2.3367093240313643,-3.0746376681858756
2023-11-13 00:00:00+05:30,560.1695300224528,561.6157508400668,554.5774879637208,560.5069580078125,11282362,0.0,0.0,549.4361938476562,560.0413305664063,554.5058017578408,557.1935770341715,55.03116351829524,-0.15518442440304625,2.3355625950262633,-2.4907470194293095
2023-11-15 00:00:00+05:30,566.1955023239185,566.9186127994279,561.7121938370072,563.7369384765625,11397676,0.0,0.0,549.8724731445312,560.4915881347656,555.3849576358143,557.450179443677,57.61288750331934,0.56081206777435,2.4412472697629277,-1.8804352019885777
2023-11-16 00:00:00+05:30,563.7369162968865,566.9185904945721,562.0014629933197,563.688720703125,8622660,0.0,0.0,550.2677734375,560.7827612304687,556.1757922136535,557.6948281205182,57.55976126308538,1.1115405276644879,2.3935805837224526,-1.2820400560579648
2023-11-17 00:00:00+05:30,553.902595942704,553.902595942704,541.9471464863035,542.8630981445312,37173221,0.0,0.0,549.80498046875,560.5417248535156,554.9079165880228,557.1131916508717,40.282319612090696,-0.13094741330837678,0.9208741141996704,-1.0518215275080471
2023-11-20 00:00:00+05:30,543.7790617204822,546.4786623142577,540.5009374550467,543.5380249023438,12714585,0.0,0.0,549.445834350586,560.3633581542969,553.8250697608153,556.5808321705373,40.901447873485495,-1.049074036942443,0.0021979924524835326,-1.0512720293949265
2023-11-21 00:00:00+05:30,545.7073762644006,546.3340955532802,540.8866397249625,541.3687133789062,14280013,0.0,0.0,549.3687042236328,560.1898120117188,552.6387501053954,555.9842784924342,39.48449865191926,-1.9294992449421215,-0.7025817724377559,-1.2269174725043657
2023-11-22 00:00:00+05:30,542.7666840578206,544.2611004650989,535.246347583391,538.9100952148438,14909071,0.0,0.0,549.6579467773438,559.8022241210938,551.3312591634381,555.3147026776268,37.88269132344461,-2.7934315635001212,-1.2532112727966043,-1.540220290703517
2023-11-23 00:00:00+05:30,541.6097208689436,543.2969785663546,538.2834010675289,539.874267578125,6376210,0.0,0.0,549.8387237548828,559.3490747070313,550.240117107694,554.7091954188228,38.92901688683547,-3.3615536010431697,-1.457066648271722,-1.9044869527714476
2023-11-24 00:00:00+05:30,541.802558602573,542.2846322273022,539.1993492596594,540.2598876953125,6529851,0.0,0.0,550.482290649414,558.7445544433593,549.2896190684196,554.1425559002538,39.36890206064038,-3.7375934376212854,-1.46648518787987,-2.2711082497414155
2023-11-28 00:00:00+05:30,543.3933911524404,544.9360621303805,540.9830229183594,544.2129516601562,8153314,0.0,0.0,550.6413726806641,558.2836926269531,548.8061269342993,553.7531596555441,43.835007397523675,-3.6742737518459307,-1.1225324016836122,-2.5517413501623185
2023-11-29 00:00:00+05:30,547.6356465078894,548.5997937728681,544.8395959006997,548.214111328125,10299034,0.0,0.0,550.8052764892578,557.7466613769532,548.749744495616,553.5359420740767,48.0094159327454,-3.2636114176615365,-0.5694960539993743,-2.694115363662162
2023-11-30 00:00:00+05:30,549.3229338505354,549.7568119125536,543.4416587556975,544.502197265625,19758998,0.0,0.0,550.7667114257813,557.1190026855469,548.3452161879978,553.1816775717846,44.69089181126261,-3.2007823754354376,-0.4053336094186202,-2.7954487660168175
2023-12-01 00:00:00+05:30,546.6714604840198,553.6133320690648,546.2375824761655,551.2511596679688,10614230,0.0,0.0,551.0246185302734,556.5973986816406,548.6219727098999,553.1059709873213,51.28431764583283,-2.5767024227870934,0.17499707458377944,-2.751699497370873
2023-12-04 00:00:00+05:30,566.9186192117567,574.6317977044337,563.5922992174134,573.37841796875,26077882,0.0,0.0,552.1141082763672,556.4190319824219,550.979729401219,553.9009689081616,65.71516454628335,-0.2932493484529459,1.9667601191343418,-2.2600094675872877
2023-12-05 00:00:00+05:30,573.7158104246026,589.3832032666363,573.7158104246026,586.4425659179688,36430152,0.0,0.0,553.5651489257813,556.5569055175781,554.3571424028141,555.1771099673698,71.1491640912079,2.541276963267478,3.8410291446838127,-1.2997521814163346
2023-12-06 00:00:00+05:30,591.9864427624263,591.9864427624263,582.8752389993938,586.6354370117188,21439069,0.0,0.0,555.2090209960937,556.948349609375,557.4312656989002,556.410769851462,71.22168339916013,4.7484849931678355,4.838589739667336,-0.09010474649950051
2023-12-07 00:00:00+05:30,588.1298587031671,590.5884225726319,583.3091221564198,589.7689208984375,10725706,0.0,0.0,556.7492492675781,557.2096337890625,560.5110423845705,557.7189326376179,72.43399453391244,6.673629771167953,5.410987614133963,1.26264215703399
2023-12-08 00:00:00+05:30,588.1298685759048,594.6860586201612,583.6465599734173,592.131103515625,17722136,0.0,0.0,558.3810729980469,557.5972229003906,563.5224767780043,559.0684295347946,73.34556221932475,8.29431754366533,5.625340309305071,2.6689772343602582
2023-12-11 00:00:00+05:30,592.9505885011256,597.6749338019196,591.1186850954592,592.2274780273438,11706255,0.0,0.0,560.11171875,557.9799890136719,566.2562864207985,560.3687843776397,73.38423340318194,9.477253023979529,5.446620631695416,4.0306323922841125
2023-12-12 00:00:00+05:30,594.8789018296793,595.7948535613543,588.9011766221438,590.44384765625,14494836,0.0,0.0,561.6977447509765,558.4167492675781,568.5598636813177,561.5481986238598,71.32185698237109,10.1537675385091,4.89850811697999,5.255259421529111
2023-12-13 00:00:00+05:30,592.4202881197557,598.2533671989761,589.7206875955662,597.6266479492188,13977914,0.0,0.0,563.5537292480469,558.9933081054687,571.3281288496893,562.9630397738738,74.43746433780376,11.141074745189258,4.708652258928117,6.4324224862611405
2023-12-14 00:00:00+05:30,603.5561888461816,605.2434465626046,600.0852822254344,601.2904663085938,15813797,0.0,0.0,565.4314056396485,559.4773107910156,574.1816847981563,564.4660761085687,75.8770794812317,12.07991262814869,4.517992113510039,7.5619205146386514
2023-12-15 00:00:00+05:30,605.4844420374566,626.6956804527815,597.6266188130294,625.0084228515625,29813572,0.0,0.0,568.4973907470703,560.3508276367188,579.0223265175284,566.8402857847645,82.6780093091272,14.56983727346028,5.606333407057303,8.963503866402977
2023-12-18 00:00:00+05:30,623.4658627876797,632.1431883165444,619.3682368434937,625.24951171875,16221796,0.0,0.0,572.6167114257812,561.55119140625,583.4249155843115,569.1308436645287,82.73130382570771,16.37382706448045,5.9282585584619785,10.445568506018473
2023-12-19 00:00:00+05:30,625.2495207706708,635.9515322057881,617.2953055873893,631.9021606445312,19964008,0.0,0.0,577.0349182128906,562.7708374023438,588.0417960662372,571.5924639382544,84.17791120540186,18.131308700362297,6.1485921554750576,11.98271654488724
2023-12-20 00:00:00+05:30,635.0838071346933,636.7228692336894,611.2211626299238,613.6315307617188,22542056,0.0,0.0,580.6480590820313,563.5845776367188,590.478913656283,573.2410547940765,67.46311407676136,17.84414225690739,4.68914056961612,13.15500168729127
2023-12-21 00:00:00+05:30,609.4857151061817,625.6833773355924,605.002406799909,620.6697998046875,19915516,0.0,0.0,584.7360443115234,564.7155224609374,593.3542361466073,575.1010055788064,69.93938339651962,17.977259613674846,3.85780634110686,14.119453272567986
2023-12-22 00:00:00+05:30,621.6339545547611,626.1172629150401,612.3781642684246,613.9207763671875,14998068,0.0,0.0,588.4383697509766,565.5851831054688,595.3129542628529,576.623349531292,64.8431887028314,17.3383011475961,2.575078300022488,14.76322284757361
2023-12-26 00:00:00+05:30,615.9454393216356,618.3076118235898,612.8602152382182,615.1741333007812,10153089,0.0,0.0,592.18408203125,566.543544921875,597.204495123608,578.1351449732327,65.34816267515454,16.74008807460052,1.5814921816215275,15.158595892978994
2023-12-27 00:00:00+05:30,617.777331902043,626.1654244947468,616.0900742651665,625.2976684570312,14417646,0.0,0.0,596.2383178710937,567.7487280273438,599.8800354410769,579.9846556980875,69.19672496841996,16.888207838141398,1.383689556129923,15.504518282011475
2023-12-28 00:00:00+05:30,626.9367393678991,629.8773766643785,623.3211872377498,628.0455322265625,16982092,0.0,0.0,600.2298889160156,569.1997692871093,602.5624637063612,581.8693959541062,70.1653180269172,17.03100068477397,1.2211859222099974,15.809814762563974
2023-12-29 00:00:00+05:30,622.3570816705638,626.3100620587661,616.6203934706069,619.03076171875,13221898,0.0,0.0,603.9563171386719,570.4801574707031,604.1308730408745,583.3267044154647,63.14978758488618,16.229662952198737,0.3358785517078111,15.893784400490926
2024-01-01 00:00:00+05:30,619.1753954576906,623.7068994465233,615.1259651092256,618.3558349609375,8295548,0.0,0.0,607.3115509033203,571.7316198730468,605.4856313189757,584.7003958094049,62.64476655280511,15.363040509219445,-0.424595113017185,15.78763562223663
2024-01-02 00:00:00+05:30,618.355831330922,624.7674342489258,611.1247267678557,616.5239868164062,15164482,0.0,0.0,609.4688293457032,573.0197204589844,606.5369032711119,585.9483797704638,61.213880699978255,14.362855090692165,-1.1398244252355738,15.502679515927738
2024-01-03 00:00:00+05:30,616.4275152016644,624.7674123778669,613.0048042643401,620.3805541992188,14571772,0.0,0.0,611.1657287597657,574.4129125976563,607.8553462166459,587.2986611206111,63.123580404375595,13.723201176905945,-1.423582671217435,15.14678384812338
2024-01-04 00:00:00+05:30,619.4645906357115,623.2247883433014,615.7526473667616,619.7056274414062,13883388,0.0,0.0,612.81923828125,575.948798828125,608.9839444285278,588.569522544956,62.543204614434934,13.01181775748239,-1.7079728725127943,14.719790629995185
2024-01-05 00:00:00+05:30,621.875024779636,628.3830192250042,614.8849566716478,618.9343872070312,15984585,0.0,0.0,614.2775115966797,577.6649816894532,609.9316056455282,589.760301551312,61.84347657983232,12.244659814650731,-1.980104652275564,14.224764466926295
2024-01-08 00:00:00+05:30,617.0542389354067,621.8749751770896,602.6402258033993,604.5203247070312,14739531,0.0,0.0,614.89697265625,579.0302136230468,609.4162455561475,590.3391259887912,50.477037924655754,10.354230117963311,-3.096427479170387,13.450657597133699
2024-01-09 00:00:00+05:30,609.3410705687005,611.6067930993104,602.1099660920149,602.9777221679688,13400235,0.0,0.0,615.4344848632812,580.5419970703125,608.8030528525113,590.8347572115041,49.429973938050544,8.632070693021547,-3.8548695232897217,12.486940216311268
2024-01-10 00:00:00+05:30,602.399194493818,602.8812681223897,596.0358461354228,599.4585571289062,12742464,0.0,0.0,615.885220336914,581.7105419921875,607.9131008788347,591.1729454435591,47.033057737131834,6.903698198078928,-4.466593614585873,11.370291812664801
2024-01-11 00:00:00+05:30,603.5562149819164,604.6650079251884,596.3251101698327,597.9641723632812,15533860,0.0,0.0,615.9020965576171,582.7711047363281,606.9655838773534,591.4392680678619,46.01271101904267,5.351675399392207,-4.814893130618076,10.166568530010283
2024-01-12 00:00:00+05:30,601.4350358209014,613.6797175235832,598.8318265066497,610.8836669921875,16620797,0.0,0.0,616.3817565917968,584.0833081054687,607.3387346501949,592.2017935158747,55.084771705093566,5.105330323531689,-4.048990565182875,9.154320888714564
2024-01-15 00:00:00+05:30,615.9937051364175,622.3570534845726,613.2940457432574,617.150634765625,16844018,0.0,0.0,615.9888671875,585.5044604492188,608.2732013278548,593.1801794472375,58.709390513827806,5.354073572820653,-3.0401978527151297,8.394271425535782
2024-01-16 00:00:00+05:30,617.054262733865,621.7786079716733,610.7391097830742,614.0654296875,15025543,0.0,0.0,615.4296630859375,586.7539965820313,608.8248421240115,593.9992088684243,56.300632026145166,5.241829575885504,-2.5219534797202234,7.763783055605727
2024-01-17 00:00:00+05:30,601.627918767472,613.9689925112747,600.6637714617549,603.5562133789062,30016308,0.0,0.0,614.0123657226562,587.6766857910156,608.3230679578111,594.3739933590314,48.93549768760727,4.2558111311522,-2.8063775395628223,7.062188670715022
2024-01-18 00:00:00+05:30,603.3633136101857,610.7390633220803,596.8553199279997,605.773681640625,14695436,0.0,0.0,613.6194732666015,588.7169995117188,608.0802692609362,594.8210399583096,50.40963016500078,3.611682340559355,-2.7604050641245346,6.37208740468389
2024-01-19 00:00:00+05:30,610.3052425771916,612.7156108338156,602.3028317345762,605.2434692382812,11675202,0.0,0.0,612.8481567382812,589.6425817871094,607.8100978302072,595.2297626751713,50.037674071437905,3.0235681125225256,-2.678815433729092,5.7023835462516175
2024-01-23 00:00:00+05:30,604.5203041005418,612.137090641516,579.1150485116219,583.4054565429688,30954343,0.0,0.0,611.3223907470704,590.1207983398438,605.4858462790415,594.7660643954771,37.6992692761291,0.7862745494770707,-3.932887197419638,4.719161746896709
2024-01-24 00:00:00+05:30,588.0815965650563,600.0369865400962,581.4771529351829,596.1322021484375,19221835,0.0,0.0,610.3702941894531,590.8911511230468,604.5950230285079,594.819638425005,46.04863142261266,0.039687794256792586,-3.743579162111933,3.783266956368726
2024-01-25 00:00:00+05:30,596.3250968992248,601.4350657500038,584.514292635659,590.78125,22684904,0.0,0.0,608.6444732666016,591.5323095703125,603.2794255972215,594.6612702514755,43.41418026721181,-0.9725537129193071,-3.8046565354304267,2.8321028225111196
2024-01-29 00:00:00+05:30,596.8071461540897,606.9306922520184,593.5290219741044,600.6155395507812,19572140,0.0,0.0,607.2729736328125,592.3344812011719,603.0257221642271,594.894771008311,49.16979709871287,-0.9700354570786658,-3.041710623671828,2.0716751665931623
2024-01-30 00:00:00+05:30,603.0259172029118,610.7872908979857,601.8207331245812,604.279296875,16966577,0.0,0.0,606.535400390625,593.1453283691407,603.1451102319197,595.262791630534,51.16278006962645,-0.6647423879543339,-2.1891340436379974,1.5243916556836632
2024-01-31 00:00:00+05:30,603.9418631812425,620.1395252720102,599.6995917267393,617.5363159179688,23270745,0.0,0.0,606.4944244384766,594.2222802734375,604.5157012496387,596.1362631712177,57.63551134717421,0.6395627310319014,-0.7078631397214097,1.347425870753311
2024-02-01 00:00:00+05:30,619.7056475917949,629.5399613532924,610.5462486775638,624.4299926757812,26587707,0.0,0.0,606.8897247314453,595.8536181640625,606.4123004330809,597.2458211910046,60.56259223028202,2.2040886740968517,0.6853302426748322,1.5187584314220195
2024-02-02 00:00:00+05:30,628.623998836513,636.8674459475857,623.5140302472481,626.3582763671875,27471811,0.0,0.0,607.1886108398437,597.5100231933594,608.3119171887101,598.3874860998745,61.36667279111796,3.558562243914139,1.6318430499936953,1.9267191939204436
2024-02-05 00:00:00+05:30,623.8996743944258,631.3236201370446,615.8490682349207,619.8984985351562,28339525,0.0,0.0,607.1982543945312,599.0806188964843,609.4154011264669,599.2310552149837,57.16202029103506,4.06389615681212,1.7097415703133412,2.354154586498779
2024-02-06 00:00:00+05:30,621.3447251345781,631.5164671490533,614.8367310074694,626.936767578125,14079390,0.0,0.0,607.5983734130859,600.84115234375,611.0841026932915,600.3175537390285,60.34971560409675,4.974958192774693,2.096642885020731,2.878315307753962
2024-02-07 00:00:00+05:30,631.5646198105808,653.6436145166939,631.5164242193285,651.0404052734375,41696232,0.0,0.0,609.9243774414062,603.0644750976562,614.8894648437815,602.3066851717505,68.88810099816597,7.554855863963667,3.7412324449677636,3.813623418995903
2024-02-08 00:00:00+05:30,656.0058526209428,693.1255240196265,654.1739491949825,674.46923828125,74222434,0.0,0.0,613.4989532470703,605.748662109375,620.5637289806832,605.1365892152603,74.61112592892725,11.35901472533078,6.036313045067901,5.322701680262879
2024-02-09 00:00:00+05:30,678.4222453850707,702.2366357119648,669.3110419771705,699.247802734375,43235061,0.0,0.0,618.4884155273437,608.8493591308594,628.0574502905586,608.8272250395393,79.00899685970704,16.186671228641785,8.691175638703125,7.495495589938661
2024-02-12 00:00:00+05:30,699.9708774628965,699.9708774628965,679.2417123589678,682.5198364257812,22873137,0.0,0.0,622.7161987304687,611.5354736328125,633.2443442081988,611.7171313684115,70.17182147166051,18.4501350373464,8.76371155792619,9.68642347942021
2024-02-13 00:00:00+05:30,683.1465652829623,692.2577691391986,676.9760578021069,687.8709106445312,23351472,0.0,0.0,626.565560913086,614.4028479003906,638.4468743449922,614.7035540851222,71.27851244768907,20.440112488541217,8.602951207296805,11.837161281244413
2024-02-14 00:00:00+05:30,680.2540625529531,721.6641976192514,680.2540625529531,716.7470703125,36782182,0.0,0.0,631.5453826904297,617.7127661132813,645.9040358657072,618.7052606038429,76.37291174440448,24.06978718890457,9.786100726128126,14.283686462776444
2024-02-15 00:00:00+05:30,720.8928694462425,736.6084569548306,715.0597906860668,734.3909301757812,33941282,0.0,0.0,637.5616577148437,620.9330163574218,654.3313591333333,623.2419535282327,78.84232025296433,28.04673724593067,11.01044062652338,17.036296619407292
2024-02-16 00:00:00+05:30,736.0782565173563,746.8284634371934,726.3403336305333,727.6419677734375,27365121,0.0,0.0,643.7659454345703,623.7570043945312,661.3133218609622,627.3360717339269,75.58797561395777,30.30458160328908,10.614627987105429,19.68995361618365
2024-02-19 00:00:00+05:30,731.4985393690836,737.5726553496461,723.1104464212216,732.02880859375,13979584,0.0,0.0,650.0787017822265,626.6648718261719,668.0481301212277,631.4416692578416,76.27352219506281,32.07814403869986,9.91055233801297,22.16759170068689
2024-02-20 00:00:00+05:30,731.8359847570562,736.1264519437863,726.967052738199,732.8483276367188,12528399,0.0,0.0,656.4589447021484,629.5264599609375,674.2195775036554,635.4184009589741,76.40681649460547,33.16749910076908,8.79992592006575,24.367573180703328
2024-02-21 00:00:00+05:30,733.3786255385841,749.6244830800896,732.3662238537067,743.839599609375,21465311,0.0,0.0,664.4806518554688,632.5606298828125,680.8500557994382,639.6702126707546,78.17755827805227,34.51980183837691,8.121782926138863,26.398018912238044
2024-02-22 00:00:00+05:30,745.2857902765477,745.2857902765477,729.8594349797497,738.4403686523438,18799244,0.0,0.0,671.596060180664,635.4848876953125,686.3348474997149,643.543552121013,75.19210970750312,34.75520234747023,6.68574674818575,28.06945559928448
2024-02-23 00:00:00+05:30,738.4403812825284,742.8754349674641,727.9311530180862,731.8359375,14143636,0.0,0.0,678.648794555664,638.3127294921875,690.6682846425991,647.0059986064634,71.59070185087378,34.016713055006335,4.757805964577482,29.258907090428853
2024-02-26 00:00:00+05:30,727.9312082579945,738.8742565255047,725.7136812472469,731.69140625,11355186,0.0,0.0,685.202587890625,640.9940246582031,694.5752486052088,650.3269949846414,71.50998248638928,33.038940169970374,3.024026463633213,30.01491370633716
2024-02-27 00:00:00+05:30,731.6914003457339,735.0176614115741,715.590128867995,722.9658203125,13969393,0.0,0.0,691.1369140625,643.4275317382812,697.2791125773317,653.1755763700476,66.62591323084214,31.200308516652058,0.9483158482519158,30.251992668400142
2024-02-28 00:00:00+05:30,722.965792248516,729.6184318157158,714.4331126203441,715.8793334960938,11263318,0.0,0.0,696.0540649414063,645.2449499511719,699.0505621886424,655.6345472377357,62.87029281200384,28.838922278508107,-1.1304563119136297,29.969378590421737
2024-02-29 00:00:00+05:30,717.2291322182092,726.8706043069235,710.721138558327,721.2785034179688,19217113,0.0,0.0,700.8964904785156,647.1655297851562,701.1675089723879,658.2088200291173,64.51165693052221,27.09088767226558,-2.302792734524928,29.39368040679051
2024-03-01 00:00:00+05:30,725.0387042946561,744.3216485578118,724.9905087033734,741.5738525390625,17348526,0.0,0.0,706.6572692871093,649.3589636230469,705.0157321692141,661.4780369902917,69.89840992939594,27.031619034045775,-1.8896490981957896,28.921268132241565
2024-03-04 00:00:00+05:30,746.635654393883,749.1424137066598,741.4292357019581,744.369873046875,9789141,0.0,0.0,712.8808380126953,651.97373046875,708.7637455861342,664.7286972278048,70.56137010705959,26.90017522370988,-1.61687432682535,28.51704955053523
2024-03-05 00:00:00+05:30,741.9113219415058,758.7357035196916,741.525639495962,755.84326171875,18088847,0.0,0.0,719.3261627197265,654.6771997070313,713.2475090273357,668.3018174039204,73.17242202709686,27.40589355440875,-0.8889247969011862,28.294818351309935
2024-03-06 00:00:00+05:30,755.5540071356407,761.9655509647814,745.1894243197579,755.7950439453125,26710525,0.0,0.0,724.5638946533203,657.5146850585937,717.2996552100002,671.7329243271122,73.1430610046567,27.485947312438157,-0.647096831097425,28.13304414353558
2024-03-07 00:00:00+05:30,761.6763024583448,764.954426539321,754.9272719302329,759.7962036132812,15497868,0.0,0.0,728.8302429199218,660.4071264648437,721.3469455341223,675.1863862599031,74.07276224104434,27.554618152641638,-0.4627407927151559,28.017358945356793
2024-03-11 00:00:00+05:30,761.6763431224929,764.375943708488,742.9236669559873,745.9607543945312,16778340,0.0,0.0,731.1658905029296,662.8203881835938,723.6911178065423,677.9618516769474,65.6145407275007,26.1907247917311,-1.4613073229005593,27.65203211463166
2024-03-12 00:00:00+05:30,742.3934128308799,749.8655543236582,730.1969260813347,732.4627075195312,21529705,0.0,0.0,733.6630340576172,664.9087316894531,724.5265073030173,680.0991401413625,58.58583314462085,23.74691030193833,-3.124097450154668,26.871007752092996
2024-03-13 00:00:00+05:30,731.450347794911,736.3192797248611,716.3614195245849,720.4590454101562,27950252,0.0,0.0,735.2924407958984,666.9372973632812,724.1391299798877,681.6818815244525,53.134764446749095,20.604063678111288,-5.01355525918537,25.61761893729666
2024-03-14 00:00:00+05:30,723.0140618967187,723.8817591322932,707.7322923467271,714.4813232421875,19730882,0.0,0.0,735.1791534423828,668.8598071289063,723.2193388620115,682.9681341408342,50.609384386972444,17.430059983045794,-6.550047163400691,23.980107146446485
2024-03-15 00:00:00+05:30,712.7458828582031,719.7841462932436,697.0784894237145,705.659423828125,29792241,0.0,0.0,733.742578125,670.6425158691407,721.5469660016413,683.857988638375,47.05499671601806,14.040930525299473,-7.951341296917612,21.992271822217084
2024-03-18 00:00:00+05:30,701.0314668855465,711.4443046336356,696.2107304639793,704.7434692382812,18145126,0.0,0.0,732.5976531982421,672.3297741699218,719.9466329765594,684.6770270932733,46.688357546718144,11.152551461205121,-8.671776288809571,19.824327750014692
2024-03-19 00:00:00+05:30,703.8275174114212,708.0215345586139,695.294837485665,697.8497924804688,15205043,0.0,0.0,730.8887023925781,673.8926574707032,717.8421719769317,685.1936061280653,43.91498923404868,8.212558875195214,-9.289415099855585,17.5019739750508
2024-03-20 00:00:00+05:30,699.1514430237444,712.4566640874273,693.9932196245381,709.8534545898438,25405455,0.0,0.0,729.7389587402344,675.7110388183594,717.08134174959,686.1606590089194,49.53615998271727,6.773112557272157,-8.583089134222915,15.356201691495071
2024-03-21 00:00:00+05:30,715.3972193126948,723.6888616581621,713.999194109353,717.61474609375,15161161,0.0,0.0,728.4277160644531,677.9729272460937,717.1321421633195,687.3941526200892,52.82821579751984,6.187289122660786,-7.335130055067429,13.522419177728215
2024-03-22 00:00:00+05:30,717.1809169690966,721.9534576831707,714.8188032557894,719.9287719726562,15535921,0.0,0.0,727.5021362304688,680.3119482421876,717.3984878594467,688.6700200456801,53.79601493221228,5.842394887904675,-6.144019431858833,11.986414319763508
2024-03-26 00:00:00+05:30,716.4096538721063,721.0375492356,712.0227953384497,713.5172119140625,14678342,0.0,0.0,726.5861999511719,682.5931213378906,717.0288425313149,689.6444197267932,50.69268192005809,4.994135127932736,-5.593823353464616,10.587958481397353
2024-03-27 00:00:00+05:30,716.3614570597734,719.1092533764988,704.0203831624405,707.0092163085938,30088789,0.0,0.0,725.3520904541016,684.7740222167969,716.0745924148653,690.3253921417657,47.68567498398373,3.7534745824707443,-5.467587119141287,9.221061701612031
2024-03-28 00:00:00+05:30,711.299633363139,732.3180316341789,710.480131739764,725.3761596679688,21705116,0.0,0.0,725.472607421875,687.0638720703125,716.9604559627799,691.6999320447541,55.676592086594944,4.203841721304343,-4.013775984246152,8.217617705550495
2024-04-01 00:00:00+05:30,731.8359644474378,734.1981369990166,725.1351292346699,731.1128540039062,9949971,0.0,0.0,726.2342834472656,689.3431164550781,718.308303395268,693.245536827466,57.84259661129988,4.966414478285174,-2.600962581812257,7.567377060097431
2024-04-02 00:00:00+05:30,731.0164660314755,741.1882078791733,726.3403165012812,738.9224853515625,15713063,0.0,0.0,727.1164825439453,691.8402575683593,720.271558819677,695.036789710764,60.66099930317207,6.130264985381814,-1.149689659772494,7.279954645154308
2024-04-03 00:00:00+05:30,737.4762911492417,744.9001782599978,732.8965914876521,743.40576171875,19136981,0.0,0.0,727.2080780029297,694.6372485351562,722.4748162386363,696.9336121424498,62.22239602168794,7.329893383647686,0.039950990794702435,7.289942392852984
2024-04-04 00:00:00+05:30,747.2141506069232,747.5033830248789,730.9200378484845,732.0770263671875,15889530,0.0,0.0,726.5934356689453,697.1633154296875,723.3893124413555,698.3117852493021,56.156933458491395,7.282524854145777,-0.005934030965765835,7.288458885111543
2024-04-05 00:00:00+05:30,730.7754145215962,740.1758501398218,725.6171914639816,737.3316040039062,9939620,0.0,0.0,725.6678527832031,699.805078125,724.717149733027,699.8419742200709,58.19262137426769,7.581589608557351,0.23450457875664643,7.347085029800705
2024-04-08 00:00:00+05:30,738.5850021452578,742.3933956194346,734.4873762603453,740.7543334960938,9797174,0.0,0.0,724.9158172607422,702.9520556640625,726.2445005676047,701.4463804661896,59.51137230859406,8.002537969840091,0.5243623520315088,7.478175617808582
2024-04-09 00:00:00+05:30,740.8989563252226,744.7555452746966,733.8124388224375,736.8013305664062,7465892,0.0,0.0,723.7660736083984,705.7654382324218,727.2499129484429,702.8328490975707,57.2647182051843,7.9258045380512385,0.35810313619412515,7.567701401857113
2024-04-10 00:00:00+05:30,739.0188603767406,752.7097629710994,736.2710642780829,751.118896484375,14530669,0.0,0.0,724.0239807128906,708.9721911621094,729.5231494756746,704.7264195833277,62.74989343535677,8.917505204173722,1.0798430418532856,7.837662162320436
2024-04-12 00:00:00+05:30,749.3834123957522,751.5527435992136,737.3797679672235,738.8259887695312,14408722,0.0,0.0,724.3421447753906,711.7364001464844,730.4091341703277,706.0636575906298,56.09284776112531,8.612223854747413,0.6196493539415808,7.992574500805832
2024-04-15 00:00:00+05:30,732.5590796729715,735.9335950981468,721.9052641714367,730.341552734375,11356572,0.0,0.0,724.8362701416015,714.2576452636719,730.4026978430941,707.0157319099923,51.9930110909773,7.598077200913849,-0.31559783991358703,7.913675040827436
2024-04-16 00:00:00+05:30,724.315633679616,727.8347947397396,717.7112484453821,724.74951171875,13338991,0.0,0.0,725.3496795654297,716.4019091796876,729.8642991645852,707.7111742554338,49.4287022687636,6.270841340385687,-1.3142669603534003,7.585108300739087
2024-04-18 00:00:00+05:30,725.0869303823578,732.7037172254089,715.3972622519597,718.0968627929688,14589648,0.0,0.0,725.9715515136719,718.2752465820313,728.7435909387169,708.1184561588666,46.491029224217584,4.628825964520502,-2.365025868974868,6.99385183349537
2024-04-19 00:00:00+05:30,708.166151201757,725.0387279832828,705.8039786829678,723.5443115234375,10886554,0.0,0.0,726.9115936279297,720.2189672851563,728.2484214705951,708.7233916633596,49.15573610593065,3.724150842674703,-2.615760792656534,6.339911635331237
2024-04-22 00:00:00+05:30,727.1116662441453,741.4292292520696,723.5443096786286,738.6331787109375,17452186,0.0,0.0,728.9507629394532,722.5936608886718,729.2374459696753,709.8963244887549,55.7317585096035,4.17658964430359,-1.7306575928221184,5.907247237125708
2024-04-23 00:00:00+05:30,742.7308138738571,749.8173315016863,738.1029188222026,745.2858276367188,12292429,0.0,0.0,730.7223815917969,724.9606420898438,730.7658632712985,711.2841481416161,58.293013315039815,5.0141636665047145,-0.714466856496796,5.72863052300151
2024-04-24 00:00:00+05:30,750.5886207443748,750.5886207443748,742.5862104814081,745.3822021484375,7842615,0.0,0.0,732.1107543945312,726.8474780273438,732.1578955453117,712.621326730119,58.33062560406294,5.620929158719605,-0.08616109142552553,5.70709025014513
2024-04-25 00:00:00+05:30,743.0201189674838,785.2015621323537,742.0559716951439,783.5625,36732974,0.0,0.0,735.2924407958984,729.0293432617187,737.0535721600439,715.4033335250164,69.90845686234911,9.077980821306369,2.6967124569289904,6.381268364377378
2024-04-26 00:00:00+05:30,786.6478140668245,787.611961377191,770.257309790593,772.5712280273438,14964358,0.0,0.0,738.2451416015625,730.4958117675782,740.4362060521678,717.6452117407939,64.36414600298932,10.80624768367602,3.5399834554389127,7.266264228237107
2024-04-29 00:00:00+05:30,778.0668646229158,801.4474364532822,770.0644538689087,796.8677368164062,27302732,0.0,0.0,742.7380676269531,732.7827697753906,745.8106375535239,720.7519774300337,70.02363727362673,13.975337833279127,5.367258884033616,8.608078949245511
2024-04-30 00:00:00+05:30,796.8677458100889,804.91835225018,790.5043971499949,796.626708984375,27449073,0.0,0.0,746.3005950927734,734.9578857421875,750.6502634040812,723.7274570988313,69.90503127291899,16.279752820489534,6.137339096995218,10.142413723494316
2024-05-02 00:00:00+05:30,797.2534375772727,804.0024687760509,795.4215341417088,800.2904663085938,19943724,0.0,0.0,749.7594757080078,736.6287536621094,755.3779017759396,726.7299280482338,70.71696807328938,18.1919474509142,6.4396269819359055,11.752320468978294
2024-05-03 00:00:00+05:30,804.8700673212338,806.2198969341655,790.6007005921169,801.6401977539062,22667634,0.0,0.0,752.895361328125,737.9737390136719,759.7838347262222,729.6675856837504,71.02708528266648,19.59046088120442,6.270512329780901,13.31994855142352
2024-05-06 00:00:00+05:30,805.0629516671522,806.0270989146577,774.2102397469739,778.838134765625,35283557,0.0,0.0,754.6669799804688,738.9976623535156,761.59852996807,731.5958425104906,59.5528481406654,18.64394118357791,4.259194105723509,14.3847470778544
2024-05-07 00:00:00+05:30,782.8875213212029,785.4425349233778,764.7615658481657,773.149658203125,16725013,0.0,0.0,756.7206115722656,739.8200793457031,762.6986374190276,733.2254039102017,57.07566932759517,17.236117749584878,2.281096537384382,14.955021212200496
2024-05-08 00:00:00+05:30,773.8245110587671,792.5289900811847,770.8356783088896,781.7305297851562,27908322,0.0,0.0,758.9405578613281,740.7977233886719,764.5111985967542,735.1275657092197,59.79261386991345,16.621213159700005,1.3329535579996072,15.288259601700398
2024-05-09 00:00:00+05:30,782.7911700385396,809.5462560286481,774.7405052523084,790.4078979492188,49290254,0.0,0.0,761.4232360839844,741.7290893554688,766.9775509160365,737.2954218754941,62.38544635641865,16.64224647518904,1.0831894987909134,15.559056976398127
2024-05-10 00:00:00+05:30,797.3498214011286,802.2187535230167,786.3585185830859,788.0457763671875,20543142,0.0,0.0,763.9854583740234,742.7211975097656,768.984048578051,739.2856318555605,61.22795624652006,16.28063898676112,0.5772656082903929,15.703373378470726
2024-05-13 00:00:00+05:30,790.456122787604,790.456122787604,769.9679931182314,779.8023071289062,15398505,0.0,0.0,765.41962890625,743.6805249023438,770.0143589162276,740.8745210819662,57.23677358481674,15.154195243352092,-0.43934250809490827,15.593537751447
2024-05-14 00:00:00+05:30,783.8517179173241,792.9147256484775,778.9345904580701,788.8652954101562,10912462,0.0,0.0,767.9215942382813,744.8240026855469,771.8096862013637,742.7565122320914,60.30071597773697,14.821929891397872,-0.6172862880393044,15.439216179437176
2024-05-15 00:00:00+05:30,791.5648684373534,795.7106897182591,788.7206223660413,790.8899536132812,9755062,0.0,0.0,770.9490142822266,746.1824853515625,773.6268545263082,744.6440981686087,60.97343763859314,14.554208348191423,-0.7080062649966017,15.262214613188025
2024-05-16 00:00:00+05:30,795.7107594941345,796.5303200119738,768.7628305348695,782.8394165039062,20536990,0.0,0.0,773.8535095214844,747.5216870117188,774.5042413813176,746.1419537896007,56.84839211892935,13.536386989681205,-1.3806620988054572,14.917049088486662
2024-05-17 00:00:00+05:30,785.2979013861104,792.9628834636741,782.1162273671808,788.5277709960938,12492509,0.0,0.0,777.3750549316406,748.8666723632813,775.8398156303439,747.8041426996592,58.96105745494102,13.038459651311541,-1.5028715497400977,14.541331201051639
2024-05-21 00:00:00+05:30,791.5649127770058,806.3163543151672,790.2150830532505,800.8689575195312,14037801,0.0,0.0,781.2412872314453,750.0525744628907,778.2235434293141,749.8851158298503,63.17363164934797,13.484241320825276,-0.8456719041810903,14.329913225006367
2024-05-22 00:00:00+05:30,810.2799344229562,810.3780018937406,797.5358302513197,802.6334838867188,19239277,13.7,0.0,784.4413024902344,751.2178466796875,780.5482996633526,751.9536792830609,63.74663302936235,13.820593833971202,-0.4074555128281325,14.228049346799335
2024-05-23 00:00:00+05:30,808.4663420586099,819.0537392891404,805.8194777925474,815.7206420898438,17497488,0.0,0.0,787.9630432128906,752.4153942871094,783.8980465611137,754.45434449117,67.75412634380639,14.970608066070326,0.5940469754167914,14.376561090653535
2024-05-24 00:00:00+05:30,813.6620166705683,824.6905681013441,810.7210696223614,812.28955078125,12252075,0.0,0.0,791.3084106445312,753.5452844238281,786.6019993439838,756.7223917966634,65.70350898091844,15.42730585787183,0.8405958137746339,14.586710044097195
2024-05-27 00:00:00+05:30,816.2108014350272,822.876995845969,806.7997949535047,817.2891845703125,12295193,0.0,0.0,792.9947448730469,754.6951440429688,789.524588413158,759.0975601407281,67.25853476229217,16.008138950201328,1.1371431248833055,14.870995825318023
2024-05-28 00:00:00+05:30,819.2498532378913,824.151431802395,807.093914464433,814.7894287109375,13818893,0.0,0.0,795.1056549072266,756.0717175292968,791.9307636796132,761.2815549866186,65.65564353542267,16.081367954552775,0.9682977033878011,15.113070251164974
2024-05-29 00:00:00+05:30,812.0935412900568,818.0244392460639,803.1726326134542,806.4567260742188,14518232,0.0,0.0,795.5851043701172,757.5515979003907,793.3141886695756,763.0531303233872,60.481349603862405,15.290760634183243,0.14215230641461396,15.14860832776863
2024-05-30 00:00:00+05:30,805.2313320096405,819.5439171556648,803.1726331596147,809.5936889648438,17818705,0.0,0.0,796.2334533691406,759.3342907714843,794.8646172691249,764.878250270111,61.704923369616374,14.747327315947246,-0.3210248094571089,15.068352125404354
2024-05-31 00:00:00+05:30,814.3482733523172,818.5636189442075,801.0159437782618,814.005126953125,22267336,0.0,0.0,796.9191864013671,761.3247668457032,796.6875229533154,766.8047944537587,63.42016487389555,14.505409344132886,-0.4503542250171755,14.955763569150061
2024-06-03 00:00:00+05:30,846.5516101706216,894.0479177688353,839.8854753820721,887.8229370117188,64269020,0.0,0.0,801.2283233642578,764.968037109375,805.3670861969729,771.5506039658356,79.75814378523643,20.03916889403365,4.06672425990687,15.97244463412678
2024-06-04 00:00:00+05:30,879.3431739398783,879.3431739398783,717.542081270305,759.9407348632812,122381193,0.0,0.0,800.2834533691406,766.071982421875,801.0407670223356,771.0953149814218,43.505741288759346,13.94493966466132,-1.622003975572369,15.566943640233688
2024-06-05 00:00:00+05:30,775.1846003180706,779.3509418310036,729.4038474915685,774.2042846679688,74256082,0.0,0.0,800.3361846923829,767.599072265625,798.4849115600149,771.2172353612864,46.430445751026525,10.149174986015169,-4.334214923374818,14.483389909389986
2024-06-06 00:00:00+05:30,784.2525339544707,816.9460375302097,780.3312712846982,800.868896484375,40555649,0.0,0.0,801.2931030273437,769.4193811035157,798.7119577432873,772.3800456014076,51.48672016900732,9.186716707632286,-4.237338561406162,13.424055269038448
2024-06-07 00:00:00+05:30,803.7608761709042,815.1325144961712,794.545884544975,813.613037109375,25061284,0.0,0.0,802.4533599853515,771.3393469238281,800.1311081591051,773.9970256605435,53.7343818693772,9.344588628185534,-3.2635733126823325,12.608161940867866
2024-06-10 00:00:00+05:30,817.7303524667053,828.8079077389773,812.877777859861,815.4265747070312,16725508,0.0,0.0,803.8223999023437,773.2493029785156,801.5878192589076,775.621713858445,54.06056138556328,9.506456082241925,-2.481364686900754,11.98782076914268
2024-06-11 00:00:00+05:30,819.5439372413512,823.0730498797147,812.730731059502,819.102783203125,14754408,0.0,0.0,805.7874237060547,775.3610144042968,803.2559110631188,777.3268538327462,54.75688175401074,9.818198428188225,-1.7356978727635646,11.55389630095179
2024-06-12 00:00:00+05:30,820.5242466911467,828.905934018559,816.6029838634709,822.5828857421875,15071442,0.0,0.0,807.4733032226562,777.6724877929687,805.0965753182682,779.101600182136,55.445364248425214,10.228167723106253,-1.06058286227643,11.288750585382683
2024-06-13 00:00:00+05:30,828.3667754966601,829.2490835697314,819.6419417384134,827.2884521484375,12523972,0.0,0.0,809.2932281494141,779.7107336425781,807.2100873973318,780.9912806514028,56.411236025940696,10.808181240442423,-0.3844554759522083,11.192636716394631
2024-06-14 00:00:00+05:30,828.3667270254315,833.1702976600134,818.6615781244269,822.680908203125,12903496,0.0,0.0,811.285302734375,781.5420947265625,808.6834989026455,782.6261680063724,55.15051665206936,10.77188426561895,-0.3366019606205448,11.108486226239496
2024-06-18 00:00:00+05:30,824.9846443812804,834.7387973148866,823.7102459704445,828.2687377929688,14929083,0.0,0.0,813.2723510742187,783.3290197753906,810.5487597493429,784.416072703886,56.42247736859577,11.06644273677773,-0.03363479156941196,11.100077528347143
2024-06-19 00:00:00+05:30,830.1313196004876,843.6596642417119,824.4455005291003,835.817138671875,32925140,0.0,0.0,815.0197601318359,785.1772473144531,812.9552720276793,786.4318007810622,58.14917679973986,11.773260495270392,0.5385463735385994,11.234714121731793
2024-06-20 00:00:00+05:30,836.209277488426,836.3072851232247,825.7688915323681,827.141357421875,13985352,0.0,0.0,816.2451538085937,787.0785339355468,814.3063277795075,788.0282539826627,55.43059700357799,11.500781767647482,0.21285411673255084,11.28792765091493
2024-06-21 00:00:00+05:30,828.2687636644131,831.3567222370788,812.2895697948148,819.8380126953125,18990090,0.0,0.0,816.4510223388672,788.728662109375,814.8331549143461,789.2756955008059,53.176781047598766,10.573635244825141,-0.5714339248718314,11.145069169696972
2024-06-24 00:00:00+05:30,815.1325081138934,819.543928783181,804.8881970373593,816.3088989257812,12715254,0.0,0.0,816.6519897460937,790.2397534179687,814.9737019630542,790.3358211253147,52.07492194721959,9.445216383565025,-1.3598822289055583,10.805098612470584
2024-06-25 00:00:00+05:30,820.5242410117988,829.2000110244921,817.8773766546938,825.6708984375,20917530,0.0,0.0,817.0710754394531,792.0171447753906,815.9924825796681,791.721510431675,54.75333894789537,9.200315910480526,-1.2838261615920477,10.484142072072574
2024-06-26 00:00:00+05:30,823.3181026095383,832.0919399410025,819.5439111626723,828.7098388671875,16281760,0.0,0.0,817.7670959472656,793.5689636230469,817.2036593689556,793.1720331154206,55.620375180685336,9.146018013873913,-1.0704992465589296,10.216517260432843
2024-06-27 00:00:00+05:30,827.288405942117,830.7195107377448,821.7495985528304,827.3864135742188,20378887,0.0,0.0,818.8135803222656,795.3401721191407,818.1734454837426,794.5137735255696,55.12496948041684,8.893676413231674,-1.058272677760936,9.95194909099261
2024-06-28 00:00:00+05:30,830.2293784821371,846.992752780768,827.386439058991,832.239013671875,23636388,0.0,0.0,819.9458465576172,797.3781213378907,819.5130234064219,795.9931947077777,56.64965202665596,8.981722444299521,-0.7761813173544709,9.757903761653992
2024-07-01 00:00:00+05:30,832.6311314704473,833.7585184800706,823.4161996179325,825.3768310546875,10967797,0.0,0.0,820.5144317626953,799.3906677246093,820.0714812776853,797.1454941723624,53.86266491259826,8.400937986992403,-1.0855726197292714,9.486510606721675
2024-07-02 00:00:00+05:30,827.3864282167037,829.6411422984175,806.9468703630849,809.8878173828125,21142840,0.0,0.0,816.61767578125,801.2264868164062,819.1016085257927,797.6451931217919,48.109406412542576,6.614579410012539,-2.2975449573673092,8.912124367379848
2024-07-03 00:00:00+05:30,812.6817296590598,827.2393941277866,808.760466789776,823.4161987304688,23598009,0.0,0.0,819.7914489746094,803.2239245605468,819.512521878619,798.6558207927203,52.846844718420364,6.218818018060574,-2.1546450794554186,8.373463097515993
2024-07-04 00:00:00+05:30,826.4061106133324,828.2687343216311,817.8773523092979,822.7789306640625,13372587,0.0,0.0,822.220181274414,804.9068395996094,819.8236084296136,799.6018251014004,52.60321614113708,5.787042631398663,-2.0691363728938645,7.856179004292527
2024-07-05 00:00:00+05:30,821.5045497192135,844.2968895533086,820.5242340274244,842.826416015625,24873722,0.0,0.0,824.3180572509766,806.8576513671875,822.0143520092338,801.2969070980366,59.00578391586355,6.9820374689659275,-0.6993132282612802,7.681350697227208
2024-07-08 00:00:00+05:30,842.8264296839359,847.9730871492928,836.6994565108919,839.3953247070312,10359800,0.0,0.0,825.6071716308594,808.7379138183594,823.6696827423573,802.7909626905462,57.5723543592332,7.565014317440273,-0.09306910382954836,7.658083421269821
2024-07-09 00:00:00+05:30,842.9734801738035,852.8256408262188,839.1502250746712,844.3458862304688,13585081,0.0,0.0,827.0531372070312,809.9535815429688,825.6388449793203,804.420567535249,59.11563838638301,8.330468159938619,0.537907790935038,7.7925603690035805
2024-07-10 00:00:00+05:30,843.1695051813592,843.3165764690709,826.8962885808327,832.2880249023438,17343236,0.0,0.0,827.7123992919921,811.1479174804688,826.2721002100844,805.5134090006253,53.966639369176505,7.87336792307201,0.06464604325474355,7.808721879817266
2024-07-11 00:00:00+05:30,837.5817726337938,841.4049680302959,833.0232806157347,839.8364868164062,8501366,0.0,0.0,828.5750793457031,812.0072924804688,827.5639465535436,806.8594120522246,56.51983712436739,8.027672472254835,0.17516047395005518,7.85251199830478
2024-07-12 00:00:00+05:30,839.8364577356562,846.0124345728623,838.4639918457344,842.7774047851562,11446064,0.0,0.0,829.3495269775391,812.9303063964844,829.0128473375067,808.2679607868494,57.50866627659157,8.29168604564859,0.35133923787504706,7.940346807773542
2024-07-15 00:00:00+05:30,842.7774216383809,869.8831149197468,842.7774216383809,864.001220703125,25392820,0.0,0.0,831.4155426025391,814.204521484375,832.3450733723275,810.4535788227818,63.8908912783758,10.097110074719353,1.7254106135566474,8.371699461162706
2024-07-16 00:00:00+05:30,864.9324947942838,870.6183136551655,857.0899695148005,863.364013671875,11893692,0.0,0.0,833.1703063964844,815.4389978027343,835.2992581627606,812.5284978364717,63.58211177195164,11.345717968795157,2.37921480610596,8.966503162689197
2024-07-18 00:00:00+05:30,863.315023261012,877.2845216320075,860.2270049507774,875.9610595703125,19435183,0.0,0.0,835.1775024414062,817.3814562988281,839.1718106777655,815.0160492770145,66.97964771679523,13.19956863589448,3.3864523785642255,9.813116257330254
2024-07-19 00:00:00+05:30,877.3825576774864,881.3038205050954,865.912851939986,871.84375,14562742,0.0,0.0,837.4126220703125,819.3553381347656,842.2834239465498,817.2445865602689,64.85009017637238,14.173146957660947,3.488024560264554,10.685122397396393
2024-07-22 00:00:00+05:30,864.0992633045507,877.382528728047,850.914005515022,859.540771484375,14614111,0.0,0.0,839.3977600097656,820.91154296875,843.9269808549141,818.9032604788613,58.830958156111286,13.792970468252406,2.4862784566848095,11.306692011567597
2024-07-23 00:00:00+05:30,865.618719345537,867.0891928212089,832.385994861864,846.8947143554688,18279212,0.0,0.0,840.92705078125,822.041279296875,844.2096221406812,820.0009645524538,53.34964773512565,12.32912426862356,0.8179458056447704,11.511178462978789
2024-07-24 00:00:00+05:30,847.1888058977289,850.9139934414429,830.5234396667329,835.2289428710938,19624845,0.0,0.0,841.4049530029297,822.9849426269532,843.3543193531015,820.5981401727926,48.82996549271083,10.111130526358806,-1.1200383492959851,11.231168875654792
2024-07-25 00:00:00+05:30,830.8175358859385,834.0035618347636,824.6415590903446,831.7978515625,9522375,0.0,0.0,841.5593536376953,824.024853515625,842.2537033730442,821.0373445410164,47.55391998386983,7.9844542931141405,-2.5973716660325206,10.581825959146661
2024-07-26 00:00:00+05:30,828.0236595382181,847.2378228513442,827.386430415429,845.4732666015625,12081506,0.0,0.0,842.4636962890625,825.1570129394531,842.5603284424269,821.9956159943712,52.843423802227,7.31818033237073,-2.6109165014207463,9.929096833791476
2024-07-29 00:00:00+05:30,849.0023752250042,871.5986394833856,846.208499495082,854.443115234375,26582781,0.0,0.0,843.5739013671875,826.428076171875,843.6920224226124,823.2680669449596,55.9794969570418,7.428316233182045,-2.000624480487545,9.42894071366959
2024-07-30 00:00:00+05:30,857.4821305468374,863.2169532964333,851.8943192478578,855.6195068359375,13528447,0.0,0.0,845.08603515625,827.8836779785156,844.8279733191195,824.5367508622528,56.38912548906882,7.523795072595476,-1.5241165128592904,9.047911585454766
2024-07-31 00:00:00+05:30,856.6488268509507,857.727209991399,850.9140040978348,855.2274169921875,11636874,0.0,0.0,847.3530151367188,829.2176708984375,845.8183965260782,825.74030639676,56.20140971518728,7.481581354428272,-1.253064184821195,8.734645539249467
2024-08-01 00:00:00+05:30,860.5211196893349,864.0502921513843,842.5323503146797,845.6693725585938,11787203,0.0,0.0,848.465673828125,830.1136791992187,845.8042037672702,826.5218384031066,51.68457217731615,6.6007826591169305,-1.7070903041060284,8.307872963222959
2024-08-02 00:00:00+05:30,839.8364743996533,841.4049555903533,829.494155703777,831.16064453125,12609331,0.0,0.0,848.8847595214844,830.6842224121094,844.4095790781255,826.7037523689162,45.68273345546086,4.678084207228949,-2.903831004795209,7.581915212024158
2024-08-05 00:00:00+05:30,813.6620483537691,814.9854506435058,784.2525767265245,795.6732788085938,27676951,0.0,0.0,846.5271026611329,830.2832751464844,839.7680266715034,825.4868710528251,34.98230961063232,0.2874840609824787,-5.835544920833343,6.123028981815822
2024-08-06 00:00:00+05:30,806.4567530115417,810.2799484288843,779.988228505242,781.9978637695312,17900930,0.0,0.0,843.6572296142579,829.67744140625,834.2661063951251,823.7814197868136,31.883035439561024,-4.246637299574445,-8.295733025112213,4.049095725537769
2024-08-07 00:00:00+05:30,793.0753863597355,794.7419349850848,784.7917068840424,792.7322998046875,17692355,0.0,0.0,841.0765502929687,829.1863037109375,830.3105057674644,822.563807238495,36.629010037780766,-6.89430857014554,-8.754723436546648,1.860414866401107
2024-08-08 00:00:00+05:30,796.01636305695,801.7021822548979,786.9974464841414,792.1441040039062,14769069,0.0,0.0,839.0693542480469,828.7333972167969,826.6756103614113,821.3708776998836,36.4790274836651,-8.937048876551103,-8.637970994361767,-0.29907788218933495
2024-08-09 00:00:00+05:30,799.9376104147318,813.6130263830515,793.6145621891944,808.07421875,15320885,0.0,0.0,837.4812408447266,828.7657470703125,824.9040492555625,820.8494400940058,43.2557414790194,-9.164861343402094,-7.092626768970208,-2.072234574431887
2024-08-12 00:00:00+05:30,804.4470175738744,806.799799123275,795.2320861451166,796.6044921875,16120449,0.0,0.0,835.1725952148438,828.5059631347656,822.2088533443184,819.8986578231625,39.95092251292872,-10.15386797234919,-6.465306718333842,-3.688561254015348
2024-08-13 00:00:00+05:30,797.4868163142143,803.8588683191833,779.3999798102883,781.8507690429688,17585172,0.0,0.0,831.065072631836,827.8628759765625,818.3652262679993,818.406583753351,36.12731865122676,-11.989952300320397,-6.641112837044039,-5.348839463276358
2024-08-14 00:00:00+05:30,785.183846292551,793.2224467373169,784.6446846418667,787.1934814453125,11788665,0.0,0.0,827.2565460205078,825.8502868652344,815.3964886658387,817.1825405255848,38.425538404242126,-12.865642994694213,-6.013442825134284,-6.852200169559929
2024-08-16 00:00:00+05:30,787.1934703278642,798.85925054641,787.1934703278642,796.1143188476562,11427335,0.0,0.0,823.264208984375,826.5737585449219,813.5600915402975,816.3563357539014,42.16731837310075,-12.69347468047306,-4.673019608730504,-8.020455071742555
2024-08-19 00:00:00+05:30,798.9572597142997,809.1525664711355,796.6044782061931,797.682861328125,10151482,0.0,0.0,819.5561645507812,827.043330078125,812.0479743772335,815.624042639165,42.82521477214452,-12.288804097607567,-3.4146792206920082,-8.874124876915559
2024-08-20 00:00:00+05:30,801.8492361476191,806.7998184496117,797.3397480422,804.1529541015625,10347493,0.0,0.0,816.7867736816406,827.1090112304687,811.2960676843124,815.1741960298473,45.57549877512703,-11.31557838725223,-1.9531628082693366,-9.362415578982894
2024-08-21 00:00:00+05:30,804.1529595522029,804.8391925113443,795.2321105845307,799.4964599609375,14607257,0.0,0.0,814.416860961914,826.8266796875,810.1722955201815,814.5593828506744,43.93739816216455,-10.795585373123345,-1.1465358353123598,-9.649049537810985
2024-08-22 00:00:00+05:30,802.8785556624933,807.6821265102021,801.0159319051235,804.1529541015625,7832917,0.0,0.0,812.8630615234375,826.6012072753906,809.5990249088845,814.1512876056112,46.02656852418543,-9.893698602993936,-0.1957192521463611,-9.697979350847575
2024-08-23 00:00:00+05:30,805.3293192807621,805.8194771135562,798.4671096216442,799.3003540039062,5537747,0.0,0.0,811.2381866455078,826.2051586914063,808.6181991084104,813.5688980526031,44.17893442553914,-9.461445459224137,0.18922711329875064,-9.650672572522888
2024-08-26 00:00:00+05:30,801.8982298568817,807.2409623037237,797.7808920155667,799.0062866210938,8523795,0.0,0.0,808.9148376464843,825.7336267089844,807.7027788715232,812.9978152513675,44.06349786517523,-9.038421215193353,0.489801085863629,-9.528222301056982
2024-08-27 00:00:00+05:30,801.702163529934,803.3197083604263,795.0850325876467,799.839599609375,12833290,0.0,0.0,806.1846618652344,825.1846496582032,806.9539046560805,812.4818067948188,44.50600483033473,-8.537514902825478,0.7925659185852041,-9.330080821410682
2024-08-28 00:00:00+05:30,798.7121942115388,801.1139795760346,790.6245899129868,793.467529296875,10371300,0.0,0.0,803.0770629882812,824.6003820800781,805.6694879552037,811.736148853723,41.78398223617226,-8.556086621450845,0.6191953599678701,-9.175281981418715
2024-08-29 00:00:00+05:30,793.6145275853862,799.937575535221,791.0657308125117,798.4671020507812,18247268,0.0,0.0,800.239047241211,824.0043493652344,804.9835464404968,811.215794077137,44.64466447231997,-8.074305536057182,0.8807811562892276,-8.95508669234641
2024-08-30 00:00:00+05:30,801.0650084127782,804.5451172254517,798.3200765507661,799.5454711914062,8911426,0.0,0.0,797.9328521728515,823.278916015625,804.465634512012,810.758134356128,45.2693720839161,-7.51880309570106,1.149026877316281,-8.66782997301734
2024-09-02 00:00:00+05:30,801.2119858304522,809.1525786646832,797.04564422928,805.966552734375,11813750,0.0,0.0,796.6731475830078,822.855419921875,804.608579104618,810.5702291944907,48.962799524102905,-6.485672991188608,1.7457255854629867,-8.231398576651594
2024-09-03 00:00:00+05:30,805.966591337859,809.6917790988241,800.3297759604034,808.5643920898438,10548350,0.0,0.0,797.3177032470703,822.6299475097657,804.985323198449,810.4915689158772,50.420571010531816,-5.395094721505416,2.2690430841169436,-7.664137805622359
2024-09-04 00:00:00+05:30,799.3984149013352,802.5354369721819,797.6338586845211,800.427734375,10789570,0.0,0.0,798.2391967773438,822.31232421875,804.5512671200253,810.0969087378036,45.98976965425079,-5.128248604601481,2.028711360816703,-7.156959965418184
2024-09-05 00:00:00+05:30,802.2413336710257,805.9665812189434,798.369134501237,802.6334838867188,8395074,0.0,0.0,798.7342559814454,821.8515759277344,804.3686210978057,809.8042254103101,47.34073479585749,-4.684782328547044,1.977742109496913,-6.662524438043957
2024-09-06 00:00:00+05:30,795.5262015930762,796.8986675256167,761.7053094735923,767.0970458984375,40220096,0.0,0.0,797.4819030761719,820.6193200683593,800.8189472692944,808.1294340569034,33.013507118447905,-7.118764973682914,-0.3649924285111652,-6.753772545171749
2024-09-09 00:00:00+05:30,769.5477977846319,772.6848198824725,755.8233784610844,768.8125610351562,21322103,0.0,0.0,795.5188201904297,819.4478430175782,797.7707200089003,806.5875958991878,34.05113077634233,-8.807755696445156,-1.643186521018725,-7.164569175426431
2024-09-10 00:00:00+05:30,772.4887444671417,773.2729850328517,762.1954299786836,767.2440795898438,12824701,0.0,0.0,794.0507995605469,818.1479443359375,794.863420921371,805.0447129066646,33.539590429194604,-10.155786768930966,-2.392974074803627,-7.762812694127339
2024-09-11 00:00:00+05:30,764.6952691046852,772.4887910829905,750.3336796377038,753.4706420898438,20060665,0.0,0.0,792.6317932128907,816.7098205566406,790.9212515088446,803.0222003256129,29.36742210701553,-12.194936762828206,-3.5456992549606934,-8.649237507867513
2024-09-12 00:00:00+05:30,759.7446278215249,774.3513549221617,757.5389176117205,772.24365234375,17578964,0.0,0.0,791.8843017578125,815.9569372558594,789.1424325407404,801.8151984439712,40.2730497251795,-12.156025692061917,-2.805430547355522,-9.350595144706395
2024-09-13 00:00:00+05:30,775.429725098296,779.3509879306515,769.6458384870828,775.2826538085938,12950936,0.0,0.0,790.8427185058594,814.9942663574219,787.8224536138692,800.7747064974859,41.8385828545772,-11.744582135809537,-1.9151895928825127,-9.829392542927025
2024-09-16 00:00:00+05:30,775.2826362662203,779.3509702962235,768.9596479590956,770.0869750976562,9553736,0.0,0.0,789.462924194336,813.9404272460938,786.1333604218489,799.5712660504338,39.91240713021473,-11.702854777956418,-1.4987697880235142,-10.204084989932904
2024-09-17 00:00:00+05:30,770.1360013393838,771.9986251303302,765.1854189481497,767.4891967773438,10665630,0.0,0.0,787.629736328125,812.4336828613282,784.3577257890389,798.3131456867833,38.946941578680295,-11.744026716552867,-1.2319533812959698,-10.512073335256897
2024-09-18 00:00:00+05:30,768.3714262748396,779.1058950529456,766.6068699986203,777.145263671875,18324412,0.0,0.0,786.5121765136719,811.188681640625,783.6708246350232,797.4830326665908,44.3368286807372,-10.87216433251001,-0.2880727978024904,-10.58409153470752
2024-09-19 00:00:00+05:30,779.3999767062683,785.5759535812824,768.6165041254203,774.400390625,10645478,0.0,0.0,785.0245483398437,809.7897717285156,782.7879261578781,796.577831017901,43.17012065176099,-10.284146191115838,0.2399562748733466,-10.524102465989184
2024-09-20 00:00:00+05:30,779.203920907502,779.203920907502,764.1560986394321,766.3128051757812,21372244,0.0,0.0,783.3751708984375,808.4702673339843,781.2188670167261,795.3909672593866,39.84326623062876,-10.351413481515465,0.13815118757897693,-10.489564669094442
2024-09-23 00:00:00+05:30,770.5281215390131,789.1541193879206,769.0576480246257,786.0661010742188,17309545,0.0,0.0,782.7281616210937,807.3948596191407,781.6805083555349,795.0252862325173,49.98197104440108,-8.71038945239195,1.4233401733619928,-10.133729625753944
2024-09-24 00:00:00+05:30,783.5173029793567,788.4188813527027,780.8214348740164,782.5369873046875,15180653,0.0,0.0,781.8630310058594,806.1900512695313,781.7620777792638,794.5355490196612,48.4121036887551,-7.6069479131563185,2.0214253700781004,-9.628373283234419
2024-09-25 00:00:00+05:30,782.1939054186181,782.2919130531816,773.1749891911104,777.4883422851562,18465571,0.0,0.0,781.0640716552734,804.4597937011719,781.3550553512536,793.8670311085041,46.17763081233643,-7.05848023681574,2.0559144371349447,-9.114394673950684
2024-09-26 00:00:00+05:30,780.331278301596,787.193488035404,776.0178653925714,786.0661010742188,23198842,0.0,0.0,780.4440216064453,802.9138354492187,781.8037263724883,793.5611122836302,50.36901707840631,-5.864064914779647,2.6002638073368303,-8.464328722116477
2024-09-27 00:00:00+05:30,786.0661024227028,792.095067775522,782.7330650179391,786.8504028320312,15193681,0.0,0.0,779.8092681884766,801.1316223144531,782.2843622257781,793.297947207097,50.746697328237886,-4.798877101566632,2.9323612964398773,-7.731238398006509
2024-09-30 00:00:00+05:30,786.1151665701419,786.8013396781569,770.9692773696576,772.3907470703125,15484573,0.0,0.0,778.1304779052734,799.1425622558594,781.3421131633528,792.4780570056545,44.085842184701235,-5.063116999823819,2.134497118546152,-7.197614118369971
2024-10-01 00:00:00+05:30,772.4887361629332,784.5956105690549,772.4887361629332,781.2625732421875,13280535,0.0,0.0,776.7653869628906,797.5769982910156,781.3345379327657,792.0382341129696,48.54818242224271,-4.504719197000213,2.1543159370958067,-6.65903513409602
2024-10-03 00:00:00+05:30,774.3514108096929,788.1738385219239,768.861606879953,778.4686889648438,15944135,0.0,0.0,775.6674346923828,796.2084777832031,781.0615999358207,791.5060950875528,47.26881387257283,-4.238766169083192,1.9362151720102627,-6.174981341093455
2024-10-04 00:00:00+05:30,776.4100140404223,793.9086248930724,769.7928832389414,780.968505859375,20097454,0.0,0.0,774.5841857910157,795.1232690429688,781.052733833302,791.0928562942909,48.574637509020924,-3.7826777918739936,1.9138428393755689,-5.696520631249562
2024-10-07 00:00:00+05:30,784.2525262685198,788.1737888998624,750.3336284408941,755.4802856445312,24267990,0.0,0.0,774.0033477783203,793.5969177246094,778.6172625772285,789.6962848962611,38.19016360758869,-5.41548449020911,0.22482891283236306,-5.640313403041473
2024-10-08 00:00:00+05:30,757.0487719081607,768.9596311652928,757.0487719081607,766.0676879882812,8560960,0.0,0.0,773.8661041259766,792.0088061523437,777.4220649973288,788.7696732528109,43.58529292054424,-5.788454970141629,-0.11851325368012411,-5.669941716461505
2024-10-09 00:00:00+05:30,771.214345767345,788.5168813576186,766.6558539907494,781.7037353515625,18758697,0.0,0.0,774.5890869140625,790.5540185546874,777.8298431263034,788.4925776488404,50.462339975076226,-4.767382992731427,0.7220469789840624,-5.48942997171549
2024-10-10 00:00:00+05:30,783.2722306646576,788.6149631033948,779.3509679329196,781.4096069335938,10241015,0.0,0.0,775.98603515625,789.0698205566406,778.1707730127121,788.2148140913798,50.33803154545822,-3.9365319099518956,1.2423184494108757,-5.178850359362771
2024-10-11 00:00:00+05:30,781.5076533317213,786.8993894424932,777.3903156076607,784.0074462890625,14322720,0.0,0.0,776.5742248535156,787.6454211425781,778.7266466580787,788.0498192756027,51.47502637825488,-3.033484396113522,1.7162927705993996,-4.749777166712922
2024-10-14 00:00:00+05:30,786.2131901126612,793.3204789260238,785.036799307843,789.3012084960938,8967564,0.0,0.0,777.2751525878906,786.5180578613281,779.7337477855087,788.0988933626807,53.79641095359963,-1.869104493871646,2.3045381382730206,-4.1736426321446665
2024-10-15 00:00:00+05:30,789.6442795500336,791.6049109083206,785.821024467886,788.81103515625,6252104,0.0,0.0,778.2113555908203,785.6710656738281,780.598251344627,788.1268204918402,53.54100076846309,-0.9746428483547334,2.559199827031947,-3.5338426753866803
2024-10-16 00:00:00+05:30,786.9974153952073,793.0753845737652,786.2621786357137,789.5952758789062,6494240,0.0,0.0,779.3166595458985,785.5495056152344,781.4551108240822,788.1844069776076,53.91796569004989,-0.20018625534930834,2.6669251360298976,-2.867111391379206
2024-10-17 00:00:00+05:30,793.5655446321986,803.3687014528558,790.1344397449686,795.0850219726562,18580553,0.0,0.0,780.2136474609375,785.8112487792969,782.7531976001369,788.4550193303546,56.57420049627877,0.846791518789928,2.971122328135307,-2.124330809345379
2024-10-18 00:00:00+05:30,795.1340535689559,806.4076843065691,787.0955125621578,804.2510375976562,11704698,0.0,0.0,781.7061798095704,786.0416235351563,784.800610933234,789.0744710271116,60.6523797399958,2.388615334496876,3.6103569150738046,-1.2217415805769283
2024-10-21 00:00:00+05:30,808.4663723240905,810.1819248045383,793.0754038184709,797.927978515625,10359618,0.0,0.0,783.2869384765625,786.1573010253907,786.0508364172713,789.4216673992103,56.69681514706748,3.0649726954213747,3.4293714207986423,-0.3643987253772676
2024-10-22 00:00:00+05:30,797.9769793065807,800.7708551163644,771.9986132726441,774.841552734375,16645356,0.0,0.0,782.7257110595704,785.4926477050781,784.9832855903288,788.8498981966677,45.125201305444705,1.7183016458418479,1.6661602969752924,0.052141348866555526
2024-10-23 00:00:00+05:30,774.4493999917999,776.9981968684108,764.4501679238956,770.5281372070312,13866198,0.0,0.0,782.1252685546875,784.9711206054687,783.6066047919196,788.1313977657015,43.34517937604743,0.2995455775132996,0.19792338291739522,0.10162219459590435
2024-10-24 00:00:00+05:30,770.5771069894755,781.3115753553931,769.2047009756573,778.9097900390625,5607500,0.0,0.0,782.1963409423828,784.9123010253907,783.1592891011713,787.7697660901471,47.665236787082755,-0.14680719115779084,-0.19874350860295614,0.05193631744516532
2024-10-25 00:00:00+05:30,782.2919467905059,784.9878150281925,756.8037379978327,765.5775756835938,9717125,0.0,0.0,781.1719146728516,784.4799829101562,781.4848402042592,786.8994841134195,42.1584912077476,-1.5583792269784453,-1.2882524355388885,-0.27012679143955687
2024-10-28 00:00:00+05:30,768.3714408102454,788.1248262816986,768.1263618829754,776.4590454101562,13757251,0.0,0.0,780.6523468017579,784.0868774414063,781.0061930810112,786.4900551446641,47.49061409822712,-1.7785149551807535,-1.2067105309929573,-0.5718044241877962
2024-10-29 00:00:00+05:30,780.3313006117369,818.4165417897631,774.9395642381633,816.3088989257812,28274791,0.0,0.0,782.8482543945313,784.4593981933593,784.3683555424178,787.659421567453,61.49115665439122,1.2481877029463249,1.4559937017072968,-0.20780599876097197
2024-10-30 00:00:00+05:30,811.701360020144,816.6029382811352,804.8881542706223,806.2606201171875,15977682,0.0,0.0,784.0981567382812,784.5015515136719,786.4533331209674,788.3888803341092,57.33958887726379,2.8037394793922203,2.409236382522554,0.3945030968696665
2024-10-31 00:00:00+05:30,803.8588565381399,811.7013819677803,797.5358084437482,804.054931640625,13402324,0.0,0.0,785.3774688720703,784.5927209472657,788.1296758371252,789.003235287306,56.43881754249332,3.8145728220171122,2.7360557801179564,1.0785170418991559
2024-11-01 00:00:00+05:30,806.2116691468042,809.3486315724846,802.7805641392085,805.0352783203125,1637141,0.0,0.0,786.5808074951171,784.6103674316406,789.7397332164765,789.6319428572278,56.76392463120082,4.641269645279294,2.8502020827041106,1.7910675625751837
2024-11-04 00:00:00+05:30,806.5057323110566,821.0143925955531,791.2127716054617,813.5149536132812,14498161,0.0,0.0,789.4825408935546,784.8946594238281,792.0040399209341,790.568531514328,59.57432553792253,5.9125159587239295,3.2971587169189966,2.615357241804933
2024-11-05 00:00:00+05:30,813.5149259169897,834.6407762413705,809.9858134770826,832.4840698242188,26254561,0.0,0.0,792.8033599853516,785.5642150878906,795.8592808641041,792.2122781147159,65.04764734394692,8.354333412480742,4.591180936540646,3.763152475940095
2024-11-06 00:00:00+05:30,832.48407214421,844.4439351874554,829.543125158185,837.9738159179688,15002433,0.0,0.0,795.6168640136718,786.3268994140625,799.8701889644722,794.0068482246475,66.46282208488837,10.610160639712035,5.4776065310175515,5.1325541086944835
2024-11-07 00:00:00+05:30,844.0517871528804,845.4242530166981,830.0332851169691,842.6793212890625,15283847,0.0,0.0,798.6803497314453,787.3111352539063,803.9472491858617,795.9155726585461,67.67109046205924,12.632001082220313,5.999557578820664,6.632443503399649
2024-11-08 00:00:00+05:30,842.6793683716584,846.5026236103943,817.7793850018238,826.55322265625,26139105,0.0,0.0,800.8076385498047,787.8728576660156,806.1001990401844,797.1170491290444,59.72908021472895,12.785697252141063,4.9226029989931295,7.863094253147933
2024-11-11 00:00:00+05:30,829.3470548242794,837.1895801654074,825.4257921537154,830.964599609375,12621337,0.0,0.0,802.8908081054688,788.501240234375,808.4682371896312,798.4444040498418,61.074898915844734,13.112313241904872,4.199375191005551,8.91293805089932
2024-11-12 00:00:00+05:30,835.7191350712344,836.6014431355901,808.0742203373242,810.427001953125,11350729,0.0,0.0,803.9716064453125,788.59044921875,808.6547862147257,798.9143098499704,52.310121464452884,11.580454010686708,2.1340127678299083,9.4464412428568
2024-11-13 00:00:00+05:30,807.1428924562375,815.3775681145983,788.8110370785578,792.7322998046875,13756706,0.0,0.0,804.1284576416016,788.2738073730469,807.1383589375793,798.6718780834888,46.16326649128581,8.836765222128292,-0.4877408165828072,9.3245060387111
2024-11-14 00:00:00+05:30,792.732297195377,801.8982248540469,785.2818621400214,788.4188842773438,9461484,0.0,0.0,803.7951507568359,788.0336303710938,805.3555518270806,798.2697998950125,44.78182729902995,6.242357494186194,-2.465718835619924,8.708076329806119
2024-11-18 00:00:00+05:30,795.0360273075926,800.623838726437,783.5173179107193,798.2710571289062,9322451,0.0,0.0,803.4961517333984,787.9463818359375,804.6808380463021,798.2698491983025,48.567704783988944,4.924492208382617,-3.0268672971388018,7.951359505521419
2024-11-19 00:00:00+05:30,802.8785321341356,804.1529305358586,784.3505420744752,787.1934814453125,13677029,0.0,0.0,802.9594268798828,788.348310546875,803.0153755128746,797.8354818354402,44.84470443109368,2.952175850632784,-3.999346923910908,6.951522774543692
2024-11-21 00:00:00+05:30,782.7820731049121,782.7820731049121,746.5593966407021,765.3814697265625,29486577,0.0,0.0,802.4864227294922,788.2796887207031,799.4311940094162,796.5627754782294,38.57450270676335,-0.36671882147174983,-5.854593276812354,5.487874455340604
2024-11-22 00:00:00+05:30,770.5281578092952,803.8098885516449,768.6165301838633,799.9866333007812,20665405,0.0,0.0,803.9593475341796,788.9345397949219,799.4840929895463,796.6970444124471,50.41897497966449,-0.2022874239353314,-4.5521295034207485,4.349842079485417
2024-11-25 00:00:00+05:30,810.721055354177,832.8761654605977,809.3976531392633,827.8275756835938,23434605,0.0,0.0,806.4052368164063,790.4216784667968,802.1834722937413,797.9178495603353,57.516613421354954,2.1497757405575157,-1.7600530711423215,3.909828811699837
2024-11-26 00:00:00+05:30,827.3864424008906,830.0333067307656,819.1027628532369,822.8770141601562,8893744,0.0,0.0,809.2702087402344,791.434345703125,804.1542858048284,798.8966403289558,55.98198967143506,3.57314481354058,-0.2693471985274063,3.842492012067986
2024-11-27 00:00:00+05:30,821.9946872850031,825.9159499554146,815.7206430788567,817.6812744140625,8375108,0.0,0.0,811.3313201904297,792.2823181152344,805.4425704342792,799.6332926460188,54.34316993089309,4.2331254486560965,0.31250674927048827,3.9206186993856083
2024-11-28 00:00:00+05:30,817.6812691634748,829.1509743675217,814.1521567162539,822.3377685546875,13505677,0.0,0.0,811.632763671875,793.327333984375,807.0516369219372,800.5236642502805,55.597710123269685,5.073421770022605,0.922242456509597,4.151179313513008
2024-11-29 00:00:00+05:30,824.5434948634407,827.4354380874087,815.181492082223,822.4358520507812,10822949,0.0,0.0,812.4415252685546,794.4262670898438,808.5168002675414,801.382965732653,55.6253690382005,5.6817811409238175,1.2244814619286473,4.45729967899517
2024-12-02 00:00:00+05:30,822.4358281017708,825.4257788732257,816.308855277593,819.93603515625,6651119,0.0,0.0,813.2355804443359,795.2820825195313,809.6043464474184,802.1105370825981,54.69031408931385,5.894250740317716,1.1495608490580365,4.7446898912596795
2024-12-03 00:00:00+05:30,821.5045173305319,839.7383645454308,820.4261940455666,837.1405639648438,12186182,0.0,0.0,814.8408447265625,796.5368859863281,812.2268433538399,803.4842636269999,59.71004336275548,7.365985622120206,2.0970365846884214,5.268949037431785
2024-12-04 00:00:00+05:30,837.1405896069477,846.9927502560289,833.562413429901,842.7774047851562,10749716,0.0,0.0,816.3039672851562,798.0661779785156,815.1364206330129,805.0251711233982,61.22573377305295,8.884773921196938,2.8926599070121224,5.992114014184816
2024-12-05 00:00:00+05:30,843.0715130039896,854.2961398822408,838.7580999342011,848.4142456054688,14716036,0.0,0.0,817.1004760742187,799.3131408691406,818.3057372970563,806.7267034560284,62.735446473268155,10.423119304473516,3.5448042322309607,6.878315072242556
2024-12-06 00:00:00+05:30,848.2181393525192,858.2173712226388,840.1305350189066,846.649658203125,14520568,0.0,0.0,817.5342681884765,800.5953942871093,821.0051583357296,808.2923095245421,61.92263054631649,11.368828865492219,3.5924110345997304,7.7764178308924885
2024-12-09 00:00:00+05:30,842.0911629301171,849.7866170280626,840.0815277676334,841.1598510742188,9630346,0.0,0.0,817.4582946777343,801.8688244628906,822.9246528822523,809.5812327225686,59.34647128169904,11.542276769220962,3.012687150662778,8.529589618558184
2024-12-10 00:00:00+05:30,844.8360169417576,851.8452977871689,841.1598332466929,850.423828125,7379849,0.0,0.0,818.6518249511719,803.1559790039063,825.5436219529902,811.1829031305072,62.20402211318531,12.285639800190665,3.004840145305984,9.280799654884682
2024-12-11 00:00:00+05:30,850.4238399742597,852.7275578551114,844.0027843308235,844.6399536132812,7006973,0.0,0.0,819.3355926513672,804.3117700195312,827.3623202063512,812.4949443259101,59.39687367760503,12.266647743175781,2.388678470632879,9.877969272542902
2024-12-12 00:00:00+05:30,844.5419581482005,847.2868300848979,834.3957147957527,836.8955078125,8845103,0.0,0.0,820.6590179443359,805.601865234375,828.2702428355083,813.4518291685214,55.767872150109035,11.494186520743824,1.2929737985607375,10.201212722183087
2024-12-13 00:00:00+05:30,835.8171052852829,845.91440442009,818.5635736543202,844.5909423828125,9379370,0.0,0.0,823.2519500732421,806.8684326171875,829.8245951733468,814.6729708631996,58.48233541622045,11.371874799139619,0.9365296615652259,10.435345137574393
2024-12-16 00:00:00+05:30,842.8754206370667,849.3455401092758,840.9147892516194,844.0028076171875,6432713,0.0,0.0,826.0311462402344,808.1791149902343,831.1749011203792,815.8231605398266,58.18842759477427,11.099535778982386,0.5313525131263948,10.56818326585599
2024-12-17 00:00:00+05:30,841.6500206085419,845.6202871717958,830.37639021472,833.8074951171875,8791216,0.0,0.0,827.8079681396484,809.2358947753906,831.4256243581706,816.5284285624683,53.19744995268959,9.94637303351476,-0.4974481858729849,10.443821219387745
2024-12-18 00:00:00+05:30,834.2486438857434,835.2289595659852,820.5242243623587,821.651611328125,8295338,0.0,0.0,829.530874633789,810.5593212890625,830.4947659743567,816.7293376905333,47.91986459755713,7.959848836274205,-1.9871779064908335,9.947026742765038
2024-12-19 00:00:00+05:30,808.3682600646816,821.5045136920517,804.0549071102052,816.4068603515625,9453398,0.0,0.0,832.082144165039,811.5661047363282,829.1530606769478,816.7166915203776,45.80826620792947,5.894360013111736,-3.242133383722642,9.136493396834378
2024-12-20 00:00:00+05:30,818.4656111397987,819.5439344885314,794.0557259996536,796.016357421875,10244198,0.0,0.0,831.8836303710938,811.8523571777343,825.9971841764647,815.9049137125932,38.67326116408354,2.58233451894273,-5.2433271023133186,7.825661621256049
2024-12-23 00:00:00+05:30,801.2120157160039,807.780142922531,796.2124295415985,804.9862670898438,4933200,0.0,0.0,830.7415649414063,812.3238903808593,823.9961444539293,815.4767314920932,42.88756570840685,0.6735627859823126,-5.7216790682189895,6.395241854201302
2024-12-24 00:00:00+05:30,808.0252324059893,809.9368600271976,793.2714927831553,796.0653686523438,10602771,0.0,0.0,829.4009826660156,812.565048828125,821.3360705680641,814.715501576809,39.94741283408191,-1.5412281939552486,-6.349176038525241,4.807947844569992
2024-12-26 00:00:00+05:30,796.9966812110812,806.6527671299033,792.0951026058469,796.45751953125,8318714,0.0,0.0,828.339794921875,812.7081750488281,818.9666847550341,813.9995022809046,40.14167684150463,-3.227616746939816,-6.428451673207847,3.2008349262680307
2024-12-27 00:00:00+05:30,800.2317056059302,802.1923370345046,781.507699396533,783.9094848632812,10649800,0.0,0.0,826.4183807373047,812.6101440429687,815.6279038129624,812.8195015978606,36.11576183376847,-5.5130622050201055,-6.971117705030509,1.4580555000104034
2024-12-30 00:00:00+05:30,786.2131736679016,792.0460639180922,769.5478071437691,772.7828369140625,21515438,0.0,0.0,823.9357299804688,812.2738952636719,811.5474212511624,811.2494363161431,32.95916834095371,-8.128422303966317,-7.6691822431813765,-0.45924006078494095
2024-12-31 00:00:00+05:30,771.4594156879419,783.4682824464205,770.5281038501324,779.3019409179688,9086044,0.0,0.0,821.9040252685547,811.9582336425781,808.4764231241916,809.996593359352,36.463103953305094,-9.56481952870979,-7.284463574339879,-2.2803559543699112
2025-01-01 00:00:00+05:30,779.8901437444632,782.9291583169418,773.9592457218257,777.58642578125,7273098,0.0,0.0,818.926318359375,811.42494140625,805.53451861534,808.7256063955049,35.93090235323049,-10.718051387734704,-6.750156346691834,-3.96789504104287
2025-01-02 00:00:00+05:30,779.3509857383269,786.6053458912669,771.508460095677,785.428955078125,11398319,0.0,0.0,816.0588958740234,811.1749609375,803.6197030403671,807.812012226196,40.226074706450625,-10.87382271357069,-5.524742138022255,-5.3490805755484345
2025-01-03 00:00:00+05:30,785.4289209052785,793.5655289387714,776.557076124776,777.782470703125,13336514,0.0,0.0,812.5273071289063,811.233779296875,801.159014246344,806.6343831468599,37.580700024546374,-11.481923529099504,-4.906274362840855,-6.575649166258649
2025-01-06 00:00:00+05:30,781.7037559768974,781.8997712481304,757.9311004689307,761.1171264648438,11419367,0.0,0.0,808.2506805419922,811.0455590820312,797.3455011242963,804.8493926887417,32.55562308711714,-13.156936830597829,-5.2650301314713435,-7.891906699126485
2025-01-07 00:00:00+05:30,764.4991607191188,768.4204234473491,759.5975823088309,763.4208374023438,9669152,0.0,0.0,804.3637298583984,810.7357800292968,794.1145807698247,803.2247434618241,33.87194460411812,-14.135560774585315,-4.994923260367063,-9.140637514218252
2025-01-08 00:00:00+05:30,765.5285368443842,768.5184876953866,745.1379228760546,755.970458984375,15641490,0.0,0.0,799.6410614013672,810.5436376953126,790.4818072664485,801.37163426663,31.716036831670944,-15.33553210564321,-4.955915673139966,-10.379616432503244
2025-01-09 00:00:00+05:30,755.9704689607948,756.1664842319951,711.9542705064919,745.4810791015625,15351029,0.0,0.0,794.6831176757812,809.9240783691406,786.1960236316975,799.1798477895686,28.924683408632397,-16.937676334523985,-5.246447921616593,-11.691228412907392
2025-01-10 00:00:00+05:30,745.3830030949237,748.3730137848589,727.4432381239155,728.61962890625,11779296,0.0,0.0,789.2693237304687,808.17029296875,780.7125574673692,796.4127803823797,25.100428422663537,-19.3449685370108,-6.122992099282726,-13.221976437728074
2025-01-13 00:00:00+05:30,726.9041084985033,729.3058939862478,708.2781097642194,715.1403198242188,10414733,0.0,0.0,782.7967926025391,806.3478869628906,774.4675824537359,793.2256250663734,22.535353824724304,-22.085840718870372,-7.091091424913838,-14.994749293956534
2025-01-14 00:00:00+05:30,718.5224071080802,742.0989878190752,718.5224071080802,733.4232177734375,11960975,0.0,0.0,777.2678131103515,804.9352526855469,770.5585953413265,790.8804326235131,32.59682135619304,-22.523092412767028,-6.022674495048392,-16.500417917718636
2025-01-15 00:00:00+05:30,738.3247909702291,743.9616062267667,735.2367725918546,738.8639526367188,7792299,0.0,0.0,772.5206359863281,803.611826171875,767.5400579408878,788.8405706632467,35.29036459813069,-22.174976372877154,-4.539646764126815,-17.63532960875034
2025-01-16 00:00:00+05:30,745.4320548303559,761.4111881866247,745.4320548303559,751.2158813476562,11816079,0.0,0.0,768.9988494873047,802.3658447265625,765.9853744558181,787.3650926508706,41.04993099788166,-20.664190559864437,-2.4230887608912752,-18.241101798973162
2025-01-17 00:00:00+05:30,751.215910613101,752.8334554551853,744.4517681682984,749.0592041015625,5766573,0.0,0.0,765.6314666748046,800.6973474121094,764.3733582316033,785.8629009430546,40.374221442340634,-19.41707973955863,-0.9407823524683749,-18.476297387090256
2025-01-20 00:00:00+05:30,753.8627747972309,769.5478260283826,752.735387806503,763.9110107421875,9198929,0.0,0.0,764.0261993408203,799.2160913085937,764.3293251373733,785.0020425038049,46.861143064609486,-17.033961846453735,1.153868432509217,-18.187830278962952
2025-01-21 00:00:00+05:30,769.3517095093413,769.4497769744905,741.1676345954302,744.1085815429688,13751780,0.0,0.0,760.9823150634766,797.2446765136718,762.4035400331443,783.3983773680859,40.52971087851787,-16.55240842647777,1.308337481988147,-17.860745908465915
2025-01-22 00:00:00+05:30,747.0005222558178,747.9808379018228,723.4729467516976,738.6188354492188,9908339,0.0,0.0,758.1099884033204,795.4859887695312,760.1383300727704,781.6423169006794,38.958238102448114,-16.424420011736288,1.1490607173837013,-17.57348072911999
2025-01-23 00:00:00+05:30,735.2367384986907,740.7755458622017,728.4725365710152,731.2174682617188,10986405,0.0,0.0,754.8479858398438,793.4910461425782,757.3839622812417,779.6648718560143,36.881931936982916,-16.72739376429797,0.6768695718576154,-17.404263336155587
2025-01-24 00:00:00+05:30,735.138768408009,738.8639561065576,724.4533033293378,729.501953125,10579213,0.0,0.0,752.1276092529297,791.8725451660156,754.72853283779,777.6976985724451,36.397722133001,-16.910991002831793,0.3946178666590363,-17.30560886949083
2025-01-27 00:00:00+05:30,725.4335984843208,740.4814201410142,721.4143281559363,734.4525146484375,11433353,0.0,0.0,750.2110931396485,790.7069494628906,752.7974834864231,776.0018090067978,38.890994498912846,-16.46720055818571,0.6707266490440951,-17.137927207229804
2025-01-28 00:00:00+05:30,742.0989667504426,744.7948348595096,730.7273288420482,737.5895385742188,14140860,0.0,0.0,748.1254730224609,789.6903625488281,751.3491077804988,774.4954454604222,40.483148435704635,-15.681594163791829,1.1650664347503827,-16.84666059854221
2025-01-29 00:00:00+05:30,738.1777143020389,745.8241647145189,735.0406921284334,743.5204467773438,9251973,0.0,0.0,746.4221740722656,788.5953503417969,750.6035210182936,773.2807396297133,43.481342440702726,-14.414262070341692,1.9459188225604152,-16.360180892902108
2025-01-30 00:00:00+05:30,743.6184784127346,749.9415267817568,739.8932906386025,747.5887451171875,11085824,0.0,0.0,744.5301635742187,787.8032556152343,750.3163995039025,772.2732104331436,45.50911804674298,-12.932536350980513,2.742115633537276,-15.674651984517789
2025-01-31 00:00:00+05:30,749.8435094869757,762.2444673012822,744.5497807267266,757.68603515625,10083763,0.0,0.0,743.525341796875,787.6493469238281,751.0182695660308,771.7011643438537,50.27736673520039,-10.818778973994654,3.884698408418508,-14.703477382413162
2025-02-01 00:00:00+05:30,759.548580017539,763.4208389361906,737.3444656745553,750.9218139648438,9363077,0.0,0.0,743.015576171875,786.6680505371094,751.0090833182986,770.8862878584024,47.291853187537775,-9.579006320981307,4.099576849145485,-13.678583170126792
2025-02-03 00:00:00+05:30,747.7848125737272,747.7848125737272,738.3248018604113,745.9712524414062,7862190,0.0,0.0,742.1430969238281,785.0309240722656,750.5292899014518,769.9092276459712,45.177441737142495,-8.893428593897625,3.8281236609833336,-12.721552254880958
2025-02-04 00:00:00+05:30,751.9021360972733,765.8716347144651,750.5787338459753,763.8619995117188,12020807,0.0,0.0,742.5376739501953,783.8506237792968,751.7990717690963,769.6720814446279,53.30296236553814,-6.827763330956486,4.715031139139578,-11.542794470096064
2025-02-05 00:00:00+05:30,764.6462410892296,766.6068724766379,749.9415056836675,750.9708251953125,13419162,0.0,0.0,742.8121612548828,782.5164147949218,751.7201911430216,768.9386988466156,47.80486207623151,-6.159911137870154,4.306306665780729,-10.466217803650883
2025-02-06 00:00:00+05:30,753.8627308990996,755.6762909086074,735.2857374622155,737.4424438476562,32745391,0.0,0.0,743.2533020019531,780.8185083007812,750.3604056863201,767.7035515917545,42.813901326405684,-6.645653816172626,3.0564511899826066,-9.702105006155232
2025-02-07 00:00:00+05:30,744.8438308139157,744.9418982807152,717.3459883584466,722.688720703125,37240692,0.0,0.0,743.6307220458984,778.8235656738282,747.725007116492,765.9382641059259,38.13756707815452,-8.127422674621016,1.259745865227373,-9.387168539848389
2025-02-10 00:00:00+05:30,725.4335919181764,729.256846944206,718.963532464286,722.2965698242188,12667049,0.0,0.0,743.0743896484375,776.8707763671875,745.3032511838945,764.2268251144864,38.01870200180578,-9.227015181698562,0.12812268651986258,-9.355137868218424
2025-02-11 00:00:00+05:30,722.9338420118377,725.5807064311172,712.2483766958933,716.7088012695312,13017060,0.0,0.0,741.9666320800782,774.4621411132813,742.5799702396694,762.3633731989979,36.28338437301377,-10.429116031415901,-0.8591825305579803,-9.569933500857921
2025-02-12 00:00:00+05:30,718.7184448242188,724.1591847308209,703.0333943785369,718.7184448242188,12697743,0.0,0.0,740.3417602539063,771.9809619140625,740.3074440096265,760.6518073803792,37.390235150483015,-11.09176916536262,-1.2174685316037603,-9.87430063375886
2025-02-13 00:00:00+05:30,719.9438519637431,722.9828066071801,711.8562476864424,713.3267211914062,12370571,0.0,0.0,738.5551361083984,769.2792114257812,737.7378513602722,758.7959216474783,35.60325647681114,-11.9146489285896,-1.6322786358645907,-10.282370292725009
2025-02-14 00:00:00+05:30,716.5617636405941,718.4733911976853,702.1021072520733,707.9349975585938,10417539,0.0,0.0,735.7563354492188,766.5049182128906,734.8994843315409,756.801375604777,33.86049039093526,-12.853684828566202,-2.057051628672953,-10.796633199893249
2025-02-17 00:00:00+05:30,704.8959778549706,714.4050519193028,697.5436102537428,713.375732421875,9093600,0.0,0.0,734.219692993164,763.9492358398437,732.849603197287,755.0984092054476,37.201029232738556,-13.008897241692807,-1.769811233439647,-11.23908600825316
2025-02-18 00:00:00+05:30,713.3757463206829,713.9149079885333,703.2294429330741,711.5131225585938,8562003,0.0,0.0,732.8644073486328,761.1710217285156,730.8175574221734,753.3891822781201,36.52096978879949,-13.130837130054374,-1.5134008974409703,-11.617436232613404
2025-02-19 00:00:00+05:30,707.8369242269698,720.3849529544706,707.8369242269698,712.9835815429688,6766606,0.0,0.0,731.9527130126953,758.5378942871093,729.1190835289159,751.8046489159573,37.492463522363714,-12.959433338649092,-1.073597684828549,-11.885835653820543
2025-02-20 00:00:00+05:30,710.6308614417115,717.100921006022,709.1113242684337,715.3363647460938,7423268,0.0,0.0,731.24443359375,756.1067114257812,727.8064436448376,750.3745201249823,39.09848552965202,-12.48977035950793,-0.4831477645499085,-12.00662259495802
2025-02-21 00:00:00+05:30,712.983563836215,717.2969766512275,705.8272715222472,707.7879028320312,6571602,0.0,0.0,729.9112030029297,753.3706506347656,725.8999159483798,748.7044567017293,35.91059802682294,-12.58162372957031,-0.4600009076898317,-12.121622821880479
2025-02-24 00:00:00+05:30,696.5142704603655,705.5821902376468,696.5142704603655,702.2981567382812,6912148,0.0,0.0,728.1466339111328,750.5365576171876,723.6521293569418,746.8846018012019,33.755037975529675,-12.948136756561553,-0.6612111477448579,-12.286925608816695
2025-02-25 00:00:00+05:30,704.7979622750793,704.7979622750793,696.0241250697796,696.9064331054688,8599635,0.0,0.0,725.8159332275391,747.7985363769532,721.1049201901349,744.9246736170555,31.739907401516547,-13.517842731248265,-0.9847336979452557,-12.53310903330301
2025-02-27 00:00:00+05:30,701.9060466163252,703.5725952859297,687.2993186401222,690.0442504882812,12033139,0.0,0.0,722.9387084960938,745.1663891601562,718.1467611709107,742.7725001610252,29.339235976585602,-14.357554655450713,-1.459556497718161,-12.897998157732552
2025-02-28 00:00:00+05:30,687.1033111747046,687.5444053811439,669.1634856554016,675.241455078125,15780609,0.0,0.0,718.8164794921875,742.3430810546874,714.0605415430264,740.1242238832643,24.954511667886386,-16.032679532995758,-2.5077451002105633,-13.524934432785194
2025-03-03 00:00:00+05:30,676.5648746220754,683.6721631354309,666.6146467698901,681.6134643554688,10598479,0.0,0.0,715.3510620117188,740.0550231933594,710.97034371564,737.8296842939391,29.8168345016793,-16.654082277802786,-2.503318276014072,-14.150764001788714
2025-03-04 00:00:00+05:30,679.3587530706169,704.3077986097232,678.4764450422322,701.9550170898438,14386214,0.0,0.0,713.1502502441406,737.9943981933594,710.1117411798499,736.4228345996607,42.60204798563414,-15.328458201301942,-0.9421553596105827,-14.386302841691359
2025-03-05 00:00:00+05:30,703.425482394221,716.9048225760387,702.8863207536921,715.9735107421875,10409805,0.0,0.0,710.755825805664,736.3925610351563,710.6700049476916,735.6209003307403,49.43803053628135,-12.996896161106633,1.1115253444677826,-14.108421505574416
2025-03-06 00:00:00+05:30,721.5123345545368,722.2475713084986,712.6894935069948,717.6400756835938,10928847,0.0,0.0,709.0892883300781,734.8162121582031,711.3338212082538,734.9157699524208,50.19741552011397,-10.889115636726274,2.575444695078515,-13.464560331804789
2025-03-07 00:00:00+05:30,717.6400610222238,720.3849328808595,713.6697945986864,718.3262939453125,7246729,0.0,0.0,708.1334808349609,733.5045483398437,711.9997709927355,734.2652022658675,50.52689766233673,-9.05888709518888,3.524538589292728,-12.583425684481607
2025-03-10 00:00:00+05:30,718.3263154629034,723.9631306303024,712.2973500895013,714.5521240234375,7400109,0.0,0.0,707.7266510009765,732.3399340820313,712.2428522337548,733.4921403740076,48.62164106413058,-7.822785558177202,3.808512101043526,-11.631297659220728
2025-03-11 00:00:00+05:30,710.6308835302965,719.6007363944591,708.4741769972491,715.4833984375,5538789,0.0,0.0,707.3859924316406,731.0635632324219,712.5514756817305,732.7859152000269,49.13134966408639,-6.690891687793737,3.952324777141593,-10.64321646493533
2025-03-12 00:00:00+05:30,716.2186323712558,722.4926768362947,704.8959979099689,708.8172607421875,5547762,0.0,0.0,706.9914154052734,729.6881799316407,712.1958361636787,731.8459679663862,45.64093101867816,-6.259602440962112,3.5068912191785735,-9.766493660140686
2025-03-13 00:00:00+05:30,711.6111983443574,717.0519385721029,710.2387324158618,713.5227661132812,5908337,0.0,0.0,706.7316314697266,728.2500561523437,712.3222104445932,731.1274110309703,48.42618473464315,-5.47499530981338,3.433198680261844,-8.908193990075224
2025-03-17 00:00:00+05:30,714.5520981665495,716.8558160007225,708.0819790039528,708.915283203125,5149563,0.0,0.0,706.5110595703125,726.8727124023437,711.997741183501,730.2563471945842,45.9438394990302,-5.165430008329736,2.9942111853963915,-8.159641193726127
2025-03-18 00:00:00+05:30,708.915283203125,708.915283203125,708.915283203125,708.915283203125,0,0.0,0.0,706.5600738525391,725.8286755371093,711.7041737567986,729.419442724331,45.94383949903019,-4.864027791972717,2.636490721402729,-7.500518513375446
2025-03-19 00:00:00+05:30,725.0414304316936,734.5505041985215,724.551272606947,730.4331665039062,7604850,0.0,0.0,707.4129455566406,725.1689221191406,713.4878873517612,729.4591965980399,57.69072407748202,-2.855929635026996,3.71567110267876,-6.571600737705756
2025-03-20 00:00:00+05:30,733.2761159507572,737.8836115337692,729.5509283979652,734.7955932617188,6963197,0.0,0.0,708.5770690917968,724.7454248046874,715.517192676519,729.668467055439,59.60716369281259,-0.9020872962265685,4.5356107531833505,-5.437698049409919
2025-03-21 00:00:00+05:30,735.1877533491547,740.7265010195747,732.2958101375568,738.373779296875,9577327,0.0,0.0,709.8465789794922,724.6032788085937,717.6940104498863,730.0098518492209,61.161143712521785,0.9244203998970306,5.0896947594455595,-4.165274359548529
2025-03-24 00:00:00+05:30,743.0792951283579,767.5381836299999,740.236355685803,765.4304809570312,12095064,0.0,0.0,712.351284790039,725.3394958496094,722.2403409743763,731.3988961279587,70.42614753545271,4.503279605933358,6.934843172385509,-2.4315635664521515
2025-03-25 00:00:00+05:30,768.4694992151382,770.52813824643,754.05884649493,757.636962890625,15190143,0.0,0.0,714.8437377929688,726.1894287109375,725.6114478235428,732.4278399225731,65.57378959009192,6.634204555725091,7.252614497741794,-0.6184099420167031
2025-03-26 00:00:00+05:30,756.8037071028305,760.7739736513279,746.4613886162912,748.961181640625,7711852,0.0,0.0,717.176889038086,726.5001879882813,727.8352319965982,733.0762062644575,60.570668705331634,7.536044065610554,6.523563206101805,1.0124808595087484
2025-03-27 00:00:00+05:30,748.765095143516,760.528883157817,745.5300654063271,757.0977783203125,15648616,0.0,0.0,720.1864562988281,726.8648645019531,730.6221411702852,734.0182286980205,63.39170754258163,8.805805877540251,6.234660014425202,2.5711458631150492
2025-03-28 00:00:00+05:30,756.9017030647627,763.2737549045355,751.9021170931981,756.3135375976562,7628185,0.0,0.0,723.4999206542968,726.9668176269531,733.0689408300349,734.8925545372219,62.92440295875909,9.637721930349699,5.653260853787719,3.984461076561979
2025-04-01 00:00:00+05:30,751.7060726537488,767.3421201573958,748.1769600397238,756.5096435546875,7011125,0.0,0.0,727.563330078125,727.1158264160156,735.3013887085733,735.7402835182991,62.99785781924625,10.1953202027089,4.968687300917535,5.226632901791364
2025-04-02 00:00:00+05:30,757.0977881876627,761.7052838533914,749.2552627425828,760.6759643554688,5458436,0.0,0.0,731.516455078125,727.0511254882813,737.7180149606586,736.7181533550507,64.60240589469332,10.848355036070302,4.4973777074231505,6.350977328647152
2025-04-03 00:00:00+05:30,754.8430831745769,769.2537358201085,754.7940793566994,763.8619995117188,7956680,0.0,0.0,734.6118041992188,727.4461938476562,740.2079182512358,737.7826179102142,65.82292151575471,11.490520686797026,4.111634686519899,7.378886000277127
2025-04-04 00:00:00+05:30,763.7639032041603,767.4891505617313,749.9414763962274,752.34326171875,8231194,0.0,0.0,736.4302917480469,727.7206823730469,741.363665248142,738.3536235497647,58.032200574735015,10.943822148334107,2.851948918445583,8.091873229888524
2025-04-07 00:00:00+05:30,715.6304557983397,738.8639496862081,715.6304557983397,732.1978149414062,14923235,0.0,0.0,737.1581787109375,727.7402893066406,740.4907271236909,738.1122192906134,47.45363715959327,8.783736973301984,0.5534909947307671,8.230245978571217
2025-04-08 00:00:00+05:30,745.0399507907015,758.764370936846,743.2263906334504,753.4706420898438,12911288,0.0,0.0,738.915396118164,728.2196630859376,741.7269095014199,738.7145103807794,56.47598552584759,8.688240646034728,0.3663957339708084,8.32184491206392
2025-04-09 00:00:00+05:30,751.9021496759307,752.8334615673064,726.4139412123398,727.59033203125,11319387,0.0,0.0,739.5673065185547,728.0824194335937,740.3805687899751,738.2782680925625,46.10433955894056,6.449884138276275,-1.4975686190301163,7.947452757306391
2025-04-11 00:00:00+05:30,744.0595747998677,744.7458077183372,731.3154714106737,739.0109252929688,9360327,0.0,0.0,740.7436828613281,728.1108471679687,740.2501265521649,738.3069997474803,50.43049683944114,5.53372754323766,-1.9309801712549852,7.464707714492645
2025-04-15 00:00:00+05:30,754.8430601068783,755.5292930373557,742.1969641274441,748.4710083007812,7859090,0.0,0.0,742.7263702392578,728.2098583984375,741.0330676710807,738.705588318198,53.74271981886542,5.507529111357712,-1.565742882507947,7.073271993865659
2025-04-16 00:00:00+05:30,748.4710501178707,759.4996019368964,745.5301029661306,756.5586547851562,12536694,0.0,0.0,744.8781646728515,728.3892565917969,742.5116950152784,739.4057085718042,56.42354673651959,6.069407790417813,-0.803091362758277,6.87249915317609
2025-04-17 00:00:00+05:30,756.8037006997325,785.2328552596965,752.0491936119853,781.7527465820312,27034818,0.0,0.0,748.5200378417969,728.8705908203125,746.2489380216358,741.0663767290681,63.51676404125079,8.45024418897151,1.2621960286363354,7.188048160335175
2025-04-21 00:00:00+05:30,787.1935033394458,808.1232195009724,785.6250221604275,800.6238403320312,16398507,0.0,0.0,753.1054656982421,729.8646313476562,751.4275001464354,743.4019635370274,67.75113470038595,11.72465916859096,3.6292888066046274,8.095370361986333
2025-04-22 00:00:00+05:30,804.986275275127,819.0537818863039,797.9769939622398,806.211669921875,25117557,0.0,0.0,756.8943908691406,731.0694396972656,756.6450401250487,745.8650892776097,68.90208751927425,14.602222448467273,5.205481669184751,9.396740779282522
2025-04-23 00:00:00+05:30,809.740755044151,814.6423334645151,794.1537117339047,797.4378051757812,12104382,0.0,0.0,760.0265014648437,731.7409558105469,760.5300653679756,747.8875487245969,64.980528228559,15.990407061804945,5.274933026017937,10.715474035787008
2025-04-24 00:00:00+05:30,796.7515648231008,802.8785377915959,795.1830836766543,797.3887939453125,12713521,0.0,0.0,762.9772521972657,732.6693151855469,764.0404204705791,749.8287740273701,64.95828743257039,16.891879500458913,4.941124371737525,11.950755128721388
2025-04-25 00:00:00+05:30,798.9572755447768,802.8785382468371,771.508436630355,782.9291381835938,13131038,0.0,0.0,763.8521850585937,733.5790490722657,765.8393459670567,751.1268275236927,58.587156364918094,16.252184461426964,3.44114346616446,12.811040995262504
2025-04-28 00:00:00+05:30,782.9291312258807,806.6037186789465,781.7037366423766,801.260986328125,11317611,0.0,0.0,766.0333862304688,735.1504943847656,769.2128355252537,753.0928729670037,63.47785825126204,17.028158462758597,3.3736939739968754,13.654464488761722
2025-04-29 00:00:00+05:30,803.858844621864,812.6816855994211,793.075372315961,796.5554809570312,11283059,0.0,0.0,768.4131011962891,736.6356726074218,771.8168969949468,754.7972889666127,61.47111444540047,17.06669426368319,2.7297838199371736,14.336910443746016
2025-04-30 00:00:00+05:30,795.5261656735474,795.5261656735474,769.0576426012298,773.1259765625,25635764,0.0,0.0,769.2145111083985,737.7640161132813,771.9415712394757,755.5160610291965,52.56114884996951,15.033373594602494,0.5571705206851831,14.476203073917311
2025-05-02 00:00:00+05:30,774.7924765987593,787.5856441366993,773.4690743593894,781.0175170898438,14720184,0.0,0.0,770.4497100830079,739.0099975585938,772.8059470347488,756.516118129614,54.93071574599916,13.898520194004277,-0.4621463039304281,14.360666497934705
2025-05-05 00:00:00+05:30,766.606876267059,783.2722431424297,766.606876267059,774.4494018554688,23986447,0.0,0.0,771.3466979980469,740.232451171875,772.962466541484,757.2193841580789,52.576791166527826,12.32705012989311,-1.626893094433278,13.953943224326387
2025-05-06 00:00:00+05:30,778.3216684290833,783.4193220780548,755.9214185982945,758.8623657226562,18869468,0.0,0.0,771.2560180664062,741.2509985351562,771.6195997968338,757.2838148076702,47.387063757165244,9.711951896648316,-3.3935930621424575,13.105544958790773
2025-05-07 00:00:00+05:30,750.2356003532819,766.9990348823832,749.5003635713141,760.822998046875,15586266,0.0,0.0,771.1040679931641,742.1999438476563,770.5913520111234,757.422606307247,48.081275229649954,7.708811963170319,-4.317386396496364,12.026198359666683
2025-05-08 00:00:00+05:30,763.6658883956691,771.0182557422255,748.9611537025561,753.8627319335938,14491673,0.0,0.0,771.1800415039063,743.0469360351562,768.9981500989777,757.2830033906331,45.77231478931467,5.4963157217714524,-5.223906110316186,10.720221832087638
2025-05-09 00:00:00+05:30,741.6088285228935,766.312796178702,740.6285128209466,763.9110107421875,13578216,0.0,0.0,772.7657012939453,744.0654846191406,768.5136606364263,757.5429252475568,49.539706699600345,4.501814517694015,-4.974725851514899,9.476540369208914
2025-05-12 00:00:00+05:30,783.272256608189,788.0758275471601,777.390362315762,785.8701171875,15096824,0.0,0.0,774.3856750488281,745.4761596679688,770.1666564984332,758.6537955197115,56.63073848488617,5.423067769194631,-3.2427780800114263,8.665845849206057
2025-05-13 00:00:00+05:30,782.880060357833,791.7519649275839,781.5076543371932,785.9680786132812,13909596,0.0,0.0,777.3045623779296,747.0397631835938,771.6715538427045,759.7249438763221,56.65999844306365,6.090860626766585,-2.0599881779515776,8.150848804718162
2025-05-14 00:00:00+05:30,789.8893639857823,791.6049164362635,780.6253687864404,784.9387817382812,9281719,0.0,0.0,779.6009552001954,748.6925756835938,772.935099356569,760.7137218316931,56.23072345463665,6.46253948951653,-1.350647452161306,7.813186941677836
2025-05-15 00:00:00+05:30,788.6149458696933,793.516524177251,778.8607930709097,791.8499755859375,17058854,0.0,0.0,781.7699035644531,750.5914465332031,774.7365161403185,761.9347513906831,58.50405009416331,7.231414010976778,-0.4654183445608471,7.696832355537625
2025-05-16 00:00:00+05:30,804.0,804.0,791.0,792.0999755859375,14733924,15.9,0.0,783.5469696044922,752.6325610351563,776.3901789446631,763.1177013591245,58.58784005226443,7.771342322537066,0.05960797359955272,7.711734348937513
2025-05-19 00:00:00+05:30,792.0999755859375,801.4000244140625,792.0999755859375,795.0,10666184,0.0,0.0,784.2093322753906,755.0277319335937,778.1625428546952,764.3679875803352,59.606762784111915,8.337141752686989,0.5003259229995809,7.836815829687408
2025-05-20 00:00:00+05:30,798.1500244140625,799.4000244140625,783.7999877929688,785.6500244140625,11324667,0.0,0.0,783.4606414794922,757.1084631347657,778.8756363365397,765.2025772600892,54.91538001854664,7.939554743781855,0.08219113127555655,7.8573636125062984
2025-05-21 00:00:00+05:30,787.0,791.0,779.0999755859375,787.0999755859375,8206040,0.0,0.0,782.5050567626953,758.8113623046875,779.6589067412443,766.0612987630636,55.50029141421353,7.653241314689126,-0.16329783825373845,7.816539152942864
2025-05-22 00:00:00+05:30,788.0,788.2000122070312,780.2999877929688,785.25,7355826,0.0,0.0,781.8956665039062,760.1968920898438,780.1913918135067,766.8137968507866,54.52825931549746,7.194128851254618,-0.4979282413505981,7.692057092605216
2025-05-23 00:00:00+05:30,787.9000244140625,794.9500122070312,786.2000122070312,790.5,5534158,0.0,0.0,781.5512268066407,761.6540905761718,781.1731640217442,767.7426675625205,56.83851330209515,7.171244398692011,-0.416650155130565,7.587894553822576
2025-05-26 00:00:00+05:30,792.0,797.5499877929688,789.2000122070312,794.4000244140625,4965466,0.0,0.0,782.1247711181641,763.1755651855469,782.4328650114888,768.7880541057183,58.52430729725584,7.382704460071636,-0.1641520750007519,7.546856535072388
2025-05-27 00:00:00+05:30,794.4000244140625,801.3499755859375,790.0499877929688,793.7000122070312,11995043,0.0,0.0,781.7467224121094,764.7585229492188,783.5059266491595,769.7649936391031,58.08577571926906,7.408403483553684,-0.11076244121496348,7.5191659247686475
2025-05-28 00:00:00+05:30,794.5,798.9000244140625,792.6500244140625,796.5499877929688,6873519,0.0,0.0,781.7464477539063,766.3798547363281,784.7482181866652,770.8153855667057,59.41901286853597,7.571460275375898,0.04183548048579944,7.529624794890099
2025-05-29 00:00:00+05:30,799.0,800.4000244140625,791.3499755859375,797.3499755859375,14034127,0.0,0.0,782.9576477050781,768.1505090332031,785.9483855580245,771.8559577243227,59.80550393977466,7.676743565554602,0.11769501653160219,7.559048549023
2025-05-30 00:00:00+05:30,798.0,814.5,792.5999755859375,812.2999877929688,22037314,0.0,0.0,784.5217712402343,770.1260534667969,788.4580619613525,773.4419981191717,66.27051708274662,8.864339783029777,1.0442329872054206,7.820106795824357
2025-06-02 00:00:00+05:30,812.8499755859375,822.5499877929688,809.2000122070312,813.6500244140625,26891575,0.0,0.0,786.481802368164,772.2207482910156,790.8572964806583,775.0187834640694,66.78998717979263,9.801469771816642,1.5850903807938277,8.216379391022814
2025-06-03 00:00:00+05:30,816.2000122070312,818.4000244140625,805.1500244140625,809.7999877929688,14247597,0.0,0.0,789.0286834716796,774.2384423828125,792.661362319926,776.3827522612812,63.77354222928823,10.116865334319527,1.52038875463737,8.596476579682157
2025-06-04 00:00:00+05:30,817.0,817.0,805.25,806.5,9607927,0.0,0.0,791.312533569336,775.7597790527344,793.9793278132664,777.5638208000545,61.22131772997954,9.985431317646771,1.111163790371691,8.87426752727508
2025-06-05 00:00:00+05:30,808.7000122070312,811.7000122070312,802.8499755859375,806.0,13595507,0.0,0.0,793.9193969726563,777.1838671875,795.1241537358126,778.6789650824053,60.82412930080098,9.728775819482735,0.6836066337661233,9.045169185716611
2025-06-06 00:00:00+05:30,806.6500244140625,816.4500122070312,803.0999755859375,813.0499877929688,17163935,0.0,0.0,796.3763458251954,778.6773913574219,796.8313760269704,780.0268483259568,64.3373878337928,9.979215400480143,0.7472369718108247,9.231978428669319
2025-06-09 00:00:00+05:30,817.4000244140625,823.0,815.7000122070312,821.5999755859375,7860380,0.0,0.0,798.1628387451171,779.80078125,799.1902902706815,781.6571670420345,68.07646356094266,10.743755803259205,1.2094218996719093,9.534333903587296
