Date,Open,High,Low,Close,Volume,Dividends,Stock Splits,SMA_20,SMA_50,EMA_20,EMA_50,RSI_14,MACD_12_26_9,MACDh_12_26_9,MACDs_12_26_9
2020-06-09 00:00:00+05:30,1886.9566342619037,1916.590296121757,1884.3498723859936,1895.1424560546875,2909439,0.0,0.0,,,,,,,,
2020-06-10 00:00:00+05:30,1899.7158747171463,1949.9743143801863,1896.46892160756,1928.7093505859373,5168397,0.0,0.0,,,,,,,,
2020-06-11 00:00:00+05:30,1920.70627625576,1925.2793864373211,1885.7677591279105,1891.1181640625,2269513,0.0,0.0,,,,,,,,
2020-06-12 00:00:00+05:30,1839.4876142146832,1874.2432481830656,1839.304734484651,1865.3714599609373,2842642,0.0,0.0,,,,,,,,
2020-06-15 00:00:00+05:30,1865.0056641118492,1883.2066639120317,1830.112813113807,1856.5911865234373,2399022,0.0,0.0,,,,,,,,
2020-06-16 00:00:00+05:30,1888.6943641203748,1896.8801860755675,1857.597217205076,1871.1336669921875,2146528,0.0,0.0,,,,,,,,
2020-06-17 00:00:00+05:30,1871.3165264409963,1883.0695079221896,1853.527174013626,1872.962890625,2703527,0.0,0.0,,,,,,,,
2020-06-18 00:00:00+05:30,1870.402101027694,1883.3896895393643,1852.2925396934272,1864.0911865234373,1944389,0.0,0.0,,,,,,,,
2020-06-19 00:00:00+05:30,1867.6583817545777,1911.5602438134515,1858.5121604923124,1870.036376953125,5681758,0.0,0.0,,,,,,,,
2020-06-22 00:00:00+05:30,1874.97520009371,1877.033099703569,1846.7591322170615,1854.8077392578125,3196138,0.0,0.0,,,,,,,,
2020-06-23 00:00:00+05:30,1853.9388658838764,1869.4874404867503,1838.3902912810024,1861.5302734375,4205944,0.0,0.0,,,,,,,,
2020-06-24 00:00:00+05:30,1860.3410868884573,1888.008401479596,1858.1459718309277,1867.8409423828125,2560937,0.0,0.0,,,,,,,,
2020-06-25 00:00:00+05:30,1861.255861400393,1884.121412523248,1837.7043437438524,1843.969482421875,3043931,0.0,0.0,,,,,,,,
2020-06-26 00:00:00+05:30,1852.109769369303,1949.9743349606688,1847.490883062951,1937.9471435546875,6300722,0.0,0.0,,,,,,,,
2020-06-29 00:00:00+05:30,1928.0235162152876,1945.95019989715,1912.7493707793187,1922.215576171875,3076341,0.0,0.0,,,,,59.55379601292603,,,
2020-06-30 00:00:00+05:30,1920.706096017511,1931.590007909727,1897.886323012197,1904.3800048828125,3071725,0.0,0.0,,,,,54.46431577572198,,,
2020-07-01 00:00:00+05:30,1902.139265878186,1933.4650683429204,1901.9563861435072,1913.4349365234373,2503466,0.0,0.0,,,,,56.49698259958179,,,
2020-07-02 00:00:00+05:30,1922.5354914151544,1980.156678836256,1918.877003324926,1972.976806640625,3758699,0.0,0.0,,,,,66.94572361380497,,,
2020-07-03 00:00:00+05:30,1978.9213931067568,2016.741094330308,1975.8117682662348,2011.8477783203125,4185208,0.0,0.0,,,,,71.72097862826266,,,
2020-07-06 00:00:00+05:30,2016.7412198854656,2076.100089827952,2016.7412198854656,2069.97216796875,5190366,0.0,0.0,1903.8039794921874,,1903.8039794921874,,77.05818883290968,,,
2020-07-07 00:00:00+05:30,2080.7652478997065,2106.1002350500166,2041.5736021536693,2076.1005859375,5630055,0.0,0.0,1912.8518859863282,,1920.2131801060268,,77.539519605105,,,
2020-07-08 00:00:00+05:30,2076.191611834324,2080.215858679691,2019.119297373806,2029.454345703125,2793358,0.0,0.0,1917.8891357421876,,1930.6171006390837,,66.16133138493413,,,
2020-07-09 00:00:00+05:30,2038.6919439633411,2052.8685815279136,2003.9820921338649,2016.1466064453125,3443998,0.0,0.0,1924.140557861328,,1938.7627678587244,,63.307190731907276,,,
2020-07-10 00:00:00+05:30,2016.970225578084,2057.762457311688,1990.21753128122,2032.6103515625,9610320,0.0,0.0,1932.5025024414062,,1947.7006329733697,,65.30149289144998,,,
2020-07-13 00:00:00+05:30,2030.4608154296875,2053.2805893942714,2021.3145955403645,2030.4608154296875,2963503,0.0,0.0,1941.1959838867188,,1955.5825551120665,,64.80623932051574,,,
2020-07-14 00:00:00+05:30,2021.3149675477705,2047.839010108352,1980.1569704710057,1986.5135498046875,2976738,0.0,0.0,1946.9649780273437,,1958.5283641304113,,55.533073822617595,61.5047625582838,,
2020-07-15 00:00:00+05:30,1998.4490247270671,2067.0456731730765,1994.8820883264275,2043.1739501953125,5569321,0.0,0.0,1955.4755310058595,,1966.5898485175446,,62.90327333398626,60.8639237962866,,
2020-07-16 00:00:00+05:30,2057.015607957406,2138.5995603229176,2035.1071979084968,2048.536376953125,8582118,5.0,0.0,1964.6977905273438,,1974.3942797971235,,63.51954025295948,60.09600811105679,,
2020-07-17 00:00:00+05:30,2050.5994225046684,2056.924382612595,2007.561629585728,2017.3699951171875,4509135,0.0,0.0,1972.064471435547,,1978.487205065701,,57.53694326330462,56.323302876616026,,
2020-07-20 00:00:00+05:30,2017.5993556960657,2041.3411213849984,2008.2493262037865,2023.92431640625,2952646,0.0,0.0,1980.5203002929688,,1982.814549002896,,58.42379949685011,53.24847052651967,,
2020-07-21 00:00:00+05:30,2044.182142913964,2052.1112800929072,2017.736019842112,2039.6446533203125,2665286,0.0,0.0,1989.4260192871093,,1988.226939890269,,60.55187550489907,51.486637635383204,,
2020-07-22 00:00:00+05:30,2045.0989332003287,2045.0989332003287,2002.198561200274,2008.3861083984373,2861534,0.0,0.0,1996.4532775878906,,1990.1468607005709,,54.570614263226965,47.02598278234473,,
2020-07-23 00:00:00+05:30,2008.386411993901,2008.386411993901,1982.7654241116984,1990.2821044921875,2265766,0.0,0.0,2003.7689086914063,,1990.1597410616773,,51.40360516299478,41.55106504704554,,
2020-07-24 00:00:00+05:30,1974.9734497058296,1982.765176010076,1948.0233329488788,1977.6317138671875,3665100,0.0,0.0,2005.7531372070312,,1988.9665956145832,,49.252637194090376,35.77893520403859,-16.207630189025295,51.986565393063884
2020-07-27 00:00:00+05:30,1984.5987621712145,2030.432451828748,1983.2237514814883,2022.915771484375,4248480,0.0,0.0,2010.7881469726562,,1992.1998504593253,,56.30169451415064,34.46127755628413,-14.020230269423806,48.481507825707936
2020-07-28 00:00:00+05:30,2030.43227503653,2126.683014936681,2030.43227503653,2117.287109375,8092319,0.0,0.0,2021.4335021972656,,2004.1129227370086,,66.68684493635772,40.56440148101342,-6.333685075755618,46.89808655676904
2020-07-29 00:00:00+05:30,2101.016410587447,2146.8501019178884,2058.895293014235,2086.3955078125,6090431,0.0,0.0,2030.0815307617188,,2011.9493594108649,,61.53179610728131,42.41949159390924,-3.582875970287837,46.00236756419708
2020-07-30 00:00:00+05:30,2095.424239118466,2161.516499814926,2082.911733123184,2089.5576171875,7098496,0.0,0.0,2035.9105712890625,,2019.3406220562586,,61.85683140509863,43.64174480522183,-1.8884982071801986,45.53024301240203
2020-07-31 00:00:00+05:30,2111.237216104397,2140.250076745804,2069.345267347596,2091.299560546875,4723290,0.0,0.0,2039.8831604003906,,2026.1938542934602,,62.04707746296636,44.240967221041274,-1.031420633088608,45.27238785412988
2020-08-03 00:00:00+05:30,2099.5951225632275,2111.8786837848256,2044.823871827551,2066.31982421875,4012337,0.0,0.0,2039.7005432128906,,2030.015375238726,,57.6096369788722,42.21358738707704,-2.447040373642274,44.660627760719315
2020-08-04 00:00:00+05:30,2071.6368730814697,2080.5285640254774,2039.645047543579,2062.240966796875,2927928,0.0,0.0,2039.0075622558593,,2033.084479196645,,56.894129746482356,39.818738920692795,-3.8735110720212234,43.69224999271402
2020-08-05 00:00:00+05:30,2071.6831905046747,2108.3501496286517,2065.2664726579787,2071.224853515625,3800641,0.0,0.0,2041.0960876464844,,2036.7168957984525,,58.12767860027305,38.20532166766293,-4.389542660040874,42.5948643277038
2020-08-06 00:00:00+05:30,2085.432428550183,2126.2244035262192,2076.586617877656,2115.7744140625,4748047,0.0,0.0,2046.0774780273437,,2044.2461832521712,,63.67839244745242,40.0596711379153,-2.028154551830802,42.087825689746104
2020-08-07 00:00:00+05:30,2115.682746006756,2134.016218675792,2096.432599704268,2104.0869140625,3165491,0.0,0.0,2049.6513061523438,,2049.9453004722027,,61.379554206790615,40.123652390815096,-1.5713386391448125,41.69499102995991
2020-08-10 00:00:00+05:30,2124.8498810044416,2131.266597642505,2086.395459625796,2092.5830078125,2929353,0.0,0.0,2052.7574157714844,,2054.0060345046118,,59.11731052897609,38.79884002609742,-2.3169208030899924,41.115760829187415
2020-08-11 00:00:00+05:30,2092.7663389184736,2119.349879798297,2085.9830421439297,2089.924560546875,2774423,0.0,0.0,2057.9279663085936,,2057.426846508637,,58.579991333507465,37.106659730259025,-3.207280879142715,40.31394060940174
2020-08-12 00:00:00+05:30,2097.670302006203,2105.049346081327,2059.353297480116,2069.25341796875,3415751,0.0,0.0,2059.2319396972657,,2058.5531866476954,,54.43683189762569,33.7090294953191,-5.283928891266115,38.992958386585215
2020-08-13 00:00:00+05:30,2083.5990663863904,2108.3492532726345,2062.9739106478537,2066.5947265625,2695682,0.0,0.0,2060.1348571777344,,2059.3190475919623,,53.90871573214538,30.450830657812276,-6.833702183018353,37.28453284083063
2020-08-14 00:00:00+05:30,2087.266239764909,2091.2079818590178,2047.0243495184943,2055.320068359375,2270405,0.0,0.0,2062.032360839844,,2058.938192426954,,51.62159961906411,26.651689824100004,-8.506274413384503,35.15796423748451
2020-08-17 00:00:00+05:30,2074.4324808237902,2080.849196407425,2051.7448078673656,2065.63232421875,2625630,0.0,0.0,2064.1177612304687,1993.2545141601563,2059.5757287880774,1993.2545141601563,53.56219884456197,24.194062118958072,-8.771121694821147,32.96518381377922
2020-08-18 00:00:00+05:30,2074.24952316602,2098.266332010168,2060.9577530418837,2080.620361328125,3493374,0.0,0.0,2066.1665466308596,1996.964072265625,2061.579979506177,1996.6806258138022,56.305579645256,23.18848141147282,-7.821361921845117,31.00984333331794
2020-08-19 00:00:00+05:30,2086.6699768903013,2094.232533865641,2064.8072226608706,2068.565673828125,2843005,0.0,0.0,2069.1755249023436,1999.7611987304688,2062.245283727315,1999.49964730456,53.56470577158804,21.174749587528368,-7.868074996631659,29.042824584160027
2020-08-20 00:00:00+05:30,2068.9320350935677,2086.853046306749,2053.394464436605,2065.1279296875,2895164,0.0,0.0,2072.9178161621094,2003.2413940429688,2062.519821437809,2002.0733054372245,52.77571124616126,19.081495781624653,-7.969063042028299,27.050558823652953
2020-08-21 00:00:00+05:30,2071.682166399972,2081.7655751744846,2054.31124786151,2061.232177734375,1975294,0.0,0.0,2077.0978393554688,2007.1586083984375,2062.3971887041484,2004.3932612135834,51.84375790441694,16.91325693707313,-8.109841509263859,25.023098446336988
2020-08-24 00:00:00+05:30,2063.065854100073,2071.6366186481646,2044.1822869528069,2060.774169921875,2167966,0.0,0.0,2078.990759277344,2011.2422680664063,2062.242615486789,2006.6042772413596,51.728105963860145,14.985214405022361,-8.030307233051701,23.015521638074063
2020-08-25 00:00:00+05:30,2057.932837565946,2062.5162069146454,2047.4369665168915,2055.778564453125,1663419,0.0,0.0,2075.91533203125,2014.935166015625,2061.626991578821,2008.532680661429,50.40726800897249,12.90535825955476,-8.088130702815445,20.993488962370204
2020-08-26 00:00:00+05:30,2055.182373859413,2071.590743079163,2031.7613167662776,2065.72412109375,2618149,0.0,0.0,2074.8817626953123,2018.790390625,2062.0171943897667,2010.7754822470101,52.98132970609735,11.922149464385711,-7.257071598387597,19.17922106277331
2020-08-27 00:00:00+05:30,2077.1826190196457,2096.753692173191,2054.95328163605,2061.049072265625,3579393,0.0,0.0,2073.456335449219,2022.7295483398439,2061.9249922827057,2012.7469955810736,51.624886033617074,10.643025864053925,-6.828956158975508,17.471982023029433
2020-08-28 00:00:00+05:30,2079.382101254222,2089.96972505768,2048.8570523989006,2052.01953125,2941136,0.0,0.0,2071.492333984375,2026.3692114257813,2060.9816150414954,2014.2870950190709,49.01471138580201,8.799270188882929,-6.938169467317204,15.737439656200133
2020-08-31 00:00:00+05:30,2053.349242717909,2086.5327883987998,2042.349157489063,2069.161865234375,6018154,0.0,0.0,2071.6344360351563,2030.6562939453124,2061.7606864884365,2016.4390467922203,53.79135316226605,8.621935317472435,-5.6924034709821605,14.314338788454595
2020-09-01 00:00:00+05:30,2079.9324903136057,2088.182553078181,2054.5406752309773,2059.169921875,3610908,0.0,0.0,2071.4808837890623,2034.6090869140626,2061.5139470014424,2018.114767383702,50.803650299589904,7.5876639642810915,-5.381339859338805,12.969003823619897
2020-09-02 00:00:00+05:30,2059.7655401660736,2079.703190588242,2054.861246980107,2076.403076171875,2084137,0.0,0.0,2071.739794921875,2038.7803295898439,2062.9319593033883,2020.4005834146108,55.40428318187575,8.065592859801654,-3.9227287710545955,11.98832163085625
2020-09-03 00:00:00+05:30,2079.0163741438355,2130.3501117770165,2079.0163741438355,2107.8916015625,4654146,0.0,0.0,2071.345654296875,2044.0587719726564,2067.2138299947324,2023.8316037341358,62.33522572022362,10.860028146885725,-0.9026347871764209,11.762662934062146
2020-09-04 00:00:00+05:30,2085.432622127644,2130.578800870407,2074.386659523511,2098.082763671875,5231303,0.0,0.0,2071.045446777344,2047.261484375,2070.1537284401747,2026.7434139277727,59.246280834711754,12.143168119600432,0.3044041484306277,11.838763971169804
2020-09-07 00:00:00+05:30,2098.266270069958,2148.224990785909,2093.087152762365,2133.145751953125,4620401,0.0,0.0,2073.073583984375,2051.480087890625,2076.1529687747416,2030.9160546346493,65.7751028286324,15.807141030977164,3.174701647845886,12.632439383131278
2020-09-08 00:00:00+05:30,2141.3034642240677,2191.262171062656,2133.1451594151963,2152.53271484375,7453998,0.0,0.0,2076.203991699219,2056.4431420898436,2083.4272303051234,2035.6853354271632,68.75557863850541,20.044175069273933,5.929388548914124,14.114786520359809
2020-09-09 00:00:00+05:30,2131.2667045938697,2162.433615542769,2126.6833353366783,2133.69580078125,3866535,0.0,0.0,2079.4261108398437,2060.848359375,2088.2147132076116,2039.5288830881077,63.013589948554284,21.632705173275554,6.014334922332594,15.61837025094296
2020-09-10 00:00:00+05:30,2140.432847317715,2152.807940867518,2130.624484596954,2136.903564453125,2308813,0.0,0.0,2082.941552734375,2064.12689453125,2092.851746659565,2043.3474980435988,63.57151111659723,22.886643465924863,5.81461857198552,17.072024893939343
2020-09-11 00:00:00+05:30,2136.7198224723224,2184.43271782462,2135.9864389909903,2176.2744140625,4145424,0.0,0.0,2088.9892700195314,2067.4154272460937,2100.7967626027016,2048.560318279634,69.62730510034905,26.748951858167857,7.741541571382811,19.007410286785046
2020-09-14 00:00:00+05:30,2185.4421052754733,2296.9553839947853,2183.3795892168127,2283.801025390625,7512131,0.0,0.0,2099.897705078125,2071.692004394531,2118.2257400110752,2057.7854440486926,79.60113250673054,38.047767008086794,15.232285377041396,22.815481631045397
2020-09-15 00:00:00+05:30,2283.801025390625,2326.5181141689177,2259.2343464853225,2283.801025390625,7318770,0.0,0.0,2110.05673828125,2075.8460131835936,2133.9948148091275,2066.648800179749,79.60113250673054,46.466522273601186,18.920832514044626,27.54568975955656
2020-09-16 00:00:00+05:30,2281.555015618283,2298.651114812004,2270.875856275874,2294.434326171875,3074003,0.0,0.0,2121.3501708984377,2081.1456127929687,2149.274768272246,2075.5815659049304,80.34150503026036,53.381120651940364,20.66834471390704,32.712775938033325
2020-09-17 00:00:00+05:30,2273.350863006546,2287.788474334108,2246.400744714017,2255.88818359375,4828176,0.0,0.0,2130.88818359375,2085.9404443359376,2159.428426874294,2082.652413657433,70.37063180643965,55.115303213900006,17.922021820693345,37.19328139320666
2020-09-18 00:00:00+05:30,2277.934125178504,2292.05081051985,2233.383694217466,2245.7587890625,4183256,0.0,0.0,2140.1145141601564,2090.2034130859374,2167.6503661303136,2089.0487421046905,67.98292857438847,55.037855763211155,14.275659496003598,40.76219626720756
2020-09-21 00:00:00+05:30,2259.600929661496,2296.1761249675164,2247.8215817465657,2259.8759765625,4598809,0.0,0.0,2150.0696044921874,2094.7917163085935,2176.4337576000457,2095.74784933833,69.53441438182418,55.476122937022865,11.771141335852242,43.70498160117062
2020-09-22 00:00:00+05:30,2277.934441280886,2342.101608640911,2253.184248156305,2312.72216796875,7499613,0.0,0.0,2162.916784667969,2101.315888671875,2189.413606206589,2104.256646147366,74.51327941783931,59.40293872170969,12.558365696431252,46.844573025278436
2020-09-23 00:00:00+05:30,2300.851193889187,2309.880520165007,2208.267141864164,2261.8466796875,7502280,0.0,0.0,2172.7229125976564,2105.689343261719,2196.311994157152,2110.4366474626654,63.71739097820091,57.74410371893782,8.719624554927506,49.024479164010316
2020-09-24 00:00:00+05:30,2245.850687582069,2245.850687582069,2110.733066346053,2137.912353515625,8424708,0.0,0.0,2176.5660766601563,2107.476862792969,2190.750123619864,2111.514126131409,46.16883664535292,45.89989524756902,-2.4996671331530393,48.39956238072206
2020-09-25 00:00:00+05:30,2170.6825977416665,2236.68308213246,2156.107580290919,2220.4580078125,8228267,0.0,0.0,2184.988000488281,2111.538623046875,2193.5794459239246,2115.7864352169418,55.04881305090261,42.68200752590428,-4.574043883854223,47.256051409758506
2020-09-28 00:00:00+05:30,2236.6838734670773,2240.350568341614,2168.850018288158,2224.12548828125,4347166,0.0,0.0,2192.736181640625,2115.542646484375,2196.4885928150984,2120.035025533189,55.40082961953609,39.96702832238179,-5.831218469901373,45.798246792283166
2020-09-29 00:00:00+05:30,2231.9633217715887,2301.8138215210897,2224.1257159156467,2281.051025390625,6995811,0.0,0.0,2203.8302368164063,2120.370773925781,2204.5421578222913,2126.349378468775,60.56318381005893,41.925511640912646,-3.0981881210964133,45.02369976200906
2020-09-30 00:00:00+05:30,2281.600908501291,2296.267688146137,2255.0173703950086,2284.6259765625,3917166,0.0,0.0,2214.2413818359373,2125.8955712890624,2212.169188178502,2132.556303884215,60.869509885166025,43.26733357494322,-1.4050929496526692,44.67242652459589
2020-10-01 00:00:00+05:30,2300.8509594234783,2328.3511700938784,2284.6258798874,2313.18017578125,2610337,0.0,0.0,2224.505810546875,2132.353532714844,2221.7892822359063,2139.6395929782166,63.32022768709052,46.10337139740386,1.1447558982463732,44.95861549915749
2020-10-05 00:00:00+05:30,2401.685283088259,2500.777807378877,2386.1477074094205,2480.3359375,17412105,0.0,0.0,2243.6184692382812,2142.4076171875,2246.412773213439,2153.000233939855,73.70311900464672,61.134306564674716,12.94055285241378,48.193753712260936
2020-10-06 00:00:00+05:30,2508.019215718832,2508.019215718832,2429.27703527055,2488.12744140625,9846367,0.0,0.0,2261.3675537109375,2151.7118505859376,2269.4332178032305,2166.14247736991,74.07154723816895,72.83553748808117,19.713427020656184,53.12211046742499
2020-10-07 00:00:00+05:30,2513.5190646887227,2539.185926034924,2477.768793527942,2507.97314453125,9656101,0.0,0.0,2279.1395751953123,2159.5255712890626,2292.151306063042,2179.5476015723157,75.03111934947903,82.75626695100073,23.707325186860587,59.04894176414014
2020-10-08 00:00:00+05:30,2566.6866452388776,2644.603918397914,2566.6866452388776,2590.2451171875,19839329,0.0,0.0,2301.967041015625,2169.6025634765624,2320.5411928368,2195.6533864984012,78.57159047537036,96.14883324408811,29.679913183958377,66.46892006012973
2020-10-09 00:00:00+05:30,2575.853230251445,2594.0492936566616,2548.3530178288315,2578.557373046875,7739245,0.0,0.0,2324.0497314453123,2179.38255859375,2345.114162380616,2210.6692291081454,76.90330467026959,104.61351575601202,30.515676556705827,74.0978391993062
2020-10-12 00:00:00+05:30,2580.894997920923,2616.1869380452185,2567.374059821355,2594.186767578125,4623203,0.0,0.0,2344.945349121094,2189.440302734375,2368.835362875617,2225.7091325775564,77.58858815951028,111.30000200851919,29.761730247370394,81.53827176114879
2020-10-13 00:00:00+05:30,2607.93650970512,2617.0114892357988,2577.8695695086426,2591.02392578125,4209878,0.0,0.0,2360.306494140625,2199.934384765625,2389.9961783904396,2240.0352028992697,77.09011803762502,115.01801950451,26.783798194688956,88.23422130982104
2020-10-14 00:00:00+05:30,2616.2940521485607,2616.2940521485607,2566.1684070427355,2586.46728515625,4395936,12.0,0.0,2375.439807128906,2210.4189111328124,2408.7077123681356,2253.620774752485,76.32929348896614,116.25675681470784,22.41802840390943,93.83872841079841
2020-10-15 00:00:00+05:30,2587.7564027003523,2603.1761535880187,2510.4275027263825,2522.947509765625,6629355,0.0,0.0,2386.8654663085936,2219.4533642578126,2419.5876930726586,2264.182607498098,66.47959313783568,110.83530958424672,13.597264938758642,97.23804464548807
2020-10-16 00:00:00+05:30,2531.692844031736,2551.531207865882,2514.385856142032,2543.844482421875,5273773,0.0,0.0,2401.26328125,2228.014765625,2431.421673010679,2275.14973984805,67.94509177174794,106.99165148641532,7.802885472741792,99.18876601367353
2020-10-19 00:00:00+05:30,2553.694650767401,2553.694650767401,2491.647509427286,2496.204345703125,3331194,0.0,0.0,2413.7855590820313,2235.8571142578126,2437.5914513623406,2283.818547920798,61.358987129309526,98.9606075805059,-0.1825267465341085,99.14313432704
2020-10-20 00:00:00+05:30,2508.58597297571,2540.7141951693807,2502.0958248659745,2521.47412109375,3406273,0.0,0.0,2426.8654663085936,2244.4349365234375,2445.5802770510463,2293.1383743197375,63.38632850394108,93.5565454907346,-4.469271069044325,98.02581655977893
2020-10-21 00:00:00+05:30,2521.474155258258,2530.6799754673066,2451.5559957208325,2462.925048828125,4570143,0.0,0.0,2434.3756103515625,2251.8949462890623,2447.232160077435,2299.7966752808506,56.048826608293616,83.58584098906067,-11.551980456574626,95.1378214456353
2020-10-22 00:00:00+05:30,2449.6691204575804,2473.281962890589,2428.5878789570247,2459.012939453125,5262294,0.0,0.0,2444.233923339844,2259.69013671875,2448.354139065596,2306.04045034643,55.585814596747014,74.50941317020988,-16.50272662034034,91.01213979055022
2020-10-23 00:00:00+05:30,2474.340503934299,2487.4127242260497,2458.0462464350016,2473.419921875,3499091,0.0,0.0,2461.0093017578124,2267.826640625,2450.7413564760154,2312.604351190688,56.9947589484481,67.69841660310931,-18.65097854995274,86.34939515306205
2020-10-26 00:00:00+05:30,2476.3195145993773,2494.7311546636884,2458.414239587128,2474.70849609375,2672752,0.0,0.0,2473.721826171875,2276.2144091796877,2453.023941201514,2318.961376481004,57.12576447696675,61.69346604971952,-19.72474328267404,81.41820933239356
2020-10-27 00:00:00+05:30,2485.341399671255,2502.2800195600707,2415.699457203986,2421.268798828125,3537502,0.0,0.0,2483.578991699219,2283.327138671875,2449.999641927858,2322.973432259323,50.28442750974606,52.02267747473752,-23.516425486124845,75.53910296086237
2020-10-28 00:00:00+05:30,2439.542174404599,2445.019592072311,2399.0365684899566,2413.949951171875,3569445,0.0,0.0,2490.2239379882812,2289.99373046875,2446.566338046336,2326.541138883345,49.411653617079345,43.269158094697104,-25.81595589293221,69.08511398762931
2020-10-29 00:00:00+05:30,2400.8780542270138,2444.145411799356,2393.743543137957,2423.5703125,3105968,0.0,0.0,2497.1711547851564,2297.0938232421877,2444.3762403752567,2330.346204515371,50.624792520834006,36.68532805281029,-25.91982874785522,62.60515680066551
2020-10-30 00:00:00+05:30,2426.7466426700967,2461.9589091408047,2413.398201785776,2453.21337890625,3427003,0.0,0.0,2504.172814941406,2304.8555322265624,2445.2178726163033,2335.164525079719,54.26421606725175,33.473679293963414,-23.30518200536168,56.778861299325094
2020-11-02 00:00:00+05:30,2448.7479521377163,2453.212864432231,2393.559109971218,2397.747802734375,2571196,0.0,0.0,2500.043408203125,2311.5858447265623,2440.696913579929,2337.618771262255,47.246744785970684,26.151359468689407,-24.502001464508552,50.65336093319796
2020-11-03 00:00:00+05:30,2397.1955073528634,2453.351008869194,2394.4798354265467,2424.44482421875,2879269,0.0,0.0,2496.85927734375,2318.8592578125,2439.149095545531,2341.023714515451,50.560819817776824,22.246154943724378,-22.725764791578868,44.971919735303246
2020-11-04 00:00:00+05:30,2402.719113722983,2505.686304340016,2402.719113722983,2442.442138671875,4893928,0.0,0.0,2493.582727050781,2326.592529296875,2439.4627187004207,2345.0009076196247,52.71729737517491,20.368687537876212,-19.68258575794163,40.05127329581784
2020-11-05 00:00:00+05:30,2471.762131831213,2494.7766768203305,2455.191659439048,2472.406494140625,2816502,0.0,0.0,2487.6907958984375,2334.7261767578125,2442.600221123297,2349.997205130252,56.14698860663013,21.05593445059776,-15.196271076176068,36.25220552677383
2020-11-06 00:00:00+05:30,2484.650571182397,2497.7688633792663,2468.356316351312,2492.429443359375,3884421,0.0,0.0,2483.3843994140625,2343.3537841796874,2447.345861336257,2355.5827831000215,58.322503892680594,22.95169439738129,-10.640408903514036,33.592103300895324
2020-11-09 00:00:00+05:30,2514.2014566707744,2526.0768739399546,2481.06050642958,2510.058837890625,3646592,0.0,0.0,2479.1780029296874,2352.5145703125,2453.318525770006,2361.6406676016136,60.194890700642276,25.581752102939845,-6.4082809583643865,31.99003306130423
2020-11-10 00:00:00+05:30,2482.9938876172846,2497.677126525973,2428.8177682298506,2439.17431640625,4760020,0.0,0.0,2471.5855224609377,2359.9148193359374,2451.971458211553,2364.6812028488544,50.39199837081922,21.69620298343625,-8.235064062294388,29.93126704573064
2020-11-11 00:00:00+05:30,2456.0666895231207,2478.943242007961,2433.466356587175,2474.34033203125,3242441,0.0,0.0,2465.9791748046873,2368.2182275390624,2454.1018271467624,2368.981560856007,54.36273134977503,21.209985370054255,-6.977025340541108,28.187010710595363
2020-11-12 00:00:00+05:30,2472.683801586765,2497.539521111278,2450.359683124934,2458.921142578125,2437505,0.0,0.0,2462.7778564453124,2375.8685888671876,2454.560809568797,2372.5086032764825,52.38288526382265,19.35731559840815,-7.0637560897497735,26.421071688157923
2020-11-13 00:00:00+05:30,2444.835658566291,2453.258894007277,2426.6541639765574,2445.848388671875,2548093,0.0,0.0,2457.8780517578125,2382.627724609375,2453.7310551976616,2375.3846732919883,50.69709530746173,16.64235674094016,-7.8229719577742145,24.465328698714373
2020-11-14 00:00:00+05:30,2465.272900752264,2475.445378365613,2448.7945703208648,2458.276611328125,298819,0.0,0.0,2455.9816650390626,2389.8316015625,2454.163965305325,2378.6353375287,52.26975351651805,15.317020905064055,-7.318646234920255,22.63566713998431
2020-11-17 00:00:00+05:30,2480.9681834694256,2480.9681834694256,2439.588072632348,2454.3173828125,2827273,0.0,0.0,2452.623828125,2396.2550341796873,2454.1785764964843,2381.603260873163,51.70394207801924,13.788263534910584,-7.077922884058982,20.866186418969566
2020-11-18 00:00:00+05:30,2449.6687125967514,2452.6145300592016,2400.0033584322027,2418.046630859375,2893762,0.0,0.0,2450.3799072265624,2401.5653125,2450.7374388167595,2383.032412637328,46.71500170044787,9.539994630012643,-9.060953431165537,18.60094806117818
2020-11-19 00:00:00+05:30,2427.574814119252,2463.615510708147,2421.913324532988,2427.482666015625,4167501,0.0,0.0,2448.8033935546873,2407.4410498046873,2448.522698549985,2384.7755598286335,48.117565665643454,6.855593083026633,-9.396283982521236,16.25187706554787
2020-11-20 00:00:00+05:30,2444.145215972565,2463.477438019805,2418.875284961108,2448.978271484375,2711471,0.0,0.0,2447.5813110351564,2413.6825439453123,2448.566086448498,2387.2933132268977,51.264638049028754,6.3890522151396,-7.890259880326617,14.279312095466217
2020-11-23 00:00:00+05:30,2476.3658154552286,2513.1890989564217,2453.351263266983,2507.895751953125,3706418,0.0,0.0,2449.240673828125,2420.314970703125,2454.216530782272,2392.022820627926,58.665441312765275,10.650688983218515,-2.9028984897981633,13.553587473016679
2020-11-24 00:00:00+05:30,2517.239659803358,2525.156755938396,2490.1746353676126,2505.87060546875,3120516,0.0,0.0,2453.4707641601562,2424.7563623046876,2459.1359664666984,2396.4874396412915,58.33751253521084,13.706652669048708,0.1224521568256236,13.584200512223084
2020-11-25 00:00:00+05:30,2512.268634758383,2515.904889224462,2474.7088388743564,2486.7685546875,3302249,0.0,0.0,2457.1116943359375,2428.815712890625,2461.7676415353462,2400.0278755254562,55.20301302152393,14.420914723328224,0.6693713688841108,13.751543354444113
2020-11-26 00:00:00+05:30,2472.683656362436,2514.0637790791093,2467.160163459169,2504.535888671875,2341099,0.0,0.0,2461.1599731445312,2433.017744140625,2465.8408079293013,2404.126228982179,57.49087299313068,16.233518021322652,1.9855797335028313,14.24793828781982
2020-11-27 00:00:00+05:30,2490.174245338355,2501.865591484476,2457.079368248013,2466.83740234375,6086808,0.0,0.0,2461.841174316406,2437.236728515625,2465.9357216830585,2406.585490682633,51.4828752725614,14.461364795327427,0.17074120600608467,14.290623589321342
2020-12-01 00:00:00+05:30,2466.2388176603167,2518.619835906393,2416.021031947294,2510.24267578125,3605017,0.0,0.0,2467.46591796875,2442.52640625,2470.155431597172,2410.650478333559,57.04848341761813,16.370652715327196,1.6640233008046827,14.706629414522514
2020-12-02 00:00:00+05:30,2503.0629371442787,2535.9276758850588,2487.8272571775237,2531.186767578125,2509032,0.0,0.0,2472.803015136719,2447.9526220703124,2475.9679397858345,2415.3773916372675,59.46479882394979,19.35072718099991,3.715278213181918,15.635448967817993
2020-12-03 00:00:00+05:30,2553.6022144528424,2553.6022144528424,2486.307807882527,2494.270751953125,2852548,0.0,0.0,2475.3944458007813,2451.58359375,2477.711064754148,2418.471248904556,53.72747309469051,18.520154907028882,2.307764751368712,16.21239015566017
2020-12-04 00:00:00+05:30,2495.5138445456246,2521.336215775486,2484.6509314991126,2510.93359375,2686527,0.0,0.0,2477.32080078125,2456.56533203125,2480.8751151347055,2422.097223212221,55.80041293455332,18.987595292619062,2.220164109567115,16.767431183051947
2020-12-07 00:00:00+05:30,2499.3804190244023,2526.077300111588,2491.2331774816826,2520.277587890625,1996400,0.0,0.0,2478.7132080078127,2464.21263671875,2484.62773158765,2425.9474335917657,56.96469063861557,19.882830508585812,2.4923194604270904,17.39051104815872
2020-12-08 00:00:00+05:30,2522.395128324161,2582.739334099881,2515.4446880385144,2575.14453125,4277818,0.0,0.0,2481.967492675781,2471.3063671875,2493.248379174541,2431.7983001665984,63.10958961761786,24.73449084026379,5.875183833684051,18.859307006579737
2020-12-09 00:00:00+05:30,2591.438176564533,2614.4527252018734,2571.323371154917,2587.57177734375,3659996,0.0,0.0,2489.3873657226563,2478.57529296875,2502.231559952561,2437.9070639774673,64.35119506541253,29.24512194703175,8.308651952361608,20.93646999467014
2020-12-10 00:00:00+05:30,2594.200576386868,2602.762035588553,2559.4485991836727,2563.177001953125,2127801,0.0,0.0,2493.82919921875,2484.2178125,2508.035887762139,2442.819610564748,60.07671855744482,30.499792475907725,7.650657984990065,22.84913449091766
2020-12-11 00:00:00+05:30,2570.909633116672,2584.718364871248,2544.995336424515,2562.532470703125,1795408,0.0,0.0,2499.009765625,2489.7759423828124,2513.226038518423,2447.514232530959,59.9633887046705,31.08380487060049,6.5877363037462615,24.496068566854227
2020-12-14 00:00:00+05:30,2579.4709990829347,2581.312163250731,2537.354368744589,2575.512451171875,2483658,0.0,0.0,2505.49296875,2495.022587890625,2519.158077818752,2452.533770516877,61.536994971944395,32.22257308194821,6.181203612075187,26.041369469873025
2020-12-15 00:00:00+05:30,2564.7413382482964,2572.7503563427863,2536.2032975140187,2542.233154296875,2365509,0.0,0.0,2509.6907958984375,2496.2605322265626,2521.3557041500017,2456.0513934102105,55.51257894621219,30.092802863409815,3.24114671482943,26.851656148580386
2020-12-16 00:00:00+05:30,2558.2969796120624,2595.8567643134,2541.220141221041,2590.701416015625,2565149,0.0,0.0,2516.5099975585936,2498.31201171875,2527.9600576610133,2461.3317864535597,61.43429916137003,31.94765558868994,4.0767995520876426,27.870856036602298
2020-12-17 00:00:00+05:30,2587.755870123241,2627.0646745697,2582.2323784047285,2612.795654296875,2863460,0.0,0.0,2526.247448730469,2500.4084619140626,2536.0396382930003,2467.2715459768274,63.79982449038203,34.79931527237113,5.542767388615065,29.256547883756067
2020-12-18 00:00:00+05:30,2640.2294751206964,2667.846938249574,2620.1607402967475,2633.785400390625,6076692,0.0,0.0,2536.5625854492187,2501.279267578125,2545.3487584927743,2473.8015010518784,65.93737934052535,38.311343883618974,7.243836799890325,31.06750708372865
2020-12-21 00:00:00+05:30,2633.7850632662858,2657.2599039210536,2563.8208322952137,2596.17919921875,2705195,0.0,0.0,2543.9226318359374,2501.6317041015627,2550.1897528476293,2478.6006264701873,59.19339150216374,37.62641186010342,5.247123821099812,32.379288039003605
2020-12-22 00:00:00+05:30,2608.9291778856614,2654.635980604004,2594.79815542314,2644.37158203125,2881737,0.0,0.0,2550.7464233398437,2502.635400390625,2559.159450865117,2485.1014482568958,64.24088202977114,40.50539979412906,6.500889404100363,34.0045103900287
2020-12-23 00:00:00+05:30,2647.6396917678794,2687.178640517566,2637.881433457062,2677.74267578125,2790988,0.0,0.0,2559.3400268554688,2504.369775390625,2570.45309133332,2492.656006199027,67.26076595433507,44.96149867640952,8.76559062910465,36.19590804730487
2020-12-24 00:00:00+05:30,2677.9728724349648,2689.342149332648,2654.2218133530755,2678.295166015625,1807144,0.0,0.0,2568.916357421875,2506.2063330078126,2580.7237651125874,2499.935973250658,67.3099877421589,47.98443578320166,9.430822188717428,38.55361359448423
2020-12-28 00:00:00+05:30,2678.893000496216,2715.440052494283,2671.5283461993185,2696.752197265625,2108994,0.0,0.0,2578.5271728515627,2509.6824267578127,2591.7740919843054,2507.654256545363,68.98743356303,51.27835839355794,10.179795839258965,41.09856255429897
2020-12-29 00:00:00+05:30,2688.0997570007253,2717.5583844747057,2688.0997570007253,2697.765869140625,1994151,0.0,0.0,2590.073596191406,2512.7608544921877,2601.868546951574,2515.1096139020397,69.08127081621365,53.35556094846879,9.805598715335854,43.54996223313294
2020-12-30 00:00:00+05:30,2701.355741013761,2713.5995266098967,2671.52897400267,2678.249267578125,2637968,0.0,0.0,2598.47392578125,2516.4017529296875,2609.1429012969597,2521.507247379533,65.00312016753215,52.81807837028282,7.414492909719904,45.403585460562915
2020-12-31 00:00:00+05:30,2669.687921292354,2674.290831501479,2619.055908991982,2635.396240234375,4040956,0.0,0.0,2603.6843994140627,2518.6801953125,2611.6432192909992,2525.973482393448,57.04062442639368,48.376583247469625,2.3783982295253594,45.998185017944266
2021-01-01 00:00:00+05:30,2651.2769732348675,2706.51191017726,2650.356390952494,2695.695068359375,2681440,0.0,0.0,2613.755615234375,2523.335595703125,2619.6481572975113,2532.6292308627003,63.766349985273166,49.1556422096819,2.5259657533901105,46.62967645629179
2021-01-04 00:00:00+05:30,2715.716497262118,2808.4651200075955,2707.385186447349,2798.0625,5113293,0.0,0.0,2628.112060546875,2530.1165869140623,2636.6399994596527,2543.0383786720063,71.82962436828018,57.37190070457427,8.593779398625983,48.77812130594829
2021-01-05 00:00:00+05:30,2798.200878917612,2866.92222897628,2798.200878917612,2847.35986328125,5801309,0.0,0.0,2644.466174316406,2537.5953857421873,2656.7085579188524,2554.9725545390356,74.74439086237737,67.08788262808412,14.647809057708656,52.44007357037546
2021-01-06 00:00:00+05:30,2853.8047294235416,2866.232588729096,2795.992124148144,2809.156494140625,3726716,0.0,0.0,2656.1667724609374,2544.284345703125,2671.2274089875928,2564.9405521704707,68.80308766409608,70.88802269223106,14.758359297484482,56.12966339474658
2021-01-07 00:00:00+05:30,2830.7891828671054,2836.1746765789844,2761.975689722612,2791.940673828125,3717827,0.0,0.0,2666.385217285156,2551.697783203125,2682.723910400977,2573.8425177256727,66.24754215715653,71.68415790055406,12.443595604645978,59.24056229590808
2021-01-08 00:00:00+05:30,2844.5985381132086,2879.580656057643,2816.981076578129,2873.04443359375,5879039,0.0,0.0,2681.8785888671873,2560.8796728515626,2700.849674514574,2585.5759261910875,71.59936460278739,77.9608126701387,14.976200299384487,62.984612370754206
2021-01-11 00:00:00+05:30,2973.479827702331,2973.479827702331,2896.6573055870635,2924.1826171875,9508039,0.0,0.0,2699.9610961914063,2570.8919189453127,2722.1194785786624,2598.8546199556527,74.35996703499329,86.06937663475492,18.467811411200557,67.60156522355436
2021-01-12 00:00:00+05:30,2924.183245868516,2955.068823223537,2899.8338919483317,2922.71044921875,3611458,0.0,0.0,2717.32099609375,2580.2818603515625,2741.2233805443852,2611.5548485542054,74.13655582258703,91.32395464217734,18.977911534898382,72.34604310727896
2021-01-13 00:00:00+05:30,2922.8481414297594,2924.689305613337,2877.9697644550506,2908.07275390625,3572801,0.0,0.0,2735.6129760742188,2590.488359375,2757.1137970550394,2623.183001705266,71.82584013115964,93.23238103739777,16.709070344095053,76.52331069330272
2021-01-14 00:00:00+05:30,2909.96364214528,3012.803878626801,2878.0507970757512,2998.23095703125,6931542,6.0,0.0,2755.989453125,2601.96408203125,2780.077336100393,2637.890764659226,76.65273047126858,100.85721699761461,19.467125043449514,81.3900919541651
2021-01-15 00:00:00+05:30,2983.7502765444547,3019.721299971111,2960.6919281940336,2982.228515625,4131692,0.0,0.0,2774.4610961914063,2612.7598095703124,2799.329829388451,2651.39420587357,74.22211929722606,104.40517329873774,18.41206507565809,85.99310822307964
2021-01-18 00:00:00+05:30,2997.585230028323,3003.8109839676126,2939.847036756721,2971.529296875,4160906,0.0,0.0,2791.348291015625,2622.742265625,2815.729778672884,2663.948523167744,72.56532903257846,105.1416096651592,15.318801153663628,89.82280851149557
2021-01-19 00:00:00+05:30,2981.9054975779486,3024.332856961984,2980.983163678296,3007.4541015625,2975735,0.0,0.0,2811.9120361328123,2633.0427587890626,2833.9892379957046,2677.419330163617,74.61436353696493,107.38619112770994,14.050706092971495,93.33548503473844
2021-01-20 00:00:00+05:30,3016.032001398968,3069.481208498015,3013.357323029035,3051.818603515625,3453446,0.0,0.0,2832.284387207031,2643.8779541015624,2854.7348918547445,2692.101654608794,76.90805937230702,111.46004067864487,14.49964451512514,96.96039616351973
2021-01-21 00:00:00+05:30,3048.3133730160803,3052.140968420366,3008.7453409387617,3019.582763671875,2778546,0.0,0.0,2849.3763916015623,2655.486123046875,2870.4346891706614,2704.9440510426402,71.82952029977649,110.81008326601659,11.07974968199747,99.73033358401912
2021-01-22 00:00:00+05:30,2990.11450253183,3066.7605479523336,2990.11450253183,3046.5615234375,3052459,0.0,0.0,2867.7897094726563,2666.930546875,2887.208673386551,2718.340814665968,73.41193858746875,111.19021617741419,9.167906074716043,102.02231010269814
2021-01-25 00:00:00+05:30,3051.9561019551797,3080.410187141497,3024.0093453480613,3035.677001953125,2272887,0.0,0.0,2884.735949707031,2678.4656640625,2901.3485142024147,2730.7853710301706,71.66292326512514,109.35263522118112,5.864260094786374,103.48837512639474
2021-01-27 00:00:00+05:30,3043.701466939966,3049.650474771338,2976.3711011561427,3007.776611328125,2786662,0.0,0.0,2900.2364868164063,2689.704228515625,2911.4845234524823,2741.6477726104827,67.24066074539327,104.44107897802223,0.7621630813019777,103.67891589672026
2021-01-28 00:00:00+05:30,2979.1383998663723,3020.643424013117,2936.526620111548,2948.286376953125,3083938,0.0,0.0,2913.7383422851562,2699.504423828125,2914.989461881115,2749.7512472905864,58.8952056881945,94.6571221538602,-7.217434994288055,101.87455714814826
2021-01-29 00:00:00+05:30,2960.737922381333,2967.0098378135626,2859.235033650892,2869.70361328125,5445659,0.0,0.0,2925.4537109375,2707.8121484375,2910.676523919223,2754.4552616431615,50.05725831252476,79.64420478043439,-17.7842818941711,97.4284866746055
2021-02-01 00:00:00+05:30,2859.235364355773,2919.1870736083943,2807.6769844701976,2895.529296875,3985846,0.0,0.0,2935.445422363281,2717.3618017578124,2909.2339308673922,2759.9875767502926,52.57597373692062,69.03448980553776,-22.715197495254188,91.74968730079195
2021-02-02 00:00:00+05:30,2927.487945087278,2973.604642394891,2905.351930379624,2954.650634765625,2881837,0.0,0.0,2943.2748291015623,2727.9051611328123,2913.5593312386527,2767.6214221626587,57.82027440339667,64.65154930302697,-21.678510398211984,86.33005970123895
2021-02-03 00:00:00+05:30,2963.4588274338053,2984.6725071820088,2917.019225391612,2951.5146484375,2505866,0.0,0.0,2948.482568359375,2737.955888671875,2917.1741233528287,2774.8329212322606,57.45732245293574,60.230687614736325,-20.879497669202095,81.11018528393842
2021-02-04 00:00:00+05:30,2966.2721812313084,2986.3791066231925,2929.3326610459458,2940.815673828125,2057261,0.0,0.0,2955.06552734375,2746.614287109375,2919.425699588571,2781.3420487850394,56.16203983078529,55.22718048139859,-20.70640384203186,75.93358432343045
2021-02-05 00:00:00+05:30,2950.5000164834746,2956.8642555702504,2885.982804512081,2912.684326171875,2366135,0.0,0.0,2961.1027099609373,2754.7505615234377,2918.783664025076,2786.4927263296213,52.79210721443986,48.43358812251472,-21.999996960732588,70.43358508324731
2021-02-08 00:00:00+05:30,2941.784127616397,2975.44931672378,2910.1018664258563,2964.4736328125,2526592,0.0,0.0,2965.674169921875,2764.3046630859376,2923.1350896238782,2793.472369721107,57.81104026972797,46.69036400500545,-18.99457686259349,65.68494086759894
2021-02-09 00:00:00+05:30,2946.856686474675,2993.7112916585247,2918.2643367780506,2930.162353515625,2658751,0.0,0.0,2965.9731567382814,2772.8171923828127,2923.8043528516637,2798.8327612424605,53.735025538318375,42.05542409432883,-18.903613418616096,60.959037512944924
2021-02-10 00:00:00+05:30,2937.6337430253,2969.361942046265,2912.085136669679,2963.73583984375,2127983,0.0,0.0,2968.0244262695314,2782.7551611328126,2927.607351612815,2805.29954863859,56.93463729408451,40.62302365379901,-16.268811087316735,56.891834741115744
2021-02-11 00:00:00+05:30,2965.303446388364,2969.2695271378743,2937.6795915114976,2957.00244140625,1165882,0.0,0.0,2970.470910644531,2791.6903564453123,2930.4068839740944,2811.248681688302,56.09671272433992,38.50069495861135,-14.71291182600352,53.21360678461487
2021-02-12 00:00:00+05:30,2936.895903911623,2993.435023650836,2934.8668141293974,2942.9833984375,2777404,0.0,0.0,2967.708532714844,2799.9262890625,2931.6046472563235,2816.4147490118003,54.30472623184938,35.280819248822354,-14.346230028634018,49.62704927745637
2021-02-15 00:00:00+05:30,2959.769784071412,2959.769784071412,2888.3350613365037,2895.990478515625,2630853,0.0,0.0,2963.396630859375,2807.96068359375,2928.2128216619712,2819.5353658550875,48.68991588970697,28.607341029449344,-16.815766598405624,45.42310762785497
2021-02-16 00:00:00+05:30,2905.3514252988834,2921.6305265467568,2859.234736008425,2867.351318359375,3435770,0.0,0.0,2958.1877319335936,2815.0890380859373,2922.4164880141047,2821.410501247413,45.59581162831317,20.768217500047285,-19.723912102246146,40.49212960229343
2021-02-17 00:00:00+05:30,2863.93875367209,2889.5335164542585,2809.013731206417,2834.424072265625,3678426,0.0,0.0,2949.53623046875,2821.3719677734375,2914.036257942821,2821.9208373657743,42.269926628602136,11.763104305714478,-22.98322023726316,34.74632454297764
2021-02-18 00:00:00+05:30,2826.952980003204,2857.2976706956924,2795.593632101048,2819.897216796875,4189909,0.0,0.0,2937.9401611328126,2826.267021484375,2905.0706349765405,2821.8414796964057,40.85407246588716,3.4149262464852654,-25.0651186371939,28.480044883679167
2021-02-19 00:00:00+05:30,2820.4973128120155,2847.383258276136,2781.89754565035,2833.271728515625,3725028,0.0,0.0,2928.624609375,2831.1810205078127,2898.232643885025,2822.28972474814,42.755211956029015,-2.0976730217453223,-24.462174324339593,22.36450130259427
2021-02-22 00:00:00+05:30,2855.54578529076,2855.54578529076,2714.566957079007,2728.6787109375,5366696,0.0,0.0,2912.73046875,2834.4910546875,2882.084650270975,2818.6187045987035,33.646805301584635,-14.736358488594306,-29.680687832950863,14.944329344356557
2021-02-23 00:00:00+05:30,2739.331741009736,2792.8271083425857,2737.487073170672,2748.739501953125,3832829,0.0,0.0,2898.38359375,2838.2151953125,2869.385112335942,2815.8783437106417,36.44348955206921,-22.870235756376132,-30.25165208058615,7.3814163242100195
2021-02-24 00:00:00+05:30,2741.176257749421,2770.0915146045486,2694.275490454821,2719.132568359375,3774549,0.0,0.0,2883.9513916015626,2841.08759765625,2855.075346242935,2812.0843917360826,34.155409795660084,-31.344108822585895,-30.98042011743673,-0.36368870514916374
2021-02-25 00:00:00+05:30,2743.0212335422298,2794.579612520657,2737.902234960272,2762.6669921875,4224073,0.0,0.0,2874.6704223632814,2845.4962744140626,2846.2745506186084,2810.1464544988835,40.109721813953804,-34.15315381042046,-27.03157208421704,-7.121581726203424
2021-02-26 00:00:00+05:30,2730.108277035961,2741.499190493235,2656.3215668458,2669.510986328125,5553153,0.0,0.0,2864.660791015625,2847.0724658203126,2829.4399254480863,2804.6313381000305,33.192730748827245,-43.396011133711454,-29.019543526006423,-14.376467607705031
2021-03-01 00:00:00+05:30,2698.749113318338,2734.7201370433604,2676.428676965828,2697.0888671875,3265871,0.0,0.0,2854.73876953125,2848.758330078125,2816.835062756602,2800.413986299539,36.67435502204019,-47.94307966735141,-26.853289647717105,-21.089790019634307
2021-03-02 00:00:00+05:30,2730.1078949911525,2790.0595886311608,2719.0398900114587,2772.858154296875,3306469,0.0,0.0,2845.6491455078126,2851.53978515625,2812.6467857604375,2799.3333654366893,45.13444448223185,-44.91496425145169,-19.06013938545391,-25.854824865997784
2021-03-03 00:00:00+05:30,2799.283381726237,2826.0310647806227,2764.142370124495,2821.51171875,3509857,0.0,0.0,2839.1489990234377,2856.046435546875,2813.491065092777,2800.2031047823098,49.77452514506777,-38.14946168431288,-9.835709454652076,-28.313752229660807
2021-03-04 00:00:00+05:30,2788.214799483588,2842.125159684221,2781.8046252483546,2812.841064453125,3916760,0.0,0.0,2832.7502685546874,2859.4158251953127,2813.4291602699527,2800.6987110439104,48.97953400277591,-33.105778686056965,-3.833621165116927,-29.272157520940038
2021-03-05 00:00:00+05:30,2781.8508569631967,2825.29264059866,2763.8653492033795,2774.426025390625,3203686,0.0,0.0,2825.837353515625,2861.3494921875,2809.714575995731,2799.6684096457425,45.511299220573996,-31.841348926755927,-2.0553531246527115,-29.785995802103216
2021-03-08 00:00:00+05:30,2781.7587871586875,2797.438462019993,2763.312110851269,2773.41162109375,2003125,0.0,0.0,2816.2842529296877,2863.2518212890627,2806.257151719352,2798.6387316633113,45.419838648826236,-30.56875559569471,-0.6262078348731954,-29.942547760821515
2021-03-09 00:00:00+05:30,2773.411936415894,2828.7058098981684,2759.715412807907,2813.99462890625,1942397,0.0,0.0,2810.475866699219,2865.596669921875,2806.9940543085804,2799.240923712054,49.76898910104058,-25.985956714856002,3.165272836772413,-29.151229551628415
2021-03-10 00:00:00+05:30,2836.1766593306684,2852.9630907825804,2822.3416512363724,2832.441162109375,3053778,0.0,0.0,2803.9111328125,2868.29017578125,2809.4175883848466,2800.542893845283,51.65471660924214,-20.6277901941221,6.818751486005052,-27.44654168012715
2021-03-12 00:00:00+05:30,2836.1767658949284,2874.914790014469,2805.1403199755864,2820.450927734375,2938317,0.0,0.0,2797.0835571289062,2871.134208984375,2810.468382608611,2801.3236010566197,50.332053426587926,-17.151207882217932,8.236267038327377,-25.38747492054531
2021-03-15 00:00:00+05:30,2804.8170670318777,2858.3124270739195,2804.8170670318777,2828.013671875,3097083,0.0,0.0,2791.335070800781,2874.9865576171874,2812.139362538743,2802.370270500478,51.18116183157423,-13.628638642218448,9.407069022661492,-23.03570766487994
2021-03-16 00:00:00+05:30,2822.3417811695244,2897.05082831813,2822.3417811695244,2868.504638671875,4894756,0.0,0.0,2789.9607788085937,2878.4427490234375,2817.507484075232,2804.9637751346504,55.5615193514416,-7.4834301924138344,12.441821977972886,-19.92525217038672
2021-03-17 00:00:00+05:30,2863.846689927716,2909.963383807389,2845.676757574958,2871.17919921875,3838390,0.0,0.0,2790.1521728515627,2879.9050830078127,2822.619075993662,2807.560458432066,55.84335579541959,-2.3701716745263184,14.04406439668832,-16.41423607121464
2021-03-18 00:00:00+05:30,2883.169214929836,2902.0770572911333,2755.0571438315355,2800.66650390625,3656306,0.0,0.0,2788.4642944335938,2878.9712158203124,2820.52835484248,2807.2901072741906,47.32213457930066,-3.9619913031101532,9.961795814483589,-13.923787117593742
2021-03-19 00:00:00+05:30,2794.6718777001283,2858.312920459636,2771.61352887422,2813.302978515625,5776626,0.0,0.0,2788.1345825195312,2879.0541455078123,2819.840223763732,2807.525906146404,48.82907774303705,-4.1559546751491325,7.8142659539556885,-11.970220629104821
2021-03-22 00:00:00+05:30,2811.919151447276,2895.620947977221,2784.2029743373405,2886.58203125,2821646,0.0,0.0,2790.80009765625,2880.94697265625,2826.1965863814717,2810.626146346545,56.58520702711331,1.5850634671651278,10.84422727701596,-9.259163809850833
2021-03-23 00:00:00+05:30,2896.1286970491974,2922.8763824678044,2880.3107593646987,2898.52685546875,3305973,0.0,0.0,2799.2925048828124,2881.45662109375,2833.085183437403,2814.073232978788,57.710432710368366,7.017812223270084,13.021580826496734,-6.00376860322665
2021-03-24 00:00:00+05:30,2869.5645620449177,2907.472567181822,2869.518400324098,2878.69580078125,2207104,0.0,0.0,2805.790319824219,2880.546884765625,2837.4290517558647,2816.6074513239823,55.154589033997354,9.612299766819433,12.492854696036867,-2.8805549292174337
2021-03-25 00:00:00+05:30,2870.48731334174,2887.68897445455,2813.1181938987197,2826.81494140625,3179786,0.0,0.0,2811.1744384765625,2878.628974609375,2836.4181841035206,2817.0077450526987,49.036128491200266,7.396831997328718,8.221909541236922,-0.8250775439082032
2021-03-26 00:00:00+05:30,2850.611052832513,2875.836973961863,2806.708096227189,2828.613525390625,3697370,0.0,0.0,2814.4717651367187,2877.0397900390626,2835.6748832737208,2817.4628736934014,49.246330181840655,5.720249054204032,5.236261278489788,0.483987775714244
2021-03-30 00:00:00+05:30,2843.5549449925143,2940.8149936801574,2823.171279090715,2913.2373046875,4694008,0.0,0.0,2826.6580810546875,2875.3399169921877,2843.0617805512234,2821.2187337323858,58.01968784665624,11.092113768552736,8.486500794270793,2.6056129742819425
2021-03-31 00:00:00+05:30,2909.963156688977,2956.079846969309,2888.7494791600243,2931.03857421875,3530069,0.0,0.0,2838.35556640625,2874.3161181640626,2851.4405228052733,2825.525394143616,59.60168212724537,16.59447812253211,11.191092118600134,5.403386003931976
2021-04-01 00:00:00+05:30,2943.2592799181807,2965.3029661736027,2900.739604546184,2919.186279296875,4285076,0.0,0.0,2845.67197265625,2873.2692578125,2857.892499613997,2829.198370031979,58.03357852048858,19.770854267949744,11.493974611214215,8.27687965673553
2021-04-05 00:00:00+05:30,2924.7203084091143,3009.5750130365627,2906.273633490104,2987.3466796875,5317862,0.0,0.0,2853.963720703125,2872.867109375,2870.221469144807,2835.4002645282735,63.91354469689296,27.47145607380571,15.355661133656145,12.115794940149566
2021-04-06 00:00:00+05:30,3020.6436392605533,3020.6436392605533,2979.13861215621,3011.1435546875,2291562,0.0,0.0,2863.8788452148438,2872.0536083984375,2883.642620148873,2842.292158260008,65.71944280074939,35.0899522912282,18.379325880862908,16.710626410365293
2021-04-07 00:00:00+05:30,3005.8859046658968,3022.995241978976,2983.5654713669883,3017.32275390625,2491268,0.0,0.0,2876.023681640625,2872.008408203125,2896.3740614590997,2849.1561031873116,66.19254873932965,41.15190166088996,19.553020200419734,21.598881460470228
2021-04-08 00:00:00+05:30,3016.031506345441,3075.9832029547542,3012.3883328950124,3059.7041015625,2578118,0.0,0.0,2890.3383056640623,2872.271259765625,2911.9293033737094,2857.412887437319,69.32001686568151,48.81317289846402,21.77143315039503,27.041739748068988
2021-04-09 00:00:00+05:30,3093.507732546655,3093.8306394657834,3051.0803754515014,3064.2236328125,2911129,0.0,0.0,2902.849755859375,2872.8421923828123,2926.433525225023,2865.5231127461498,69.64253142907243,54.61985031652421,22.06248845476417,32.557361861760036
2021-04-12 00:00:00+05:30,3064.2239550562576,3078.843038186143,2963.6433931120346,2994.4033203125,3791828,0.0,0.0,2910.947863769531,2872.5747265625,2932.906839042878,2870.5772385330656,59.27574172218727,52.9770814809126,16.335775695322056,36.641305785590546
2021-04-13 00:00:00+05:30,2964.381274495762,2964.381274495762,2834.3783510685694,2862.970703125,8654596,0.0,0.0,2913.0738525390625,2870.8684130859374,2926.246254669747,2870.278943026867,45.534733725679494,40.60163123314396,3.1682603580427298,37.43337087510123
2021-04-15 00:00:00+05:30,2914.8519820855604,2985.825533403227,2847.659864796828,2968.94677734375,6062760,0.0,0.0,2920.1205078125,2872.8532763671874,2930.3129711148904,2874.1482698628233,54.66117057967622,38.89700084868855,1.1709039788698519,37.7260968698187
2021-04-16 00:00:00+05:30,2978.216210268646,2994.8182207315867,2935.4200067025145,2946.9951171875,3224657,0.0,0.0,2924.045031738281,2873.8825927734374,2931.9017469313294,2877.005008973595,52.691618857478694,35.36706397263424,-1.8872263177475617,37.2542902903818
2021-04-19 00:00:00+05:30,2922.8761105645526,2941.3227884475727,2891.609081624503,2916.2353515625,2679106,0.0,0.0,2926.2978393554686,2873.114287109375,2930.4097092771553,2878.543453781003,49.97433018099144,29.74462997176397,-6.007728254894268,35.75235822665824
2021-04-20 00:00:00+05:30,2974.526413933705,2974.8493208254795,2883.538277421003,2900.32470703125,3141893,0.0,0.0,2931.2807495117186,2872.09048828125,2927.5444709680214,2879.39762057513,48.578827422121115,23.731393740990825,-9.616771588533936,33.34816532952476
2021-04-22 00:00:00+05:30,2903.5070554432014,2903.5070554432014,2864.077282056862,2876.574951171875,1988980,0.0,0.0,2934.4443481445314,2870.805673828125,2922.690230987436,2879.2869276573556,46.491855267239764,16.855158121364184,-13.194405766528465,30.04956388789265
2021-04-23 00:00:00+05:30,2863.846811827288,2876.7594866632244,2850.9802987230305,2867.997314453125,1615309,0.0,0.0,2933.5151123046876,2869.91193359375,2917.481381793692,2878.844197727778,45.72776825834346,10.59145653729638,-15.566485880477018,26.1579424177734
2021-04-26 00:00:00+05:30,2861.1260619636446,2908.1189314722124,2848.213386720825,2859.97314453125,2490260,0.0,0.0,2931.5874267578124,2867.821923828125,2912.0044068163165,2878.1041564259535,44.98298254494537,4.9231929487482375,-16.98779957522013,21.910992523968368
2021-04-27 00:00:00+05:30,2864.769316730524,2892.531659356479,2862.002314814815,2888.75,1471417,0.0,0.0,2932.09013671875,2866.9936767578124,2909.7897014052387,2878.521640487681,48.23896591013145,2.7217305398576173,-15.3514095872886,18.073140127146218
2021-04-28 00:00:00+05:30,2905.305574715291,2906.2740703299405,2870.3030488310933,2881.46337890625,1639037,0.0,0.0,2934.82255859375,2865.3482275390625,2907.0919564053347,2878.6370027786056,47.4728439370305,0.3846522628500679,-14.150790291436921,14.53544255428699
2021-04-29 00:00:00+05:30,2901.293213115555,2912.1306349733136,2864.307538661248,2873.30029296875,1621395,0.0,0.0,2937.0568969726564,2863.6741845703127,2903.8737027447073,2878.4277200409642,46.580329296530095,-2.1019618154364252,-13.309923495778733,11.207961680342308
2021-04-30 00:00:00+05:30,2858.312755116566,2888.795935536913,2785.4483770416364,2799.8828125,3072305,0.0,0.0,2931.3891723632814,2860.8121728515625,2893.969808435688,2875.3475275883775,39.40486882230371,-9.88287485643832,-16.872669229424503,6.989794372986183
2021-05-03 00:00:00+05:30,2789.9680862581413,2817.730430324179,2770.69139531713,2801.12841796875,1545831,0.0,0.0,2924.893664550781,2858.914931640625,2885.12777124836,2872.436974269961,39.574939729225406,-15.767041904087364,-18.20546902165884,2.438427117571474
2021-05-04 00:00:00+05:30,2824.924687616688,2850.01212797924,2799.2837567692536,2812.88818359375,1990777,0.0,0.0,2919.578759765625,2857.8256689453124,2878.2478105193495,2870.1017275767763,41.25139773604507,-19.259361941087718,-17.358231246927353,-1.9011306941603645
2021-05-05 00:00:00+05:30,2831.5648643803816,2858.6813889708624,2815.3316988647134,2855.268798828125,1939289,0.0,0.0,2912.9748657226564,2858.2425634765623,2876.059333215423,2869.5200440964372,46.962404660294084,-18.39524039079788,-13.195287757310012,-5.199952633487868
2021-05-06 00:00:00+05:30,2864.30781284537,2890.5943279527896,2835.2542961476947,2869.795654296875,1791671,0.0,0.0,2905.907470703125,2859.2405322265627,2875.462792366038,2869.530852339592,48.79969069884506,-16.349752239749705,-8.91983968500947,-7.429912554740236
2021-05-07 00:00:00+05:30,2889.6721574476023,2914.436913152044,2870.118723473579,2889.579833984375,1912540,0.0,0.0,2899.5203247070312,2860.3666943359376,2876.8072725201655,2870.317086913897,51.27525189999087,-12.982614684914552,-4.442161704139451,-8.5404529807751
2021-05-10 00:00:00+05:30,2901.616421253896,2918.449015703836,2882.293570195145,2901.201416015625,2137153,0.0,0.0,2891.5951904296876,2863.8171484375,2879.1305242816375,2871.5282370747495,52.72135091171516,-9.26951615729513,-0.5832505412160227,-8.686265616079107
2021-05-11 00:00:00+05:30,2882.2935895300843,2885.152914842573,2851.07249529662,2880.080078125,2415625,0.0,0.0,2882.3880126953127,2866.4439599609377,2879.2209579810055,2871.863603390446,49.82698212279753,-7.939650918585812,0.5972917579946362,-8.536942676580448
2021-05-12 00:00:00+05:30,2877.6818691828216,2877.6818691828216,2832.118662992433,2847.79833984375,1978558,0.0,0.0,2875.057763671875,2869.017275390625,2876.228327682219,2870.9198675650855,45.697636394948894,-9.382434757775627,-0.6763936649561426,-8.706041092819484
2021-05-14 00:00:00+05:30,2857.851895208107,2857.851895208107,2803.8953562796983,2814.502197265625,2043935,0.0,0.0,2872.6343383789062,2870.0539794921874,2870.3496485949245,2868.7074099062834,41.84561808919695,-13.062001164993944,-3.4847680577395668,-9.577233107254377
2021-05-17 00:00:00+05:30,2817.730290679845,2836.3613919195327,2800.2059451731616,2831.334716796875,2890462,0.0,0.0,2865.7537353515627,2873.2904541015623,2866.633940804634,2867.2418140980717,44.39732156333692,-14.45323253379729,-3.9007995412343295,-10.552432992562961
2021-05-18 00:00:00+05:30,2859.234388986482,2881.370397159281,2838.9430481614168,2848.904296875,2098538,0.0,0.0,2860.8491943359377,2876.3267626953125,2864.945403287526,2866.5226957755985,47.01087536017682,-13.976957474247683,-2.7396195853477785,-11.237337888899905
2021-05-19 00:00:00+05:30,2844.477480126541,2875.836829777741,2828.8901287539293,2842.6328125,1986041,0.0,0.0,2857.1690673828125,2877.722255859375,2862.820394641095,2865.585837607928,46.17652091067599,-13.944815284011383,-2.165981916089182,-11.778833367922202
2021-05-20 00:00:00+05:30,2828.8899683683526,2848.9045659457547,2815.0549619536773,2822.34130859375,2329027,0.0,0.0,2853.2698974609375,2877.73884765625,2858.965243588967,2863.8899737250194,43.48720209857757,-15.379412850746576,-2.8804635862594985,-12.498949264487077
2021-05-21 00:00:00+05:30,2823.264243689513,2848.3516822957386,2817.822563412359,2841.249755859375,1685566,0.0,0.0,2851.5036376953126,2878.307021484375,2857.278054281387,2863.002122044014,46.60771445870217,-14.81975517556566,-1.8566447288628662,-12.963110446702794
2021-05-24 00:00:00+05:30,2842.171630859375,2863.8464753588705,2833.409459678728,2842.171630859375,1652260,0.0,0.0,2850.212353515625,2879.66193359375,2855.8393472888147,2862.1852400367734,46.76206251827352,-14.138850955118869,-0.9405924067328595,-13.19825854838601
2021-05-25 00:00:00+05:30,2865.8064195342604,2899.40457047479,2856.6307391689693,2886.197021484375,1841613,15.0,0.0,2851.523547363281,2881.9176416015625,2858.7305543550588,2863.126878524915,53.65274921054794,-9.93225550798661,2.612802432319519,-12.54505794030613
2021-05-26 00:00:00+05:30,2891.758096950689,2933.466146425939,2876.7432443957287,2927.441650390625,1923753,0.0,0.0,2853.4581298828125,2884.18658203125,2865.2744682632083,2865.6490264412173,59.00592209801996,-3.233131920042524,7.4495408162108845,-10.682672736253409
2021-05-27 00:00:00+05:30,2930.6390460263638,2982.35706952173,2930.500109715394,2947.36865234375,5959785,0.0,0.0,2856.7533935546876,2886.4851318359374,2873.0929619851645,2868.8537176530813,61.329848710243866,3.641932379251557,11.459684092403972,-7.817751713152416
2021-05-28 00:00:00+05:30,2956.1742049625564,2964.052392998983,2906.2634761253967,2913.632080078125,1763701,0.0,0.0,2858.769982910156,2888.3487548828125,2876.9538303749705,2870.609731865828,55.58471254737657,6.2956387306799115,11.290712355065862,-4.995073624385951
2021-05-31 00:00:00+05:30,2919.5636427174973,2938.425041207319,2899.729237371301,2928.044189453125,1652799,0.0,0.0,2865.1780517578127,2890.349365234375,2881.8195788586045,2872.8620635359184,57.419762091923,9.452692161506093,11.558212628713635,-2.105520467207542
2021-06-01 00:00:00+05:30,2936.802875109147,2938.053980822549,2902.880237757196,2922.343994140625,1377441,0.0,0.0,2871.2388305664062,2891.42615234375,2885.6790469807015,2874.8025314027695,56.42676642991852,11.36372764891712,10.775398492899729,0.5883291560173907
2021-06-02 00:00:00+05:30,2920.351231009299,2928.3219665322417,2887.123729358202,2900.5166015625,2240078,0.0,0.0,2875.620251464844,2892.012900390625,2887.092147417063,2875.8109263109945,52.6705498856559,10.990260002919513,8.321544677521697,2.6687153253978155
2021-06-03 00:00:00+05:30,2923.7804593023056,2923.7804593023056,2894.213952670228,2911.453369140625,1281706,0.0,0.0,2878.429479980469,2894.2286376953125,2889.4122637716882,2877.208669167059,54.31167795209443,11.444860713821072,7.020916310738604,4.4239444030824675
2021-06-04 00:00:00+05:30,2899.1726913518887,2925.912274238025,2896.392154883201,2913.7705078125,1836060,0.0,0.0,2880.62822265625,2896.23798828125,2891.7320965374797,2878.6424667609976,54.67030376754082,11.855446569818469,5.945201733388801,5.910244836429667
2021-06-07 00:00:00+05:30,2914.9290207446675,2957.05410235431,2904.363072835144,2950.33447265625,2559821,0.0,0.0,2883.6659545898438,2897.513037109375,2897.313275215458,2881.4539179725766,60.005198199141745,14.958809361115073,7.238851619748324,7.719957741366748
2021-06-08 00:00:00+05:30,2964.051806350014,2994.637706790774,2954.041830040548,2966.04443359375,2574057,0.0,0.0,2886.90810546875,2898.863388671875,2903.8590998229142,2884.771193094976,62.070694482742525,18.472964450608288,8.602405367393231,9.870559083215056
2021-06-09 00:00:00+05:30,2967.7596751474493,2984.442896306929,2953.1154690957724,2966.1376953125,1710925,0.0,0.0,2891.210986328125,2900.6122265625,2909.7903946314464,2887.9620363191925,62.0832133601587,21.02314143047488,8.922065877807858,12.101075552667021
2021-06-10 00:00:00+05:30,2975.1744552771765,2988.150294022934,2959.4180796573287,2981.47705078125,1874324,0.0,0.0,2897.894921875,2903.70546875,2916.6176952171418,2891.629291788293,64.17749382810227,24.00521566656107,9.523312091115239,14.481903575445832
2021-06-11 00:00:00+05:30,2976.6114700946027,3066.93254185377,2976.1016596834256,3034.3076171875,3452954,0.0,0.0,2908.8851928710938,2907.8193505859376,2927.826259214319,2897.2245202353206,70.26842942594855,30.28243906152602,12.640428388864148,17.642010672661872
2021-06-14 00:00:00+05:30,3039.126215934062,3066.653480410551,3031.1090933423698,3036.670166015625,1847360,0.0,0.0,2919.151965332031,2910.2880078125,2938.192345576348,2902.6929769325875,70.50991118538504,35.04385799188685,13.921477855379983,21.12238013650687
2021-06-15 00:00:00+05:30,3056.736489750546,3056.736489750546,3013.6845610985742,3024.065185546875,1304985,0.0,0.0,2927.910009765625,2912.1485400390625,2946.370711287827,2907.4526713880496,67.36611730274389,37.36942870629355,12.997638855829344,24.371789850464204
2021-06-16 00:00:00+05:30,3023.463279481515,3053.67831184419,3015.028893570692,3034.817138671875,1635552,0.0,0.0,2937.5192260742188,2914.4611572265626,2954.7941805624982,2912.4473563795723,68.65013054365346,39.62330027078542,12.201208336256972,27.42209193452845
2021-06-17 00:00:00+05:30,3026.614309543601,3092.003311939008,3021.51665873898,3075.0419921875,2273413,0.0,0.0,2950.154260253906,2916.2150634765626,2966.2463530982127,2918.8236166073343,72.93979761210572,44.146426702664485,13.379467814508828,30.766958888155656
2021-06-18 00:00:00+05:30,3105.766180335092,3112.3468732296883,3035.4187045346125,3056.08740234375,3380431,0.0,0.0,2960.896142578125,2917.1139404296873,2974.8026435025495,2924.2065101656253,68.20390654777364,45.67504649278135,11.92647008370055,33.7485764090808
2021-06-21 00:00:00+05:30,3026.1504202625897,3045.6141748798987,3013.823330415501,3033.657958984375,1130569,0.0,0.0,2970.470458984375,2917.44064453125,2980.407911643676,2928.498723844792,62.991836894447545,44.562926385227456,8.651479980917323,35.911446404310134
2021-06-22 00:00:00+05:30,3062.297605296369,3083.661439838843,3044.687540374871,3059.702392578125,1708688,0.0,0.0,2979.1457275390626,2917.4406103515626,2987.9597669707664,2933.643965755903,66.21990664659648,45.26138622997678,7.479951860533319,37.78143436944346
2021-06-23 00:00:00+05:30,3085.468814092156,3085.468814092156,3018.17973712658,3022.81396484375,1467104,0.0,0.0,2983.914343261719,2916.6124169921877,2991.279214387241,2937.1408284652307,58.44409186762968,42.350146730898814,3.654969889164285,38.69517684173453
2021-06-24 00:00:00+05:30,3043.760465169798,3135.518164941969,3038.6628151824552,3126.805908203125,4155204,0.0,0.0,2992.8862060546876,2919.26046875,3004.1865185601823,2944.578674729462,69.36519847337301,47.88229193002189,7.349692070629885,40.53259985939201
2021-06-25 00:00:00+05:30,3128.334966630336,3150.9499040969886,3104.932120053811,3133.47900390625,2722861,0.0,0.0,3003.878552246094,2924.670634765625,3016.5000885931413,2951.9865307756104,69.91164127559821,52.20325330246169,9.336522754455743,42.86673054800595
2021-06-28 00:00:00+05:30,3143.39640063515,3143.39640063515,3089.175940827644,3092.651611328125,1355238,0.0,0.0,3012.108923339844,2927.1447314453126,3023.7526145679017,2957.5028084443366,62.559226731131204,51.73682701193093,7.0960771711399815,44.640749840790946
2021-06-29 00:00:00+05:30,3097.5179303429186,3120.040323207468,3083.151823843722,3096.4521484375,1497322,0.0,0.0,3020.8143310546875,2930.1338720703125,3030.6763796983396,2962.951802169559,62.949841423615155,51.084976587767414,5.1553813975811735,45.92959519018624
2021-06-30 00:00:00+05:30,3101.225119583847,3134.5915584078216,3094.2737781621854,3100.993408203125,1693146,0.0,0.0,3030.838171386719,2933.829033203125,3037.373239555938,2968.3651984846006,63.44065684534786,50.354368326917665,3.5398185093851424,46.81454981753252
2021-07-01 00:00:00+05:30,3112.34690442985,3116.054286090874,3088.5734100407794,3097.053955078125,990310,0.0,0.0,3040.118200683594,2937.7636181640623,3043.057117224718,2973.411816390229,62.665127329556,48.89385712309604,1.6634458444508127,47.23041127864523
2021-07-02 00:00:00+05:30,3087.322015722291,3095.385525415668,3054.1409052716745,3082.177978515625,1682274,0.0,0.0,3048.53857421875,2941.8756787109373,3046.782913538137,2977.6771560814213,59.69742400459258,46.00569942140555,-0.9797694857917421,46.985468907197294
2021-07-05 00:00:00+05:30,3097.5184479448963,3127.177511479976,3060.4446185260463,3078.0546875,1972858,0.0,0.0,3054.9245849609374,2946.076826171875,3049.7611777249813,2981.6135298625422,58.86528289436881,42.88969282856169,-3.27662086290848,46.16631369147017
2021-07-06 00:00:00+05:30,3070.638968159941,3084.5416498751238,3017.901552699266,3023.64794921875,2159420,0.0,0.0,3057.8047607421877,2949.350322265625,3047.2742035815304,2983.261938464747,49.13312474317866,35.61946702736168,-8.4374773312868,44.05694435864848
2021-07-07 00:00:00+05:30,3035.4189461238634,3042.5556110616767,3004.462397613053,3035.37255859375,2640710,0.0,0.0,3061.26650390625,2952.2827734375,3046.140713582694,2985.305492195296,51.01271701260984,30.45279779391558,-10.883317251786323,41.3361150457019
2021-07-08 00:00:00+05:30,3056.7366198799773,3056.7366198799773,2995.472038593288,3020.126220703125,2485811,0.0,0.0,3063.1989624023436,2955.0560302734375,3043.6631428322585,2986.6710109603096,48.50286659796835,24.841565055138744,-13.195639992450523,38.03720504758927
2021-07-09 00:00:00+05:30,3012.2482969171383,3041.907357071399,2966.832861055926,2973.459716796875,6365067,0.0,0.0,3060.1565673828127,2957.05921875,3036.97710225746,2986.152920993116,41.73443115618657,16.439521258104378,-17.278147031587913,33.71766828969229
2021-07-12 00:00:00+05:30,2998.3449871847392,2999.271832621272,2955.1077380827173,2959.51025390625,1892226,0.0,0.0,3056.2985717773436,2960.251767578125,3029.5993071763924,2985.1081105191215,39.94024100582137,8.556600773333685,-20.128854013086887,28.68545478642057
2021-07-13 00:00:00+05:30,2978.881719764664,2978.881719764664,2942.7347418334807,2954.36669921875,1809339,0.0,0.0,3052.8136474609373,2963.316533203125,3022.434296894712,2983.902564977931,39.26985668956563,1.872700295683444,-21.450203592589702,23.322903888273146
2021-07-14 00:00:00+05:30,2953.856475648557,2986.296066689568,2952.0027847319284,2979.39111328125,2044279,0.0,0.0,3050.042346191406,2966.646591796875,3018.3349460743825,2983.7256453035516,44.17889927202654,-1.3890656267853956,-19.769575612046836,18.38050998526144
2021-07-15 00:00:00+05:30,2998.014899781281,3001.962589376818,2966.80483956326,2975.1181640625,2232968,7.0,0.0,3045.0461547851564,2969.0435791015625,3014.219062073251,2983.388097019589,43.53183420059931,-4.269612476633938,-18.1200979695163,13.850485492882365
2021-07-16 00:00:00+05:30,2984.45345116091,2990.8162888798597,2964.947219453976,2967.548095703125,1256526,0.0,0.0,3040.619189453125,2970.9986279296877,3009.774208133239,2982.766920497375,42.348445833388965,-7.0816747212616065,-16.74572817131518,9.66405345005357
2021-07-19 00:00:00+05:30,2953.801577446148,2972.193217528546,2950.0861037638256,2958.074462890625,1597058,0.0,0.0,3036.8400146484373,2972.3685205078127,3004.8504228720376,2981.798588826522,40.85175373905977,-9.95988593817765,-15.699151510584976,5.739265572407327
2021-07-20 00:00:00+05:30,2958.073907675301,2986.3114116511083,2931.6474246502867,2977.765869140625,1811945,0.0,0.0,3032.7431884765624,2973.8998095703123,3002.270941564284,2981.640442956487,45.18801449281343,-10.530567322505703,-13.015866315930424,2.485298993424721
2021-07-22 00:00:00+05:30,2963.0894189159544,2995.553315627244,2963.0894189159544,2987.565185546875,2859334,0.0,0.0,3030.980749511719,2976.04951171875,3000.87039337215,2981.8727858031684,47.26014075860302,-10.075964051922256,-10.04901043627758,-0.026953615644674578
2021-07-23 00:00:00+05:30,3000.2437166000727,3010.972187628867,2978.554557536555,2984.313720703125,1776193,0.0,0.0,3023.8561401367188,2978.7798193359376,2999.293567403671,2981.968508740422,46.63023403786056,-9.864343710060893,-7.869912075532975,-1.9944316345279185
2021-07-26 00:00:00+05:30,2972.378709438264,2994.903766845726,2963.879654775764,2970.10302734375,1259611,0.0,0.0,3015.6873413085937,2981.8918359375,2996.5135159693928,2981.5031957444744,43.87762081959955,-10.719746687868792,-6.980252042672698,-3.7394946451960935
2021-07-27 00:00:00+05:30,2972.378263917328,2981.666945992069,2936.2916433471705,2956.541015625,1121367,0.0,0.0,3008.8818115234376,2984.3959619140624,2992.7066111746885,2980.5242867201814,41.36784994160695,-12.349641731374959,-6.888117668943092,-5.461524062431867
2021-07-28 00:00:00+05:30,2961.2320066537445,2976.5118441437216,2909.5868407965418,2970.3349609375,1660654,0.0,0.0,3002.5759521484374,2986.8245751953127,2990.5759778187658,2980.124705316939,44.82473171224546,-12.385516663821363,-5.539194081111597,-6.8463225827097665
2021-07-29 00:00:00+05:30,2972.6104689328804,2996.017902311558,2963.368275660828,2968.47705078125,1731997,0.0,0.0,2995.9501342773438,2989.3414599609373,2988.471318100907,2979.6679345508337,44.444639486921616,-12.42068767277442,-4.459492072051722,-7.961195600722698
2021-07-30 00:00:00+05:30,2990.027004191115,2994.206911466312,2937.406706647592,2942.143798828125,2999943,0.0,0.0,2988.204626464844,2991.737509765625,2984.059173408261,2978.1963998166098,39.35138082300345,-14.40735528376672,-5.1569277464352155,-9.250427537331504
2021-08-02 00:00:00+05:30,2953.801359282584,2995.507457576491,2941.726070706901,2990.398681640625,2608669,0.0,0.0,2983.6156616210938,2994.72048828125,2984.6629360970574,2978.6749206724535,50.53738279234338,-11.950282500684807,-2.1598839706826425,-9.790398530002165
2021-08-03 00:00:00+05:30,2999.315132794994,3055.9760876108794,2989.9799629171603,3051.23876953125,3804735,0.0,0.0,2982.274865722656,2998.9018310546876,2991.0034916622185,2981.5205618041714,60.4435295597164,-5.035699576787465,3.80375916257176,-8.839458739359225
2021-08-04 00:00:00+05:30,3065.2651781317945,3070.0952476030475,3029.225045227957,3041.068115234375,2929598,0.0,0.0,2983.1458740234375,3001.9992529296874,2995.771551050043,2983.855759977905,58.34005042108746,-0.3722386592194198,6.7737760641118445,-7.146014723331264
2021-08-05 00:00:00+05:30,3042.0431209170965,3079.197846058069,3030.432269310543,3050.3564453125,2534521,0.0,0.0,2983.895068359375,3004.457548828125,3000.970112408372,2986.463629991026,59.71873501973154,4.026661480825169,8.938140963325147,-4.911479482499978
2021-08-06 00:00:00+05:30,3039.7678219204195,3087.55804779264,3032.754821312566,3074.3681640625,2292362,0.0,0.0,2986.6071655273436,3006.9975390625,3007.9604030420987,2989.9108666212805,63.1168959229506,9.342670077944604,11.403319648355666,-2.0606495704110617
2021-08-09 00:00:00+05:30,3087.464694060055,3099.632957302246,3074.5535177316256,3086.35009765625,1510489,0.0,0.0,2992.2516845703126,3010.4518994140626,3015.4260882434464,2993.692797250103,64.71645891294207,14.356988666324014,13.13411058938806,1.2228780769359537
2021-08-10 00:00:00+05:30,3079.7555551349988,3111.615553601353,3079.7555551349988,3096.753662109375,2040777,0.0,0.0,2999.1138549804687,3013.8260888671875,3023.171571468773,2997.734399793604,66.09152045733788,18.951887417966645,14.183207472824552,4.768679945142092
2021-08-11 00:00:00+05:30,3111.708036805503,3120.996717512385,3090.4370486965154,3106.320556640625,1929707,0.0,0.0,3006.7115478515625,3017.5056201171874,3031.0905224375206,3001.9926804542715,67.35156485949138,23.099074466128513,14.664315616789136,8.434758849339378
2021-08-12 00:00:00+05:30,3089.41538599822,3128.4278472766096,3089.41538599822,3113.333740234375,1310205,0.0,0.0,3013.4086791992186,3021.761962890625,3038.9232098467446,3006.35899652408,68.28205438435833,26.64451401315091,14.567804131049225,12.076709882101685
2021-08-13 00:00:00+05:30,3121.6937633819507,3232.4612948208546,3118.674941770408,3217.0419921875,4363584,0.0,0.0,3025.5048706054686,3027.8737353515626,3055.8869034030067,3014.6210747853906,78.18378822528072,37.39166180251277,20.251961536328867,17.139700266183905
2021-08-16 00:00:00+05:30,3213.883800463164,3245.79051213997,3192.055398928226,3225.91259765625,2083489,0.0,0.0,3038.423095703125,3034.1165771484375,3072.07982666522,3022.9070168587577,78.79360269489415,46.09330267997575,23.162881931033475,22.930420748942275
2021-08-17 00:00:00+05:30,3234.4127502639003,3307.514648077461,3216.671273092626,3300.31591796875,4336019,0.0,0.0,3055.5351684570314,3041.1162060546876,3093.8165972655565,3033.785797294444,83.06859328173107,58.32085538462661,28.31234770854747,30.00850767607914
2021-08-18 00:00:00+05:30,3319.635730783612,3339.281202642921,3285.035390088633,3307.28173828125,2631309,0.0,0.0,3072.0109619140626,3047.9409521484376,3114.1466106956223,3044.5111283135348,83.40587078218472,67.79189966095282,30.226713587898942,37.56518607305388
2021-08-20 00:00:00+05:30,3256.6117067333016,3320.703608548646,3251.038497879794,3306.30615234375,2836148,0.0,0.0,3087.9480102539064,3054.7443212890626,3132.4475194240154,3054.7775998441316,83.15602845577372,74.3618517153568,29.437332513842343,44.924519201514464
2021-08-23 00:00:00+05:30,3325.3476154774985,3411.732344035992,3308.5350130805373,3378.66455078125,3744176,0.0,0.0,3107.6655517578124,3062.6880712890625,3155.8967605056564,3067.4790489004895,86.40808532365833,84.43400147133889,31.607585815859537,52.82641565547935
2021-08-24 00:00:00+05:30,3396.8709958136224,3406.484872360616,3338.7237559821715,3356.1865234375,2511141,0.0,0.0,3126.9697265625,3069.1256494140625,3174.9719760229746,3078.800910647039,81.1655734074235,89.56995705932968,29.39483312308026,60.17512393624942
2021-08-25 00:00:00+05:30,3353.214699494184,3434.7228961370133,3350.474583252544,3398.729248046875,2123263,0.0,0.0,3149.079138183594,3076.3668310546873,3196.282192406203,3091.3471199568367,83.23835469480096,95.96683525739991,28.633369056920387,67.33346620047952
2021-08-26 00:00:00+05:30,3399.657859381759,3425.2947142770527,3388.4184626341207,3410.6650390625,1902533,0.0,0.0,3171.0956420898438,3084.098828125,3216.6996063734696,3103.869391294314,83.77776874414063,100.83713814024077,26.802937551808995,74.03420058843177
2021-08-27 00:00:00+05:30,3405.230688237503,3464.2138166344157,3391.390643307694,3455.52880859375,3944728,0.0,0.0,3195.4482299804686,3092.5130615234375,3239.4452446801633,3117.659956678606,85.64743605949295,107.08263753367464,26.438749556194296,80.64388797748035
2021-08-30 00:00:00+05:30,3450.7454689069145,3474.292369209378,3425.294570155585,3438.02001953125,2033114,0.0,0.0,3220.242041015625,3099.7726220703125,3258.357127999315,3130.2230963983175,81.69040177735903,109.3588075886878,22.971935688965942,86.38687189972185
2021-08-31 00:00:00+05:30,3445.5436951827924,3533.5076973076098,3440.016974611644,3517.113037109375,3207480,0.0,0.0,3246.5777587890625,3108.993134765625,3283.0005479145584,3145.395250936006,85.05048015784303,116.20529199598514,23.854736077010614,92.35055591897452
2021-09-01 00:00:00+05:30,3525.9840392312653,3545.211567536033,3443.3147611776344,3450.69921875,2643336,0.0,0.0,3266.55078125,3117.3339599609376,3298.9718498988864,3157.367955556163,72.94526080575866,114.94710148305148,18.07723645126157,96.86986503178991
2021-09-02 00:00:00+05:30,3468.393756210497,3584.6415172922907,3457.2473381401905,3563.8349609375,3403717,0.0,0.0,3292.6891235351563,3127.416611328125,3324.1969080930403,3173.307838120137,78.54686811250814,121.67647465758455,19.845287700635694,101.83118695694886
2021-09-03 00:00:00+05:30,3552.920808726573,3582.551613127476,3533.925499692325,3568.758056640625,1746812,0.0,0.0,3318.6092041015627,3138.3354931640624,3347.4884460499534,3188.815689826823,78.75302109694273,125.95487466913391,19.29895016974804,106.65592449938588
2021-09-06 00:00:00+05:30,3575.864045957755,3601.779606119804,3542.7034948869905,3578.00048828125,1723693,0.0,0.0,3343.7908203125,3147.359384765625,3369.4419738815054,3204.0778387858204,79.15794381015507,128.6088022772169,17.56230222226482,111.04650005495209
2021-09-07 00:00:00+05:30,3589.1469152189206,3594.673635947243,3537.362510321546,3544.46826171875,1585039,0.0,0.0,3366.696728515625,3155.579169921875,3386.111144151719,3217.426482822406,73.67215418840885,126.54752746058966,12.400821924510055,114.14670553607961
2021-09-08 00:00:00+05:30,3538.9875125801173,3543.631853147808,3488.82863444906,3505.6875,4147175,0.0,0.0,3387.143420410156,3163.8398876953124,3397.499368518222,3228.730836437214,67.81844555377158,120.39680947614579,5.000083152052937,115.39672632409285
2021-09-09 00:00:00+05:30,3520.1316628233244,3537.780158075029,3497.1886643509997,3521.710693359375,1441148,0.0,0.0,3407.9129272460937,3172.34505859375,3409.3290185030937,3240.220242591024,68.91735797302047,115.48403093037814,0.06984368502823202,115.41418724534991
2021-09-13 00:00:00+05:30,3499.046810036015,3578.372070421809,3499.046810036015,3571.82373046875,1691473,0.0,0.0,3430.8374267578124,3181.7616650390623,3424.8047053569658,3253.2243009391705,72.12348600470868,114.31655177156063,-0.8781083790314312,115.19466015059206
2021-09-14 00:00:00+05:30,3576.096003819036,3619.334862947885,3552.92078808563,3609.48876953125,1991188,0.0,0.0,3450.459765625,3192.010361328125,3442.393663849755,3267.195456570232,74.27155786698185,115.1037258968845,-0.07274740296605842,115.17647329985056
2021-09-15 00:00:00+05:30,3605.958922953858,3696.895018760838,3591.0040559119097,3673.25537109375,2461369,0.0,0.0,3472.826904296875,3203.8319091796875,3464.380493111088,3283.119374786841,77.44091613155209,119.4955288160495,3.4552444129591464,116.04028440309035
2021-09-16 00:00:00+05:30,3650.4518574871263,3698.520784618159,3615.247845042006,3625.651123046875,2946666,0.0,0.0,3489.0936645507813,3214.783837890625,3479.7396007240204,3296.551992365666,70.46255629273004,117.7771377681679,1.3894826920620318,116.38765507610587
2021-09-17 00:00:00+05:30,3641.1637264257615,3664.3854338647034,3534.3438722066394,3555.568603515625,6477148,0.0,0.0,3501.5080078125,3225.4222509765623,3486.961410513697,3306.7095065284093,61.65421149514672,109.49800205274005,-5.5117224186926705,115.00972447143272
2021-09-20 00:00:00+05:30,3538.0589988950937,3595.6488277035724,3536.990891167303,3551.527587890625,2002008,0.0,0.0,3513.769079589844,3235.7453515625,3493.1105702638806,3316.3102156014374,61.17930733533783,101.44129901156202,-10.854740367896568,112.29603937945859
2021-09-21 00:00:00+05:30,3583.5737782872307,3596.159988674732,3549.809326032405,3588.171630859375,1568129,0.0,0.0,3524.24443359375,3247.106259765625,3502.1640046063085,3326.971447572337,63.89515989680089,96.89621260345575,-12.319861420802283,109.21607402425803
2021-09-22 00:00:00+05:30,3587.7534172355577,3619.660130568525,3578.418246484363,3587.42822265625,1744067,0.0,0.0,3535.8065185546875,3259.3856298828123,3510.2844063253506,3337.1854387520984,63.7976483090566,92.17171390735712,-13.635488093520749,105.80720200087787
2021-09-23 00:00:00+05:30,3594.719356116132,3603.079168572216,3562.208974342472,3594.022705078125,2003869,0.0,0.0,3545.57119140625,3272.07587890625,3518.259482397043,3347.257488411943,64.31785657712402,87.94584926563675,-14.289082188192907,102.23493145382966
2021-09-24 00:00:00+05:30,3613.297034813672,3663.827370503344,3580.7866501816725,3595.92724609375,2320754,0.0,0.0,3554.8343017578127,3284.90708984375,3525.65641227292,3357.0092436151513,64.47661948823865,83.78468395196614,-14.76019800149082,98.54488195345697
2021-09-27 00:00:00+05:30,3622.585936616653,3626.301409372157,3532.392744767003,3564.020751953125,1673362,0.0,0.0,3560.258898925781,3296.5996826171877,3529.31015890913,3365.1273419813465,59.685465342032536,77.02445308870483,-17.21634309180172,94.24079618050655
2021-09-28 00:00:00+05:30,3576.1429288141567,3576.1429288141567,3484.417184860806,3510.33251953125,2253075,0.0,0.0,3563.8745239257814,3307.3039697265626,3527.5027646826657,3370.821662669578,52.602300849202756,66.56738241188395,-22.13873101489807,88.70611342678203
2021-09-29 00:00:00+05:30,3492.359001412416,3535.272670555593,3457.3869746366336,3522.175537109375,2489161,0.0,0.0,3564.127648925781,3318.3965185546876,3526.9954096756856,3376.7571087260403,53.901900877411194,58.56066026491635,-24.116362529492534,82.67702279440888
2021-09-30 00:00:00+05:30,3534.3438957214235,3534.3438957214235,3483.3491165560267,3506.98876953125,2252412,0.0,0.0,3566.9421264648436,3329.3748046875,3525.0900153762154,3381.8642326791855,51.935358795408085,50.408749371288195,-25.81461873849655,76.22336810978474
2021-10-01 00:00:00+05:30,3512.7474608608904,3538.9879885978694,3460.034188327313,3464.8642578125,1578374,0.0,0.0,3561.9935913085938,3339.1167724609377,3519.3542289415755,3385.11913562559,46.831576322879485,40.087106005596524,-28.909009683350575,68.9961156889471
2021-10-04 00:00:00+05:30,3459.848329631812,3514.512087341214,3443.732375591859,3504.8984375,1356860,0.0,0.0,3558.8006103515627,3349.4634375,3517.9774868995205,3389.8163631500765,51.69052259563915,34.73712504167179,-27.40719251782025,62.14431755949204
2021-10-05 00:00:00+05:30,3486.971080485138,3566.853742424861,3475.4532059850058,3560.63037109375,1877966,0.0,0.0,3557.9321044921876,3360.9897705078124,3522.03966634659,3396.5149516968872,57.51175531793784,34.59553209403384,-22.03902837236656,56.6345604664004
2021-10-06 00:00:00+05:30,3563.138167235404,3583.062343383955,3525.054573685703,3539.823486328125,1678154,0.0,0.0,3557.6998657226563,3372.3841796875,3523.7333634876886,3402.1348942314457,54.85421266996194,32.430537899121646,-19.363218053823005,51.79375595294465
2021-10-07 00:00:00+05:30,3557.5652470524574,3621.657153592045,3548.3230537107,3615.990966796875,1647233,0.0,0.0,3563.2150390625,3385.5731787109376,3532.5198018980873,3410.5214068810706,61.811005289056155,36.44077692455676,-12.282383222710322,48.72316014726708
2021-10-08 00:00:00+05:30,3645.807839273687,3706.091297294818,3622.586133291052,3655.7001953125,2934339,0.0,0.0,3569.914514160156,3399.2804833984374,3544.2512679375554,3420.1362613293622,64.85189251828163,42.33511032265869,-5.110439859686714,47.44555018234541
2021-10-11 00:00:00+05:30,3487.8996332061447,3490.2218034013554,3399.6571657881464,3423.436279296875,11845402,0.0,0.0,3562.4951416015624,3408.37966796875,3532.7450785432047,3420.2656737986767,43.189206951217884,27.94255076354193,-15.602399535042785,43.544950298584716
2021-10-12 00:00:00+05:30,3442.385612449183,3443.31448066625,3372.349039592141,3393.016357421875,5752877,0.0,0.0,3551.671520996094,3417.397119140625,3519.4375812935546,3419.1970731564493,41.24594249418588,13.921234825333158,-23.698972378601248,37.620207203934406
2021-10-13 00:00:00+05:30,3390.369392945984,3414.009046509024,3385.725051311812,3395.199462890625,3545655,0.0,0.0,3537.7687255859373,3425.493134765625,3507.6053795408943,3418.2559904009267,41.44954740137682,2.951377648171274,-27.735063644610506,30.68644129278178
2021-10-14 00:00:00+05:30,3373.607917769675,3415.487188473023,3357.972944598508,3360.99755859375,6442299,7.0,0.0,3524.5360473632813,3431.688310546875,3493.6427299268807,3416.010561702606,39.159981700936655,-8.405230769562877,-31.273337649875728,22.86810688031285
2021-10-18 00:00:00+05:30,3353.552059466497,3399.3865905871567,3351.6907587103283,3394.221435546875,3590107,0.0,0.0,3516.4686889648438,3438.751376953125,3484.174035224023,3415.1560861670873,42.483589706299064,-14.556734578995929,-29.939873167447026,15.383138588451096
2021-10-19 00:00:00+05:30,3414.556550552156,3434.193366215671,3373.794014809289,3382.123291015625,3135441,0.0,0.0,3507.9984741210938,3445.3867138671876,3474.454916727985,3413.8606824356575,41.59256588325296,-20.175494283135777,-28.4469062972695,8.271412014133723
2021-10-20 00:00:00+05:30,3361.509827524972,3378.2615376289164,3330.146949050063,3358.578369140625,2933693,0.0,0.0,3496.5188110351564,3451.07091796875,3463.419055052999,3411.69274858095,39.84125097429632,-26.22596366776861,-27.597900545521867,1.3719368777532566
2021-10-21 00:00:00+05:30,3354.1576170775543,3357.275159981769,3267.746625745035,3287.52294921875,4871211,0.0,0.0,3481.523547363281,3455.094375,3446.6670449735466,3406.8233446843933,35.04541443921995,-36.33572715470655,-30.166131225967842,-6.169595928738704
2021-10-22 00:00:00+05:30,3313.1159776963555,3314.605109469051,3243.317186031404,3256.206787109375,2691670,0.0,0.0,3464.6327514648438,3458.2834375,3428.5279727960065,3400.9168130147846,33.15137525113381,-46.340555044597295,-32.13676729268687,-14.203787751910424
2021-10-25 00:00:00+05:30,3260.068414173835,3270.817471943385,3210.743942021048,3250.71533203125,2595594,0.0,0.0,3447.3721557617187,3461.1713330078123,3411.593435580315,3395.0265588585676,32.81644614250298,-54.08906271334081,-31.908219969144305,-22.180842744196504
2021-10-26 00:00:00+05:30,3252.1581460707635,3284.2655880623047,3234.0104614668485,3241.08349609375,3878763,0.0,0.0,3431.22529296875,3463.726328125,3395.354393724452,3388.9895760050454,32.201921287589784,-60.31178283955478,-30.50475207628662,-29.80703076326816
2021-10-27 00:00:00+05:30,3241.455901686412,3267.746780016197,3241.455901686412,3247.73779296875,2510813,0.0,0.0,3418.095556640625,3464.340244140625,3381.295669842957,3383.450290395779,33.133531143083225,-63.96899250009801,-27.329569389463877,-36.639423110634134
2021-10-28 00:00:00+05:30,3274.028622602029,3274.028622602029,3178.171616312089,3184.3603515625,2424942,0.0,0.0,3401.204797363281,3463.50919921875,3362.5399252448183,3375.642841814082,29.040558309183584,-71.16108664831472,-27.617330830144468,-43.543755818170254
2021-10-29 00:00:00+05:30,3164.258461638043,3220.981567463648,3151.136197942516,3162.117919921875,3960501,0.0,0.0,3383.9612548828127,3460.7452392578125,3343.4521152140615,3367.2693154653684,27.745196211134225,-77.75929072268445,-27.372427923611355,-50.3868627990731
2021-11-01 00:00:00+05:30,3199.529766967146,3245.1782183773485,3176.2635050057365,3235.313232421875,2020718,0.0,0.0,3372.4837036132812,3459.305869140625,3333.153173995758,3362.094567110722,37.60800835895231,-76.20373575847043,-20.653498367517862,-55.55023739095257
2021-11-02 00:00:00+05:30,3251.693419995945,3269.934263894087,3229.125141394085,3242.572998046875,3087414,0.0,0.0,3359.367431640625,3458.0312060546876,3324.526490572055,3357.4074467552773,38.50461219818292,-73.53745087045718,-14.38977078360368,-59.1476800868535
2021-11-03 00:00:00+05:30,3261.1851920426484,3275.796358354773,3225.680969014592,3250.06396484375,1537639,0.0,0.0,3343.839111328125,3455.4591943359374,3317.4348214550737,3353.1978984450216,39.47118346991141,-70.01287759980778,-8.692158010363428,-61.32071958944435
2021-11-04 00:00:00+05:30,3269.328747033845,3269.6079876358863,3261.9301207325925,3265.326904296875,328991,0.0,0.0,3330.1142822265624,3453.642001953125,3312.4721626781024,3349.7519771058783,41.489144518109754,-65.23603582056194,-3.132252984894066,-62.10378283566787
2021-11-08 00:00:00+05:30,3301.9481186099315,3301.9481186099315,3239.780617045366,3259.836181640625,2526082,0.0,0.0,3312.30654296875,3450.864140625,3307.4592121031046,3346.22586747979,40.96010553759243,-61.188071723126086,0.7325688900334342,-61.92064061315952
2021-11-09 00:00:00+05:30,3264.721596044723,3289.849156789651,3253.5537912692,3262.5810546875,1782692,0.0,0.0,3292.6505859375,3447.9024609375,3303.185101873047,3342.945678742837,41.36264181590972,-57.10032568608949,3.8562519416560264,-60.95657762774552
2021-11-10 00:00:00+05:30,3255.415638635164,3275.610710219653,3238.850013328261,3242.665771484375,1516489,0.0,0.0,3283.612060546875,3443.6452001953126,3297.421356121745,3339.013133360152,39.27057467417672,-54.835643255201376,4.896747498035317,-59.73239075323669
2021-11-11 00:00:00+05:30,3238.663633467941,3266.629725514948,3197.7150128148983,3246.294921875,1284514,0.0,0.0,3276.275988769531,3439.8106982421873,3292.552171907769,3335.377125066617,39.86744524607698,-52.146906923427196,6.068387063847602,-58.2152939872748
2021-11-12 00:00:00+05:30,3262.8606755758497,3289.058396448275,3243.9684248532144,3281.520263671875,1747259,0.0,0.0,3270.5920288085936,3435.0988427734374,3291.5015139805414,3333.265091286431,45.469594278922756,-46.63608159794558,9.263369911463386,-55.89945150940896
2021-11-15 00:00:00+05:30,3283.334868685353,3322.0500192452964,3283.334868685353,3306.88037109375,1809157,0.0,0.0,3267.8861694335938,3432.2224658203127,3292.9661670389423,3332.230396376914,49.14305836809276,-39.76398957882384,12.908369544468101,-52.67235912329194
2021-11-16 00:00:00+05:30,3321.4916681620543,3327.587474440752,3296.364104407396,3309.765380859375,2013204,0.0,0.0,3263.663366699219,3427.14107421875,3294.5660921646977,3331.3494153762267,49.559350898638684,-33.696577792467,15.180625064659964,-48.87720285712696
2021-11-17 00:00:00+05:30,3304.3678105414338,3315.768279353974,3263.232875997079,3277.657958984375,1632914,0.0,0.0,3258.4401000976563,3421.319072265625,3292.955793766572,3329.2438680667424,45.131704358559965,-31.12017682403939,14.205620826470053,-45.32579765050944
2021-11-18 00:00:00+05:30,3271.376228563952,3276.6811185292563,3212.233567181018,3234.662109375,2136598,0.0,0.0,3252.244287109375,3414.4523046875,3287.404014300708,3325.5347794905956,39.98057817577908,-32.17685151192745,10.519156910865597,-42.69600842279305
2021-11-22 00:00:00+05:30,3237.174533004475,3272.120503908389,3201.7168861051414,3218.5615234375,3167936,0.0,0.0,3248.7962158203127,3407.934169921875,3280.84758659945,3321.3397498414547,38.22133399103024,-33.9224200001654,7.018870738102123,-40.941290738267526
2021-11-23 00:00:00+05:30,3206.091080785546,3239.54792194863,3171.470926458171,3224.006103515625,2153461,0.0,0.0,3247.186181640625,3402.3005419921874,3275.4341120200384,3317.522744103187,39.1956925222908,-34.46912487787904,5.17773268831079,-39.64685756618983
2021-11-24 00:00:00+05:30,3231.4042504063486,3250.8084019918742,3186.546946887982,3204.508544921875,2161746,0.0,0.0,3244.875842285156,3395.9564990234376,3268.6792961059277,3313.0908147235277,36.94831793547356,-36.06000516985796,2.8694819170654995,-38.92948708692346
2021-11-25 00:00:00+05:30,3205.067409795957,3222.8429265815366,3195.9006379996254,3206.9287109375,1849619,0.0,0.0,3243.168103027344,3388.6585986328123,3262.798287994649,3308.927594967213,37.427904962908805,-36.70241944671625,1.7816541121657679,-38.48407355888202
2021-11-26 00:00:00+05:30,3187.4776973825037,3247.969974851076,3175.286085962699,3207.8125,1941251,0.0,0.0,3241.171838378906,3380.6250732421877,3257.561546280873,3304.9622971253616,37.6145181935466,-36.71697259372286,1.4136807721273286,-38.130653365850186
2021-11-29 00:00:00+05:30,3208.091910708162,3284.5915666881256,3170.214479259087,3259.13818359375,2981745,0.0,0.0,3244.9107299804687,3372.3427294921876,3257.7117022154325,3303.1652730652986,47.42160202428766,-32.21559106787299,4.732049838381755,-36.94764090625475
2021-11-30 00:00:00+05:30,3248.9008045990845,3316.605626579773,3248.9008045990845,3284.405029296875,5588446,0.0,0.0,3251.0250854492188,3365.5178076171874,3260.2539238422364,3302.4295772312425,51.466425748141766,-26.306149576227654,8.513193064021678,-34.81934264024933
2021-12-01 00:00:00+05:30,3289.849509736453,3341.0352871156624,3289.849509736453,3329.681396484375,2102118,0.0,0.0,3255.7434936523437,3361.0000634765624,3266.8660640938683,3303.4982760254834,57.74015004459824,-17.764670118229333,13.643738017616002,-31.408408135845335
2021-12-02 00:00:00+05:30,3340.2907153608467,3395.0130099767325,3326.238029194649,3390.2666015625,3152938,0.0,0.0,3263.128173828125,3357.77484375,3278.618496233738,3306.9009554583076,64.37611553991218,-6.037173612218339,20.2969876189016,-26.33416123111994
2021-12-03 00:00:00+05:30,3393.569986187827,3411.717668349047,3379.0519767845885,3387.986083984375,2486263,0.0,0.0,3270.024279785156,3353.7711328125,3289.034456971894,3310.080764420114,63.96892586979416,3.0379139701594795,23.497660161023536,-20.459746190864056
2021-12-06 00:00:00+05:30,3387.986322582344,3404.319283119599,3277.7508242611334,3291.152099609375,1849642,0.0,0.0,3271.315539550781,3347.8456103515623,3289.2361372230826,3309.338463839301,49.61773397291504,2.388756895439201,18.27880246904261,-15.890045573603407
2021-12-07 00:00:00+05:30,3315.442194215655,3348.4802848527515,3279.8913928311745,3335.91650390625,1484458,0.0,0.0,3275.1195556640623,3342.683486328125,3293.6818864310035,3310.3807399203574,54.67951289762312,5.423885377440911,17.051144760835456,-11.627259383394545
2021-12-08 00:00:00+05:30,3351.272463543151,3393.570483490856,3351.272463543151,3375.376220703125,1428660,0.0,0.0,3280.759313964844,3338.2724658203124,3301.4622992188247,3312.9295823039956,58.625569772554584,10.887808059359486,18.012053954203225,-7.124245894843739
2021-12-09 00:00:00+05:30,3359.64808095674,3382.6816792957093,3318.699461687461,3351.97021484375,1567957,0.0,0.0,3286.2245361328123,3334.031455078125,3306.272576897389,3314.460587501633,55.53665100416388,13.177435812144267,16.241345365590405,-3.0639095534461376
2021-12-10 00:00:00+05:30,3336.382101554792,3389.4291809937386,3327.1687523255514,3384.58984375,1510718,0.0,0.0,3293.1392822265625,3331.5166015625,3313.7313642166855,3317.2107544133337,58.79505646017637,17.42326914018531,16.38974295490516,1.0335261852801523
2021-12-13 00:00:00+05:30,3396.8745954549186,3408.042402344085,3351.9241272840995,3359.32275390625,1883864,0.0,0.0,3297.029406738281,3328.2595458984374,3318.0734013299775,3318.86220537384,55.40789795905148,18.53561265307826,14.001669174238486,4.533943478839774
2021-12-14 00:00:00+05:30,3354.9951795735187,3382.914695630996,3328.6577239840444,3372.491455078125,1747007,0.0,0.0,3300.3099609375,3325.569599609375,3323.2560731155154,3320.965313205381,56.80460262223922,20.24636948568741,12.569940805478108,7.676428680209302
2021-12-15 00:00:00+05:30,3368.95524759928,3371.747199461932,3311.394415813769,3322.74853515625,1603233,0.0,0.0,3300.959118652344,3322.72728515625,3323.207736167014,3321.035243477964,50.384832559404494,17.38788200196177,7.769162657401974,9.618719344559796
2021-12-16 00:00:00+05:30,3333.58994273711,3358.2056019253987,3322.422137233803,3333.2177734375,2072320,0.0,0.0,3303.737109375,3319.293671875,3324.1610730499174,3321.512989750887,51.62401224661185,15.785326690971942,4.933285877129716,10.852040813842226
2021-12-17 00:00:00+05:30,3352.668314738728,3398.1306810354668,3325.865535788281,3335.777099609375,4333992,0.0,0.0,3308.792858886719,3314.7966064453126,3325.267361293675,3322.0723666080826,51.94002065675343,14.554036421816818,2.9615964863796727,11.592439935437145
2021-12-20 00:00:00+05:30,3340.10443884445,3355.9254963703224,3266.7225605538515,3310.23046875,2312310,0.0,0.0,3313.3763061523437,3310.20474609375,3323.8352762895156,3321.607978456785,48.532092064559855,11.3855844737609,-0.16548436934099797,11.551068843101898
2021-12-21 00:00:00+05:30,3334.194598639843,3388.6842255568145,3319.071529485793,3358.06591796875,2340989,0.0,0.0,3320.079296875,3305.0462451171875,3327.0953374018236,3323.0377015749013,54.54605635300452,12.589362121950671,0.8306346230790176,11.758727498871654
2021-12-22 00:00:00+05:30,3372.677337778868,3384.589709358636,3356.158291767396,3378.959228515625,1224328,0.0,0.0,3328.8018310546877,3299.51142578125,3332.034755603138,3325.2307026314,56.914161412244866,15.055727079434746,2.637599664450473,12.418127414984273
2021-12-23 00:00:00+05:30,3395.012843195488,3415.952478330328,3378.261135087615,3408.693359375,1792861,0.0,0.0,3338.8900634765623,3299.2165673828126,3339.3355750099818,3328.503747993894,60.10007605972985,19.188442518331158,5.416252082677506,13.772190435653652
2021-12-24 00:00:00+05:30,3429.4474596511864,3448.060471643866,3392.0353509878246,3416.3251953125,2209923,0.0,0.0,3349.3156982421874,3299.682744140625,3346.6679198006977,3331.947726320114,60.899253284031296,22.816460700306834,7.235416211722544,15.58104448858429
2021-12-27 00:00:00+05:30,3416.417683242195,3443.406545354432,3399.7591316498506,3439.777099609375,1534135,0.0,0.0,3358.3476440429686,3300.574296875,3355.535460734857,3336.1763291942025,63.32987404581181,27.269715622114745,9.350936906824366,17.91877871529038
2021-12-28 00:00:00+05:30,3452.713384357256,3466.6731419759503,3437.683469538299,3449.502685546875,1456218,0.0,0.0,3366.6025268554686,3302.3443994140625,3364.4847202407636,3340.620500031562,64.3204191184902,31.22379723823633,10.644014818356759,20.57978241987957
2021-12-29 00:00:00+05:30,3436.1943169457727,3461.973290416278,3429.4471008044343,3438.474365234375,1456923,0.0,0.0,3372.0421752929688,3303.2294580078124,3371.531353097298,3344.457906510104,62.266448554352586,33.086145633479646,10.00509057088006,23.081055062599585
2021-12-30 00:00:00+05:30,3426.0506502184376,3480.6332165948274,3424.794181034483,3474.816650390625,1966475,0.0,0.0,3376.269677734375,3305.0833251953127,3381.368048077615,3349.5700141132615,66.10739175582354,37.06730007944225,11.188996013474128,25.87830406596812
2021-12-31 00:00:00+05:30,3483.23876142168,3499.2459046927165,3472.5362805961568,3479.097412109375,1207141,0.0,0.0,3380.825244140625,3307.4937060546877,3390.6756065568306,3354.649519917031,66.53944458565896,40.10550406931998,11.381760002681485,28.723744066638492
2022-01-03 00:00:00+05:30,3489.938915443283,3564.3909456394063,3485.285663556025,3552.990478515625,2346158,0.0,0.0,3393.9171630859373,3312.803056640625,3406.1341657910016,3362.427596724819,72.94965146397168,47.92342412719472,15.35974404844498,32.56368007874974
2022-01-04 00:00:00+05:30,3565.415174636059,3619.439253684291,3547.360418847279,3615.344482421875,2488606,0.0,0.0,3407.888562011719,3319.985810546875,3426.0589578510844,3372.3459059678407,76.9606654109372,58.4765478559184,20.730294221734923,37.746253634183475
2022-01-05 00:00:00+05:30,3596.9642483953444,3601.61750098059,3548.011940314714,3593.195068359375,1733031,0.0,0.0,3418.779504394531,3326.8354052734376,3441.9766826613977,3381.0066574341754,72.82951232934914,64.31136050613259,21.252085497559285,43.0592750085733
2022-01-06 00:00:00+05:30,3547.640023173626,3569.044986587318,3510.4139998454666,3543.405517578125,1810293,0.0,0.0,3428.35126953125,3332.881845703125,3451.6365717010863,3387.3752401849183,64.45397241798408,64.17808590473487,16.895048716929253,47.28303718780562
2022-01-07 00:00:00+05:30,3555.0846848339984,3596.8707987535813,3533.121243541244,3586.261474609375,2460591,0.0,0.0,3438.434851074219,3339.6523193359376,3464.4579910256853,3395.1747003584264,67.87820239752007,66.76100310664833,15.582372735074173,51.17863037157416
2022-01-10 00:00:00+05:30,3702.127428962716,3702.127428962716,3593.241328110871,3610.7841796875,3937092,0.0,0.0,3451.007922363281,3348.1807958984373,3478.393818517287,3403.629974057606,69.67818734143975,69.98007421857756,15.04115507760271,54.938919140974846
2022-01-11 00:00:00+05:30,3588.5883540448763,3652.803239010928,3588.5883540448763,3644.334228515625,1906106,0.0,0.0,3464.600061035156,3357.8251220703123,3494.1976670885574,3413.0693565853717,71.99068343606511,74.3810019282464,15.553666229817239,58.82733569842917
2022-01-12 00:00:00+05:30,3652.802963602496,3656.5255653488425,3570.486977928325,3592.217529296875,3203744,0.0,0.0,3478.0735107421874,3364.9632080078127,3503.532892060778,3420.094775123078,63.84510579338394,72.82391798044273,11.197265825610849,61.62665215483188
2022-01-13 00:00:00+05:30,3646.287949402842,3650.9412009972816,3589.5182799506792,3627.581787109375,6684507,0.0,0.0,3492.791711425781,3372.6633837890627,3515.347072541597,3428.231520691168,66.60621490051692,73.59515861059162,9.574805164607795,64.02035344598383
2022-01-14 00:00:00+05:30,3608.923373501257,3701.1972858592912,3592.357748052221,3692.9609375,3348123,0.0,0.0,3510.6509033203124,3381.5213232421875,3532.2626787281115,3438.613066448377,71.01350453997199,78.5761465017199,11.64463444458886,66.93151205713104
2022-01-17 00:00:00+05:30,3715.808168092432,3762.6199332079486,3687.516484064193,3740.423828125,3442604,0.0,0.0,3532.1605712890623,3391.02326171875,3552.087550099244,3450.4487825925585,73.72465696189307,85.369388728368,14.750301336989565,70.61908739137843
2022-01-18 00:00:00+05:30,3754.198060642086,3761.4106030191983,3703.989504633019,3713.8544921875,2389041,0.0,0.0,3549.95,3400.1036279296877,3567.4939255362206,3460.7784182629484,69.78952187907187,87.5993677915153,13.584224320109499,74.0151434714058
2022-01-19 00:00:00+05:30,3740.330873497902,3740.330873497902,3645.703858627504,3649.57275390625,3102539,7.0,0.0,3563.480676269531,3407.8434619140626,3575.3109568095565,3468.1821176999406,61.26877476994059,83.22033103745389,7.364150052838468,75.85618098461542
2022-01-20 00:00:00+05:30,3645.2381844086494,3654.561044215321,3552.941872322599,3567.43896484375,6176776,0.0,0.0,3571.4179565429686,3414.33892578125,3574.5612432890034,3472.0745430781294,52.456193151467836,72.28909877173692,-2.853665770302797,75.14276454203971
2022-01-21 00:00:00+05:30,3549.212392599778,3590.7457746306964,3515.743420103965,3573.91796875,3112358,0.0,0.0,3579.2975952148436,3420.89138671875,3574.4999790471934,3476.068402908399,53.03011730049056,63.41777923104155,-9.37998824879854,72.79776747984009
2022-01-24 00:00:00+05:30,3579.977650680209,3588.9741180556966,3486.842385655272,3515.976318359375,3258414,0.0,0.0,3583.107556152344,3425.5805078125,3568.926297076925,3477.6334192005943,47.50698646195237,51.12247951151721,-17.340230374658304,68.46270988617552
2022-01-25 00:00:00+05:30,3514.2516884035304,3551.4498046467083,3470.154519957899,3514.62451171875,3330501,0.0,0.0,3586.3636474609375,3429.735390625,3563.7546984713845,3479.0840502797378,47.38299446783638,40.79898114441539,-22.130982993408104,62.9299641378235
2022-01-27 00:00:00+05:30,3478.3586586846827,3480.5960537791293,3379.6296738893875,3402.144287109375,5718297,0.0,0.0,3584.5471435546874,3431.58296875,3548.3632307226217,3476.0668046652136,38.40180123662215,23.273043068651532,-31.725536855337573,54.998579923989105
2022-01-28 00:00:00+05:30,3399.1141598649506,3477.239758485097,3399.1141598649506,3440.181396484375,3143862,0.0,0.0,3582.815380859375,3434.8334375,3538.0601988904077,3474.659533756161,42.37926596688961,12.310974462925515,-34.15008436885088,46.46105883177639
2022-01-31 00:00:00+05:30,3495.139329037199,3503.5299009127216,3469.408150908731,3483.252685546875,2739393,0.0,0.0,3583.02314453125,3439.8052490234377,3532.8404357148333,3474.996520100895,46.58522264164907,7.018049475244425,-31.554407485225575,38.57245696047
2022-02-01 00:00:00+05:30,3514.7177651694283,3550.1446285849293,3483.392868579548,3543.292236328125,2105169,0.0,0.0,3582.538232421875,3446.29986328125,3533.835845297052,3477.674783482355,51.86024310573423,7.5806729862461,-24.793427179379123,32.37410016562522
2022-02-02 00:00:00+05:30,3568.6965895885296,3602.3521967559977,3543.291802486666,3595.080322265625,1984212,0.0,0.0,3581.5250244140625,3453.72134765625,3539.6686526273925,3482.2789222581696,55.90531359297976,12.06632876923868,-16.246217117109236,28.312545886347916
2022-02-03 00:00:00+05:30,3590.232861227704,3619.599865935228,3557.64951581208,3565.62060546875,1960538,0.0,0.0,3580.1463012695312,3460.9435888671874,3542.1402671837122,3485.5472235605457,53.16841140734942,13.093160549676213,-12.175508269337364,25.268668819013577
2022-02-04 00:00:00+05:30,3556.950199337599,3565.7135951616374,3513.785319563825,3556.5771484375,2307366,0.0,0.0,3580.8048828125,3467.9365576171876,3543.5152082555014,3488.3327108106223,52.32161707662938,13.027033200806272,-9.793308494565846,22.820341695372118
2022-02-07 00:00:00+05:30,3534.295584265534,3572.332891680744,3501.805332021349,3523.108154296875,1919149,0.0,0.0,3577.647216796875,3474.242470703125,3541.571679307061,3489.696453692436,49.19863037774427,10.156876535051651,-10.130772128256371,20.287648663308023
2022-02-08 00:00:00+05:30,3534.808124056206,3542.406161967866,3469.035318069563,3489.965087890625,2946443,0.0,0.0,3571.6062622070312,3478.8590087890625,3536.656765838829,3489.7069883668746,46.254368457831575,5.148539074659311,-12.11128767091897,17.25982674557828
2022-02-09 00:00:00+05:30,3496.072296734454,3522.1296433976736,3492.4364725894,3505.907958984375,1638721,0.0,0.0,3564.684948730469,3483.2890673828124,3533.7283080431666,3490.342320547953,47.8704596227206,2.437751133686106,-11.85766048951374,14.295411623199847
2022-02-10 00:00:00+05:30,3533.176613655864,3533.176613655864,3503.529881009009,3515.043701171875,2112459,0.0,0.0,3560.8262573242187,3486.9963134765626,3531.948821674472,3491.311002141048,48.820153522317696,1.0149109426538416,-10.624400544436805,11.639311487090646
2022-02-11 00:00:00+05:30,3498.402855162521,3498.402855162521,3440.134986155817,3444.749755859375,3851488,0.0,0.0,3551.6846557617187,3488.0859765625,3523.644148739701,3489.4850709143157,42.41694165719242,-5.718910040407536,-13.886577221998547,8.16766718159101
2022-02-14 00:00:00+05:30,3471.8325760587545,3536.3933724851963,3458.78057389312,3480.92236328125,5951745,0.0,0.0,3541.082727050781,3489.9447021484375,3519.5754072674677,3489.149278458117,46.318766727844746,-8.04395882208155,-12.969300802938047,4.925341980856499
2022-02-15 00:00:00+05:30,3529.6337857418885,3575.3157866667043,3494.206927881827,3559.280517578125,3931683,0.0,0.0,3532.0255615234373,3495.3072705078125,3523.356846344673,3491.89952312949,53.646135955927825,-3.5231162561549354,-6.758766589609148,3.2356503334542124
2022-02-16 00:00:00+05:30,3583.706956986407,3593.123135507985,3548.280093207665,3554.8994140625,3256906,0.0,0.0,3524.0778076171873,3499.6869287109375,3526.3609004130376,3494.3701070876473,53.20882210104241,-0.2904858509787118,-2.8209089475463394,2.5304230965676275
2022-02-17 00:00:00+05:30,3565.993609518091,3575.316468627942,3523.1084576127755,3527.956298828125,3134372,0.0,0.0,3517.9969848632813,3502.7385302734374,3526.512843119236,3495.6872126460976,50.4832893044215,0.0962038306879549,-1.9473754127037384,2.0435792433916933
2022-02-18 00:00:00+05:30,3513.785440482106,3557.55621651264,3503.1574726183794,3536.999267578125,3688883,0.0,0.0,3516.475,3506.439111328125,3527.5115502105587,3497.3072932316677,51.38340881765869,1.1194459165440094,-0.7393066614781472,1.8587525780221565
2022-02-21 00:00:00+05:30,3552.0091354832816,3568.6038693545543,3454.63192268452,3467.5439453125,7465922,0.0,0.0,3511.156298828125,3508.098193359375,3521.800349744077,3496.140103117191,44.66730604305757,-3.632221415345157,-4.392779194693851,0.760557779348694
2022-02-22 00:00:00+05:30,3402.843522900846,3419.531349407965,3328.260651166033,3343.550048828125,5408531,0.0,0.0,3502.5349853515627,3507.7827392578124,3504.824130609224,3490.1561794195804,35.69702739306423,-17.204895865974777,-14.372362916258776,-2.8325329497160006
2022-02-23 00:00:00+05:30,3366.48406944423,3377.5781795711137,3314.8819586710515,3322.480224609375,2426203,0.0,0.0,3492.927770996094,3506.7825146484374,3487.458044323524,3483.5806517799647,34.431652176452104,-29.32347412404897,-21.192752939466374,-8.130721184582596
2022-02-24 00:00:00+05:30,3238.760531962675,3247.9436371800152,3161.474138233689,3171.3095703125,5039136,0.0,0.0,3481.38603515625,3503.7537353515627,3457.3486658462834,3471.334727016535,27.02871673197424,-50.543113567885484,-33.92991390664231,-16.613199661243176
2022-02-25 00:00:00+05:30,3233.167379608837,3290.969103235062,3227.5736644192025,3282.345458984375,2549723,0.0,0.0,3473.49423828125,3502.7362890625,3440.681693764197,3463.9233831721367,37.635091167815006,-57.734633539312654,-32.89714710245558,-24.837486436857073
2022-02-28 00:00:00+05:30,3253.677568276363,3322.433648694811,3221.886530219007,3313.5302734375,3288942,0.0,0.0,3465.0081176757812,3502.2913525390627,3428.5720346854637,3458.025614162935,40.26133450000963,-60.22339323531742,-28.30872543876827,-31.914667796549146
2022-03-02 00:00:00+05:30,3311.9454968423474,3330.0784111836547,3268.5942046247064,3306.025390625,2761341,0.0,0.0,3453.144775390625,3502.2072509765626,3416.900925727324,3452.0648210830163,39.826670070443505,-62.085649822810865,-24.136785621009373,-37.94886420180149
2022-03-03 00:00:00+05:30,3321.594163624597,3336.277663250782,3291.0618072590387,3304.393310546875,1928039,0.0,0.0,3438.6104248046877,3501.133798828125,3406.1859147577575,3446.2737814541483,39.72622572953195,-62.9673484110067,-20.014787367364164,-42.95256104364253
2022-03-04 00:00:00+05:30,3264.398837870291,3320.056256469857,3250.927353131536,3285.70166015625,2370257,0.0,0.0,3424.6144775390626,3499.2686474609377,3394.7112238433283,3439.9768355208976,38.52778546141673,-64.4316331091477,-17.18325765240413,-47.24837545674357
2022-03-07 00:00:00+05:30,3216.385924906212,3307.7499308890547,3199.185297873045,3248.922607421875,3054130,0.0,0.0,3409.2317504882812,3496.073232421875,3380.826593707952,3432.4845128503475,36.212847602030216,-67.7785426137475,-16.42413372560314,-51.35440888814436
2022-03-08 00:00:00+05:30,3225.7090149161822,3364.61960544292,3225.7090149161822,3356.182373046875,3300992,0.0,0.0,3400.885461425781,3494.8703759765626,3378.4795250735633,3429.492272073741,46.339011389692054,-61.072025536283945,-7.774093318511667,-53.29793221777228
2022-03-09 00:00:00+05:30,3360.8906444798854,3406.572653239806,3353.479017151834,3386.621826171875,2719654,0.0,0.0,3395.718298339844,3493.8072705078125,3379.254982321022,3427.811078116805,48.822027268794635,-52.69343583272894,0.4835971080346724,-53.17703294076361
2022-03-10 00:00:00+05:30,3434.5409196737924,3434.5409196737924,3370.21319886557,3375.76025390625,2005441,0.0,0.0,3389.2109130859376,3492.332421875,3378.9221510434245,3425.769869324234,47.96907890494748,-46.394968914292804,5.4256512211766506,-51.820620135469454
2022-03-11 00:00:00+05:30,3359.258742044393,3393.380492689349,3349.563060960746,3355.436279296875,1623423,0.0,0.0,3381.2305419921877,3490.67166015625,3376.685401353277,3423.0116893231616,46.33774646842952,-42.55284074003521,7.4142235163474055,-49.96706425638261
2022-03-14 00:00:00+05:30,3337.583373721864,3401.305203199452,3337.583373721864,3396.3173828125,1765688,0.0,0.0,3378.8089233398437,3489.1016748046877,3378.555113873203,3421.964853773724,50.01970235086662,-35.79652304966885,11.336432965371017,-47.132956015039866
2022-03-15 00:00:00+05:30,3411.233891466756,3411.233891466756,3342.617562540748,3350.5419921875,3651133,0.0,0.0,3372.289904785156,3486.53056640625,3375.8871975221837,3419.1639572409313,46.19743005748238,-33.746772281721405,10.708946986654766,-44.45571926837617
2022-03-16 00:00:00+05:30,3393.986395832774,3419.6242548865857,3371.378465576231,3408.343505859375,3090475,0.0,0.0,3364.743054199219,3483.637626953125,3378.978274506678,3418.739625814204,51.26197343887173,-27.145316631792866,13.848322109266647,-40.99363874105951
2022-03-17 00:00:00+05:30,3446.287842153911,3458.780381058131,3412.4458214751585,3424.052734375,3600452,0.0,0.0,3358.200720214844,3479.8117919921874,3383.271080208423,3418.947983012667,52.568752453202116,-20.41072982639389,16.4663271317325,-36.87705695812639
2022-03-21 00:00:00+05:30,3445.7285495763267,3462.463035295058,3370.2133946748977,3381.12109375,2413831,0.0,0.0,3350.8589599609377,3475.5703125,3383.0663195933353,3417.4645755906017,48.723868101115556,-18.326489503629546,14.840453963597476,-33.16694346722702
2022-03-22 00:00:00+05:30,3393.52024471652,3459.7125352041226,3379.535957993787,3450.343017578125,2907611,0.0,0.0,3346.5261474609374,3473.7090625,3389.473624163315,3418.7539262567793,54.502133745435785,-10.962711970973487,17.763385197002826,-28.726097167976313
2022-03-23 00:00:00+05:30,3456.915855659513,3477.2397322636384,3440.134710729127,3461.017822265625,1596195,0.0,0.0,3346.199841308594,3471.204189453125,3396.287357315916,3420.4113339434007,55.33797086492717,-4.2168880375998015,19.607367304301214,-23.824255341901015
2022-03-24 00:00:00+05:30,3449.457107204676,3503.716089693538,3444.7956786814266,3495.931640625,1879046,0.0,0.0,3353.8189208984377,3468.907138671875,3405.777289059638,3423.3729145975813,58.05229039292153,3.9015052612339787,22.180608482507996,-18.279103221274017
2022-03-25 00:00:00+05:30,3505.301422734377,3523.5743161583105,3423.3535888168585,3456.403076171875,1690133,0.0,0.0,3360.5150634765623,3465.148515625,3410.5987925941367,3424.6682150514753,54.047356468556764,7.064332416352954,20.274748510101578,-13.210416093748623
2022-03-28 00:00:00+05:30,3444.7957589842035,3461.5769020590924,3413.284455910703,3456.6357421875,1760990,0.0,0.0,3374.7813720703125,3462.4368798828127,3414.9832639839806,3425.9218435666135,54.06744291971852,9.480385938945346,18.152641626155177,-8.67225568720983
2022-03-29 00:00:00+05:30,3444.5632353258998,3469.968025409837,3441.0671632959998,3454.445556640625,2689063,0.0,0.0,3383.386376953125,3458.9741552734376,3418.7415775703275,3427.040420549908,53.82891403880063,11.09055112311762,15.810245448261961,-4.71969432514434
2022-03-30 00:00:00+05:30,3484.884291588518,3484.884291588518,3455.237557871857,3478.87109375,1583455,0.0,0.0,3391.65341796875,3454.6923583984376,3424.4681981588674,3429.0729959695195,56.152190740437355,14.174164400090831,15.115086980188137,-0.9409225800973062
2022-03-31 00:00:00+05:30,3486.749052392039,3500.4069489467734,3468.289747181135,3486.702392578125,2168110,0.0,0.0,3400.6872680664064,3449.6179296875,3430.395264294035,3431.332972307112,56.90100202071539,17.05329078400655,14.395370691283084,2.6579200927234647
2022-04-01 00:00:00+05:30,3494.2074191469906,3508.191707110492,3475.6083616773035,3504.2294921875,1387014,0.0,0.0,3410.6790771484375,3445.4254296875,3437.427095521984,3434.1916593612445,58.60486521353636,20.512850275469646,14.283944146196944,6.228906129272701
2022-04-04 00:00:00+05:30,3507.259024043611,3524.0401676993224,3484.045199696742,3515.043701171875,1472994,0.0,0.0,3422.1461791992188,3442.7348486328124,3444.819153202926,3437.362327667544,59.66442433408983,23.852238624794154,14.09866599641716,9.753572628376993
2022-04-05 00:00:00+05:30,3516.582009278342,3575.8754767243427,3516.582009278342,3556.48388671875,2314947,0.0,0.0,3437.5242431640627,3442.5157470703125,3455.4538897282428,3442.0337613558268,63.51801812051547,29.502517932137835,15.799156243008671,13.703361689129164
2022-04-06 00:00:00+05:30,3551.3570866481286,3551.3570866481286,3478.498799565898,3501.060302734375,2051729,0.0,0.0,3444.7681396484377,3441.05859375,3459.7973576335885,3444.3485276843976,55.834845503840434,29.17190934589462,12.374838125412364,16.797071220482255
2022-04-07 00:00:00+05:30,3491.87599294062,3491.87599294062,3429.8789956023343,3434.68017578125,2494829,0.0,0.0,3447.1710571289063,3439.4326708984377,3457.405245076223,3443.969376629372,48.299330807468046,23.28516133082894,5.19047208827735,18.094689242551592
2022-04-08 00:00:00+05:30,3440.1348803047504,3454.1191684360706,3395.8513012222365,3436.079345703125,2296773,0.0,0.0,3450.18701171875,3437.861767578125,3455.3742070406897,3443.659963651872,48.45723453562934,18.519293548339192,0.3396834446300794,18.179610103709113
2022-04-11 00:00:00+05:30,3440.1342925383874,3460.970969337533,3408.529897804936,3446.100830078125,2291660,0.0,0.0,3454.7202392578124,3438.7408984375,3454.4910282823503,3443.7556839038825,49.643543088568464,15.373740124185133,-2.2446959836191844,17.618436107804317
2022-04-12 00:00:00+05:30,3433.608550338765,3485.816554362379,3401.3049388926875,3441.16015625,4483476,0.0,0.0,3456.9623779296876,3438.7604736328126,3453.2214214221262,3443.653898505691,49.04422602382935,12.339948046331756,-4.222790449178049,16.562738495509805
2022-04-13 00:00:00+05:30,3455.983901165831,3458.641007078092,3408.017836162926,3413.984375,1621672,0.0,0.0,3460.1344970703126,3437.375107421875,3449.484559858114,3442.4903877799775,45.77107865672687,7.654550642927006,-7.1265502820662405,14.781100924993247
2022-04-18 00:00:00+05:30,3365.551402947901,3365.551402947901,3283.976403568969,3289.150634765625,3820792,0.0,0.0,3454.174853515625,3432.292275390625,3434.214662230258,3436.4770641323557,34.41044430118849,-6.061823189182633,-16.674339291340704,10.612516102158072
2022-04-19 00:00:00+05:30,3309.6145905512885,3322.2471086651603,3206.270618560539,3236.802978515625,3170014,0.0,0.0,3444.812365722656,3425.126728515625,3415.4135494955312,3428.6467078336605,30.942179283788928,-20.915070727853617,-25.22206946400935,4.306998736155734
2022-04-20 00:00:00+05:30,3263.0002238367542,3327.467694358453,3244.354508271973,3315.9541015625,2640370,0.0,0.0,3441.5540161132812,3420.1333984375,3405.941221120957,3424.2273899406737,40.67818746443833,-25.999832394265468,-24.245464904336963,-1.7543674899285069
2022-04-21 00:00:00+05:30,3337.583349200529,3397.2496437113764,3325.8364564251656,3382.93896484375,2280996,0.0,0.0,3438.1838134765626,3416.660634765625,3403.750530046937,3422.6082360153046,47.43261727427255,-24.343803781192037,-18.071549033010825,-6.272254748181213
2022-04-22 00:00:00+05:30,3338.6088555739275,3372.0778256140347,3329.658820619443,3367.92919921875,1581465,0.0,0.0,3433.5293823242187,3413.5570556640623,3400.338974729967,3420.4639600624987,46.1642018029525,-23.96628342159056,-14.155222938727476,-9.811060482863084
2022-04-25 00:00:00+05:30,3317.0727252422985,3341.312154937717,3293.8589009236784,3307.936279296875,1960694,0.0,0.0,3424.1296142578126,3409.9164794921876,3391.5387180220537,3416.051109836396,41.39896292987861,-28.183145316848822,-14.69766786718859,-13.485477449660232
2022-04-26 00:00:00+05:30,3333.061838949925,3344.9484841556973,3279.9215427358845,3306.16552734375,1943469,0.0,0.0,3416.6177368164062,3405.921630859375,3383.4079379574537,3411.7418713072725,41.26357230853636,-31.307035614900997,-14.25724653219261,-17.049789082708386
2022-04-27 00:00:00+05:30,3305.885210577462,3326.814979770155,3268.8735124839063,3320.055908203125,1727648,0.0,0.0,3409.7887451171873,3402.021875,3377.3744113141843,3408.146343342404,42.842681187247884,-32.28968810903825,-12.191919221063891,-20.09776888797436
2022-04-28 00:00:00+05:30,3345.0412085638504,3360.33060353494,3298.473581742314,3341.591796875,1703660,0.0,0.0,3404.1460571289062,3399.9587158203126,3373.966543272357,3405.5363611279963,45.29817957044028,-30.973636259007435,-8.700693896826458,-22.272942362180977
2022-04-29 00:00:00+05:30,3353.432108399072,3377.9046112752126,3297.355207137855,3306.5380859375,2051115,0.0,0.0,3395.529406738281,3396.4710302734375,3367.544785430942,3401.654075826408,42.12589029146365,-32.38587301813959,-8.090344524766891,-24.2955284933727
2022-05-02 00:00:00+05:30,3281.552622705298,3307.7032843299808,3256.2411548470777,3302.529052734375,1324161,0.0,0.0,3386.3207397460938,3391.3360009765624,3361.3528108884116,3397.7668200188773,41.76564232760906,-33.44306545795871,-7.318029571668809,-26.1250358862899
2022-05-04 00:00:00+05:30,3298.893373954329,3305.3727148813336,3230.650097454491,3244.12158203125,2305825,0.0,0.0,3373.3153442382813,3385.1204443359375,3350.1879319496343,3391.741516568382,36.82474709269042,-38.54951799016908,-9.939585683103342,-28.609932307065737
2022-05-05 00:00:00+05:30,3274.2813744891914,3293.766058601256,3249.342726861797,3275.4931640625,1612262,0.0,0.0,3361.3378173828123,3380.071181640625,3343.0741445318117,3387.182757646583,40.870883970798964,-39.6084127979243,-8.798784392686848,-30.809628405237454
2022-05-06 00:00:00+05:30,3224.7768065701607,3239.227237475578,3192.612944232297,3200.16455078125,2010812,0.0,0.0,3343.5218505859375,3373.3344873046876,3329.4637070317585,3379.8487103185307,35.063769122783015,-45.995773461217595,-12.148916044784109,-33.84685741643349
2022-05-09 00:00:00+05:30,3167.9071192739348,3221.9796951767858,3120.2207920859028,3211.81787109375,2481830,0.0,0.0,3329.0597290039063,3368.2199658203126,3318.259341704329,3373.2592656430493,36.56534526529765,-49.54633790512344,-12.559584390951962,-36.986753514171475
2022-05-10 00:00:00+05:30,3201.46959145538,3230.184041000686,3190.28216131634,3205.89794921875,1622685,0.0,0.0,3317.6206176757814,3365.466923828125,3307.5582567057027,3366.696076763665,36.10855029878174,-52.23573301325314,-12.199183599265332,-40.03654941398781
2022-05-11 00:00:00+05:30,3202.4015566612325,3214.940754498155,3153.130163646946,3180.958984375,1841769,0.0,0.0,3304.864599609375,3362.6364990234374,3295.501183150398,3359.4122692190117,34.171829599720276,-55.736963036922134,-12.560330898347459,-43.176632138574675
2022-05-12 00:00:00+05:30,3149.262194282555,3216.1070567921734,3123.2515052134763,3177.836669921875,2807195,0.0,0.0,3291.4513916015626,3362.767041015625,3284.2950390333963,3352.291657481869,33.92648376353165,-58.093986424525156,-11.933883428760382,-46.160102995764774
2022-05-13 00:00:00+05:30,3202.4018783293286,3206.9699879273653,3153.130480365933,3183.662841796875,2187823,0.0,0.0,3278.576525878906,3360.793388671875,3274.7110202489657,3345.6787627491244,34.86622449099156,-58.813851590886316,-10.122998876097228,-48.69085271478909
2022-05-16 00:00:00+05:30,3183.75609529148,3197.74038267929,3138.6335523636826,3148.142822265625,1195813,0.0,0.0,3265.2844482421874,3357.4856396484374,3262.6569061553146,3337.932255279183,31.88846993177509,-61.541111024677775,-10.280206647910951,-51.260904376766824
2022-05-17 00:00:00+05:30,3141.8030749438703,3232.2347954986344,3123.5301826336013,3217.877685546875,1754076,0.0,0.0,3261.72080078125,3355.722685546875,3258.39221847832,3333.22423293674,42.30622970153271,-57.41363446718151,-4.922184072331746,-52.491450394849764
2022-05-18 00:00:00+05:30,3230.370073235816,3258.3386452984632,3209.906446865076,3215.26708984375,1866781,0.0,0.0,3260.644006347656,3353.9401611328126,3254.2850633702656,3328.598462619368,42.046953541792966,-53.73382275352742,-0.993897886942122,-52.7399248665853
2022-05-19 00:00:00+05:30,3166.9750754942743,3174.4333623956445,3011.2833364281737,3041.06982421875,4642963,0.0,0.0,3246.899792480469,3349.0475244140625,3233.97885011774,3317.3228297409123,29.19121909008605,-64.1345063011945,-9.115665147687366,-55.01884115350714
2022-05-20 00:00:00+05:30,3085.865702786925,3089.501526015564,3048.620934161758,3070.016845703125,3065125,0.0,0.0,3231.2536865234374,3345.4694091796873,3218.3634211258723,3307.6245558570777,32.86456156600258,-69.24314832068421,-11.379445733741655,-57.86370258694256
2022-05-23 00:00:00+05:30,3081.018113934501,3112.808922701104,3045.7776656694514,3096.8203125,2293690,0.0,0.0,3217.6982421875,3340.28216796875,3206.787886971027,3299.357722784251,36.16668622025957,-70.31838163055454,-9.963743234889584,-60.354638395664956
2022-05-24 00:00:00+05:30,3090.667427494216,3099.7107825688927,3053.7957032246745,3065.35595703125,1711510,0.0,0.0,3205.569226074219,3333.8568505859375,3193.318179357715,3290.1811829508,34.049473068900866,-72.86942888644353,-10.01183239262285,-62.85759649382068
2022-05-25 00:00:00+05:30,3090.5564725163567,3090.5564725163567,2960.283494224185,2973.0478515625,3548046,22.0,0.0,3188.9133422851564,3325.8026025390627,3172.340052901028,3277.7445817198864,28.734870531454018,-81.40130134498713,-14.83496388093316,-66.56633746405397
2022-05-26 00:00:00+05:30,2994.9634396202578,3042.361012074292,2985.1554729309496,3028.704833984375,2813186,0.0,0.0,3174.3457885742187,3319.2679736328123,3158.6605082422993,3267.9783171028075,35.29294757292494,-82.71829340455133,-12.921564752397884,-69.79672865215345
2022-05-27 00:00:00+05:30,3053.3423492470056,3077.463445541256,3030.816769054638,3060.94482421875,3103153,0.0,0.0,3160.313439941406,3312.5605224609376,3149.354252621009,3259.8593565975502,38.805874356413625,-80.23561510312538,-8.35110916077754,-71.88450594234784
2022-05-30 00:00:00+05:30,3094.451273140647,3178.5468558721936,3084.455639574848,3167.89404296875,2094624,0.0,0.0,3153.381237792969,3308.9075634765627,3151.1199469398416,3256.2528737101466,48.746398173204255,-68.84456918202932,2.431949408254823,-71.27651859028414
2022-05-31 00:00:00+05:30,3148.0905076576546,3175.543558364972,3120.731405190772,3157.6640625,4840965,0.0,0.0,3146.13798828125,3303.893974609375,3151.7431960408094,3252.3866458195525,47.94413493024111,-59.95147387745783,9.060035770261052,-69.01150964771888
2022-06-01 00:00:00+05:30,3179.8606852891808,3179.8606852891808,3134.8565044766124,3149.07568359375,1493835,0.0,0.0,3141.385693359375,3298.39443359375,3151.489147236328,3248.3352355361876,47.241198031051105,-52.98585423389113,12.820524331062202,-65.80637856495333
2022-06-02 00:00:00+05:30,3148.887980464185,3221.15754067156,3140.722504554873,3212.71044921875,2657939,0.0,0.0,3138.2465576171876,3295.026220703125,3157.31974742513,3246.938185092367,52.76698865252327,-41.84835492786169,19.166418909673318,-61.01477383753501
2022-06-03 00:00:00+05:30,3246.87452102457,3263.674986765275,3220.4070106069207,3228.80712890625,1913622,0.0,0.0,3139.6786865234376,3290.5955029296874,3164.1280694709512,3246.2271632811467,54.077238248706266,-31.36142398735001,23.722679880148,-55.08410386749801
2022-06-06 00:00:00+05:30,3208.0182249258905,3240.868031208045,3169.6777165083213,3220.172607421875,1084210,0.0,0.0,3140.0964233398436,3285.7785986328126,3169.465644513896,3245.205415992548,53.22432430960201,-23.476566143966465,25.286030178825243,-48.76259632279171
2022-06-07 00:00:00+05:30,3192.109078272965,3208.815594390697,3149.8266455606185,3156.114990234375,2308256,0.0,0.0,3137.607275390625,3278.982265625,3168.1941536301324,3241.711673805953,47.26803912707554,-22.141441100501197,21.296924177832416,-43.43836527833361
2022-06-08 00:00:00+05:30,3172.492976345693,3204.2165450054777,3140.9103300357638,3195.0185546875,2185707,0.0,0.0,3138.31025390625,3273.7545751953126,3170.748858492739,3239.8805710954257,50.86441253240513,-17.739660598955652,20.558963743502368,-38.29862434245802
2022-06-09 00:00:00+05:30,3177.0451273675853,3225.850547344872,3147.104970999871,3216.558837890625,1279197,0.0,0.0,3140.2463623046874,3268.953037109375,3175.11171367349,3238.9659933226885,52.78450481898591,-12.370497607478683,20.742501387983474,-33.112998995462156
2022-06-10 00:00:00+05:30,3174.229210116152,3184.553432857512,3146.0722390033534,3153.48681640625,1527582,0.0,0.0,3138.7375610351564,3262.9338623046874,3173.052199648039,3235.6138687377306,46.993739316321786,-13.054300423651057,16.04695885744888,-29.10125928109994
2022-06-13 00:00:00+05:30,3087.881084501196,3090.696781538735,2996.3239566688144,3021.80615234375,3030921,0.0,0.0,3132.4207275390627,3253.7925634765625,3158.6478141904877,3227.229252408555,37.69570168527691,-23.945716852433634,4.124433942933045,-28.07015079536668
2022-06-14 00:00:00+05:30,2994.0244416658243,3039.920210572489,2979.664341305296,3013.31201171875,2611493,0.0,0.0,3122.1924438476562,3244.324755859375,3144.806309193179,3218.840341008955,37.18461251520715,-32.883587473532316,-3.850749342532506,-29.03283813099981
2022-06-15 00:00:00+05:30,3020.773942939944,3035.321712433674,3004.349041898636,3009.323486328125,1404536,0.0,0.0,3111.895263671875,3234.4266357421875,3131.903183206031,3210.6239937665696,36.93140402548894,-39.82962388904616,-8.63742860643708,-31.19219528260908
2022-06-16 00:00:00+05:30,3040.953077757002,3045.505213372803,2940.573515046485,2948.9736328125,2032028,0.0,0.0,3107.2904541015623,3223.105234375,3114.4813212637896,3200.3631952977826,33.24280683422516,-49.63200969288573,-14.751851528221323,-34.88015816466441
2022-06-17 00:00:00+05:30,2902.044898987001,2927.151529338845,2838.0817435978865,2899.13525390625,5240434,0.0,0.0,3098.746374511719,3209.95826171875,3093.972171991643,3188.550334851056,30.53088494848216,-60.72204578023411,-20.673510092455757,-40.048535687778354
2022-06-20 00:00:00+05:30,2903.922376707961,2945.923193242441,2880.458233392609,2921.19189453125,1502769,0.0,0.0,3089.964953613281,3198.3608935546877,3077.516907471606,3178.065690132632,33.130838044760445,-66.95932727140234,-21.52863326689919,-45.43069400450315
2022-06-21 00:00:00+05:30,2937.710565258962,3038.8410168265827,2933.3930714934704,3014.6259765625,2964461,0.0,0.0,3087.4284545898436,3189.9598095703127,3071.527295004072,3171.6562896004702,42.88278651672063,-63.62958597257193,-14.559113574455019,-49.07047239811691
2022-06-22 00:00:00+05:30,3003.3166954723542,3050.855192052584,2987.45502466707,3024.95068359375,3336315,0.0,0.0,3090.0235961914063,3181.737236328125,3067.091427250708,3165.903128580599,43.857141334830224,-59.47206745991207,-8.321276049436122,-51.15079141047595
2022-06-23 00:00:00+05:30,3024.950168923556,3114.1608813500047,3024.950168923556,3105.526123046875,3692578,0.0,0.0,3093.8646606445313,3174.9257421875,3070.7518744693907,3163.5354028733946,50.897054450445346,-49.10933764364745,1.6331630134627986,-50.74250065711025
2022-06-24 00:00:00+05:30,3133.87109262694,3139.502487222855,3076.149298018807,3090.791015625,2132118,0.0,0.0,3095.356970214844,3167.918359375,3072.660364103258,3160.68268180483,49.67044547283955,-41.60618937517256,7.309049025550152,-48.915238400722714
2022-06-27 00:00:00+05:30,3144.195382916019,3156.3027898978958,3103.367771227408,3111.06396484375,2037686,0.0,0.0,3092.5154663085937,3161.859951171875,3076.317849888067,3158.7368497671405,51.40563805886033,-33.63629447643689,12.223155139428663,-45.85944961586555
2022-06-28 00:00:00+05:30,3103.837084992564,3125.4240982840147,3071.550513291731,3114.302001953125,1400046,0.0,0.0,3090.34736328125,3158.362978515625,3079.935388179977,3156.994306715611,51.69211665406293,-26.75045027666374,15.287199471361447,-42.03764974802519
2022-06-29 00:00:00+05:30,3070.048553898059,3128.239630126025,3070.048553898059,3088.3505859375,2133994,0.0,0.0,3087.3111083984377,3155.3939306640623,3080.736835585455,3154.3023960968617,49.18923516924432,-23.120908089749264,15.133393326620741,-38.254301416370005
2022-06-30 00:00:00+05:30,3070.986574993562,3107.4966843658776,3055.0309601479357,3066.3876953125,2719603,0.0,0.0,3079.994970703125,3150.4026025390626,3079.370250797555,3150.8547607719847,47.1102815884677,-21.765789012084042,13.190809923428773,-34.956598935512815
2022-07-01 00:00:00+05:30,3059.724387917797,3128.23968862884,3052.2628359290425,3111.439453125,1502879,0.0,0.0,3074.1265869140625,3144.9726123046876,3082.424460543026,3149.3090624328875,51.62663527042689,-16.86217043329134,14.47554280177718,-31.33771323506852
2022-07-04 00:00:00+05:30,3108.5294664874064,3114.1138863370243,3026.921228163912,3036.306884765625,2622535,0.0,0.0,3064.93330078125,3138.340166015625,3078.0323104689874,3144.877604485152,44.76186455216265,-18.82162377563145,10.01287156754966,-28.83449534318111
2022-07-05 00:00:00+05:30,3055.031679148988,3070.987297749766,3009.933546628381,3018.709228515625,2170627,0.0,0.0,3058.0630126953124,3132.555625,3072.382493140096,3139.929825035367,43.30927017462647,-21.54611821734352,5.830701700670076,-27.376819918013595
2022-07-06 00:00:00+05:30,3020.7738203232816,3067.70210710786,3005.5221271182936,3060.42822265625,2182144,0.0,0.0,3051.33349609375,3127.64087890625,3071.2439911892534,3136.8121151381465,47.64680581643345,-20.107142897297763,5.815741616572666,-25.92288451387043
2022-07-07 00:00:00+05:30,3070.0483577898444,3115.474845318924,3064.4639377885774,3085.86328125,1989921,0.0,0.0,3044.798718261719,3122.9570263671876,3072.636304528372,3134.814121652337,50.1510167639203,-16.72159182827545,7.361034148475987,-24.082625976751437
2022-07-08 00:00:00+05:30,3097.266846615508,3101.959675170985,3050.338561060727,3064.83935546875,2136916,0.0,0.0,3040.366345214844,3117.4219775390625,3071.8937379512654,3132.0700131745493,48.10285463588196,-15.555657385486029,6.821574873012327,-22.377232258498356
2022-07-11 00:00:00+05:30,3009.182262412957,3026.8743171326923,2915.1850012446957,2922.505859375,6974600,0.0,0.0,3035.401330566406,3109.7413330078125,3057.666320944002,3123.851811064763,37.06613759514807,-25.819142540232406,-2.753528225387239,-23.065614314845167
2022-07-12 00:00:00+05:30,2923.5382421655136,2943.529737642514,2891.017031929181,2895.193603515625,3734815,0.0,0.0,3029.49541015625,3101.5946240234375,3042.1927288079664,3114.884822533424,35.38824844984422,-35.74485482358523,-10.14339240699205,-25.60146241659318
2022-07-13 00:00:00+05:30,2913.3078157136983,2918.939209687372,2848.546785016454,2852.06640625,3863530,0.0,0.0,3021.6325561523436,3093.7535205078125,3024.085459992922,3104.57821797329,32.858853303455696,-46.554407479041856,-16.76235604995894,-29.792051429082917
2022-07-14 00:00:00+05:30,2875.828342538558,2876.769385844362,2792.075488321957,2821.95361328125,4764908,8.0,0.0,3015.2815551757812,3084.6827294921877,3004.8348079251437,3093.4949001422297,31.182912130219457,-56.895055779495124,-21.682403480329768,-35.212652299165356
2022-07-15 00:00:00+05:30,2840.5862807835315,2850.325941027369,2778.900846918305,2818.04833984375,4574806,0.0,0.0,3011.2272094726563,3077.0404052734375,2987.0456204888205,3082.693074248172,30.962352809986513,-64.65985838848883,-23.557764871458772,-41.102093517030056
2022-07-18 00:00:00+05:30,2844.7737348359465,2895.542972047138,2836.5867045388554,2882.885986328125,3202795,0.0,0.0,3009.3119140625,3070.461767578125,2977.125655330659,3074.8575021728757,38.71299392671336,-64.8342948054601,-18.985761030744037,-45.84853377471607
2022-07-19 00:00:00+05:30,2851.408131766961,2897.4250545697723,2851.408131766961,2893.002197265625,1865074,0.0,0.0,3003.2307250976564,3064.2038525390626,2969.1138974197033,3067.7259215882777,39.84768928562496,-63.42511796556073,-14.061267352675728,-49.363850612885
2022-07-20 00:00:00+05:30,2924.574399350489,2984.942234850752,2915.3992272204737,2978.2138671875,3402251,0.0,0.0,3000.8938842773437,3060.1489501953124,2969.9805612071123,3064.21564494511,48.49747378407148,-54.8007565392154,-4.3495247410643145,-50.451231798151085
2022-07-21 00:00:00+05:30,2980.2840150785823,2996.281750555796,2958.687118133722,2989.976806640625,2420640,0.0,0.0,2995.116418457031,3056.3917529296873,2971.8849655341137,3061.304317952777,49.57541912081135,-46.48091402329146,3.176254219887703,-49.657168243179164
2022-07-22 00:00:00+05:30,2997.2224557636587,3008.5149736503668,2958.1691647387947,2984.0478515625,2075886,0.0,0.0,2989.779260253906,3052.399453125,2973.043335632055,3058.2746526041387,49.0185214578609,-39.90578694128362,7.801105041516436,-47.70689198280006
2022-07-25 00:00:00+05:30,2978.401758367584,2998.5870892640173,2963.439263233777,2980.048583984375,1797504,0.0,0.0,2983.2284912109376,3049.037568359375,2973.7105021417997,3055.2069636386577,48.621762551209095,-34.618597188777585,10.470635835217976,-45.08923302399556
2022-07-26 00:00:00+05:30,2978.119241199783,2982.071576520681,2913.940143665233,2932.1962890625,2639367,0.0,0.0,2974.1232055664063,3043.3239404296874,2969.756767562819,3050.3830156160634,44.02959084234548,-33.898975214754955,8.952206247392489,-42.851181462147444
2022-07-27 00:00:00+05:30,2931.3495708389446,3005.786179929785,2926.644354834388,3000.845703125,1389808,0.0,0.0,2969.7479614257813,3039.0355126953127,2972.717618568741,3048.4403759105317,51.15666786548751,-27.47254918209046,12.302905824045595,-39.775455006136056
2022-07-28 00:00:00+05:30,3026.3950601901547,3071.565135715381,3012.8909977958383,3068.271484375,2106333,0.0,0.0,2969.842150878906,3039.5795458984376,2981.8179867407657,3049.21806643855,56.954369714081835,-16.745827727073447,18.42370182325009,-35.16952955032354
2022-07-29 00:00:00+05:30,3096.032146501829,3121.72267196473,3081.9164984174745,3107.23046875,2430257,0.0,0.0,2969.631701660156,3040.323818359375,2993.762032646407,3051.4930626076266,59.91509285513049,-5.043026377962178,24.10120253788909,-29.14422891585127
2022-08-01 00:00:00+05:30,3130.8506036722483,3130.8506036722483,3078.152186538,3104.313232421875,1306913,0.0,0.0,2973.032019042969,3040.4736767578124,3004.290718339309,3053.564441816028,59.58460805974853,3.950591454886762,26.475856296590425,-22.525264841703663
2022-08-02 00:00:00+05:30,3096.032150497066,3117.581948034906,3078.763915752838,3097.72607421875,1269114,0.0,0.0,2976.982861328125,3041.1210791015624,3013.1893236611604,3055.2962705377035,58.79597674017068,10.426380937867634,26.36131662365704,-15.934935685789405
2022-08-03 00:00:00+05:30,3086.6216990754606,3151.553679940157,3083.8456675820694,3142.61376953125,2895824,0.0,0.0,2981.092138671875,3044.5123974609373,3025.5154613630734,3058.7204861845094,62.44381290601408,18.961970831936924,27.91752521418106,-8.95555438224414
2022-08-04 00:00:00+05:30,3152.4944703688543,3188.1599129259266,3112.3590729657367,3157.152587890625,2150567,0.0,0.0,2984.656604003906,3047.0813525390627,3038.0523305561737,3062.5805686043573,63.5688204135724,26.59309975388487,28.43892330890321,-1.8458235550183373
2022-08-05 00:00:00+05:30,3163.0346063404127,3177.90313601768,3157.2001839915056,3166.65771484375,1106933,0.0,0.0,2989.747521972656,3049.1956103515627,3050.3004623930856,3066.6620253196274,64.32130291923362,33.02709294251099,27.89833319802346,5.128759744487528
2022-08-08 00:00:00+05:30,3166.6106050125213,3179.6910145728057,3139.320350169917,3175.50341796875,1068836,0.0,0.0,3002.3973999023438,3049.3477978515625,3062.2245534002914,3070.9303152274365,65.04489353322978,38.3972338046251,26.614779248110057,11.782454556515045
2022-08-10 00:00:00+05:30,3185.430726148496,3185.430726148496,3138.378573620453,3156.49365234375,1878359,0.0,0.0,3015.46240234375,3049.3243896484373,3071.202562823478,3074.28574021239,62.128770881669205,40.65058527004658,23.094504570825222,17.556080699221354
2022-08-11 00:00:00+05:30,3199.546743745435,3226.554636485913,3176.067762854676,3220.72021484375,1449248,0.0,0.0,3033.8950927734377,3050.7572802734376,3085.442339206361,3080.028268629306,67.44004771813177,47.076263509108685,23.616146247909864,23.46011726119882
2022-08-12 00:00:00+05:30,3217.426528102961,3217.426528102961,3181.9021492097504,3201.00537109375,1472354,0.0,0.0,3052.8476806640624,3050.5231787109374,3096.448342243255,3084.772468725951,64.45198848032034,50.001451078070204,21.233067053497102,28.768384024573102
2022-08-16 00:00:00+05:30,3209.898382750936,3213.5214910007835,3187.7838673611245,3192.67724609375,839942,0.0,0.0,3071.5791259765624,3049.8005810546874,3105.612999752826,3089.004028622727,63.1785454060111,51.05909574232146,17.832569374198684,33.22652636812278
2022-08-17 00:00:00+05:30,3185.5253404647774,3216.438470885066,3172.350736027708,3200.58203125,1622326,0.0,0.0,3087.4639282226562,3049.40876953125,3114.6576694192236,3093.379636568895,63.907478977210786,51.93644583940113,14.967935577022686,36.968510262378445
2022-08-18 00:00:00+05:30,3190.136227039048,3192.0183133086875,3163.7870192640944,3181.902099609375,1430659,0.0,0.0,3101.9089233398436,3049.92451171875,3121.0619008659046,3096.851105707737,60.84225503749241,50.541823068465874,10.858650244869942,39.68317282359593
2022-08-19 00:00:00+05:30,3187.3135111023685,3219.779503465236,3172.492079806277,3186.13720703125,1398410,0.0,0.0,3112.3050903320313,3049.746884765625,3127.259549072128,3100.352521445914,61.295513234802414,49.21103803579172,7.622292169756626,41.58874586603509
2022-08-22 00:00:00+05:30,3166.6104671265857,3184.584484707989,3150.04801438937,3156.776611328125,1536532,0.0,0.0,3120.6450805664062,3048.551240234375,3130.0706978584135,3102.56523085306,56.41973286088992,45.26543485682896,2.9413511926350964,42.324083664193864
2022-08-23 00:00:00+05:30,3124.216423909299,3144.872276847977,3077.2113605439445,3090.95068359375,1849256,0.0,0.0,3125.9902221679686,3047.300517578125,3126.34498221416,3102.109758411518,47.32969022373912,36.40723374513436,-4.733479935247601,41.140713680381964
2022-08-24 00:00:00+05:30,3097.9144368262764,3112.971129107328,3058.578782292652,3063.42529296875,1691923,0.0,0.0,3130.1590576171875,3048.132900390625,3120.3526308574546,3100.5927205510175,44.12806175711619,26.856392781611703,-11.427456719016206,38.28384950062791
2022-08-25 00:00:00+05:30,3082.857180614982,3084.880331371408,3025.218291020151,3028.46484375,1946930,0.0,0.0,3134.9724853515627,3048.43595703125,3111.601413037697,3097.7641763627425,40.39084406235362,16.27861667272282,-17.60418626232407,33.88280293504689
2022-08-26 00:00:00+05:30,3043.6162073285905,3064.977842999134,3027.1479505731454,3032.2294921875,1457962,0.0,0.0,3136.5416748046873,3048.8940771484376,3104.0421824805353,3095.194188748027,40.970585210904275,8.10598778273561,-20.621452121849025,28.727439904584635
2022-08-29 00:00:00+05:30,2940.760311513005,2957.4167319680346,2899.354406326902,2947.865234375,2539173,0.0,0.0,3130.5213623046875,3048.8719091796875,3089.1681874228652,3089.4165826941826,33.182234055012096,-5.119357273182686,-27.077437742213856,21.95808046903117
2022-08-30 00:00:00+05:30,2968.991566099262,3036.27616102037,2956.8521996136524,3021.8310546875,3431525,0.0,0.0,3126.2513916015623,3051.3258251953125,3082.7551271623543,3086.766169831176,43.350099290293805,-9.522347280404574,-25.184342199548595,15.661994919144021
2022-09-01 00:00:00+05:30,3001.927805876822,3001.927805876822,2936.9958251227463,2947.06494140625,3546935,0.0,0.0,3118.3889770507812,3051.8432861328124,3069.8322523284396,3081.2876902851003,37.18957766215055,-18.827714900744922,-27.591767855911158,8.764052955166234
2022-09-02 00:00:00+05:30,2976.5194063882427,2976.5194063882427,2936.336910872936,2945.84130859375,2052900,0.0,0.0,3110.7947387695312,3050.4675927734374,3058.0235910203737,3075.976067473675,37.09666108440237,-26.001295968382237,-27.812279138838775,1.810983170456539
2022-09-05 00:00:00+05:30,2939.4891365743206,2962.356529458172,2928.761337318611,2948.664306640625,2147912,0.0,0.0,3101.097265625,3048.941865234375,3047.608421079445,3070.983449401791,37.48472410357068,-31.100115525117417,-26.328878956459164,-4.771236568658252
2022-09-06 00:00:00+05:30,2950.6409781411367,2955.675651201761,2923.2096605317342,2942.689208984375,1936453,0.0,0.0,3090.3740966796877,3045.685126953125,3037.616115165629,3065.952302718755,36.9649226673231,-35.217145868070475,-24.356727439529777,-10.860418428540697
2022-09-07 00:00:00+05:30,2919.1156806086337,2975.484070098823,2919.1156806086337,2963.909423828125,1291534,0.0,0.0,3080.236682128906,3043.1474951171876,3030.596430276343,3061.9506211936327,40.13968769106692,-36.348623774666066,-20.390564276900296,-15.95805949776577
2022-09-08 00:00:00+05:30,2983.1068007529293,2995.810883342887,2973.79056541904,2982.77734375,1346113,0.0,0.0,3070.600378417969,3040.5817626953126,3026.042231559549,3058.845786784079,42.893738558905845,-35.315746770114856,-15.486149817879266,-19.82959695223559
2022-09-09 00:00:00+05:30,3006.63297354208,3042.863136134058,2981.6953291605887,3027.947509765625,1561185,0.0,0.0,3064.1730712890626,3038.8546728515626,3026.223686626794,3057.6340896461006,48.9492079025845,-30.50073591037244,-8.53691116650948,-21.96382474386296
2022-09-12 00:00:00+05:30,3048.8858757084126,3077.023206195653,3034.8644234492144,3051.756103515625,1785928,0.0,0.0,3055.7248657226564,3038.122783203125,3028.655345378111,3057.403580386082,51.847547267611944,-24.481443730684077,-2.014095189456892,-22.467348541227185
2022-09-13 00:00:00+05:30,3071.0474436967515,3071.0474436967515,3034.864377915629,3038.9580078125,1972678,0.0,0.0,3047.6224975585938,3037.574189453125,3029.6365513242436,3056.680224598883,50.19776208555574,-20.507413973848088,1.567947653903282,-22.07536162775137
2022-09-14 00:00:00+05:30,2950.170475163518,2956.193059832884,2930.220404981006,2936.43115234375,5090269,0.0,0.0,3034.810192871094,3034.0740234375,3020.7598466594345,3051.9645747065247,39.38557913446428,-25.33893566643974,-2.6108592309506946,-22.728076435489044
2022-09-15 00:00:00+05:30,2945.465303618017,2952.7583886349626,2917.234006778228,2921.32763671875,2138023,0.0,0.0,3020.8474731445312,3031.7744384765624,3011.2901123793695,3046.8415575305335,38.08421413190665,-30.040391963581897,-5.849852422474278,-24.19053954110762
2022-09-16 00:00:00+05:30,2894.648904158554,2911.9171389023336,2823.129620440722,2831.316650390625,5322221,0.0,0.0,3003.3182006835937,3028.0265869140626,2994.1497826661553,3038.389600387792,31.42099652281039,-40.561892052036,-13.097082008742703,-27.464810043293298
2022-09-19 00:00:00+05:30,2857.00715454219,2862.65341374089,2811.6489182620085,2850.231689453125,2072220,0.0,0.0,2986.5229248046876,3023.82265625,2980.4432975982477,3031.010858782511,34.032932815786545,-46.834096788123134,-15.495429395863866,-31.338667392259268
2022-09-20 00:00:00+05:30,2870.1812942656948,2898.3654875829693,2851.3604333196904,2861.05322265625,1544295,0.0,0.0,2971.7367553710938,3019.326455078125,2969.0728142704384,3024.3458534442266,35.54541906906628,-50.351239197194445,-15.210057443948138,-35.14118175324631
2022-09-21 00:00:00+05:30,2849.478546300857,2862.088432116921,2821.388317477717,2824.258544921875,2253818,0.0,0.0,2958.4021484375,3014.5148388671873,2955.2809790943847,3016.4992923257028,32.79234658506601,-55.46821977345735,-16.261630416168828,-39.20658935728852
2022-09-22 00:00:00+05:30,2813.719201741148,2851.3138320825947,2803.650085329777,2830.09326171875,2017983,0.0,0.0,2946.735546875,3012.6665869140625,2943.358339344324,3009.1892519097437,33.669681774543,-58.379686181052875,-15.338477459011486,-43.04120872204139
2022-09-23 00:00:00+05:30,2826.8938902582568,2844.303190181618,2803.3678092807413,2806.238037109375,2652374,0.0,0.0,2935.6242065429688,3010.8874755859374,2930.2992629409955,3001.230380741102,31.839630539197753,-61.89843491731244,-15.085780956216837,-46.812653961095606
2022-09-26 00:00:00+05:30,2785.3470022445827,2847.455857788892,2753.5867920230608,2817.85986328125,2925489,0.0,0.0,2924.905725097656,3010.2033447265626,2919.5907486876863,2994.0393800564025,33.72945018514324,-63.022796826115155,-12.968114292015635,-50.05468253409952
2022-09-27 00:00:00+05:30,2831.9750939890077,2846.655458666327,2800.544345451566,2839.550537109375,2227447,0.0,0.0,2919.489990234375,3010.555283203125,2911.967871394514,2987.9809940584796,37.227616051306036,-61.45518847975791,-9.12040475652671,-52.3347837232312
2022-09-28 00:00:00+05:30,2804.3085318652325,2870.1344529641738,2804.3085318652325,2856.677490234375,2739767,0.0,0.0,2911.232312011719,3011.3278662109374,2906.702120807834,2982.8318370457696,39.924183305026084,-58.160408603212545,-4.660499903985077,-53.49990869922747
2022-09-29 00:00:00+05:30,2873.9457226356303,2875.686744327064,2813.718962239861,2820.588623046875,2493902,0.0,0.0,2904.90849609375,3010.0819189453123,2898.50083530679,2976.469358065421,36.378014167326185,-57.79511567098234,-3.436165577403898,-54.35895009357844
2022-09-30 00:00:00+05:30,2814.519374160841,2841.668334827596,2776.171860660605,2827.41162109375,2817353,0.0,0.0,2898.98701171875,3008.770107421875,2891.7304339531674,2970.623956615552,37.50815721260245,-56.30599896340482,-1.5576390958610986,-54.74835986754372
2022-10-03 00:00:00+05:30,2818.424326792409,2842.6090905921383,2798.6624199935304,2808.966796875,1763331,0.0,0.0,2892.0021362304688,3005.385166015625,2883.8481828028657,2964.2844601551383,35.66382935368722,-55.9690302673589,-0.9765363198521442,-54.99249394750676
2022-10-04 00:00:00+05:30,2851.3137212358,2915.351755223574,2844.773517121002,2908.905517578125,2145875,0.0,0.0,2890.312951660156,3003.763740234375,2886.234595638605,2962.1127369168244,50.00752304486724,-47.09488014721728,6.318091040231586,-53.41297118744887
2022-10-06 00:00:00+05:30,2927.585334388722,2939.8188957346088,2910.128937441948,2919.06884765625,1790816,0.0,0.0,2888.0709228515625,3002.46416015625,2889.3616672593325,2960.4247412595473,51.199095872006566,-38.79475466056374,11.6945732215081,-50.48932788207184
2022-10-07 00:00:00+05:30,2914.787028079777,2921.939048083334,2877.8042152300336,2884.203125,1939879,0.0,0.0,2883.1422119140625,3000.5472509765623,2888.8703775203485,2957.4356582689766,47.055532790063765,-34.631013084789174,12.68665183782614,-47.317664922615315
2022-10-10 00:00:00+05:30,2832.540376109096,2942.642443884765,2827.835159537486,2934.690673828125,3064063,0.0,0.0,2878.4793701171875,3000.597138671875,2893.234215263946,2956.5436980948257,52.98867130506725,-26.946670199134587,16.296795778784585,-43.24346597791917
2022-10-11 00:00:00+05:30,2917.2340666340724,2959.581012762632,2873.334491046221,2888.579345703125,4730645,0.0,0.0,2870.3205322265626,2998.3518115234374,2892.790894353392,2953.8784293735825,47.72795633189908,-24.297485621209944,15.156784285367387,-39.45426990657733
2022-10-12 00:00:00+05:30,2903.0240706731206,2926.550150631724,2881.521371439081,2917.939697265625,1665247,0.0,0.0,2864.2696166992187,2995.34517578125,2895.1860184402713,2952.4690673301334,51.05966475112273,-19.60288292843461,15.881109582514178,-35.48399251094879
2022-10-13 00:00:00+05:30,2917.9396494029597,2926.6442988448616,2872.393251248945,2920.33935546875,2054781,0.0,0.0,2863.4650268554688,2991.607353515625,2897.581574347745,2951.2090786296867,51.33269303556807,-15.509955002753031,15.979230006556605,-31.489185009309637
2022-10-14 00:00:00+05:30,2959.581254483376,2964.286471104176,2889.944048495532,2916.434326171875,2245977,0.0,0.0,2863.220361328125,2987.849775390625,2899.3770745214715,2949.8453628470274,50.835678695857325,-12.438005774088651,15.240943388176792,-27.678949162265443
2022-10-17 00:00:00+05:30,2898.97976338441,2951.578701416824,2897.8476350017845,2935.869873046875,1517005,8.0,0.0,2868.4480224609374,2984.6126513671875,2902.8525791429383,2949.297304423492,53.26122382132953,-8.339050294091521,15.471919094539139,-23.81096938863066
2022-10-18 00:00:00+05:30,2971.958002874225,2977.0057062220503,2951.720430161045,2966.95751953125,1793722,0.0,0.0,2874.284313964844,2981.0995263671875,2908.957811560873,2949.989861878698,56.92213540456218,-2.552659810507521,17.006647662498512,-19.559307473006033
2022-10-19 00:00:00+05:30,2980.449312658744,2980.449312658744,2936.105812280472,2945.399169921875,1194289,0.0,0.0,2878.501611328125,2976.8644580078126,2912.4284171190634,2949.8098347431364,53.776442507945546,0.29017276261311054,15.879584188495315,-15.589411425882204
2022-10-20 00:00:00+05:30,2929.50147502753,2981.392805503058,2929.50147502753,2978.845458984375,1587601,0.0,0.0,2886.23095703125,2973.108212890625,2918.7538496776647,2950.9484866741655,57.683600375593855,5.182236467193434,16.617318314460512,-11.435081847267076
2022-10-21 00:00:00+05:30,2979.316926882625,2981.769833167616,2950.2577383958496,2960.06982421875,1021913,0.0,0.0,2892.72978515625,2968.799541015625,2922.688704395863,2951.3061861857177,54.879220147601536,7.458221650821088,15.11464279847053,-7.656421147649444
2022-10-24 00:00:00+05:30,2990.921941375411,2998.375331024562,2976.67532076227,2982.99658203125,260949,0.0,0.0,2901.5677124023437,2965.329599609375,2928.4323117897093,2952.548946807111,57.59053544549751,10.985322099949826,14.913394598079416,-3.92807249812959
2022-10-25 00:00:00+05:30,3000.733938997041,3004.271984043807,2973.042747627764,2983.3740234375,2069643,0.0,0.0,2909.8434204101563,2960.58267578125,2933.6648557561657,2953.757773341636,57.635668566444345,13.65364031785748,14.065370252789656,-0.4117299349321759
2022-10-27 00:00:00+05:30,2982.052978796564,2994.601291144702,2957.192454108673,2978.939453125,2438421,0.0,0.0,2916.8128662109375,2956.141357421875,2937.976722172245,2954.7452901958854,56.869892704911656,15.234851086812796,12.517264817395978,2.7175862694168185
2022-10-28 00:00:00+05:30,2971.957891656129,2998.8470344853986,2967.2404981773097,2984.458984375,1355739,0.0,0.0,2923.201940917969,2951.9769921875,2942.4036042867933,2955.9105331048704,57.62456744920065,16.740379383438267,11.218234491217158,5.5221448922211085
2022-10-31 00:00:00+05:30,3018.187898716904,3018.187898716904,2998.1861994107635,3012.66845703125,1919414,0.0,0.0,2932.8059326171874,2948.218720703125,2949.095495024361,2958.13633404316,61.34710243383004,19.97947909401728,11.565867361436936,8.413611732580343
2022-11-01 00:00:00+05:30,3032.8120869496247,3078.193501650304,3022.386601913905,3075.457275390625,2991060,0.0,0.0,2945.208215332031,2946.08982421875,2961.1299502973384,2962.7371552724726,68.07049993093584,27.298343533035677,15.107785440364268,12.19055809267141
2022-11-02 00:00:00+05:30,3085.175346774662,3085.175346774662,3039.935589210589,3058.474853515625,1405955,0.0,0.0,2957.6836181640624,2943.5365771484376,2970.4008934609847,2966.49157481142,64.78801022284557,31.366681237018838,15.340898515477942,16.025782721540896
2022-11-03 00:00:00+05:30,3045.596386006907,3045.596386006907,3014.4143696980736,3025.500244140625,1422652,0.0,0.0,2963.5133544921873,2940.9110498046875,2975.6484506685697,2968.8056402753105,58.8535426587385,31.566217080743627,12.432347487362183,19.133869593381444
2022-11-04 00:00:00+05:30,3035.1710404925607,3038.0486966552007,2987.195055471588,3035.54833984375,1464013,0.0,0.0,2969.3373291015623,2939.8030029296874,2981.3532020185867,2971.4230010427004,60.054275012499765,32.16437710464288,10.424406009009147,21.739971095633734
2022-11-07 00:00:00+05:30,3046.492454380764,3059.512505364031,3014.5086214001262,3050.9267578125,1474498,0.0,0.0,2977.6735107421873,2939.5530322265627,2987.9792549513404,2974.54079542583,61.88741145483153,33.493243774953044,9.402618143455449,24.090625631497595
2022-11-09 00:00:00+05:30,3066.1170636879747,3066.1170636879747,3020.688426991371,3034.274658203125,1162267,0.0,0.0,2982.6527099609375,2939.669228515625,2992.38834097532,2976.883299848469,58.743802195047905,32.82431662444833,6.986952794360583,25.837363830087746
2022-11-10 00:00:00+05:30,2990.8274788272843,3042.718807324288,2990.8274788272843,3024.46240234375,1573092,0.0,0.0,2989.4468627929687,2939.51388671875,2995.443013486599,2978.749147005147,56.90939904154066,31.143418057642066,4.244843382043452,26.898574675598613
2022-11-11 00:00:00+05:30,3084.7982183805566,3152.728688496034,3071.070556476422,3128.5283203125,3265394,0.0,0.0,2999.9762939453126,2943.1271484375,3008.1178046128753,2984.6228400760237,68.23778150840691,37.77311869873256,8.699635218507154,29.073483480225406
2022-11-14 00:00:00+05:30,3136.123139685767,3159.7101067411654,3121.970959452528,3146.97314453125,1342074,0.0,0.0,3011.3079833984375,2945.629990234375,3021.3421227003396,2990.9895186821113,69.75547078458456,44.008247700527136,11.947811376241383,32.06043632428575
2022-11-15 00:00:00+05:30,3133.29261600269,3151.171490462325,3105.931734983696,3144.237060546875,1400708,0.0,0.0,3022.6981201171875,2949.5734326171873,3033.0464024952475,2996.9992262062196,69.22704087489615,48.17353867810198,12.890481883052978,35.283056795049
2022-11-16 00:00:00+05:30,3150.181006794873,3177.541889681157,3133.717349195389,3165.701416015625,1748235,0.0,0.0,3034.189697265625,2953.970634765625,3045.680213306712,3003.6149983556083,71.0780549658491,52.60021337110993,13.853725260848748,38.74648811026118
2022-11-17 00:00:00+05:30,3151.2188966739136,3170.088470905494,3130.2264953412805,3159.710205078125,1417986,0.0,0.0,3043.8273315429688,2958.191552734375,3056.540212523037,3009.736379011393,69.8157185273912,54.991041806559224,12.995642957038427,41.9953988495208
2022-11-18 00:00:00+05:30,3160.6537086308344,3172.6830622980115,3133.2928257800004,3154.473876953125,1164540,0.0,0.0,3054.2810668945312,2962.42724609375,3065.867228183046,3015.4123593228337,68.66785569034371,55.819806664172575,11.059526251721415,44.76028041245116
2022-11-21 00:00:00+05:30,3134.707529234418,3145.27444308409,3088.0053403112865,3097.911865234375,1304194,0.0,0.0,3060.2343872070314,2965.107294921875,3068.9190983784106,3018.647634064463,57.643146544633034,51.320931396543074,5.248520787273527,46.07241060926955
2022-11-22 00:00:00+05:30,3094.609940245404,3131.358387217525,3071.258843897516,3127.58447265625,1149739,0.0,0.0,3068.6101196289064,2968.0034375,3074.506276881062,3022.9196669504154,61.16560400106762,49.57836325873177,2.804762119569773,46.773601139162
2022-11-23 00:00:00+05:30,3141.7837423141978,3141.7837423141978,3104.988076863671,3121.310302734375,1150011,0.0,0.0,3075.5258056640623,2969.870693359375,3078.963803152806,3026.778123255669,60.02884782395387,47.14760414549664,0.29920240506771023,46.84840174042893
2022-11-24 00:00:00+05:30,3128.811169772484,3201.1759383959493,3121.3105603414374,3189.099365234375,1296591,0.0,0.0,3085.8120727539062,2972.61755859375,3089.4529043034318,3033.143662156795,67.13563532603948,50.11354311210107,2.612113097337712,47.50143001476336
2022-11-25 00:00:00+05:30,3191.7884587488657,3210.988342530607,3158.7667040766187,3198.0625,1588981,0.0,0.0,3096.7682250976563,2975.7996484375,3099.7966753221526,3039.611067562411,67.94711704851557,52.581197860834436,4.06381427685686,48.517383583977576
2022-11-28 00:00:00+05:30,3175.749196228877,3223.866608292951,3175.324676896606,3203.345947265625,2195437,0.0,0.0,3107.7125732421873,2981.1379443359374,3109.6585107453407,3046.0320432370468,68.44177859870456,54.336801245153765,4.65553412894095,49.681267116212815
2022-11-29 00:00:00+05:30,3191.788381354206,3235.188400728221,3191.788381354206,3205.327392578125,1576028,0.0,0.0,3117.3455200195312,2986.817939453125,3118.7698328246533,3052.278919681795,68.63725955598655,55.25111518947551,4.455878458610158,50.795236730865355
2022-11-30 00:00:00+05:30,3191.7882813797705,3221.885158257672,3184.240452159836,3199.1474609375,3410702,0.0,0.0,3123.530029296875,2994.1745556640626,3126.424845025877,3058.0384703192735,67.23833228765639,54.8448296851825,3.239674363453716,51.60515532172879
2022-12-01 00:00:00+05:30,3231.4143154291487,3283.305640202464,3226.696922267938,3279.201416015625,2180856,0.0,0.0,3134.566357421875,3002.7539501953124,3140.974994643948,3066.711527013248,74.49119061400351,60.287573017849354,6.945934156896449,53.341638860952905
2022-12-02 00:00:00+05:30,3262.6437539074536,3272.833139498396,3220.092772801236,3244.7646484375,2411749,0.0,0.0,3145.529577636719,3010.4281787109376,3150.8597235766674,3073.6940023632187,67.56218158457847,61.11770017518484,6.220849051385542,54.896851123799294
2022-12-05 00:00:00+05:30,3238.962462959165,3244.7647649813816,3214.4320161089063,3232.263671875,1475065,0.0,0.0,3155.365344238281,3018.58828125,3158.612480557461,3079.9124207754458,65.19155159588757,60.07435779289517,4.142005335276693,55.93235245761848
2022-12-06 00:00:00+05:30,3207.8749508488777,3215.32834079277,3177.636411023659,3194.005859375,1166999,0.0,0.0,3162.5192993164064,3025.866533203125,3161.9832785400836,3084.386673269546,58.43403860324253,55.52041096582661,-0.3295531934334974,55.84996415926011
2022-12-07 00:00:00+05:30,3177.9190926473984,3201.8833575405056,3164.4273022671146,3189.52392578125,1167505,0.0,0.0,3170.2817626953124,3033.5322509765624,3164.6061973249566,3088.509702779809,57.67973052114961,50.962259507330145,-3.9101637215439737,54.87242322887412
2022-12-08 00:00:00+05:30,3170.0881902480305,3189.523942122445,3150.6996583733103,3161.17236328125,1285619,0.0,0.0,3177.1172607421877,3040.3985009765624,3164.27916551127,3091.359218877905,53.01745437087766,44.54862862665868,-8.259035681772353,52.807664308431036
2022-12-09 00:00:00+05:30,3183.3914865753063,3183.3914865753063,3091.1664461774567,3106.639404296875,1797896,0.0,0.0,3176.022814941406,3045.7402783203124,3158.7896644432326,3091.9584418355116,45.41369510170559,34.66581991368503,-14.513475515796813,49.17929542948184
2022-12-12 00:00:00+05:30,3071.494694828485,3109.7055795283945,3053.191301454497,3100.6953125,1527610,0.0,0.0,3173.7089233398438,3050.620634765625,3153.2568690200674,3092.3010642145114,44.66180071129481,26.053653970564483,-18.50051316713389,44.55416713769837
2022-12-13 00:00:00+05:30,3091.9682634669275,3147.8693748852,3083.099656070491,3143.765380859375,1378016,0.0,0.0,3173.685339355469,3057.084169921875,3152.3529177666683,3094.3192727103888,50.993217864562446,22.44511170225178,-17.687244348357275,40.132356050609054
2022-12-14 00:00:00+05:30,3159.5211255668623,3186.1271755454723,3152.0675065545265,3175.1357421875,1213311,0.0,0.0,3174.1570556640627,3064.03865234375,3154.522710568652,3097.4885460232167,55.02907998883157,21.86460043898296,-14.614204489300874,36.478804928283836
2022-12-15 00:00:00+05:30,3168.9562633845435,3174.5699155099574,3112.4889717700507,3118.29150390625,1415694,0.0,0.0,3172.0861206054688,3070.225146484375,3151.072119457947,3098.30434829314,47.41001254307794,16.62603157564945,-15.882218682107506,32.508250257756956
2022-12-16 00:00:00+05:30,3089.8928192329395,3105.9319575312475,3042.907532737833,3057.10693359375,2703680,0.0,0.0,3167.2177734375,3073.1891748046874,3142.123054137547,3096.6887634029677,40.85342083299262,7.45144886206208,-20.045441116555903,27.496889978617983
2022-12-19 00:00:00+05:30,3044.6054186477368,3062.0597726127144,3013.9423643849377,3021.065673828125,2120965,0.0,0.0,3163.3754638671876,3075.229111328125,3130.593779822364,3093.7231520470914,37.558401954686346,-2.6966175627881057,-24.15480603312487,21.458188470336765
2022-12-20 00:00:00+05:30,3018.093895115369,3065.362269711969,2984.836271228836,3060.59765625,1529971,0.0,0.0,3160.026123046875,3078.757001953125,3123.9274823392816,3092.424112996225,42.98984255247995,-7.463102715979403,-23.137032949052937,15.673930233073534
2022-12-21 00:00:00+05:30,3065.3620755810757,3097.487569071201,3056.870767892485,3083.80712890625,1432566,0.0,0.0,3158.1509643554687,3081.7393310546877,3120.1064962980404,3092.08619205152,45.961804378525905,-9.261010897997949,-19.947952904857186,10.686942006859237
2022-12-22 00:00:00+05:30,3107.8186387967226,3107.8186387967226,3061.6826254575462,3075.457275390625,1384101,0.0,0.0,3152.468859863281,3085.4768896484375,3115.8541895449534,3091.4340776726617,45.05188642545825,-11.230175014523866,-17.533693617106483,6.303518602582616
2022-12-23 00:00:00+05:30,3035.171062990072,3082.203569640205,3035.171062990072,3045.879638671875,1360281,0.0,0.0,3144.859716796875,3088.0356884765624,3109.1899466046607,3089.6476290843957,41.88838470674106,-15.004457806864593,-17.046381127557765,2.041923320693174
2022-12-26 00:00:00+05:30,3045.879530408992,3087.062283218144,3042.7660046540764,3069.041748046875,870157,0.0,0.0,3138.1445068359376,3091.009736328125,3105.3663086467764,3088.8395553182186,45.1372520005896,-15.94283636574255,-14.38780774914858,-1.555028616593971
2022-12-27 00:00:00+05:30,3084.420496078937,3088.76059020191,3048.8513954327614,3075.268798828125,835883,0.0,0.0,3131.6415771484376,3094.18642578125,3102.499879140238,3088.3073687891956,46.01115265151615,-15.999603705781283,-11.555660071349848,-4.443943634431434
2022-12-28 00:00:00+05:30,3066.117197930492,3081.4959471729394,3043.662358270491,3073.004638671875,910795,0.0,0.0,3125.334436035156,3096.92912109375,3099.6908086194417,3087.7072617257713,45.72594797441972,-16.04236464043288,-9.278736804801156,-6.763627835631723
2022-12-29 00:00:00+05:30,3048.473970430385,3086.5904159073257,3045.5490944670173,3083.995849609375,1037927,0.0,0.0,3115.5741577148438,3099.2698876953127,3098.196050618483,3087.5617161525797,47.42951261037703,-15.016256071251519,-6.6021025884958355,-8.414153482755683
2022-12-30 00:00:00+05:30,3100.317898016832,3112.5358998123083,3062.7201836894283,3072.626708984375,1163131,0.0,0.0,3106.9672607421876,3101.8144384765624,3095.760875224758,3086.9760295969636,45.82716712910266,-14.948139423644989,-5.227188752711443,-9.720950670933545
2023-01-02 00:00:00+05:30,3076.6836350061485,3082.2030768099426,3052.34184168758,3077.108154296875,709547,0.0,0.0,3099.2094848632814,3103.7796923828123,3093.984425612579,3086.5890540949995,46.59308140698056,-14.366928299609754,-3.7167821029409662,-10.650146196668787
2023-01-03 00:00:00+05:30,3068.1926803894926,3132.349230901942,3061.8714192749435,3124.188232421875,1245178,0.0,0.0,3095.718603515625,3107.062060546875,3096.8609786420357,3088.063531676446,53.9578334180458,-9.99216203235028,0.5263873314548064,-10.518549363805086
2023-01-04 00:00:00+05:30,3119.800660681146,3139.283632101726,3100.4593492563527,3127.30126953125,1231668,0.0,0.0,3092.607470703125,3109.948154296875,3099.7600539648183,3089.6022664942816,54.40555123976215,-6.2024343665716515,3.4528919977867467,-9.655326364358398
2023-01-05 00:00:00+05:30,3141.972697409822,3148.671488266819,3096.449850471855,3123.952392578125,1826057,0.0,0.0,3090.746472167969,3112.7597216796876,3102.0640862137043,3090.9493302622755,53.799476399748194,-3.429738381193147,4.980470386532202,-8.410208767725349
2023-01-06 00:00:00+05:30,3113.4799482063527,3114.942386371537,3019.1320709879783,3030.029296875,2488376,0.0,0.0,3086.915966796875,3113.7815185546874,3095.2036300862087,3088.5603093451273,40.255034025297704,-8.710753566901076,-0.24043583934058077,-8.470317727560495
2023-01-09 00:00:00+05:30,3046.4928994085017,3138.9538173837364,3039.086499046337,3132.30224609375,2885060,0.0,0.0,3088.4963134765626,3116.7383837890625,3098.7368316107363,3090.275679413701,53.87297847192333,-4.59050736655081,3.1038482888077485,-7.694355655358558
2023-01-10 00:00:00+05:30,3099.3274153646053,3111.592638012928,3047.5305287786623,3100.648193359375,3864655,0.0,0.0,3086.3404541015625,3118.497978515625,3098.9188660629875,3090.6824446664723,50.069046137627936,-3.8351903921920893,3.0873322105331757,-6.922522602725265
2023-01-11 00:00:00+05:30,3104.139476243874,3160.182020931683,3086.2603699534707,3140.5576171875,2720512,0.0,0.0,3084.6115478515626,3119.7999853515626,3102.884461408179,3092.638333784944,54.43724674884341,-0.01605421924341499,5.52517470678548,-5.541228926028895
2023-01-12 00:00:00+05:30,3140.840480591686,3160.653532587008,3128.1507385963105,3145.88818359375,2250391,0.0,0.0,3085.9913818359373,3121.548251953125,3106.980053997281,3094.726563189211,55.00347852441641,3.4015598087130456,7.154230987793552,-3.7526711790805067
2023-01-13 00:00:00+05:30,3153.9549224027437,3188.0145963470104,3118.1971710348826,3183.816162109375,1742837,0.0,0.0,3092.3268432617188,3124.7145703125,3114.2977785793855,3098.2202729507862,58.915763813378675,9.06600715028253,10.254942663490429,-1.1889355132078991
2023-01-16 00:00:00+05:30,3192.912493009621,3227.5657488879283,3174.671451152942,3209.32470703125,1843607,67.0,0.0,3101.739794921875,3128.19009765625,3123.347962241468,3102.577309581393,61.34973126470125,15.435517828752381,13.299562673568225,2.135955155184157
2023-01-17 00:00:00+05:30,3205.425857892288,3255.288084905428,3196.7625447628498,3252.01513671875,1688475,0.0,0.0,3111.3106689453125,3132.211865234375,3135.601978858352,3108.437616527956,65.07847295669981,23.655476223379537,17.215616854556302,6.4398593688232335
2023-01-18 00:00:00+05:30,3253.5559795008294,3281.422928240921,3246.0959029206133,3263.181884765625,2421189,0.0,0.0,3120.279406738281,3136.790009765625,3147.752446087616,3114.506019203943,66.00240256043723,30.716831206118513,19.421577469836222,11.295253736282291
2023-01-19 00:00:00+05:30,3253.5555982107408,3260.2937311064434,3235.2663803509763,3246.913818359375,1585044,0.0,0.0,3128.8522338867188,3141.2390380859374,3157.196386303974,3119.698481915921,63.371914199722234,34.60144498404952,18.644952998213782,15.956491985835738
2023-01-20 00:00:00+05:30,3239.1169138175123,3267.6576270937912,3230.0686574520228,3237.2880859375,1529349,0.0,0.0,3138.42265625,3143.4142333984373,3164.8241672214526,3124.3098389363754,61.802402597633446,36.48276265123559,16.42101653231988,20.06174611891571
2023-01-23 00:00:00+05:30,3261.256314276461,3291.0966170340084,3230.0684789457364,3287.14990234375,1067916,0.0,0.0,3149.3280639648438,3146.2177685546876,3176.4742372331,3130.69572377588,66.43920828169512,41.518552301510226,17.16544494607561,24.353107355434616
2023-01-24 00:00:00+05:30,3296.8721929565613,3322.8139578091427,3289.460293714028,3307.74951171875,1387863,0.0,0.0,3160.952099609375,3149.488017578125,3188.976644326972,3137.6390095775614,68.15888454144168,46.63409933034063,17.82479357992481,28.809305750415824
2023-01-25 00:00:00+05:30,3297.160855773761,3306.4979354020884,3277.620224175869,3301.4443359375,874110,0.0,0.0,3172.3740844726562,3152.2028759765626,3199.6878530517843,3144.062747866187,67.02678200216238,49.607586833850746,16.638624866747932,32.968961967102814
2023-01-27 00:00:00+05:30,3297.8347715421955,3317.086579899126,3255.7696172837877,3283.444091796875,1785879,0.0,0.0,3182.3464965820312,3154.6775537109374,3207.664637694174,3149.5286829222923,63.77030750366982,49.935996748928574,13.573627825460605,36.36236892346797
2023-01-30 00:00:00+05:30,3292.059221158926,3329.0707756350903,3258.898028344936,3305.198486328125,1953798,0.0,0.0,3193.9750854492186,3157.6920458984373,3216.9535756593123,3155.63338109507,65.92501477350984,51.35962007236367,11.997800919116557,39.36181915324711
2023-01-31 00:00:00+05:30,3319.9742039734,3319.9742039734,3225.6403472063976,3233.05224609375,2820375,0.0,0.0,3201.7722900390627,3160.394853515625,3218.486782367354,3158.6694150165868,54.375181061059465,46.13444402419418,5.418099896757653,40.71634412743653
2023-02-01 00:00:00+05:30,3237.1916444577387,3291.0967090101126,3229.4909209502566,3280.84521484375,2205161,0.0,0.0,3209.6051391601563,3163.460068359375,3224.4256806984395,3163.4606228529465,59.44409150645828,45.327440991877666,3.6888774915529083,41.63856350032476
2023-02-02 00:00:00+05:30,3298.7970864972112,3339.2258806707982,3292.155307171656,3330.947509765625,1813847,0.0,0.0,3219.787451171875,3167.6528125,3234.570616800076,3170.0287360652082,63.96398792479904,48.175385892042414,5.2294579133741195,42.945927978668294
2023-02-03 00:00:00+05:30,3372.916483267327,3372.916483267327,3323.728023883384,3352.0283203125,1804469,0.0,0.0,3231.1912475585937,3170.9113916015626,3245.7570647536404,3177.1659746631412,65.69631348073999,51.539334607966794,6.874725303438801,44.66460930452799
2023-02-06 00:00:00+05:30,3343.2205498002386,3343.2205498002386,3308.278708417841,3330.514404296875,1138714,0.0,0.0,3246.2155029296873,3173.5604296875,3253.8291923291868,3183.1796385703465,62.39952618787112,51.87135429460477,5.765395992061414,46.10595830254336
2023-02-07 00:00:00+05:30,3339.129714613929,3362.3282370488696,3331.910286678669,3342.643310546875,1455647,0.0,0.0,3256.732556152344,3176.346376953125,3262.2876797784907,3189.4331159027597,63.511247166066866,52.50790521097815,5.121557526747836,47.386347684230316
2023-02-08 00:00:00+05:30,3347.937818806544,3407.473898151456,3347.937818806544,3388.414794921875,1986946,0.0,0.0,3271.120886230469,3180.008125,3274.2997859826223,3197.2363190015485,67.42541477624755,56.059533255590395,6.938548457088061,49.120984798502334
2023-02-09 00:00:00+05:30,3383.505128687069,3414.8856685492656,3374.1680491598845,3408.38818359375,1655427,0.0,0.0,3284.512414550781,3184.192939453125,3287.0701095646345,3205.5167842796745,68.98871229654985,59.79661149507319,8.540501357256687,51.256110137816506
2023-02-10 00:00:00+05:30,3388.318161631574,3409.8321507801293,3376.9113715447056,3405.211669921875,1187821,0.0,0.0,3297.4785888671877,3186.71314453125,3298.3216867415144,3213.3479562656435,68.42628117849576,61.78968182859171,8.42685735262016,53.36282447597155
2023-02-13 00:00:00+05:30,3416.233122474833,3416.233122474833,3343.461198644004,3352.12451171875,1087939,0.0,0.0,3305.894006347656,3188.860341796875,3303.445765310775,3218.7901741265496,59.67086018803772,58.41217523234036,4.039480605095044,54.372694627245316
2023-02-14 00:00:00+05:30,3373.8794408781555,3392.9869548244737,3364.25353662458,3369.162841796875,1579818,0.0,0.0,3313.8859130859373,3191.5983251953126,3309.7045344999274,3224.6871414861703,61.378911217901596,56.45949781720901,1.6694425519709526,54.79005526523806
2023-02-15 00:00:00+05:30,3356.552774222289,3394.0938003750475,3330.707127598765,3388.94384765625,1429449,0.0,0.0,3320.7323486328123,3195.4970849609376,3317.25113575291,3231.1285809438205,63.321154243306744,55.86418124636202,0.8593007848991618,55.00488046146286
2023-02-16 00:00:00+05:30,3395.248816336788,3441.26068451869,3395.0563452580195,3424.94482421875,1618931,0.0,0.0,3328.8204956054688,3200.2055029296876,3327.5076775115613,3238.7292179349943,66.61208641821722,57.633009057705294,2.1025028769939382,55.530506180711356
2023-02-17 00:00:00+05:30,3394.238100235669,3406.511128035548,3359.4405507119245,3370.17333984375,1061369,0.0,0.0,3334.9834716796877,3204.3855224609374,3331.5710739241504,3243.8838893823963,58.074867610135186,53.99282116422546,-1.2301480131887246,55.222969177414186
2023-02-20 00:00:00+05:30,3370.9918297987097,3390.243639220747,3345.0500636040024,3356.841796875,1296082,0.0,0.0,3340.9611572265626,3209.3895703125,3333.977809443279,3248.3136112448515,56.18725958257671,49.46203438790417,-4.608747831608014,54.07078221951218
2023-02-21 00:00:00+05:30,3363.291047743181,3377.633551511064,3315.8834678630005,3321.899658203125,1139541,0.0,0.0,3342.6986450195313,3213.8136572265626,3332.8275093251696,3251.1993385765486,51.46560294345091,42.56119568746999,-9.207669225633758,51.76886491310375
2023-02-22 00:00:00+05:30,3287.197933346832,3318.0490016722474,3267.994302488332,3274.29931640625,1218430,0.0,0.0,3341.0261352539064,3216.4243359375,3327.253395713844,3252.105220060066,45.81714561697607,32.87234954592623,-15.117212293742021,47.98956183966825
2023-02-23 00:00:00+05:30,3293.02166814168,3323.246911870269,3280.507993284667,3286.091064453125,1441570,0.0,0.0,3340.2584716796873,3218.6434423828123,3323.3331736890136,3253.4379982715586,47.358470154288256,25.847411820011985,-17.713720015725016,43.561131835737
2023-02-24 00:00:00+05:30,3294.46539811231,3305.48701036821,3255.769313921938,3273.240234375,977592,0.0,0.0,3339.7482788085936,3221.7424169921874,3318.5624175638695,3254.214556550125,45.82842305788544,19.023848389545492,-19.629826756953207,38.6536751464987
2023-02-27 00:00:00+05:30,3263.181570979313,3263.181570979313,3191.9498788694405,3207.20703125,1128022,0.0,0.0,3334.8487060546877,3224.7444189453126,3307.9571426768343,3252.3711241854144,38.877787161447465,8.193349744426996,-24.368260321657367,32.56161006608436
2023-02-28 00:00:00+05:30,3203.982170479624,3265.1066613390067,3176.451990829751,3188.917724609375,4116217,0.0,0.0,3332.641979980469,3228.1014599609375,3296.620055241838,3249.8827555745893,37.19513137737403,-1.8444312023616476,-27.524833014756812,25.680401812395164
2023-03-01 00:00:00+05:30,3198.6881054977107,3262.2190759951072,3190.9873818010565,3259.04248046875,1669307,0.0,0.0,3331.5518432617187,3232.0703564453124,3293.041238596782,3250.2419604723996,46.71735403660464,-4.093772716591957,-23.8193396231897,19.72556690659774
2023-03-02 00:00:00+05:30,3235.2665447182467,3243.833505832199,3193.875154827475,3197.196044921875,1556538,0.0,0.0,3324.8642700195314,3234.338134765625,3283.913124913458,3248.161728490026,40.83672336465946,-10.743043431291426,-24.374888270311335,13.631844839019909
2023-03-03 00:00:00+05:30,3228.52837287937,3232.378734683639,3206.485145552905,3217.12158203125,1043190,0.0,0.0,3318.118933105469,3237.1714208984376,3277.552025591343,3246.9444678445834,43.312508507436895,-14.240656632871833,-22.29800117751339,8.05734454464156
2023-03-06 00:00:00+05:30,3236.1327304038914,3277.572296156892,3233.3413121100148,3245.710693359375,1334132,0.0,0.0,3313.8787475585937,3241.1680419921877,3274.519517759727,3246.896084531438,46.75531265366255,-14.5380523215199,-18.076317492929167,3.538265171409269
2023-03-08 00:00:00+05:30,3238.154113629952,3268.9570065063363,3206.244335793791,3263.56640625,1844590,0.0,0.0,3309.92490234375,3245.05853515625,3273.47636428261,3247.549822638048,48.84496799076811,-13.18099147865587,-13.37540532005211,0.19441384139624152
2023-03-09 00:00:00+05:30,3258.3689031059857,3258.3689031059857,3206.2447205644494,3212.020263671875,1648500,0.0,0.0,3301.10517578125,3247.793564453125,3267.623402319683,3246.156506600159,43.53337949085904,-16.07949944015263,-13.019130625239098,-3.060368814913533
2023-03-10 00:00:00+05:30,3188.9654485491865,3212.4046173691213,3166.92222373044,3206.388427734375,1024404,0.0,0.0,3291.0051879882812,3250.461240234375,3261.791499978225,3244.5969740956184,42.98340328752494,-18.61643134300448,-12.444850022472757,-6.171581320531723
2023-03-13 00:00:00+05:30,3208.3133760826468,3243.736745088277,3149.595369499676,3159.173095703125,1901233,0.0,0.0,3278.703259277344,3251.96478515625,3252.018318618692,3241.2470180802266,38.58261103546246,-24.15836822274059,-14.389429521767095,-9.768938700973496
2023-03-14 00:00:00+05:30,3157.29673267932,3180.783846077983,3089.337751686357,3094.68017578125,2670334,0.0,0.0,3265.8310424804686,3252.4058544921877,3237.0337335865547,3235.4992987743844,33.5324115648962,-33.369766874730885,-18.88066253900591,-14.489104335724974
2023-03-15 00:00:00+05:30,3128.4189343046555,3138.3818393753368,3072.5886887078336,3079.23046875,1780522,0.0,0.0,3251.334423828125,3252.44830078125,3222.004851221169,3229.3711093616635,32.437065464725194,-41.438847668673134,-21.559794666358528,-19.879053002314606
2023-03-16 00:00:00+05:30,3087.9899204032577,3099.348533820189,3053.336666932398,3065.850341796875,1901060,0.0,0.0,3235.1797485351562,3251.28154296875,3207.13299318076,3222.9585302414757,31.478064019177186,-48.355900040031884,-22.78147763017382,-25.574422409858062
2023-03-17 00:00:00+05:30,3032.641360360787,3100.8889325852583,3026.3845221311904,3060.364013671875,6739966,0.0,0.0,3216.9507080078124,3249.9427978515623,3193.154995132295,3216.5822746897265,31.07240715329556,-53.66183448294805,-22.46992965847199,-31.19190482447606
2023-03-20 00:00:00+05:30,3051.074811423892,3051.074811423892,2979.2657028440667,3025.710693359375,2289468,0.0,0.0,3199.727575683594,3247.9779638671876,3177.2079187729696,3209.097114637556,28.568140620277756,-59.971742182719936,-23.023869886595094,-36.94787229612484
2023-03-21 00:00:00+05:30,3025.7104150587325,3038.6572087820823,2981.575551744714,2989.902099609375,1815297,0.0,0.0,3181.3805908203126,3247.175419921875,3159.3692693288176,3200.5012316952743,26.21681549385505,-67.088489401257,-24.112493684105715,-42.97599571715128
2023-03-22 00:00:00+05:30,3012.956035737857,3025.9028292176777,2989.9020433692863,3013.677978515625,1123939,0.0,0.0,3165.9695068359374,3244.8029345703126,3145.49390829899,3193.174829609798,30.31778602196057,-70.00309600558057,-21.621680230743436,-48.38141577483714
2023-03-23 00:00:00+05:30,2998.3728000618803,3028.646456724388,2984.992887250025,3007.758056640625,1372218,0.0,0.0,3152.642443847656,3242.9451318359374,3132.3762081410505,3185.903583611007,29.872574915258586,-71.96110809864831,-18.863753859048934,-53.097354239599376
2023-03-24 00:00:00+05:30,3031.10090186076,3051.4116538753306,2989.80586654157,3003.763427734375,1329577,0.0,0.0,3138.5260620117188,3240.209248046875,3120.1273719118435,3178.760832400159,29.557164217225807,-72.99375340512688,-15.917119332421997,-57.076634072704884
2023-03-27 00:00:00+05:30,3017.7209449945854,3034.806924826692,2989.805823015369,3005.49609375,1524217,0.0,0.0,3125.1388549804688,3237.40140625,3109.2101073250014,3171.9661367668195,29.90288620187,-72.83274997841363,-12.604892724566994,-60.227857253846636
2023-03-28 00:00:00+05:30,3010.020297074465,3031.7267584344518,2993.800554204942,2999.33544921875,1303530,0.0,0.0,3114.7452758789063,3233.7117919921875,3098.7458541720252,3165.1963058825813,29.35129988625588,-72.36805227076457,-9.71215601353434,-62.655896257230225
2023-03-29 00:00:00+05:30,3011.945546115427,3032.159945753785,2987.977137690062,3021.47509765625,1740616,0.0,0.0,3106.37314453125,3229.9547998046874,3091.386734503856,3159.560180069784,34.058760897162124,-69.413139920518,-5.405794930630222,-64.00734498988778
2023-03-31 00:00:00+05:30,3070.6147499472936,3092.8025024205403,3034.0844966167265,3085.968017578125,2382581,0.0,0.0,3097.7194213867188,3226.633857421875,3090.8706662252152,3156.6742129132485,45.45938420866115,-61.16227036549708,2.2760596995125724,-63.43833006500965
2023-04-03 00:00:00+05:30,3104.305890326854,3104.305890326854,3055.0213084220886,3080.289306640625,1521830,0.0,0.0,3091.8740844726562,3222.976005859375,3089.8629176933496,3153.6787263927536,44.72612891072144,-54.45391052833838,7.187535629337013,-61.6414461576754
2023-04-05 00:00:00+05:30,3066.331877517337,3142.232228479106,3066.331877517337,3118.6005859375,2655065,0.0,0.0,3086.948034667969,3220.4097412109377,3092.599838478507,3152.3031130415675,50.524230181991236,-45.52134523590348,12.896080737417535,-58.417425973321016
2023-04-06 00:00:00+05:30,3104.3542739240115,3135.494169713481,3094.728369198666,3100.215087890625,1703464,0.0,0.0,3079.6732543945313,3217.66828125,3093.32510032728,3150.2604453885897,47.92604027271234,-39.470784292739154,15.157313344465493,-54.62809763720465
2023-04-10 00:00:00+05:30,3099.541053914876,3149.595754164433,3094.728101967803,3141.3173828125,2203187,0.0,0.0,3073.5608032226564,3214.751630859375,3097.895793897301,3149.9097370522727,53.66291364910856,-31.001691260392363,18.90112510144983,-49.90281636184219
2023-04-11 00:00:00+05:30,3141.894987930848,3150.510124796393,3072.7327753976024,3093.572998046875,2348779,0.0,0.0,3067.6384399414064,3210.4681005859375,3097.484099054403,3147.7004531697085,47.16313929244816,-27.82173520483866,17.664864925602828,-45.48660013044149
2023-04-12 00:00:00+05:30,3107.1939050303167,3138.959390994179,3079.3269575271443,3120.38134765625,2417727,0.0,0.0,3063.3380859375,3206.8468408203125,3099.664789397436,3146.6291156985926,50.76889326346889,-22.87470202774739,18.089518482155277,-40.96422050990267
2023-04-13 00:00:00+05:30,3089.9153345741274,3109.167143512284,3061.037621166892,3069.556640625,4174070,0.0,0.0,3058.8572631835937,3202.569091796875,3096.797346657204,3143.606665695707,44.560256462857694,-22.79253355214587,14.537349566205435,-37.329883118351304
2023-04-17 00:00:00+05:30,3016.855083640128,3045.0587982525776,2955.393584101799,3022.052978515625,5505048,0.0,0.0,3055.2259033203127,3196.906181640625,3089.678835405625,3138.839854433743,39.67635175965289,-26.25787849249764,8.857603700682937,-35.115482193180576
2023-04-18 00:00:00+05:30,3036.924523398355,3038.7535861555325,2994.233780332622,3013.6298828125,2617302,0.0,0.0,3051.9458740234377,3192.517734375,3082.436078015803,3133.929659468204,38.86298763794287,-29.345585114474943,4.615917662964506,-33.96150277743945
2023-04-19 00:00:00+05:30,3013.629786644838,3022.533747525287,2956.5963074916936,2974.019287109375,3298034,0.0,0.0,3047.3543212890627,3186.3812158203127,3072.1106693580477,3127.6586644737404,35.20774804675541,-34.59012545713449,-0.5028981437560276,-34.08722731337846
2023-04-20 00:00:00+05:30,2974.404007277982,2996.543584031184,2962.8529237545727,2988.650390625,2419999,0.0,0.0,3043.7686401367187,3179.5352734375,3064.162071383472,3122.207359616927,37.54443844886307,-37.13775279036918,-2.440420381592574,-34.6973324087766
2023-04-21 00:00:00+05:30,2993.656187354414,3046.0691883919803,2984.8004025476484,3042.60400390625,1929184,0.0,0.0,3044.6133056640624,3173.346787109375,3062.108922099927,3119.085659392979,45.3687695044781,-34.40654291459441,0.23263159534575806,-34.63917450994017
2023-04-24 00:00:00+05:30,3033.21863743978,3061.9518192500896,3009.2018194764514,3056.031982421875,1640676,0.0,0.0,3047.9197998046875,3167.857138671875,3061.5301659401125,3116.6129661784257,47.14356672626622,-30.80343098885669,3.068594816866785,-33.872025805723474
2023-04-25 00:00:00+05:30,3063.9251443012536,3071.8183383249893,3029.7531862042715,3057.18701171875,2024090,0.0,0.0,3050.095251464844,3162.1480126953124,3061.1165322047445,3114.282536591772,47.30215375759465,-27.53730471009385,5.0677768765037,-32.60508158659755
2023-04-26 00:00:00+05:30,3062.0002127542307,3088.375097006355,3062.0002127542307,3078.508544921875,2000029,0.0,0.0,3053.632775878906,3155.9498876953126,3062.772914368281,3112.8796349576583,50.26843326408279,-22.963695379075034,7.713108966018016,-30.67680434509305
2023-04-27 00:00:00+05:30,3065.850590713949,3079.5193281357388,3052.037323719846,3068.690185546875,2434446,0.0,0.0,3056.879113769531,3149.155927734375,3063.336464004338,3111.146715372922,48.90333822696001,-19.901919638201434,8.619907765513293,-28.521827403714727
2023-04-28 00:00:00+05:30,3080.6741690666045,3106.5198148641657,3076.679512978415,3098.819091796875,2931312,0.0,0.0,3061.545263671875,3143.028076171875,3066.715761889341,3110.6632791542534,53.111238379233725,-14.872844474973135,10.919186342993278,-25.792030817966413
2023-05-02 00:00:00+05:30,3113.979882854357,3113.979882854357,3089.915123326889,3098.96337890625,2321159,0.0,0.0,3066.52666015625,3137.964853515625,3069.786963509999,3110.2044595366847,53.131144475368906,-10.751684683377789,12.032276907670902,-22.78396159104869
2023-05-03 00:00:00+05:30,3095.690523129981,3095.690523129981,3054.4434331953894,3060.94091796875,2468285,0.0,0.0,3068.499951171875,3131.8004150390625,3068.944482982261,3108.2725559457854,47.418202721302464,-10.433460252687382,9.880401070689047,-20.31386132337643
2023-05-04 00:00:00+05:30,3061.18199722786,3103.8248021626296,3059.1125217148865,3100.215087890625,1953253,0.0,0.0,3069.2123046875,3126.02583984375,3071.922635830677,3107.9565768063676,53.03555078393465,-6.932257069601292,10.705283403020111,-17.637540472621403
2023-05-05 00:00:00+05:30,3099.5413931605717,3122.64356503506,3089.9636647390957,3109.841064453125,1710027,0.0,0.0,3070.689892578125,3119.7237646484373,3075.5339147471004,3108.030478282711,54.323535926426565,-3.3422649118324443,11.436220448631168,-14.778485360463613
2023-05-08 00:00:00+05:30,3123.605494117748,3133.087102486518,3110.4180541332757,3128.99609375,928235,0.0,0.0,3071.20966796875,3114.9002197265627,3080.6255508426148,3108.8526592814283,56.858983846201774,1.0365320207783952,12.652013904993607,-11.615481884215212
2023-05-09 00:00:00+05:30,3130.9217459692736,3174.623257758366,3124.5685550890407,3160.425048828125,1107375,0.0,0.0,3074.220166015625,3110.971884765625,3088.225503031711,3110.8751059303186,60.7124291562244,6.9625541591613,14.86242883470121,-7.899874675539911
2023-05-10 00:00:00+05:30,3166.9222831649413,3182.8050240987477,3143.868291053415,3163.842041015625,1559987,0.0,0.0,3075.346398925781,3107.810732421875,3095.4270780777983,3112.9522406395463,61.11905443541371,11.798684223744203,15.75884711942729,-3.9601628956830877
2023-05-11 00:00:00+05:30,3185.2118590095006,3185.885625335697,3149.596011689056,3159.3662109375,1719623,0.0,0.0,3078.6360595703127,3105.5120703125,3101.516519302532,3114.772396337505,60.23955564805501,15.096170801173685,15.245066957485419,-0.14889615631173347
2023-05-12 00:00:00+05:30,3156.4784814216223,3166.9226821423026,3138.044967715473,3151.81005859375,1027479,0.0,0.0,3080.2074951171876,3102.8264501953126,3106.3063801874096,3116.2248536808875,58.703749996342154,16.90486555890402,13.643009372172603,3.2618561867314173
2023-05-15 00:00:00+05:30,3161.146728959696,3168.847451807344,3126.8304767728264,3133.27978515625,1150390,0.0,0.0,3083.39365234375,3100.0272412109375,3108.875275898728,3116.8936745230585,55.000468728693335,16.65108760987323,10.71138513851345,5.93970247135978
2023-05-16 00:00:00+05:30,3134.3866676837924,3162.1093169157693,3128.8517731412458,3136.263671875,986306,0.0,0.0,3089.1041870117188,3098.6083740234376,3111.483694563135,3117.6532822623503,55.487423664049615,16.500533597628873,8.448664901015274,8.0518686966136
2023-05-17 00:00:00+05:30,3134.146463214914,3157.296811532672,3078.605038867185,3088.6640625,1588815,0.0,0.0,3092.8558959960938,3096.60330078125,3109.3103962714076,3116.5164501148074,46.789173462322985,12.397418069828746,3.476439498572116,8.92097857125663
2023-05-18 00:00:00+05:30,3105.268242112862,3108.1560131159285,3075.476118266038,3080.144775390625,1369364,0.0,0.0,3098.1621704101562,3093.0253466796876,3106.5327180922854,3115.0901099295456,45.416903964999264,8.361844048498824,-0.44730761820624565,8.80915166670507
2023-05-19 00:00:00+05:30,3089.915043746611,3113.498507476141,3083.225087771757,3102.284423828125,1152449,0.0,0.0,3103.8438720703125,3091.1271142578125,3106.128118638556,3114.5879261608625,49.557323137778326,6.870903661576449,-1.5505984041028977,8.421502065679347
2023-05-22 00:00:00+05:30,3109.167201212303,3184.6823761721485,3096.701701694998,3175.297119140625,1333243,0.0,0.0,3110.4785278320314,3090.290625,3112.7156424958957,3116.9686788267354,60.2626006526909,11.44886163223191,2.4218876532420506,9.02697397898986
2023-05-23 00:00:00+05:30,3182.323877353372,3203.45268973117,3167.018783924424,3173.708740234375,1687418,0.0,0.0,3116.3623657226562,3088.8505859375,3118.524508947179,3119.193779274094,59.96445115566678,14.778401193560512,4.601141771656522,10.17725942190399
2023-05-24 00:00:00+05:30,3153.446251075901,3193.104929820546,3153.446251075901,3179.773193359375,1016555,0.0,0.0,3122.4916748046876,3087.1747216796875,3124.3577169864357,3121.5694425715565,60.76264459778723,17.702374020030675,6.020091678501348,11.682282341529326
2023-05-25 00:00:00+05:30,3170.772799109515,3182.3238839878736,3144.87921117683,3170.29150390625,1374917,0.0,0.0,3127.0808227539064,3086.340146484375,3128.7323633597516,3123.4801116435056,58.7891395591602,19.035125377613895,5.882274428867655,13.15285094874624
2023-05-26 00:00:00+05:30,3170.2915802907983,3213.752444189794,3167.885104216492,3204.3671875,1791115,0.0,0.0,3133.8646728515623,3086.2997216796875,3135.9356799445372,3126.6521538339566,63.390995551593356,22.580667435875966,7.542253189703782,15.038414246172184
2023-05-29 00:00:00+05:30,3235.0736955498733,3245.854660469286,3188.099239464494,3196.136962890625,1210372,0.0,0.0,3138.73056640625,3087.0389990234376,3141.669135463212,3129.3770483067674,61.601765055459644,24.444642100309466,7.524982283309825,16.91965981699964
2023-05-30 00:00:00+05:30,3190.9870284186554,3202.489936165168,3177.847764069308,3192.14208984375,1344224,0.0,0.0,3143.389501953125,3088.9882373046876,3146.476083499454,3131.8384224846886,60.7060971545123,25.307770359584083,6.710488434067553,18.59728192551653
2023-05-31 00:00:00+05:30,3185.211429566376,3203.211821891849,3143.001749227213,3166.44091796875,5815424,0.0,0.0,3148.664501953125,3090.7324462890624,3148.3774963060537,3133.195383091907,55.15041645911026,23.645366876285607,4.038467960615261,19.606898915670346
2023-06-01 00:00:00+05:30,3190.0244869227586,3215.051836548586,3174.1417458140604,3199.650390625,1177314,0.0,0.0,3153.636267089844,3093.408447265625,3153.260629098334,3135.801461818695,60.21680362654498,24.722639836293638,4.092592736498631,20.630047099795007
2023-06-02 00:00:00+05:30,3201.816117213641,3211.1050199881647,3174.093468430649,3181.938720703125,2030661,0.0,0.0,3157.2411499023438,3095.83994140625,3155.991875917838,3137.610766088673,56.54788134365728,23.87202088143431,2.593579025311442,21.278441856122868
2023-06-05 00:00:00+05:30,3190.9869831747915,3202.538067276782,3162.157449438389,3165.86328125,1861468,0.0,0.0,3159.084509277344,3098.6429931640623,3156.932009758996,3138.7187078597053,53.36952782157952,21.651164468900788,0.2981780902223363,21.35298637867845
2023-06-06 00:00:00+05:30,3157.29662016718,3165.815639502005,3100.1188424512707,3111.381103515625,2022849,0.0,0.0,3156.6323120117186,3101.0725732421874,3152.5938282120087,3137.6466449442514,44.28471462619912,15.318283705695649,-4.827762138386245,20.146045844081893
2023-06-07 00:00:00+05:30,3131.306328765714,3156.189382682169,3119.7552448600304,3152.386962890625,1567196,0.0,0.0,3156.0595581054686,3103.8467529296877,3152.574126752829,3138.224696628423,51.0399520602744,13.453180337592585,-5.354292405191448,18.807472742784032
2023-06-08 00:00:00+05:30,3139.007620337768,3147.67093483732,3112.055086339161,3115.3759765625,1759366,0.0,0.0,3153.8600463867188,3105.999111328125,3149.031445782322,3137.3286683905435,45.658967235482855,8.886161064754106,-7.93704934242394,16.823210407178046
2023-06-09 00:00:00+05:30,3123.605392059348,3128.41834335682,3085.4387822733497,3089.240966796875,1775689,0.0,0.0,3150.731591796875,3107.708662109375,3143.3371144503744,3135.4428761711843,42.2700500036392,3.121901185189472,-10.961047377590859,14.08294856278033
2023-06-12 00:00:00+05:30,3094.7282733334423,3132.6542427734985,3090.8779115625766,3125.434814453125,2324605,0.0,0.0,3150.3393432617186,3110.1074365234376,3141.632133498256,3135.050403162633,48.02362330223829,1.4574244408991035,-10.100419297504981,11.557843738404085
2023-06-13 00:00:00+05:30,3138.0447630040053,3142.8577150945025,3117.8303642239184,3122.3544921875,1371928,0.0,0.0,3149.6438842773437,3112.5678173828123,3139.7961676591362,3134.552524300863,47.58892450030171,-0.10898531944530987,-9.333463246279516,9.224477926834206
2023-06-14 00:00:00+05:30,3122.354553784423,3134.0501685995137,3105.172455486841,3129.4296875,1658544,0.0,0.0,3151.682165527344,3114.7269091796875,3138.8088838344565,3134.351628740045,48.73672608437223,-0.7705843908611314,-7.99604985415627,7.225465463295139
2023-06-15 00:00:00+05:30,3147.127860313962,3149.2127268782765,3112.895658216793,3119.005126953125,2273810,24.0,0.0,3153.6251831054688,3115.3876513671876,3136.92281175052,3133.749805140558,47.10002674140626,-2.1117385287202524,-7.469763193612314,5.358024664892062
2023-06-16 00:00:00+05:30,3100.2889793369777,3102.61628330564,3060.5292520448866,3078.857421875,4156189,0.0,0.0,3152.4538330078126,3115.359013671875,3131.392774619518,3131.5971626595556,41.34179036092991,-6.341100853460375,-9.35930041468195,3.018199561221574
2023-06-19 00:00:00+05:30,3093.5004111850235,3117.647075178396,3078.954171007037,3113.283203125,1468186,0.0,0.0,3149.353137207031,3115.252666015625,3129.6680535248024,3130.8789681680046,47.29225076211516,-6.836224388758637,-7.883539159984169,1.047314771225532
2023-06-20 00:00:00+05:30,3116.7740530937226,3134.714414009165,3104.2158478039496,3130.0595703125,1528452,0.0,0.0,3147.1706787109374,3115.8495556640623,3129.7053408379165,3130.846834918769,49.956461521606094,-5.807950295887167,-5.484212053690159,-0.32373824219700786
2023-06-21 00:00:00+05:30,3151.6853099080618,3162.7403575238104,3126.4232926114496,3159.63720703125,1645987,0.0,0.0,3146.1638793945312,3116.2159521484373,3132.5559947610914,3131.9758691192587,54.33866871216397,-2.576665381789553,-1.8023417116740361,-0.774323670115517
2023-06-22 00:00:00+05:30,3161.3828137061914,3168.801301373695,3132.3874034604783,3140.533203125,1529603,0.0,0.0,3144.6759643554688,3117.15515625,3133.315728890988,3132.3114508449744,51.218911125471024,-1.5396343176039409,-0.6122485179907391,-0.9273857996132018
2023-06-23 00:00:00+05:30,3139.369177193751,3151.1030006276533,3112.070594772104,3119.052978515625,1119505,0.0,0.0,3140.41025390625,3117.1285888671873,3131.957371712382,3131.7915107536273,47.88961586651648,-2.423122092934591,-1.1965890346571113,-1.2265330582774796
2023-06-26 00:00:00+05:30,3108.0463904324333,3116.677064178048,3077.0144139912986,3093.16064453125,1978803,0.0,0.0,3135.261437988281,3117.6006689453125,3128.2624453141793,3130.276574823338,44.16313471850327,-5.153184775005684,-3.1413213733825636,-2.0118634016231205
2023-06-27 00:00:00+05:30,3105.137413596128,3112.5559014093496,3086.033398783572,3100.628173828125,863542,0.0,0.0,3130.6857421875,3119.1721728515627,3125.630609934555,3129.1138924313686,45.48077738077573,-6.637696678586508,-3.7006666215707096,-2.9370300570157983
2023-06-28 00:00:00+05:30,3110.955591226229,3133.211289142848,3096.797157486778,3118.18017578125,1575872,0.0,0.0,3128.272705078125,3121.2631787109376,3124.921044777098,3128.6851192294034,48.553790456908544,-6.324972838366648,-2.710354225080679,-3.614618613285969
2023-06-30 00:00:00+05:30,3122.5926155935344,3209.870048948633,3116.871189664554,3202.3544921875,2672406,0.0,0.0,3128.40791015625,3125.8298828125,3132.295658816184,3131.574114247368,60.15340571084698,0.706878463025987,3.457197661049565,-2.750319198023578
2023-07-03 00:00:00+05:30,3214.040015743993,3218.403887408528,3169.8678896552733,3173.310546875,1687264,0.0,0.0,3127.9765014648438,3129.5230859375,3136.20183863131,3133.2108370955107,55.503232056118385,3.8912121532848687,5.313225081046758,-1.4220129277618887
2023-07-04 00:00:00+05:30,3190.475257598843,3214.718990559321,3178.159488605961,3208.755126953125,1656681,0.0,0.0,3130.12109375,3132.8461083984375,3143.1116756143397,3136.1733582663974,59.60709584828816,9.169204057545358,8.472973588245797,0.6962304692995607
2023-07-05 00:00:00+05:30,3219.5675777833094,3228.29532121706,3205.02133872706,3219.51904296875,1453008,0.0,0.0,3135.5279907226563,3136.115849609375,3150.388567743331,3139.441816490019,60.78978032119846,14.05855051304161,10.689856034993639,3.3686944780479706
2023-07-06 00:00:00+05:30,3206.5246236701705,3227.762038826216,3202.1122169650444,3222.3798828125,1848238,0.0,0.0,3139.02763671875,3139.41970703125,3157.2448834642046,3142.6942896791356,61.11565196122655,17.95723880031892,11.670835457816757,6.286403342502161
2023-07-07 00:00:00+05:30,3202.1121734965177,3255.3513151133234,3202.1121734965177,3228.537841796875,1789326,0.0,0.0,3144.6857299804688,3142.42029296875,3164.034689019697,3146.060703487675,61.85061045498461,21.29835895804672,12.009564492435647,9.288794465611073
2023-07-10 00:00:00+05:30,3224.174250145893,3224.174250145893,3166.4256272339235,3172.971435546875,1407431,0.0,0.0,3148.8722534179688,3144.50591796875,3164.885807736571,3147.1160263135257,52.253069012939264,19.240681557884272,7.96150967381856,11.279171884065713
2023-07-11 00:00:00+05:30,3195.324145108645,3195.324145108645,3162.158764307119,3173.40771484375,1110172,0.0,0.0,3151.2708984375,3145.9976904296873,3165.697417937255,3148.1470729225543,52.31563366009868,17.444077025224033,4.931924112926655,12.512152912297378
2023-07-12 00:00:00+05:30,3181.698668905409,3189.6505651906077,3151.7820474002465,3161.285400390625,1515240,0.0,0.0,3153.2174438476563,3147.244130859375,3165.277225789957,3148.662301450714,50.341767849509154,14.870665745253064,1.8868102663645487,12.983855478888515
2023-07-13 00:00:00+05:30,3184.656483099005,3265.582009290786,3173.7468042211544,3239.495849609375,4585146,0.0,0.0,3158.720751953125,3150.8152294921874,3172.345666153711,3152.224401378505,60.65584311258282,18.92400424426114,4.752119012298101,14.17188523196304
2023-07-14 00:00:00+05:30,3263.2062212255264,3418.2207333014203,3250.599480994937,3408.3291015625,6306101,0.0,0.0,3173.1869506835938,3156.977509765625,3194.820279049786,3162.267722954348,73.46729716477425,35.352218275422274,16.944266434767385,18.40795184065489
2023-07-17 00:00:00+05:30,3403.8196999399315,3442.5125984081183,3371.866511076431,3386.0732421875,2743228,0.0,0.0,3188.547741699219,3162.5021533203126,3213.0348469676637,3171.044409983099,70.22122873445934,46.04505566279522,22.109683057712264,23.935372605082957
2023-07-18 00:00:00+05:30,3370.8482611792506,3417.396223358941,3360.1810198464045,3391.067626953125,2600090,0.0,0.0,3202.436962890625,3167.743583984375,3229.990349823422,3179.672771432904,70.53584409625722,54.29631729331868,24.288755750588578,30.0075615427301
2023-07-19 00:00:00+05:30,3394.122557529642,3410.462927972972,3341.416588255637,3365.07861328125,2405370,0.0,0.0,3214.1879150390623,3171.8366552734374,3242.8558987241677,3186.9435887602904,66.59313191559687,58.06902184149021,22.449168239008088,35.619853602482124
2023-07-20 00:00:00+05:30,3357.3492402376382,3382.433643300454,3340.771971447205,3367.266357421875,1715404,9.0,0.0,3224.569372558594,3175.9051416015627,3254.704513838235,3194.015069884274,66.76156105926168,60.53761015863711,19.934205244923987,40.60340491371312
2023-07-21 00:00:00+05:30,3309.659078172915,3339.653495494553,3265.9068840566583,3274.900390625,3770223,0.0,0.0,3231.287731933594,3178.2158251953124,3256.6279306750694,3197.187043246656,54.31145501413048,54.41357675769268,11.048137475183644,43.36543928250904
2023-07-24 00:00:00+05:30,3287.2482172466443,3318.798363398518,3278.595100383834,3300.616943359375,1680132,0.0,0.0,3240.365930175781,3181.191962890625,3260.8173604545273,3201.24311776088,56.73086904440324,51.04691004621736,6.145176610966658,44.901733435250705
2023-07-25 00:00:00+05:30,3303.2906232371693,3312.3327907396247,3286.470287968445,3304.894775390625,1272980,0.0,0.0,3250.95263671875,3184.6242626953126,3265.0152094960604,3205.307888648321,57.1374773584478,48.168728596172514,2.6135961287374414,45.55513246743507
2023-07-26 00:00:00+05:30,3306.062105549368,3325.993662952965,3291.137649325643,3294.34619140625,1066803,0.0,0.0,3260.638537597656,3187.7859130859374,3267.8086363446496,3208.7995867956906,55.74634141305533,44.5233292665157,-0.8254425607355032,45.348771827251205
2023-07-27 00:00:00+05:30,3300.8116384092814,3317.048517886684,3291.186249715676,3302.70751953125,1701769,0.0,0.0,3269.8649047851563,3192.0667822265623,3271.132339505278,3212.4822508245365,56.64735206313188,41.826859337109,-2.8175299921137693,44.64438932922277
2023-07-28 00:00:00+05:30,3291.1369794549046,3299.595688766931,3238.63435112682,3262.357666015625,2599831,0.0,0.0,3272.8650634765627,3195.7110400390625,3270.2966563157875,3214.4381494594813,51.226959936075275,36.018789347443544,-6.900479985423381,42.919269332866925
2023-07-31 00:00:00+05:30,3271.108310483589,3331.632177514304,3267.7053621364807,3326.576416015625,2743678,0.0,0.0,3280.528356933594,3200.1968798828125,3275.656633430058,3218.835728540115,58.0989234099283,36.18069987579747,-5.3908555656555635,41.571555441453036
2023-08-01 00:00:00+05:30,3320.305678796928,3364.057876614164,3320.305678796928,3356.328369140625,1956167,0.0,0.0,3287.907019042969,3203.8175048828125,3283.3396558786835,3224.2275967989585,60.85099697878094,38.268612363814555,-2.642354462110788,40.91096682592534
2023-08-02 00:00:00+05:30,3339.702243366992,3350.8346989074603,3318.9443998189768,3345.244140625,1914899,0.0,0.0,3294.1932739257813,3207.248212890625,3289.2353210926185,3228.973343615666,59.28863738057904,38.58411973222428,-1.8614776749608524,40.44559740718513
2023-08-03 00:00:00+05:30,3325.1671788309727,3338.0497709711804,3274.6090813750634,3305.673095703125,2026351,0.0,0.0,3298.3579345703124,3209.7662109375,3290.8008234364765,3231.9811770308606,53.96194487676391,35.23494249453597,-4.168523930119335,39.403466424655306
2023-08-04 00:00:00+05:30,3306.936852653012,3374.75275723884,3306.936852653012,3348.06396484375,2248493,0.0,0.0,3304.3342407226564,3213.32166015625,3296.254455951455,3236.5334432196014,58.28560540965398,35.591013222726815,-3.0499625615427988,38.640975784269614
2023-08-07 00:00:00+05:30,3358.1754651174247,3391.2813410499534,3345.827670552796,3387.44091796875,1853889,0.0,0.0,3315.05771484375,3216.983134765625,3304.938880905483,3242.4513834058425,61.86803962379259,38.60557186905635,-0.028323132170612553,38.63389500122696
2023-08-08 00:00:00+05:30,3387.440766782241,3393.177070635274,3360.7519757652844,3374.36376953125,1634225,0.0,0.0,3325.105517578125,3220.5476708984374,3311.5507750603183,3247.6244181558586,60.024401230422164,39.48426470100594,0.6802957598231814,38.80396894118276
2023-08-09 00:00:00+05:30,3368.8216366626725,3370.863500676895,3330.0767803825624,3366.48828125,1794589,0.0,0.0,3335.3656616210938,3224.0345947265623,3316.782918506955,3252.285746120335,58.88632086894794,39.094492046040614,0.23241848388628483,38.86207356215433
2023-08-10 00:00:00+05:30,3354.3351432692134,3368.821887055567,3334.938383175785,3346.654296875,1096701,0.0,0.0,3340.723583984375,3227.6388623046873,3319.627811684864,3255.9864736009104,56.00627791843653,36.761395149175314,-1.680542730383209,38.44193787955852
2023-08-11 00:00:00+05:30,3342.7652042322084,3370.5233529149823,3319.3333768927923,3353.16845703125,1679974,0.0,0.0,3337.9655517578126,3230.7092236328126,3322.8221588607103,3259.7975317746495,56.75437823321112,35.03418505555874,-2.7262022591998303,37.76038731475857
2023-08-14 00:00:00+05:30,3345.2930303925195,3359.1965541981062,3316.416627024527,3354.189453125,1190425,0.0,0.0,3336.3713623046874,3234.15423828125,3325.8095202192144,3263.4991757491734,56.87814865207244,33.363154783929076,-3.517786024663593,36.88094080859267
2023-08-16 00:00:00+05:30,3354.334971620699,3369.8913077209686,3339.945313253779,3362.501953125,1328445,0.0,0.0,3334.943078613281,3238.08701171875,3329.304037638813,3267.381637607049,57.93375198856682,32.336841553632894,-3.6352794039678216,35.972120957600715
2023-08-17 00:00:00+05:30,3359.196687631885,3364.835907548395,3318.5557077284734,3340.48046875,1843241,0.0,0.0,3333.713171386719,3242.6689990234377,3330.368459649402,3270.2482584361846,54.151801166945276,29.40753936831743,-5.251665271426631,34.65920463974406
2023-08-18 00:00:00+05:30,3315.443971791031,3315.443971791031,3263.427475459412,3273.733642578125,2526749,0.0,0.0,3329.0365356445313,3245.0959326171874,3324.9746675473757,3270.3849401672414,44.63974077597069,21.452840247953645,-10.565091513432336,32.01793176138598
2023-08-21 00:00:00+05:30,3281.41499759064,3315.2014186769434,3278.498184259448,3307.325927734375,1375579,0.0,0.0,3330.6578125,3248.934931640625,3323.2938351842326,3271.833606346345,49.452103882318035,17.65577576158148,-11.4897247998436,29.14550056142508
2023-08-22 00:00:00+05:30,3305.7213429362537,3316.4163237516354,3271.740519547004,3288.3662109375,1222012,0.0,0.0,3330.045275878906,3252.9174365234376,3319.967394779782,3272.481943781292,46.97033729335183,12.967206225651807,-12.942635468618619,25.909841694270426
2023-08-23 00:00:00+05:30,3294.053998094148,3307.665791474702,3282.3867466251013,3304.019775390625,1330046,0.0,0.0,3330.0015258789062,3256.4891357421875,3318.4485738855765,3273.718721491462,49.23551474924768,10.3947684974587,-12.412058557449384,22.806827054908084
2023-08-24 00:00:00+05:30,3313.4997682366616,3318.4097845575466,3284.428958528236,3293.811279296875,1152881,0.0,0.0,3329.9747802734373,3259.918271484375,3316.102164877129,3274.5066649348114,47.80148564745771,7.4465139679205095,-12.28825046959006,19.73476443751057
2023-08-25 00:00:00+05:30,3281.414927863605,3291.915503106943,3257.351218392605,3287.540283203125,1158046,0.0,0.0,3329.216418457031,3263.0804833984375,3313.381985670081,3275.0177872198433,46.897853047750814,4.551516981824534,-12.146597964548828,16.698114946373362
2023-08-28 00:00:00+05:30,3299.8880610675938,3299.8880610675938,3266.928166248649,3281.94970703125,1037485,0.0,0.0,3330.1960205078126,3266.339375,3310.388435323526,3275.2896272124476,46.061871299779334,1.785515922234481,-11.930079219311105,13.715595141545586
2023-08-29 00:00:00+05:30,3287.296740777448,3295.561043846931,3271.691744566196,3282.532470703125,944517,0.0,0.0,3327.9938232421873,3270.4128759765626,3307.7354863120595,3275.5736602905135,46.16959024818864,-0.35543841469916515,-11.256826844995802,10.901388430296636
2023-08-30 00:00:00+05:30,3303.7766767888247,3313.5967082985385,3289.241273610257,3296.922119140625,1188200,0.0,0.0,3325.0235107421877,3274.085654296875,3306.705641819542,3276.4108547552237,48.88411917878123,-0.8808815279417104,-9.425815966590678,8.544934438648967
2023-08-31 00:00:00+05:30,3306.69356766411,3322.638716617476,3250.933732608294,3263.71923828125,3417652,0.0,0.0,3320.947265625,3276.75884765625,3302.611698625419,3275.9131443052643,43.44067670388439,-3.9311778074074937,-9.980889796845169,6.049711989437675
2023-09-01 00:00:00+05:30,3272.6641174181177,3295.026349949495,3263.7192718797355,3285.498046875,1277950,0.0,0.0,3319.938513183594,3279.276064453125,3300.981827030141,3276.289022837411,47.56515362520892,-4.538870471220434,-8.470865968526489,3.931995497306054
2023-09-04 00:00:00+05:30,3284.331519615237,3337.6606802388,3276.6020124473293,3323.70849609375,1828332,0.0,0.0,3318.720739746094,3282.9395703125,3303.1462717028658,3278.148610023934,53.914919755006956,-1.9151309342937566,-4.6777011452798485,2.762570210986092
2023-09-05 00:00:00+05:30,3325.1674702052837,3351.418792338483,3310.729148083665,3334.25830078125,1501842,0.0,0.0,3316.0616088867187,3287.2436767578124,3306.109322091283,3280.348990053633,55.51662436574358,1.003910170099516,-1.4069280327092608,2.410838202808777
2023-09-06 00:00:00+05:30,3338.778642410386,3348.404030443951,3303.8742081617165,3334.792236328125,1314818,0.0,0.0,3314.0830322265624,3292.07630859375,3308.841028209077,3282.4840193192995,55.600730370367714,3.3220607636617387,0.7289780486823694,2.5930827149793694
2023-09-07 00:00:00+05:30,3335.6674740804224,3364.057740485493,3327.403170382698,3359.439453125,1885092,0.0,0.0,3313.7305908203125,3297.2525341796877,3313.6599258201177,3285.5018794685425,59.41537862684781,7.066577118326222,3.578795522677482,3.48778159564874
2023-09-08 00:00:00+05:30,3359.43963059144,3368.919273569016,3339.799802358227,3346.459716796875,1518917,0.0,0.0,3313.7208618164063,3301.818125,3316.7837154369518,3287.892382893183,56.65481254399122,8.884363647876398,4.317265641782127,4.567098006094271
2023-09-11 00:00:00+05:30,3366.002250303751,3389.0450258602564,3349.473643066557,3384.135009765625,1783604,0.0,0.0,3315.269189453125,3305.4537353515625,3323.198124420635,3291.6666035548474,62.151747106016316,13.21274554006959,6.916518027180254,6.296227512889336
2023-09-12 00:00:00+05:30,3395.17034405978,3490.355580349542,3386.419905028698,3481.508056640625,4476016,0.0,0.0,3321.635119628906,3311.617685546875,3338.2752608225387,3299.111366420956,72.02594640878564,24.22100579845346,14.3398226284513,9.881183170002162
2023-09-13 00:00:00+05:30,3472.0773614903574,3489.33517322375,3446.7009912607946,3468.91748046875,1754929,0.0,0.0,3326.9558959960937,3316.8209326171873,3350.7173769793208,3305.770429716948,69.50107590841151,31.56531182423487,17.347302923386163,14.218008900848705
2023-09-14 00:00:00+05:30,3471.0564511310204,3497.939651811896,3447.284470462897,3461.333740234375,2604721,0.0,0.0,3332.9985595703124,3321.6572265625,3361.2522687178976,3311.870951698024,67.9558238044284,36.354708357655,17.709359565445034,18.645348792209965
2023-09-15 00:00:00+05:30,3468.9171012936326,3507.321804896822,3463.666695593728,3498.522705078125,2952897,0.0,0.0,3344.2380126953126,3327.1800830078123,3374.325643609348,3319.1906283011654,71.32293765315835,42.65942695846661,19.211262533005318,23.448164425461293
2023-09-18 00:00:00+05:30,3480.778898202534,3518.9405355794106,3476.1119498517005,3506.155029296875,1395753,0.0,0.0,3354.1794677734374,3332.7324267578124,3386.8808231986363,3326.522565595115,71.97381635045241,47.72172036449001,19.418844751222974,28.302875613267037
2023-09-20 00:00:00+05:30,3480.729912112626,3524.482103745326,3480.729912112626,3506.0576171875,1649396,0.0,0.0,3365.0640380859377,3339.394150390625,3398.2309940547184,3333.5631558536397,71.95137002346604,51.136296621287784,18.266736806416596,32.86955981487119
2023-09-21 00:00:00+05:30,3489.043425926729,3505.037237692512,3430.172364654419,3485.883544921875,2004073,0.0,0.0,3374.1572265625,3345.6436669921877,3406.5788560420665,3339.536504444551,67.27217112755626,51.61945690817356,14.999917674641893,36.61953923353167
2023-09-22 00:00:00+05:30,3484.619334645389,3532.989817876028,3466.1948462960304,3503.724365234375,1989083,0.0,0.0,3384.652880859375,3352.4924462890626,3415.8308092984767,3345.9752440833677,69.18095826351592,52.83294471447243,12.970724384752614,39.86222032971982
2023-09-25 00:00:00+05:30,3502.6063941347006,3519.6211372012817,3459.972214416668,3477.959228515625,1238778,0.0,0.0,3394.173828125,3357.2617138671876,3421.7478016048717,3351.151086610123,63.42760632181563,51.12625964253266,9.011231450250271,42.11502819228239
2023-09-26 00:00:00+05:30,3468.6740105066046,3495.265479136493,3437.950152879817,3486.27197265625,1726062,0.0,0.0,3404.38994140625,3358.8205712890626,3427.892960752622,3356.4499448864417,64.45470722060789,49.86960266983715,6.203659582043805,43.665943087793345
2023-09-27 00:00:00+05:30,3490.453003185398,3513.787507942069,3457.104059329817,3489.7724609375,1541134,0.0,0.0,3414.7519409179686,3360.8945556640624,3433.7862464845152,3361.6782788492283,64.90171442680997,48.59596903366764,3.9440207566994374,44.651948276968206
2023-09-28 00:00:00+05:30,3500.175335318442,3502.897741386745,3429.5399474581955,3438.67919921875,1755753,0.0,0.0,3421.839794921875,3361.846787109375,3434.252241983014,3364.697922785288,54.1897471596055,42.96849195615641,-1.3467650566494385,44.31525701280585
2023-09-29 00:00:00+05:30,3439.117003581703,3469.500472948857,3408.344720754992,3430.755615234375,2243791,0.0,0.0,3430.191613769531,3363.1603271484373,3433.919229911715,3367.2884205283895,52.73608438569294,37.43774974617736,-5.5020058133027945,42.939755559480155
2023-10-03 00:00:00+05:30,3436.1998776685964,3436.1998776685964,3383.6001627117107,3416.414306640625,1948148,0.0,0.0,3436.7374267578125,3364.1432861328126,3432.252094362087,3369.214925866124,50.115659053896835,31.533870124087116,-9.124708348314428,40.658578472401544
2023-10-04 00:00:00+05:30,3389.6285581718475,3449.617633581549,3380.878118853293,3439.65185546875,1788138,0.0,0.0,3442.5345947265623,3367.4383154296875,3432.9568335151025,3371.9771583995603,54.0958345568499,28.40267066715296,-9.804726244198868,38.20739691135183
2023-10-05 00:00:00+05:30,3455.451169767769,3523.510140472255,3452.728763465419,3489.821044921875,2990768,0.0,0.0,3450.3127319335936,3371.2223974609374,3438.3724726967,3376.5984872827885,61.27900183608869,29.627875143967685,-6.863617413907313,36.491492557875
2023-10-06 00:00:00+05:30,3491.4249915763594,3534.156252478628,3475.9173173530494,3520.98193359375,2075691,0.0,0.0,3459.622216796875,3375.544140625,3446.2400404011805,3382.260583216552,64.94789772374095,32.73592247548004,-3.0044560659159742,35.74037854139601
2023-10-09 00:00:00+05:30,3543.9768153707187,3576.985371693498,3530.316358961428,3537.462646484375,4233074,0.0,0.0,3468.5233764648438,3380.4064697265626,3454.9279076471994,3388.346938638819,66.74273945586789,36.11264409143814,0.29781244003370233,35.81483165140444
2023-10-10 00:00:00+05:30,3539.1156238772305,3546.845131994984,3501.488778092579,3528.274658203125,1848148,0.0,0.0,3477.614123535156,3384.9178125,3461.9133124620494,3393.8343001903604,64.75208905677285,37.61373866735812,1.4391256127629433,36.17461305459518
2023-10-11 00:00:00+05:30,3548.78943470748,3548.78943470748,3505.037236197388,3509.80126953125,2426417,0.0,0.0,3483.8974365234376,3389.8666845703124,3466.4740702781637,3398.3820244782387,60.824038763341264,36.88750268700505,0.5703117059278995,36.317190981077154
2023-10-12 00:00:00+05:30,3475.868995681339,3489.140400534687,3439.992288967966,3444.31884765625,4241281,0.0,0.0,3482.037976074219,3392.221533203125,3464.3640490760768,3400.1834685244353,49.387317376470406,30.674475000836537,-4.514172784192496,35.18864778502903
2023-10-13 00:00:00+05:30,3432.116619201622,3477.813356057848,3427.255264216917,3471.833984375,2890357,0.0,0.0,3482.183801269531,3394.5316455078123,3465.075471485498,3402.9932926754377,53.35606172313886,27.65209128125025,-6.029245203023031,33.68133648427328
2023-10-16 00:00:00+05:30,3467.1180154447925,3475.528063747612,3421.518605366661,3426.331298828125,1671104,0.0,0.0,3480.4336791992187,3396.153388671875,3461.385550280034,3403.9085086029945,46.817899001001926,21.33915941992882,-9.87374165147557,31.21290107140439
2023-10-17 00:00:00+05:30,3432.116549971156,3436.1513795787328,3406.2056233736766,3409.802978515625,1672065,0.0,0.0,3475.997692871094,3398.235986328125,3456.4729243977094,3404.139664285843,44.676359400342115,14.831450393452997,-13.105160542361112,27.93661093581411
2023-10-18 00:00:00+05:30,3413.643437911656,3425.0189609939,3387.3921212430105,3390.552001953125,1408245,0.0,0.0,3470.2175415039064,3399.0857470703127,3450.194741307749,3403.606814782599,42.25214155816269,8.02810814956456,-15.926802228999641,23.9549103785642
2023-10-19 00:00:00+05:30,3382.0228652804917,3389.1876435873023,3364.866522088502,3368.52197265625,1514545,9.0,0.0,3463.3407592773438,3398.7073681640627,3442.4163823885588,3402.2309386207817,39.6037787188986,0.848984588368694,-18.484740632156406,19.3337252205251
2023-10-20 00:00:00+05:30,3363.4041833292404,3411.266309034359,3357.214430117309,3406.441162109375,1481211,0.0,0.0,3459.3686401367186,3399.348916015625,3438.9901709333985,3402.396045424256,45.89058725138655,-1.760467300505752,-16.87535401682468,15.11488671631893
2023-10-23 00:00:00+05:30,3385.4346364762705,3391.2345704764457,3315.5424688601106,3324.169189453125,1106272,0.0,0.0,3450.3908813476564,3398.5025341796877,3428.0548393638487,3399.3283255822507,36.912705306122554,-10.347853723906155,-20.37019235218007,10.022338628273914
2023-10-25 00:00:00+05:30,3305.0143312076684,3338.644472610607,3292.049620403151,3304.62451171875,1518537,0.0,0.0,3441.7241455078124,3397.6619384765627,3416.2995700643155,3395.6144505287803,35.15325461005561,-18.51705836237352,-22.831517592517947,4.314459230144427
2023-10-26 00:00:00+05:30,3283.1307476541115,3288.638197910815,3246.0400621101653,3252.619873046875,1984471,0.0,0.0,3430.041540527344,3395.650966796875,3400.711027491226,3390.006820039294,30.928869315307775,-28.85492994340302,-26.53551133883796,-2.3194186045650627
2023-10-27 00:00:00+05:30,3265.535670090054,3277.2331112963466,3252.86344211657,3266.461669921875,1108851,0.0,0.0,3418.8760009765624,3393.8964111328123,3387.9253743893833,3385.161912191552,33.228838336167485,-35.52138194485451,-26.56157067223156,-8.959811272622952
2023-10-30 00:00:00+05:30,3265.535514184624,3297.557353152062,3249.695229974027,3293.36572265625,910972,0.0,0.0,3411.6103271484376,3392.5136865234376,3378.919693271942,3381.56206162154,37.579568086645764,-38.19339133533094,-23.38686405016639,-14.806527285164552
2023-10-31 00:00:00+05:30,3313.300288584184,3313.300288584184,3265.58452296372,3283.81298828125,999811,0.0,0.0,3404.2631958007814,3391.3803369140624,3369.861911844257,3377.7287646278032,36.66601956117189,-40.613635151683866,-20.645686293215448,-19.967948858468418
2023-11-01 00:00:00+05:30,3270.4097379320942,3286.5912941245306,3227.519118418231,3246.673583984375,1563475,0.0,0.0,3395.776159667969,3390.8391357421874,3358.129690143316,3372.5893457790417,33.27882788595077,-45.009691645139355,-20.03339422933675,-24.976297415802605
2023-11-02 00:00:00+05:30,3258.9073073125733,3290.831576238539,3258.9073073125733,3275.38134765625,1245384,0.0,0.0,3387.562634277344,3390.200244140625,3350.248895620738,3368.777267421285,38.043285821309794,-45.650886477922995,-16.539671249696312,-29.111215228226683
2023-11-03 00:00:00+05:30,3296.729051474774,3302.4801985645154,3259.979635665342,3266.4130859375,1402598,0.0,0.0,3376.392236328125,3389.761181640625,3342.264532793763,3364.76298579447,37.15077939081392,-46.34842596860335,-13.789768592301336,-32.558657376302016
2023-11-06 00:00:00+05:30,3289.905318722959,3306.769177287052,3274.308730545309,3295.02294921875,1099852,0.0,0.0,3365.094287109375,3389.5812451171873,3337.7653343580473,3362.0280823993435,41.83849405484483,-44.08447578110372,-9.220654723841363,-34.863821057262356
2023-11-07 00:00:00+05:30,3292.829658300184,3318.3202367487197,3281.1322172405025,3285.469970703125,1191144,0.0,0.0,3352.4946533203124,3389.4144189453127,3332.7848235337688,3359.0258035092957,40.74566952971851,-42.57039941002313,-6.1652626822086205,-36.40513672781451
2023-11-08 00:00:00+05:30,3286.445084943428,3316.1760839327303,3284.5930851184507,3296.29052734375,992899,0.0,0.0,3340.8954467773438,3389.589423828125,3329.3091762775766,3356.565596600843,42.5753213310376,-40.03584617462502,-2.9045675574484093,-37.13127861717661
2023-11-09 00:00:00+05:30,3304.624848929213,3305.9894552647097,3257.786295265425,3263.050048828125,2112352,0.0,0.0,3328.5578857421874,3389.2114306640624,3322.9987831871526,3352.898320217599,38.629233142764214,-40.24549823731604,-2.4913756961115467,-37.754122541204495
2023-11-10 00:00:00+05:30,3253.8381593241625,3263.049846480183,3238.5828419377663,3249.40283203125,1338557,0.0,0.0,3318.8120849609377,3388.548837890625,3315.9896449818284,3348.839673622056,37.10853112138232,-41.03978426182675,-2.628529376497802,-38.41125488532895
2023-11-13 00:00:00+05:30,3271.384269225868,3271.384269225868,3243.1154540269554,3247.55078125,1030990,0.0,0.0,3307.5979248046874,3387.5614111328123,3309.4716579597493,3344.867560195701,36.89625370585411,-41.34214022071001,-2.344708268304842,-38.997431952405165
2023-11-15 00:00:00+05:30,3297.801364025315,3326.947394555642,3271.433333122492,3318.466796875,2059802,0.0,0.0,3302.204699707031,3388.6563623046877,3310.3283378564397,3343.832236143909,48.940569055796516,-35.45077523583814,2.83732537325362,-38.28810060909176
2023-11-16 00:00:00+05:30,3343.5676085583573,3440.3639882215098,3328.11714213323,3409.658203125,3951984,0.0,0.0,3302.1974609375,3391.1395654296875,3319.788325024874,3346.413646613756,59.61493389392501,-23.15650786608603,12.10527419440458,-35.26178206049061
2023-11-17 00:00:00+05:30,3409.6582132106078,3435.6361870718983,3404.491795407471,3414.14208984375,2021292,0.0,0.0,3303.3769653320314,3392.9482373046876,3328.7743978647673,3349.0696639953244,60.0571056578603,-12.902666309757478,17.887292600586505,-30.789958910343984
2023-11-20 00:00:00+05:30,3403.2243189506144,3444.7988795971214,3403.2243189506144,3430.859619140625,1475621,0.0,0.0,3306.49384765625,3394.880263671875,3338.4967998910392,3352.277113216709,61.739111141792776,-3.3883987498097667,21.921248128427376,-25.309646878237142
2023-11-21 00:00:00+05:30,3430.859916589253,3449.8194733581145,3412.728785857677,3421.69677734375,1807236,0.0,0.0,3307.256628417969,3396.6183544921873,3346.420607267488,3354.999452986397,60.241744363350165,3.3734747649264136,22.946497314530845,-19.57302254960443
2023-11-22 00:00:00+05:30,3411.753343512574,3443.580033080188,3393.329970651617,3441.14306640625,1798051,0.0,0.0,3313.105322265625,3398.2524267578124,3355.441793852132,3358.3776339048227,62.3298679341796,10.184065680147796,23.805670583801785,-13.621604903653987
2023-11-23 00:00:00+05:30,3440.997512002957,3454.644527631297,3411.753907085085,3419.7958984375,2729804,0.0,0.0,3318.8638916015625,3399.719150390625,3361.5707561935956,3360.786193298261,58.686087145823066,13.701033018724047,21.858110337902428,-8.15707731917838
2023-11-24 00:00:00+05:30,3406.1485345948618,3416.1888855205752,3365.938581943495,3369.935302734375,1989733,0.0,0.0,3324.7296630859373,3399.43515625,3362.36737967367,3361.144981903599,51.16273083071548,12.32287121344234,16.383958826096578,-4.061087612654236
2023-11-28 00:00:00+05:30,3369.9354729068727,3393.476478453867,3346.443016310844,3382.65625,1689195,0.0,0.0,3330.5393920898437,3397.4581201171877,3364.2996530380824,3361.988561044634,52.82438529010142,12.117459652562957,12.942837812173755,-0.8253781596107976
2023-11-29 00:00:00+05:30,3393.232957855301,3429.3000705932054,3388.1641139323924,3425.1572265625,1441634,0.0,0.0,3337.1289672851562,3396.5829150390623,3370.0956124213603,3364.4657636139623,57.969742567146646,15.20882525341176,12.827362730418045,2.381462522993714
2023-11-30 00:00:00+05:30,3411.2175845764045,3427.9838697669406,3393.232815898401,3399.66650390625,3266235,0.0,0.0,3342.9216430664064,3395.3495703125,3372.9118878008735,3365.846184801895,54.15467819874163,15.424067432456468,10.434083927570203,4.989983504886265
2023-12-01 00:00:00+05:30,3411.753692612717,3428.276280755645,3402.0546118550137,3423.10986328125,1172141,0.0,0.0,3351.74345703125,3393.8413134765624,3377.692647370433,3368.0918192520658,56.960075528764406,17.287057153275782,9.837658918711615,7.4493982345641685
2023-12-04 00:00:00+05:30,3455.2779803492003,3458.3487016001586,3409.8042707320046,3423.889892578125,1625213,0.0,0.0,3359.1688842773438,3392.1960107421874,3382.0923850092604,3370.279978990343,57.05424180160388,18.61188554337423,8.929989847048049,9.68189569632618
2023-12-05 00:00:00+05:30,3448.7956691793693,3448.7956691793693,3414.4832217071003,3442.55712890625,1377656,0.0,0.0,3367.9760864257814,3390.9260009765626,3387.8509320470694,3373.114377026261,59.34656036663346,20.926879510015624,8.995987050951555,11.930892459064069
2023-12-06 00:00:00+05:30,3443.531990915003,3521.7586326609157,3436.269638769857,3513.229248046875,1896572,0.0,0.0,3378.8864013671873,3391.4729150390626,3399.791724047051,3378.609077850599,66.61249429184066,28.139800190140704,12.967126184861307,15.172674005279397
2023-12-07 00:00:00+05:30,3514.106297989482,3539.012147504281,3501.1415863804714,3523.756591796875,1967653,0.0,0.0,3390.800732421875,3391.8735595703124,3411.5979019279866,3384.3011372210412,67.54308093276806,34.310055492915126,15.30990519010858,19.000150302806546
2023-12-08 00:00:00+05:30,3541.400726410426,3553.0981689419223,3511.231120144958,3535.259521484375,1641155,0.0,0.0,3402.7491821289063,3393.0195654296876,3423.375199028595,3390.221073858819,68.57379711078273,39.670915941750536,16.53661251115519,23.134303430595345
2023-12-11 00:00:00+05:30,3531.554802215179,3560.8959784249623,3523.854082125989,3551.050537109375,1102503,0.0,0.0,3417.149206542969,3394.31513671875,3435.5347550362885,3396.528111633351,69.98303670231259,44.67861222996362,17.23544703949462,27.443165190469
2023-12-12 00:00:00+05:30,3547.200565659939,3605.151596384453,3539.451057787548,3579.514892578125,2236866,0.0,0.0,3433.6548095703124,3396.1099853515625,3449.247149087892,3403.7040638272633,72.38676913965051,50.36352386376302,18.33628693863521,32.02723692512781
2023-12-13 00:00:00+05:30,3551.68440718536,3557.9717342969016,3473.165284739688,3502.945068359375,3850968,0.0,0.0,3446.424523925781,3397.395302734375,3454.361236637557,3407.595867926562,58.75619848497615,48.13543704243784,12.886560093848026,35.24887694858982
2023-12-14 00:00:00+05:30,3538.4760572092937,3585.265823255036,3536.136664101029,3574.786865234375,3290396,0.0,0.0,3459.24052734375,3400.275927734375,3465.830344122968,3414.152377624908,65.34906168162775,51.57220253664218,13.058660470441886,38.513542066200294
2023-12-15 00:00:00+05:30,3574.250499737059,3797.720360368236,3574.250499737059,3763.651611328125,8531230,0.0,0.0,3476.9401977539064,3407.220673828125,3494.1942743329832,3427.8582299269947,76.14487675888866,68.74324125853536,24.183759353868055,44.55948190466731
2023-12-18 00:00:00+05:30,3760.8248500238014,3829.9371353065535,3733.579370011988,3761.89697265625,2521612,0.0,0.0,3494.3279418945312,3413.665576171875,3519.6897694113895,3440.9577884653972,75.90825703781512,81.27296433737956,29.370785946169804,51.90217839120976
2023-12-19 00:00:00+05:30,3748.0551075720255,3757.900549082424,3694.4418355521393,3719.981201171875,2004435,0.0,0.0,3508.7840209960937,3418.268779296875,3538.765143864769,3451.8998830813375,70.28908186618084,86.81980304897525,27.934099726212388,58.88570332276286
2023-12-20 00:00:00+05:30,3730.752315268566,3800.4983497118624,3671.5828114809474,3684.742431640625,2586083,0.0,0.0,3521.9363037109374,3421.5439892578124,3552.6677427005648,3461.0309634169957,65.87412594556659,87.36514745529439,22.78355530602522,64.58159214926917
2023-12-21 00:00:00+05:30,3661.543038446911,3710.720986534329,3648.968383505573,3692.005126953125,1517562,0.0,0.0,3534.4794067382813,3424.6348388671877,3565.9379697722375,3470.088773751746,66.34334029593023,87.37615768511296,18.235652428675024,69.14050525643793
2023-12-22 00:00:00+05:30,3704.189833637062,3748.981239423109,3667.147935300691,3727.584716796875,2413058,0.0,0.0,3549.86884765625,3428.6210400390623,3581.3328980602982,3480.186653871163,68.6196584620108,89.22730212410079,16.069437494130284,73.1578646299705
2023-12-26 00:00:00+05:30,3723.539171686952,3737.332308670213,3694.58781552753,3699.851806640625,1285231,0.0,0.0,3566.3646728515623,3432.42205078125,3592.620413163186,3488.800973587612,64.93321120786715,87.44848169062561,11.432493648524087,76.01598804210153
2023-12-27 00:00:00+05:30,3703.214827097483,3721.9306849177606,3672.996438142489,3715.107177734375,1293976,0.0,0.0,3582.9872192382813,3437.8378173828123,3604.285819312823,3497.675726691407,66.0147979223262,86.27520774377899,8.207375761341979,78.06783198243701
2023-12-28 00:00:00+05:30,3727.5847423509695,3741.2317576210826,3696.489138465235,3704.09228515625,1682889,0.0,0.0,3596.933972167969,3442.4829833984377,3613.791197012197,3505.770493690028,64.46863242773843,83.49410187897729,4.3410159172322125,79.15308596174508
2023-12-29 00:00:00+05:30,3696.3914972075136,3726.220068091027,3670.4620734729538,3697.756103515625,1574996,0.0,0.0,3611.8384521484377,3447.9114794921875,3621.7878547744276,3513.299341134169,63.54661498679981,79.8582226588237,0.5641093576629004,79.2941133011608
2024-01-01 00:00:00+05:30,3694.4419134177474,3735.382958368551,3677.870538080517,3715.010009765625,825907,0.0,0.0,3626.433459472656,3454.0156201171876,3630.66615524978,3521.209563433442,65.01395262322745,77.47591410846007,-1.454559354160594,78.93047346262067
2024-01-02 00:00:00+05:30,3715.009925887605,3715.009925887605,3672.2654311564665,3687.813232421875,1344068,0.0,0.0,3639.6296264648436,3459.9608447265623,3636.1087340280747,3527.7430406486747,60.85572436037026,72.55697315857742,-5.0988002432346065,77.65577340181203
2024-01-03 00:00:00+05:30,3672.021647455052,3676.7494583353337,3594.08749523416,3598.6689453125,1803075,0.0,0.0,3647.4352172851563,3464.5637841796874,3632.5430398646868,3530.5244486747074,49.64701409269371,60.76501676850785,-13.512605306643337,74.27762207515119
2024-01-04 00:00:00+05:30,3608.416894247389,3625.231965882633,3558.946466103117,3574.34814453125,3598144,0.0,0.0,3650.491162109375,3467.921923828125,3627.0006688805497,3532.243024982807,47.09825904662736,48.89370481346987,-20.30713380934506,69.20083862281493
2024-01-05 00:00:00+05:30,3582.3410424313142,3653.256773271281,3582.1949196235937,3643.655029296875,1963127,0.0,0.0,3656.486083984375,3474.311640625,3628.586798444009,3536.612123191202,54.29852263760544,44.56438050164161,-19.709166496938664,64.27354699858027
2024-01-08 00:00:00+05:30,3643.655252254201,3645.45870291326,3579.806720924348,3585.55810546875,1067805,0.0,0.0,3659.001013183594,3479.9303125,3624.4888276844604,3538.5315734765963,48.35698212147226,36.03009111432857,-22.594764707401367,58.62485582172994
2024-01-09 00:00:00+05:30,3616.4100001506495,3657.741100508355,3589.89584855394,3596.865478515625,1370944,0.0,0.0,3661.2917602539064,3486.815224609375,3621.858032525524,3540.8191775957744,49.51487335498838,29.83509538596445,-23.031808348612387,52.86690373457684
2024-01-10 00:00:00+05:30,3596.9632458574733,3635.223627266662,3595.013672282483,3619.43212890625,1292227,0.0,0.0,3663.2876220703124,3493.8746337890625,3621.626994085593,3543.9020384314795,51.83584666620262,26.441653802185556,-21.140199945913032,47.58185374809859
2024-01-11 00:00:00+05:30,3630.105667979865,3677.870216242758,3613.5342940927385,3641.364501953125,1777909,0.0,0.0,3670.20859375,3500.834609375,3623.5067567396436,3547.724095824485,54.04702386291262,25.23123612288191,-17.880494100173344,43.111730223055254
2024-01-12 00:00:00+05:30,3750.979472582564,3806.786014891647,3725.2451971746655,3784.902099609375,6813450,0.0,0.0,3680.71435546875,3510.8563916015623,3638.877741774856,3557.0251940121284,65.28096208457461,35.44566041939197,-6.132855842930631,41.5785162623226
2024-01-15 00:00:00+05:30,3860.155773949474,3865.029708007491,3787.046763079218,3805.372802734375,2801505,0.0,0.0,3682.8004150390625,3522.0303759765625,3654.734414247191,3566.764315922805,66.53736878784305,44.67746591045352,2.4791597185047323,42.19830619194879
2024-01-16 00:00:00+05:30,3800.6935043470535,3800.6935043470535,3758.3390680343728,3763.944091796875,1432672,0.0,0.0,3682.9027709960938,3531.801630859375,3665.1353359185896,3574.496856153161,61.673161041237,48.09636260603793,4.718445131271309,43.37791747476662
2024-01-17 00:00:00+05:30,3722.710871730206,3811.367685558661,3716.423544327831,3786.656982421875,3458696,0.0,0.0,3686.2365600585936,3542.2065087890624,3676.7088260617593,3582.8168611048754,63.2589791886581,52.03873319966033,6.928652579914967,45.11008061974536
2024-01-18 00:00:00+05:30,3799.71876659754,3810.24651113638,3764.626443458106,3804.202880859375,2239110,0.0,0.0,3692.209582519531,3552.390107421875,3688.8511169948656,3591.4986658011303,64.48159966343958,55.93412390250205,8.659234626205354,47.2748892762967
2024-01-19 00:00:00+05:30,3854.422758397405,3872.546897908814,3825.1604584202782,3852.517578125,2941975,9.0,0.0,3700.235205078125,3563.7310595703125,3704.4383990072592,3601.734701578537,67.6717488429092,62.20280615637421,11.942333504062006,50.2604726523122
2024-01-23 00:00:00+05:30,3810.455723682612,3843.577281866721,3754.5201877388095,3769.664306640625,2618854,0.0,0.0,3702.3391845703127,3573.19853515625,3710.650390210437,3608.3201762868543,58.04390003201443,59.79592522653593,7.628362059378979,52.16756316715695
2024-01-24 00:00:00+05:30,3790.915165105672,3794.481265658784,3718.223485188841,3753.59228515625,2657709,0.0,0.0,3705.0262084960937,3583.0093798828125,3714.7400944909905,3614.0171217327133,56.3685548961054,55.946658679031316,3.0232764094994877,52.92338226953183
2024-01-25 00:00:00+05:30,3751.735915593568,3772.351555639592,3691.941113467618,3722.815673828125,2205154,0.0,0.0,3705.4116333007814,3592.47763671875,3715.509197285003,3618.2837316188084,53.201837450639516,49.83816850106132,-2.4681710147764164,52.306339515837735
2024-01-29 00:00:00+05:30,3713.53364361518,3732.292763725829,3694.041743511653,3713.72900390625,1646747,0.0,0.0,3705.8934692382813,3601.801201171875,3715.3396550584553,3622.026683473218,52.26819930417971,43.75949547895789,-6.83747522950388,50.59697070846177
2024-01-30 00:00:00+05:30,3720.0310316051527,3759.4546924108186,3700.0506106069015,3713.28955078125,1411621,0.0,0.0,3706.6701416015626,3609.69765625,3715.1444070320545,3625.6056194460816,52.22046998713379,38.46326257156625,-9.70696650951642,48.17022908108267
2024-01-31 00:00:00+05:30,3723.6949972545217,3745.971558139852,3709.2836564922463,3728.3359375,2459358,0.0,0.0,3707.3364379882814,3616.0712109375,3716.400743267097,3629.6342593697645,53.77683585856851,35.075746127993625,-10.47558636247124,45.551332490464866
2024-02-01 00:00:00+05:30,3732.292628215401,3815.243224983408,3717.685928594729,3765.658447265625,2363107,0.0,0.0,3711.2286987304688,3623.1015380859376,3721.0919531717186,3634.968541248034,57.47696892855683,34.999279652048244,-8.441642270733304,43.44092192278155
2024-02-02 00:00:00+05:30,3786.078746193084,3892.917922739988,3783.098726606884,3875.233642578125,2826510,0.0,0.0,3725.05693359375,3631.9890185546874,3735.7721140675667,3644.390702084508,66.06559992657105,43.281559051640215,-0.12749029691306646,43.40904934855328
2024-02-05 00:00:00+05:30,3891.5504828771295,3929.65504447196,3871.1304414365295,3882.0732421875,1691523,0.0,0.0,3740.4431884765627,3641.1965478515626,3749.7055548408935,3653.7115860101158,66.52015476082764,49.82289633865912,5.131077592084665,44.691818746574455
2024-02-06 00:00:00+05:30,3905.22856048643,4054.617868849802,3898.3892810459984,4041.037109375,4474396,0.0,0.0,3760.312292480469,3653.1944287109377,3777.4514171774754,3668.9008222205034,74.92659086868197,67.06097169428722,17.895322358170205,49.16564933611701
2024-02-07 00:00:00+05:30,4057.647098586443,4059.60117857613,3980.412039287007,3989.64501953125,2124267,0.0,0.0,3780.516638183594,3664.5914111328125,3797.660331687359,3681.4790260366112,68.90308058316802,75.70270480082809,21.229644371768856,54.47306042905923
2024-02-08 00:00:00+05:30,3996.093834541389,4062.5325584408542,3992.23457402191,4039.181396484375,2345173,0.0,0.0,3802.632434082031,3677.9763330078126,3820.662337858503,3695.5065699757392,71.29824219889124,85.56220434436864,24.871315132247517,60.69088921212112
2024-02-09 00:00:00+05:30,4041.5744654395935,4088.667982453084,4005.8638456437407,4038.790283203125,2100596,0.0,0.0,3823.600341796875,3691.099013671875,3841.436427891324,3708.968676376813,71.25157895187866,92.2806156982756,25.27178118892357,67.00883450935203
2024-02-12 00:00:00+05:30,4035.17514824283,4064.095627285944,4011.2863297211143,4026.0888671875,1013716,0.0,0.0,3842.836560058594,3703.117646484375,3859.02237449096,3721.404762290958,69.65718257894612,95.47947897774566,22.776515574714892,72.70296340303076
2024-02-13 00:00:00+05:30,4030.729917548309,4074.2568593542896,3987.788818094613,4054.2275390625,1257415,0.0,0.0,3856.30283203125,3716.2088671875,3877.6133425453922,3734.456635889842,71.1950035148262,99.14230603883743,21.15147410864533,77.9908319301921
2024-02-14 00:00:00+05:30,4012.703150289895,4020.421670626332,3956.523352105899,4005.961669921875,1391283,0.0,0.0,3866.332275390625,3727.8659033203126,3889.836992771724,3745.103892126392,65.10028086975812,97.03194672746213,15.232891837816013,81.79905488964611
2024-02-15 00:00:00+05:30,4033.220878235048,4051.100518335156,3989.254080870567,4008.990478515625,1091582,0.0,0.0,3878.5845947265625,3739.5679150390624,3901.1849437949527,3755.452385710284,65.30102251961004,94.51436850263872,10.172250890394068,84.34211761224465
2024-02-16 00:00:00+05:30,4018.80965530001,4052.713133076141,4005.9616751127337,4033.513916015625,1307556,0.0,0.0,3890.92744140625,3751.38705078125,3913.7877030540644,3766.3567594477486,66.95821610793979,93.42110572247657,7.263190488185529,86.15791523429104
2024-02-19 00:00:00+05:30,4028.384925906397,4033.514386345357,3961.897539044773,4009.576904296875,772291,0.0,0.0,3901.196142578125,3761.31400390625,3922.910484124808,3775.894804343793,63.757402024825495,89.5904276154688,2.7460099049421984,86.8444177105266
2024-02-20 00:00:00+05:30,3988.374853005758,4003.909692709828,3917.930177590632,3938.10595703125,1193648,0.0,0.0,3905.4755615234376,3769.6009912109375,3924.3576720206597,3782.2560260178116,55.262957457200024,79.86682444359894,-5.582074613542119,85.44889905714106
2024-02-21 00:00:00+05:30,3920.861830413065,3970.055893721802,3889.205827320935,3899.85546875,1885939,0.0,0.0,3911.9851196289064,3776.89291015625,3922.0241288520256,3786.8677688700545,51.32201408457767,68.28713258629477,-13.729413176677028,82.0165457629718
2024-02-22 00:00:00+05:30,3879.825815216775,4000.929874736165,3879.825815216775,3993.26025390625,2982052,0.0,0.0,3923.9685180664064,3785.7371044921874,3928.8085217143325,3794.9615918126506,59.00922842480855,65.8876174674092,-12.903142636450085,78.79076010385928
2024-02-23 00:00:00+05:30,4035.175287072037,4035.175287072037,3953.4946458954487,3959.06396484375,2538072,0.0,0.0,3935.7809326171873,3793.3280859375,3931.689992488563,3801.396978990341,55.55048173579554,60.528890341161514,-14.609495810158222,75.13838615131974
2024-02-26 00:00:00+05:30,3943.333043736504,3957.0116023619535,3891.305668964708,3909.185546875,1379284,0.0,0.0,3945.553759765625,3801.4528955078126,3929.5467119539376,3805.6239816524844,50.86715317447213,51.66176434626732,-18.78129744404194,70.44306179030926
2024-02-27 00:00:00+05:30,3907.1829222070314,4029.312921025705,3907.1829222070314,4010.162841796875,2960475,0.0,0.0,3960.397424316406,3810.1604150390626,3937.224438605646,3813.645113422853,58.495905066490586,52.181016630687736,-14.609636127697215,66.79065275838495
2024-02-28 00:00:00+05:30,4001.564927927652,4059.5032063270137,3995.116368822172,4024.37890625,1939225,0.0,0.0,3975.199572753906,3815.3749609375,3945.5248640955842,3821.9091837297997,59.45047482238844,53.127227788465916,-10.93073997593524,64.05796776440116
2024-02-29 00:00:00+05:30,4004.886776426906,4043.089134089877,3971.227797676773,4001.076416015625,3772719,0.0,0.0,3986.9704711914064,3820.1585498046875,3950.815488087969,3828.9353497017933,57.130966536973965,51.40423471345957,-10.122986440753273,61.527221154212846
2024-03-01 00:00:00+05:30,4012.899054103066,4044.945776674674,3992.9672941113954,4000.343994140625,2043265,0.0,0.0,3993.2259887695313,3825.7658056640626,3955.532488664412,3835.657257326846,57.05561664057827,49.41008130325872,-9.693711880763303,59.103793184022024
2024-03-04 00:00:00+05:30,4010.749199783877,4023.352920369135,3982.3172403713465,3987.007080078125,1749271,0.0,0.0,3998.4726806640624,3831.8110986328124,3958.530068799051,3841.592544493563,55.617154025385034,46.22071917571384,-10.30645920664655,56.52717838236039
2024-03-05 00:00:00+05:30,3968.7363770556863,3970.690457005,3888.6190991338335,3919.982177734375,2070859,0.0,0.0,3992.4199340820314,3836.3706396484376,3954.8588410786056,3844.666647757909,48.93948227375015,37.84848348510786,-14.942955917802024,52.79143940290989
2024-03-06 00:00:00+05:30,3902.346583911271,3978.5068027249695,3867.5638651727977,3970.983642578125,1744204,0.0,0.0,3991.486865234375,3841.2386181640627,3956.3945364595124,3849.6202553979174,53.513274234338745,34.92621074085673,-14.292182929642529,49.21839367049926
2024-03-07 00:00:00+05:30,3971.667562550115,4029.3129220065616,3944.994323094592,4014.2666015625,2688905,0.0,0.0,3990.2411254882813,3847.5269140625,3961.906161707416,3856.076974855352,57.03102572680822,35.69143297427536,-10.82156855697913,46.51300153125449
2024-03-11 00:00:00+05:30,3995.116548414802,4057.647108233473,3995.116548414802,4027.700927734375,2304068,0.0,0.0,3989.686657714844,3853.7787890625,3968.1723299004593,3862.8073259486473,58.09107570141693,36.955910225288335,-7.645673044772927,44.60158327006126
2024-03-12 00:00:00+05:30,4027.700370390731,4132.829954952352,4026.429932328028,4095.995361328125,4039801,0.0,0.0,3993.181982421875,3861.6168505859373,3980.3459519411895,3871.951954787058,63.07777641298996,42.973436560765094,-1.3025173674369341,44.27595392820203
2024-03-13 00:00:00+05:30,4108.453254396297,4143.626694861996,4037.031534036604,4053.739013671875,2837260,0.0,0.0,3993.1575561523437,3868.7365087890626,3987.335767344112,3879.080859057051,58.44397053559065,43.82742021215563,-0.3588269728371216,44.18624718499275
2024-03-14 00:00:00+05:30,4058.0865490793394,4127.993562848106,3992.1850172301447,4110.9931640625,2919608,0.0,0.0,3998.409130859375,3876.656171875,3999.1126622696725,3888.175459253343,62.46717760116242,48.564320594552555,3.5024587276478414,45.061861866904714
2024-03-15 00:00:00+05:30,4096.337956250925,4141.672516359173,4081.0960369974673,4122.3759765625,3373143,0.0,0.0,4004.078405761719,3885.3474267578126,4010.852025535656,3897.359793265467,63.2293735905937,52.63015840874368,6.054637233471169,46.57552117527251
2024-03-18 00:00:00+05:30,4118.467952787524,4157.061033657012,4023.304350057587,4057.15869140625,1526904,0.0,0.0,4005.26064453125,3894.5172216796873,4015.262184189998,3903.6264167219683,56.18887249551696,50.01335151669946,2.7502642731415534,47.263087243557905
2024-03-19 00:00:00+05:30,3958.2330120684273,3964.8280315886896,3875.5266774987513,3885.98095703125,8931209,0.0,0.0,3999.080847167969,3900.7498779296875,4002.9496863653553,3902.934437910568,42.737583709162394,33.73799008114702,-10.820077729928713,44.55806781107573
2024-03-20 00:00:00+05:30,3894.481181638441,3925.7464595642887,3869.2735036036975,3879.727783203125,1817913,0.0,0.0,3996.1619384765627,3905.4713330078125,3991.2142670165717,3902.02437302008,42.338843091850904,20.103331328186414,-19.563789186311453,39.66712051449787
2024-03-21 00:00:00+05:30,3898.438190981588,3916.366730440695,3857.353614528129,3881.730712890625,3829582,0.0,0.0,3995.2557006835937,3911.39478515625,3980.7872618617193,3901.2285432110816,42.523820330383664,9.351586453180971,-24.252427249053518,33.60401370223449
2024-03-22 00:00:00+05:30,3807.524708774792,3847.5833469733466,3766.489030620176,3821.10546875,5852485,0.0,0.0,3986.6479614257814,3915.8795849609373,3965.579472041555,3898.086461859667,38.498073854469034,-4.014917884074293,-30.095145269047027,26.080227384972734
2024-03-26 00:00:00+05:30,3786.030056213733,3856.083777546836,3782.561516455202,3788.47265625,3440925,0.0,0.0,3978.1183959960936,3919.2603955078125,3948.7121562518832,3893.7878812475233,36.49527875295007,-17.044683614014048,-34.499928799189426,17.45524518517538
2024-03-27 00:00:00+05:30,3799.2200906591934,3805.570850743876,3741.4769304751785,3752.712890625,1968575,0.0,0.0,3970.2947631835937,3921.48736328125,3930.0455595255135,3888.2555286740912,34.384306018182535,-29.9115789951461,-37.89345934425718,7.981880349111083
2024-03-28 00:00:00+05:30,3761.701649554948,3825.111447614759,3752.321970514555,3787.300048828125,4311783,0.0,0.0,3959.1516235351564,3921.535322265625,3916.450748982905,3884.2964902487593,38.11294758944013,-36.89251769640941,-35.8995184364164,-0.9929992599930166
2024-04-01 00:00:00+05:30,3808.208629992315,3842.991348216261,3798.780289728975,3826.8212890625,1569676,0.0,0.0,3949.2737426757812,3921.9642919921876,3907.9146099428663,3882.042560790475,42.157672926817256,-38.788795034013674,-30.236636619216526,-8.552158414797148
2024-04-02 00:00:00+05:30,3800.685529868693,3820.079868924885,3784.075850175179,3794.6279296875,2142666,0.0,0.0,3938.951318359375,3922.57796875,3897.125402299498,3878.614536041339,39.87168345425242,-42.400576088729395,-27.078734139145794,-15.321841949583598
2024-04-03 00:00:00+05:30,3762.58092504265,3889.5961211619815,3762.58092504265,3856.669921875,3973090,0.0,0.0,3931.767614746094,3923.9782275390626,3893.272499401927,3877.7539629367766,45.95395285157469,-39.79790288201093,-19.580848745941864,-20.217054136069066
2024-04-04 00:00:00+05:30,3884.6129957692,3936.1518525211095,3844.896417686288,3911.384033203125,3394637,0.0,0.0,3927.986462402344,3926.1218505859374,3894.997407382993,3879.0727892217315,50.69103376978721,-32.940575643939155,-10.17881720629607,-22.761758437643085
2024-04-05 00:00:00+05:30,3886.664930528287,3910.11388938517,3869.5667313618105,3887.88623046875,1636819,0.0,0.0,3926.3816650390627,3926.8292236328125,3894.3201524387796,3879.4184143686734,48.716189885737904,-29.06710323230709,-5.044275835731206,-24.022827396575885
2024-04-08 00:00:00+05:30,3891.550352409249,3940.060293399183,3869.0784322221007,3881.34033203125,2302538,0.0,0.0,3921.8994995117187,3929.062744140625,3893.0839790666337,3879.493783688775,48.15338848839298,-26.22326229248347,-1.7603479167260652,-24.462914375757403
2024-04-09 00:00:00+05:30,3892.527109658487,3923.6459270711935,3834.93065306974,3855.93701171875,1876992,0.0,0.0,3913.983020019531,3931.109638671875,3889.5461726525496,3878.5699887095584,45.93551705782815,-25.72281688259409,-1.0079220054693465,-24.714894877124742
2024-04-10 00:00:00+05:30,3865.5612158336967,3898.5852177213433,3828.042972770384,3893.16259765625,2101965,0.0,0.0,3907.256103515625,3934.5165771484376,3889.8905940814734,3879.1422478839386,49.59892320493718,-22.068030097693736,2.117491823544807,-24.185521921238543
2024-04-12 00:00:00+05:30,3879.82591090252,3921.203651072746,3854.911390447216,3909.52783203125,4354821,0.0,0.0,3897.932727050781,3938.4325537109376,3891.760807219547,3880.3338394191273,51.16554698343716,-17.64761685342455,5.230324054251195,-22.877940907675747
2024-04-15 00:00:00+05:30,3909.527472759576,3970.885627949311,3829.068377804211,3850.709716796875,4200329,0.0,0.0,3887.7812622070314,3941.18095703125,3887.8511795602453,3879.1721091202157,45.67091997285862,-18.67526106132982,3.36214387707674,-22.03740493840656
2024-04-16 00:00:00+05:30,3812.4098899646215,3838.496808957248,3774.158871285365,3783.88037109375,3051420,0.0,0.0,3871.4256225585937,3942.291845703125,3877.9491978015317,3875.435178217217,40.36666648577508,-24.598687820920077,-2.0490263060108127,-22.549661514909264
2024-04-18 00:00:00+05:30,3787.7888534990448,3845.6295758350593,3761.604132867119,3773.32861328125,3476284,0.0,0.0,3853.973254394531,3942.4452490234376,3867.985332609124,3871.4309992001204,39.58493653352323,-29.800957981471583,-5.801037173249853,-23.99992080822173
2024-04-19 00:00:00+05:30,3749.8792164299457,3764.095194986128,3713.630939950349,3738.35009765625,2957749,0.0,0.0,3838.032824707031,3939.707578125,3855.639119756469,3866.212140316047,37.025215124813364,-36.32750755334064,-9.862069396095126,-26.46543815724551
2024-04-22 00:00:00+05:30,3748.902254551372,3788.960892142357,3724.476256020285,3775.86865234375,1728883,0.0,0.0,3832.527209472656,3937.583486328125,3848.041932383829,3862.6692584347807,41.40218519044224,-38.03397926502248,-9.254832886221575,-28.779146378800906
2024-04-23 00:00:00+05:30,3788.0329558058247,3805.570775988136,3771.9606956142666,3785.73681640625,1807586,0.0,0.0,3827.8276611328124,3932.47748046875,3842.1081118145357,3859.6522999238578,42.53353347529607,-38.15031889437432,-7.496938012458735,-30.653380881915588
2024-04-24 00:00:00+05:30,3800.685571184416,3808.501891125155,3736.6405519629534,3743.089111328125,1317312,0.0,0.0,3820.8955810546877,3927.5463623046876,3832.6777308158303,3855.0811944887314,39.026658681732,-41.20880283933684,-8.444337565936998,-32.76446527339984
2024-04-25 00:00:00+05:30,3723.695019748524,3784.711123637469,3723.499659444041,3763.753662109375,2856271,0.0,0.0,3818.0279907226563,3922.0378076171874,3826.1135337961678,3851.4997226307173,41.54172687597727,-41.48698076421533,-6.9780123926523885,-34.50896837156294
2024-04-26 00:00:00+05:30,3766.6355768439216,3787.788635494728,3715.243417107596,3733.61181640625,2039178,0.0,0.0,3815.284948730469,3915.93423828125,3817.3038464256992,3846.87666748466,39.013843331317624,-43.63661804618732,-7.302119739699499,-36.33449830648782
2024-04-29 00:00:00+05:30,3749.87920609066,3788.765442542452,3731.510807921281,3781.33984375,1110693,0.0,0.0,3816.7162963867186,3911.0392578125,3813.878703313728,3844.3065959656537,44.7472738459199,-41.0161593987018,-3.745328873771186,-37.270830524930616
2024-04-30 00:00:00+05:30,3783.098833167981,3792.624973050054,3722.5223539178737,3732.927734375,2203078,0.0,0.0,3813.9976806640625,3904.61326171875,3806.1690872243253,3839.9387974719025,40.57992607631073,-42.35760753786553,-4.069421610347931,-38.2881859275176
2024-05-02 00:00:00+05:30,3691.305973847304,3782.219592424851,3691.305973847304,3774.5986328125,2491044,0.0,0.0,3811.3865478515627,3899.9860009765625,3803.162377280342,3837.3764380734947,45.30195365340056,-39.60171765714949,-1.050825383705508,-38.550892273443985
2024-05-03 00:00:00+05:30,3800.832138514636,3804.203117411876,3710.407275488774,3755.155517578125,2962234,0.0,0.0,3809.4129272460937,3894.9093017578125,3798.59029540394,3834.152088250147,43.56245018302189,-38.54226078745478,0.0069051887913644805,-38.549165976246144
2024-05-06 00:00:00+05:30,3764.5350859720807,3849.4886654971474,3764.5350859720807,3831.022705078125,2053831,0.0,0.0,3808.13056640625,3890.8594775390625,3801.679096325291,3834.02936734144,51.40368600533984,-31.220890609916296,5.862620293063877,-37.08351090298017
2024-05-07 00:00:00+05:30,3840.548881115559,3896.435521429024,3823.6460414023286,3887.59326171875,2062112,0.0,0.0,3806.941027832031,3888.4198046875,3809.861397791335,3836.1299122189816,56.28127298954207,-20.6162297916826,13.173824889038059,-33.79005468072066
2024-05-08 00:00:00+05:30,3870.055176782567,3892.820254941257,3848.169577685154,3885.638916015625,1247685,0.0,0.0,3806.828662109375,3887.3704638671875,3817.0783042888866,3838.0714417796344,56.07188946595536,-12.228694280304808,17.24908832033268,-29.47778260063749
2024-05-09 00:00:00+05:30,3871.0324013119057,3879.82576113316,3820.2752220507,3869.273681640625,1726486,0.0,0.0,3806.2253295898436,3886.758828125,3822.0492926081,3839.295059029085,54.25177756602302,-6.823393766771915,18.123511067092462,-24.946904833864377
2024-05-10 00:00:00+05:30,3871.618686479537,3882.366126166036,3795.8491889826905,3804.495849609375,1672489,0.0,0.0,3803.653271484375,3882.9835400390625,3820.3775361320313,3837.930384149881,47.657422713872336,-7.678174623142695,13.814984168577347,-21.49315879172004
2024-05-13 00:00:00+05:30,3795.3117693615086,3864.193087353525,3781.144689774498,3857.158447265625,931326,0.0,0.0,3801.853063964844,3880.9454296875,3823.8804800495163,3838.6844258406945,52.6919001378204,-4.059369217543008,13.947031659341626,-18.006400876884634
2024-05-14 00:00:00+05:30,3845.629457833456,3855.2044975848894,3803.518938224112,3811.62841796875,1058317,0.0,0.0,3796.9580932617187,3878.994287109375,3822.713616994205,3837.623405924148,48.361029900929424,-4.809887328376135,10.5572108388068,-15.367098167182935
2024-05-15 00:00:00+05:30,3814.852667540281,3836.78716776161,3786.518507632824,3791.305908203125,1115021,0.0,0.0,3793.987902832031,3874.6171484375,3819.7224066331496,3835.8070334645,46.52295706359857,-6.9642554326583195,6.722274187619693,-13.686529620278012
2024-05-16 00:00:00+05:30,3829.392289903493,3847.500393627829,3782.547068143896,3839.0859375,2599399,28.0,0.0,3796.748181152344,3870.9112890625,3821.566552429992,3835.9356179364804,51.21741784190163,-4.761273628198069,7.1402047936639566,-11.901478421862025
2024-05-17 00:00:00+05:30,3856.849640363632,3857.833781634457,3769.261067260196,3773.296142578125,2765804,0.0,0.0,3796.7465576171876,3866.35568359375,3816.969370539338,3833.479167922427,45.31827989337412,-8.229219973135969,2.9378067589808463,-11.167026732116815
2024-05-21 00:00:00+05:30,3769.851668511361,3783.777171461276,3749.627517232792,3759.616455078125,1908117,0.0,0.0,3797.8098754882812,3861.5411328125,3811.5071881144604,3830.582590948141,44.17885000668909,-11.943748790701193,-0.6213776468675007,-11.322371143833692
2024-05-22 00:00:00+05:30,3774.1819161114463,3780.332799286335,3757.008698340933,3771.2294921875,1311168,0.0,0.0,3797.577917480469,3857.2255810546876,3807.6712170737974,3828.2550184477236,45.43313863335417,-13.791484946270884,-1.9752910419497542,-11.81619390432113
2024-05-23 00:00:00+05:30,3780.03741657642,3843.071713867899,3764.832481792995,3831.704833984375,2095742,0.0,0.0,3799.876318359375,3855.4600341796877,3809.960132970043,3828.390305331514,51.53976591702945,-10.257729768733498,1.246771308470107,-11.504501077203605
2024-05-24 00:00:00+05:30,3816.745720483433,3822.2077523568864,3783.334173820409,3788.45166015625,1309452,0.0,0.0,3802.1444458007813,3851.80939453125,3807.911706987777,3826.824083952092,47.44970055957545,-10.822616590071448,0.5455075897057267,-11.368124179777174
2024-05-27 00:00:00+05:30,3793.8648912769695,3846.3689282274872,3780.431458002959,3786.041015625,1841538,0.0,0.0,3803.2588134765624,3847.2448828125,3805.8287840008456,3825.2247479392654,47.224765323838994,-11.334159200848262,0.027171983143130518,-11.361331183991393
2024-05-28 00:00:00+05:30,3796.8172043516656,3808.6269001661344,3769.261247451239,3779.004150390625,1801993,0.0,0.0,3805.528430175781,3842.270947265625,3803.2740569903485,3823.4121754863777,46.53133902481235,-12.167121616012992,-0.6446323456172784,-11.522489270395713
2024-05-29 00:00:00+05:30,3787.861250030871,3787.861250030871,3739.736837882508,3743.328857421875,1568095,0.0,0.0,3803.627880859375,3835.2176171875,3797.5649903647795,3820.2716532093386,43.07785413930722,-15.526963156842612,-3.20357910915752,-12.323384047685092
2024-05-30 00:00:00+05:30,3717.101377331837,3734.2253384034257,3656.527437359937,3676.85009765625,2919230,0.0,0.0,3800.8239990234374,3827.6798388671873,3786.0683339163484,3814.6472784817665,37.493555010381655,-23.28552111849058,-8.769709656644388,-14.51581146184619
2024-05-31 00:00:00+05:30,3680.6881534184377,3690.3327854036256,3595.8059734097906,3612.733154296875,10956800,0.0,0.0,3792.7307250976564,3817.714638671875,3769.5602215716367,3806.7290775333395,33.044313947231885,-34.21354325251241,-15.758185432532976,-18.455357819979433
2024-06-03 00:00:00+05:30,3673.60266923992,3692.05531849711,3637.386221577367,3644.127685546875,2156773,0.0,0.0,3787.179333496094,3808.1496728515626,3757.6142657597543,3800.3525523574,36.98728325630413,-39.88107897572036,-17.140576924592736,-22.74050205112762
2024-06-04 00:00:00+05:30,3641.322841310565,3685.6092001913694,3534.5435093424044,3656.0849609375,3395997,0.0,0.0,3778.4324462890627,3800.1281982421874,3747.944808157635,3794.6949997526976,38.473429514603346,-42.91311401002713,-16.138089567119607,-26.775024442907522
2024-06-05 00:00:00+05:30,3657.069078220469,3723.7939065496334,3641.322817388519,3687.0361328125,2799670,0.0,0.0,3768.40458984375,3796.1493017578123,3742.143981934289,3790.473083402102,42.268958310230445,-42.33056234590822,-12.444430322400557,-29.886132023507663
2024-06-06 00:00:00+05:30,3721.038059461858,3779.003882873569,3682.1644801577736,3769.654541015625,4328036,0.0,0.0,3762.60537109375,3793.9478369140625,3744.7640351801306,3789.6566699751816,50.9646353500526,-34.80110540373198,-3.9319787041794534,-30.869126699552528
2024-06-07 00:00:00+05:30,3776.445271566635,3852.912998736835,3776.445271566635,3832.19677734375,4552445,0.0,0.0,3760.7515258789062,3792.957158203125,3753.0909630052374,3791.3249094798316,56.32735143457891,-23.51624016754704,5.882309225604391,-29.39854939315143
2024-06-10 00:00:00+05:30,3833.2304818624966,3843.9575262561775,3780.972481111325,3797.506103515625,1734661,0.0,0.0,3760.4020385742188,3792.4851708984374,3757.320976387179,3791.567309245941,52.8732475541052,-17.174177394232174,9.779497599135407,-26.95367499336758
2024-06-11 00:00:00+05:30,3784.023242952524,3818.418932828839,3780.086677810311,3791.0107421875,1419898,0.0,0.0,3757.0946533203123,3792.5359326171874,3760.5295255110195,3791.5454830867866,52.227459175751235,-12.527756154770941,11.540735070877314,-24.068491225648255
2024-06-12 00:00:00+05:30,3812.956557657317,3831.7537506280887,3766.751176510627,3770.884521484375,2177001,0.0,0.0,3755.0574584960937,3792.899365234375,3761.51571560372,3790.735249298457,50.182203687535505,-10.350141665359388,10.974679648231096,-21.324821313590483
2024-06-13 00:00:00+05:30,3795.63618848448,3828.309631371978,3790.912262222329,3816.6474609375,1932323,0.0,0.0,3756.3245361328127,3793.4863134765624,3766.766358016461,3791.751414460772,54.54135111204189,-4.875478258130897,13.159474444367671,-18.03495270249857
2024-06-14 00:00:00+05:30,3827.325608940374,3827.325608940374,3767.292988177874,3771.27880859375,1860730,0.0,0.0,3752.9341796875,3792.3754638671876,3767.196115214298,3790.9485671718694,49.88139050210683,-4.149802804013234,11.108119918788269,-15.257922722801503
2024-06-18 00:00:00+05:30,3765.3737108381824,3781.0707158604055,3734.865331819007,3754.597412109375,1774045,0.0,0.0,3751.9992431640626,3791.574853515625,3765.996238728115,3789.5230316792226,48.249066095252125,-4.864672150064962,8.314600458189235,-13.179272608254196
2024-06-19 00:00:00+05:30,3766.948330653763,3773.0501988961664,3732.7986757805143,3741.409912109375,1509050,0.0,0.0,3751.088916015625,3789.2696533203125,3763.6546838120444,3787.6362426764836,46.94127740316652,-6.4213114137796765,5.406368955579618,-11.827680369359294
2024-06-20 00:00:00+05:30,3735.800445522394,3749.529168863518,3720.103439544009,3727.189208984375,2846526,0.0,0.0,3748.8869018554688,3785.5857568359374,3760.1817814475044,3785.265770766989,45.508801435180715,-8.702138306561665,2.5004336502381044,-11.202571956799769
2024-06-21 00:00:00+05:30,3766.308702150167,3816.303127541079,3737.817859969489,3750.31640625,4642195,0.0,0.0,3744.81748046875,3782.8343603515623,3759.242221904885,3783.8952074525973,48.2734055222215,-8.545036650867132,2.1260282447461094,-10.671064895613242
2024-06-24 00:00:00+05:30,3748.3481224077887,3795.8329394491216,3731.174905023816,3756.2705078125,1702154,0.0,0.0,3743.2084228515623,3780.3329638671876,3758.9592015151343,3782.811885898084,48.99092215752329,-7.849600908219145,2.2571711899152778,-10.106772098134423
2024-06-25 00:00:00+05:30,3756.467122698594,3786.630955674287,3732.74922264632,3777.576904296875,1338808,0.0,0.0,3742.7852172851562,3778.76576171875,3760.732316065776,3782.6065925019584,51.57929958859938,-5.515634143479929,3.672910363723595,-9.188544507203524
2024-06-26 00:00:00+05:30,3783.5313158931463,3805.6252405385,3780.086821262993,3794.701416015625,1639845,0.0,0.0,3743.5700805664064,3776.7965380859373,3763.967468441952,3783.080899306416,53.6165124441729,-2.258113559427784,5.544344758220593,-7.802458317648377
2024-06-27 00:00:00+05:30,3770.245439293029,3879.485127040753,3757.5501122299,3871.759521484375,4526556,0.0,0.0,3749.9916137695313,3776.041171875,3774.233378255516,3786.558492333003,61.47190196132172,6.466893756746231,11.415481659515686,-4.9485879027694555
2024-06-28 00:00:00+05:30,3855.668780143363,3897.199494378165,3836.035209532277,3842.235107421875,2731571,0.0,0.0,3758.2608642578125,3775.8716796875,3780.709733414217,3788.741889003155,57.456827439306146,10.873804990851113,12.657914314896455,-1.784109324045342
2024-07-01 00:00:00+05:30,3822.405016549239,3938.238405788934,3822.405016549239,3915.111083984375,2658723,0.0,0.0,3773.3797607421875,3778.4962939453126,3793.5098620399467,3793.697543708301,63.75053234775963,20.016063432918145,17.44013820557079,2.575925227347356
2024-07-02 00:00:00+05:30,3930.266595289873,3959.593812348531,3919.391786414796,3953.68896484375,2307449,0.0,0.0,3788.8578247070313,3782.1035009765624,3808.765014687928,3799.971717086162,66.56990676275024,30.02813603092136,21.961768642859205,8.066367388062156
2024-07-03 00:00:00+05:30,3956.247946023264,3962.2513039394535,3892.278762816421,3902.3662109375,1821198,0.0,0.0,3801.1718872070314,3785.3838232421876,3817.6794143307443,3803.987187433273,59.895653301931766,33.43602865471712,20.29572901332397,13.140299641393149
2024-07-04 00:00:00+05:30,3936.417624326299,3983.1643354755647,3918.949116475784,3957.182861328125,2518001,0.0,0.0,3814.6792236328124,3789.010107421875,3830.9654569019235,3809.9948609193457,64.04235857925744,40.097830842359144,21.566024960772793,18.53180588158635
2024-07-05 00:00:00+05:30,3946.406476183266,3962.890842386775,3924.7553683338815,3948.177978515625,1668616,0.0,0.0,3823.6053955078123,3792.2589306640625,3842.1285541984666,3815.413806707435,62.891937184114276,44.141897963390875,20.48807366544362,23.653824297947256
2024-07-08 00:00:00+05:30,3958.216610672428,3967.319918392149,3914.96364529034,3929.873291015625,1758882,0.0,0.0,3828.489221191406,3795.9946142578124,3850.4851958001004,3819.9024139352073,60.51234490291253,45.34708205578454,17.354606206269825,27.992475849514715
2024-07-09 00:00:00+05:30,3921.802851253764,3943.404703472268,3912.059949060827,3922.294921875,1305801,0.0,0.0,3834.728662109375,3799.165439453125,3857.324217331043,3823.917806403435,59.50845889030899,45.16999647529292,13.742016500622562,31.427979974670357
2024-07-10 00:00:00+05:30,3920.523541683795,3939.81280674454,3840.1192477234713,3847.15576171875,2669716,0.0,0.0,3837.5359130859374,3801.436318359375,3856.355792987015,3824.8290987687415,50.5534418973585,38.522489338794,5.675607491298912,32.84688184749509
2024-07-11 00:00:00+05:30,3868.659377064022,3916.882299851134,3833.820871811084,3861.47509765625,4872189,0.0,0.0,3842.0654418945314,3803.0390234375,3856.8433458126565,3826.2661967643303,52.03478391308001,34.01760895804637,0.9365816884410236,33.08102726960534
2024-07-12 00:00:00+05:30,3916.882336122156,4133.3444051789775,3908.320354948728,4117.59814453125,13509164,0.0,0.0,3857.1129760742188,3810.732431640625,3881.6771361668084,3837.6909790296995,69.58589924269701,50.53194733970486,13.960736056079611,36.571211283625246
2024-07-15 00:00:00+05:30,4168.527426600624,4172.759041904442,4091.1243302256735,4103.08203125,4848030,0.0,0.0,3873.7031372070314,3817.302099609375,3902.7633166509218,3848.0984712736326,68.06572571160858,61.73668834746104,20.132381651068634,41.604306696392406
2024-07-16 00:00:00+05:30,4105.83666800429,4128.0288575877685,4079.166348094528,4112.1845703125,2029521,0.0,0.0,3891.5824951171876,3824.4426806640627,3922.7081979520244,3858.454788883,68.52999043276729,70.53790805541803,23.146881087220493,47.39102696819754
2024-07-18 00:00:00+05:30,4094.0283219091207,4256.411656792536,4094.0283219091207,4247.111328125,5613364,0.0,0.0,3916.867565917969,3832.764453125,3953.6037341589745,3873.696221794451,74.45772142089908,87.39298784520861,32.00156870160886,55.39141914359975
2024-07-19 00:00:00+05:30,4258.799822932141,4299.588675611983,4227.086291291368,4244.00341796875,3903354,10.0,0.0,3942.7082763671874,3839.89265625,3981.2608469027628,3888.2180726248157,74.11143783608995,99.35467874673805,35.170607682510635,64.18407106422741
2024-07-22 00:00:00+05:30,4241.587280561955,4261.315822000346,4207.111461736829,4229.158203125,1896386,0.0,0.0,3966.6503662109376,3846.7630419921875,4004.870118923928,3901.5882738209016,72.37985766959152,106.40989318351467,33.78065769542981,72.62923548808486
2024-07-23 00:00:00+05:30,4224.866643673237,4302.498637608878,4208.393120881127,4243.9541015625,2365208,0.0,0.0,3991.0345458984375,3854.256650390625,4027.6400220323635,3915.014384712729,73.05557615944991,111.90513407704566,31.42071887116863,80.48441520587703
2024-07-24 00:00:00+05:30,4229.305763277848,4280.205492817971,4210.16917580509,4247.80126953125,1809793,0.0,0.0,4014.545764160156,3863.1227587890626,4048.6077598894008,3928.064850784044,73.23890393866355,115.24214664837928,27.806185154001795,87.43596149437748
2024-07-25 00:00:00+05:30,4236.703824803897,4284.052319237096,4216.186336544361,4263.83056640625,2810342,0.0,0.0,4038.0022216796874,3871.256201171875,4069.1051700338626,3941.2321337496214,74.03169897191272,117.82200471966962,24.308834580233707,93.51317013943591
2024-07-26 00:00:00+05:30,4290.957585849686,4362.424416923816,4278.183163133731,4328.2939453125,3552210,0.0,0.0,4060.8289428710937,3881.58951171875,4093.7898152984944,3956.4110283207146,76.98465987937854,123.64293793933211,24.103814239916957,99.53912369941516
2024-07-29 00:00:00+05:30,4355.07503154363,4370.857862915022,4311.672245272301,4321.63525390625,1746803,0.0,0.0,4084.7989501953125,3892.1960986328127,4115.489380880185,3970.733546971128,76.02300399582703,126.26328416233719,21.379328370337618,104.88395579199957
2024-07-30 00:00:00+05:30,4331.4996158736985,4338.305865716982,4268.565285446051,4306.09912109375,1797906,0.0,0.0,4104.348352050782,3901.5363623046874,4133.642689471953,3983.8851381131917,73.7094616279143,125.63801452110329,16.603246983282958,109.03476753782033
2024-07-31 00:00:00+05:30,4290.957346776827,4354.088673258141,4286.025211895475,4325.82763671875,2330091,0.0,0.0,4122.955285644532,3912.5869921875,4151.9460177811725,3997.2946478624294,74.75987467160445,125.29014337602166,13.004300670561065,112.2858427054606
2024-08-01 00:00:00+05:30,4339.686558037175,4359.316357697218,4305.802696516272,4337.41796875,2202244,0.0,0.0,4144.707873535156,3924.1430224609376,4169.610013111537,4010.632817309001,75.3821700066685,124.51437174774128,9.782823233824544,114.73154851391674
2024-08-02 00:00:00+05:30,4305.753901815455,4338.305993169386,4212.043335796562,4224.916015625,2811282,0.0,0.0,4158.09453125,3933.2167529296876,4174.8772514461525,4019.03607998806,59.93541034109893,113.51309148486871,-0.9747656232384259,114.48785710810714
2024-08-05 00:00:00+05:30,4181.464557904526,4181.464557904526,4054.708673098976,4098.65380859375,2787771,0.0,0.0,4165.618322753906,3938.555732421875,4167.6178759364,4022.15834385495,48.038016928847526,93.52805947602337,-16.76783810566701,110.29589758169038
2024-08-06 00:00:00+05:30,4114.3378659075925,4200.452749877146,4104.325246589068,4114.58447265625,2203067,0.0,0.0,4174.8538818359375,3945.078388671875,4162.567075624005,4025.7828979255896,49.402727735248526,78.07524623788595,-25.776521075043547,103.8517673129295
2024-08-07 00:00:00+05:30,4170.613371288095,4187.333501660908,4123.560610554091,4143.4375,1237666,0.0,0.0,4185.9110107421875,3952.226318359375,4160.7452112788615,4030.396803889292,51.86835708264245,67.3802608822889,-29.1772051445125,96.5574660268014
2024-08-08 00:00:00+05:30,4124.251516901175,4174.559296705519,4103.536548746446,4115.916015625,2441283,0.0,0.0,4199.3490234375,3958.9645556640626,4156.475764073732,4033.750498467163,49.395748312303255,56.037686583661525,-32.41582355451189,88.45351013817341
2024-08-09 00:00:00+05:30,4159.7629974320125,4195.91545359256,4148.468214701563,4171.353515625,1302536,0.0,0.0,4214.842944335937,3967.525048828125,4157.8926927929,4039.146695218451,54.13837379238684,50.93481285586404,-30.014957825847503,80.94977068171154
2024-08-12 00:00:00+05:30,4172.586502877853,4181.464346500997,4129.529057636371,4138.70263671875,936912,0.0,0.0,4215.898168945312,3976.762099609375,4156.065068404885,4043.05084978709,51.100743173084396,43.75175263950314,-29.758414433766717,73.51016707326986
2024-08-13 00:00:00+05:30,4155.817313632458,4176.532282440025,4126.224501050218,4139.9853515625,1495593,0.0,0.0,4217.743334960937,3987.3071435546876,4154.533666800849,4046.8522027978906,51.216546816177555,37.72772826789969,-28.62595104429613,66.35367931219582
2024-08-14 00:00:00+05:30,4151.871831074297,4247.752741716466,4131.304728880396,4236.951171875,3226545,0.0,0.0,4223.981665039062,3999.16361328125,4162.382952998387,4054.3070643303263,59.1015222706755,40.3132705855287,-20.832326981333708,61.145597566862406
2024-08-16 00:00:00+05:30,4290.957527971367,4366.91240835155,4266.395591555812,4356.11083984375,3457058,0.0,0.0,4229.431640625,4013.164130859375,4180.83322793604,4066.142506507323,66.30836692637692,51.38518442635723,-7.80833051240414,59.19351493876137
2024-08-19 00:00:00+05:30,4360.993667459807,4433.24944356056,4330.75977693066,4429.05712890625,2055210,0.0,0.0,4238.684326171875,4028.00455078125,4204.473599457013,4080.3744524837516,69.81498173529907,65.29325184023855,4.879789521181749,60.413462319056805
2024-08-20 00:00:00+05:30,4443.853851121115,4503.039473999533,4438.921715881248,4461.9052734375,2212298,0.0,0.0,4250.3216796875,4041.8495654296876,4228.990901740868,4095.33644546233,71.26530532262512,78.06616801782093,14.122164559011296,63.94400345880963
2024-08-21 00:00:00+05:30,4456.677350530045,4498.1072860595405,4431.572589791713,4489.72265625,1896990,0.0,0.0,4262.610107421875,4055.0000830078125,4253.822497408404,4110.802571375572,72.47157640626828,89.4028460677182,20.367074087126852,69.03577198059135
2024-08-22 00:00:00+05:30,4498.107299533541,4499.044597882475,4436.159874122549,4440.89453125,1829872,0.0,0.0,4272.2647705078125,4067.8678515625,4271.6388815837945,4123.747354115746,67.14338262792901,93.37090184963017,19.468103895231053,73.90279795439912
2024-08-23 00:00:00+05:30,4438.921635555723,4444.840197736464,4394.532419200165,4403.3115234375,1809253,0.0,0.0,4279.238818359375,4080.1138671875,4284.179133188909,4134.710654873462,63.286557521121054,92.41764690341097,14.811879159209468,77.6057677442015
2024-08-26 00:00:00+05:30,4428.070743273682,4490.363511152708,4424.125035326902,4441.33837890625,1844164,0.0,0.0,4284.891040039062,4093.5229443359376,4299.146680400085,4146.735271502199,65.44912347498584,93.6510835281997,12.836252627198562,80.81483090100114
2024-08-27 00:00:00+05:30,4443.853900305565,4448.786035600021,4425.900735172207,4436.1103515625,930697,0.0,0.0,4290.614794921875,4105.912202148437,4312.19083955841,4158.083313857505,64.88326339349621,93.13315182472252,9.854656738977098,83.27849508574542
2024-08-28 00:00:00+05:30,4437.688435767235,4500.573156585277,4396.800844236572,4444.88916015625,1848058,0.0,0.0,4297.554296875,4119.384409179687,4324.828774853442,4169.330601947652,65.4238487601787,92.3663222374571,7.270261721369337,85.09606051608776
2024-08-29 00:00:00+05:30,4399.464793164972,4494.161793197222,4399.464793164972,4450.5615234375,2133641,0.0,0.0,4303.790991210937,4133.30369140625,4336.803322337638,4180.35926553549,65.79029694937869,91.16541838112425,4.855486292029198,86.30993208909506
2024-08-30 00:00:00+05:30,4438.921443950728,4529.9193335517175,4426.886842041163,4491.94189453125,3637222,0.0,0.0,4311.5171875,4148.3143310546875,4351.578424451315,4192.578192162774,68.41975615390294,92.48661540849935,4.941346655523418,87.54526875297593
2024-09-02 00:00:00+05:30,4513.890396809196,4525.727521975654,4450.759062588088,4459.68603515625,1216500,0.0,0.0,4323.255688476563,4162.964267578125,4361.874387375595,4203.053009535068,64.27267595535358,89.8946457742959,1.879501617055979,88.01514415723992
2024-09-03 00:00:00+05:30,4459.685629879758,4494.06270742408,4434.877086970319,4451.10400390625,1717263,0.0,0.0,4340.878198242188,4176.98001953125,4370.372446092801,4212.780499510408,63.175501300416585,86.15485344522676,-1.488232569610517,87.64308601483728
2024-09-04 00:00:00+05:30,4416.185023599646,4426.098423350554,4376.481332594552,4418.45361328125,1265505,0.0,0.0,4356.0716552734375,4190.223681640625,4374.951604872653,4220.846111815147,59.04577574820801,79.63840546296251,-6.403744441499825,86.04214990446233
2024-09-05 00:00:00+05:30,4420.179994842227,4437.935683283905,4393.694329919282,4415.19873046875,1688793,0.0,0.0,4369.659716796875,4202.976118164062,4378.784664453233,4228.467783134896,58.63428903499856,73.36571732699394,-10.141146061974723,83.50686338896867
2024-09-06 00:00:00+05:30,4413.225527115155,4457.614744708202,4379.73613584731,4396.2587890625,1649179,0.0,0.0,4383.67685546875,4215.007265625,4380.448866796973,4235.0478225830375,56.18080682591896,66.1042630076945,-13.922080305019335,80.02634331271383
2024-09-09 00:00:00+05:30,4394.532470037897,4429.304023252001,4370.365007520292,4389.15625,1184938,0.0,0.0,4394.5669921875,4225.355200195312,4381.278141387737,4241.091290324879,55.24720594707496,59.0951801484689,-16.74493053139595,75.84011067986485
2024-09-10 00:00:00+05:30,4382.152809727,4478.329442027619,4380.179955731091,4446.6650390625,1385591,0.0,0.0,4409.965112304688,4237.443798828125,4387.50546497581,4249.153005961649,60.911292323526716,57.517879826158605,-14.657784682965001,72.1756645091236
2024-09-11 00:00:00+05:30,4460.080429706317,4487.601645922096,4410.561603000488,4418.5517578125,1325919,0.0,0.0,4423.8934326171875,4247.5126123046875,4390.462254769781,4255.796094269525,57.10628399730221,53.38397389185684,-15.033352493813425,68.41732638567026
2024-09-12 00:00:00+05:30,4449.032761490448,4471.079503177753,4371.154150444191,4456.3818359375,2742216,0.0,0.0,4434.864965820312,4257.566469726563,4396.740310119088,4263.662201785917,60.66690916215829,52.55457833630044,-12.690198439495873,65.24477677579631
2024-09-13 00:00:00+05:30,4468.514307214688,4485.283566204235,4443.85363223006,4461.21484375,1458786,0.0,0.0,4440.120166015625,4268.743442382813,4402.88074189346,4271.409364215881,61.11105307092666,51.69139351472404,-10.842706608857824,62.534100123581865
2024-09-16 00:00:00+05:30,4465.555560363929,4484.346804288406,4433.447550354866,4451.9921875,1155120,0.0,0.0,4441.266918945313,4278.63962890625,4407.558022427416,4278.491043560356,59.725108721369025,49.69032293070086,-10.27502175430481,59.96534468500567
2024-09-17 00:00:00+05:30,4451.992059394612,4474.235797589848,4405.383379439724,4444.4951171875,1699364,0.0,0.0,4440.396411132812,4288.565971679687,4411.075840975996,4285.001007232009,58.56241520784991,46.958204209677206,-10.40571238026277,57.363916589939976
2024-09-18 00:00:00+05:30,4436.011913194985,4436.011913194985,4262.351610368148,4287.16015625,2961779,0.0,0.0,4430.268286132812,4295.711708984375,4399.274347192568,4285.0856797425195,40.669088961324135,31.731582069020078,-20.505867616735927,52.237449685756005
2024-09-19 00:00:00+05:30,4330.46378048053,4362.1777947455175,4223.683054727378,4237.83837890625,2927551,0.0,0.0,4420.115478515625,4302.022578125,4383.899493070062,4283.232844415607,36.86631909506619,15.505778130042017,-29.385337244571197,44.891115374613214
2024-09-20 00:00:00+05:30,4258.306876841625,4271.919859255081,4170.120394052744,4226.7412109375,5447908,0.0,0.0,4411.286962890625,4309.614287109375,4368.932037628865,4281.017486239995,36.04956052625782,1.7313054837050004,-34.52784791272658,36.25915339643158
2024-09-23 00:00:00+05:30,4241.636417670874,4250.908735834548,4195.274345198657,4210.56396484375,1702319,0.0,0.0,4399.7482421875,4316.596064453125,4353.849364030283,4278.254603047986,34.83786752085857,-10.370882807755152,-37.30402896334938,26.933146155594233
2024-09-24 00:00:00+05:30,4193.942488311093,4232.758489221414,4182.450709461383,4213.32568359375,3012026,0.0,0.0,4388.6090087890625,4318.510615234375,4340.466156369661,4275.708370912525,35.23806283281762,-19.514159514081257,-37.157844535740395,17.643685021659135
2024-09-25 00:00:00+05:30,4194.633134464164,4231.377541831965,4182.450664147026,4216.72900390625,2713073,0.0,0.0,4377.201000976563,4320.7835546875,4328.68166565886,4273.395454559339,35.76163822409822,-26.18382187144107,-35.06200551448016,8.878183643039094
2024-09-26 00:00:00+05:30,4202.179400844496,4258.208266860882,4202.179400844496,4234.23828125,3964251,0.0,0.0,4366.384838867188,4323.22462890625,4319.687057619921,4271.8598791354425,38.51570018111152,-29.714198210936956,-30.87390548318084,1.1597072722438844
2024-09-27 00:00:00+05:30,4276.1610994877965,4318.577461028275,4241.685282736974,4250.21826171875,3012477,0.0,0.0,4354.298657226563,4323.286767578125,4313.070981819809,4271.011188256357,41.00175690639513,-30.866782961343233,-25.621192186869692,-5.2455907744735395
2024-09-30 00:00:00+05:30,4228.7141266723165,4240.403383828528,4202.228463407952,4210.56396484375,2503416,0.0,0.0,4341.842553710938,4322.617978515625,4303.30840877447,4268.640708906843,37.00335374175782,-34.58135272492291,-23.468609560359496,-11.112743164563414
2024-10-01 00:00:00+05:30,4197.789670443426,4237.444232692173,4185.361074254107,4229.70068359375,1823365,0.0,0.0,4330.772387695312,4322.628828125,4296.298149233449,4267.113649090644,40.04208665665181,-35.57096283627561,-19.566575737369757,-16.004387098905855
2024-10-03 00:00:00+05:30,4204.743770009958,4220.921076261739,4152.857614176658,4175.298828125,3350119,0.0,0.0,4318.6146484375,4321.25572265625,4284.774404365978,4263.513067876305,34.88975364680477,-40.28068044995598,-19.421034680840098,-20.859645769115883
2024-10-04 00:00:00+05:30,4167.654529288722,4239.663708137971,4166.71723087503,4194.53466796875,2965463,0.0,0.0,4307.5814453125,4320.190390625,4276.180143756717,4260.808032585814,37.93094989739631,-41.97710810333865,-16.89396986737821,-25.08313823596044
2024-10-07 00:00:00+05:30,4215.890047824113,4238.9232134513,4171.994048522563,4214.8544921875,1472619,0.0,0.0,4298.51123046875,4319.210869140625,4270.33960551203,4259.00593296235,41.06264331433358,-41.20689184733328,-12.89900288909827,-28.30788895823501
2024-10-08 00:00:00+05:30,4214.608456504791,4221.315968016163,4146.890333501679,4195.52099609375,1541867,0.0,0.0,4288.8294677734375,4316.55541015625,4263.21402366267,4256.516327594954,39.04411495766127,-41.67612504629051,-10.694588870444399,-30.98153617584611
2024-10-09 00:00:00+05:30,4202.178726577897,4236.703669167152,4189.05944105549,4195.224609375,1082504,0.0,0.0,4276.2574462890625,4314.027197265625,4256.738841349558,4254.112730802015,39.01245398529117,-41.59245968347932,-8.488738806106568,-33.10372087737275
2024-10-10 00:00:00+05:30,4195.520719150492,4235.569752458276,4141.612578885341,4170.021484375,2378875,0.0,0.0,4263.8309326171875,4311.30564453125,4248.48004544722,4250.815034863701,36.31568789296225,-43.06342745126494,-7.967765259113747,-35.095662192151195
2024-10-11 00:00:00+05:30,4086.76701664548,4184.374159897653,4056.6318647840662,4092.883056640625,5759183,0.0,0.0,4245.655993652344,4306.646752929688,4233.661284608496,4244.621623952992,29.576749005024105,-49.87863657633261,-11.82637950734513,-38.05225706898748
2024-10-14 00:00:00+05:30,4083.808044963921,4108.863196058777,4066.24983588624,4080.50341796875,2137590,0.0,0.0,4226.620422363281,4301.5084619140625,4219.074821118997,4238.185615875179,28.657655349818857,-55.637319897986345,-14.06805026319909,-41.569269634787254
2024-10-15 00:00:00+05:30,4074.978947623988,4113.351342135271,4039.418447965807,4060.92236328125,2759474,0.0,0.0,4207.066931152343,4298.228588867188,4204.012682277306,4231.234115773456,27.216992804513893,-61.07708675015965,-15.606253692297912,-45.47083305786174
2024-10-16 00:00:00+05:30,4029.554483821089,4059.14729520778,4011.996034232936,4039.369384765625,2359151,0.0,0.0,4186.81064453125,4297.042900390625,4188.3323682285745,4223.71000867511,25.686329873573758,-66.36230309142593,-16.71317602685135,-49.64912706457458
2024-10-17 00:00:00+05:30,4056.976745538161,4073.894353796949,4037.396314216548,4053.228515625,2522659,0.0,0.0,4175.1140625,4295.81578125,4175.465334647281,4217.024459928047,28.47199508626204,-68.64130485045735,-15.193742228706213,-53.44756262175113
2024-10-18 00:00:00+05:30,4044.3290116089447,4099.851916021619,4034.440676617236,4077.009765625,2361000,10.0,0.0,4167.0726318359375,4294.4872265625,4166.088613788017,4211.533687602437,33.10574307663175,-67.74753067476558,-11.439974442411554,-56.30755623235403
2024-10-21 00:00:00+05:30,4086.4534479677714,4093.7214708106585,4024.552373858137,4034.29248046875,1595450,0.0,0.0,4157.4501953125,4292.854755859375,4153.536601090944,4204.583052028566,29.419037864117637,-69.6828752997244,-10.700255253896295,-58.98262004582811
2024-10-22 00:00:00+05:30,4020.596980037317,4044.131265438965,3961.6131587823234,3970.660888671875,1928049,0.0,0.0,4145.455041503907,4288.8409033203125,4136.119866574842,4195.409633857716,24.960066895481667,-75.48108852188216,-13.198774780843237,-62.28231374103892
2024-10-23 00:00:00+05:30,3954.938821901045,4067.61611690017,3950.538319406618,4020.844482421875,1966476,0.0,0.0,4135.830981445312,4286.483740234375,4125.141258560274,4188.563941644546,33.518262271417896,-75.16041518001839,-10.30248115118357,-64.85793402883482
2024-10-24 00:00:00+05:30,3959.289522597981,4033.452038630661,3959.289522597981,4002.69921875,2676744,0.0,0.0,4125.1294921875,4283.738017578125,4113.480111911676,4181.275128982014,32.09302672850769,-75.50013185545913,-8.513758261299444,-66.98637359415969
2024-10-25 00:00:00+05:30,4011.747282433876,4046.306967413721,3987.669088444704,4012.24169921875,1759676,0.0,0.0,4114.0296630859375,4279.243828125,4103.838358321874,4174.646367030514,33.689889445237014,-74.14466776770905,-5.726635338839486,-68.41803242886957
2024-10-28 00:00:00+05:30,4023.5140789268585,4087.837747302151,4005.7645656315945,4045.169677734375,1532534,0.0,0.0,4103.777233886719,4273.025004882813,4098.250864932588,4169.568849803214,39.0187911579765,-69.61100767186872,-0.9543801943993202,-68.6566274774694
2024-10-29 00:00:00+05:30,4050.113964037839,4057.678444076715,4014.763164872312,4029.743896484375,1445885,0.0,0.0,4094.73623046875,4265.038740234375,4091.726391747044,4164.085518300514,37.49846007933783,-66.49625359197307,1.7282991083970671,-68.22455270037014
2024-10-30 00:00:00+05:30,4029.4966712741575,4061.139344520973,4014.713658149548,4039.038818359375,1935002,0.0,0.0,4085.2031372070314,4256.581411132813,4086.708527614885,4159.18172614596,39.03978469399274,-62.55665188587818,4.534320651593575,-67.09097253747176
2024-10-31 00:00:00+05:30,4024.552570442241,4032.759937234877,3915.780879349208,3924.136474609375,3740372,0.0,0.0,4072.64501953125,4245.2696875,4071.2254749476933,4149.964265301388,29.390783050727666,-67.92317196644899,-0.6657595431817782,-67.25741242326721
2024-11-01 00:00:00+05:30,3945.297258950291,3954.2954985465935,3931.6513089816535,3939.710205078125,154895,0.0,0.0,4059.9037963867186,4235.246000976563,4058.7002111505917,4141.71900803773,31.849412180175193,-70.11130838002828,-2.283116765408849,-67.82819161461943
2024-11-04 00:00:00+05:30,3922.010414247176,3947.3244073529545,3869.552748054801,3919.88427734375,2269192,0.0,0.0,4045.1552856445314,4225.577456054688,4045.4796460261305,4133.019606834045,30.398282508346725,-72.60822649050306,-3.824027900706895,-68.78419858979616
2024-11-05 00:00:00+05:30,3897.091935997988,3941.4904650926896,3897.091935997988,3927.004150390625,967590,0.0,0.0,4031.729443359375,4215.290771484375,4034.196265489416,4124.94056932646,31.603490913174777,-73.16909010618929,-3.507913213114506,-69.66117689307478
2024-11-06 00:00:00+05:30,3958.893717952785,4103.460879411139,3930.860192931048,4093.42431640625,3792017,0.0,0.0,4026.6394287109374,4208.43705078125,4039.8370322434002,4123.704637839393,52.36592663404471,-59.498994623145336,8.12974581594355,-67.62874043908889
2024-11-07 00:00:00+05:30,4123.139187393775,4158.835690041854,4039.434287799142,4104.548828125,3724349,0.0,0.0,4023.3657958984377,4201.630244140625,4046.0000604226,4122.9534296153,53.38459660029362,-47.22332919734845,16.324328993392356,-63.547658190740805
2024-11-08 00:00:00+05:30,4108.6035397623655,4123.188835120126,4071.6705088499857,4100.69287109375,1648039,0.0,0.0,4023.7562866210938,4194.63287109375,4051.2088995341383,4122.080466536023,52.96181647419953,-37.37508272438981,20.938060373080802,-58.313143097470615
2024-11-11 00:00:00+05:30,4082.102667599903,4187.017516194887,4071.670184427067,4151.8154296875,1406487,0.0,0.0,4027.321887207031,4187.830341796875,4060.7904738344587,4123.246543522355,57.74029994311159,-25.155140412178753,26.526402148233494,-51.68154256041225
2024-11-12 00:00:00+05:30,4168.921695036513,4170.899361874765,4117.848545504403,4150.529296875,1587640,0.0,0.0,4031.8022338867186,4181.64720703125,4069.337028409748,4124.316455418537,57.58181688962844,-15.39704075760119,29.02760144224885,-44.42464219985004
2024-11-13 00:00:00+05:30,4131.4450102278615,4149.886656952062,4084.9201081020014,4104.0048828125,1098813,0.0,0.0,4035.0340087890627,4174.705224609375,4072.6387288290575,4123.519923159476,52.01956921369576,-11.28769040350062,26.50956143707954,-37.79725184058016
2024-11-14 00:00:00+05:30,4088.826791176288,4113.547630300692,4070.4841216775367,4099.60498046875,1825432,0.0,0.0,4037.35283203125,4168.328251953125,4075.206943270933,4122.582082269644,51.51278070162504,-8.290468627527389,23.605426570442216,-31.895895197969605
2024-11-18 00:00:00+05:30,4165.955747044194,4165.955747044194,3945.6435837740178,3974.616455078125,3313944,0.0,0.0,4032.2331665039064,4159.516606445312,4065.62689677638,4116.779508654291,39.68510655162392,-15.818334291444444,12.86204872522013,-28.680383016664575
2024-11-19 00:00:00+05:30,3975.011659836699,4086.00821936708,3969.2766187118823,3994.4423828125,1776233,0.0,0.0,4030.2406616210938,4151.480278320312,4058.84741925601,4111.981974307554,41.961506394100326,-19.954413333748562,6.98077574633281,-26.935189080081372
2024-11-21 00:00:00+05:30,3999.7325160916207,4046.7515971644048,3979.065992566774,4027.37060546875,2384347,0.0,0.0,4033.0761474609376,4144.244565429687,4055.8496274667473,4108.663881411915,45.631701706335356,-20.340777575696393,5.275529203507983,-25.616306779204375
2024-11-22 00:00:00+05:30,4025.541518342297,4207.4376491547855,4008.731347423157,4197.203125,3096553,0.0,0.0,4041.894079589844,4139.255327148438,4069.3118653270567,4112.136008611448,59.764296081498344,-6.863787573867285,15.002015364269674,-21.86580293813696
2024-11-25 00:00:00+05:30,4232.207374969235,4279.77036282847,4204.717996833455,4266.91552734375,4052167,0.0,0.0,4055.1048950195313,4136.222602539063,4088.131261709599,4118.205793659774,63.911187175218544,9.334430848991815,24.960187029703018,-15.625756180711203
2024-11-26 00:00:00+05:30,4272.798737062877,4317.840392000199,4261.872320185588,4304.095703125,2060669,0.0,0.0,4069.6975952148437,4133.1768798828125,4108.699303749161,4125.495594030959,65.92812772921825,24.884907386785017,32.40853085399698,-7.523623467211959
2024-11-27 00:00:00+05:30,4310.276000958651,4328.519689433695,4275.765325361396,4284.17041015625,1558993,0.0,0.0,4081.6476318359373,4129.635991210937,4125.410837692693,4131.718135839794,63.868056836108195,35.19525842730127,34.17510551561058,1.020152911690687
2024-11-28 00:00:00+05:30,4270.7716787896325,4291.487932738633,4185.732001925564,4197.4990234375,2558544,0.0,0.0,4090.0353881835936,4124.546127929688,4132.276379192199,4134.297778490684,55.713054236365274,35.95812644527177,27.95037882686487,8.007747618406905
2024-11-29 00:00:00+05:30,4172.877387714522,4250.69877762643,4148.799195321535,4223.15966796875,2017425,0.0,0.0,4099.241430664062,4120.119418945313,4140.931930504252,4137.782558470216,57.44551051856061,38.19303882713939,24.148232966985987,14.044805860153403
2024-12-02 00:00:00+05:30,4222.319372811503,4240.31633704029,4182.81527828795,4228.89501953125,1670944,0.0,0.0,4114.479357910156,4118.954116210937,4149.309367554442,4141.3555961588845,57.8424633889559,39.966311173166105,20.73720425041016,19.229106922755946
2024-12-03 00:00:00+05:30,4266.174179178051,4276.705160058429,4217.820314512186,4254.70361328125,2010905,0.0,0.0,4130.229028320313,4119.2914208984375,4159.346914766519,4145.800616438193,59.665756369014474,42.95897577562937,18.983895082298737,23.975080693330632
2024-12-04 00:00:00+05:30,4265.382907054126,4337.963678279428,4241.156484280645,4305.77685546875,3302642,0.0,0.0,4149.523657226562,4120.872133789063,4173.292623404827,4152.074194439391,63.06966756404497,48.888313792224835,19.93058647911536,28.957727313109476
2024-12-05 00:00:00+05:30,4351.657945990761,4438.873247255035,4311.313735360202,4414.20166015625,3746747,0.0,0.0,4173.883532714844,4124.944887695313,4196.236341190677,4162.353702898876,69.04261249911102,61.62594692796483,26.13457569188428,35.49137123608055
2024-12-06 00:00:00+05:30,4403.2756263356205,4415.141628472613,4363.475077501124,4395.859375,1842087,0.0,0.0,4189.005285644531,4128.595561523438,4215.248058696327,4171.510788079312,67.06646133873724,69.44008180044875,27.15896845149456,42.28111334895419
2024-12-09 00:00:00+05:30,4380.977660911499,4419.49243681023,4366.243655203445,4402.43505859375,2066639,0.0,0.0,4203.899597167969,4132.309682617188,4233.07539201989,4180.566641824977,67.42641013015464,75.29548323451218,26.411495908446383,48.88398732606579
2024-12-10 00:00:00+05:30,4376.725760717574,4443.62025747674,4362.832841709957,4383.05419921875,2087828,0.0,0.0,4218.017663574219,4135.286000976563,4247.3590879435915,4188.507330350223,65.16573364438071,77.47892881550615,22.875953191552284,54.60297562395387
2024-12-11 00:00:00+05:30,4382.362001459759,4398.974211726839,4357.78939153351,4378.01123046875,1635256,0.0,0.0,4229.327453613281,4137.841860351563,4259.802149136463,4195.938855845067,64.55918678229531,77.90436669160681,18.641112854122355,59.263253837484456
2024-12-12 00:00:00+05:30,4380.581274995901,4434.917864256952,4376.5766927985,4405.20361328125,1914642,0.0,0.0,4242.061169433594,4141.734653320313,4273.649907626444,4204.145316920996,66.3765153909755,79.51908084520073,16.20466160617302,63.314419239027714
2024-12-13 00:00:00+05:30,4385.427605214681,4444.707887644289,4345.330114520725,4423.9423828125,1967048,0.0,0.0,4258.058044433594,4145.619487304688,4287.9634766917825,4212.764809701055,67.60913977404624,81.37280054814255,14.446705047291857,66.92609550085069
2024-12-16 00:00:00+05:30,4409.208664249149,4425.030000564014,4347.900986029043,4365.89794921875,1646224,0.0,0.0,4271.372692871094,4149.431469726563,4295.3858074086365,4218.770030858612,60.24211037375408,77.26749449541148,8.273119195648633,68.99437529976285
2024-12-17 00:00:00+05:30,4360.7559498455,4383.449872920127,4269.783263363463,4280.166015625,3225027,0.0,0.0,4286.650170898438,4151.144096679687,4293.936303429243,4221.177716535725,51.34320318592663,66.33153072587447,-2.1302756591107084,68.46180638498518
2024-12-18 00:00:00+05:30,4263.553570434912,4313.291702065844,4241.700253645469,4299.2998046875,1575404,0.0,0.0,4301.893041992187,4152.833002929688,4294.447113072886,4224.241327835795,53.01149186499697,58.533895210841365,-7.942328939315061,66.47622415015643
2024-12-19 00:00:00+05:30,4234.185068873616,4315.269416292494,4214.40839877145,4224.19775390625,3015763,0.0,0.0,4311.734399414063,4153.406538085937,4287.756697914158,4224.239619054245,46.301010765889124,45.76653689359864,-16.567749805246237,62.33428669884488
2024-12-20 00:00:00+05:30,4280.659994866976,4333.068167592305,4106.130891357154,4123.73193359375,4116989,0.0,0.0,4308.06083984375,4151.9766845703125,4272.135291788405,4220.29814119305,39.15975178669315,27.22769742474975,-28.08527141927611,55.31296884402586
2024-12-23 00:00:00+05:30,4153.150010175141,4169.910931380412,4068.95093296642,4111.8662109375,2195338,0.0,0.0,4300.308374023438,4150.813579101563,4256.871569802604,4216.045908634009,38.40631385700857,11.446125122733065,-35.093474977034234,46.5396000997673
2024-12-24 00:00:00+05:30,4111.866126630934,4170.899679378141,4111.866126630934,4132.82958984375,1181886,0.0,0.0,4291.745068359375,4151.612509765625,4245.058047901761,4212.782523583411,40.5814254959096,0.6234975609941102,-36.732882031018555,37.356379592012665
2024-12-26 00:00:00+05:30,4132.82967041397,4153.051508900216,4096.885475626031,4122.5458984375,1208464,0.0,0.0,4283.663842773438,4152.453359375,4233.39022414326,4209.243832401218,39.83820520838616,-8.683225883726664,-36.83168438059146,28.148458496864798
2024-12-27 00:00:00+05:30,4116.5138231945575,4134.263577490246,4100.9396957106965,4118.34326171875,858100,0.0,0.0,4279.7060546875,4153.60177734375,4222.433370579021,4205.679104139161,39.51966736431444,-16.211117256628313,-35.48766060279449,19.276543346166175
2024-12-30 00:00:00+05:30,4104.648131162954,4152.408599254037,4066.083622101197,4112.36083984375,1527169,0.0,0.0,4274.16611328125,4155.0616064453125,4211.950272413757,4202.01956436287,39.041121654597546,-22.401526005976848,-33.34245548171442,10.940929475737569
2024-12-31 00:00:00+05:30,4088.826497628441,4093.721416555209,3987.026137705559,4049.075439453125,1555429,0.0,0.0,4265.175134277344,4154.978544921875,4196.438383560364,4196.021755542881,34.30829630540549,-32.044681313625915,-34.38848863149079,2.3438073178648713
2025-01-01 00:00:00+05:30,4048.679829886604,4087.83773347844,4039.829818248196,4066.528564453125,763161,0.0,0.0,4255.766381835938,4154.7689208984375,4184.066019835865,4190.943591186419,36.59127350012694,-37.84240634026082,-32.14897092650055,-5.693435413760268
2025-01-02 00:00:00+05:30,4073.994113145842,4136.29062507016,4051.2016935812703,4129.12158203125,1720835,0.0,0.0,4246.933618164063,4156.665502929687,4178.833216235425,4188.51919867053,44.095031638090695,-36.96035581255637,-25.01353631903688,-11.94681949351949
2025-01-03 00:00:00+05:30,4133.274820319709,4133.274820319709,4046.6034183811225,4054.118408203125,1791953,0.0,0.0,4228.929455566406,4158.334653320312,4166.955615470444,4183.248579436515,38.25335208741686,-41.83124911403411,-23.907543696411693,-17.923705417622415
2025-01-06 00:00:00+05:30,4059.65594513722,4103.312847713527,4020.99245861776,4049.273193359375,2085593,0.0,0.0,4211.600146484375,4158.903227539063,4155.74776574558,4177.994642727607,37.904009681736845,-45.55727953305177,-22.106859292343483,-23.450420240708286
2025-01-07 00:00:00+05:30,4069.000684555231,4094.116959386962,3966.755153781297,3983.318115234375,2669054,0.0,0.0,4190.644299316406,4158.51560546875,4139.325894268322,4170.360269100422,33.428717384700604,-53.21873661167774,-23.81465309677556,-29.40408351490218
2025-01-08 00:00:00+05:30,3989.844415333019,4079.92724877802,3972.886016427021,4062.523681640625,2181277,0.0,0.0,4174.6177734375,4159.521245117187,4132.0113978275895,4166.131383317685,42.247333553016276,-52.29642860826061,-18.313876074686746,-33.982552533573866
2025-01-09 00:00:00+05:30,4055.2061490781975,4091.545779894736,3980.351502046472,3993.750244140625,2392472,0.0,0.0,4155.404724121094,4158.492856445312,4118.843668905021,4159.371338644075,37.59097115825554,-56.464052068737146,-17.985199628130623,-38.47885244060652
2025-01-10 00:00:00+05:30,4153.100754562903,4249.017605323046,4123.435749173168,4218.017578125,7894300,0.0,0.0,4146.045422363281,4162.258330078125,4128.288803116448,4161.671191172739,55.006226857655186,-41.19554748695191,-2.17335603707631,-39.0221914498756
2025-01-13 00:00:00+05:30,4197.598272132331,4274.678037775706,4180.194705698588,4243.18359375,4003771,0.0,0.0,4137.007482910156,4166.3412255859375,4139.231164129167,4164.867755979691,56.47401757953354,-26.756033562625817,9.812926309799828,-36.568959872425644
2025-01-14 00:00:00+05:30,4253.9615096329735,4265.728531143597,4171.937581674834,4185.78125,3441709,0.0,0.0,4128.001647949219,4171.57412109375,4143.664505640675,4165.687893000095,52.28431679753475,-19.717216359092163,13.481394810666785,-33.19861116975895
2025-01-15 00:00:00+05:30,4170.899737234007,4208.920578752618,4160.4677368549255,4202.14697265625,1653474,0.0,0.0,4124.100695800781,4176.822856445313,4149.234264404063,4167.117660829748,53.34700078648384,-12.672248180222596,16.421090391629086,-29.09333857185168
2025-01-16 00:00:00+05:30,4212.430629187851,4246.050967542871,4145.041724021425,4159.330078125,2637705,0.0,0.0,4117.102209472656,4181.611772460938,4150.195770472724,4166.812265429562,50.19717230651175,-10.423865858186218,14.935578170932374,-25.359444029118592
2025-01-17 00:00:00+05:30,4123.251059336668,4123.945085907447,4063.928242837285,4087.964599609375,1761466,10.0,0.0,4110.290551757813,4184.830981445312,4144.268992295262,4163.72020010328,45.38694550326867,-14.236494907885572,8.898359296986417,-23.13485420487199
2025-01-20 00:00:00+05:30,4109.275187749958,4109.275187749958,4032.260017399004,4041.87451171875,1287799,0.0,0.0,4106.197680664062,4183.799985351562,4134.517137002262,4158.941937813691,42.550986359169734,-20.738060349405714,1.9174350843730181,-22.655495433778732
2025-01-21 00:00:00+05:30,4059.22038554109,4074.782019875334,3994.4956312570166,4000.294189453125,1971591,0.0,0.0,4100.619079589844,4181.714892578125,4121.733999140439,4152.720457485825,40.1157087197929,-28.912497040169,-5.005601285112213,-23.906895755056787
2025-01-22 00:00:00+05:30,4014.319517493651,4126.472569686494,4008.570567070649,4119.98046875,2409223,0.0,0.0,4099.976623535156,4182.10064453125,4121.566996246112,4151.43653635893,49.138999394835,-25.439859665486438,-1.2263711283437218,-24.213488537142716
2025-01-23 00:00:00+05:30,4131.279851474968,4154.424234386973,4103.575897842693,4108.9287109375,1822998,0.0,0.0,4099.295764160156,4181.24291015625,4120.363350026244,4149.769562812992,48.41357712710708,-23.31084115280919,0.7221179074668242,-24.032959060276013
2025-01-24 00:00:00+05:30,4067.8434484989616,4141.191502882228,4067.8434484989616,4115.767578125,1910099,0.0,0.0,4099.166979980469,4180.54767578125,4119.92565746422,4148.436151648758,48.91613469668926,-20.831605435295387,2.561082899984502,-23.39268833527989
2025-01-27 00:00:00+05:30,4065.861139494707,4119.732409603993,4005.4481609662266,4029.335693359375,1551782,0.0,0.0,4095.01572265625,4179.054291992187,4111.298041835187,4143.765545441332,43.18945810976162,-25.546638282532513,-1.7231599578020962,-23.823478324730416
2025-01-28 00:00:00+05:30,4034.9361276903833,4065.8612059687466,3992.810554493486,4004.704833984375,2468272,0.0,0.0,4092.7971923828127,4177.1562890625,4101.1463077541575,4138.312184207725,41.69153781770866,-30.914477434555465,-5.6727992878600375,-25.241678146695428
2025-01-29 00:00:00+05:30,4018.284113172447,4071.659789518005,4018.284113172447,4063.680419921875,1217089,0.0,0.0,4092.65478515625,4178.937568359375,4097.578127960607,4135.385448353379,46.478061042424144,-30.06314253660139,-3.8571715119247685,-26.20597102467662
2025-01-30 00:00:00+05:30,4063.7796409573857,4093.515339909213,4022.7444731997584,4063.92822265625,1531251,0.0,0.0,4089.3951171875,4180.32728515625,4094.3733750744777,4132.583204208393,46.49793469271022,-29.033774605984945,-2.2622428650466553,-26.77153174093829
2025-01-31 00:00:00+05:30,4073.7906745213095,4092.0783226009103,4049.258723379119,4076.16943359375,1492943,0.0,0.0,4090.497668457031,4181.30326171875,4092.6396663620276,4130.370899478407,47.53432663277251,-26.919913678368175,-0.11870554994390403,-26.80120812842427
2025-02-01 00:00:00+05:30,4076.764398462157,4099.462552267958,4020.266569453564,4037.265380859375,437172,0.0,0.0,4089.8972778320312,4178.104506835937,4087.3659248855847,4126.719702669818,44.578786449545206,-28.060432387070705,-1.0073794069171456,-27.05305298015356
2025-02-03 00:00:00+05:30,3995.387510672127,4041.081464597763,3963.471242376416,4032.804931640625,1265713,0.0,0.0,4092.371618652344,4173.422294921875,4082.1696398146364,4123.036770472594,44.23915741815548,-28.990043479577253,-1.5495923995389518,-27.4404510800383
2025-02-04 00:00:00+05:30,4047.7223151411663,4082.562786773872,4030.227909472024,4070.866455078125,2547132,0.0,0.0,4092.7887573242188,4168.757709960937,4081.0931460302068,4120.990875751242,47.88761864633437,-26.351753508839465,0.8709580569590685,-27.222711565798534
2025-02-05 00:00:00+05:30,4113.438365339778,4113.438365339778,4040.090307740948,4055.057373046875,1693912,0.0,0.0,4095.854113769531,4164.17544921875,4078.6135486032226,4118.405248194208,46.52592139891297,-25.245535676607687,1.5817407113526798,-26.827276387960367
2025-02-06 00:00:00+05:30,4069.2311172534983,4103.030791288902,4015.8556837274673,4046.78076171875,2284536,0.0,0.0,4087.292272949219,4161.161083984375,4075.5818546142254,4115.596444803014,45.791787119781,-24.751384880645674,1.6607132058517564,-26.41209808649743
2025-02-07 00:00:00+05:30,4053.9668417349,4053.9668417349,3972.689266912831,3993.900634765625,1548940,0.0,0.0,4074.828125,4156.575903320312,4067.802690819121,4110.824060095665,41.30712153020942,-28.300520340119874,-1.5107378028979532,-26.78978253722192
2025-02-10 00:00:00+05:30,4004.4074551323297,4016.3017347020295,3978.9835293479914,4001.38427734375,1339511,0.0,0.0,4065.6082763671875,4152.025688476562,4061.4771276309903,4106.5323039093155,42.170296167242405,-30.161683239856302,-2.6975205621075027,-27.4641626777488
2025-02-11 00:00:00+05:30,3982.9977288616255,4004.407529279412,3920.156380767345,3928.631103515625,1810908,0.0,0.0,4051.932482910156,4145.50423828125,4048.8251253342887,4099.555786246818,36.54365932645735,-37.07980840126811,-7.692516578815447,-29.387291822452664
2025-02-12 00:00:00+05:30,3936.114499958995,3986.318174037724,3905.4369774714623,3915.348876953125,1678002,0.0,0.0,4039.7334228515624,4137.6956787109375,4036.1131016789395,4092.3319858823593,35.60951932633888,-43.13698085008036,-10.999751222102162,-32.1372296279782
2025-02-13 00:00:00+05:30,3933.041853339672,3949.346880165372,3867.871111944238,3875.701416015625,2277310,0.0,0.0,4029.120263671875,4126.925673828125,4020.835798282433,4083.836669416997,32.90557008884806,-50.55379967137105,-14.73325603471428,-35.82054363665677
2025-02-14 00:00:00+05:30,3890.420520171499,3913.2178888247336,3865.640771635375,3900.183837890625,1681975,0.0,0.0,4022.0357299804687,4117.012163085938,4009.3451353879755,4076.6345975924337,36.13070739992206,-53.83557222028685,-14.41202286690406,-39.42354935338279
2025-02-17 00:00:00+05:30,3822.523957670536,3899.3411770973394,3822.226552294164,3870.10107421875,1799806,0.0,0.0,4015.52607421875,4106.365483398437,3996.0837962290016,4068.5352437346423,33.96995617904284,-58.193015368102806,-15.01557281177601,-43.177442556326795
2025-02-18 00:00:00+05:30,3864.054842888474,3889.825781845942,3830.4536000436697,3839.076904296875,2149879,0.0,0.0,4001.4808959960938,4095.4859375,3981.1307589021326,4059.536877482181,31.85421594855156,-63.41866084385583,-16.19297463002323,-47.2256862138326
2025-02-19 00:00:00+05:30,3838.085651740005,3840.8114240852815,3734.952289696236,3750.761962890625,4366672,0.0,0.0,3983.57255859375,4082.9409521484376,3959.1908735677034,4047.42805730212,26.74722797644188,-73.83517429636777,-21.287590466028135,-52.54758383033963
2025-02-20 00:00:00+05:30,3728.3610678378154,3754.6276020124,3718.250978553469,3746.103271484375,2888572,0.0,0.0,3965.0893432617186,4069.7589453125,3938.8968162264337,4035.611399034758,26.50581890626205,-81.52646734944574,-23.183106815284887,-58.34336053416085
2025-02-21 00:00:00+05:30,3742.8325796673616,3783.372153046896,3741.742173893642,3752.645263671875,1833931,0.0,0.0,3951.2548217773438,4056.3330029296876,3921.1585731259993,4024.514687844057,27.495444366889686,-86.10146432650708,-22.206483033876985,-63.8949812926301
2025-02-24 00:00:00+05:30,3710.172707692077,3730.046115354277,3637.6672568480726,3643.218017578125,2508516,0.0,0.0,3933.1804809570312,4041.879404296875,3894.6880440262016,4009.5618772453927,22.128073126485443,-97.43388940346176,-26.83112648866532,-70.60276291479644
2025-02-25 00:00:00+05:30,3593.0635237142064,3625.772791654225,3589.3465614482952,3597.573486328125,4101954,0.0,0.0,3909.875134277344,4028.2275537109376,3866.3914194835274,3993.405469758441,20.344103659545446,-108.84337149334306,-30.59248686283729,-78.25088463050577
2025-02-27 00:00:00+05:30,3579.880780398149,3605.9491251101153,3568.9776906850625,3580.723388671875,3823856,0.0,0.0,3885.714892578125,4013.856025390625,3839.1849403586084,3977.2218587354387,19.71230375494447,-117.8862114452495,-31.708261451794982,-86.17794999345452
2025-02-28 00:00:00+05:30,3553.3664726312627,3568.283930237565,3426.5437630086844,3452.5625,7085018,0.0,0.0,3854.5345458984375,3998.4233203125,3802.3637555625505,3956.6469819222843,15.71480920837488,-133.85128558714678,-38.1386684749538,-95.71261711219297
2025-03-03 00:00:00+05:30,3454.2969955057943,3492.210011310126,3445.524867602231,3462.276123046875,4990439,0.0,0.0,3825.7850830078123,3985.1942041015627,3769.9744572277245,3937.2598894173666,17.087214618721937,-144.05928787022458,-38.67733660642527,-105.38195126379931
2025-03-04 00:00:00+05:30,3443.393990451693,3519.715618910179,3433.779496043832,3500.9326171875,2797737,0.0,0.0,3799.1914672851562,3972.9755322265623,3744.351424842941,3920.1490159965874,22.49578366342968,-147.33160023611617,-33.55971917785348,-113.7718810582627
2025-03-05 00:00:00+05:30,3489.831165175846,3568.63076468625,3489.831165175846,3515.80029296875,2501894,0.0,0.0,3771.4381591796873,3960.6349462890626,3722.584650378732,3904.292203328829,24.534764325163756,-147.03035971703048,-26.606782927014223,-120.42357679001626
2025-03-06 00:00:00+05:30,3525.662703832945,3577.650569074593,3504.946930370165,3569.869873046875,2786513,0.0,0.0,3747.1787841796877,3949.58142578125,3708.0403858709365,3891.1776021413016,31.58397092874562,-140.80554255519473,-16.305572612142782,-124.49996994305195
2025-03-07 00:00:00+05:30,3568.2837310004584,3593.063479132406,3542.9091721174527,3579.385009765625,2051315,0.0,0.0,3723.8089965820313,3938.8022607421876,3695.7874929085256,3878.950441655981,32.774053114326,-133.5648852393815,-7.251932237063642,-126.31295300231787
2025-03-10 00:00:00+05:30,3574.7265497742465,3590.189209768941,3551.037206797617,3558.02490234375,1004626,0.0,0.0,3702.0152099609377,3927.7155419921874,3682.6672461880707,3866.365126388835,31.451440341221872,-128.0738388148984,-1.4087086500644261,-126.66513016483398
2025-03-11 00:00:00+05:30,3526.6538789597053,3557.132970240765,3506.4830664704914,3543.801513671875,1995450,0.0,0.0,3679.1360717773437,3917.6100634765626,3669.4419383293853,3853.7155729489546,30.566859143819997,-123.44683528447104,2.574635904290375,-126.02147118876141
2025-03-12 00:00:00+05:30,3533.592074446807,3537.804631618307,3456.130678783226,3475.31005859375,3174167,0.0,0.0,3656.47001953125,3905.785693359375,3650.9531878783723,3838.876141013456,26.67607534818848,-123.8785943448188,1.7143014751541017,-125.5928958199729
2025-03-13 00:00:00+05:30,3471.444519804173,3493.250698135823,3453.4049115822995,3480.117431640625,1693004,0.0,0.0,3634.708447265625,3892.8056103515623,3634.6831158557297,3824.8071720184435,27.374837725019027,-122.42165109383268,2.5369957809121786,-124.95864687474486
2025-03-17 00:00:00+05:30,3458.261705673071,3499.346480347681,3446.714439651225,3466.885009765625,2690906,0.0,0.0,3614.267626953125,3881.0609423828123,3618.7023438471483,3810.771008792843,26.622776235353427,-120.94063062119267,3.2144130028417663,-124.15504362403443
2025-03-18 00:00:00+05:30,3466.885009765625,3466.885009765625,3466.885009765625,3466.885009765625,0,0.0,0.0,3592.602685546875,3869.4131787109377,3604.243550125099,3797.2852833407956,26.622776235353427,-118.40204614124832,4.602397986228908,-123.00444412747723
2025-03-19 00:00:00+05:30,3515.750809857665,3515.750809857665,3432.2430552113424,3466.29052734375,3051244,0.0,0.0,3572.412158203125,3859.072626953125,3591.1051670030656,3784.3050968311077,26.584722002946307,-115.1112387089479,6.314564334823473,-121.42580304377137
2025-03-20 00:00:00+05:30,3481.0590326792085,3547.419150066534,3481.0590326792085,3531.75830078125,2845192,0.0,0.0,3557.0462280273437,3848.4573193359374,3585.4530845057498,3774.4013009075843,37.22618593832858,-105.99866134436525,12.341713359524903,-118.34037470389015
2025-03-21 00:00:00+05:30,3444.385122290016,3584.3907045989267,3434.473222657527,3546.576904296875,4161925,0.0,0.0,3546.8369750976562,3839.5138525390626,3581.7505911525236,3765.4670108444193,39.36847377127144,-96.46910487976402,17.497015859300916,-113.96612073906493
2025-03-24 00:00:00+05:30,3568.283858799063,3617.5955593477447,3535.1782109049886,3596.978759765625,1834751,0.0,0.0,3539.380749511719,3827.093076171875,3583.2008929251997,3758.8596284491728,46.10549232397662,-83.88290430879715,24.06657314421423,-107.94947745301138
2025-03-25 00:00:00+05:30,3612.8874742493463,3677.314822898512,3605.949144394821,3625.525146484375,3135390,0.0,0.0,3533.0247436523437,3814.7399072265625,3587.2317742165496,3753.630825234867,49.52626334118694,-70.78878578350896,29.728553335601944,-100.5173391191109
2025-03-26 00:00:00+05:30,3615.613226474975,3648.074698112849,3593.906262847376,3603.7685546875,1734499,0.0,0.0,3531.0522705078124,3803.0996533203124,3588.806705689973,3747.753873448696,47.07390396214936,-61.45871977987463,31.246895471389024,-92.70561525126365
2025-03-27 00:00:00+05:30,3583.003105177864,3630.728804709229,3578.691332078261,3619.03271484375,2528474,0.0,0.0,3532.1252319335936,3791.4373681640627,3591.685373228428,3742.705984875953,48.982586592724104,-52.23080093516228,32.37985145288111,-84.61065238804339
2025-03-28 00:00:00+05:30,3618.834605935093,3628.696897808044,3560.255181499984,3574.379638671875,2051919,0.0,0.0,3531.8080444335938,3779.738359375,3590.0372080325656,3736.10495169148,43.98529674846311,-47.96779594022246,29.31428515825675,-77.28208109847921
2025-04-01 00:00:00+05:30,3541.224297162105,3552.4247920304606,3493.944584795584,3519.517333984375,2618493,0.0,0.0,3535.1557861328124,3768.3694140625,3583.321029551785,3727.6113196245346,38.75392198237933,-48.45767335868595,23.059526191834607,-71.51719955052056
2025-04-02 00:00:00+05:30,3512.7771469574404,3532.70016154505,3498.9500956939714,3512.7275390625,1764313,0.0,0.0,3537.678356933594,3757.786474609375,3576.597839981377,3719.1845047005336,38.14919276445636,-48.83089231724716,18.149045786618714,-66.97993810386588
2025-04-03 00:00:00+05:30,3460.2441023230576,3471.147191731695,3366.2296391263217,3373.16796875,4537821,0.0,0.0,3531.2901245117187,3745.2439501953127,3557.2235665307694,3705.615228780905,28.35510147868337,-59.699780103814646,5.824126400040996,-65.52390650385564
2025-04-04 00:00:00+05:30,3332.975429816177,3369.698823950673,3266.4664872326007,3270.33203125,5317367,0.0,0.0,3519.016711425781,3728.2509814453124,3529.900563170696,3688.5452994659677,23.556088325387364,-75.7383877131906,-8.171584967467965,-67.56680274572264
2025-04-07 00:00:00+05:30,3072.6889039036478,3262.402567174577,3029.1261531639934,3245.20556640625,6623955,0.0,0.0,3502.78349609375,3710.9765185546876,3502.786753955035,3671.159427581273,22.551767470400755,-89.4455232042178,-17.502976366796133,-71.94254683742167
2025-04-08 00:00:00+05:30,3272.958890370874,3319.495211086244,3226.62075925165,3263.93896484375,5557558,0.0,0.0,3487.011193847656,3693.9399462890624,3480.039345468246,3655.189997669998,25.115262514217598,-97.67100756594346,-20.582768582817422,-77.08823898312603
2025-04-09 00:00:00+05:30,3231.824365539661,3241.1910619537834,3183.751654070316,3217.997314453125,2990265,0.0,0.0,3470.009814453125,3677.7131787109374,3455.082961562044,3638.045186563454,23.09625796086096,-106.66727645525498,-23.663229977703153,-83.00404647755182
2025-04-11 00:00:00+05:30,3260.568897534981,3269.885986123682,3177.754930106955,3203.0302734375,7108961,0.0,0.0,3452.9712524414062,3661.6796875,3431.077943645421,3620.9857782055738,22.462715293592222,-113.69400576345151,-24.55196742871975,-89.14203833473177
2025-04-15 00:00:00+05:30,3285.199980380262,3285.199980380262,3210.0679733173506,3219.583251953125,3512160,0.0,0.0,3440.184912109375,3644.797744140625,3410.9355920556786,3605.2445026662617,24.91577345040829,-116.58315430551056,-21.95289277662303,-94.63026152888753
2025-04-16 00:00:00+05:30,3219.583203710541,3249.2199289296423,3200.5524047344097,3244.957763671875,2384391,0.0,0.0,3428.4269287109373,3628.4183349609375,3395.1281798286495,3591.1156109409917,28.64262706770855,-115.49397169502436,-16.69096813290946,-98.8030035621149
2025-04-17 00:00:00+05:30,3216.90697930344,3274.4952121330816,3189.649255707432,3269.83642578125,2932346,0.0,0.0,3418.574499511719,3612.2916748046873,3383.1956318241355,3578.5164272092375,32.19617228851068,-111.3398302599071,-10.02946135823376,-101.31036890167334
2025-04-21 00:00:00+05:30,3261.114186163003,3324.451127849391,3255.1670463994083,3292.336669921875,2432946,0.0,0.0,3409.8470825195313,3597.3931005859376,3374.5423973572533,3567.293691629341,35.33272400756426,-105.02143979941002,-2.968856718189329,-102.05258308122069
2025-04-22 00:00:00+05:30,3293.3279025458705,3304.528155653945,3265.970962483045,3285.199951171875,2710498,0.0,0.0,3400.7925537109377,3582.4410009765625,3366.033592958646,3556.231192003558,34.78310390299935,-99.44361925572275,2.0871710603983473,-101.5307903161211
2025-04-23 00:00:00+05:30,3335.354277518289,3390.7617005183133,3307.8983635128925,3382.931396484375,3543923,0.0,0.0,3393.351208496094,3568.6822998046873,3367.642907580144,3549.4351215910415,46.952541176381025,-86.14403066516115,12.309407720767965,-98.45343838592912
2025-04-24 00:00:00+05:30,3371.1362409617327,3382.435709613338,3357.854150417322,3371.6318359375,2252175,0.0,0.0,3384.603955078125,3555.0137890625,3368.02280551894,3542.462443722275,45.886420257283255,-75.64381616444189,18.247697777189785,-93.89151394163167
2025-04-25 00:00:00+05:30,3389.8697274688225,3447.160556640952,3375.001877786942,3417.623046875,2742991,0.0,0.0,3375.6361694335938,3542.430634765625,3372.7466380290407,3537.5667811008134,50.784719384254444,-62.88630004305833,24.804171118858676,-87.690471161917
2025-04-28 00:00:00+05:30,3404.7374830693248,3427.33666235926,3375.0017845272346,3413.16259765625,1593296,0.0,0.0,3365.0180419921876,3530.8158740234376,3376.595777041156,3532.6881856716145,50.30908429222962,-52.53026142360659,28.128167790648334,-80.65842921425492
2025-04-29 00:00:00+05:30,3424.5614018066053,3464.20900124865,3400.1780313538507,3441.9072265625,1578332,0.0,0.0,3356.9249755859373,3519.6263330078127,3382.8159150908077,3529.1281480594926,53.341799357274006,-41.52490166457892,31.30682203974081,-72.83172370431973
2025-04-30 00:00:00+05:30,3441.411529683795,3478.9775322470646,3336.345394272942,3423.272705078125,2809332,0.0,0.0,3347.1369750976564,3509.5191650390625,3386.6689427086476,3524.976954217086,51.161846792617446,-33.91576508672006,31.132766894079737,-65.0485319807998
2025-05-02 00:00:00+05:30,3441.411492868333,3460.7396968173343,3389.869615670996,3400.772705078125,1721761,0.0,0.0,3338.4566284179687,3499.2276416015625,3388.0121581724075,3520.1061993488916,48.580251856238725,-29.362558194246958,28.54877902924227,-57.91133722348923
2025-05-05 00:00:00+05:30,3419.605266533666,3473.6251178455746,3416.036885981391,3423.867431640625,1284443,0.0,0.0,3333.6741333007812,3490.1909619140624,3391.4269461217614,3516.3321300269986,51.29678203965366,-23.618300439382892,27.434429427285075,-51.05272986666797
2025-05-06 00:00:00+05:30,3429.517333984375,3442.40280373634,3406.719964423208,3429.517333984375,1324763,0.0,0.0,3329.513623046875,3480.7776318359374,3395.054602108677,3512.9276282214055,51.965359808608675,-18.397954712972933,26.123820122956033,-44.521774835928966
2025-05-07 00:00:00+05:30,3390.464381796455,3429.021573396319,3390.464381796455,3414.74853515625,1477128,0.0,0.0,3331.5926513671875,3471.6705810546873,3396.9302147798744,3509.0774677090462,50.03192126637411,-15.276414751641369,23.396288067430085,-38.67270281907145
2025-05-08 00:00:00+05:30,3417.6229184266326,3446.367426731265,3398.4929041569826,3418.514892578125,2543591,0.0,0.0,3339.0017944335937,3463.2593408203124,3398.9858983797076,3505.5259941745007,50.537344154218914,-12.356223423478696,21.053183516474206,-33.4094069399529
2025-05-09 00:00:00+05:30,3369.0547718623234,3415.838890934778,3368.162797668319,3409.990966796875,2531757,0.0,0.0,3347.241064453125,3456.4439208984377,3400.0340001337236,3501.7795225126333,49.32143598151763,-10.607483859195327,18.241538464606062,-28.84902232380139
2025-05-12 00:00:00+05:30,3474.1206857462844,3598.5150212844183,3471.3453055594405,3588.50390625,2228678,0.0,0.0,3363.4693115234377,3453.29193359375,3417.9835150019403,3505.1804787376286,67.14792705429817,5.123842694372797,27.17829201453935,-22.05444932016655
2025-05-13 00:00:00+05:30,3588.5040399950904,3591.081230691012,3479.5723600167807,3484.03271484375,3062887,0.0,0.0,3376.7710815429687,3447.9196826171874,3424.2739149868744,3504.3511546633586,54.962986431448726,9.05668050656277,24.88890386138346,-15.83222335482069
2025-05-14 00:00:00+05:30,3489.979877300192,3529.627476019876,3477.6892184929848,3517.435791015625,2119499,0.0,0.0,3392.491357421875,3445.4040380859374,3433.14647460866,3504.8642776575653,57.611564592388895,14.699386515504102,24.42528789625983,-9.725901380755731
2025-05-15 00:00:00+05:30,3532.601016280816,3568.283854829107,3483.1407340889405,3548.36083984375,3548330,0.0,0.0,3408.9302368164062,3444.41978515625,3444.119271297716,3506.5700251942785,59.95932213233214,21.419751112610356,24.91652199469287,-3.4967708820825134
2025-05-16 00:00:00+05:30,3562.2374517479043,3562.2374517479043,3514.858765899419,3529.9248046875,1666727,0.0,0.0,3423.1785888671875,3443.4038134765624,3452.2912268586474,3507.485898899895,57.900448910333814,24.9702134356271,22.773587454167693,2.19662598145941
2025-05-19 00:00:00+05:30,3518.7243950862435,3518.7243950862435,3472.832251056607,3487.79931640625,2537377,0.0,0.0,3434.0767333984377,3444.1085498046873,3455.672949672705,3506.713876057007,53.389280287680954,24.10691603737132,17.528232044729528,6.578683992641793
2025-05-20 00:00:00+05:30,3500.6848450385046,3526.6539743040653,3463.217815126027,3467.47998046875,2038374,0.0,0.0,3442.8338989257813,3444.212626953125,3456.797428796138,3505.175291916291,51.31255056606986,21.534905054693354,11.96497684964125,9.569928205052104
2025-05-21 00:00:00+05:30,3477.094319447804,3505.8388277898757,3467.479825400299,3494.737548828125,1440153,0.0,0.0,3453.3107788085936,3444.0887255859375,3460.4107735610887,3504.7659686579314,53.902919458239595,21.448777629073447,9.503079539217072,11.945698089856375
2025-05-22 00:00:00+05:30,3464.208850613743,3466.984230851952,3420.8938985047307,3446.367431640625,2034383,0.0,0.0,3456.4825805664063,3442.700068359375,3459.0733124258068,3502.4758299513705,48.92809654750606,17.27828351564949,4.266068340634492,13.012215175015
2025-05-23 00:00:00+05:30,3446.3673922439334,3503.856408277913,3435.067923819353,3483.63623046875,1274331,0.0,0.0,3462.082800292969,3440.9753955078127,3461.412637953706,3501.7370221285228,52.560999586497424,16.786908449932525,3.0197546199340195,13.767153829998506
2025-05-26 00:00:00+05:30,3489.9797860151243,3513.7683446247133,3479.1759124424952,3506.13623046875,967470,0.0,0.0,3466.5084594726563,3439.510419921875,3465.6720277170434,3501.9095401026493,54.6579802696857,18.005495980211435,3.3906737201703425,14.614822260041093
2025-05-27 00:00:00+05:30,3500.8828943507547,3508.812413930258,3452.4138027169333,3467.876220703125,2467680,0.0,0.0,3469.244140625,3437.7074462890623,3465.8819508585752,3500.5749001261975,50.56485611558863,15.702958411745385,0.8705089213634327,14.832449490381952
2025-05-28 00:00:00+05:30,3488.9885938576126,3497.909303330544,3462.226465438818,3466.885009765625,1222933,0.0,0.0,3470.493029785156,3436.1691162109373,3465.9774802782945,3499.253727955195,50.45942971754894,13.640953935320795,-0.9531964440489276,14.594150379369722
2025-05-29 00:00:00+05:30,3473.823446903422,3501.378576526404,3455.7838378087213,3467.28173828125,3188072,0.0,0.0,3472.6934814453125,3436.0085498046874,3466.101695326195,3497.9999244385695,50.50391163363944,11.901618754920037,-2.15402529955975,14.055644054479787
2025-05-30 00:00:00+05:30,3459.252956735212,3475.8057806517286,3422.678144045855,3432.88720703125,3404365,0.0,0.0,3474.299206542969,3435.0639453125,3462.9384107266765,3495.4464845402435,46.59760159417563,7.659537488169008,-5.116885253048624,12.776422741217631
2025-06-02 00:00:00+05:30,3419.605416159692,3429.517315916676,3388.482147718656,3419.4072265625,1877585,0.0,0.0,3474.0761962890624,3434.1143896484373,3458.7925836634213,3492.4645528548417,45.12448046262777,3.173355290350628,-7.6824539606936035,10.855809251044231
2025-06-03 00:00:00+05:30,3415.6405493121124,3442.898272790372,3370.541406829901,3375.199951171875,2848125,0.0,0.0,3471.3603271484376,3432.2806884765623,3450.8313805689886,3487.865941024137,40.59229502216715,-3.904129713920156,-11.80795117197151,7.903821458051355
2025-06-04 00:00:00+05:30,3389.0,3394.800048828125,3370.0,3380.89990234375,2544807,30.0,0.0,3469.6678955078123,3430.5728759765625,3444.171239785632,3483.6711944092203,41.40941413117605,-8.949979356388667,-13.483040651552017,4.533061295163351
2025-06-05 00:00:00+05:30,3409.0,3409.0,3363.699951171875,3371.10009765625,3584683,0.0,0.0,3467.297155761719,3427.3597119140627,3437.2120833923577,3479.2566415953784,40.381040192880214,-13.583037092864743,-14.492878710422474,0.9098416175577322
2025-06-06 00:00:00+05:30,3371.10009765625,3390.89990234375,3358.699951171875,3384.199951171875,2070390,0.0,0.0,3466.007604980469,3424.1121728515627,3432.163308895169,3475.528928245437,42.438895325927305,-16.013130627685314,-13.538377796194437,-2.474752831490877
2025-06-09 00:00:00+05:30,3400.0,3432.0,3390.89990234375,3429.0,1251445,0.0,0.0,3458.0324096679688,3420.75259765625,3431.8620413813433,3473.7042643926748,48.93098641569272,-14.160771175769696,-9.348814675423055,-4.811956500346641
